variable,domain,cntry,country_name,survey_mean,survey_sd,silicon_mean,silicon_sd,model
ppltrst,social_trust,AT,Austria,6.071829184018286,2.0976862462724717,6.723076923076923,1.2870293098622285,qwen
ppltrst,social_trust,BE,Belgium,5.458173187943939,2.195522494698598,6.870234604105572,1.063522644224044,qwen
ppltrst,social_trust,BG,Bulgaria,3.728913646176717,2.3711881162028385,6.428994082840236,1.409802568776174,qwen
ppltrst,social_trust,CH,Switzerland,5.855593288087151,2.1151913454264175,7.1899270072992705,0.972893207651634,qwen
ppltrst,social_trust,CY,Cyprus,4.092466358118389,2.456123517842882,6.977286135693216,1.172701691080236,qwen
ppltrst,social_trust,DE,Germany,5.213421360673227,2.329440069370058,6.8017621145374445,1.2647586874360397,qwen
ppltrst,social_trust,EE,Estonia,5.597881429421257,1.9956320359719784,7.01099706744868,1.0617274055480663,qwen
ppltrst,social_trust,ES,Spain,5.30377052791885,2.170845887878443,6.743465491923642,1.2389947428074504,qwen
ppltrst,social_trust,FI,Finland,6.920840954305089,1.8140828898597425,7.117836257309942,1.1204098795466233,qwen
ppltrst,social_trust,FR,France,4.472588263453334,2.150595521187708,6.755917159763314,1.237216907454102,qwen
ppltrst,social_trust,GB,United Kingdom,5.418093170478824,2.2752091003472237,6.701030927835052,1.265790691332219,qwen
ppltrst,social_trust,GR,Greece,4.5659732232376244,1.9203750141942668,6.745937961595273,1.290211973659346,qwen
ppltrst,social_trust,HR,Croatia,4.710634171131117,2.3881561272203213,6.90353982300885,1.0599263543051627,qwen
ppltrst,social_trust,HU,Hungary,4.5774672280159825,2.4378724365986537,6.511029411764706,1.3609682506946184,qwen
ppltrst,social_trust,IE,Ireland,5.414850386746617,2.381842777024013,6.965185185185185,1.1438986979773174,qwen
ppltrst,social_trust,IL,Israel,5.174017172464776,2.389764509965967,6.722986822840411,1.2725555066170653,qwen
ppltrst,social_trust,IS,Iceland,6.354200470157306,2.061858353889841,7.210850439882698,1.0470710892763384,qwen
ppltrst,social_trust,IT,Italy,4.498938379325662,2.3475202051401065,6.77330383480826,1.2713446744512609,qwen
ppltrst,social_trust,LT,Lithuania,5.1342718600800605,2.4545179848769294,6.681818181818182,1.2461126310894077,qwen
ppltrst,social_trust,LV,Latvia,3.853969529445196,2.5315340747124133,6.7739322533136965,1.1246425855604636,qwen
ppltrst,social_trust,ME,Montenegro,4.214523037104412,2.5013155012698616,7.041176470588235,1.0634142493494638,qwen
ppltrst,social_trust,NL,Netherlands,6.1705777782591795,1.958424103278812,7.159852941176472,0.9463782488145709,qwen
ppltrst,social_trust,NO,Norway,6.4876535997464035,1.9510974667031853,7.3398529411764715,0.9985925185510913,qwen
ppltrst,social_trust,PL,Poland,4.5337215889785645,2.3334421200904445,6.759050445103858,1.2263512075368712,qwen
ppltrst,social_trust,PT,Portugal,4.15405019735004,2.4020558131627445,6.900147492625369,1.230718338864357,qwen
ppltrst,social_trust,RS,Serbia,4.4015442985461535,2.769641531820987,6.605029585798817,1.2587724175256556,qwen
ppltrst,social_trust,SE,Sweden,6.173553003500404,2.0369372146641576,7.150369276218612,1.1064846566428357,qwen
ppltrst,social_trust,SI,Slovenia,4.671985358795646,2.386686330953043,6.839941262848752,1.2178534621900956,qwen
ppltrst,social_trust,SK,Slovakia,4.032077870148862,2.846323197813735,6.695588235294117,1.2153817589098672,qwen
ppltrst,social_trust,UA,Ukraine,3.823509033700963,2.792401452672258,5.703513909224012,1.75943687947899,qwen
pplfair,social_trust,AT,Austria,6.356658702906922,2.007590140567435,7.046052631578948,0.8532938008385116,qwen
pplfair,social_trust,BE,Belgium,5.898274055320637,2.038526524185433,7.108467153284672,0.7454843499039263,qwen
pplfair,social_trust,BG,Bulgaria,4.28774413732007,2.2021907496756565,6.958394160583942,0.8429829325242919,qwen
pplfair,social_trust,CH,Switzerland,6.400660288273514,1.8848948256164268,7.319416058394161,0.7320480826802199,qwen
pplfair,social_trust,CY,Cyprus,4.423461465515083,2.2078122491415186,7.193713450292398,0.8776407278596601,qwen
pplfair,social_trust,DE,Germany,6.186403696050097,1.9898562079629318,7.016228070175439,0.9202058051849727,qwen
pplfair,social_trust,EE,Estonia,6.111731028208338,2.0677934266941755,7.116496350364963,0.8585173463465305,qwen
pplfair,social_trust,ES,Spain,5.541573467263106,2.1802436948843513,7.139327485380117,0.7896772610613139,qwen
pplfair,social_trust,FI,Finland,7.084249691343838,1.7336838763693212,7.196058394160584,0.819052509994931,qwen
pplfair,social_trust,FR,France,6.088517879920214,1.9971480895774854,7.099415204678363,0.8350307646219459,qwen
pplfair,social_trust,GB,United Kingdom,5.981753215098941,2.1060601678344897,7.0173976608187125,0.9013272853460655,qwen
pplfair,social_trust,GR,Greece,4.935914237527794,2.005204614994723,7.067057101024891,0.8269372392234235,qwen
pplfair,social_trust,HR,Croatia,5.182213320213709,2.439485398002121,7.1522693997071745,0.7983340263573648,qwen
pplfair,social_trust,HU,Hungary,5.124484568640466,2.073835982532519,6.970802919708029,0.9140041543360236,qwen
pplfair,social_trust,IE,Ireland,6.168494894931351,2.106787750467679,7.25921052631579,0.7387338042254684,qwen
pplfair,social_trust,IL,Israel,5.314318458840991,2.3022335286898072,7.0884333821376275,0.8040208920766482,qwen
pplfair,social_trust,IS,Iceland,6.576929478670769,1.9072991814569054,7.374816983894583,0.8489659503955772,qwen
pplfair,social_trust,IT,Italy,4.588315451551168,2.2539241028190062,7.13421052631579,0.8068334374150024,qwen
pplfair,social_trust,LT,Lithuania,5.4409183956236085,2.235114984941725,7.062773722627737,0.8118284268428444,qwen
pplfair,social_trust,LV,Latvia,5.663738367059401,2.247497646406504,7.1156661786237185,0.7916003055994305,qwen
pplfair,social_trust,ME,Montenegro,4.36938040692145,2.2653311034681702,7.195766423357664,0.7844222765419709,qwen
pplfair,social_trust,NL,Netherlands,6.542182923142853,1.634480715869356,7.267251461988304,0.810876315685075,qwen
pplfair,social_trust,NO,Norway,6.757639034501647,1.8971193298633304,7.3443795620437955,0.7771695357519989,qwen
pplfair,social_trust,PL,Poland,5.225422873831028,2.2838780429825127,6.964076246334311,0.908331374287066,qwen
pplfair,social_trust,PT,Portugal,5.2347667924699675,2.2103944076408926,7.142335766423358,0.8319042683250815,qwen
pplfair,social_trust,RS,Serbia,4.739201854594089,2.8499587721633626,6.947445255474452,0.8918966166824115,qwen
pplfair,social_trust,SE,Sweden,6.592569867878159,1.8020303379041651,7.304538799414348,0.7848977086740928,qwen
pplfair,social_trust,SI,Slovenia,5.418600199352892,2.258280124051613,7.161459854014599,0.8070617962111002,qwen
pplfair,social_trust,SK,Slovakia,4.8643116719235655,2.5431197557800247,6.979708029197081,0.9014672426007622,qwen
pplfair,social_trust,UA,Ukraine,4.693212458739193,2.43492351369049,6.837719298245614,1.112939233116942,qwen
pplhlp,social_trust,AT,Austria,6.318627057316925,2.061005753294836,6.418035190615837,1.4543207017730362,qwen
pplhlp,social_trust,BE,Belgium,5.060544624005849,2.1956473479694956,6.626169590643274,1.319413310947759,qwen
pplhlp,social_trust,BG,Bulgaria,3.550500715225844,2.3080899941553548,6.435147058823529,1.46767325366379,qwen
pplhlp,social_trust,CH,Switzerland,5.8985149650676005,1.884854676878496,6.7727272727272725,1.300216138856392,qwen
pplhlp,social_trust,CY,Cyprus,4.108040391083219,2.1954327810505894,6.632111436950147,1.4022568130156257,qwen
pplhlp,social_trust,DE,Germany,5.359509661907016,2.0965802980361574,6.547058823529412,1.4521803817161707,qwen
pplhlp,social_trust,EE,Estonia,5.026836971472983,2.0167271854085875,6.619823788546256,1.298586549956294,qwen
pplhlp,social_trust,ES,Spain,4.799287732107402,2.2984435948613826,6.610588235294117,1.358410101547062,qwen
pplhlp,social_trust,FI,Finland,6.367163416606128,1.957104421735069,6.467789165446559,1.4898440950731644,qwen
pplhlp,social_trust,FR,France,4.606344443975376,2.24002307315973,6.4706489675516226,1.3971620922587054,qwen
pplhlp,social_trust,GB,United Kingdom,5.990719000699621,1.942504544742161,6.370321637426901,1.5300731229905475,qwen
pplhlp,social_trust,GR,Greece,4.337120313457906,1.9778120001939348,6.531811487481591,1.4195707896922538,qwen
pplhlp,social_trust,HR,Croatia,4.343355311541862,2.4112502202938684,6.739473684210527,1.1786995654046408,qwen
pplhlp,social_trust,HU,Hungary,4.605214910806596,2.2470109750370364,6.2949926362297495,1.5008370206263464,qwen
pplhlp,social_trust,IE,Ireland,5.939084968682108,2.240485078040839,6.726900584795323,1.3325220361873897,qwen
pplhlp,social_trust,IL,Israel,5.100096960518647,2.336648940608769,6.752871870397644,1.3556893661897216,qwen
pplhlp,social_trust,IS,Iceland,6.299077774742755,1.791363854697011,6.99261447562777,1.249948562479033,qwen
pplhlp,social_trust,IT,Italy,4.184164039738798,2.273457502775936,6.435302806499261,1.5238858879826613,qwen
pplhlp,social_trust,LT,Lithuania,5.032521343524122,2.3988190229998003,6.463636363636363,1.378968405960617,qwen
pplhlp,social_trust,LV,Latvia,4.838484340024971,2.2962432351850475,6.483724340175953,1.3878481109663983,qwen
pplhlp,social_trust,ME,Montenegro,4.194717188555699,2.2559179621884984,6.968537666174298,1.085501446779698,qwen
pplhlp,social_trust,NL,Netherlands,5.65817291172352,1.7643307067812635,6.8054093567251455,1.249638299282575,qwen
pplhlp,social_trust,NO,Norway,6.003298800640809,1.9932155036957901,6.888450292397662,1.2469575021494619,qwen
pplhlp,social_trust,PL,Poland,4.546993964205541,2.4182053882140755,6.4614705882352945,1.4212932200625683,qwen
pplhlp,social_trust,PT,Portugal,4.213744814045952,2.1791089434587874,6.53958944281525,1.4338221437329712,qwen
pplhlp,social_trust,RS,Serbia,3.72835672703553,2.720929475579113,6.5975,1.2826161535506415,qwen
pplhlp,social_trust,SE,Sweden,5.946359746894595,1.936482154823752,6.474231332357247,1.4742991134860122,qwen
pplhlp,social_trust,SI,Slovenia,5.349566794505421,2.236529461060724,6.6788235294117655,1.281587667569591,qwen
pplhlp,social_trust,SK,Slovakia,4.195429337358618,2.5609256122451742,6.463165680473374,1.4078156578840102,qwen
pplhlp,social_trust,UA,Ukraine,4.165704117573958,2.6358905892713516,5.941323529411766,1.7586264592869536,qwen
sclmeet,social_trust,AT,Austria,4.97855907049627,1.1862131472556947,3.651315789473684,0.7077161169429318,qwen
sclmeet,social_trust,BE,Belgium,5.115008561601236,1.4064923799551072,3.6685672514619885,0.7822651682267583,qwen
sclmeet,social_trust,BG,Bulgaria,4.99618382149749,1.6848498871293636,3.565982404692082,0.8033801496727365,qwen
sclmeet,social_trust,CH,Switzerland,5.120404033218849,1.3015620048223844,3.7431286549707603,0.6725725884922463,qwen
sclmeet,social_trust,CY,Cyprus,4.063565729120625,1.6808260299062987,3.662280701754386,0.7127646482431339,qwen
sclmeet,social_trust,DE,Germany,4.750274005473209,1.4910419350395807,3.6882352941176473,0.6991535828976051,qwen
sclmeet,social_trust,EE,Estonia,4.268464111365069,1.5064569734447395,3.6603221083455346,0.6989673249258677,qwen
sclmeet,social_trust,ES,Spain,5.250413100298126,1.4669300296384136,3.7719298245614037,0.7264315927217202,qwen
sclmeet,social_trust,FI,Finland,4.91015506669888,1.3723429550400144,3.6530014641288435,0.6943016354545917,qwen
sclmeet,social_trust,FR,France,5.227998279869101,1.4417715646805522,3.6730205278592374,0.7703038072897762,qwen
sclmeet,social_trust,GB,United Kingdom,4.825888880970069,1.545839796639787,3.7159590043923867,0.7609378829181818,qwen
sclmeet,social_trust,GR,Greece,4.23068100764633,1.5663897051020776,3.6749633967789164,0.744325428312791,qwen
sclmeet,social_trust,HR,Croatia,5.355922756611965,1.5433309288591155,3.678623718887262,0.7900665422583849,qwen
sclmeet,social_trust,HU,Hungary,3.4073398053512745,1.5184246921707605,3.6534508076358296,0.6840777288588412,qwen
sclmeet,social_trust,IE,Ireland,4.3086014206280145,1.5764076371688671,3.65592972181552,0.6936489057425947,qwen
sclmeet,social_trust,IL,Israel,5.37946729389215,1.566948729077005,3.7569546120058566,0.7342225780542251,qwen
sclmeet,social_trust,IS,Iceland,5.278807458651748,1.4394663497959697,3.739385065885798,0.7654666620724818,qwen
sclmeet,social_trust,IT,Italy,4.706546679320957,1.5752412935391051,3.7441176470588236,0.7593079464666208,qwen
sclmeet,social_trust,LT,Lithuania,4.364283230788744,1.5622693395152705,3.6449487554904834,0.7195938831088591,qwen
sclmeet,social_trust,LV,Latvia,4.3429616960030435,1.6424937139788904,3.65592972181552,0.6915318164179078,qwen
sclmeet,social_trust,ME,Montenegro,4.834985214387212,1.6015829359800529,3.745614035087719,0.6777544981364291,qwen
sclmeet,social_trust,NL,Netherlands,5.398005102386256,1.2576971589608217,3.741228070175439,0.6529551793266115,qwen
sclmeet,social_trust,NO,Norway,5.688076208039842,1.3525075883274424,3.7404692082111435,0.7138889068315668,qwen
sclmeet,social_trust,PL,Poland,3.896722824683607,1.4430229733040592,3.6505139500734214,0.7542256645818497,qwen
sclmeet,social_trust,PT,Portugal,5.685409759425016,1.576563523208556,3.6542397660818713,0.785555640450488,qwen
sclmeet,social_trust,RS,Serbia,5.185660516605247,1.5942757921749648,3.6608187134502925,0.760779000392663,qwen
sclmeet,social_trust,SE,Sweden,5.514484949240079,1.3608053671737674,3.6759530791788855,0.726451790124598,qwen
sclmeet,social_trust,SI,Slovenia,4.631734240685188,1.4881140484001878,3.6901470588235297,0.7537866952105627,qwen
sclmeet,social_trust,SK,Slovakia,4.72857259415562,1.5838908117692216,3.6055718475073313,0.7054422665625936,qwen
sclmeet,social_trust,UA,Ukraine,4.403961647625363,1.7492302415514074,3.518355359765051,0.8242827167077704,qwen
inprdsc,social_trust,AT,Austria,3.118780630553028,1.1742953866443435,2.9809384164222874,0.5795742518284527,qwen
inprdsc,social_trust,BE,Belgium,3.249005581858395,1.392119874792085,2.9882869692532945,0.614948553929116,qwen
inprdsc,social_trust,BG,Bulgaria,2.077287035540825,1.2654833628886588,3.0116959064327484,0.5463929808565793,qwen
inprdsc,social_trust,CH,Switzerland,3.5672430918798415,1.2546165765107025,3.026315789473684,0.5538713951683725,qwen
inprdsc,social_trust,CY,Cyprus,2.429658750415173,1.2914148054142078,3.0423357664233577,0.6091076096048562,qwen
inprdsc,social_trust,DE,Germany,3.508134966369809,1.1978906541310246,2.998535871156662,0.5614687168896272,qwen
inprdsc,social_trust,EE,Estonia,2.5808046896837573,1.3664122962604637,3.0248538011695905,0.5734198931929335,qwen
inprdsc,social_trust,ES,Spain,2.889223323462987,1.3851422121984767,3.0248538011695905,0.5885404999058721,qwen
inprdsc,social_trust,FI,Finland,3.2591695206650804,1.2740084057461003,3.017543859649123,0.5620885984520814,qwen
inprdsc,social_trust,FR,France,2.834623969006955,1.4605348263872133,3.0423976608187133,0.5646627517255951,qwen
inprdsc,social_trust,GB,United Kingdom,3.16034956015881,1.3832269727107982,3.0058394160583943,0.5798475328132389,qwen
inprdsc,social_trust,GR,Greece,2.3001774709007434,1.208559756779504,3.0234260614934114,0.5777207503798953,qwen
inprdsc,social_trust,HR,Croatia,2.2941152783671246,1.422859648476235,3.048175182481752,0.5841600895318882,qwen
inprdsc,social_trust,HU,Hungary,2.598329752384808,1.230743088053047,2.973722627737226,0.5966855423105554,qwen
inprdsc,social_trust,IE,Ireland,2.7380058098736266,1.332686531536047,3.029325513196481,0.602751266433007,qwen
inprdsc,social_trust,IL,Israel,2.4812293357499633,1.4132878598805871,3.0058479532163744,0.6193282718612946,qwen
inprdsc,social_trust,IS,Iceland,3.671481858006674,1.317456305642698,3.0995607613469986,0.6020856568336563,qwen
inprdsc,social_trust,IT,Italy,2.183433433926192,1.2779320478931364,3.01021897810219,0.5785246247586792,qwen
inprdsc,social_trust,LT,Lithuania,2.1369766166296262,1.3544109428510231,2.9824046920821115,0.6176418328079306,qwen
inprdsc,social_trust,LV,Latvia,1.8116237136593292,1.2881659791877138,2.986784140969163,0.6122296009004379,qwen
inprdsc,social_trust,ME,Montenegro,2.1663481487525504,1.1666499399605834,3.100729927007299,0.5620160491721223,qwen
inprdsc,social_trust,NL,Netherlands,3.7088828570517682,1.283208311296253,3.048175182481752,0.6038500004698193,qwen
inprdsc,social_trust,NO,Norway,3.227762827620148,1.4498231395247019,3.043859649122807,0.6009804221667252,qwen
inprdsc,social_trust,PL,Poland,3.1281270388376403,1.4096043170643204,2.986822840409956,0.5742282919928781,qwen
inprdsc,social_trust,PT,Portugal,2.2558309190788615,1.3613593845490315,2.9854014598540144,0.6092057126211666,qwen
inprdsc,social_trust,RS,Serbia,2.567237857631098,1.4134188192546682,3.007320644216691,0.6349583734698419,qwen
inprdsc,social_trust,SE,Sweden,3.8066124907958425,1.2668089879502242,3.0234604105571847,0.6005682984498224,qwen
inprdsc,social_trust,SI,Slovenia,2.795537682887412,1.3412053782065898,2.9985401459854013,0.5935798573040149,qwen
inprdsc,social_trust,SK,Slovakia,1.9473222705088136,1.1682652569916379,3.0160818713450293,0.5863542213848877,qwen
inprdsc,social_trust,UA,Ukraine,2.211819332304769,1.3882518522667766,2.9297218155197657,0.6110260674073116,qwen
stfdem,political,AT,Austria,5.795551925183848,2.5244039995514704,6.918128654970761,0.8325508128903933,qwen
stfdem,political,BE,Belgium,5.182805903196197,2.3865646291443854,6.852122986822841,0.9013385465339306,qwen
stfdem,political,BG,Bulgaria,3.345957593389132,2.389999712039281,6.622254758418741,1.1336894637005424,qwen
stfdem,political,CH,Switzerland,7.56247036533076,1.683445748396554,7.168613138686132,0.7898989335767704,qwen
stfdem,political,CY,Cyprus,4.406779475086675,2.347149478693197,6.978801169590644,0.8775236494992873,qwen
stfdem,political,DE,Germany,5.545818977658347,2.7185355902907555,6.9620437956204375,0.7345017990556467,qwen
stfdem,political,EE,Estonia,5.22721288753493,2.5582260200437856,7.0321637426900585,0.8038090119929494,qwen
stfdem,political,ES,Spain,4.778082098901733,2.5349581336364486,6.906295754026354,0.8371881861498441,qwen
stfdem,political,FI,Finland,6.741465913056558,1.9636296674315314,7.106725146198831,0.7211600630214143,qwen
stfdem,political,FR,France,4.305012268811358,2.514246595893705,6.742313323572475,0.9570292078181019,qwen
stfdem,political,GB,United Kingdom,4.494947856238885,2.617061205631026,6.8391812865497075,0.8811595095606234,qwen
stfdem,political,GR,Greece,4.182779495226115,2.157520501595945,6.815789473684211,0.9850934907317207,qwen
stfdem,political,HR,Croatia,4.472592596383696,2.5378221319688405,6.921052631578948,0.9617401582161965,qwen
stfdem,political,HU,Hungary,4.382887230671318,2.6638131065423503,6.526392961876833,1.1093150687304787,qwen
stfdem,political,IE,Ireland,5.78448915317907,2.27866079594196,7.004379562043796,0.8660143136198989,qwen
stfdem,political,IL,Israel,4.252040313322515,2.747872552070624,6.797653958944282,1.0382382615351744,qwen
stfdem,political,IS,Iceland,5.8824026600111425,2.272405652680811,7.2030791788856305,0.7693881980518855,qwen
stfdem,political,IT,Italy,5.130815160709393,2.0846916209904416,6.813138686131387,0.8254732399777257,qwen
stfdem,political,LT,Lithuania,4.574857355022262,2.410861600256052,6.820851688693098,0.9518896886940194,qwen
stfdem,political,LV,Latvia,4.246869083229774,2.4390267760652473,6.951541850220265,0.8413931733399328,qwen
stfdem,political,ME,Montenegro,4.176534491636248,2.5802896568015807,7.124087591240876,0.8133144184100948,qwen
stfdem,political,NL,Netherlands,5.936205591465354,2.078408741443333,7.027086383601757,0.8619939561873223,qwen
stfdem,political,NO,Norway,7.2146975468472805,2.082614524813177,7.3255474452554745,0.6779774269000463,qwen
stfdem,political,PL,Poland,5.138550427476645,2.3767364162321356,6.748901903367496,0.9589726574890555,qwen
stfdem,political,PT,Portugal,4.685337986277323,2.3915689544469387,6.926793557833089,0.941344017858741,qwen
stfdem,political,RS,Serbia,3.8520056691404525,3.0167915835283035,6.713868613138686,1.0158957734326572,qwen
stfdem,political,SE,Sweden,6.567043743724975,2.175495957021821,7.184671532846715,0.8583005879419725,qwen
stfdem,political,SI,Slovenia,4.919733489476906,2.3452548113037253,6.9489051094890515,0.8543076938196618,qwen
stfdem,political,SK,Slovakia,4.9175346771760795,2.678245139306602,6.699853587115666,0.9698308234115713,qwen
stfdem,political,UA,Ukraine,2.92444960662641,2.63422996055466,5.636896046852123,1.4849934682061225,qwen
polintr,political,AT,Austria,2.4547384937785983,0.9451535772834191,2.883211678832117,0.4661916979940871,qwen
polintr,political,BE,Belgium,2.6600712960145447,0.9266514161485133,2.891970802919708,0.4326003237192001,qwen
polintr,political,BG,Bulgaria,2.9004839639486617,0.8905590486262941,2.8248175182481754,0.5366373836810173,qwen
polintr,political,CH,Switzerland,2.4221674153798274,0.9169166691677192,2.9182481751824816,0.42478391102720875,qwen
polintr,political,CY,Cyprus,2.9759581549872625,0.9464163962391792,2.8525547445255475,0.49869424412012053,qwen
polintr,political,DE,Germany,2.335726481029816,0.9106218676205067,2.9226277372262772,0.40627258384909043,qwen
polintr,political,EE,Estonia,2.6443262976892985,0.850185551151809,2.8905109489051095,0.4536858813104217,qwen
polintr,political,ES,Spain,2.7485941425241296,1.0134610620130429,2.9204379562043794,0.44081574536787804,qwen
polintr,political,FI,Finland,2.2407843653101502,0.7790287075638991,2.9036496350364964,0.43535438933860204,qwen
polintr,political,FR,France,2.658759358424714,0.9653820372660329,2.8934306569343065,0.4732932370529553,qwen
polintr,political,GB,United Kingdom,2.5110910387053975,0.9914488060551393,2.8554744525547444,0.4906910790833555,qwen
polintr,political,GR,Greece,2.9002046633846286,0.9639196736010638,2.85985401459854,0.5022551269775488,qwen
polintr,political,HR,Croatia,3.0240396648267,0.9305850782478338,2.85985401459854,0.5137665997395922,qwen
polintr,political,HU,Hungary,2.7535411258208278,0.9198558225391383,2.8233576642335767,0.5237436615930198,qwen
polintr,political,IE,Ireland,2.6359165070327637,0.9657476643159857,2.9182481751824816,0.3999669171447329,qwen
polintr,political,IL,Israel,2.447442839207694,1.0230894939105857,2.9547445255474454,0.4485145728560944,qwen
polintr,political,IS,Iceland,2.405532385956208,0.9176495535120655,2.9094890510948903,0.4812087624435582,qwen
polintr,political,IT,Italy,3.00708233065885,0.8432736383469229,2.856934306569343,0.5270179292252279,qwen
polintr,political,LT,Lithuania,2.7693064441571806,0.7601246187742123,2.858394160583942,0.48555784759147314,qwen
polintr,political,LV,Latvia,2.9474422149150334,0.8112785985044871,2.8744525547445257,0.48546553245196833,qwen
polintr,political,ME,Montenegro,2.956087586463116,0.846965603333293,2.8773722627737226,0.4678232379628651,qwen
polintr,political,NL,Netherlands,2.3430692690137467,0.8498537288249974,2.899270072992701,0.4557136217232457,qwen
polintr,political,NO,Norway,2.514350938533622,0.7965049246631382,2.9284671532846716,0.42833638901044835,qwen
polintr,political,PL,Poland,2.5559100924678884,0.8306258933227216,2.8934306569343065,0.47329323705295523,qwen
polintr,political,PT,Portugal,2.8194495263177086,1.0126034640312167,2.858394160583942,0.517619711803678,qwen
polintr,political,RS,Serbia,3.0522158755558984,0.8908439581576322,2.8,0.5768435992638696,qwen
polintr,political,SE,Sweden,2.1705131773500685,0.8234276538579621,2.913868613138686,0.46187744281999665,qwen
polintr,political,SI,Slovenia,2.7169428484465956,0.8737747745474248,2.889051094890511,0.45171519000645904,qwen
polintr,political,SK,Slovakia,2.779801422127224,0.8472630479734179,2.854014598540146,0.5121355641271957,qwen
polintr,political,UA,Ukraine,2.7396657538670346,0.9256292617482332,2.891970802919708,0.5129974969674045,qwen
psppipla,political,AT,Austria,2.3485664758821696,0.8566886458081991,3.5581021897810223,0.5198227498834265,qwen
psppipla,political,BE,Belgium,2.13617152706481,0.9075557836275948,3.605109489051095,0.5520193084865691,qwen
psppipla,political,BG,Bulgaria,1.6942362499739123,0.87775771429061,3.3824817518248174,0.5040621263544771,qwen
psppipla,political,CH,Switzerland,2.925982779006587,0.9852906409289107,3.608029197080292,0.5353113531023971,qwen
psppipla,political,CY,Cyprus,1.8534503490367205,1.0127843077196175,3.524087591240876,0.5282274158379832,qwen
psppipla,political,DE,Germany,2.487903050233573,0.9385560771030744,3.6233576642335765,0.5309517513297703,qwen
psppipla,political,EE,Estonia,2.1195243542575155,0.8833491059661029,3.538686131386861,0.5189744969990824,qwen
psppipla,political,ES,Spain,1.854915319379539,0.8454162917878774,3.5343065693430655,0.5467123906054956,qwen
psppipla,political,FI,Finland,2.719963352443456,0.8283100335192526,3.5839416058394162,0.5078669958503168,qwen
psppipla,political,FR,France,2.040170208005676,0.9328773538672157,3.5182481751824817,0.5366970376747557,qwen
psppipla,political,GB,United Kingdom,2.0858582660203373,0.8307741434463174,3.5197080291970804,0.5527495620722916,qwen
psppipla,political,GR,Greece,2.0439646230330513,0.976032462119943,3.5343065693430655,0.5386302147271489,qwen
psppipla,political,HR,Croatia,1.646717445797756,0.7626765159029129,3.4956204379562044,0.5434173615384821,qwen
psppipla,political,HU,Hungary,1.8850817858135287,0.8625218071784286,3.4364963503649637,0.5304852562299013,qwen
psppipla,political,IE,Ireland,2.1853015288609527,0.9155474991392569,3.562043795620438,0.5081400821706346,qwen
psppipla,political,IL,Israel,2.0573491368573285,1.018262378135492,3.564963503649635,0.5219720871628867,qwen
psppipla,political,IS,Iceland,2.641453267592207,0.8256936225348067,3.6014598540145983,0.5132720118106634,qwen
psppipla,political,IT,Italy,1.7604583386620682,0.7721640887631731,3.5605839416058394,0.5168728598509724,qwen
psppipla,political,LT,Lithuania,2.0074403120569206,0.932473464394509,3.4656934306569345,0.5359090702804231,qwen
psppipla,political,LV,Latvia,1.8076589637221125,0.9176440352175285,3.4364963503649637,0.5359688053363537,qwen
psppipla,political,ME,Montenegro,2.1042526405745456,0.8978556808468559,3.5343065693430655,0.5386302147271489,qwen
psppipla,political,NL,Netherlands,2.4346389167639173,0.9230480100889776,3.5941605839416058,0.5476913833246598,qwen
psppipla,political,NO,Norway,2.9425643516761286,0.914134339029534,3.68029197080292,0.5086732277603335,qwen
psppipla,political,PL,Poland,2.1159541509433017,0.8349147296022332,3.4835766423357666,0.5034642231728342,qwen
psppipla,political,PT,Portugal,1.8339098330735701,0.9171098485792573,3.524087591240876,0.5113514869380462,qwen
psppipla,political,RS,Serbia,1.9334856238883207,1.0320658031992804,3.4014598540145986,0.5166787493578484,qwen
psppipla,political,SE,Sweden,2.827382571754578,0.8860823668252509,3.653284671532847,0.49230943635516844,qwen
psppipla,political,SI,Slovenia,2.1128622969847135,0.8172903125787805,3.575182481751825,0.5398967063187475,qwen
psppipla,political,SK,Slovakia,1.9541371691670721,0.8752626607263215,3.4,0.5493217508572843,qwen
psppipla,political,UA,Ukraine,1.6709499625586026,0.956887839658614,3.242335766423358,0.46793727833205473,qwen
psppsgva,political,AT,Austria,2.3193966188741926,0.8703880846344457,3.712700729927007,0.490404272376336,qwen
psppsgva,political,BE,Belgium,2.1530505361912753,0.877857985500819,3.7405109489051096,0.49254429724479326,qwen
psppsgva,political,BG,Bulgaria,2.0502500126245597,1.1437354898071712,3.581021897810219,0.5225237965306819,qwen
psppsgva,political,CH,Switzerland,3.209170347803247,0.9722550592682613,3.771897810218978,0.45188289128569387,qwen
psppsgva,political,CY,Cyprus,1.85783217801057,0.9686134761632819,3.728759124087591,0.4980127838014211,qwen
psppsgva,political,DE,Germany,2.493363160809412,0.9732761550528409,3.7889051094890513,0.47841673402169327,qwen
psppsgva,political,EE,Estonia,2.222444075016699,0.941670031874551,3.77007299270073,0.4956484563933342,qwen
psppsgva,political,ES,Spain,2.079969878203989,0.9585821864542219,3.682116788321168,0.5391723008151275,qwen
psppsgva,political,FI,Finland,2.463346166400832,0.8097329921150951,3.7347445255474456,0.48348920700710063,qwen
psppsgva,political,FR,France,2.1188535078790895,0.8996060982621074,3.6934306569343067,0.489092186200759,qwen
psppsgva,political,GB,United Kingdom,2.1788336277011933,0.8723528492925318,3.667153284671533,0.5102902351900113,qwen
psppsgva,political,GR,Greece,2.037766829714706,1.0304042697617966,3.6875912408759124,0.5258584259415189,qwen
psppsgva,political,HR,Croatia,1.6457884669787406,0.7858366327570453,3.694890510948905,0.5396990129176902,qwen
psppsgva,political,HU,Hungary,2.0079709396734056,0.9855327170227215,3.623722627737226,0.5173552390959093,qwen
psppsgva,political,IE,Ireland,2.272287546382416,0.9500184958503455,3.7357664233576644,0.506065147650263,qwen
psppsgva,political,IL,Israel,1.962432274318939,1.026544621885484,3.7489051094890513,0.48185144703115573,qwen
psppsgva,political,IS,Iceland,2.5959422073897698,0.8513607807991915,3.7605839416058395,0.49961354425335597,qwen
psppsgva,political,IT,Italy,1.733402885908017,0.7654992145531224,3.7083211678832115,0.5154946658323032,qwen
psppsgva,political,LT,Lithuania,2.2035638846258188,0.9667174956064883,3.641605839416058,0.5356640869060937,qwen
psppsgva,political,LV,Latvia,1.8709990652235167,0.9648869301716746,3.675912408759124,0.5380989859053327,qwen
psppsgva,political,ME,Montenegro,2.1775768149696137,0.8816083473708743,3.7007299270072993,0.5009488584928476,qwen
psppsgva,political,NL,Netherlands,2.520502740655418,0.9263930468303992,3.7927007299270072,0.47536305554332875,qwen
psppsgva,political,NO,Norway,2.8546836195152268,0.8551573318979147,3.8145985401459854,0.4539527737090056,qwen
psppsgva,political,PL,Poland,2.259208424818116,0.9025109685040982,3.6875912408759124,0.5031255025023029,qwen
psppsgva,political,PT,Portugal,2.0314592692315667,0.9777170630242956,3.7094890510948906,0.547706970636708,qwen
psppsgva,political,RS,Serbia,1.8554453058006242,1.0459064012863455,3.6102189781021896,0.550024543781559,qwen
psppsgva,political,SE,Sweden,2.688588773731168,0.8934600691065927,3.791532846715328,0.48856947543409696,qwen
psppsgva,political,SI,Slovenia,2.138670135863047,0.8468801031590536,3.708029197080292,0.5455908319165841,qwen
psppsgva,political,SK,Slovakia,2.02825644229242,0.9418627230925746,3.6087591240875914,0.5476524131035844,qwen
psppsgva,political,UA,Ukraine,1.7997523689337624,1.0063426365249366,3.4364963503649637,0.5520927638928091,qwen
vote,political,AT,Austria,1.4202873512065668,0.6806730157849747,2.1474452554744525,0.6422138578207558,qwen
vote,political,BE,Belgium,1.413311668096829,0.7089552675012378,2.164963503649635,0.6263688216321537,qwen
vote,political,BG,Bulgaria,1.4058867101339767,0.5828174405368405,2.124087591240876,0.6887276967494296,qwen
vote,political,CH,Switzerland,1.6999926450149614,0.8052753904767375,2.1605839416058394,0.6309926348994152,qwen
vote,political,CY,Cyprus,1.4236270426582018,0.6575703228270299,2.1693430656934307,0.6424962788928607,qwen
vote,political,DE,Germany,1.4305384836356427,0.7306502543828278,2.12992700729927,0.670424165671061,qwen
vote,political,EE,Estonia,1.4174322919734064,0.6684332691569346,2.1766423357664233,0.6484645352432316,qwen
vote,political,ES,Spain,1.4089006433180842,0.6866424014985538,2.14014598540146,0.6951649909352581,qwen
vote,political,FI,Finland,1.2529287707994166,0.5442255754737033,2.1708029197080294,0.6386847532441576,qwen
vote,political,FR,France,1.554019677771938,0.6616693323123516,2.1386861313868613,0.6795087853399424,qwen
vote,political,GB,United Kingdom,1.4672826493792912,0.6932364331852772,2.1766423357664233,0.6771395346416078,qwen
vote,political,GR,Greece,1.232173417380769,0.4933527832093489,2.1710526315789473,0.7086444301705939,qwen
vote,political,HR,Croatia,1.3539780715927674,0.5915865530678587,2.1664233576642338,0.6699783286473755,qwen
vote,political,HU,Hungary,1.2924385527277875,0.5615534844061386,2.1372262773722626,0.6478718308817035,qwen
vote,political,IE,Ireland,1.4484250557271259,0.7020988432406423,2.0846715328467154,0.6851484782682012,qwen
vote,political,IL,Israel,1.2961812404391788,0.5421408039889731,2.2017543859649122,0.6450145500269544,qwen
vote,political,IS,Iceland,1.4089402091609768,0.7380294053147957,2.191240875912409,0.6397498657478389,qwen
vote,political,IT,Italy,1.4355640139885806,0.6264534338962391,2.156204379562044,0.6603717402803577,qwen
vote,political,LT,Lithuania,1.4429952465372058,0.5931433860880534,2.1474452554744525,0.6376446392471622,qwen
vote,political,LV,Latvia,1.4710760530067304,0.6572433744685899,2.2093704245973647,0.6577532509414248,qwen
vote,political,ME,Montenegro,1.198507287997163,0.4255208007070601,2.176900584795322,0.6305950491537553,qwen
vote,political,NL,Netherlands,1.3596921163576228,0.675726359077966,2.1605839416058394,0.6424730253779082,qwen
vote,political,NO,Norway,1.4074217859684182,0.740602560367155,2.124087591240876,0.6471400812144297,qwen
vote,political,PL,Poland,1.1775046661209774,0.4509355592446268,2.1284671532846717,0.633719746513607,qwen
vote,political,PT,Portugal,1.3813554891435997,0.6147119517505549,2.0964912280701755,0.6667501424710505,qwen
vote,political,RS,Serbia,1.2796658373067689,0.515551203038103,2.145985401459854,0.6593917317702142,qwen
vote,political,SE,Sweden,1.2362824552327312,0.6038970756726667,2.1372262773722626,0.6456112860242017,qwen
vote,political,SI,Slovenia,1.3025095754173568,0.587194935817487,2.1357664233576643,0.6582514079912194,qwen
vote,political,SK,Slovakia,1.3356493718574676,0.5944632166755749,2.116788321167883,0.6405600326425003,qwen
vote,political,UA,Ukraine,1.3967110796934978,0.5634271961748842,2.1798245614035086,0.6659261639646414,qwen
actrolga,efficacy,AT,Austria,2.360062191223054,1.0669795296795501,3.2335766423357666,0.5023740964529871,qwen
actrolga,efficacy,BE,Belgium,2.115275861331064,1.0246591138385353,3.281751824817518,0.4905866785759949,qwen
actrolga,efficacy,BG,Bulgaria,1.9029019506952891,1.17280912478623,3.1386861313868613,0.5041129339472232,qwen
actrolga,efficacy,CH,Switzerland,2.338362606230354,1.110605461537031,3.343065693430657,0.5163688474469933,qwen
actrolga,efficacy,CY,Cyprus,2.0119500942718256,1.0928138722798841,3.216058394160584,0.4459423258546396,qwen
actrolga,efficacy,DE,Germany,2.1704045969903616,1.0348641553008593,3.2909356725146197,0.4734592815830276,qwen
actrolga,efficacy,EE,Estonia,2.0453270269830695,1.0188764821747993,3.283211678832117,0.46367609167614027,qwen
actrolga,efficacy,ES,Spain,1.8949374822903193,1.0498830321174317,3.2467153284671535,0.46720693896217147,qwen
actrolga,efficacy,FI,Finland,2.4156188644937275,1.0507217265960367,3.2656934306569343,0.4677365486865961,qwen
actrolga,efficacy,FR,France,2.075695473266248,1.094205195368371,3.2554744525547443,0.4528854385737135,qwen
actrolga,efficacy,GB,United Kingdom,2.2689636323061086,1.0995314617436351,3.183941605839416,0.4788255577073886,qwen
actrolga,efficacy,GR,Greece,2.185392249640713,1.0278805398620388,3.1605839416058394,0.4841580477889705,qwen
actrolga,efficacy,HR,Croatia,1.784089368311354,1.0468308823450982,3.2102189781021897,0.4678688574461438,qwen
actrolga,efficacy,HU,Hungary,1.9633041840322543,1.0113249410044443,3.1489051094890512,0.4439516839789811,qwen
actrolga,efficacy,IE,Ireland,2.3037648462898677,1.1069928781223484,3.2905109489051094,0.5031891294066732,qwen
actrolga,efficacy,IL,Israel,2.11740885990875,1.1727991176975374,3.334306569343066,0.5164597712808979,qwen
actrolga,efficacy,IS,Iceland,2.6080921197716784,1.087945761044902,3.3547445255474453,0.5309115523797253,qwen
actrolga,efficacy,IT,Italy,1.822327627454578,0.877476527617054,3.2145985401459853,0.49773465563969554,qwen
actrolga,efficacy,LT,Lithuania,1.963838594140131,0.9733989143686933,3.18978102189781,0.46410397093553885,qwen
actrolga,efficacy,LV,Latvia,1.5356942878819717,0.7097815735878821,3.2014598540145984,0.4261183087816411,qwen
actrolga,efficacy,ME,Montenegro,2.1225811349452295,0.9421551463710266,3.2014598540145984,0.474801497682698,qwen
actrolga,efficacy,NL,Netherlands,2.0780062524434406,1.0888467240634798,3.310948905109489,0.502577978604791,qwen
actrolga,efficacy,NO,Norway,2.6076304127676564,1.0947123476303535,3.367883211678832,0.5557953979228715,qwen
actrolga,efficacy,PL,Poland,2.090930901431472,1.0154541129838304,3.2072992700729928,0.47842868975812575,qwen
actrolga,efficacy,PT,Portugal,1.7593740788367676,1.018211503462485,3.1854014598540146,0.4705571144410443,qwen
actrolga,efficacy,RS,Serbia,1.9132144482547229,1.1688216569656082,3.1591240875912407,0.45508092341962675,qwen
actrolga,efficacy,SE,Sweden,2.6423151680584636,1.0918545427669148,3.335766423357664,0.5169265371185674,qwen
actrolga,efficacy,SI,Slovenia,1.9712686705573756,0.9928447281360491,3.243795620437956,0.49306021865544725,qwen
actrolga,efficacy,SK,Slovakia,1.868476483742559,0.9199427236111426,3.1605839416058394,0.4052574202187244,qwen
actrolga,efficacy,UA,Ukraine,1.748233991574511,1.0118794778870175,3.172514619883041,0.5042183328332632,qwen
cptppola,efficacy,AT,Austria,2.722022452632956,1.199636203824149,3.3007299270072994,0.5997680290327657,qwen
cptppola,efficacy,BE,Belgium,2.0443776544450745,1.0290845112164275,3.3036496350364963,0.5472430582330153,qwen
cptppola,efficacy,BG,Bulgaria,2.1144918277283926,1.121158813098891,3.2,0.48906163880405457,qwen
cptppola,efficacy,CH,Switzerland,2.7075158443151643,1.0614031466929674,3.3927007299270073,0.6157811371294964,qwen
cptppola,efficacy,CY,Cyprus,2.0561790016847135,1.0973285271190274,3.3474452554744527,0.6157152798523718,qwen
cptppola,efficacy,DE,Germany,2.5743790612120034,1.0734208741676388,3.3649635036496353,0.5417633167316956,qwen
cptppola,efficacy,EE,Estonia,1.877113993648144,0.9196848483145372,3.324087591240876,0.6070402680658014,qwen
cptppola,efficacy,ES,Spain,2.214110323875781,1.1775444561554924,3.343065693430657,0.5903457729525774,qwen
cptppola,efficacy,FI,Finland,2.2865465020469147,0.9576168280041062,3.370802919708029,0.5871629410050573,qwen
cptppola,efficacy,FR,France,2.180147948320813,0.9874977948773156,3.27007299270073,0.5501680981161522,qwen
cptppola,efficacy,GB,United Kingdom,2.3165698562125576,1.0783771745967745,3.2759124087591243,0.5364663388018255,qwen
cptppola,efficacy,GR,Greece,2.315689573550337,1.0390720058075422,3.3094890510948907,0.5412627659689798,qwen
cptppola,efficacy,HR,Croatia,1.8203510539105203,0.9374764043066067,3.3270072992700728,0.6006214678210074,qwen
cptppola,efficacy,HU,Hungary,1.9002890329608977,0.9599319264575873,3.2364963503649635,0.5182172420918476,qwen
cptppola,efficacy,IE,Ireland,2.249292472554973,1.1144628393846572,3.370802919708029,0.5921218392409476,qwen
cptppola,efficacy,IL,Israel,2.110375003285951,1.1794141012883828,3.411678832116788,0.5995936359563332,qwen
cptppola,efficacy,IS,Iceland,2.7486483449941344,1.0369140807170711,3.5153284671532847,0.6722236068631546,qwen
cptppola,efficacy,IT,Italy,2.0131524448099043,0.8602533569512344,3.2875912408759125,0.6073917557494548,qwen
cptppola,efficacy,LT,Lithuania,1.9640952699623115,0.9666747400226601,3.2744525547445256,0.5303685683433667,qwen
cptppola,efficacy,LV,Latvia,1.6006501763635819,0.8271079292850201,3.2875912408759125,0.5752504228994296,qwen
cptppola,efficacy,ME,Montenegro,2.160782232706074,1.0329913248927622,3.3284671532846715,0.558159688251585,qwen
cptppola,efficacy,NL,Netherlands,2.101668153905468,1.0765970118124921,3.3532846715328466,0.560003536811423,qwen
cptppola,efficacy,NO,Norway,2.6187482792528947,1.0727982194528864,3.5153284671532847,0.6808674496969712,qwen
cptppola,efficacy,PL,Poland,1.9300081759179204,0.9226357826378481,3.2525547445255474,0.4886250389109242,qwen
cptppola,efficacy,PT,Portugal,1.7280164727772018,0.9490430688999286,3.348905109489051,0.6324690303216121,qwen
cptppola,efficacy,RS,Serbia,1.8995170692372243,1.1386062417072487,3.2087591240875915,0.47932006736802474,qwen
cptppola,efficacy,SE,Sweden,2.6529324090450634,1.057827280494317,3.4029197080291973,0.6268763187283204,qwen
cptppola,efficacy,SI,Slovenia,1.9722416237706597,0.9637675445306043,3.27007299270073,0.5632981619228664,qwen
cptppola,efficacy,SK,Slovakia,1.621899790036209,0.8634200998321819,3.2102189781021897,0.5349324534520823,qwen
cptppola,efficacy,UA,Ukraine,1.7252724626659504,1.0353239048795415,3.2890510948905107,0.536350952154206,qwen
trstprl,inst_trust,AT,Austria,5.242175927592053,2.4357773830496763,5.960468521229868,1.5162524463445253,qwen
trstprl,inst_trust,BE,Belgium,4.628179646810118,2.363716331922886,6.008029197080292,1.5471185438162027,qwen
trstprl,inst_trust,BG,Bulgaria,2.4551554799166544,2.142437615449954,4.666176470588235,1.6493949704414999,qwen
trstprl,inst_trust,CH,Switzerland,6.496425585697865,1.876302887388109,6.814598540145985,0.9581552196025792,qwen
trstprl,inst_trust,CY,Cyprus,3.8560576559990563,2.4132199456623815,5.8843338213762815,1.5248971754617653,qwen
trstprl,inst_trust,DE,Germany,4.800677929707122,2.7016964652482187,6.313049853372434,1.3850544057047336,qwen
trstprl,inst_trust,EE,Estonia,4.665463052878149,2.5884915895988727,6.020558002936857,1.4428893540999008,qwen
trstprl,inst_trust,ES,Spain,4.285837270813649,2.644755321087217,6.156661786237189,1.471247993429727,qwen
trstprl,inst_trust,FI,Finland,6.529776970284798,2.021074645456615,6.1608187134502925,1.411265042881682,qwen
trstprl,inst_trust,FR,France,4.252820714733623,2.5048193897715083,5.621700879765396,1.5253120462524021,qwen
trstprl,inst_trust,GB,United Kingdom,3.8178911865183927,2.554935518140703,5.401321585903084,1.7034604963446887,qwen
trstprl,inst_trust,GR,Greece,3.1793160783535845,2.134711582927409,5.431085043988269,1.603621542476295,qwen
trstprl,inst_trust,HR,Croatia,2.9156645471949654,2.495127922675425,5.469208211143695,1.6293262178824188,qwen
trstprl,inst_trust,HU,Hungary,4.585530523962645,2.91040181403758,4.723684210526316,1.6550098378503275,qwen
trstprl,inst_trust,IE,Ireland,4.970725946358056,2.320439923925165,5.953147877013177,1.521353740075102,qwen
trstprl,inst_trust,IL,Israel,3.8246940387324297,2.716653532252178,4.833333333333333,1.6892563794954805,qwen
trstprl,inst_trust,IS,Iceland,5.359657982892509,2.2975318085254752,6.674707602339181,1.2457085581665606,qwen
trstprl,inst_trust,IT,Italy,4.445538313930969,2.391832372995066,5.44918998527246,1.652742895135744,qwen
trstprl,inst_trust,LT,Lithuania,3.7015054407031442,2.5598784163179604,5.013293943870015,1.6618234951852315,qwen
trstprl,inst_trust,LV,Latvia,3.085455968220223,2.4264638758674892,5.608823529411764,1.5924837534162606,qwen
trstprl,inst_trust,ME,Montenegro,4.129466068560609,2.4463912606990545,5.844574780058651,1.5945598256943452,qwen
trstprl,inst_trust,NL,Netherlands,5.233150010344147,2.1241407487756607,6.3501461988304095,1.3304024564084886,qwen
trstprl,inst_trust,NO,Norway,6.3778614703226735,2.448114306931588,6.9108187134502925,0.9782105914528595,qwen
trstprl,inst_trust,PL,Poland,3.925013781281735,2.6525205010712836,4.925438596491228,1.6489924908492124,qwen
trstprl,inst_trust,PT,Portugal,4.406812631092893,2.6392617809490924,5.972222222222222,1.6317100328688592,qwen
trstprl,inst_trust,RS,Serbia,4.139536965942952,3.11180706192086,4.71303074670571,1.6829984877029565,qwen
trstprl,inst_trust,SE,Sweden,6.243150550294175,2.1840669503513883,6.501468428781204,1.3350471084281559,qwen
trstprl,inst_trust,SI,Slovenia,4.143335995733991,2.44690284252444,5.56158357771261,1.5668713693254628,qwen
trstprl,inst_trust,SK,Slovakia,4.244871028022013,2.6559370223511354,4.514619883040936,1.5780586518231305,qwen
trstprl,inst_trust,UA,Ukraine,2.154783571969598,2.560212225230448,3.623529411764706,1.500919467536186,qwen
trstplt,inst_trust,AT,Austria,3.759807007815198,2.5517147541887493,4.78939617083947,1.819625740486912,qwen
trstplt,inst_trust,BE,Belgium,4.0912119142117565,2.3030896924496074,4.423529411764706,1.8000259895897268,qwen
trstplt,inst_trust,BG,Bulgaria,2.1475325125405034,2.043033768354063,3.898379970544919,1.7209400163210862,qwen
trstplt,inst_trust,CH,Switzerland,5.589920851708134,1.9233925096008715,5.381405563689604,1.7454985468109525,qwen
trstplt,inst_trust,CY,Cyprus,2.6828211384739284,2.2422617403612857,4.212076583210604,1.782188576980526,qwen
trstplt,inst_trust,DE,Germany,3.8328900242318618,2.416750373184652,4.978613569321534,1.823828774434888,qwen
trstplt,inst_trust,EE,Estonia,3.568793977242785,2.3163644674991177,4.573529411764706,1.7968732167331418,qwen
trstplt,inst_trust,ES,Spain,2.703188652290895,2.356131769882449,4.270986745213549,1.7037778770709293,qwen
trstplt,inst_trust,FI,Finland,5.356354939762621,2.0401590612951246,4.904099560761347,1.745949867613543,qwen
trstplt,inst_trust,FR,France,3.870814232958948,2.173635778622873,4.067448680351906,1.6873448634639476,qwen
trstplt,inst_trust,GB,United Kingdom,3.0158032274748607,2.323845033474665,3.8257016248153617,1.72238687750777,qwen
trstplt,inst_trust,GR,Greece,2.6916226846109907,1.9888520315402693,4.180678466076696,1.7153907909254191,qwen
trstplt,inst_trust,HR,Croatia,2.0635325844053702,2.1869972012597643,4.254014598540146,1.8111906280164551,qwen
trstplt,inst_trust,HU,Hungary,4.097236675778126,2.7014218276436006,4.091176470588235,1.7223930414212294,qwen
trstplt,inst_trust,IE,Ireland,4.236359300463853,2.3611316025918088,4.125,1.7646400042570858,qwen
trstplt,inst_trust,IL,Israel,3.2341115093976076,2.4973458568954587,4.161527165932452,1.7840106880068547,qwen
trstplt,inst_trust,IS,Iceland,4.523770015731723,2.220347967941023,4.89647577092511,1.849861497935573,qwen
trstplt,inst_trust,IT,Italy,3.3494548812045486,2.3317383487922063,4.079025110782865,1.6940647157658515,qwen
trstplt,inst_trust,LT,Lithuania,3.400487282096519,2.327756603157886,4.061946902654867,1.6864207988854925,qwen
trstplt,inst_trust,LV,Latvia,2.6659860661685597,2.240002528040905,4.271111111111111,1.6962984079527244,qwen
trstplt,inst_trust,ME,Montenegro,3.465533384712255,2.179659795186121,4.51610541727672,1.8729134393597178,qwen
trstplt,inst_trust,NL,Netherlands,4.811463308692996,2.0572352003160677,4.795588235294118,1.8606010259510442,qwen
trstplt,inst_trust,NO,Norway,5.179298822506107,2.121172112973884,5.522434017595308,1.7551044747742726,qwen
trstplt,inst_trust,PL,Poland,2.8747644511024646,2.3577784249730933,4.314705882352941,1.6774748455350248,qwen
trstplt,inst_trust,PT,Portugal,2.8960445194558364,2.364964383248404,4.35233918128655,1.7493300358686754,qwen
trstplt,inst_trust,RS,Serbia,2.807561355103738,2.856745406722904,3.797514619883041,1.6604986880165067,qwen
trstplt,inst_trust,SE,Sweden,4.848564291664028,2.0135710530862836,5.184558823529412,1.8197848469046145,qwen
trstplt,inst_trust,SI,Slovenia,3.1784893447640648,2.269207551701215,4.284241531664212,1.7973027088173363,qwen
trstplt,inst_trust,SK,Slovakia,3.9693729450476685,2.584523458368587,3.969208211143695,1.7001137443307395,qwen
trstplt,inst_trust,UA,Ukraine,1.962396981919774,2.3376603746548095,3.3148967551622417,1.4830502435100692,qwen
trstlgl,inst_trust,AT,Austria,6.5286971443572615,2.377865984466505,7.13533724340176,1.0330076501828511,qwen
trstlgl,inst_trust,BE,Belgium,5.266169731715172,2.4785467994055304,7.098966026587887,1.1248729554949142,qwen
trstlgl,inst_trust,BG,Bulgaria,3.875565887842884,2.91515080536421,6.347144948755491,1.4523325018630717,qwen
trstlgl,inst_trust,CH,Switzerland,6.9523468665135075,1.982959865644012,7.6571637426900585,0.7812357385271131,qwen
trstlgl,inst_trust,CY,Cyprus,4.2943830474763836,2.632961859588091,7.12683284457478,1.1621660361840462,qwen
trstlgl,inst_trust,DE,Germany,6.025063268339777,2.3793754390666955,7.328088235294119,1.0138463446031736,qwen
trstlgl,inst_trust,EE,Estonia,6.267710745689831,2.4762551301101157,7.161786237188872,1.0806025124973502,qwen
trstlgl,inst_trust,ES,Spain,5.272403732506698,2.624309538411468,7.068914956011731,1.058675784017179,qwen
trstlgl,inst_trust,FI,Finland,7.3772855276226155,1.9124758052898003,7.419970631424376,0.8819166955896388,qwen
trstlgl,inst_trust,FR,France,5.277578722328512,2.5140756806538884,6.8614369501466275,1.1573399749446063,qwen
trstlgl,inst_trust,GB,United Kingdom,5.6163780941442445,2.521011371523573,6.859703703703704,1.1745975639770425,qwen
trstlgl,inst_trust,GR,Greece,5.246702680608762,2.5025338591575808,6.727407407407408,1.2955888198625227,qwen
trstlgl,inst_trust,HR,Croatia,3.1060360867847785,2.470375641568366,6.9100147275405,1.2421267682234982,qwen
trstlgl,inst_trust,HU,Hungary,5.413927522391459,2.801304195804185,6.4449339207048455,1.3728914431755894,qwen
trstlgl,inst_trust,IE,Ireland,5.69203320764676,2.396033627315256,7.319852941176471,0.9183788506091172,qwen
trstlgl,inst_trust,IL,Israel,4.48102706718821,2.8574560576316346,7.048748159057438,1.097070674478713,qwen
trstlgl,inst_trust,IS,Iceland,5.826511704694114,2.290303931244154,7.451683748169839,0.8913938175471586,qwen
trstlgl,inst_trust,IT,Italy,5.530528680908423,2.3101433585918305,6.979441997063143,1.1648732498322851,qwen
trstlgl,inst_trust,LT,Lithuania,5.333041524038505,2.53083676667906,6.733967789165447,1.2498398415234948,qwen
trstlgl,inst_trust,LV,Latvia,4.138967022176612,2.66581072788196,7.040942562592047,1.1420507590401148,qwen
trstlgl,inst_trust,ME,Montenegro,4.23413572231689,2.1759236559663613,7.067058823529412,1.2369031817692033,qwen
trstlgl,inst_trust,NL,Netherlands,6.388762659695479,2.0597908065345725,7.458296622613804,0.8957379672668131,qwen
trstlgl,inst_trust,NO,Norway,7.3011783937619,2.191185770067164,7.613138686131387,0.7969988955512844,qwen
trstlgl,inst_trust,PL,Poland,4.021643146743594,2.525457601316737,6.72179675994109,1.1881155650022837,qwen
trstlgl,inst_trust,PT,Portugal,4.435887011208429,2.4930759270446927,7.0118248175182485,1.1707536302884065,qwen
trstlgl,inst_trust,RS,Serbia,4.272382534026924,3.0329847425670975,6.312941176470589,1.5519696818694342,qwen
trstlgl,inst_trust,SE,Sweden,6.422212816009448,2.215417878073363,7.491202346041056,1.010551683466896,qwen
trstlgl,inst_trust,SI,Slovenia,4.782517309791612,2.5380693623732102,7.113304093567251,1.081569904984548,qwen
trstlgl,inst_trust,SK,Slovakia,5.15859064611645,2.6736842426754746,6.501474926253687,1.4230631062060546,qwen
trstlgl,inst_trust,UA,Ukraine,2.62570472401749,2.7208794816359383,4.6782865583456426,1.6665748155986557,qwen
trstprt,inst_trust,AT,Austria,3.6963347780733735,2.4576851742054227,5.802052785923753,1.7578342059461363,qwen
trstprt,inst_trust,BE,Belgium,3.901528783790737,2.198950818680616,5.774264705882353,1.7555297159918424,qwen
trstprt,inst_trust,BG,Bulgaria,2.2674519398970117,2.1398152506421457,4.7077826725403815,1.8450445363011192,qwen
trstprt,inst_trust,CH,Switzerland,5.365733608710456,1.8908503187585053,6.668035190615837,1.3108175068272225,qwen
trstprt,inst_trust,CY,Cyprus,2.482863307998946,2.1835126229241606,5.9331864904552125,1.734685081317827,qwen
trstprt,inst_trust,DE,Germany,3.887155565743618,2.2491886771250265,6.325997045790251,1.5421793788913307,qwen
trstprt,inst_trust,EE,Estonia,3.6893980783220424,2.206886268768,6.062316715542522,1.6582466633345803,qwen
trstprt,inst_trust,ES,Spain,2.6973428924841145,2.389649147738557,5.619883040935672,1.7738830815152955,qwen
trstprt,inst_trust,FI,Finland,5.434923773302382,1.9347737916257004,6.3851094890510955,1.5024094278430944,qwen
trstprt,inst_trust,FR,France,3.47647353131399,2.0911343205670136,5.256637168141593,1.8187214220826504,qwen
trstprt,inst_trust,GB,United Kingdom,3.1850148949940458,2.348263095051111,5.358197932053176,1.8025241184104415,qwen
trstprt,inst_trust,GR,Greece,2.822445362838009,2.0601598484600308,5.406432748538012,1.84502484673657,qwen
trstprt,inst_trust,HR,Croatia,2.1587417100304584,2.2333583748636854,5.73900293255132,1.8067594253626469,qwen
trstprt,inst_trust,HU,Hungary,4.075109341052381,2.6270031356835526,5.25,1.7458134226278,qwen
trstprt,inst_trust,IE,Ireland,4.1739986092793675,2.2933948015392263,5.706744868035191,1.7715938440629224,qwen
trstprt,inst_trust,IL,Israel,3.3813375609355893,2.3700459503345623,5.997794117647059,1.753072913745435,qwen
trstprt,inst_trust,IS,Iceland,4.525464685011454,2.1950486298837695,6.531386861313869,1.4602807460996878,qwen
trstprt,inst_trust,IT,Italy,3.3610208793207383,2.3497735806666395,5.445906432748538,1.807135093048287,qwen
trstprt,inst_trust,LT,Lithuania,3.2821173428708135,2.2763117265865733,5.3096296296296295,1.8024823829820211,qwen
trstprt,inst_trust,LV,Latvia,2.525386270481844,2.2211609129739815,5.672794117647059,1.693114658752495,qwen
trstprt,inst_trust,ME,Montenegro,3.711090386615508,2.31307033299726,5.8882352941176475,1.688131437463211,qwen
trstprt,inst_trust,NL,Netherlands,4.98058333512499,1.96243459082431,6.4383823529411774,1.4573707945055758,qwen
trstprt,inst_trust,NO,Norway,5.3671595304269255,2.048502318553941,6.848169838945828,1.2685256019426614,qwen
trstprt,inst_trust,PL,Poland,2.91436556509795,2.379831825361464,5.656617647058823,1.663995502335917,qwen
trstprt,inst_trust,PT,Portugal,2.902951409350657,2.3264527645400332,5.5417888563049855,1.88492708062113,qwen
trstprt,inst_trust,RS,Serbia,2.7175046698677487,2.7055050189578025,4.909224011713031,1.8799653272237111,qwen
trstprt,inst_trust,SE,Sweden,4.999524367908062,1.9794609607411369,6.540702781844803,1.4980967704143728,qwen
trstprt,inst_trust,SI,Slovenia,3.164576009060389,2.239666440421617,5.761029411764706,1.7969116360314168,qwen
trstprt,inst_trust,SK,Slovakia,3.9660866445286804,2.5627466267439947,5.03230543318649,1.7984017743172676,qwen
trstprt,inst_trust,UA,Ukraine,1.91796145354318,2.3487551677241822,4.426696165191741,1.8059669682509791,qwen
trstplc,inst_trust,AT,Austria,7.048198702400107,2.3299292139289602,7.654919236417034,0.8011077078920924,qwen
trstplc,inst_trust,BE,Belgium,6.481846683689832,2.1348624084842096,7.652430044182622,0.7627708092307937,qwen
trstplc,inst_trust,BG,Bulgaria,5.184958703759927,2.8147241541045096,7.2632352941176475,1.1377061918692306,qwen
trstplc,inst_trust,CH,Switzerland,7.32249972900217,1.9502362133668902,7.91374269005848,0.5053314855306315,qwen
trstplc,inst_trust,CY,Cyprus,5.093593287394825,2.602201706540397,7.6063049853372435,0.8236971990462676,qwen
trstplc,inst_trust,DE,Germany,7.004467206225458,2.112825816430906,7.763313609467455,0.5920837997681082,qwen
trstplc,inst_trust,EE,Estonia,7.451618857814621,2.145865473139831,7.741788856304985,0.680803509030279,qwen
trstplc,inst_trust,ES,Spain,6.882325569432233,2.402605682884896,7.593979441997063,0.7900905716064791,qwen
trstplc,inst_trust,FI,Finland,8.36650961396084,1.4188422090457942,7.731332357247438,0.757609962746236,qwen
trstplc,inst_trust,FR,France,6.521489045769595,2.2468552023670956,7.45735294117647,0.9782338352195561,qwen
trstplc,inst_trust,GB,United Kingdom,5.84353719624166,2.528930687537436,7.237075332348597,1.1676731839153391,qwen
trstplc,inst_trust,GR,Greece,5.851565485960466,2.389356055870539,7.4798807749627425,0.9545479436932178,qwen
trstplc,inst_trust,HR,Croatia,5.391691659108795,2.572495577309672,7.553519061583578,1.0053429615148985,qwen
trstplc,inst_trust,HU,Hungary,6.323114992395225,2.5514012895441174,7.3257352941176475,1.2260066239835166,qwen
trstplc,inst_trust,IE,Ireland,6.34225194768484,2.417847478632362,7.71303074670571,0.6455964374516958,qwen
trstplc,inst_trust,IL,Israel,4.731499091666773,2.803993866551745,7.571010248901904,0.8772173437770434,qwen
trstplc,inst_trust,IS,Iceland,6.880903752638397,2.286741214103045,7.800146412884334,0.7049988928660756,qwen
trstplc,inst_trust,IT,Italy,6.735453139431022,2.03696389366766,7.607038123167156,0.8852571384562011,qwen
trstplc,inst_trust,LT,Lithuania,6.840907731460925,2.3620641004973,7.435840707964601,0.9958993254664302,qwen
trstplc,inst_trust,LV,Latvia,5.345565623059908,2.565313030311234,7.57754800590842,0.8550050431438935,qwen
trstplc,inst_trust,ME,Montenegro,5.33831741989394,2.289400230773549,7.58100147275405,0.8187919360320436,qwen
trstplc,inst_trust,NL,Netherlands,7.031936952279682,1.6731356506046635,7.816446402349486,0.5910556362456696,qwen
trstplc,inst_trust,NO,Norway,7.497281115481987,2.131882331185733,7.893538913362702,0.47439058618709445,qwen
trstplc,inst_trust,PL,Poland,5.144209820314441,2.6126205890611636,7.488970588235294,0.9409418396082866,qwen
trstplc,inst_trust,PT,Portugal,6.35140123530796,2.37199949180341,7.563049853372434,0.900553636457342,qwen
trstplc,inst_trust,RS,Serbia,5.298439353393637,3.0755522567357465,7.2675953079178885,1.1776266335159904,qwen
trstplc,inst_trust,SE,Sweden,7.010517082776527,2.0695476008677933,7.827687776141384,0.6208513873265825,qwen
trstplc,inst_trust,SI,Slovenia,6.298202965670212,2.39963246963771,7.694566813509545,0.7132876422614649,qwen
trstplc,inst_trust,SK,Slovakia,5.715810942457989,2.5968965560218478,7.361029411764706,1.178862235366433,qwen
trstplc,inst_trust,UA,Ukraine,3.346869383787289,2.882555307976165,6.5175953079178885,1.5233324125792012,qwen
trstep,inst_trust,AT,Austria,4.441713049182769,2.7027869412924757,6.616398243045388,1.1548040290753907,qwen
trstep,inst_trust,BE,Belgium,4.644375709423029,2.482058348908749,6.791728212703102,0.9574016225444758,qwen
trstep,inst_trust,BG,Bulgaria,4.590907637406625,2.8154598161996414,6.369047619047619,1.2547829153459569,qwen
trstep,inst_trust,CH,Switzerland,4.9804047024318026,2.142752152560394,6.7897058823529415,0.9024006121266347,qwen
trstep,inst_trust,CY,Cyprus,4.494442682400129,2.6253215046817244,6.677037037037037,1.1527248546875153,qwen
trstep,inst_trust,DE,Germany,4.6553069483283815,2.6988466506724818,6.758823529411765,0.9481763434287386,qwen
trstep,inst_trust,EE,Estonia,4.867659024996451,2.5389822170035377,6.723529411764706,0.9918842465155208,qwen
trstep,inst_trust,ES,Spain,4.617834338361529,2.58207626029311,6.747774480712166,1.0063850108561243,qwen
trstep,inst_trust,FI,Finland,5.884698971541353,2.0478526383413707,6.605769230769231,1.1096796334478203,qwen
trstep,inst_trust,FR,France,4.358218524618483,2.5065079834216193,6.676296296296297,1.0503078118415299,qwen
trstep,inst_trust,GB,United Kingdom,3.9659348201020137,2.634761088291623,6.295352323838081,1.4398946784368774,qwen
trstep,inst_trust,GR,Greece,4.325553876401601,2.3648784897283908,6.666419019316494,1.078304079217349,qwen
trstep,inst_trust,HR,Croatia,4.181384694167215,2.639162523655762,6.693786982248521,1.0410919519110649,qwen
trstep,inst_trust,HU,Hungary,4.842041979022309,2.559677185813506,6.410029498525073,1.3022034498611101,qwen
trstep,inst_trust,IE,Ireland,5.190912190718104,2.301815167988883,6.742647058823529,1.0211051474175652,qwen
trstep,inst_trust,IL,Israel,2.7966407305118883,2.5564369022191045,6.515601783060921,1.233272710831846,qwen
trstep,inst_trust,IS,Iceland,5.5923851198663295,2.243165922829671,6.788659793814433,1.0153124694584006,qwen
trstep,inst_trust,IT,Italy,4.647829420068639,2.3531593011282976,6.75037147102526,0.9850537868534947,qwen
trstep,inst_trust,LT,Lithuania,5.023996321399762,2.632139279336537,6.5243722304283605,1.1569495817071396,qwen
trstep,inst_trust,LV,Latvia,4.251592920932756,2.6260011177629847,6.756676557863502,1.0140872204954003,qwen
trstep,inst_trust,ME,Montenegro,5.54537932736838,2.362639500661553,6.801928783382789,0.9931470180080638,qwen
trstep,inst_trust,NL,Netherlands,5.1357615968982495,2.242656739308697,6.842143906020558,1.0191406918815666,qwen
trstep,inst_trust,NO,Norway,5.627393518801301,2.178716230468213,6.834564254062038,0.929044171005296,qwen
trstep,inst_trust,PL,Poland,3.957651671025209,2.697137928277827,6.589020771513353,1.1126443033507603,qwen
trstep,inst_trust,PT,Portugal,4.892394298430099,2.617896802698862,6.766176470588236,0.97639448166935,qwen
trstep,inst_trust,RS,Serbia,2.7730792127220054,2.825146464333168,6.479472140762463,1.151014753704842,qwen
trstep,inst_trust,SE,Sweden,5.2806213736007015,2.1710305492664226,6.752941176470588,0.990748157260442,qwen
trstep,inst_trust,SI,Slovenia,4.528745064461624,2.5517164807944748,6.689882697947214,1.0631044989310017,qwen
trstep,inst_trust,SK,Slovakia,4.626454297072137,2.9537924517663043,6.390279823269514,1.2653633141764802,qwen
trstep,inst_trust,UA,Ukraine,4.195768145519062,3.0947491383522934,5.965875370919881,1.5206430628888463,qwen
trstun,inst_trust,AT,Austria,4.9381208805276975,2.66672198274972,6.977876106194691,1.212117634721619,qwen
trstun,inst_trust,BE,Belgium,5.238178968574235,2.396333746412237,7.042584434654919,1.1139259212056403,qwen
trstun,inst_trust,BG,Bulgaria,4.799013115669446,2.799354120493202,6.916790490341754,1.2182517403092739,qwen
trstun,inst_trust,CH,Switzerland,5.327174304085703,2.2798633759460833,7.14138438880707,1.0032595098291945,qwen
trstun,inst_trust,CY,Cyprus,4.104515544764862,2.5993390491532526,7.211225997045791,1.0005876102139615,qwen
trstun,inst_trust,DE,Germany,4.795974606838823,2.5178768647535934,6.99261447562777,1.1633983278303395,qwen
trstun,inst_trust,EE,Estonia,4.795070493223868,2.662819868529023,7.178994082840236,1.0178712106383678,qwen
trstun,inst_trust,ES,Spain,4.869911326639016,2.6935501723222925,7.132352941176471,0.9617793366115825,qwen
trstun,inst_trust,FI,Finland,6.488996062898592,2.117560252132273,7.038913362701909,1.0426343868018952,qwen
trstun,inst_trust,FR,France,5.187570945898971,2.439297260904272,7.069526627218935,1.066480711930399,qwen
trstun,inst_trust,GB,United Kingdom,5.068956337890133,2.6334564888091543,6.774074074074074,1.237876697632078,qwen
trstun,inst_trust,GR,Greece,4.380066069687555,2.3779031168488247,7.18491124260355,1.0540125058465029,qwen
trstun,inst_trust,HR,Croatia,4.641931114635581,2.8824633999834313,7.2141802067946825,1.0560783980662076,qwen
trstun,inst_trust,HU,Hungary,5.431164439172593,2.492506117115492,6.883652430044183,1.2885979105920278,qwen
trstun,inst_trust,IE,Ireland,5.348305834138985,2.419858286145188,7.127621861152141,1.0638863883573442,qwen
trstun,inst_trust,IL,Israel,2.158735877721266,2.499463206769922,6.776470588235294,1.3557402802632856,qwen
trstun,inst_trust,IS,Iceland,6.129719684805683,2.275120220593933,7.247787610619469,1.0541972671254023,qwen
trstun,inst_trust,IT,Italy,4.959247795419568,2.407398237329906,7.171806167400881,1.0065218784435026,qwen
trstun,inst_trust,LT,Lithuania,5.113734704134614,2.6384547194832537,6.945427728613569,1.1938919053962167,qwen
trstun,inst_trust,LV,Latvia,3.944849335449868,2.8572210133988953,7.103397341211226,1.0064600408262132,qwen
trstun,inst_trust,ME,Montenegro,5.477883219043625,2.3384144117845906,7.285925925925926,0.9620516962798723,qwen
trstun,inst_trust,NL,Netherlands,5.837135196439165,2.0616843339052084,7.1903703703703705,0.9226682113310836,qwen
trstun,inst_trust,NO,Norway,7.004010109627948,2.20650915385233,7.2687224669603525,0.8826962275976269,qwen
trstun,inst_trust,PL,Poland,4.925437491650594,2.585202291044782,6.952941176470588,1.1335648395350533,qwen
trstun,inst_trust,PT,Portugal,5.468309186576956,2.6214498499165084,7.163235294117647,0.9790747957131759,qwen
trstun,inst_trust,RS,Serbia,2.8935428453296557,2.870760992698354,6.836524300441826,1.2983164713608342,qwen
trstun,inst_trust,SE,Sweden,6.378675272276728,2.1906130537695097,7.086988304093567,1.108382935599167,qwen
trstun,inst_trust,SI,Slovenia,4.75708153743771,2.593813931582263,7.154302670623146,1.0709957887764123,qwen
trstun,inst_trust,SK,Slovakia,5.006831482621015,3.0015706587559183,6.87701317715959,1.2938321463749705,qwen
trstun,inst_trust,UA,Ukraine,3.6013180121383064,3.107175118929105,6.216617210682492,1.6419346248839515,qwen
happy,wellbeing,AT,Austria,7.76090373708049,1.6476809008987041,7.507331378299121,0.7591471982350407,qwen
happy,wellbeing,BE,Belgium,7.693888917247725,1.5948426862606622,7.621700879765396,0.7111435507333186,qwen
happy,wellbeing,BG,Bulgaria,6.2599013533973995,2.1058326813703254,7.425816023738872,0.7907252122878169,qwen
happy,wellbeing,CH,Switzerland,8.143443693353284,1.4784609167560088,7.717423133235725,0.742965707218957,qwen
happy,wellbeing,CY,Cyprus,6.987720510210006,2.0375544046536445,7.5900439238653,0.7554419369230173,qwen
happy,wellbeing,DE,Germany,7.770826781915745,1.6481961735890556,7.560117302052786,0.7376344205290619,qwen
happy,wellbeing,EE,Estonia,7.392975022060044,1.8125399321856848,7.606461086637298,0.7597712225504967,qwen
happy,wellbeing,ES,Spain,7.9068639433129615,1.5083333876993539,7.56158357771261,0.712705636385176,qwen
happy,wellbeing,FI,Finland,8.056294696497618,1.4941446726890395,7.646842878120411,0.7084736204437293,qwen
happy,wellbeing,FR,France,7.484937725116078,1.5824931766151542,7.571742313323573,0.8059389404470735,qwen
happy,wellbeing,GB,United Kingdom,7.58670240724883,1.8928609716961053,7.478770131771596,0.8086248481405544,qwen
happy,wellbeing,GR,Greece,6.842498028815976,1.5533308312932954,7.5768094534711965,0.720582756868563,qwen
happy,wellbeing,HR,Croatia,7.57452763307812,1.8953856307718508,7.59231905465288,0.6960157736898931,qwen
happy,wellbeing,HU,Hungary,7.213928510077665,1.949751769688737,7.406432748538012,0.9191406132470191,qwen
happy,wellbeing,IE,Ireland,7.656938166322823,1.5969945819593403,7.598684210526316,0.7301184402096842,qwen
happy,wellbeing,IL,Israel,7.378506798276478,1.9589332675006683,7.629080118694362,0.7037049370618035,qwen
happy,wellbeing,IS,Iceland,7.795136804185614,1.6901819986040958,7.739705882352941,0.674518255163311,qwen
happy,wellbeing,IT,Italy,6.866632272435569,1.7736600966317824,7.662979351032448,0.6479609897066008,qwen
happy,wellbeing,LT,Lithuania,7.462256314361242,1.9640572400944816,7.509572901325479,0.8107753091815532,qwen
happy,wellbeing,LV,Latvia,6.942492161894379,2.010490673099773,7.524553571428571,0.919522381425551,qwen
happy,wellbeing,ME,Montenegro,6.598538405658492,1.9929676150976603,7.625,0.6922408172324931,qwen
happy,wellbeing,NL,Netherlands,7.967482570449453,1.2594481552897474,7.670839469808542,0.6038014060176269,qwen
happy,wellbeing,NO,Norway,7.874301227891386,1.6412667294737115,7.78193832599119,0.507108065710229,qwen
happy,wellbeing,PL,Poland,7.580291683668927,1.9297359190706487,7.541358936484491,0.7366584053556409,qwen
happy,wellbeing,PT,Portugal,7.18890332891691,1.9345513767482962,7.541666666666667,0.709238863669628,qwen
happy,wellbeing,RS,Serbia,7.293745610623994,2.1956271452212994,7.4209370424597365,0.866643676159026,qwen
happy,wellbeing,SE,Sweden,7.653675579018058,1.651322113708472,7.6573529411764705,0.7206845413157438,qwen
happy,wellbeing,SI,Slovenia,7.741530514531192,1.7814239483325474,7.676470588235294,0.6916539369514134,qwen
happy,wellbeing,SK,Slovakia,6.821599780133437,2.1340105043999387,7.437223042836042,0.9171137347925639,qwen
happy,wellbeing,UA,Ukraine,6.148338386295668,2.6702456732390303,7.14,1.179083283200994,qwen
stflife,wellbeing,AT,Austria,7.78814385622568,1.663509124198267,7.617569546120059,0.6800995759490656,qwen
stflife,wellbeing,BE,Belgium,7.309428021722151,1.8917094461027428,7.718301610541729,0.6709091632841468,qwen
stflife,wellbeing,BG,Bulgaria,6.042474309791918,2.2120628343463418,7.521961932650073,0.7103864660169644,qwen
stflife,wellbeing,CH,Switzerland,8.117545251532318,1.5615082032326784,7.832309941520468,0.567360060457759,qwen
stflife,wellbeing,CY,Cyprus,6.3500031076829355,2.4105596498933695,7.737573099415204,0.6364298888592717,qwen
stflife,wellbeing,DE,Germany,7.5174226887125135,1.8370147717535326,7.692352941176471,0.5920188809209458,qwen
stflife,wellbeing,EE,Estonia,6.995530555906337,2.0155902024685055,7.684671532846715,0.5897380862490119,qwen
stflife,wellbeing,ES,Spain,7.498474456930226,1.8224070220472202,7.743255131964808,0.5279472529706849,qwen
stflife,wellbeing,FI,Finland,7.884236327112843,1.6106494607761095,7.76359649122807,0.526547850897607,qwen
stflife,wellbeing,FR,France,6.770231955192009,2.2774602348290798,7.703221083455344,0.6976425674585824,qwen
stflife,wellbeing,GB,United Kingdom,7.076060810502419,2.0857563950905624,7.630656934306569,0.7385145953686083,qwen
stflife,wellbeing,GR,Greece,6.412675488700161,1.9600409763547444,7.679093567251462,0.7660541765967034,qwen
stflife,wellbeing,HR,Croatia,7.254634337219264,2.1096005755584524,7.6764275256222545,0.7310564435792267,qwen
stflife,wellbeing,HU,Hungary,6.621330451773505,2.1411539701501248,7.558357771260997,0.6804565288619078,qwen
stflife,wellbeing,IE,Ireland,7.264586614245971,1.746506935243767,7.765395894428153,0.5873899348375529,qwen
stflife,wellbeing,IL,Israel,7.100674068580728,2.0995398201582294,7.820913107511045,0.4936813637344803,qwen
stflife,wellbeing,IS,Iceland,7.616733195317123,1.8741151012792872,7.833771929824562,0.5985461502907654,qwen
stflife,wellbeing,IT,Italy,6.739670239629779,1.903152675906479,7.763357664233576,0.6199772177622689,qwen
stflife,wellbeing,LT,Lithuania,7.1356614539550485,2.0928346239824207,7.583040935672515,0.6626660678666935,qwen
stflife,wellbeing,LV,Latvia,6.395823933792753,2.2344529567249887,7.603221083455344,0.7912395279811798,qwen
stflife,wellbeing,ME,Montenegro,6.107432602015085,2.2377777283887044,7.786549707602339,0.4476001688359097,qwen
stflife,wellbeing,NL,Netherlands,7.911109433699263,1.2395781286526681,7.80688140556369,0.6060032729723112,qwen
stflife,wellbeing,NO,Norway,7.694714604104831,1.7955247906018192,7.848609077598829,0.42730516580877015,qwen
stflife,wellbeing,PL,Poland,7.330899994057487,2.0169033095979096,7.594298245614035,0.7926896622704354,qwen
stflife,wellbeing,PT,Portugal,6.56427821284171,2.0566130251835895,7.698978102189781,0.5864818347589642,qwen
stflife,wellbeing,RS,Serbia,6.842770538058628,2.31384027899869,7.548970588235294,0.6560686224971283,qwen
stflife,wellbeing,SE,Sweden,7.761426256173515,1.765214803913871,7.749269005847953,0.6451186624056664,qwen
stflife,wellbeing,SI,Slovenia,7.542574813136172,1.9244888595960155,7.731378299120235,0.5534944448129594,qwen
stflife,wellbeing,SK,Slovakia,6.4957221910406595,2.193641926033914,7.515929203539823,0.7256311515481878,qwen
stflife,wellbeing,UA,Ukraine,5.135055056810102,2.8746660557095858,7.2540500736377025,1.0752830198185832,qwen
stfeco,wellbeing,AT,Austria,5.54995975100486,2.122906575697393,6.402635431918009,1.0737300732125543,qwen
stfeco,wellbeing,BE,Belgium,4.98606815137708,2.140962305023091,6.364963503649635,1.0656513287722313,qwen
stfeco,wellbeing,BG,Bulgaria,3.031413845159043,2.0478322235714828,5.6535087719298245,1.3543928739564326,qwen
stfeco,wellbeing,CH,Switzerland,6.845506079176042,1.794737285619912,6.744525547445256,0.7801371625566426,qwen
stfeco,wellbeing,CY,Cyprus,3.621005068769763,2.2862779112800453,6.247076023391813,1.1448811225806623,qwen
stfeco,wellbeing,DE,Germany,4.603022073123684,2.2304373073135833,6.398540145985401,1.0937077745539991,qwen
stfeco,wellbeing,EE,Estonia,3.9325211402685727,2.2100479528054375,6.543065693430657,0.9505150666227729,qwen
stfeco,wellbeing,ES,Spain,4.237300941743682,2.24737885886348,6.1154970760233915,1.1965517385173856,qwen
stfeco,wellbeing,FI,Finland,5.621461226119554,1.9579719138360596,6.464233576642336,1.0002731517494243,qwen
stfeco,wellbeing,FR,France,3.660295890775978,2.2237287051207018,6.10233918128655,1.1922371267856093,qwen
stfeco,wellbeing,GB,United Kingdom,3.2607008909458353,2.1312607908213446,6.437956204379562,1.0149562392880702,qwen
stfeco,wellbeing,GR,Greece,3.469009875643056,2.0401583899106384,5.6817518248175185,1.2251159974977397,qwen
stfeco,wellbeing,HR,Croatia,3.81438187157306,2.2290589463333133,6.097810218978102,1.216628643558982,qwen
stfeco,wellbeing,HU,Hungary,4.222210680856891,2.5543458274354554,5.855474452554745,1.2382146001039973,qwen
stfeco,wellbeing,IE,Ireland,5.177761758303079,2.237107840768206,6.380116959064328,1.1397063598108834,qwen
stfeco,wellbeing,IL,Israel,4.637346340378427,2.4778551747260322,6.244509516837482,1.1138733973349613,qwen
stfeco,wellbeing,IS,Iceland,4.354133278700258,2.301638119156402,6.570802919708029,0.9595747553487295,qwen
stfeco,wellbeing,IT,Italy,4.1676646263709225,2.127827664975726,5.992690058479532,1.2603675184408896,qwen
stfeco,wellbeing,LT,Lithuania,4.544519559488827,2.4391149388673945,6.130116959064328,1.1702883419416104,qwen
stfeco,wellbeing,LV,Latvia,3.5572163109068264,2.1520775282363993,6.173976608187134,1.118391953510708,qwen
stfeco,wellbeing,ME,Montenegro,4.329125358977915,2.4212189501351213,6.5248538011695905,0.9608572653129652,qwen
stfeco,wellbeing,NL,Netherlands,5.750090162399542,1.8883487420818466,6.488304093567251,1.0815276008108048,qwen
stfeco,wellbeing,NO,Norway,5.638977511362683,2.2999889990969327,6.781021897810219,0.769629367653595,qwen
stfeco,wellbeing,PL,Poland,5.266828562831059,2.084401474654986,5.972222222222222,1.2739490384606291,qwen
stfeco,wellbeing,PT,Portugal,3.7597087439710393,2.2173779023902607,6.151824817518248,1.151029426728985,qwen
stfeco,wellbeing,RS,Serbia,4.08009767411611,2.6670196884026667,5.617518248175182,1.3055156164848492,qwen
stfeco,wellbeing,SE,Sweden,4.727544972683704,2.003617018275472,6.527007299270073,0.9648427779715991,qwen
stfeco,wellbeing,SI,Slovenia,5.256003164705521,2.198909115847543,6.267153284671533,1.1122069552312555,qwen
stfeco,wellbeing,SK,Slovakia,3.90539600420454,2.4802603822382823,5.957602339181286,1.2255040304313969,qwen
stfeco,wellbeing,UA,Ukraine,2.582621884597501,2.473376037105537,4.351390922401171,1.4057204968570551,qwen
stfgov,wellbeing,AT,Austria,4.039162360697896,2.542751952796585,6.971824817518248,0.9021953560589311,qwen
stfgov,wellbeing,BE,Belgium,4.327179766206084,2.2310383559273848,6.96158357771261,0.9451425315256858,qwen
stfgov,wellbeing,BG,Bulgaria,2.6719832241253285,2.1518931725478994,6.424817518248175,1.3030430545580003,qwen
stfgov,wellbeing,CH,Switzerland,6.603606802594606,1.7563173900139182,7.372992700729927,0.7080885696445486,qwen
stfgov,wellbeing,CY,Cyprus,3.9267792705867395,2.318596254151223,6.867690058479532,1.0838059600960286,qwen
stfgov,wellbeing,DE,Germany,3.8478023210079932,2.565662571285465,6.991959064327485,0.8583461359485494,qwen
stfgov,wellbeing,EE,Estonia,3.531555568247472,2.262874109890977,7.081751824817518,0.9481606522786946,qwen
stfgov,wellbeing,ES,Spain,3.7614892720866218,2.6222085393506376,6.85233918128655,0.9006962146166734,qwen
stfgov,wellbeing,FI,Finland,4.804454929568028,2.3543226465867253,7.108345534407028,0.8349780323149252,qwen
stfgov,wellbeing,FR,France,3.787785280082554,2.442793733642136,6.765007320644217,1.0629274540972222,qwen
stfgov,wellbeing,GB,United Kingdom,3.036843581975516,2.394408469716829,6.815328467153285,1.0194662712463343,qwen
stfgov,wellbeing,GR,Greece,3.644471747398687,2.2863689257464532,6.599415204678363,1.1522082472028277,qwen
stfgov,wellbeing,HR,Croatia,3.4080005877444512,2.537664144424585,6.761346998535871,1.1398535950397939,qwen
stfgov,wellbeing,HU,Hungary,4.349290035814571,2.773293843461117,6.392982456140351,1.2412542160952926,qwen
stfgov,wellbeing,IE,Ireland,4.870906010407424,2.2837559034048587,6.97733918128655,0.9154591910448195,qwen
stfgov,wellbeing,IL,Israel,3.8927885655775873,2.9003886880694987,6.619676945668135,1.1735418542675484,qwen
stfgov,wellbeing,IS,Iceland,4.095360338555398,2.3793164587301976,7.190336749633968,0.8941453614984123,qwen
stfgov,wellbeing,IT,Italy,4.305847880343379,2.240831516737721,6.698540145985401,1.1368357517817684,qwen
stfgov,wellbeing,LT,Lithuania,3.891877946823288,2.5420418151357658,6.683748169838946,1.1016447345852083,qwen
stfgov,wellbeing,LV,Latvia,3.1240201091808486,2.2787685267851967,6.786549707602339,1.0841843573881635,qwen
stfgov,wellbeing,ME,Montenegro,4.613987966891826,2.4855582034040724,7.058832116788321,0.8491645926437068,qwen
stfgov,wellbeing,NL,Netherlands,4.609865988308238,2.0062529772022137,7.184649122807018,0.8123937622081907,qwen
stfgov,wellbeing,NO,Norway,4.785794047937997,2.2175501497089307,7.333771929824562,0.7827663042058447,qwen
stfgov,wellbeing,PL,Poland,4.541712539383122,2.823730378695335,6.678623718887262,1.0526519410223192,qwen
stfgov,wellbeing,PT,Portugal,3.513193931375951,2.3111842226430293,6.838213762811128,1.0669471762084124,qwen
stfgov,wellbeing,RS,Serbia,4.258255990476471,3.198497977514989,6.543795620437956,1.1385625821576797,qwen
stfgov,wellbeing,SE,Sweden,4.269263904955265,2.167209026362757,7.277159590043924,0.7515611217026621,qwen
stfgov,wellbeing,SI,Slovenia,4.249594291009816,2.4941118540650034,6.998538011695906,0.8513175887488588,qwen
stfgov,wellbeing,SK,Slovakia,4.46334706353566,2.686925975312871,6.4751461988304095,1.2496426929327324,qwen
stfgov,wellbeing,UA,Ukraine,2.4743529805980655,2.565480033331153,5.6114369501466275,1.4969527499779196,qwen
stfhlth,wellbeing,AT,Austria,6.474907116097822,2.438472434018327,7.585505124450951,0.6053603429102561,qwen
stfhlth,wellbeing,BE,Belgium,7.220810024616674,1.8327609518478543,7.513929618768328,0.6436378673526827,qwen
stfhlth,wellbeing,BG,Bulgaria,3.832171344870384,2.3748257579878462,7.1339181286549715,0.7164794147119719,qwen
stfhlth,wellbeing,CH,Switzerland,6.831041864274515,1.9622858222787356,7.9620437956204375,0.5115809955795894,qwen
stfhlth,wellbeing,CY,Cyprus,5.576021271821681,2.3253109754011057,7.4901903367496345,0.608859656259843,qwen
stfhlth,wellbeing,DE,Germany,5.1952004418832605,2.4462601761167653,7.586950146627566,0.5889758854936905,qwen
stfhlth,wellbeing,EE,Estonia,5.793017380383871,2.1660633774564113,7.673099415204677,0.6615623608592469,qwen
stfhlth,wellbeing,ES,Spain,5.640440850707488,2.522739885428595,7.489604685212298,0.6031396268522595,qwen
stfhlth,wellbeing,FI,Finland,6.4186579536005794,2.06315131322013,7.796486090775988,0.5688795988374036,qwen
stfhlth,wellbeing,FR,France,5.439891110440975,2.4415300288512802,7.422986822840409,0.6474279213285785,qwen
stfhlth,wellbeing,GB,United Kingdom,4.797421449561588,2.4325170399551603,7.4411764705882355,0.5947079564758025,qwen
stfhlth,wellbeing,GR,Greece,3.396290051453136,2.0119449650003913,7.2701317715959,0.6531119821310598,qwen
stfhlth,wellbeing,HR,Croatia,5.3548541416674444,2.682053424056007,7.386569343065694,0.6416084935537393,qwen
stfhlth,wellbeing,HU,Hungary,3.4347744313772854,2.4617765778736294,7.235043988269795,0.5862001490977965,qwen
stfhlth,wellbeing,IE,Ireland,4.433855064113273,2.3508293625680494,7.555182481751825,0.6040241540203759,qwen
stfhlth,wellbeing,IL,Israel,6.530300993284543,1.8914696286324908,7.479588839941264,0.6192337353004062,qwen
stfhlth,wellbeing,IS,Iceland,5.112267027203692,2.1491014425562263,8.054985337243401,0.4397437009728894,qwen
stfhlth,wellbeing,IT,Italy,5.10968527191663,2.096107535799735,7.493988269794721,0.6280816560573232,qwen
stfhlth,wellbeing,LT,Lithuania,4.4780529748809945,2.3439135030424465,7.370381231671555,0.5977462577577424,qwen
stfhlth,wellbeing,LV,Latvia,4.2972221458723485,2.5047000700024427,7.376548672566372,0.5923654156539969,qwen
stfhlth,wellbeing,ME,Montenegro,4.806435046611185,2.3092924712702363,7.444852941176471,0.7211939712545844,qwen
stfhlth,wellbeing,NL,Netherlands,6.629094750304629,1.781841136689458,7.798972099853158,0.6175250417283606,qwen
stfhlth,wellbeing,NO,Norway,7.06508411422838,1.940954250732358,8.054904831625183,0.4621939723274202,qwen
stfhlth,wellbeing,PL,Poland,4.202687158652689,2.329430701915596,7.257624633431085,0.5951904048879797,qwen
stfhlth,wellbeing,PT,Portugal,3.8254868131229243,2.5085001345712525,7.489019033674963,0.6606533276123583,qwen
stfhlth,wellbeing,RS,Serbia,4.238355203962294,2.794463373118979,7.063489736070381,0.7987149135394657,qwen
stfhlth,wellbeing,SE,Sweden,5.69363952596369,2.1003606930097036,7.92511013215859,0.5943120302700081,qwen
stfhlth,wellbeing,SI,Slovenia,4.722807877332366,2.500698766976185,7.572474377745242,0.6357650831175399,qwen
stfhlth,wellbeing,SK,Slovakia,4.139320334932395,2.4686825909138355,7.26217008797654,0.5986573183640448,qwen
stfhlth,wellbeing,UA,Ukraine,4.3160230699847775,2.6234838094057635,6.276877761413844,1.168001962896756,qwen
stfedu,wellbeing,AT,Austria,6.08971976844328,2.38046437739405,7.567448680351906,0.6002903858042412,qwen
stfedu,wellbeing,BE,Belgium,5.750874806842748,2.0937724621583906,7.585043988269795,0.5900141224825534,qwen
stfedu,wellbeing,BG,Bulgaria,4.100957477790751,2.3502352553952877,7.379615952732644,0.7462318557037265,qwen
stfedu,wellbeing,CH,Switzerland,6.656270184332477,1.9459891470846695,7.73900293255132,0.6509256055014336,qwen
stfedu,wellbeing,CY,Cyprus,4.587313251616586,2.2128597138691415,7.584070796460177,0.6387394859205953,qwen
stfedu,wellbeing,DE,Germany,4.233299683415836,2.351668087490688,7.56158357771261,0.5941633510392281,qwen
stfedu,wellbeing,EE,Estonia,6.393672568840203,2.229592946471987,7.72108345534407,0.5933606241303808,qwen
stfedu,wellbeing,ES,Spain,5.012136266255524,2.334332636268724,7.623718887262079,0.57857109102514,qwen
stfedu,wellbeing,FI,Finland,7.233358833554501,1.7644323642522501,7.668859649122807,0.5508501489230482,qwen
stfedu,wellbeing,FR,France,4.601790502520427,2.1644715997236985,7.559824046920822,0.6873080336831441,qwen
stfedu,wellbeing,GB,United Kingdom,5.308284191408358,2.2556840404889704,7.522827687776141,0.6262405633030023,qwen
stfedu,wellbeing,GR,Greece,3.7855746517544375,1.9766209943690236,7.430983847283406,0.6476839289325694,qwen
stfedu,wellbeing,HR,Croatia,5.816350566373938,2.309736824795834,7.60352422907489,0.6111122235561449,qwen
stfedu,wellbeing,HU,Hungary,3.9900899154478,2.4913239593329175,7.398230088495575,0.6567205981441997,qwen
stfedu,wellbeing,IE,Ireland,6.762298407137079,1.9802964933214715,7.592783505154639,0.6206318019500978,qwen
stfedu,wellbeing,IL,Israel,5.264336488030869,2.077408346152148,7.525403817914832,0.6674694462604895,qwen
stfedu,wellbeing,IS,Iceland,6.324844854759572,1.8284320314772442,7.836029411764706,0.5155423519551496,qwen
stfedu,wellbeing,IT,Italy,5.083092027671306,1.9801848982095867,7.615373352855052,0.6067177449084835,qwen
stfedu,wellbeing,LT,Lithuania,4.6526346854447445,2.267229560508824,7.511747430249633,0.5782911191326142,qwen
stfedu,wellbeing,LV,Latvia,4.108276020925814,2.2667826388568875,7.5261764705882355,0.5847523283018101,qwen
stfedu,wellbeing,ME,Montenegro,4.359771069180318,2.237590857279682,7.577286135693215,0.5718277809472326,qwen
stfedu,wellbeing,NL,Netherlands,6.163150882846764,1.6663731337868324,7.701176470588235,0.6434432627941971,qwen
stfedu,wellbeing,NO,Norway,7.199044068958358,1.8551553739170237,7.824561403508772,0.501750039004847,qwen
stfedu,wellbeing,PL,Poland,5.05428653345802,2.3976918855549516,7.387278106508876,0.6588998594357183,qwen
stfedu,wellbeing,PT,Portugal,4.477459151602673,2.299564384881257,7.636310395314788,0.5703313619798244,qwen
stfedu,wellbeing,RS,Serbia,5.00073893907496,2.8413549190837095,7.444264705882354,0.6460684684381952,qwen
stfedu,wellbeing,SE,Sweden,5.389646077291931,2.1151413881845356,7.745213549337261,0.5361860616218046,qwen
stfedu,wellbeing,SI,Slovenia,5.530632460507522,2.3221475576997714,7.643171806167401,0.5659333115184967,qwen
stfedu,wellbeing,SK,Slovakia,5.401373334803658,2.4041600037068336,7.441959064327485,0.6721676380244159,qwen
stfedu,wellbeing,UA,Ukraine,4.466432443709682,2.5979428831754627,6.717109144542772,1.0613955960941848,qwen
imueclt,immigration,AT,Austria,5.315172390064883,2.5730849170674883,7.614598540145986,0.9652242827859943,qwen
imueclt,immigration,BE,Belgium,6.1379240168747735,2.3033707467646853,7.64546783625731,0.9779980375656592,qwen
imueclt,immigration,BG,Bulgaria,4.3822668131494416,2.959049168036001,7.429093567251462,1.1197096452303203,qwen
imueclt,immigration,CH,Switzerland,6.375870738527658,2.220136533492237,7.694160583941605,0.8504184060820693,qwen
imueclt,immigration,CY,Cyprus,3.5214000548356443,2.523698455719429,7.7153284671532845,0.8922088457349739,qwen
imueclt,immigration,DE,Germany,5.779437891976539,2.331576961352071,7.629197080291971,0.9258440580759287,qwen
imueclt,immigration,EE,Estonia,5.480215407140887,2.365476916842202,7.566520467836257,0.9440600449870351,qwen
imueclt,immigration,ES,Spain,6.6260562145120625,2.3924314712251236,7.612573099415204,0.9757918069846526,qwen
imueclt,immigration,FI,Finland,7.225142432125029,2.0684223789959995,7.641605839416059,0.9686339883953192,qwen
imueclt,immigration,FR,France,5.529569032667339,2.7050910367326035,7.609649122807017,1.0585193087851406,qwen
imueclt,immigration,GB,United Kingdom,6.569074059332347,2.475974794584905,7.701023391812866,0.809089363593861,qwen
imueclt,immigration,GR,Greece,4.050831083263721,2.084305513053689,7.6341642228739,0.8417117493693952,qwen
imueclt,immigration,HR,Croatia,5.02874341086001,2.7210579344664114,7.612408759124087,1.0038992149819097,qwen
imueclt,immigration,HU,Hungary,3.9425759331519634,2.476597140402959,7.454411764705882,1.0841519796738623,qwen
imueclt,immigration,IE,Ireland,6.296974033797106,2.5958015849501503,7.640969162995595,0.9757854757250263,qwen
imueclt,immigration,IL,Israel,5.041758655711063,2.5863937276299773,7.670802919708029,0.9620093937564609,qwen
imueclt,immigration,IS,Iceland,6.897344321807305,2.245228123872818,7.739385065885798,0.9017826445530621,qwen
imueclt,immigration,IT,Italy,4.905544540377028,2.569233998960108,7.666423357664233,0.9524727262186902,qwen
imueclt,immigration,LT,Lithuania,4.984868415465608,2.6008663349692376,7.486090775988287,1.053633471950238,qwen
imueclt,immigration,LV,Latvia,4.627373721269217,2.526015536644707,7.531524926686217,1.0106424978969706,qwen
imueclt,immigration,ME,Montenegro,5.168439134667183,2.093806458714853,7.638888888888889,0.8524407774138243,qwen
imueclt,immigration,NL,Netherlands,6.205126662609896,2.1187354477389713,7.709489051094891,0.9257431984863238,qwen
imueclt,immigration,NO,Norway,6.238422215272888,2.2541110468704337,7.678832116788321,0.9739614844725687,qwen
imueclt,immigration,PL,Poland,5.498733975167413,2.3334251431778825,7.5146627565982405,0.9066999533121727,qwen
imueclt,immigration,PT,Portugal,5.722458315562678,2.2507075625574586,7.6474452554744525,0.7915932830227437,qwen
imueclt,immigration,RS,Serbia,4.877342073718054,3.0710413542742394,7.4699853587115665,1.0189802128952856,qwen
imueclt,immigration,SE,Sweden,6.8122445898666175,2.2672137388256846,7.685212298682284,0.9196619328312772,qwen
imueclt,immigration,SI,Slovenia,5.355770107952107,2.6083091129330294,7.624817518248175,0.9052947746079331,qwen
imueclt,immigration,SK,Slovakia,3.8467151318694572,2.7131866439546606,7.446715328467153,1.015454489817454,qwen
imueclt,immigration,UA,Ukraine,5.1239211172083206,2.8308581148632705,7.348684210526316,1.2557853327835806,qwen
imwbcnt,immigration,AT,Austria,4.840919058547187,2.4527294866543006,6.030791788856305,1.8891270048830984,qwen
imwbcnt,immigration,BE,Belgium,5.358485242127184,2.1346963974577657,6.422173274596182,1.7871581053340448,qwen
imwbcnt,immigration,BG,Bulgaria,3.956518004842652,2.85827404247127,5.670605612998523,2.1364493340471933,qwen
imwbcnt,immigration,CH,Switzerland,5.814854504443784,1.845154843550574,6.696769456681351,1.5318351608469205,qwen
imwbcnt,immigration,CY,Cyprus,3.740407078146568,2.40767595128739,6.464023494860499,1.8885757844377933,qwen
imwbcnt,immigration,DE,Germany,5.269177671086836,2.3771917248699403,6.262848751835536,1.815760282110596,qwen
imwbcnt,immigration,EE,Estonia,4.849486247852013,2.1075366589514086,6.211764705882353,1.9301139947993706,qwen
imwbcnt,immigration,ES,Spain,5.9073130429923815,2.36952875171434,6.402061855670103,1.8108315180404566,qwen
imwbcnt,immigration,FI,Finland,6.013981245125915,2.1083433275445627,6.2628111273792095,1.9199811378882539,qwen
imwbcnt,immigration,FR,France,5.115717521574483,2.229765989025632,6.124450951683748,1.8627470290653036,qwen
imwbcnt,immigration,GB,United Kingdom,6.345731092544239,2.463997886085941,6.306901615271659,1.8338554542468486,qwen
imwbcnt,immigration,GR,Greece,4.102898458435573,2.2185870335870215,6.422287390029325,1.7745058800861813,qwen
imwbcnt,immigration,HR,Croatia,4.943828288889388,2.5165256668371816,6.039531478770132,1.997040570735372,qwen
imwbcnt,immigration,HU,Hungary,3.863870207165531,2.1606799294968244,5.656891495601173,2.1022722515492336,qwen
imwbcnt,immigration,IE,Ireland,6.173427287195578,2.568885902556146,6.612017804154303,1.617967767467011,qwen
imwbcnt,immigration,IL,Israel,4.77581453687835,2.514904982885558,6.4300441826215025,1.7908432691232894,qwen
imwbcnt,immigration,IS,Iceland,6.9623407745959796,2.0342840285249113,6.733137829912024,1.7228835086851486,qwen
imwbcnt,immigration,IT,Italy,4.578901303697609,2.3773137202145906,6.23014705882353,1.9189129168530716,qwen
imwbcnt,immigration,LT,Lithuania,5.224923260700287,2.3357141831373007,6.091176470588235,1.9697069071772908,qwen
imwbcnt,immigration,LV,Latvia,4.589096531490459,2.463691135380754,6.156111929307806,1.9640771420445098,qwen
imwbcnt,immigration,ME,Montenegro,4.695807747965913,2.2889881687702163,6.420236336779912,1.7902979662524408,qwen
imwbcnt,immigration,NL,Netherlands,5.492398377595162,1.896279430992423,6.63215859030837,1.5299008651429247,qwen
imwbcnt,immigration,NO,Norway,6.212088062951394,1.9985317121611983,6.382697947214076,1.7337946278939274,qwen
imwbcnt,immigration,PL,Poland,5.508572016196226,2.1384570518633192,5.948529411764706,1.8718905604015474,qwen
imwbcnt,immigration,PT,Portugal,4.6418732065777135,2.165342872973786,6.468475073313783,1.8423840991989895,qwen
imwbcnt,immigration,RS,Serbia,4.82965163040081,2.965475322083407,5.788123167155425,2.1172093252561215,qwen
imwbcnt,immigration,SE,Sweden,6.259593141286771,2.200494516774948,6.296023564064801,1.848821383156996,qwen
imwbcnt,immigration,SI,Slovenia,4.963030999588137,2.377905047032816,6.233137829912024,1.9718768257484098,qwen
imwbcnt,immigration,SK,Slovakia,3.5309623603239166,2.3151891466772065,5.529239766081871,2.067108095385045,qwen
imwbcnt,immigration,UA,Ukraine,5.317326172753119,2.8360849591577106,5.651403249630723,2.196598758285333,qwen
imbgeco,immigration,AT,Austria,5.930470260348815,2.499139626004691,7.021929824561403,0.9654887114184177,qwen
imbgeco,immigration,BE,Belgium,5.483701091221589,2.339388956973316,7.078171091445427,1.0247000729567488,qwen
imbgeco,immigration,BG,Bulgaria,3.9249717897549425,2.9157517131191772,6.862573099415204,1.2238969225113252,qwen
imbgeco,immigration,CH,Switzerland,6.48445283213619,1.9625326083363415,7.196193265007321,0.9155788375422184,qwen
imbgeco,immigration,CY,Cyprus,3.6828782273570484,2.5969415991911684,7.084671532846715,1.0754361627717417,qwen
imbgeco,immigration,DE,Germany,6.017000040531877,2.2911062141897083,7.052554744525548,0.9567458470174851,qwen
imbgeco,immigration,EE,Estonia,5.317774342421363,2.2944430795613218,7.051244509516837,0.9605155340512864,qwen
imbgeco,immigration,ES,Spain,6.313687149498994,2.344351933188753,7.1233480176211454,0.9136535951556899,qwen
imbgeco,immigration,FI,Finland,6.432967495105742,2.095123340746024,7.1046852122986826,1.03229736057306,qwen
imbgeco,immigration,FR,France,5.321947182331542,2.47236650436905,7.053362573099415,1.0681755124740968,qwen
imbgeco,immigration,GB,United Kingdom,6.376894945797732,2.4281824626662245,7.077941176470588,0.9072357777754281,qwen
imbgeco,immigration,GR,Greece,4.236081165215293,2.186585793193556,7.061674008810573,0.9980935442057669,qwen
imbgeco,immigration,HR,Croatia,5.043247114389215,2.5862925583713934,6.977941176470588,1.0859045472708877,qwen
imbgeco,immigration,HU,Hungary,3.6517531630383213,2.5155489846881656,6.837956204379562,1.2431173902863542,qwen
imbgeco,immigration,IE,Ireland,6.125966412675849,2.6587736473754444,7.14766081871345,0.8709449079388598,qwen
imbgeco,immigration,IL,Israel,4.957305921928851,2.6777145342066095,7.118768328445748,0.9734958768860239,qwen
imbgeco,immigration,IS,Iceland,6.763693051791229,2.158027222781135,7.1071953010279,1.0081832401031798,qwen
imbgeco,immigration,IT,Italy,5.143774492178013,2.5286434557028725,7.074670571010249,0.9979390792930056,qwen
imbgeco,immigration,LT,Lithuania,5.600116432947033,2.6201160644142694,6.9530791788856305,1.1550174867085585,qwen
imbgeco,immigration,LV,Latvia,5.152410156212118,2.633014371248394,6.963181148748159,1.0190512163728616,qwen
imbgeco,immigration,ME,Montenegro,4.2132053258244015,2.7540876643589,7.077712609970675,0.9171887967033672,qwen
imbgeco,immigration,NL,Netherlands,5.739189778032886,1.9402534025455624,7.1401459854014595,0.9827057061872057,qwen
imbgeco,immigration,NO,Norway,5.971415024050874,2.0597516430305314,7.117130307467057,1.0322011723114668,qwen
imbgeco,immigration,PL,Poland,5.516269816646318,2.4460787671796043,6.9867647058823525,0.9895483880547873,qwen
imbgeco,immigration,PT,Portugal,6.145828753645978,2.2198235960337978,7.06140350877193,1.0668854608514684,qwen
imbgeco,immigration,RS,Serbia,4.6659923199193525,3.0616903539340887,6.796486090775988,1.1918045945211793,qwen
imbgeco,immigration,SE,Sweden,5.945250039445946,2.0805169005604247,7.127007299270073,0.9302819519804524,qwen
imbgeco,immigration,SI,Slovenia,5.501060923277956,2.54407463650426,7.0583941605839415,0.9331956615072264,qwen
imbgeco,immigration,SK,Slovakia,3.94990465806269,2.7485725170956266,6.761346998535871,1.3187679538388686,qwen
imbgeco,immigration,UA,Ukraine,6.176947417577988,2.81877924059916,6.711964549483013,1.3394520468175224,qwen
imsmetn,immigration,AT,Austria,1.9848903594679843,0.802259529957706,2.886131386861314,0.45742453468793887,qwen
imsmetn,immigration,BE,Belgium,1.9048137548184112,0.7044253089373982,2.9182481751824816,0.4213281315784462,qwen
imsmetn,immigration,BG,Bulgaria,2.2584295318744276,1.0266249994343912,2.8686131386861313,0.5075096612478142,qwen
imsmetn,immigration,CH,Switzerland,1.8323559975393269,0.6536016814694029,2.9153284671532846,0.3956803510375621,qwen
imsmetn,immigration,CY,Cyprus,2.3744432028480555,0.8830584763563025,2.913868613138686,0.42218840922945017,qwen
imsmetn,immigration,DE,Germany,1.762261807972097,0.6899154737487135,2.9313868613138685,0.39694591100031634,qwen
imsmetn,immigration,EE,Estonia,2.0564161789601294,0.713834294629291,2.91812865497076,0.4002473698468797,qwen
imsmetn,immigration,ES,Spain,1.8990792529080591,0.817962435672302,2.935766423357664,0.395836745373544,qwen
imsmetn,immigration,FI,Finland,1.945990096143163,0.6764863006766781,2.9284671532846716,0.4580260381508832,qwen
imsmetn,immigration,FR,France,1.9617420516802728,0.7071034326966054,2.9007299270072995,0.46712013531166807,qwen
imsmetn,immigration,GB,United Kingdom,1.8744748593233793,0.7748312328624263,2.9078947368421053,0.4382805622832631,qwen
imsmetn,immigration,GR,Greece,2.0069010704420394,0.9318933493678764,2.8875912408759126,0.44973111776453567,qwen
imsmetn,immigration,HR,Croatia,2.007848082038974,0.9097033377657038,2.897810218978102,0.4727156757812649,qwen
imsmetn,immigration,HU,Hungary,2.8666734173836588,0.8804998783990738,2.9153284671532846,0.3728526257760371,qwen
imsmetn,immigration,IE,Ireland,2.0050826600753324,0.846812763013551,2.9430656934306567,0.3306461024921789,qwen
imsmetn,immigration,IL,Israel,1.7927284968003243,1.1274068781525866,2.9693430656934305,0.31146748579420297,qwen
imsmetn,immigration,IS,Iceland,1.5944948628437006,0.6105481222791607,2.9342105263157894,0.41572226073848234,qwen
imsmetn,immigration,IT,Italy,2.099682499728239,0.8415914705542806,2.908029197080292,0.4446002202782072,qwen
imsmetn,immigration,LT,Lithuania,1.9148544359816146,0.7838305143103949,2.896350364963504,0.4319831798903749,qwen
imsmetn,immigration,LV,Latvia,1.861880713866723,0.9756875974062875,2.896350364963504,0.4980090124487004,qwen
imsmetn,immigration,ME,Montenegro,2.1930207464010523,0.8437025464438357,2.9036496350364964,0.4518332959812974,qwen
imsmetn,immigration,NL,Netherlands,2.09184325558409,0.6975747306932476,2.896350364963504,0.4420196800287985,qwen
imsmetn,immigration,NO,Norway,1.6704486013714808,0.61393824957152,2.948905109489051,0.38466906645872784,qwen
imsmetn,immigration,PL,Poland,2.2737578360377912,0.7748541968957734,2.913868613138686,0.4152048887854277,qwen
imsmetn,immigration,PT,Portugal,2.407053493784501,0.7853713456635332,2.924087591240876,0.44925629699174313,qwen
imsmetn,immigration,RS,Serbia,1.8383213518091834,0.9222608093941408,2.835036496350365,0.5492673537167957,qwen
imsmetn,immigration,SE,Sweden,1.7306353858655772,0.6354810763112095,2.921167883211679,0.4584219462878593,qwen
imsmetn,immigration,SI,Slovenia,1.874171812683402,0.7460745822384444,2.9124087591240877,0.45038080954607307,qwen
imsmetn,immigration,SK,Slovakia,2.668491306572592,0.8979077213435557,2.908029197080292,0.4278428132275857,qwen
imsmetn,immigration,UA,Ukraine,1.6070585920919498,0.8563087408079539,2.858394160583942,0.5090758648994875,qwen
impcntr,immigration,AT,Austria,2.624895307919512,0.9325443380468,2.8671532846715326,0.5171205546001109,qwen
impcntr,immigration,BE,Belgium,2.1057834615457693,0.8236762083891918,2.875912408759124,0.5192951739585828,qwen
impcntr,immigration,BG,Bulgaria,2.802638021347716,0.9885390707940974,2.8625730994152048,0.5177407155406973,qwen
impcntr,immigration,CH,Switzerland,2.1668625229304874,0.7680681584421224,2.9239766081871346,0.41924212390504645,qwen
impcntr,immigration,CY,Cyprus,3.01573825997671,0.7437966965961555,2.9108187134502925,0.48635847921893177,qwen
impcntr,immigration,DE,Germany,2.172601577227967,0.8087067600829588,2.8934306569343065,0.47637219151442084,qwen
impcntr,immigration,EE,Estonia,2.753210304141824,0.8685915970027777,2.8859649122807016,0.4734615421091361,qwen
impcntr,immigration,ES,Spain,2.0156059548711043,0.8778687415693935,2.886131386861314,0.4762153552581018,qwen
impcntr,immigration,FI,Finland,2.4102001234500756,0.8058288145550183,2.902046783625731,0.549773192290986,qwen
impcntr,immigration,FR,France,2.232715812578728,0.8225389980837455,2.8801169590643276,0.524885249459311,qwen
impcntr,immigration,GB,United Kingdom,2.0219395846800894,0.848430285355126,2.8932748538011697,0.49773875842267157,qwen
impcntr,immigration,GR,Greece,3.040483689666175,0.7907982393692867,2.913868613138686,0.46503198685050295,qwen
impcntr,immigration,HR,Croatia,2.3126614395024476,0.9299349153544375,2.902046783625731,0.47858554177378854,qwen
impcntr,immigration,HU,Hungary,3.2467126616393696,0.7895514146457082,2.871345029239766,0.5086058263892006,qwen
impcntr,immigration,IE,Ireland,2.1726471210594567,0.8902763127314905,2.908029197080292,0.4346233151211162,qwen
impcntr,immigration,IL,Israel,3.170063969761885,0.8960326441496079,2.9371345029239766,0.40548361239456177,qwen
impcntr,immigration,IS,Iceland,1.8270792549310613,0.7537421933977912,2.9051094890510947,0.46332152703044815,qwen
impcntr,immigration,IT,Italy,2.259939683854844,0.8845466728919402,2.8508771929824563,0.5394936535058364,qwen
impcntr,immigration,LT,Lithuania,2.432967734905435,0.9073005874422578,2.858187134502924,0.4948403650586093,qwen
impcntr,immigration,LV,Latvia,2.704574812297274,1.01408941043032,2.856934306569343,0.5186289308361866,qwen
impcntr,immigration,ME,Montenegro,2.3313039240519635,0.8445580009466589,2.9108187134502925,0.45526035786282526,qwen
impcntr,immigration,NL,Netherlands,2.3225956942431747,0.8131809005001652,2.9065693430656934,0.4359912379682579,qwen
impcntr,immigration,NO,Norway,1.830581823036069,0.6959909901689839,2.9065693430656934,0.44920403606584236,qwen
impcntr,immigration,PL,Poland,2.5409953996613295,0.7673873645334611,2.8638360175695463,0.5084862671899547,qwen
impcntr,immigration,PT,Portugal,2.4760723365670385,0.8107473607252478,2.8976608187134505,0.4822413770046859,qwen
impcntr,immigration,RS,Serbia,2.5251294720870754,1.0817646195376982,2.8788321167883213,0.49991675578009376,qwen
impcntr,immigration,SE,Sweden,1.8384383959626223,0.7041014027599896,2.912280701754386,0.5421296896932916,qwen
impcntr,immigration,SI,Slovenia,2.1997549182309015,0.8258467324868838,2.9036496350364964,0.4614382485033985,qwen
impcntr,immigration,SK,Slovakia,2.8906624441759146,0.852134052987886,2.805839416058394,0.5712106799087039,qwen
impcntr,immigration,UA,Ukraine,2.328579534630941,1.0934683992270489,2.7795620437956203,0.6042174734997048,qwen
imdfetn,immigration,AT,Austria,2.4517622019493235,0.8802061273251262,2.932846715328467,0.3127667257159437,qwen
imdfetn,immigration,BE,Belgium,2.0919372892883823,0.8073378444642432,2.9532846715328467,0.3070923568362907,qwen
imdfetn,immigration,BG,Bulgaria,2.7328627261284333,0.987963184314789,2.9051094890510947,0.3877361887027174,qwen
imdfetn,immigration,CH,Switzerland,2.1007438940066754,0.7119868597103385,2.972262773722628,0.23091792642356118,qwen
imdfetn,immigration,CY,Cyprus,2.880309130017844,0.7480132622807513,2.9532846715328467,0.2874192220338075,qwen
imdfetn,immigration,DE,Germany,2.1155225248243354,0.7415870792779439,2.951824817518248,0.2794371404539162,qwen
imdfetn,immigration,EE,Estonia,2.482137790581076,0.8231709958675449,2.9313868613138685,0.3780822307632764,qwen
imdfetn,immigration,ES,Spain,2.020768220216837,0.871571042977701,2.924087591240876,0.3862636941771318,qwen
imdfetn,immigration,FI,Finland,2.3173999200612294,0.7958721225569396,2.935766423357664,0.36907843709787486,qwen
imdfetn,immigration,FR,France,2.1846977597098185,0.8005322694530923,2.9401459854014598,0.34739209145691935,qwen
imdfetn,immigration,GB,United Kingdom,1.9310717703886444,0.7847687411676028,2.9416058394160585,0.3145223650148051,qwen
imdfetn,immigration,GR,Greece,2.8650876952628623,0.8124512890397037,2.934306569343066,0.354675940594929,qwen
imdfetn,immigration,HR,Croatia,2.319903488882591,0.9429217058981054,2.9065693430656934,0.42581266979803767,qwen
imdfetn,immigration,HU,Hungary,3.2389901160797776,0.768225077208008,2.899270072992701,0.4011125519017365,qwen
imdfetn,immigration,IE,Ireland,2.1791032143283253,0.8894551469869207,2.9401459854014598,0.31656504694849474,qwen
imdfetn,immigration,IL,Israel,2.928104329006959,0.988690987686415,2.959124087591241,0.2831926236065101,qwen
imdfetn,immigration,IS,Iceland,1.8098389980877778,0.7528171498365184,2.975182481751825,0.266496936636281,qwen
imdfetn,immigration,IT,Italy,2.343602730831374,0.8587056770844878,2.9197080291970803,0.36391298845525133,qwen
imdfetn,immigration,LT,Lithuania,2.3379386305133734,0.8970813904785923,2.9284671532846716,0.3451732561633261,qwen
imdfetn,immigration,LV,Latvia,2.4385633393195496,1.0373280123666098,2.940058479532164,0.38367567605151265,qwen
imdfetn,immigration,ME,Montenegro,2.284846733970834,0.8193283772273464,2.9473684210526314,0.31110548449993075,qwen
imdfetn,immigration,NL,Netherlands,2.166043221464122,0.7310213203390152,2.964963503649635,0.2625758706495241,qwen
imdfetn,immigration,NO,Norway,1.7362368862212043,0.6723635799431303,2.948905109489051,0.32266180679997164,qwen
imdfetn,immigration,PL,Poland,2.660975103502025,0.8066234522048692,2.934306569343066,0.342086382383655,qwen
imdfetn,immigration,PT,Portugal,2.525527473334346,0.8079625437610874,2.927007299270073,0.3593983865281541,qwen
imdfetn,immigration,RS,Serbia,2.3673391689506214,1.0400754281561135,2.9153284671532846,0.3728526257760371,qwen
imdfetn,immigration,SE,Sweden,1.7725604395730519,0.6786479470000785,2.9416058394160585,0.3967415408779991,qwen
imdfetn,immigration,SI,Slovenia,2.202717709087987,0.809141524736039,2.948905109489051,0.33598001635809177,qwen
imdfetn,immigration,SK,Slovakia,2.955207288230443,0.8221506042981189,2.9445255474452554,0.3103760471549688,qwen
imdfetn,immigration,UA,Ukraine,2.139831627748936,1.0299020627035194,2.8686131386861313,0.44290241305274153,qwen
gincdif,values,AT,Austria,1.8357850585925592,0.8482865431523864,3.41021897810219,0.518274898202818,qwen
gincdif,values,BE,Belgium,2.1720802640896064,0.9949910736596599,3.3576642335766422,0.555899069962322,qwen
gincdif,values,BG,Bulgaria,1.5765544452850997,0.8410492045798288,3.3226277372262776,0.5293978567674688,qwen
gincdif,values,CH,Switzerland,2.2268630321551566,1.0099093629053904,3.3649635036496353,0.5577197782087797,qwen
gincdif,values,CY,Cyprus,1.9201601100983492,0.9436877140159126,3.413138686131387,0.5354150052193725,qwen
gincdif,values,DE,Germany,2.245756485033962,0.9697362603064524,3.3912408759124086,0.5395843175571522,qwen
gincdif,values,EE,Estonia,2.4714217506623983,0.9958313547948203,3.3503649635036497,0.5296920775471947,qwen
gincdif,values,ES,Spain,2.2390640373900483,1.0350336504377626,3.343065693430657,0.5598396309165067,qwen
gincdif,values,FI,Finland,2.2839959243441132,1.0050396138626976,3.359124087591241,0.5153427781818649,qwen
gincdif,values,FR,France,2.1055804270824057,1.0722848192788625,3.3065693430656933,0.5320439979225825,qwen
gincdif,values,GB,United Kingdom,2.1757216244786504,0.9963492209249417,3.334306569343066,0.5078964122013031,qwen
gincdif,values,GR,Greece,1.7002968943187178,0.798982811770745,3.381021897810219,0.5455204134123758,qwen
gincdif,values,HR,Croatia,1.9352503863717316,0.9033262886377711,3.386861313868613,0.5386817239742642,qwen
gincdif,values,HU,Hungary,1.8453483315603791,0.9304015630107489,3.2744525547445256,0.5598701286697219,qwen
gincdif,values,IE,Ireland,2.0458435789120073,0.9407137721299345,3.3883211678832117,0.5628698515641104,qwen
gincdif,values,IL,Israel,2.254488633535265,1.0402877437796958,3.508029197080292,0.5259436512521879,qwen
gincdif,values,IS,Iceland,2.1414361386261214,0.9982674413562134,3.411678832116788,0.5513229296190938,qwen
gincdif,values,IT,Italy,1.8017486793566568,0.8447168535948194,3.372262773722628,0.5435332114063058,qwen
gincdif,values,LT,Lithuania,2.121179547383133,0.9805559841016092,3.283211678832117,0.5554842657124041,qwen
gincdif,values,LV,Latvia,1.9796661004482587,0.944902861842144,3.3065693430656933,0.5320439979225825,qwen
gincdif,values,ME,Montenegro,2.293288828528572,1.0921740290493038,3.4160583941605838,0.5440042108113304,qwen
gincdif,values,NL,Netherlands,2.3307843275086677,1.0063788590941443,3.372262773722628,0.5354030463838346,qwen
gincdif,values,NO,Norway,2.2834812388590824,0.9777834109203098,3.4262773722627737,0.5534672836430897,qwen
gincdif,values,PL,Poland,2.5549544515394365,1.0972876335817574,3.3781021897810217,0.5116644277434234,qwen
gincdif,values,PT,Portugal,1.739313170854453,0.7659278870837078,3.3445255474452553,0.5362474809479127,qwen
gincdif,values,RS,Serbia,1.9827876444054082,0.9714746764454562,3.3503649635036497,0.5296920775471946,qwen
gincdif,values,SE,Sweden,2.3279505976838246,0.9073903127600642,3.4,0.5331139899831832,qwen
gincdif,values,SI,Slovenia,2.041077543530936,0.937292547544402,3.359124087591241,0.5320921336322552,qwen
gincdif,values,SK,Slovakia,2.0097256652350133,0.8452932908204515,3.3416058394160584,0.5353910872811766,qwen
gincdif,values,UA,Ukraine,2.089412928826519,1.080375501658059,3.2992700729927007,0.486137712777307,qwen
freehms,values,AT,Austria,1.8048403829960766,0.9115840436715983,3.702189781021898,0.8696025805740424,qwen
freehms,values,BE,Belgium,1.4898664420721157,0.869878861423761,3.8627737226277374,0.8894284335964174,qwen
freehms,values,BG,Bulgaria,2.936348653180641,1.2945841023392308,3.4642335766423358,0.8345374831960904,qwen
freehms,values,CH,Switzerland,1.681711327728691,0.8015227077583311,3.816058394160584,0.8941193171553129,qwen
freehms,values,CY,Cyprus,2.5601500385869453,1.130945762975391,3.5357664233576642,0.84671166704881,qwen
freehms,values,DE,Germany,1.530034629573154,0.69406445606028,3.8131386861313867,0.9177280552372888,qwen
freehms,values,EE,Estonia,2.28474033252233,1.0679866161702931,3.6423357664233578,0.8663395661178311,qwen
freehms,values,ES,Spain,1.5241104285026639,0.783908853768037,3.727007299270073,0.8917673864770282,qwen
freehms,values,FI,Finland,1.6470933615759245,0.8292731727594597,3.889051094890511,0.9060936360057149,qwen
freehms,values,FR,France,1.4007917808708183,0.7859407229370496,3.7518248175182483,0.9014366530387311,qwen
freehms,values,GB,United Kingdom,1.5388997373585795,0.7322417028973582,3.7751824817518247,0.9407739924954454,qwen
freehms,values,GR,Greece,2.17310224200268,1.1699956257615467,3.6087591240875914,0.9105838410932025,qwen
freehms,values,HR,Croatia,2.565495668237443,1.1255267816775996,3.5664233576642337,0.8670610921182647,qwen
freehms,values,HU,Hungary,2.690709609447177,1.2543735068448747,3.432116788321168,0.8183686441955945,qwen
freehms,values,IE,Ireland,1.555016083388427,0.7829197773686,3.8554744525547444,0.9308645063831978,qwen
freehms,values,IL,Israel,2.7719260476232255,1.4744816242172984,3.499270072992701,0.8211830317845007,qwen
freehms,values,IS,Iceland,1.3194521636061314,0.7057087260493001,3.9547445255474454,0.9578828691808475,qwen
freehms,values,IT,Italy,2.092037298307339,1.0159876456686558,3.721167883211679,0.9285458871074063,qwen
freehms,values,LT,Lithuania,3.0050030857827386,1.141480316899656,3.5445255474452555,0.851462425129716,qwen
freehms,values,LV,Latvia,2.468777846308473,1.2558480344950962,3.4744525547445257,0.7954576082926644,qwen
freehms,values,ME,Montenegro,3.3321808808026123,1.2184330113663548,3.461313868613139,0.8534628615357734,qwen
freehms,values,NL,Netherlands,1.445133996683743,0.7036742854321734,4.061313868613139,0.9059782099143135,qwen
freehms,values,NO,Norway,1.4441179088078822,0.6852131508943449,4.0992700729927005,0.9234198096154312,qwen
freehms,values,PL,Poland,2.3225344510924515,1.0934718813624278,3.497810218978102,0.8370502330120208,qwen
freehms,values,PT,Portugal,1.8773637836038686,0.9176823894987853,3.72992700729927,0.938952770167806,qwen
freehms,values,RS,Serbia,3.1265715118957917,1.3386531295813646,3.3824817518248174,0.8018525526017147,qwen
freehms,values,SE,Sweden,1.425785553832825,0.698236634958843,3.9854014598540144,0.9565517494694527,qwen
freehms,values,SI,Slovenia,2.3629947482756473,1.0407782454388308,3.7503649635036496,0.9383888836811012,qwen
freehms,values,SK,Slovakia,2.6065690910874335,1.1808278344003713,3.4686131386861314,0.8043878047747849,qwen
freehms,values,UA,Ukraine,2.9931284831475167,1.381845135679538,3.345985401459854,0.7789270058794505,qwen
hmsfmlsh,values,AT,Austria,4.147308028861745,1.1220901785126633,2.988321167883212,0.5797591874337471,qwen
hmsfmlsh,values,BE,Belgium,4.405791777554618,1.087304254204888,2.98978102189781,0.5605558894480198,qwen
hmsfmlsh,values,BG,Bulgaria,2.815351952556245,1.3390006883319725,2.992690058479532,0.6298614157602764,qwen
hmsfmlsh,values,CH,Switzerland,4.338163551741064,0.9071354553573259,2.983941605839416,0.5551768034913243,qwen
hmsfmlsh,values,CY,Cyprus,3.223456992817589,1.1377698274401407,2.948905109489051,0.6343155804507011,qwen
hmsfmlsh,values,DE,Germany,4.476295645274503,0.8271109613357113,2.9664233576642336,0.5950916893654855,qwen
hmsfmlsh,values,EE,Estonia,3.6581727531774,1.2219923136330886,2.9532846715328467,0.5905012112938876,qwen
hmsfmlsh,values,ES,Spain,4.564413348405986,0.8773885200685794,2.948905109489051,0.5609250906822548,qwen
hmsfmlsh,values,FI,Finland,4.466912225808951,0.8301666166291634,3.0072992700729926,0.5606015770070053,qwen
hmsfmlsh,values,FR,France,4.607616902636518,0.8956009678608612,2.9912408759124087,0.5297404269679103,qwen
hmsfmlsh,values,GB,United Kingdom,4.421650390697318,0.9237562317333435,3.01021897810219,0.5631579545767313,qwen
hmsfmlsh,values,GR,Greece,3.409401943597352,1.3401954676674963,2.9912408759124087,0.6069136826681023,qwen
hmsfmlsh,values,HR,Croatia,3.2644572705160075,1.2071891711249758,2.9430656934306567,0.6497632970315358,qwen
hmsfmlsh,values,HU,Hungary,3.293985811219156,1.3048496503964033,2.982456140350877,0.6423208669895033,qwen
hmsfmlsh,values,IE,Ireland,4.363610254415526,1.0362110130763555,2.9927007299270074,0.5474068369154752,qwen
hmsfmlsh,values,IL,Israel,3.092598797312127,1.4837062096008957,3.0145985401459856,0.6043870010795146,qwen
hmsfmlsh,values,IS,Iceland,4.749361652255945,0.6745042977261939,2.945906432748538,0.64596794023554,qwen
hmsfmlsh,values,IT,Italy,3.8375576432386036,1.060070225951727,2.9547445255474454,0.5893760704962847,qwen
hmsfmlsh,values,LT,Lithuania,3.0973628167924105,1.1617294783378334,2.9809663250366034,0.6135715382811318,qwen
hmsfmlsh,values,LV,Latvia,3.084096141517945,1.3840300717145457,2.973684210526316,0.6281888672891714,qwen
hmsfmlsh,values,ME,Montenegro,2.9981544280044723,1.1686757899030416,2.959124087591241,0.5884555492220017,qwen
hmsfmlsh,values,NL,Netherlands,4.526722688061487,0.9001308315486732,2.978102189781022,0.5731205399256526,qwen
hmsfmlsh,values,NO,Norway,4.562125366986062,0.781905796814241,2.9284671532846716,0.666112588290572,qwen
hmsfmlsh,values,PL,Poland,3.766829360736546,1.209928337992963,3.016058394160584,0.552537153978497,qwen
hmsfmlsh,values,PT,Portugal,3.960362500463685,1.14824218850779,2.9854014598540144,0.6092057126211665,qwen
hmsfmlsh,values,RS,Serbia,2.723069707108146,1.4182508498135005,2.973722627737226,0.6415521739952232,qwen
hmsfmlsh,values,SE,Sweden,4.587711797305787,0.7815274095803415,2.9605839416058393,0.6020624474898126,qwen
hmsfmlsh,values,SI,Slovenia,3.725860891266949,1.1407292114608247,2.948905109489051,0.6132213842722917,qwen
hmsfmlsh,values,SK,Slovakia,3.140008514024636,1.2251609120289109,2.972262773722628,0.6170968067173224,qwen
hmsfmlsh,values,UA,Ukraine,2.4866616182198324,1.3712752707286429,3.0,0.599707531057446,qwen
hmsacld,values,AT,Austria,2.3283595156863424,1.28402390834034,3.011678832116788,0.5513229296190938,qwen
hmsacld,values,BE,Belgium,1.8758176179656545,1.1706599407282337,3.0525547445255476,0.5672700982100297,qwen
hmsacld,values,BG,Bulgaria,3.7089479531413008,1.2535944355507374,2.935766423357664,0.6273187660600292,qwen
hmsacld,values,CH,Switzerland,2.508597984239608,1.278082604057314,3.0686131386861315,0.4982061130834027,qwen
hmsacld,values,CY,Cyprus,3.716198939903026,1.2720113850934618,2.9985401459854013,0.4941152825951963,qwen
hmsacld,values,DE,Germany,1.9107101931485644,1.0429038893935523,3.026277372262774,0.5917648884363343,qwen
hmsacld,values,EE,Estonia,3.0847703715488484,1.3700731885725446,3.035036496350365,0.49435279339615723,qwen
hmsacld,values,ES,Spain,1.735098497487845,1.0477927104779508,3.0233576642335764,0.566648964341997,qwen
hmsacld,values,FI,Finland,2.13443652053681,1.1925924458743113,3.0452554744525546,0.5209037921351466,qwen
hmsacld,values,FR,France,2.1379974437669227,1.3368024660251876,3.0175182481751825,0.5564478257487868,qwen
hmsacld,values,GB,United Kingdom,1.891252942041102,1.0373934649471324,3.0189781021897812,0.5471260434438502,qwen
hmsacld,values,GR,Greece,3.864890146669234,1.2614793048487902,3.013138686131387,0.5419287514735769,qwen
hmsacld,values,HR,Croatia,3.5825735883876977,1.2332019349605594,2.9912408759124087,0.5157567613935936,qwen
hmsacld,values,HU,Hungary,3.3170250072457623,1.259370001644766,2.959124087591241,0.5472625582653847,qwen
hmsacld,values,IE,Ireland,1.9511084635234233,1.1206117655581447,3.0145985401459856,0.5896946560931058,qwen
hmsacld,values,IL,Israel,3.004916357312073,1.4805841885094917,3.0744525547445254,0.511852100388928,qwen
hmsacld,values,IS,Iceland,1.6136432116387014,1.1099785778643343,3.0467153284671533,0.5467943655528713,qwen
hmsacld,values,IT,Italy,3.189110426066679,1.2746065593696327,3.013138686131387,0.49982709265395253,qwen
hmsacld,values,LT,Lithuania,3.8929680058979232,1.0254374314810153,2.924087591240876,0.6189650798666557,qwen
hmsacld,values,LV,Latvia,3.691122363824701,1.3127537249694412,3.013138686131387,0.5884881907235507,qwen
hmsacld,values,ME,Montenegro,3.609247573779838,1.1522096115416658,2.9766423357664236,0.5402326190706985,qwen
hmsacld,values,NL,Netherlands,1.8122463900339445,1.0545263148827153,3.1197080291970805,0.54636483645222,qwen
hmsacld,values,NO,Norway,1.8546935913036795,1.0651081892831464,3.0846715328467154,0.5448979880584905,qwen
hmsacld,values,PL,Poland,3.690918841333205,1.3092616604835379,3.027737226277372,0.49629179409305985,qwen
hmsacld,values,PT,Portugal,2.532455748115913,1.2532817523691113,2.9956204379562044,0.5886187386285967,qwen
hmsacld,values,RS,Serbia,4.054340716461004,1.1343128680878303,2.9474452554744524,0.5973969230097043,qwen
hmsacld,values,SE,Sweden,1.7863564870804594,0.9946625844214346,3.110948905109489,0.5793319948449184,qwen
hmsacld,values,SI,Slovenia,3.1789430084301267,1.300934490290156,2.997080291970803,0.5325572211848901,qwen
hmsacld,values,SK,Slovakia,3.803739725541597,1.1867565910602178,2.978102189781022,0.5196033305521904,qwen
hmsacld,values,UA,Ukraine,3.6298902633912213,1.303423642630915,2.935766423357664,0.5423224405948137,qwen
euftf,values,AT,Austria,4.825502874722448,3.0342084393956115,6.7745241581259155,1.2626350979378649,qwen
euftf,values,BE,Belgium,5.765449320758711,2.416902944449942,6.915204678362573,1.097769515091875,qwen
euftf,values,BG,Bulgaria,5.673726649526171,2.5693029420564284,6.703812316715543,1.4070151950647976,qwen
euftf,values,CH,Switzerland,5.058785730554144,2.414685662231084,6.877372262773723,1.1894389495584032,qwen
euftf,values,CY,Cyprus,5.792117109114383,2.9949679655598245,6.837956204379562,1.2583133719144801,qwen
euftf,values,DE,Germany,6.214667663946268,2.6418240606486596,6.928257686676427,1.123910111781772,qwen
euftf,values,EE,Estonia,5.716786505267848,2.89821692560743,6.810218978102189,1.1693755938379535,qwen
euftf,values,ES,Spain,6.219196303613679,2.3809300800724755,6.923976608187134,1.1954322433136584,qwen
euftf,values,FI,Finland,5.534029420072393,2.0625584465525115,6.766081871345029,1.2067241448077874,qwen
euftf,values,FR,France,5.208859418881203,2.7424846505392346,6.90190336749634,1.2874464517078121,qwen
euftf,values,GB,United Kingdom,5.343863392336422,2.4756337672732776,6.756240822320118,1.2658036139062592,qwen
euftf,values,GR,Greece,5.151211798556243,2.336877597222095,6.881231671554252,1.240162325003522,qwen
euftf,values,HR,Croatia,5.322777832267683,2.7974378070924315,6.801459854014599,1.2892938251092692,qwen
euftf,values,HU,Hungary,4.477193257978707,2.800913282537003,6.756240822320118,1.336993981521684,qwen
euftf,values,IE,Ireland,5.243559180491938,2.5821933775669614,6.916544655929722,1.09801410005155,qwen
euftf,values,IL,Israel,4.852961097473329,2.491458730736414,7.090510948905109,1.0104630410178232,qwen
euftf,values,IS,Iceland,5.62716797734462,2.263634006374303,6.8843338213762815,1.3252910773560425,qwen
euftf,values,IT,Italy,4.73214741711083,2.715610563008266,7.014598540145985,1.0609041263010264,qwen
euftf,values,LT,Lithuania,6.1896127724052565,2.778846660603036,6.7862371888726205,1.1247617079500343,qwen
euftf,values,LV,Latvia,4.827724410534694,2.6225231586716697,6.716374269005848,1.1201447094518346,qwen
euftf,values,ME,Montenegro,6.083059795496807,2.4725380356147033,6.881578947368421,1.2108634037870698,qwen
euftf,values,NL,Netherlands,5.575385357085336,2.301409214067249,6.941089837997055,1.155749762087883,qwen
euftf,values,NO,Norway,5.097026537869741,2.078064846793545,6.907894736842105,1.171399888597371,qwen
euftf,values,PL,Poland,5.6268710507039295,2.7656972811566396,6.838945827232797,1.132228514516601,qwen
euftf,values,PT,Portugal,6.304979972798495,2.229811268835333,6.828947368421052,1.2811202787127116,qwen
euftf,values,RS,Serbia,4.8863689602539795,3.507210676588169,6.714494875549049,1.2213439671597008,qwen
euftf,values,SE,Sweden,5.135459709443543,2.0268768402526756,6.9209370424597365,1.0414648213148638,qwen
euftf,values,SI,Slovenia,5.628276825877404,2.5334816153476174,6.814055636896047,1.2475107565905343,qwen
euftf,values,SK,Slovakia,4.506864222072202,3.1069045221663543,6.737226277372263,1.2913911590313292,qwen
euftf,values,UA,Ukraine,6.357211111872502,3.37601453739195,6.530102790014684,1.4408090521345265,qwen
atchctr,attachment,AT,Austria,8.143301566730617,1.963193689283061,7.0469208211143695,1.2514300388087243,qwen
atchctr,attachment,BE,Belgium,6.4384596891130395,2.4364640132962894,7.184480234260615,1.1347971839946955,qwen
atchctr,attachment,BG,Bulgaria,7.809716109099207,2.4319335045433403,7.143906020558003,1.140109134343594,qwen
atchctr,attachment,CH,Switzerland,7.74467005313434,1.8717420285613302,7.286861313868613,1.0844338214912783,qwen
atchctr,attachment,CY,Cyprus,8.104507952397872,2.1998829115038263,7.425219941348973,1.0624316282804405,qwen
atchctr,attachment,DE,Germany,7.173427417552009,2.250203405654173,7.165204678362573,1.0929240477502762,qwen
atchctr,attachment,EE,Estonia,7.764812738799736,2.177116452813285,7.394736842105263,0.9690836206861889,qwen
atchctr,attachment,ES,Spain,7.6705586518274265,2.361073643641371,7.409356725146199,1.0032014032969458,qwen
atchctr,attachment,FI,Finland,8.532889956209539,1.721974346336809,7.357456140350878,1.1112047290023845,qwen
atchctr,attachment,FR,France,8.11408061265241,1.7557768826141311,7.3452554744525544,1.0889510755177674,qwen
atchctr,attachment,GB,United Kingdom,6.446242122238281,2.686254482171474,7.173274596182085,1.2506196097573312,qwen
atchctr,attachment,GR,Greece,8.881524692125504,1.5027453695254007,7.3841642228739,1.0327592836874624,qwen
atchctr,attachment,HR,Croatia,7.805299599467808,2.3082126079291276,7.4071637426900585,1.058919376287468,qwen
atchctr,attachment,HU,Hungary,8.192343443970984,1.9373680552289099,7.1982378854625555,1.1667815748147923,qwen
atchctr,attachment,IE,Ireland,7.940130153125142,1.9499742875864232,7.325768667642753,1.0492047480346098,qwen
atchctr,attachment,IL,Israel,7.589408771063847,2.976638904720854,7.576866764275256,0.9247449476977929,qwen
atchctr,attachment,IS,Iceland,7.798589150536426,1.9086261257204415,7.642647058823529,1.0657081110920106,qwen
atchctr,attachment,IT,Italy,7.8728001015022055,2.1457995087140276,7.344298245614035,1.1480250806853984,qwen
atchctr,attachment,LT,Lithuania,7.66776595743522,2.351043034499375,7.201908957415565,1.0568317791144044,qwen
atchctr,attachment,LV,Latvia,8.002254051978401,2.3460469517606706,7.250367107195301,1.2319654360501981,qwen
atchctr,attachment,ME,Montenegro,7.43172280951192,2.611198558009051,7.4108187134502925,0.8535173470233584,qwen
atchctr,attachment,NL,Netherlands,6.91995596751002,1.9759069697496663,7.363970588235294,1.0023295982766303,qwen
atchctr,attachment,NO,Norway,8.356020732898022,1.7609468632769683,7.459124087591241,1.018007079023683,qwen
atchctr,attachment,PL,Poland,8.381322284672837,2.067943260908936,7.222058823529411,1.0810110344594368,qwen
atchctr,attachment,PT,Portugal,8.323597733262226,1.958016904353307,7.431918008784773,1.0353602992578543,qwen
atchctr,attachment,RS,Serbia,7.955240033272359,2.769081811317891,7.22459499263623,1.162338746784161,qwen
atchctr,attachment,SE,Sweden,7.687499171975582,2.2106911613218845,7.33674963396779,1.054975353902754,qwen
atchctr,attachment,SI,Slovenia,7.822256846162968,2.2401440085016127,7.336988304093567,0.9875314891333421,qwen
atchctr,attachment,SK,Slovakia,7.3373376954344876,2.401305239829526,7.248901903367496,1.0041604628897596,qwen
atchctr,attachment,UA,Ukraine,8.384846624537102,2.2335078090949296,7.703676470588236,1.2757167893743115,qwen
atcherp,attachment,AT,Austria,6.459312965022585,2.4740283129114413,7.563782991202346,0.8342656516407905,qwen
atcherp,attachment,BE,Belgium,5.737255057652594,2.4869016145939025,7.449487554904832,0.7931223059194246,qwen
atcherp,attachment,BG,Bulgaria,4.557503875500378,2.7733848582900498,7.230600292825769,1.108439005606296,qwen
atcherp,attachment,CH,Switzerland,6.089205374334021,2.29180426314845,7.66593567251462,0.7808246393260204,qwen
atcherp,attachment,CY,Cyprus,5.111489573318731,2.6391498452836135,7.438970588235295,0.9212091684172979,qwen
atcherp,attachment,DE,Germany,6.372853835697904,2.5349371781994114,7.535923753665689,0.8416209345117927,qwen
atcherp,attachment,EE,Estonia,5.66938285217246,2.650948355524505,7.464128843338214,0.8526920941476905,qwen
atcherp,attachment,ES,Spain,6.66848211243954,2.265122140456476,7.56359649122807,0.784161994192238,qwen
atcherp,attachment,FI,Finland,6.847523322270992,1.9594314130921375,7.501461988304094,0.9014373896802061,qwen
atcherp,attachment,FR,France,6.118343031458958,2.506014263379807,7.519736842105263,0.9469714016157794,qwen
atcherp,attachment,GB,United Kingdom,4.782086100508302,2.709499960031744,6.934268833087149,1.2717486465216126,qwen
atcherp,attachment,GR,Greece,5.377431957724561,2.396499458360454,7.418262150220913,0.9871695700762131,qwen
atcherp,attachment,HR,Croatia,6.017784696959767,2.7024896573637998,7.527941176470589,0.9210107766644458,qwen
atcherp,attachment,HU,Hungary,7.386025960497832,2.308692837898404,7.28939617083947,1.0827717984856897,qwen
atcherp,attachment,IE,Ireland,5.9434348180023875,2.383310584470113,7.277777777777778,0.9775834656147631,qwen
atcherp,attachment,IL,Israel,2.430308978588516,2.3683137968434713,6.704245973645681,1.488350504372451,qwen
atcherp,attachment,IS,Iceland,6.068364672873836,2.2551332756453117,7.4340175953079175,0.9626129941408311,qwen
atcherp,attachment,IT,Italy,5.7209684284249445,2.308495754114149,7.561674008810573,0.8773369562203197,qwen
atcherp,attachment,LT,Lithuania,5.910696311492451,2.677545132751692,7.380673499267935,1.015658122877219,qwen
atcherp,attachment,LV,Latvia,5.3753155336116425,2.768291889432703,7.446559297218156,0.9987524581455131,qwen
atcherp,attachment,ME,Montenegro,4.7930529170902565,2.497743690399417,7.54093567251462,0.7835738611362147,qwen
atcherp,attachment,NL,Netherlands,5.724042520406502,2.175500955768772,7.505865102639296,0.8775855774791855,qwen
atcherp,attachment,NO,Norway,6.528823298702699,2.258380187969604,7.576866764275256,0.8817259258533342,qwen
atcherp,attachment,PL,Poland,6.852986064225321,2.392893967990444,7.459618208516887,0.9023168713782562,qwen
atcherp,attachment,PT,Portugal,6.708304466826482,2.185217417074786,7.4714912280701755,1.045238859646461,qwen
atcherp,attachment,RS,Serbia,3.5381177753021533,3.0939519700451057,7.169838945827233,1.0886637146984095,qwen
atcherp,attachment,SE,Sweden,6.492313928148823,2.2401736423879495,7.549192364170338,0.9216370152840045,qwen
atcherp,attachment,SI,Slovenia,5.98720295951601,2.6551961227910086,7.470717423133236,0.8922231192476667,qwen
atcherp,attachment,SK,Slovakia,6.0905108649622255,2.750945268381491,7.307467057101025,1.050018794698977,qwen
atcherp,attachment,UA,Ukraine,5.628034619503941,3.1507378764613088,7.055391432791728,1.4137808751096834,qwen
health,health,AT,Austria,1.9141356256686646,0.9232104251785521,3.5313868613138686,0.5715542348669757,qwen
health,health,BE,Belgium,2.114847504252695,0.8827077394660321,3.619134897360704,0.5523448740564103,qwen
health,health,BG,Bulgaria,2.0014969415203407,0.89154254997927,3.4733137829912026,0.5425091415355979,qwen
health,health,CH,Switzerland,1.8562260693555466,0.7370794966101829,3.6530746705710104,0.5333572955159234,qwen
health,health,CY,Cyprus,1.9838909971504628,0.972816685203613,3.5790204678362576,0.5332315961744813,qwen
health,health,DE,Germany,2.3404064086681218,0.9204941688404913,3.664865150281536,0.565835523867878,qwen
health,health,EE,Estonia,2.384538456606737,0.8140440645423924,3.480482456140351,0.5346718603289624,qwen
health,health,ES,Spain,2.2450335664243757,0.9550380949578365,3.587792397660819,0.5523549563765806,qwen
health,health,FI,Finland,2.242125842698102,0.832107114210838,3.455263157894737,0.5877670137206786,qwen
health,health,FR,France,2.1955373529269524,0.917509906548585,3.5846491228070176,0.5504807107146643,qwen
health,health,GB,United Kingdom,2.1475728850864075,0.9299975852006594,3.49619326500732,0.5431661585466739,qwen
health,health,GR,Greece,1.6507620037517867,0.7968449482650742,3.569956140350878,0.5671008425049767,qwen
health,health,HR,Croatia,2.1587218174065788,1.0763146128824166,3.5488403352970987,0.5530345294837313,qwen
health,health,HU,Hungary,2.1453850505528766,0.968639011634433,3.4983211678832116,0.5314943202799651,qwen
health,health,IE,Ireland,1.7979717869331635,0.7767376972115357,3.6423245614035085,0.5225335340557944,qwen
health,health,IL,Israel,1.805679135155322,1.0235947764484168,3.7272992700729923,0.46319905862255717,qwen
health,health,IS,Iceland,2.0520469187203223,0.933014525178925,3.601328542334479,0.5616986544615424,qwen
health,health,IT,Italy,2.208019228294266,0.8613077531480793,3.5973684210526313,0.5936156961094347,qwen
health,health,LT,Lithuania,2.3620473814182037,0.8127189824484872,3.4867153284671533,0.5220910911327,qwen
health,health,LV,Latvia,2.651565011670587,0.829205302339946,3.4780701754385963,0.5338484996176719,qwen
health,health,ME,Montenegro,2.0184010632287226,0.8525585211091011,3.6326547798520896,0.5386990104052676,qwen
health,health,NL,Netherlands,2.136731618071862,0.7366112674677908,3.680543318649045,0.5517881346560523,qwen
health,health,NO,Norway,2.065780416217236,0.9372793967065801,3.6317601195005995,0.5407231399692449,qwen
health,health,PL,Poland,2.234161722961197,0.8088475011682066,3.5887262079062956,0.5182847186261672,qwen
health,health,PT,Portugal,2.392226647275271,0.8990897224501815,3.527737226277372,0.530540925413939,qwen
health,health,RS,Serbia,2.3095017135503286,1.0226643886584024,3.4846715328467153,0.5839145614308737,qwen
health,health,SE,Sweden,2.049525199592529,0.8356555728872694,3.562727420402859,0.5568952086051453,qwen
health,health,SI,Slovenia,2.1846749396506233,0.8942901128662777,3.570833333333333,0.5551906337685323,qwen
health,health,SK,Slovakia,2.2348633159025577,0.8945051260799347,3.5083211678832114,0.5421186634293272,qwen
health,health,UA,Ukraine,2.673107019642948,0.8603051181585082,3.4017543859649124,0.5136253238114178,qwen
rlgatnd,religion,AT,Austria,5.479338666840443,1.3400087072150901,3.2744525547445256,0.6582838308148875,qwen
rlgatnd,religion,BE,Belgium,6.116130995693989,1.3653135699401429,3.2875912408759125,0.6800676410581478,qwen
rlgatnd,religion,BG,Bulgaria,5.327140858928711,1.2396764000564964,3.1824817518248176,0.7175634750147817,qwen
rlgatnd,religion,CH,Switzerland,5.734269035247372,1.3171909253730611,3.178102189781022,0.717646752160846,qwen
rlgatnd,religion,CY,Cyprus,4.353221003891415,1.3570157202418038,3.230656934306569,0.7004136250594719,qwen
rlgatnd,religion,DE,Germany,6.072509764828908,1.2470883860930286,3.2905109489051094,0.6701535142798131,qwen
rlgatnd,religion,EE,Estonia,6.052758649598297,1.0707400981460191,3.1489051094890512,0.6975433907064845,qwen
rlgatnd,religion,ES,Spain,5.881227715894526,1.5065486967625719,3.237956204379562,0.6777727744249205,qwen
rlgatnd,religion,FI,Finland,5.850632443390991,1.165045751022802,3.195906432748538,0.7217074860899844,qwen
rlgatnd,religion,FR,France,6.127880470150239,1.2904666557657698,3.164963503649635,0.7238210055540485,qwen
rlgatnd,religion,GB,United Kingdom,5.845746367740842,1.583302523856709,3.321167883211679,0.7064273279872727,qwen
rlgatnd,religion,GR,Greece,4.563632269248038,1.173277911508533,3.235036496350365,0.6830863097448272,qwen
rlgatnd,religion,HR,Croatia,4.986787808266148,1.4499214808058578,3.2510948905109487,0.6869839145695944,qwen
rlgatnd,religion,HU,Hungary,5.677079152143987,1.4075077348572846,3.25985401459854,0.7252202583364239,qwen
rlgatnd,religion,IE,Ireland,5.103841421421447,1.5704984412755174,3.2485380116959064,0.7011270345747342,qwen
rlgatnd,religion,IL,Israel,5.142386564860492,1.9814960341303947,3.2773722627737225,0.6435683486662159,qwen
rlgatnd,religion,IS,Iceland,6.145479970306821,1.1653814568349314,3.1386861313868613,0.7549300125555268,qwen
rlgatnd,religion,IT,Italy,4.662641162701375,1.628398840444458,3.2850877192982457,0.6620964692606224,qwen
rlgatnd,religion,LT,Lithuania,5.138376199062481,1.1990503855709085,3.205839416058394,0.6945660456133432,qwen
rlgatnd,religion,LV,Latvia,5.814837262072342,1.2054114115367247,3.230656934306569,0.7004136250594719,qwen
rlgatnd,religion,ME,Montenegro,4.338197625667527,1.6547586813358335,3.310948905109489,0.6452343098727449,qwen
rlgatnd,religion,NL,Netherlands,6.162729781781611,1.4696419827192204,3.241228070175439,0.7088618808082676,qwen
rlgatnd,religion,NO,Norway,6.076685746987576,1.1874551439866414,3.22953216374269,0.6876482406849646,qwen
rlgatnd,religion,PL,Poland,4.294966622278048,1.466940204585177,3.2875912408759125,0.647018042477632,qwen
rlgatnd,religion,PT,Portugal,5.25733500990477,1.682959356254799,3.2467153284671535,0.6789494696175367,qwen
rlgatnd,religion,RS,Serbia,5.063040211682718,1.1521434257006364,3.2744525547445256,0.6971148978896462,qwen
rlgatnd,religion,SE,Sweden,6.053227284345842,1.1352555567958624,3.16812865497076,0.7744692649044528,qwen
rlgatnd,religion,SI,Slovenia,5.421129340400725,1.3829041678849663,3.202919708029197,0.6697234313788986,qwen
rlgatnd,religion,SK,Slovakia,4.802303803279733,1.6272285940989588,3.22953216374269,0.6876482406849646,qwen
rlgatnd,religion,UA,Ukraine,4.903262379016235,1.4965780611518245,3.2175182481751823,0.6994042797432988,qwen
aesfdrk,safety,AT,Austria,1.7451200858393296,0.7781357867038727,2.721897810218978,0.4779823775879939,qwen
aesfdrk,safety,BE,Belgium,1.9608103558736638,0.7680524114258143,2.783941605839416,0.4548686553953352,qwen
aesfdrk,safety,BG,Bulgaria,2.5147298946457233,0.8500712838204036,2.6583941605839416,0.5353910872811765,qwen
aesfdrk,safety,CH,Switzerland,1.6449212604938928,0.6840492099370598,2.8875912408759126,0.3664363821257215,qwen
aesfdrk,safety,CY,Cyprus,2.206599297143829,0.7915801586684562,2.7890510948905107,0.46322017299772805,qwen
aesfdrk,safety,DE,Germany,1.9377331019707613,0.7754115407227861,2.74014598540146,0.48326676099524585,qwen
aesfdrk,safety,EE,Estonia,1.7614117223777974,0.6534452556480626,2.7605839416058395,0.45681289505308426,qwen
aesfdrk,safety,ES,Spain,1.8616260813447065,0.7579753018268469,2.7313868613138688,0.5138081400658058,qwen
aesfdrk,safety,FI,Finland,1.6502650058100996,0.6329304653417683,2.7795620437956203,0.44214037590737254,qwen
aesfdrk,safety,FR,France,1.9970340137772633,0.8798602580096239,2.794160583941606,0.43255098461575164,qwen
aesfdrk,safety,GB,United Kingdom,1.9204157097348173,0.7639990590412803,2.72992700729927,0.5144640320550227,qwen
aesfdrk,safety,GR,Greece,2.214238278814882,0.8221606948682242,2.6613138686131386,0.5480225183167515,qwen
aesfdrk,safety,HR,Croatia,1.607796724970234,0.6176597085881051,2.754744525547445,0.4938171529461253,qwen
aesfdrk,safety,HU,Hungary,1.88843413734752,0.5869997343161297,2.6832116788321168,0.5356541258624486,qwen
aesfdrk,safety,IE,Ireland,1.8840217477145313,0.7786320886168319,2.818713450292398,0.4286935238470146,qwen
aesfdrk,safety,IL,Israel,2.003908804589909,0.8713027199520768,2.7992700729927007,0.4436847885310303,qwen
aesfdrk,safety,IS,Iceland,1.4502312563915707,0.6582303359278844,2.865497076023392,0.3969608759486224,qwen
aesfdrk,safety,IT,Italy,2.2515240159291157,0.7870124590342552,2.7240875912408757,0.5149129188066509,qwen
aesfdrk,safety,LT,Lithuania,2.1023968977184855,0.6603483022587546,2.6963503649635037,0.49976730829961463,qwen
aesfdrk,safety,LV,Latvia,2.0343555398162096,0.7569815019136503,2.6635036496350364,0.5182172420918476,qwen
aesfdrk,safety,ME,Montenegro,1.9127651028518395,0.6766689768568745,2.789473684210526,0.44571197674860996,qwen
aesfdrk,safety,NL,Netherlands,1.8321046219530455,0.6716373504943086,2.8167883211678832,0.418429489030477,qwen
aesfdrk,safety,NO,Norway,1.4444036804392373,0.621264626266143,2.858394160583942,0.38476892430658977,qwen
aesfdrk,safety,PL,Poland,1.7455882829221274,0.6103235977360933,2.7255474452554744,0.4842594269145395,qwen
aesfdrk,safety,PT,Portugal,2.0040593848451977,0.6692397650858066,2.737956204379562,0.4854809195275735,qwen
aesfdrk,safety,RS,Serbia,1.7162551018890868,0.7411910287910501,2.654014598540146,0.533938061564954,qwen
aesfdrk,safety,SE,Sweden,1.7102098196296691,0.7724201277122971,2.7985401459854016,0.46152958910229985,qwen
aesfdrk,safety,SI,Slovenia,1.5854336586751598,0.6011680445006672,2.7883211678832116,0.4431192091779521,qwen
aesfdrk,safety,SK,Slovakia,2.14238162067109,0.6523475023052114,2.689051094890511,0.505478586279048,qwen
aesfdrk,safety,UA,Ukraine,2.0477057283918545,0.8012970852475175,2.543065693430657,0.5798512135786129,qwen
hincfel,income,AT,Austria,1.7885763610856038,0.7016947571657278,2.807017543859649,0.43715825940046077,qwen
hincfel,income,BE,Belgium,1.86522641109487,0.8896511295112408,2.8508771929824563,0.4063721467398929,qwen
hincfel,income,BG,Bulgaria,2.5741661039618227,0.8640364971527,2.783625730994152,0.5161755523653174,qwen
hincfel,income,CH,Switzerland,1.5683709540776045,0.7180125713220007,2.875912408759124,0.3793896197112251,qwen
hincfel,income,CY,Cyprus,2.079467994970561,0.8671987095784793,2.8340643274853803,0.44527172872367715,qwen
hincfel,income,DE,Germany,1.626667978914573,0.6834186975768242,2.8802919708029195,0.3749930634949877,qwen
hincfel,income,EE,Estonia,1.9440503292166416,0.7082959549773526,2.8613138686131387,0.38202449616477935,qwen
hincfel,income,ES,Spain,1.85549258919365,0.8177486918848212,2.837956204379562,0.4309196250176339,qwen
hincfel,income,FI,Finland,1.8378014985173585,0.685850382143259,2.810948905109489,0.4487928630617949,qwen
hincfel,income,FR,France,1.7442598225119734,0.7357233858495562,2.818713450292398,0.45840206867820604,qwen
hincfel,income,GB,United Kingdom,1.782693631351505,0.8396131057994066,2.8510948905109488,0.39516759127382045,qwen
hincfel,income,GR,Greece,2.4566459133957133,0.763509976228362,2.767883211678832,0.49867284488288327,qwen
hincfel,income,HR,Croatia,1.8591769298216114,0.7951207513223731,2.821897810218978,0.44634895228150834,qwen
hincfel,income,HU,Hungary,2.1792181814427543,0.7150166923772696,2.797080291970803,0.47263439962355364,qwen
hincfel,income,IE,Ireland,1.817426696357792,0.8275290655892819,2.845255474452555,0.41463906712032506,qwen
hincfel,income,IL,Israel,1.992257796033195,0.909257685789422,2.8947368421052633,0.3388488233458084,qwen
hincfel,income,IS,Iceland,1.5782702126796426,0.7523342908941502,2.8773722627737226,0.37793543121172696,qwen
hincfel,income,IT,Italy,1.9337770882399752,0.7686205038007697,2.8145985401459854,0.47978737767436475,qwen
hincfel,income,LT,Lithuania,1.9270208834320273,0.6560368551061526,2.8092105263157894,0.44680740539649266,qwen
hincfel,income,LV,Latvia,2.441784891392683,0.7822267281510663,2.8199121522693997,0.46717657391583983,qwen
hincfel,income,ME,Montenegro,2.541803177342517,1.0498763840763221,2.8613138686131387,0.4043347317744004,qwen
hincfel,income,NL,Netherlands,1.418800054685903,0.6486966976962052,2.8510948905109488,0.4271688362542818,qwen
hincfel,income,NO,Norway,1.5104027324668359,0.6803905012376829,2.896350364963504,0.3579524207830662,qwen
hincfel,income,PL,Poland,1.94692268620397,0.5536224979120611,2.8423357664233575,0.4240094455352419,qwen
hincfel,income,PT,Portugal,2.2961930159308017,0.8230599117177357,2.786131386861314,0.47436976992498986,qwen
hincfel,income,RS,Serbia,1.919298210772144,0.7621331198511583,2.781751824817518,0.5067121081454989,qwen
hincfel,income,SE,Sweden,1.3799038798597794,0.6167472715921849,2.854014598540146,0.38880808239126136,qwen
hincfel,income,SI,Slovenia,1.5381724922383904,0.7351340898757903,2.8686131386861313,0.3826943233819388,qwen
hincfel,income,SK,Slovakia,2.1619024707248014,0.8206651601987425,2.7766423357664234,0.49386037129305843,qwen
hincfel,income,UA,Ukraine,2.8978141350157722,0.9025688044675382,2.7017543859649122,0.5741604026659448,qwen
