variable,domain,cntry,country_name,survey_mean,survey_sd,silicon_mean,silicon_sd,model
ppltrst,social_trust,AT,Austria,6.071829184018286,2.0976862462724717,6.374183976261127,1.811179908649663,qwen
ppltrst,social_trust,BE,Belgium,5.458173187943939,2.195522494698598,6.8854411764705885,1.258318926518686,qwen
ppltrst,social_trust,BG,Bulgaria,3.728913646176717,2.3711881162028385,5.828293413173653,1.8493060631704226,qwen
ppltrst,social_trust,CH,Switzerland,5.855593288087151,2.1151913454264175,7.082474226804123,1.3450342646220315,qwen
ppltrst,social_trust,CY,Cyprus,4.092466358118389,2.456123517842882,6.179615952732645,1.9961644805362613,qwen
ppltrst,social_trust,DE,Germany,5.213421360673227,2.329440069370058,6.635311572700297,1.4688542525080712,qwen
ppltrst,social_trust,EE,Estonia,5.597881429421257,1.9956320359719784,7.083333333333333,1.261804667284333,qwen
ppltrst,social_trust,ES,Spain,5.30377052791885,2.170845887878443,6.504277286135693,1.613485266701996,qwen
ppltrst,social_trust,FI,Finland,6.920840954305089,1.8140828898597425,7.122928994082841,1.3625219539334734,qwen
ppltrst,social_trust,FR,France,4.472588263453334,2.150595521187708,6.536904761904762,1.4973024735585436,qwen
ppltrst,social_trust,GB,United Kingdom,5.418093170478824,2.2752091003472237,6.699113737075333,1.5362000052010327,qwen
ppltrst,social_trust,GR,Greece,4.5659732232376244,1.9203750141942668,6.343666169895679,1.668331269773651,qwen
ppltrst,social_trust,HR,Croatia,4.710634171131117,2.3881561272203213,6.044444444444444,1.9177705074095832,qwen
ppltrst,social_trust,HU,Hungary,4.5774672280159825,2.4378724365986537,5.974068554396423,1.916981766684478,qwen
ppltrst,social_trust,IE,Ireland,5.414850386746617,2.381842777024013,6.642750373692078,1.7245659608903587,qwen
ppltrst,social_trust,IL,Israel,5.174017172464776,2.389764509965967,6.671068249258159,1.317538471492993,qwen
ppltrst,social_trust,IS,Iceland,6.354200470157306,2.061858353889841,7.523031203566122,0.954386034523733,qwen
ppltrst,social_trust,IT,Italy,4.498938379325662,2.3475202051401065,6.243639053254437,1.7508443033889736,qwen
ppltrst,social_trust,LT,Lithuania,5.1342718600800605,2.4545179848769294,6.404579025110782,1.6126147521308902,qwen
ppltrst,social_trust,LV,Latvia,3.853969529445196,2.5315340747124133,6.183258594917788,1.7584324198683696,qwen
ppltrst,social_trust,ME,Montenegro,4.214523037104412,2.5013155012698616,6.687369985141159,1.4377472069394026,qwen
ppltrst,social_trust,NL,Netherlands,6.1705777782591795,1.958424103278812,7.141568047337278,1.0649026649103055,qwen
ppltrst,social_trust,NO,Norway,6.4876535997464035,1.9510974667031853,7.56165191740413,1.0095284227867678,qwen
ppltrst,social_trust,PL,Poland,4.5337215889785645,2.3334421200904445,6.282074074074074,1.6726163766585316,qwen
ppltrst,social_trust,PT,Portugal,4.15405019735004,2.4020558131627445,6.161607142857143,1.9852021351903697,qwen
ppltrst,social_trust,RS,Serbia,4.4015442985461535,2.769641531820987,5.976831091180867,1.7879297908463752,qwen
ppltrst,social_trust,SE,Sweden,6.173553003500404,2.0369372146641576,7.390532544378698,1.2972331857451664,qwen
ppltrst,social_trust,SI,Slovenia,4.671985358795646,2.386686330953043,6.434167893961708,1.7260998822862044,qwen
ppltrst,social_trust,SK,Slovakia,4.032077870148862,2.846323197813735,5.854776119402985,1.8840768204873237,qwen
ppltrst,social_trust,UA,Ukraine,3.823509033700963,2.792401452672258,5.656696428571429,1.7745887481734208,qwen
pplfair,social_trust,AT,Austria,6.356658702906922,2.007590140567435,7.306725146198831,0.6660443140647091,qwen
pplfair,social_trust,BE,Belgium,5.898274055320637,2.038526524185433,7.25985401459854,0.6457757307661683,qwen
pplfair,social_trust,BG,Bulgaria,4.28774413732007,2.2021907496756565,7.182017543859649,0.7884495746439235,qwen
pplfair,social_trust,CH,Switzerland,6.400660288273514,1.8848948256164268,7.481021897810219,0.6227336507787117,qwen
pplfair,social_trust,CY,Cyprus,4.423461465515083,2.2078122491415186,7.349120234604106,0.7499431913294393,qwen
pplfair,social_trust,DE,Germany,6.186403696050097,1.9898562079629318,7.272700729927007,0.5928416843016905,qwen
pplfair,social_trust,EE,Estonia,6.111731028208338,2.0677934266941755,7.332700729927007,0.6319323188666025,qwen
pplfair,social_trust,ES,Spain,5.541573467263106,2.1802436948843513,7.292408759124088,0.6633916547880775,qwen
pplfair,social_trust,FI,Finland,7.084249691343838,1.7336838763693212,7.446783625730995,0.657363877849498,qwen
pplfair,social_trust,FR,France,6.088517879920214,1.9971480895774854,7.3071742313323576,0.7429974623979032,qwen
pplfair,social_trust,GB,United Kingdom,5.981753215098941,2.1060601678344897,7.31566617862372,0.6439686016834548,qwen
pplfair,social_trust,GR,Greece,4.935914237527794,2.005204614994723,7.262573099415206,0.7086806161678949,qwen
pplfair,social_trust,HR,Croatia,5.182213320213709,2.439485398002121,7.230746705710103,0.7007686596447538,qwen
pplfair,social_trust,HU,Hungary,5.124484568640466,2.073835982532519,7.169794721407625,0.7832476641950208,qwen
pplfair,social_trust,IE,Ireland,6.168494894931351,2.106787750467679,7.447800586510263,0.6492531582928597,qwen
pplfair,social_trust,IL,Israel,5.314318458840991,2.3022335286898072,7.314055636896047,0.6740531165554539,qwen
pplfair,social_trust,IS,Iceland,6.576929478670769,1.9072991814569054,7.6181021897810215,0.6661352408727711,qwen
pplfair,social_trust,IT,Italy,4.588315451551168,2.2539241028190062,7.301610541727672,0.744351386060216,qwen
pplfair,social_trust,LT,Lithuania,5.4409183956236085,2.235114984941725,7.227046783625731,0.7570359423521884,qwen
pplfair,social_trust,LV,Latvia,5.663738367059401,2.247497646406504,7.214641288433382,0.708363927122759,qwen
pplfair,social_trust,ME,Montenegro,4.36938040692145,2.2653311034681702,7.294298245614035,0.6079605673690422,qwen
pplfair,social_trust,NL,Netherlands,6.542182923142853,1.634480715869356,7.370760233918129,0.6789614029123803,qwen
pplfair,social_trust,NO,Norway,6.757639034501647,1.8971193298633304,7.577046783625731,0.6131187041611724,qwen
pplfair,social_trust,PL,Poland,5.225422873831028,2.2838780429825127,7.143759177679882,0.6881304344820822,qwen
pplfair,social_trust,PT,Portugal,5.2347667924699675,2.2103944076408926,7.317474302496328,0.7143714388520097,qwen
pplfair,social_trust,RS,Serbia,4.739201854594089,2.8499587721633626,7.202192982456141,0.7047493251591815,qwen
pplfair,social_trust,SE,Sweden,6.592569867878159,1.8020303379041651,7.583479532163743,0.6119399088115326,qwen
pplfair,social_trust,SI,Slovenia,5.418600199352892,2.258280124051613,7.28928046989721,0.7240731879548317,qwen
pplfair,social_trust,SK,Slovakia,4.8643116719235655,2.5431197557800247,7.202919708029197,0.6970008438246773,qwen
pplfair,social_trust,UA,Ukraine,4.693212458739193,2.43492351369049,7.1818851251840945,0.8856336056967776,qwen
pplhlp,social_trust,AT,Austria,6.318627057316925,2.061005753294836,6.87507331378299,1.3734402427277528,qwen
pplhlp,social_trust,BE,Belgium,5.060544624005849,2.1956473479694956,7.116323529411764,1.181240710165077,qwen
pplhlp,social_trust,BG,Bulgaria,3.550500715225844,2.3080899941553548,6.767062314540059,1.47062812356991,qwen
pplhlp,social_trust,CH,Switzerland,5.8985149650676005,1.884854676878496,7.2226277372262775,1.0833665784865103,qwen
pplhlp,social_trust,CY,Cyprus,4.108040391083219,2.1954327810505894,6.886710719530103,1.4997951977891493,qwen
pplhlp,social_trust,DE,Germany,5.359509661907016,2.0965802980361574,6.953088235294119,1.2285829539259014,qwen
pplhlp,social_trust,EE,Estonia,5.026836971472983,2.0167271854085875,7.1666911764705885,1.1351772876706905,qwen
pplhlp,social_trust,ES,Spain,4.799287732107402,2.2984435948613826,6.954625550660793,1.3032357521791553,qwen
pplhlp,social_trust,FI,Finland,6.367163416606128,1.957104421735069,7.068321167883212,1.1573200599928233,qwen
pplhlp,social_trust,FR,France,4.606344443975376,2.24002307315973,6.9352071005917155,1.3254333021798135,qwen
pplhlp,social_trust,GB,United Kingdom,5.990719000699621,1.942504544742161,7.041142020497804,1.3150794213630923,qwen
pplhlp,social_trust,GR,Greece,4.337120313457906,1.9778120001939348,6.947485207100592,1.344721215690819,qwen
pplhlp,social_trust,HR,Croatia,4.343355311541862,2.4112502202938684,6.802492668621701,1.4506496405180032,qwen
pplhlp,social_trust,HU,Hungary,4.605214910806596,2.2470109750370364,6.656470588235294,1.5481812834163555,qwen
pplhlp,social_trust,IE,Ireland,5.939084968682108,2.240485078040839,7.048023426061493,1.2740730812866319,qwen
pplhlp,social_trust,IL,Israel,5.100096960518647,2.336648940608769,6.998823529411764,1.2588181209355753,qwen
pplhlp,social_trust,IS,Iceland,6.299077774742755,1.791363854697011,7.395021961932651,1.0048001177562957,qwen
pplhlp,social_trust,IT,Italy,4.184164039738798,2.273457502775936,6.9822058823529405,1.4264773192145006,qwen
pplhlp,social_trust,LT,Lithuania,5.032521343524122,2.3988190229998003,6.783604135893649,1.341391579549764,qwen
pplhlp,social_trust,LV,Latvia,4.838484340024971,2.2962432351850475,6.785398230088496,1.3523465259539758,qwen
pplhlp,social_trust,ME,Montenegro,4.194717188555699,2.2559179621884984,7.066079295154185,1.2140273471324212,qwen
pplhlp,social_trust,NL,Netherlands,5.65817291172352,1.7643307067812635,7.186950146627566,1.137541115298302,qwen
pplhlp,social_trust,NO,Norway,6.003298800640809,1.9932155036957901,7.421114369501466,0.9265348840991032,qwen
pplhlp,social_trust,PL,Poland,4.546993964205541,2.4182053882140755,6.781858407079646,1.5159647022423466,qwen
pplhlp,social_trust,PT,Portugal,4.213744814045952,2.1791089434587874,6.767107195301027,1.6060012458673758,qwen
pplhlp,social_trust,RS,Serbia,3.72835672703553,2.720929475579113,6.644903988183161,1.5608538281084354,qwen
pplhlp,social_trust,SE,Sweden,5.946359746894595,1.936482154823752,7.243555555555555,1.1424370501047432,qwen
pplhlp,social_trust,SI,Slovenia,5.349566794505421,2.236529461060724,6.928613569321534,1.3137860635996483,qwen
pplhlp,social_trust,SK,Slovakia,4.195429337358618,2.5609256122451742,6.75437037037037,1.4069215333134957,qwen
pplhlp,social_trust,UA,Ukraine,4.165704117573958,2.6358905892713516,6.657311669128508,1.6776446521102621,qwen
sclmeet,social_trust,AT,Austria,4.97855907049627,1.1862131472556947,3.718289085545723,0.8907809589887666,qwen
sclmeet,social_trust,BE,Belgium,5.115008561601236,1.4064923799551072,3.6642120765832105,0.8050727384834375,qwen
sclmeet,social_trust,BG,Bulgaria,4.99618382149749,1.6848498871293636,3.651266766020864,0.9776582005424411,qwen
sclmeet,social_trust,CH,Switzerland,5.120404033218849,1.3015620048223844,3.802941176470588,0.8119088923973196,qwen
sclmeet,social_trust,CY,Cyprus,4.063565729120625,1.6808260299062987,3.7104874446085674,0.8948038189862103,qwen
sclmeet,social_trust,DE,Germany,4.750274005473209,1.4910419350395807,3.646017699115044,0.8411887977632835,qwen
sclmeet,social_trust,EE,Estonia,4.268464111365069,1.5064569734447395,3.6853766617429837,0.8685712516303208,qwen
sclmeet,social_trust,ES,Spain,5.250413100298126,1.4669300296384136,3.71301775147929,0.8557651493228322,qwen
sclmeet,social_trust,FI,Finland,4.91015506669888,1.3723429550400144,3.6799410029498527,0.789094050442218,qwen
sclmeet,social_trust,FR,France,5.227998279869101,1.4417715646805522,3.661698956780924,0.8845318039634249,qwen
sclmeet,social_trust,GB,United Kingdom,4.825888880970069,1.545839796639787,3.6706056129985227,0.8749852506776093,qwen
sclmeet,social_trust,GR,Greece,4.23068100764633,1.5663897051020776,3.6992592592592595,0.8749307981364243,qwen
sclmeet,social_trust,HR,Croatia,5.355922756611965,1.5433309288591155,3.7109144542772863,0.8775378751717374,qwen
sclmeet,social_trust,HU,Hungary,3.4073398053512745,1.5184246921707605,3.643491124260355,0.9117190608115147,qwen
sclmeet,social_trust,IE,Ireland,4.3086014206280145,1.5764076371688671,3.6106194690265485,0.8091094543041295,qwen
sclmeet,social_trust,IL,Israel,5.37946729389215,1.566948729077005,3.769911504424779,0.7783121862193387,qwen
sclmeet,social_trust,IS,Iceland,5.278807458651748,1.4394663497959697,3.805022156573117,0.8568061347043099,qwen
sclmeet,social_trust,IT,Italy,4.706546679320957,1.5752412935391051,3.777859237536657,0.9476733038744752,qwen
sclmeet,social_trust,LT,Lithuania,4.364283230788744,1.5622693395152705,3.7119402985074625,0.8358596781234373,qwen
sclmeet,social_trust,LV,Latvia,4.3429616960030435,1.6424937139788904,3.6124260355029585,0.8964585642873357,qwen
sclmeet,social_trust,ME,Montenegro,4.834985214387212,1.6015829359800529,3.769911504424779,0.8135722736465875,qwen
sclmeet,social_trust,NL,Netherlands,5.398005102386256,1.2576971589608217,3.678466076696165,0.7647183132056461,qwen
sclmeet,social_trust,NO,Norway,5.688076208039842,1.3525075883274424,3.715758468335788,0.8220247902196768,qwen
sclmeet,social_trust,PL,Poland,3.896722824683607,1.4430229733040592,3.6264880952380953,0.8272992274749017,qwen
sclmeet,social_trust,PT,Portugal,5.685409759425016,1.576563523208556,3.6976401179941,0.9005301443590035,qwen
sclmeet,social_trust,RS,Serbia,5.185660516605247,1.5942757921749648,3.6933333333333334,0.9111247817684043,qwen
sclmeet,social_trust,SE,Sweden,5.514484949240079,1.3608053671737674,3.711764705882353,0.8473347996335431,qwen
sclmeet,social_trust,SI,Slovenia,4.631734240685188,1.4881140484001878,3.6725925925925926,0.8822709460252228,qwen
sclmeet,social_trust,SK,Slovakia,4.72857259415562,1.5838908117692216,3.6946902654867255,0.9109548976959652,qwen
sclmeet,social_trust,UA,Ukraine,4.403961647625363,1.7492302415514074,3.5292353823088454,0.8820702426566983,qwen
inprdsc,social_trust,AT,Austria,3.118780630553028,1.1742953866443435,2.982456140350877,0.6095740222127886,qwen
inprdsc,social_trust,BE,Belgium,3.249005581858395,1.392119874792085,3.0485294117647057,0.6011752473890547,qwen
inprdsc,social_trust,BG,Bulgaria,2.077287035540825,1.2654833628886588,2.8905109489051095,0.6975189124936892,qwen
inprdsc,social_trust,CH,Switzerland,3.5672430918798415,1.2546165765107025,3.0322108345534406,0.6734288346709779,qwen
inprdsc,social_trust,CY,Cyprus,2.429658750415173,1.2914148054142078,2.995614035087719,0.6181572318254248,qwen
inprdsc,social_trust,DE,Germany,3.508134966369809,1.1978906541310246,3.0439882697947214,0.662261900700301,qwen
inprdsc,social_trust,EE,Estonia,2.5808046896837573,1.3664122962604637,3.101024890190337,0.5932529769731357,qwen
inprdsc,social_trust,ES,Spain,2.889223323462987,1.3851422121984767,3.0409356725146197,0.634366911174869,qwen
inprdsc,social_trust,FI,Finland,3.2591695206650804,1.2740084057461003,2.9677891654465594,0.6353369365402061,qwen
inprdsc,social_trust,FR,France,2.834623969006955,1.4605348263872133,3.067547723935389,0.5435352749781261,qwen
inprdsc,social_trust,GB,United Kingdom,3.16034956015881,1.3832269727107982,3.0219619326500733,0.6299822776102548,qwen
inprdsc,social_trust,GR,Greece,2.3001774709007434,1.208559756779504,3.060382916053019,0.6293278481639517,qwen
inprdsc,social_trust,HR,Croatia,2.2941152783671246,1.422859648476235,2.9750733137829912,0.6687664212476695,qwen
inprdsc,social_trust,HU,Hungary,2.598329752384808,1.230743088053047,2.960352422907489,0.659689672384477,qwen
inprdsc,social_trust,IE,Ireland,2.7380058098736266,1.332686531536047,3.0058479532163744,0.6758505385761029,qwen
inprdsc,social_trust,IL,Israel,2.4812293357499633,1.4132878598805871,3.113235294117647,0.640186923127425,qwen
inprdsc,social_trust,IS,Iceland,3.671481858006674,1.317456305642698,3.0958702064896757,0.6861883207175523,qwen
inprdsc,social_trust,IT,Italy,2.183433433926192,1.2779320478931364,3.0190336749633966,0.6574104560029359,qwen
inprdsc,social_trust,LT,Lithuania,2.1369766166296262,1.3544109428510231,3.0088105726872247,0.6230229159271806,qwen
inprdsc,social_trust,LV,Latvia,1.8116237136593292,1.2881659791877138,2.9941520467836256,0.6145819660170194,qwen
inprdsc,social_trust,ME,Montenegro,2.1663481487525504,1.1666499399605834,3.0440528634361232,0.597394359473505,qwen
inprdsc,social_trust,NL,Netherlands,3.7088828570517682,1.283208311296253,3.0700729927007298,0.5575590288818467,qwen
inprdsc,social_trust,NO,Norway,3.227762827620148,1.4498231395247019,3.096632503660322,0.5952183053502927,qwen
inprdsc,social_trust,PL,Poland,3.1281270388376403,1.4096043170643204,2.986784140969163,0.6695927837002242,qwen
inprdsc,social_trust,PT,Portugal,2.2558309190788615,1.3613593845490315,3.0117302052785924,0.5734023432297751,qwen
inprdsc,social_trust,RS,Serbia,2.567237857631098,1.4134188192546682,2.9647577092511015,0.6588249176307887,qwen
inprdsc,social_trust,SE,Sweden,3.8066124907958425,1.2668089879502242,3.0453216374269005,0.5922820215323138,qwen
inprdsc,social_trust,SI,Slovenia,2.795537682887412,1.3412053782065898,3.007309941520468,0.6413787426294403,qwen
inprdsc,social_trust,SK,Slovakia,1.9473222705088136,1.1682652569916379,2.9193548387096775,0.6113999199845951,qwen
inprdsc,social_trust,UA,Ukraine,2.211819332304769,1.3882518522667766,2.9748892171344163,0.666809409055436,qwen
stfdem,political,AT,Austria,5.795551925183848,2.5244039995514704,6.450292397660819,1.4231458058317898,qwen
stfdem,political,BE,Belgium,5.182805903196197,2.3865646291443854,6.755162241887906,1.1602455631649735,qwen
stfdem,political,BG,Bulgaria,3.345957593389132,2.389999712039281,5.792846497764531,1.9294286770143843,qwen
stfdem,political,CH,Switzerland,7.56247036533076,1.683445748396554,6.937481698389458,1.0447610318477105,qwen
stfdem,political,CY,Cyprus,4.406779475086675,2.347149478693197,6.135294117647059,1.8063677829473728,qwen
stfdem,political,DE,Germany,5.545818977658347,2.7185355902907555,6.751104565537555,1.0580054923266158,qwen
stfdem,political,EE,Estonia,5.22721288753493,2.5582260200437856,6.897058823529412,1.0445130621660186,qwen
stfdem,political,ES,Spain,4.778082098901733,2.5349581336364486,6.535976505139501,1.3324946615189839,qwen
stfdem,political,FI,Finland,6.741465913056558,1.9636296674315314,6.922794117647059,1.0348825402577315,qwen
stfdem,political,FR,France,4.305012268811358,2.514246595893705,6.545051698670606,1.187880068851305,qwen
stfdem,political,GB,United Kingdom,4.494947856238885,2.617061205631026,6.569321533923304,1.3158739326604396,qwen
stfdem,political,GR,Greece,4.182779495226115,2.157520501595945,6.336988304093567,1.4753088347830499,qwen
stfdem,political,HR,Croatia,4.472592596383696,2.5378221319688405,6.05,1.8083019154384863,qwen
stfdem,political,HU,Hungary,4.382887230671318,2.6638131065423503,5.994082840236686,1.7822068431149753,qwen
stfdem,political,IE,Ireland,5.78448915317907,2.27866079594196,6.614369501466276,1.3469818216042126,qwen
stfdem,political,IL,Israel,4.252040313322515,2.747872552070624,6.670118343195266,1.295826000283671,qwen
stfdem,political,IS,Iceland,5.8824026600111425,2.272405652680811,7.213333333333333,0.7849474079417176,qwen
stfdem,political,IT,Italy,5.130815160709393,2.0846916209904416,6.223201174743025,1.5783803227653135,qwen
stfdem,political,LT,Lithuania,4.574857355022262,2.410861600256052,6.274741506646972,1.592743381383307,qwen
stfdem,political,LV,Latvia,4.246869083229774,2.4390267760652473,6.1335311572700295,1.7333295120643708,qwen
stfdem,political,ME,Montenegro,4.176534491636248,2.5802896568015807,6.726872246696035,1.3790439132012604,qwen
stfdem,political,NL,Netherlands,5.936205591465354,2.078408741443333,6.919970631424376,1.0886367617971653,qwen
stfdem,political,NO,Norway,7.2146975468472805,2.082614524813177,7.169117647058823,0.8947165080249192,qwen
stfdem,political,PL,Poland,5.138550427476645,2.3767364162321356,6.1342182890855455,1.7001112726174625,qwen
stfdem,political,PT,Portugal,4.685337986277323,2.3915689544469387,6.243045387994144,1.5971264819679076,qwen
stfdem,political,RS,Serbia,3.8520056691404525,3.0167915835283035,6.069219440353461,1.647267643026812,qwen
stfdem,political,SE,Sweden,6.567043743724975,2.175495957021821,7.112665684830633,0.8366874168387192,qwen
stfdem,political,SI,Slovenia,4.919733489476906,2.3452548113037253,6.4662756598240465,1.5065809334125082,qwen
stfdem,political,SK,Slovakia,4.9175346771760795,2.678245139306602,5.9617083946980856,1.7519497853917345,qwen
stfdem,political,UA,Ukraine,2.92444960662641,2.63422996055466,5.2324888226527575,1.9939205150650485,qwen
polintr,political,AT,Austria,2.4547384937785983,0.9451535772834191,2.9167883211678833,0.5517872798484819,qwen
polintr,political,BE,Belgium,2.6600712960145447,0.9266514161485133,2.8728070175438596,0.6097478183166358,qwen
polintr,political,BG,Bulgaria,2.9004839639486617,0.8905590486262941,2.7909356725146197,0.7251029120371733,qwen
polintr,political,CH,Switzerland,2.4221674153798274,0.9169166691677192,2.9210526315789473,0.5380633920988586,qwen
polintr,political,CY,Cyprus,2.9759581549872625,0.9464163962391792,2.8642335766423357,0.6470510281898076,qwen
polintr,political,DE,Germany,2.335726481029816,0.9106218676205067,2.909356725146199,0.5470272609702406,qwen
polintr,political,EE,Estonia,2.6443262976892985,0.850185551151809,2.8830409356725144,0.560593801019974,qwen
polintr,political,ES,Spain,2.7485941425241296,1.0134610620130429,2.899270072992701,0.6189616316988844,qwen
polintr,political,FI,Finland,2.2407843653101502,0.7790287075638991,2.9430656934306567,0.5363668690296629,qwen
polintr,political,FR,France,2.658759358424714,0.9653820372660329,2.932551319648094,0.5617485820741156,qwen
polintr,political,GB,United Kingdom,2.5110910387053975,0.9914488060551393,2.847953216374269,0.6003746201202341,qwen
polintr,political,GR,Greece,2.9002046633846286,0.9639196736010638,2.87007299270073,0.6345746104160993,qwen
polintr,political,HR,Croatia,3.0240396648267,0.9305850782478338,2.7824817518248177,0.7220319170322742,qwen
polintr,political,HU,Hungary,2.7535411258208278,0.9198558225391383,2.809941520467836,0.7252932941971463,qwen
polintr,political,IE,Ireland,2.6359165070327637,0.9657476643159857,2.902046783625731,0.5957845259168764,qwen
polintr,political,IL,Israel,2.447442839207694,1.0230894939105857,3.0278184480234263,0.5863444203770214,qwen
polintr,political,IS,Iceland,2.405532385956208,0.9176495535120655,2.9445255474452554,0.5432897017285241,qwen
polintr,political,IT,Italy,3.00708233065885,0.8432736383469229,2.8934306569343065,0.6591910224127288,qwen
polintr,political,LT,Lithuania,2.7693064441571806,0.7601246187742123,2.878477306002928,0.5918726387706084,qwen
polintr,political,LV,Latvia,2.9474422149150334,0.8112785985044871,2.841874084919473,0.6838334257771566,qwen
polintr,political,ME,Montenegro,2.956087586463116,0.846965603333293,2.8686131386861313,0.580097771656575,qwen
polintr,political,NL,Netherlands,2.3430692690137467,0.8498537288249974,2.899270072992701,0.5326333606121408,qwen
polintr,political,NO,Norway,2.514350938533622,0.7965049246631382,2.986822840409956,0.4480020906876908,qwen
polintr,political,PL,Poland,2.5559100924678884,0.8306258933227216,2.8669590643274856,0.6132901869205651,qwen
polintr,political,PT,Portugal,2.8194495263177086,1.0126034640312167,2.8204379562043798,0.710112696571519,qwen
polintr,political,RS,Serbia,3.0522158755558984,0.8908439581576322,2.814327485380117,0.7070235288457836,qwen
polintr,political,SE,Sweden,2.1705131773500685,0.8234276538579621,2.9072992700729925,0.5412292480113905,qwen
polintr,political,SI,Slovenia,2.7169428484465956,0.8737747745474248,2.8773722627737226,0.6325702582999472,qwen
polintr,political,SK,Slovakia,2.779801422127224,0.8472630479734179,2.837956204379562,0.67214105258522,qwen
polintr,political,UA,Ukraine,2.7396657538670346,0.9256292617482332,2.876470588235294,0.7457523599320875,qwen
psppipla,political,AT,Austria,2.3485664758821696,0.8566886458081991,3.4396350364963504,0.5291936500360577,qwen
psppipla,political,BE,Belgium,2.13617152706481,0.9075557836275948,3.4672992700729934,0.5671147656184834,qwen
psppipla,political,BG,Bulgaria,1.6942362499739123,0.87775771429061,3.2525547445255474,0.4916079792465632,qwen
psppipla,political,CH,Switzerland,2.925982779006587,0.9852906409289107,3.547518248175183,0.5383410474460848,qwen
psppipla,political,CY,Cyprus,1.8534503490367205,1.0127843077196175,3.3364963503649636,0.5293817303553544,qwen
psppipla,political,DE,Germany,2.487903050233573,0.9385560771030744,3.4782481751824816,0.5679627821827453,qwen
psppipla,political,EE,Estonia,2.1195243542575155,0.8833491059661029,3.4301459854014595,0.548895735422227,qwen
psppipla,political,ES,Spain,1.854915319379539,0.8454162917878774,3.421897810218978,0.5201657586217746,qwen
psppipla,political,FI,Finland,2.719963352443456,0.8283100335192526,3.491751824817519,0.5252900866770083,qwen
psppipla,political,FR,France,2.040170208005676,0.9328773538672157,3.4072992700729925,0.5261627386635678,qwen
psppipla,political,GB,United Kingdom,2.0858582660203373,0.8307741434463174,3.383941605839416,0.5298451689105841,qwen
psppipla,political,GR,Greece,2.0439646230330513,0.976032462119943,3.381021897810219,0.5037190410603936,qwen
psppipla,political,HR,Croatia,1.646717445797756,0.7626765159029129,3.3153284671532846,0.5185013422852388,qwen
psppipla,political,HU,Hungary,1.8850817858135287,0.8625218071784286,3.2686131386861312,0.48149253587965857,qwen
psppipla,political,IE,Ireland,2.1853015288609527,0.9155474991392569,3.413138686131387,0.5435449913655925,qwen
psppipla,political,IL,Israel,2.0573491368573285,1.018262378135492,3.4703649635036493,0.5106875436034267,qwen
psppipla,political,IS,Iceland,2.641453267592207,0.8256936225348067,3.594014598540146,0.5636406042689998,qwen
psppipla,political,IT,Italy,1.7604583386620682,0.7721640887631731,3.3510948905109488,0.549044463458081,qwen
psppipla,political,LT,Lithuania,2.0074403120569206,0.932473464394509,3.2965693430656935,0.513622096322489,qwen
psppipla,political,LV,Latvia,1.8076589637221125,0.9176440352175285,3.305109489051095,0.47944917955128397,qwen
psppipla,political,ME,Montenegro,2.1042526405745456,0.8978556808468559,3.410510948905109,0.5214749678156265,qwen
psppipla,political,NL,Netherlands,2.4346389167639173,0.9230480100889776,3.527883211678832,0.546135319779025,qwen
psppipla,political,NO,Norway,2.9425643516761286,0.914134339029534,3.6053284671532846,0.5103362197182095,qwen
psppipla,political,PL,Poland,2.1159541509433017,0.8349147296022332,3.2971532846715332,0.5040290139836144,qwen
psppipla,political,PT,Portugal,1.8339098330735701,0.9171098485792573,3.3532846715328466,0.5305093953468161,qwen
psppipla,political,RS,Serbia,1.9334856238883207,1.0320658031992804,3.27007299270073,0.49120405883177953,qwen
psppipla,political,SE,Sweden,2.827382571754578,0.8860823668252509,3.5786942416869425,0.5189484241525066,qwen
psppipla,political,SI,Slovenia,2.1128622969847135,0.8172903125787805,3.4188321167883213,0.5129422434990457,qwen
psppipla,political,SK,Slovakia,1.9541371691670721,0.8752626607263215,3.288686131386861,0.48323474118192095,qwen
psppipla,political,UA,Ukraine,1.6709499625586026,0.956887839658614,3.156798245614035,0.42392899789132166,qwen
psppsgva,political,AT,Austria,2.3193966188741926,0.8703880846344457,3.55687134502924,0.5853478207624888,qwen
psppsgva,political,BE,Belgium,2.1530505361912753,0.877857985500819,3.6443795620437958,0.5372809785150382,qwen
psppsgva,political,BG,Bulgaria,2.0502500126245597,1.1437354898071712,3.3824817518248174,0.5719947923099258,qwen
psppsgva,political,CH,Switzerland,3.209170347803247,0.9722550592682613,3.64956204379562,0.5152000528568034,qwen
psppsgva,political,CY,Cyprus,1.85783217801057,0.9686134761632819,3.47007299270073,0.5469699847842837,qwen
psppsgva,political,DE,Germany,2.493363160809412,0.9732761550528409,3.64992700729927,0.5095470072123013,qwen
psppsgva,political,EE,Estonia,2.222444075016699,0.941670031874551,3.6721897810218977,0.492625018015683,qwen
psppsgva,political,ES,Spain,2.079969878203989,0.9585821864542219,3.567883211678832,0.5271758457151271,qwen
psppsgva,political,FI,Finland,2.463346166400832,0.8097329921150951,3.6313868613138687,0.5278088083115099,qwen
psppsgva,political,FR,France,2.1188535078790895,0.8996060982621074,3.5357664233576642,0.5624374203366428,qwen
psppsgva,political,GB,United Kingdom,2.1788336277011933,0.8723528492925318,3.5795620437956206,0.5142897626442987,qwen
psppsgva,political,GR,Greece,2.037766829714706,1.0304042697617966,3.5167883211678834,0.5607233922982195,qwen
psppsgva,political,HR,Croatia,1.6457884669787406,0.7858366327570453,3.4762043795620436,0.5395229257480093,qwen
psppsgva,political,HU,Hungary,2.0079709396734056,0.9855327170227215,3.388888888888889,0.5604792390332968,qwen
psppsgva,political,IE,Ireland,2.272287546382416,0.9500184958503455,3.591240875912409,0.5291881750781158,qwen
psppsgva,political,IL,Israel,1.962432274318939,1.026544621885484,3.6350364963503647,0.5083500487438571,qwen
psppsgva,political,IS,Iceland,2.5959422073897698,0.8513607807991915,3.7251461988304095,0.5325530175630822,qwen
psppsgva,political,IT,Italy,1.733402885908017,0.7654992145531224,3.5167883211678834,0.5448549008876585,qwen
psppsgva,political,LT,Lithuania,2.2035638846258188,0.9667174956064883,3.486861313868613,0.5721123164797816,qwen
psppsgva,political,LV,Latvia,1.8709990652235167,0.9648869301716746,3.4810218978102188,0.5562422016951657,qwen
psppsgva,political,ME,Montenegro,2.1775768149696137,0.8816083473708743,3.52046783625731,0.5143809628594996,qwen
psppsgva,political,NL,Netherlands,2.520502740655418,0.9263930468303992,3.685693430656934,0.5072497735617219,qwen
psppsgva,political,NO,Norway,2.8546836195152268,0.8551573318979147,3.7717518248175184,0.4686297959876801,qwen
psppsgva,political,PL,Poland,2.259208424818116,0.9025109685040982,3.4922627737226275,0.534550410508996,qwen
psppsgva,political,PT,Portugal,2.0314592692315667,0.9777170630242956,3.510948905109489,0.571199470504651,qwen
psppsgva,political,RS,Serbia,1.8554453058006242,1.0459064012863455,3.381021897810219,0.5587597019207319,qwen
psppsgva,political,SE,Sweden,2.688588773731168,0.8934600691065927,3.725036496350365,0.5356148078146081,qwen
psppsgva,political,SI,Slovenia,2.138670135863047,0.8468801031590536,3.537956204379562,0.5836629879127649,qwen
psppsgva,political,SK,Slovakia,2.02825644229242,0.9418627230925746,3.4029197080291973,0.5336541806071107,qwen
psppsgva,political,UA,Ukraine,1.7997523689337624,1.0063426365249366,3.267153284671533,0.49869852385737873,qwen
vote,political,AT,Austria,1.4202873512065668,0.6806730157849747,2.0555555555555554,0.7497084732476222,qwen
vote,political,BE,Belgium,1.413311668096829,0.7089552675012378,2.152046783625731,0.7362076208913174,qwen
vote,political,BG,Bulgaria,1.4058867101339767,0.5828174405368405,2.079295154185022,0.717141037152149,qwen
vote,political,CH,Switzerland,1.6999926450149614,0.8052753904767375,2.1788856304985336,0.7129759693441502,qwen
vote,political,CY,Cyprus,1.4236270426582018,0.6575703228270299,2.0907759882869694,0.7507297414914609,qwen
vote,political,DE,Germany,1.4305384836356427,0.7306502543828278,2.1591240875912407,0.7231100334974413,qwen
vote,political,EE,Estonia,1.4174322919734064,0.6684332691569346,2.1693430656934307,0.7417737990627384,qwen
vote,political,ES,Spain,1.4089006433180842,0.6866424014985538,2.1202346041055717,0.7607677960106528,qwen
vote,political,FI,Finland,1.2529287707994166,0.5442255754737033,2.1301169590643276,0.7274371774994105,qwen
vote,political,FR,France,1.554019677771938,0.6616693323123516,2.0995607613469986,0.749613652424291,qwen
vote,political,GB,United Kingdom,1.4672826493792912,0.6932364331852772,2.007309941520468,0.7700121220285174,qwen
vote,political,GR,Greece,1.232173417380769,0.4933527832093489,2.0866372980910426,0.7725896097014063,qwen
vote,political,HR,Croatia,1.3539780715927674,0.5915865530678587,2.149779735682819,0.7283366090745166,qwen
vote,political,HU,Hungary,1.2924385527277875,0.5615534844061386,2.0747800586510263,0.7540261167501159,qwen
vote,political,IE,Ireland,1.4484250557271259,0.7020988432406423,2.0176211453744495,0.7354355914689433,qwen
vote,political,IL,Israel,1.2961812404391788,0.5421408039889731,2.1564327485380117,0.7539662775880754,qwen
vote,political,IS,Iceland,1.4089402091609768,0.7380294053147957,2.0881057268722465,0.7263057778394972,qwen
vote,political,IT,Italy,1.4355640139885806,0.6264534338962391,2.1361639824304537,0.7506954250321336,qwen
vote,political,LT,Lithuania,1.4429952465372058,0.5931433860880534,2.1386861313868613,0.7069256575203624,qwen
vote,political,LV,Latvia,1.4710760530067304,0.6572433744685899,2.1464128843338215,0.7198064170017643,qwen
vote,political,ME,Montenegro,1.198507287997163,0.4255208007070601,2.202919708029197,0.7017044418134556,qwen
vote,political,NL,Netherlands,1.3596921163576228,0.675726359077966,2.1751824817518246,0.7304749938579188,qwen
vote,political,NO,Norway,1.4074217859684182,0.740602560367155,2.125730994152047,0.7332184357532475,qwen
vote,political,PL,Poland,1.1775046661209774,0.4509355592446268,2.1173020527859236,0.7297092090521508,qwen
vote,political,PT,Portugal,1.3813554891435997,0.6147119517505549,2.049780380673499,0.768045341572548,qwen
vote,political,RS,Serbia,1.2796658373067689,0.515551203038103,2.1052631578947367,0.7324531602527525,qwen
vote,political,SE,Sweden,1.2362824552327312,0.6038970756726667,2.1527165932452275,0.7175504433000802,qwen
vote,political,SI,Slovenia,1.3025095754173568,0.587194935817487,2.2079062957540265,0.7310432287835888,qwen
vote,political,SK,Slovakia,1.3356493718574676,0.5944632166755749,2.052863436123348,0.7113542555654792,qwen
vote,political,UA,Ukraine,1.3967110796934978,0.5634271961748842,2.1944035346097204,0.7001250767222489,qwen
actrolga,efficacy,AT,Austria,2.360062191223054,1.0669795296795501,3.272327964860908,0.5619235378317166,qwen
actrolga,efficacy,BE,Belgium,2.115275861331064,1.0246591138385353,3.367883211678832,0.55841964592986,qwen
actrolga,efficacy,BG,Bulgaria,1.9029019506952891,1.17280912478623,3.1185944363103952,0.6400534373984708,qwen
actrolga,efficacy,CH,Switzerland,2.338362606230354,1.110605461537031,3.3795620437956204,0.5815308852391633,qwen
actrolga,efficacy,CY,Cyprus,2.0119500942718256,1.0928138722798841,3.202919708029197,0.5933281102962769,qwen
actrolga,efficacy,DE,Germany,2.1704045969903616,1.0348641553008593,3.324561403508772,0.5622942030185328,qwen
actrolga,efficacy,EE,Estonia,2.0453270269830695,1.0188764821747993,3.345985401459854,0.610580995309676,qwen
actrolga,efficacy,ES,Spain,1.8949374822903193,1.0498830321174317,3.2890510948905107,0.6006427882538854,qwen
actrolga,efficacy,FI,Finland,2.4156188644937275,1.0507217265960367,3.335766423357664,0.5603540581707139,qwen
actrolga,efficacy,FR,France,2.075695473266248,1.094205195368371,3.2583941605839417,0.558381424449748,qwen
actrolga,efficacy,GB,United Kingdom,2.2689636323061086,1.0995314617436351,3.256204379562044,0.5674995573933165,qwen
actrolga,efficacy,GR,Greece,2.185392249640713,1.0278805398620388,3.1800878477306003,0.646271955876017,qwen
actrolga,efficacy,HR,Croatia,1.784089368311354,1.0468308823450982,3.14014598540146,0.6562185502366182,qwen
actrolga,efficacy,HU,Hungary,1.9633041840322543,1.0113249410044443,3.124269005847953,0.6407777285212471,qwen
actrolga,efficacy,IE,Ireland,2.3037648462898677,1.1069928781223484,3.296783625730994,0.6059163214054779,qwen
actrolga,efficacy,IL,Israel,2.11740885990875,1.1727991176975374,3.392070484581498,0.5666168700079084,qwen
actrolga,efficacy,IS,Iceland,2.6080921197716784,1.087945761044902,3.491970802919708,0.5556801840830222,qwen
actrolga,efficacy,IT,Italy,1.822327627454578,0.877476527617054,3.2379209370424595,0.6073690290382757,qwen
actrolga,efficacy,LT,Lithuania,1.963838594140131,0.9733989143686933,3.2394160583941605,0.5308271246756882,qwen
actrolga,efficacy,LV,Latvia,1.5356942878819717,0.7097815735878821,3.1791483113069017,0.627956426481682,qwen
actrolga,efficacy,ME,Montenegro,2.1225811349452295,0.9421551463710266,3.2339181286549707,0.5364777205795143,qwen
actrolga,efficacy,NL,Netherlands,2.0780062524434406,1.0888467240634798,3.3567251461988303,0.6157511147580225,qwen
actrolga,efficacy,NO,Norway,2.6076304127676564,1.0947123476303535,3.451094890510949,0.5614461262476867,qwen
actrolga,efficacy,PL,Poland,2.090930901431472,1.0154541129838304,3.216058394160584,0.6259768479177136,qwen
actrolga,efficacy,PT,Portugal,1.7593740788367676,1.018211503462485,3.1635036496350364,0.6161657415926267,qwen
actrolga,efficacy,RS,Serbia,1.9132144482547229,1.1688216569656082,3.1737226277372264,0.6239927641694052,qwen
actrolga,efficacy,SE,Sweden,2.6423151680584636,1.0918545427669148,3.488175182481752,0.5918973098490836,qwen
actrolga,efficacy,SI,Slovenia,1.9712686705573756,0.9928447281360491,3.212298682284041,0.6153184940130658,qwen
actrolga,efficacy,SK,Slovakia,1.868476483742559,0.9199427236111426,3.1489051094890512,0.6127443763978486,qwen
actrolga,efficacy,UA,Ukraine,1.748233991574511,1.0118794778870175,3.230205278592375,0.6259885237028164,qwen
cptppola,efficacy,AT,Austria,2.722022452632956,1.199636203824149,3.3313868613138684,0.6280192365867697,qwen
cptppola,efficacy,BE,Belgium,2.0443776544450745,1.0290845112164275,3.3313868613138684,0.6018674429082956,qwen
cptppola,efficacy,BG,Bulgaria,2.1144918277283926,1.121158813098891,3.159590043923865,0.6425808086297056,qwen
cptppola,efficacy,CH,Switzerland,2.7075158443151643,1.0614031466929674,3.440058479532164,0.6247018587996427,qwen
cptppola,efficacy,CY,Cyprus,2.0561790016847135,1.0973285271190274,3.27007299270073,0.6364150512608056,qwen
cptppola,efficacy,DE,Germany,2.5743790612120034,1.0734208741676388,3.362043795620438,0.5999672733352142,qwen
cptppola,efficacy,EE,Estonia,1.877113993648144,0.9196848483145372,3.472992700729927,0.6869186696535279,qwen
cptppola,efficacy,ES,Spain,2.214110323875781,1.1775444561554924,3.2773722627737225,0.6917425133567238,qwen
cptppola,efficacy,FI,Finland,2.2865465020469147,0.9576168280041062,3.451094890510949,0.6835704325848686,qwen
cptppola,efficacy,FR,France,2.180147948320813,0.9874977948773156,3.297810218978102,0.5424208182283075,qwen
cptppola,efficacy,GB,United Kingdom,2.3165698562125576,1.0783771745967745,3.345029239766082,0.6200329413333725,qwen
cptppola,efficacy,GR,Greece,2.315689573550337,1.0390720058075422,3.2766423357664234,0.6304021242536719,qwen
cptppola,efficacy,HR,Croatia,1.8203510539105203,0.9374764043066067,3.2394160583941605,0.638363869939007,qwen
cptppola,efficacy,HU,Hungary,1.9002890329608977,0.9599319264575873,3.2,0.6207899137059689,qwen
cptppola,efficacy,IE,Ireland,2.249292472554973,1.1144628393846572,3.334306569343066,0.6671531072032361,qwen
cptppola,efficacy,IL,Israel,2.110375003285951,1.1794141012883828,3.4788321167883214,0.6386012054105435,qwen
cptppola,efficacy,IS,Iceland,2.7486483449941344,1.0369140807170711,3.6598540145985403,0.7272333873728135,qwen
cptppola,efficacy,IT,Italy,2.0131524448099043,0.8602533569512344,3.2627737226277373,0.5932129903669248,qwen
cptppola,efficacy,LT,Lithuania,1.9640952699623115,0.9666747400226601,3.245255474452555,0.631526832983156,qwen
cptppola,efficacy,LV,Latvia,1.6006501763635819,0.8271079292850201,3.2364963503649635,0.6114018873834275,qwen
cptppola,efficacy,ME,Montenegro,2.160782232706074,1.0329913248927622,3.2646198830409356,0.5891948015364074,qwen
cptppola,efficacy,NL,Netherlands,2.101668153905468,1.0765970118124921,3.3795620437956204,0.6526082046164137,qwen
cptppola,efficacy,NO,Norway,2.6187482792528947,1.0727982194528864,3.54014598540146,0.67770034413071,qwen
cptppola,efficacy,PL,Poland,1.9300081759179204,0.9226357826378481,3.2992700729927007,0.5894412497403474,qwen
cptppola,efficacy,PT,Portugal,1.7280164727772018,0.9490430688999286,3.2583941605839417,0.6917054877888394,qwen
cptppola,efficacy,RS,Serbia,1.8995170692372243,1.1386062417072487,3.223684210526316,0.6388774880890159,qwen
cptppola,efficacy,SE,Sweden,2.6529324090450634,1.057827280494317,3.510233918128655,0.6854782799539159,qwen
cptppola,efficacy,SI,Slovenia,1.9722416237706597,0.9637675445306043,3.243795620437956,0.6024876929500137,qwen
cptppola,efficacy,SK,Slovakia,1.621899790036209,0.8634200998321819,3.1722627737226277,0.5615259502795257,qwen
cptppola,efficacy,UA,Ukraine,1.7252724626659504,1.0353239048795415,3.2364963503649635,0.6619212591208522,qwen
trstprl,inst_trust,AT,Austria,5.242175927592053,2.4357773830496763,6.6674041297935105,1.5253881174363484,qwen
trstprl,inst_trust,BE,Belgium,4.628179646810118,2.363716331922886,6.883259911894273,1.2879356276133813,qwen
trstprl,inst_trust,BG,Bulgaria,2.4551554799166544,2.142437615449954,5.815119760479042,1.9703260753507628,qwen
trstprl,inst_trust,CH,Switzerland,6.496425585697865,1.876302887388109,7.268545994065282,0.9492259888045457,qwen
trstprl,inst_trust,CY,Cyprus,3.8560576559990563,2.4132199456623815,6.2171344165435745,1.8385585912458509,qwen
trstprl,inst_trust,DE,Germany,4.800677929707122,2.7016964652482187,6.989614243323442,1.0830500789696258,qwen
trstprl,inst_trust,EE,Estonia,4.665463052878149,2.5884915895988727,7.037890044576523,1.0919645657675041,qwen
trstprl,inst_trust,ES,Spain,4.285837270813649,2.644755321087217,6.6389301634472515,1.5105088377711156,qwen
trstprl,inst_trust,FI,Finland,6.529776970284798,2.021074645456615,7.042772861356932,1.0239088561356628,qwen
trstprl,inst_trust,FR,France,4.252820714733623,2.5048193897715083,6.681614349775785,1.3116154598525875,qwen
trstprl,inst_trust,GB,United Kingdom,3.8178911865183927,2.554935518140703,6.642222222222222,1.430302963625084,qwen
trstprl,inst_trust,GR,Greece,3.1793160783535845,2.134711582927409,6.5358744394618835,1.5124923978890037,qwen
trstprl,inst_trust,HR,Croatia,2.9156645471949654,2.495127922675425,6.016393442622951,1.9626435386736012,qwen
trstprl,inst_trust,HU,Hungary,4.585530523962645,2.91040181403758,5.912721893491124,1.9213616281808823,qwen
trstprl,inst_trust,IE,Ireland,4.970725946358056,2.320439923925165,6.705052005943537,1.3394777451424242,qwen
trstprl,inst_trust,IL,Israel,3.8246940387324297,2.716653532252178,6.557437407952872,1.4399278605177885,qwen
trstprl,inst_trust,IS,Iceland,5.359657982892509,2.2975318085254752,7.367756315007429,0.8857589495566691,qwen
trstprl,inst_trust,IT,Italy,4.445538313930969,2.391832372995066,6.303097345132743,1.7217710539295037,qwen
trstprl,inst_trust,LT,Lithuania,3.7015054407031442,2.5598784163179604,6.2689450222882614,1.6789669402809237,qwen
trstprl,inst_trust,LV,Latvia,3.085455968220223,2.4264638758674892,6.254122938530735,1.7523798326722768,qwen
trstprl,inst_trust,ME,Montenegro,4.129466068560609,2.4463912606990545,6.611275964391691,1.5544377839515675,qwen
trstprl,inst_trust,NL,Netherlands,5.233150010344147,2.1241407487756607,7.087407407407407,1.037031659666086,qwen
trstprl,inst_trust,NO,Norway,6.3778614703226735,2.448114306931588,7.382396449704142,0.8339113708582201,qwen
trstprl,inst_trust,PL,Poland,3.925013781281735,2.6525205010712836,6.191964285714286,1.6969494006803019,qwen
trstprl,inst_trust,PT,Portugal,4.406812631092893,2.6392617809490924,6.3053097345132745,1.8503067273194445,qwen
trstprl,inst_trust,RS,Serbia,4.139536965942952,3.11180706192086,6.010416666666667,1.832366350684197,qwen
trstprl,inst_trust,SE,Sweden,6.243150550294175,2.1840669503513883,7.190652818991098,0.8876326368540007,qwen
trstprl,inst_trust,SI,Slovenia,4.143335995733991,2.44690284252444,6.4051470588235295,1.711363728272833,qwen
trstprl,inst_trust,SK,Slovakia,4.244871028022013,2.6559370223511354,5.747774480712166,1.9239329694425367,qwen
trstprl,inst_trust,UA,Ukraine,2.154783571969598,2.560212225230448,4.995508982035928,1.9410296217273322,qwen
trstplt,inst_trust,AT,Austria,3.759807007815198,2.5517147541887493,6.266766020864382,1.8010150049783393,qwen
trstplt,inst_trust,BE,Belgium,4.0912119142117565,2.3030896924496074,6.401492537313433,1.572844341809311,qwen
trstplt,inst_trust,BG,Bulgaria,2.1475325125405034,2.043033768354063,5.093181818181818,2.1273988756217506,qwen
trstplt,inst_trust,CH,Switzerland,5.589920851708134,1.9233925096008715,6.741124260355029,1.3511020169076962,qwen
trstplt,inst_trust,CY,Cyprus,2.6828211384739284,2.2422617403612857,5.4098966026587885,2.1547057669101592,qwen
trstplt,inst_trust,DE,Germany,3.8328900242318618,2.416750373184652,6.610283159463488,1.3720771083808805,qwen
trstplt,inst_trust,EE,Estonia,3.568793977242785,2.3163644674991177,6.621861152141802,1.476991412155239,qwen
trstplt,inst_trust,ES,Spain,2.703188652290895,2.356131769882449,5.985163204747774,1.8128858689721716,qwen
trstplt,inst_trust,FI,Finland,5.356354939762621,2.0401590612951246,6.6225997045790255,1.4162122499342455,qwen
trstplt,inst_trust,FR,France,3.870814232958948,2.173635778622873,5.895678092399404,1.7185109253939717,qwen
trstplt,inst_trust,GB,United Kingdom,3.0158032274748607,2.323845033474665,5.650224215246637,1.84996862992003,qwen
trstplt,inst_trust,GR,Greece,2.6916226846109907,1.9888520315402693,5.604041916167665,1.9423934164188899,qwen
trstplt,inst_trust,HR,Croatia,2.0635325844053702,2.1869972012597643,5.553254437869822,2.12814746086014,qwen
trstplt,inst_trust,HU,Hungary,4.097236675778126,2.7014218276436006,5.40625,2.073210628466171,qwen
trstplt,inst_trust,IE,Ireland,4.236359300463853,2.3611316025918088,5.66962962962963,1.889109585446809,qwen
trstplt,inst_trust,IL,Israel,3.2341115093976076,2.4973458568954587,6.228335832083959,1.6830342490406616,qwen
trstplt,inst_trust,IS,Iceland,4.523770015731723,2.220347967941023,6.8777614138438885,1.2183177853821756,qwen
trstplt,inst_trust,IT,Italy,3.3494548812045486,2.3317383487922063,5.731508875739645,1.97578633608167,qwen
trstplt,inst_trust,LT,Lithuania,3.400487282096519,2.327756603157886,5.646315789473684,1.9104789792738637,qwen
trstplt,inst_trust,LV,Latvia,2.6659860661685597,2.240002528040905,5.563063063063063,2.053367434625615,qwen
trstplt,inst_trust,ME,Montenegro,3.465533384712255,2.179659795186121,6.188888888888889,1.6812664201338918,qwen
trstplt,inst_trust,NL,Netherlands,4.811463308692996,2.0572352003160677,6.584808259587021,1.3343399527162079,qwen
trstplt,inst_trust,NO,Norway,5.179298822506107,2.121172112973884,7.0497041420118345,0.9585559670504396,qwen
trstplt,inst_trust,PL,Poland,2.8747644511024646,2.3577784249730933,5.603915662650603,1.9281317473421677,qwen
trstplt,inst_trust,PT,Portugal,2.8960445194558364,2.364964383248404,5.629955947136564,2.099982107304171,qwen
trstplt,inst_trust,RS,Serbia,2.807561355103738,2.856745406722904,5.381831610044313,2.016773790463059,qwen
trstplt,inst_trust,SE,Sweden,4.848564291664028,2.0135710530862836,6.79112426035503,1.2640011401554458,qwen
trstplt,inst_trust,SI,Slovenia,3.1784893447640648,2.269207551701215,5.872781065088757,1.9645220591495993,qwen
trstplt,inst_trust,SK,Slovakia,3.9693729450476685,2.584523458368587,5.076296296296296,2.1088061583658964,qwen
trstplt,inst_trust,UA,Ukraine,1.962396981919774,2.3376603746548095,4.734984984984985,1.971021203904305,qwen
trstlgl,inst_trust,AT,Austria,6.5286971443572615,2.377865984466505,7.287610619469026,1.1078582803235473,qwen
trstlgl,inst_trust,BE,Belgium,5.266169731715172,2.4785467994055304,7.201624815361891,1.1974011631106718,qwen
trstlgl,inst_trust,BG,Bulgaria,3.875565887842884,2.91515080536421,6.244918998527246,1.8645346958617186,qwen
trstlgl,inst_trust,CH,Switzerland,6.9523468665135075,1.982959865644012,7.675219941348973,0.757547648054645,qwen
trstlgl,inst_trust,CY,Cyprus,4.2943830474763836,2.632961859588091,6.6866666666666665,1.733540655637408,qwen
trstlgl,inst_trust,DE,Germany,6.025063268339777,2.3793754390666955,7.472713864306785,0.9015375070658417,qwen
trstlgl,inst_trust,EE,Estonia,6.267710745689831,2.4762551301101157,7.44665676077266,1.0743318644293216,qwen
trstlgl,inst_trust,ES,Spain,5.272403732506698,2.624309538411468,7.088365243004418,1.280209056846829,qwen
trstlgl,inst_trust,FI,Finland,7.3772855276226155,1.9124758052898003,7.619293078055964,0.6958974391654074,qwen
trstlgl,inst_trust,FR,France,5.277578722328512,2.5140756806538884,7.111521418020679,1.19869883410339,qwen
trstlgl,inst_trust,GB,United Kingdom,5.6163780941442445,2.521011371523573,7.135618479880775,1.3013533244744375,qwen
trstlgl,inst_trust,GR,Greece,5.246702680608762,2.5025338591575808,6.684523809523809,1.5374699287617202,qwen
trstlgl,inst_trust,HR,Croatia,3.1060360867847785,2.470375641568366,6.435007385524372,1.9612142737243592,qwen
trstlgl,inst_trust,HU,Hungary,5.413927522391459,2.801304195804185,6.456101190476191,1.714084281959837,qwen
trstlgl,inst_trust,IE,Ireland,5.69203320764676,2.396033627315256,7.26099706744868,1.1113105081446317,qwen
trstlgl,inst_trust,IL,Israel,4.48102706718821,2.8574560576316346,7.142433234421365,1.265220211465211,qwen
trstlgl,inst_trust,IS,Iceland,5.826511704694114,2.290303931244154,7.587407407407407,0.8463948357864308,qwen
trstlgl,inst_trust,IT,Italy,5.530528680908423,2.3101433585918305,6.9174041297935105,1.510854195709146,qwen
trstlgl,inst_trust,LT,Lithuania,5.333041524038505,2.53083676667906,6.8096296296296295,1.5080335848015218,qwen
trstlgl,inst_trust,LV,Latvia,4.138967022176612,2.66581072788196,6.7885756676557865,1.5736604401027412,qwen
trstlgl,inst_trust,ME,Montenegro,4.23413572231689,2.1759236559663613,7.083088235294118,1.3630704287291324,qwen
trstlgl,inst_trust,NL,Netherlands,6.388762659695479,2.0597908065345725,7.520740740740741,1.014150350869431,qwen
trstlgl,inst_trust,NO,Norway,7.3011783937619,2.191185770067164,7.71041055718475,0.7097558938436493,qwen
trstlgl,inst_trust,PL,Poland,4.021643146743594,2.525457601316737,6.617910447761194,1.7031953942550917,qwen
trstlgl,inst_trust,PT,Portugal,4.435887011208429,2.4930759270446927,6.654185022026431,1.730058895923363,qwen
trstlgl,inst_trust,RS,Serbia,4.272382534026924,3.0329847425670975,6.346989720998532,1.8144827203754919,qwen
trstlgl,inst_trust,SE,Sweden,6.422212816009448,2.215417878073363,7.688148148148148,0.7549099276013503,qwen
trstlgl,inst_trust,SI,Slovenia,4.782517309791612,2.5380693623732102,7.011834319526627,1.5199441146859887,qwen
trstlgl,inst_trust,SK,Slovakia,5.15859064611645,2.6736842426754746,6.397633136094675,1.7720698142829943,qwen
trstlgl,inst_trust,UA,Ukraine,2.62570472401749,2.7208794816359383,5.219730941704036,1.9655336888464363,qwen
trstprt,inst_trust,AT,Austria,3.6963347780733735,2.4576851742054227,6.458098068350669,1.7970123873057169,qwen
trstprt,inst_trust,BE,Belgium,3.901528783790737,2.198950818680616,6.813521545319465,1.38085708909444,qwen
trstprt,inst_trust,BG,Bulgaria,2.2674519398970117,2.1398152506421457,5.704918032786885,2.0666411463047245,qwen
trstprt,inst_trust,CH,Switzerland,5.365733608710456,1.8908503187585053,7.052373887240356,1.261111800917624,qwen
trstprt,inst_trust,CY,Cyprus,2.482863307998946,2.1835126229241606,5.9437037037037035,2.1513092903671684,qwen
trstprt,inst_trust,DE,Germany,3.887155565743618,2.2491886771250265,6.9120715350223545,1.2994328387176421,qwen
trstprt,inst_trust,EE,Estonia,3.6893980783220424,2.206886268768,6.94008875739645,1.3742734617484285,qwen
trstprt,inst_trust,ES,Spain,2.6973428924841145,2.389649147738557,6.416911764705882,1.723336966899224,qwen
trstprt,inst_trust,FI,Finland,5.434923773302382,1.9347737916257004,6.946370370370371,1.3442914845969798,qwen
trstprt,inst_trust,FR,France,3.47647353131399,2.0911343205670136,6.45820895522388,1.6269543155578188,qwen
trstprt,inst_trust,GB,United Kingdom,3.1850148949940458,2.348263095051111,6.498500749625188,1.6219212001524432,qwen
trstprt,inst_trust,GR,Greece,2.822445362838009,2.0601598484600308,6.310650887573964,1.7961948725464545,qwen
trstprt,inst_trust,HR,Croatia,2.1587417100304584,2.2333583748636854,5.914434523809524,2.178792917403702,qwen
trstprt,inst_trust,HU,Hungary,4.075109341052381,2.6270031356835526,5.887573964497041,2.1233989598446392,qwen
trstprt,inst_trust,IE,Ireland,4.1739986092793675,2.2933948015392263,6.429733727810651,1.6939597931609636,qwen
trstprt,inst_trust,IL,Israel,3.3813375609355893,2.3700459503345623,6.853857566765579,1.35099708395008,qwen
trstprt,inst_trust,IS,Iceland,4.525464685011454,2.1950486298837695,7.3100147275405005,0.9156875166241831,qwen
trstprt,inst_trust,IT,Italy,3.3610208793207383,2.3497735806666395,6.201347305389222,1.9704217569311477,qwen
trstprt,inst_trust,LT,Lithuania,3.2821173428708135,2.2763117265865733,6.349778434268833,1.8165545719758005,qwen
trstprt,inst_trust,LV,Latvia,2.525386270481844,2.2211609129739815,5.970982142857143,2.1289237122445117,qwen
trstprt,inst_trust,ME,Montenegro,3.711090386615508,2.31307033299726,6.4836309523809526,1.688622371895992,qwen
trstprt,inst_trust,NL,Netherlands,4.98058333512499,1.96243459082431,7.071870397643594,1.1641984370705754,qwen
trstprt,inst_trust,NO,Norway,5.3671595304269255,2.048502318553941,7.256342182890855,0.9962171645859209,qwen
trstprt,inst_trust,PL,Poland,2.91436556509795,2.379831825361464,6.103982300884955,1.8792654084279974,qwen
trstprt,inst_trust,PT,Portugal,2.902951409350657,2.3264527645400332,5.871134020618556,2.1503152772899363,qwen
trstprt,inst_trust,RS,Serbia,2.7175046698677487,2.7055050189578025,5.862426035502959,2.0510902688125268,qwen
trstprt,inst_trust,SE,Sweden,4.999524367908062,1.9794609607411369,7.165878877400296,1.1701172007171428,qwen
trstprt,inst_trust,SI,Slovenia,3.164576009060389,2.239666440421617,6.287610619469026,1.9158500545750634,qwen
trstprt,inst_trust,SK,Slovakia,3.9660866445286804,2.5627466267439947,5.692636229749632,2.1133593820740746,qwen
trstprt,inst_trust,UA,Ukraine,1.91796145354318,2.3487551677241822,5.399259259259259,2.0994027798617965,qwen
trstplc,inst_trust,AT,Austria,7.048198702400107,2.3299292139289602,7.615898959881129,0.9309971941364743,qwen
trstplc,inst_trust,BE,Belgium,6.481846683689832,2.1348624084842096,7.663189269746646,0.9149510834022867,qwen
trstplc,inst_trust,BG,Bulgaria,5.184958703759927,2.8147241541045096,6.840329835082459,1.7050733022719413,qwen
trstplc,inst_trust,CH,Switzerland,7.32249972900217,1.9502362133668902,7.8125,0.764976873561513,qwen
trstplc,inst_trust,CY,Cyprus,5.093593287394825,2.602201706540397,7.213441654357459,1.6817448677534326,qwen
trstplc,inst_trust,DE,Germany,7.004467206225458,2.112825816430906,7.70919881305638,0.7918633087790881,qwen
trstplc,inst_trust,EE,Estonia,7.451618857814621,2.145865473139831,7.69423929098966,0.8734305732705702,qwen
trstplc,inst_trust,ES,Spain,6.882325569432233,2.402605682884896,7.570796460176991,1.1456692392561223,qwen
trstplc,inst_trust,FI,Finland,8.36650961396084,1.4188422090457942,7.854625550660793,0.6137013183226101,qwen
trstplc,inst_trust,FR,France,6.521489045769595,2.2468552023670956,7.545727136431784,1.0122042980788488,qwen
trstplc,inst_trust,GB,United Kingdom,5.84353719624166,2.528930687537436,7.355869242199108,1.0863186772725766,qwen
trstplc,inst_trust,GR,Greece,5.851565485960466,2.389356055870539,7.366017964071856,1.1166979916138515,qwen
trstplc,inst_trust,HR,Croatia,5.391691659108795,2.572495577309672,7.005208333333333,1.7291365534040202,qwen
trstplc,inst_trust,HU,Hungary,6.323114992395225,2.5514012895441174,7.149253731343284,1.5098454305042144,qwen
trstplc,inst_trust,IE,Ireland,6.34225194768484,2.417847478632362,7.650297619047619,0.8994284826180158,qwen
trstplc,inst_trust,IL,Israel,4.731499091666773,2.803993866551745,7.516320474777448,1.2649230898146664,qwen
trstplc,inst_trust,IS,Iceland,6.880903752638397,2.286741214103045,7.8426470588235295,0.6676439961445038,qwen
trstplc,inst_trust,IT,Italy,6.735453139431022,2.03696389366766,7.49925705794948,1.1396203605865223,qwen
trstplc,inst_trust,LT,Lithuania,6.840907731460925,2.3620641004973,7.311278195488722,1.3231974631196877,qwen
trstplc,inst_trust,LV,Latvia,5.345565623059908,2.565313030311234,7.311178247734139,1.2876095673113495,qwen
trstplc,inst_trust,ME,Montenegro,5.33831741989394,2.289400230773549,7.365044247787611,1.194461337080138,qwen
trstplc,inst_trust,NL,Netherlands,7.031936952279682,1.6731356506046635,7.698813056379822,0.8997763057361514,qwen
trstplc,inst_trust,NO,Norway,7.497281115481987,2.131882331185733,7.920505200594354,0.6681497954459472,qwen
trstplc,inst_trust,PL,Poland,5.144209820314441,2.6126205890611636,7.100148367952523,1.5183327375371236,qwen
trstplc,inst_trust,PT,Portugal,6.35140123530796,2.37199949180341,7.295555555555556,1.3389212777205164,qwen
trstplc,inst_trust,RS,Serbia,5.298439353393637,3.0755522567357465,6.858841010401188,1.715471395018048,qwen
trstplc,inst_trust,SE,Sweden,7.010517082776527,2.0695476008677933,7.7825443786982245,0.6992419426235169,qwen
trstplc,inst_trust,SI,Slovenia,6.298202965670212,2.39963246963771,7.418154761904762,1.3503316984482814,qwen
trstplc,inst_trust,SK,Slovakia,5.715810942457989,2.5968965560218478,6.950746268656716,1.6029096427026586,qwen
trstplc,inst_trust,UA,Ukraine,3.346869383787289,2.882555307976165,6.600301659125188,1.6919392776149549,qwen
trstep,inst_trust,AT,Austria,4.441713049182769,2.7027869412924757,6.614692653673163,1.4826200390427668,qwen
trstep,inst_trust,BE,Belgium,4.644375709423029,2.482058348908749,6.934426229508197,1.2308926224118824,qwen
trstep,inst_trust,BG,Bulgaria,4.590907637406625,2.8154598161996414,6.165402124430956,1.8990363771551082,qwen
trstep,inst_trust,CH,Switzerland,4.9804047024318026,2.142752152560394,6.939078751857355,1.1855417618483692,qwen
trstep,inst_trust,CY,Cyprus,4.494442682400129,2.6253215046817244,6.290611028315946,1.8472774842180832,qwen
trstep,inst_trust,DE,Germany,4.6553069483283815,2.6988466506724818,6.9300751879699245,1.1609863485705467,qwen
trstep,inst_trust,EE,Estonia,4.867659024996451,2.5389822170035377,6.9637462235649545,1.2392532946247772,qwen
trstep,inst_trust,ES,Spain,4.617834338361529,2.58207626029311,6.661676646706587,1.5192611053010252,qwen
trstep,inst_trust,FI,Finland,5.884698971541353,2.0478526383413707,6.889716840536512,1.351527077823122,qwen
trstep,inst_trust,FR,France,4.358218524618483,2.5065079834216193,6.747376311844078,1.3796477052527576,qwen
trstep,inst_trust,GB,United Kingdom,3.9659348201020137,2.634761088291623,6.651197604790419,1.469188315268465,qwen
trstep,inst_trust,GR,Greece,4.325553876401601,2.3648784897283908,6.598484848484849,1.5127673567480948,qwen
trstep,inst_trust,HR,Croatia,4.181384694167215,2.639162523655762,6.171898355754858,1.9565763852529825,qwen
trstep,inst_trust,HU,Hungary,4.842041979022309,2.559677185813506,6.190151515151515,1.8853262879971675,qwen
trstep,inst_trust,IE,Ireland,5.190912190718104,2.301815167988883,6.657894736842105,1.4987047885156863,qwen
trstep,inst_trust,IL,Israel,2.7966407305118883,2.5564369022191045,6.8240601503759395,1.3208334339468795,qwen
trstep,inst_trust,IS,Iceland,5.5923851198663295,2.243165922829671,7.175898203592815,0.8817506447499813,qwen
trstep,inst_trust,IT,Italy,4.647829420068639,2.3531593011282976,6.518796992481203,1.6428079095566177,qwen
trstep,inst_trust,LT,Lithuania,5.023996321399762,2.632139279336537,6.448795180722891,1.6414038780926112,qwen
trstep,inst_trust,LV,Latvia,4.251592920932756,2.6260011177629847,6.251896813353566,1.7899521690402331,qwen
trstep,inst_trust,ME,Montenegro,5.54537932736838,2.362639500661553,6.796101949025488,1.416478453351836,qwen
trstep,inst_trust,NL,Netherlands,5.1357615968982495,2.242656739308697,6.987313432835821,1.226356156786091,qwen
trstep,inst_trust,NO,Norway,5.627393518801301,2.178716230468213,7.137853949329359,0.9654466986276851,qwen
trstep,inst_trust,PL,Poland,3.957651671025209,2.697137928277827,6.366515837104072,1.6896417377030204,qwen
trstep,inst_trust,PT,Portugal,4.892394298430099,2.617896802698862,6.27136431784108,1.937415331278252,qwen
trstep,inst_trust,RS,Serbia,2.7730792127220054,2.825146464333168,6.335832083958021,1.7658648585009538,qwen
trstep,inst_trust,SE,Sweden,5.2806213736007015,2.1710305492664226,7.045495495495496,1.094079409419178,qwen
trstep,inst_trust,SI,Slovenia,4.528745064461624,2.5517164807944748,6.573991031390134,1.6549632501058387,qwen
trstep,inst_trust,SK,Slovakia,4.626454297072137,2.9537924517663043,6.020958083832335,1.945165300486417,qwen
trstep,inst_trust,UA,Ukraine,4.195768145519062,3.0947491383522934,6.072837632776935,1.8803510446468281,qwen
trstun,inst_trust,AT,Austria,4.9381208805276975,2.66672198274972,6.964714714714715,1.3169917851296344,qwen
trstun,inst_trust,BE,Belgium,5.238178968574235,2.396333746412237,7.198496240601504,1.092001655136192,qwen
trstun,inst_trust,BG,Bulgaria,4.799013115669446,2.799354120493202,6.662576687116564,1.6664056037469226,qwen
trstun,inst_trust,CH,Switzerland,5.327174304085703,2.2798633759460833,7.262686567164179,1.0625203166467696,qwen
trstun,inst_trust,CY,Cyprus,4.104515544764862,2.5993390491532526,6.857142857142857,1.5654073972460902,qwen
trstun,inst_trust,DE,Germany,4.795974606838823,2.5178768647535934,7.168674698795181,1.1356743856885696,qwen
trstun,inst_trust,EE,Estonia,4.795070493223868,2.662819868529023,7.323485967503693,1.1253905128379385,qwen
trstun,inst_trust,ES,Spain,4.869911326639016,2.6935501723222925,7.073025335320417,1.2455423553852578,qwen
trstun,inst_trust,FI,Finland,6.488996062898592,2.117560252132273,7.260740740740741,1.101731594749323,qwen
trstun,inst_trust,FR,France,5.187570945898971,2.439297260904272,7.1350531107738995,1.158410682238864,qwen
trstun,inst_trust,GB,United Kingdom,5.068956337890133,2.6334564888091543,6.985163204747774,1.3285367343261174,qwen
trstun,inst_trust,GR,Greece,4.380066069687555,2.3779031168488247,7.086466165413534,1.2624549350711194,qwen
trstun,inst_trust,HR,Croatia,4.641931114635581,2.8824633999834313,6.775449101796407,1.5919198922786522,qwen
trstun,inst_trust,HU,Hungary,5.431164439172593,2.492506117115492,6.6540785498489425,1.57792256420633,qwen
trstun,inst_trust,IE,Ireland,5.348305834138985,2.419858286145188,7.052316890881913,1.2045130384968366,qwen
trstun,inst_trust,IL,Israel,2.158735877721266,2.499463206769922,7.073880597014925,1.2703311659651446,qwen
trstun,inst_trust,IS,Iceland,6.129719684805683,2.275120220593933,7.411242603550296,1.015198981563434,qwen
trstun,inst_trust,IT,Italy,4.959247795419568,2.407398237329906,6.984351713859911,1.3751991405293742,qwen
trstun,inst_trust,LT,Lithuania,5.113734704134614,2.6384547194832537,6.850299401197605,1.4451645788109102,qwen
trstun,inst_trust,LV,Latvia,3.944849335449868,2.8572210133988953,6.770516717325228,1.5489712913298106,qwen
trstun,inst_trust,ME,Montenegro,5.477883219043625,2.3384144117845906,7.164925373134328,1.1803230703821381,qwen
trstun,inst_trust,NL,Netherlands,5.837135196439165,2.0616843339052084,7.284107946026986,1.024776797076151,qwen
trstun,inst_trust,NO,Norway,7.004010109627948,2.20650915385233,7.42026825633383,0.9105389184219338,qwen
trstun,inst_trust,PL,Poland,4.925437491650594,2.585202291044782,6.709774436090226,1.6211081598436816,qwen
trstun,inst_trust,PT,Portugal,5.468309186576956,2.6214498499165084,6.715339233038348,1.6468314646417594,qwen
trstun,inst_trust,RS,Serbia,2.8935428453296557,2.870760992698354,6.738738738738738,1.5365426186272724,qwen
trstun,inst_trust,SE,Sweden,6.378675272276728,2.1906130537695097,7.325925925925926,0.8401959432129732,qwen
trstun,inst_trust,SI,Slovenia,4.75708153743771,2.593813931582263,7.0,1.3744291441408931,qwen
trstun,inst_trust,SK,Slovakia,5.006831482621015,3.0015706587559183,6.506726457399103,1.691480825090624,qwen
trstun,inst_trust,UA,Ukraine,3.6013180121383064,3.107175118929105,6.3103186646433995,1.8108881400421524,qwen
happy,wellbeing,AT,Austria,7.76090373708049,1.6476809008987041,7.183856502242152,1.3077301552760365,qwen
happy,wellbeing,BE,Belgium,7.693888917247725,1.5948426862606622,7.377232142857143,1.110592309701977,qwen
happy,wellbeing,BG,Bulgaria,6.2599013533973995,2.1058326813703254,6.979790419161676,1.4152612034006649,qwen
happy,wellbeing,CH,Switzerland,8.143443693353284,1.4784609167560088,7.5949177877429,0.8182267965157436,qwen
happy,wellbeing,CY,Cyprus,6.987720510210006,2.0375544046536445,7.2092675635276535,1.372692697284006,qwen
happy,wellbeing,DE,Germany,7.770826781915745,1.6481961735890556,7.26,1.3335546304978492,qwen
happy,wellbeing,EE,Estonia,7.392975022060044,1.8125399321856848,7.508295625942685,1.0412231173706248,qwen
happy,wellbeing,ES,Spain,7.9068639433129615,1.5083333876993539,7.301178203240059,1.1722322309593827,qwen
happy,wellbeing,FI,Finland,8.056294696497618,1.4941446726890395,7.589895988112927,0.8419005680876933,qwen
happy,wellbeing,FR,France,7.484937725116078,1.5824931766151542,7.312874251497006,1.2254236372007778,qwen
happy,wellbeing,GB,United Kingdom,7.58670240724883,1.8928609716961053,7.258902077151335,1.2668311647202741,qwen
happy,wellbeing,GR,Greece,6.842498028815976,1.5533308312932954,7.2380239520958085,1.2828322018861438,qwen
happy,wellbeing,HR,Croatia,7.57452763307812,1.8953856307718508,7.054315476190476,1.420662659511303,qwen
happy,wellbeing,HU,Hungary,7.213928510077665,1.949751769688737,6.949404761904762,1.4238126864784542,qwen
happy,wellbeing,IE,Ireland,7.656938166322823,1.5969945819593403,7.2701492537313435,1.2153127293034152,qwen
happy,wellbeing,IL,Israel,7.378506798276478,1.9589332675006683,7.417734724292101,1.108649142230554,qwen
happy,wellbeing,IS,Iceland,7.795136804185614,1.6901819986040958,7.628338278931751,0.9403839901043519,qwen
happy,wellbeing,IT,Italy,6.866632272435569,1.7736600966317824,7.275964391691395,1.244703860985955,qwen
happy,wellbeing,LT,Lithuania,7.462256314361242,1.9640572400944816,7.150297619047619,1.280264002951011,qwen
happy,wellbeing,LV,Latvia,6.942492161894379,2.010490673099773,7.186274509803922,1.2174741683142236,qwen
happy,wellbeing,ME,Montenegro,6.598538405658492,1.9929676150976603,7.400740740740741,1.0341710865450364,qwen
happy,wellbeing,NL,Netherlands,7.967482570449453,1.2594481552897474,7.550746268656717,0.9130957435392327,qwen
happy,wellbeing,NO,Norway,7.874301227891386,1.6412667294737115,7.563988095238095,1.0595168822171135,qwen
happy,wellbeing,PL,Poland,7.580291683668927,1.9297359190706487,7.0553892215568865,1.3976584610042557,qwen
happy,wellbeing,PT,Portugal,7.18890332891691,1.9345513767482962,7.136029411764706,1.2938436301732368,qwen
happy,wellbeing,RS,Serbia,7.293745610623994,2.1956271452212994,6.970938897168406,1.4489745774552492,qwen
happy,wellbeing,SE,Sweden,7.653675579018058,1.651322113708472,7.566370370370371,1.0184256537308762,qwen
happy,wellbeing,SI,Slovenia,7.741530514531192,1.7814239483325474,7.337087087087087,1.1765720240354096,qwen
happy,wellbeing,SK,Slovakia,6.821599780133437,2.1340105043999387,6.8557548579970105,1.5293194172360451,qwen
happy,wellbeing,UA,Ukraine,6.148338386295668,2.6702456732390303,6.765413533834587,1.7473751878476802,qwen
stflife,wellbeing,AT,Austria,7.78814385622568,1.663509124198267,7.640353460972018,0.9055827465611701,qwen
stflife,wellbeing,BE,Belgium,7.309428021722151,1.8917094461027428,7.7379056047197645,0.9123442186757752,qwen
stflife,wellbeing,BG,Bulgaria,6.042474309791918,2.2120628343463418,7.474852071005917,1.0140293554134165,qwen
stflife,wellbeing,CH,Switzerland,8.117545251532318,1.5615082032326784,7.8499265785609404,0.7470554908211777,qwen
stflife,wellbeing,CY,Cyprus,6.3500031076829355,2.4105596498933695,7.538404726735598,1.1480633790625363,qwen
stflife,wellbeing,DE,Germany,7.5174226887125135,1.8370147717535326,7.698969072164949,0.9178251823815577,qwen
stflife,wellbeing,EE,Estonia,6.995530555906337,2.0155902024685055,7.792307692307693,0.7717416570233754,qwen
stflife,wellbeing,ES,Spain,7.498474456930226,1.8224070220472202,7.737481481481482,0.7511827652198768,qwen
stflife,wellbeing,FI,Finland,7.884236327112843,1.6106494607761095,7.880530973451328,0.60319558773246,qwen
stflife,wellbeing,FR,France,6.770231955192009,2.2774602348290798,7.742603550295858,0.8549749987693851,qwen
stflife,wellbeing,GB,United Kingdom,7.076060810502419,2.0857563950905624,7.695555555555556,0.9726883626530914,qwen
stflife,wellbeing,GR,Greece,6.412675488700161,1.9600409763547444,7.6586567164179105,0.9537313951307052,qwen
stflife,wellbeing,HR,Croatia,7.254634337219264,2.1096005755584524,7.521386430678466,1.072304698283262,qwen
stflife,wellbeing,HU,Hungary,6.621330451773505,2.1411539701501248,7.40353982300885,1.1473246154220227,qwen
stflife,wellbeing,IE,Ireland,7.264586614245971,1.746506935243767,7.663489736070381,1.047352367419455,qwen
stflife,wellbeing,IL,Israel,7.100674068580728,2.0995398201582294,7.857290132547865,0.6145979977878147,qwen
stflife,wellbeing,IS,Iceland,7.616733195317123,1.8741151012792872,7.985967503692762,0.4585104053801136,qwen
stflife,wellbeing,IT,Italy,6.739670239629779,1.903152675906479,7.6960352422907485,0.9568478389960696,qwen
stflife,wellbeing,LT,Lithuania,7.1356614539550485,2.0928346239824207,7.509333333333333,1.2634036267304318,qwen
stflife,wellbeing,LV,Latvia,6.395823933792753,2.2344529567249887,7.440089418777943,1.1839924834844062,qwen
stflife,wellbeing,ME,Montenegro,6.107432602015085,2.2377777283887044,7.7139296187683275,0.7639622241409532,qwen
stflife,wellbeing,NL,Netherlands,7.911109433699263,1.2395781286526681,7.839555555555555,0.8136756426452886,qwen
stflife,wellbeing,NO,Norway,7.694714604104831,1.7955247906018192,7.907658321060383,0.6190202754130095,qwen
stflife,wellbeing,PL,Poland,7.330899994057487,2.0169033095979096,7.427555555555556,1.2508083242036454,qwen
stflife,wellbeing,PT,Portugal,6.56427821284171,2.0566130251835895,7.601479289940829,0.9968977960988549,qwen
stflife,wellbeing,RS,Serbia,6.842770538058628,2.31384027899869,7.337168141592921,1.3007799971299223,qwen
stflife,wellbeing,SE,Sweden,7.761426256173515,1.765214803913871,7.879615952732644,0.6890293105166507,qwen
stflife,wellbeing,SI,Slovenia,7.542574813136172,1.9244888595960155,7.585168869309839,1.0157293855533145,qwen
stflife,wellbeing,SK,Slovakia,6.4957221910406595,2.193641926033914,7.434955752212389,0.9706182444573715,qwen
stflife,wellbeing,UA,Ukraine,5.135055056810102,2.8746660557095858,7.180327868852459,1.3580497033684678,qwen
stfeco,wellbeing,AT,Austria,5.54995975100486,2.122906575697393,6.416422287390029,1.1809402102966493,qwen
stfeco,wellbeing,BE,Belgium,4.98606815137708,2.140962305023091,6.5198237885462555,1.1388735268151295,qwen
stfeco,wellbeing,BG,Bulgaria,3.031413845159043,2.0478322235714828,5.647492625368732,1.4898726252214431,qwen
stfeco,wellbeing,CH,Switzerland,6.845506079176042,1.794737285619912,6.803834808259587,0.8033442190410375,qwen
stfeco,wellbeing,CY,Cyprus,3.621005068769763,2.2862779112800453,6.221407624633431,1.3037658370379406,qwen
stfeco,wellbeing,DE,Germany,4.603022073123684,2.2304373073135833,6.648093841642229,1.0091668842590276,qwen
stfeco,wellbeing,EE,Estonia,3.9325211402685727,2.2100479528054375,6.65345080763583,0.9441884085739329,qwen
stfeco,wellbeing,ES,Spain,4.237300941743682,2.24737885886348,6.284875183553598,1.254834307313005,qwen
stfeco,wellbeing,FI,Finland,5.621461226119554,1.9579719138360596,6.6381578947368425,0.9647476543252964,qwen
stfeco,wellbeing,FR,France,3.660295890775978,2.2237287051207018,6.309838472834068,1.154036446967525,qwen
stfeco,wellbeing,GB,United Kingdom,3.2607008909458353,2.1312607908213446,6.55359765051395,1.0902601455320873,qwen
stfeco,wellbeing,GR,Greece,3.469009875643056,2.0401583899106384,5.848529411764706,1.334596037137934,qwen
stfeco,wellbeing,HR,Croatia,3.81438187157306,2.2290589463333133,5.879411764705883,1.519685149114351,qwen
stfeco,wellbeing,HU,Hungary,4.222210680856891,2.5543458274354554,5.750367107195301,1.5809353189429283,qwen
stfeco,wellbeing,IE,Ireland,5.177761758303079,2.237107840768206,6.547723935389134,0.9615390329630663,qwen
stfeco,wellbeing,IL,Israel,4.637346340378427,2.4778551747260322,6.529455081001473,1.064242427510401,qwen
stfeco,wellbeing,IS,Iceland,4.354133278700258,2.301638119156402,6.812130177514793,0.8029026346989322,qwen
stfeco,wellbeing,IT,Italy,4.1676646263709225,2.127827664975726,6.108345534407028,1.3581417519025107,qwen
stfeco,wellbeing,LT,Lithuania,4.544519559488827,2.4391149388673945,6.17551622418879,1.353431859426832,qwen
stfeco,wellbeing,LV,Latvia,3.5572163109068264,2.1520775282363993,6.1117647058823525,1.3532842733608066,qwen
stfeco,wellbeing,ME,Montenegro,4.329125358977915,2.4212189501351213,6.559646539027982,1.054093240300332,qwen
stfeco,wellbeing,NL,Netherlands,5.750090162399542,1.8883487420818466,6.67203513909224,0.9538745430740481,qwen
stfeco,wellbeing,NO,Norway,5.638977511362683,2.2999889990969327,6.917525773195877,0.7578317184047578,qwen
stfeco,wellbeing,PL,Poland,5.266828562831059,2.084401474654986,5.9985207100591715,1.4178745285919054,qwen
stfeco,wellbeing,PT,Portugal,3.7597087439710393,2.2173779023902607,6.097953216374269,1.3367412652068351,qwen
stfeco,wellbeing,RS,Serbia,4.08009767411611,2.6670196884026667,5.606725146198831,1.5292219786293657,qwen
stfeco,wellbeing,SE,Sweden,4.727544972683704,2.003617018275472,6.752941176470588,0.8670826254189816,qwen
stfeco,wellbeing,SI,Slovenia,5.256003164705521,2.198909115847543,6.278184480234261,1.1994285960904416,qwen
stfeco,wellbeing,SK,Slovakia,3.90539600420454,2.4802603822382823,5.788235294117647,1.440782945775633,qwen
stfeco,wellbeing,UA,Ukraine,2.582621884597501,2.473376037105537,4.660766961651918,1.6205732346404467,qwen
stfgov,wellbeing,AT,Austria,4.039162360697896,2.542751952796585,6.706020558002937,1.4931634970720762,qwen
stfgov,wellbeing,BE,Belgium,4.327179766206084,2.2310383559273848,6.993372606774669,1.0951893848499594,qwen
stfgov,wellbeing,BG,Bulgaria,2.6719832241253285,2.1518931725478994,6.004431314623338,1.8223573336649217,qwen
stfgov,wellbeing,CH,Switzerland,6.603606802594606,1.7563173900139182,7.31359649122807,0.9127240715533591,qwen
stfgov,wellbeing,CY,Cyprus,3.9267792705867395,2.318596254151223,6.300146412884334,1.8723837995724426,qwen
stfgov,wellbeing,DE,Germany,3.8478023210079932,2.565662571285465,7.002654867256638,1.0014282424243721,qwen
stfgov,wellbeing,EE,Estonia,3.531555568247472,2.262874109890977,7.1362701908957415,1.1889776418301041,qwen
stfgov,wellbeing,ES,Spain,3.7614892720866218,2.6222085393506376,6.623900293255132,1.4254764127335904,qwen
stfgov,wellbeing,FI,Finland,4.804454929568028,2.3543226465867253,7.131454005934718,1.118952741563148,qwen
stfgov,wellbeing,FR,France,3.787785280082554,2.442793733642136,6.765102639296188,1.2028535838671717,qwen
stfgov,wellbeing,GB,United Kingdom,3.036843581975516,2.394408469716829,6.785022026431719,1.285328537006603,qwen
stfgov,wellbeing,GR,Greece,3.644471747398687,2.2863689257464532,6.3460972017673045,1.6174140644944963,qwen
stfgov,wellbeing,HR,Croatia,3.4080005877444512,2.537664144424585,6.185567010309279,1.8348553175747124,qwen
stfgov,wellbeing,HU,Hungary,4.349290035814571,2.773293843461117,6.131268436578171,1.7118136352789537,qwen
stfgov,wellbeing,IE,Ireland,4.870906010407424,2.2837559034048587,6.796323529411764,1.2929176107524063,qwen
stfgov,wellbeing,IL,Israel,3.8927885655775873,2.9003886880694987,6.688399412628487,1.4221557555964555,qwen
stfgov,wellbeing,IS,Iceland,4.095360338555398,2.3793164587301976,7.414956011730205,0.7932974072373139,qwen
stfgov,wellbeing,IT,Italy,4.305847880343379,2.240831516737721,6.4418879056047205,1.6408244421770213,qwen
stfgov,wellbeing,LT,Lithuania,3.891877946823288,2.5420418151357658,6.530837004405286,1.4345282186691457,qwen
stfgov,wellbeing,LV,Latvia,3.1240201091808486,2.2787685267851967,6.306047197640118,1.749338430126147,qwen
stfgov,wellbeing,ME,Montenegro,4.613987966891826,2.4855582034040724,6.930983847283406,1.2606932271468743,qwen
stfgov,wellbeing,NL,Netherlands,4.609865988308238,2.0062529772022137,7.202212389380532,1.0379837014968067,qwen
stfgov,wellbeing,NO,Norway,4.785794047937997,2.2175501497089307,7.430938416422287,0.7824405504559323,qwen
stfgov,wellbeing,PL,Poland,4.541712539383122,2.823730378695335,6.3841642228739,1.5296141642082832,qwen
stfgov,wellbeing,PT,Portugal,3.513193931375951,2.3111842226430293,6.310294117647059,1.738216351380598,qwen
stfgov,wellbeing,RS,Serbia,4.258255990476471,3.198497977514989,6.027818448023426,1.7532840779233811,qwen
stfgov,wellbeing,SE,Sweden,4.269263904955265,2.167209026362757,7.313929618768329,0.989977430898429,qwen
stfgov,wellbeing,SI,Slovenia,4.249594291009816,2.4941118540650034,6.650512445095169,1.450435934390616,qwen
stfgov,wellbeing,SK,Slovakia,4.46334706353566,2.686925975312871,6.035294117647059,1.7682992091395062,qwen
stfgov,wellbeing,UA,Ukraine,2.4743529805980655,2.565480033331153,5.256696428571429,1.9317605330851537,qwen
stfhlth,wellbeing,AT,Austria,6.474907116097822,2.438472434018327,7.420471281296024,0.731916151271854,qwen
stfhlth,wellbeing,BE,Belgium,7.220810024616674,1.8327609518478543,7.405131964809384,0.6187857444525451,qwen
stfhlth,wellbeing,BG,Bulgaria,3.832171344870384,2.3748257579878462,6.882615156017831,0.9737832741773563,qwen
stfhlth,wellbeing,CH,Switzerland,6.831041864274515,1.9622858222787356,7.781204111600587,0.5686664128991096,qwen
stfhlth,wellbeing,CY,Cyprus,5.576021271821681,2.3253109754011057,7.211799410029499,0.8220247408825294,qwen
stfhlth,wellbeing,DE,Germany,5.1952004418832605,2.4462601761167653,7.460118168389956,0.6365625030859907,qwen
stfhlth,wellbeing,EE,Estonia,5.793017380383871,2.1660633774564113,7.4117474302496325,0.7325078001572275,qwen
stfhlth,wellbeing,ES,Spain,5.640440850707488,2.522739885428595,7.305718475073314,0.6533632608153603,qwen
stfhlth,wellbeing,FI,Finland,6.4186579536005794,2.06315131322013,7.653440702781845,0.5833207272951768,qwen
stfhlth,wellbeing,FR,France,5.439891110440975,2.4415300288512802,7.347569955817378,0.6265670507348094,qwen
stfhlth,wellbeing,GB,United Kingdom,4.797421449561588,2.4325170399551603,7.150074074074074,0.8238718536885107,qwen
stfhlth,wellbeing,GR,Greece,3.396290051453136,2.0119449650003913,7.055752212389381,0.8558017882060792,qwen
stfhlth,wellbeing,HR,Croatia,5.3548541416674444,2.682053424056007,7.0697640117994105,0.842369663677081,qwen
stfhlth,wellbeing,HU,Hungary,3.4347744313772854,2.4617765778736294,6.980205278592376,0.995940933252149,qwen
stfhlth,wellbeing,IE,Ireland,4.433855064113273,2.3508293625680494,7.21819526627219,0.7024467273591348,qwen
stfhlth,wellbeing,IL,Israel,6.530300993284543,1.8914696286324908,7.310619469026549,0.7899512351710797,qwen
stfhlth,wellbeing,IS,Iceland,5.112267027203692,2.1491014425562263,7.844624447717231,0.6532851848877012,qwen
stfhlth,wellbeing,IT,Italy,5.10968527191663,2.096107535799735,7.349341142020498,0.6742294434358095,qwen
stfhlth,wellbeing,LT,Lithuania,4.4780529748809945,2.3439135030424465,7.159881129271917,0.7244423044766156,qwen
stfhlth,wellbeing,LV,Latvia,4.2972221458723485,2.5047000700024427,7.094682422451995,0.8749986109209829,qwen
stfhlth,wellbeing,ME,Montenegro,4.806435046611185,2.3092924712702363,7.2570588235294125,0.6997854895887506,qwen
stfhlth,wellbeing,NL,Netherlands,6.629094750304629,1.781841136689458,7.671935007385524,0.5882311830936833,qwen
stfhlth,wellbeing,NO,Norway,7.06508411422838,1.940954250732358,7.860979228486647,0.48768451563413395,qwen
stfhlth,wellbeing,PL,Poland,4.202687158652689,2.329430701915596,7.038278931750742,0.9010909712266555,qwen
stfhlth,wellbeing,PT,Portugal,3.8254868131229243,2.5085001345712525,7.232011747430249,0.7444324169400515,qwen
stfhlth,wellbeing,RS,Serbia,4.238355203962294,2.794463373118979,6.858149779735682,1.0022894884760143,qwen
stfhlth,wellbeing,SE,Sweden,5.69363952596369,2.1003606930097036,7.767699115044247,0.5531734826878402,qwen
stfhlth,wellbeing,SI,Slovenia,4.722807877332366,2.500698766976185,7.348017621145375,0.8089752266516556,qwen
stfhlth,wellbeing,SK,Slovakia,4.139320334932395,2.4686825909138355,6.9977908689248896,0.868785717462225,qwen
stfhlth,wellbeing,UA,Ukraine,4.3160230699847775,2.6234838094057635,5.7973333333333334,1.5972506051177322,qwen
stfedu,wellbeing,AT,Austria,6.08971976844328,2.38046437739405,7.50222882615156,0.7978269004219298,qwen
stfedu,wellbeing,BE,Belgium,5.750874806842748,2.0937724621583906,7.568786982248521,0.72321443500573,qwen
stfedu,wellbeing,BG,Bulgaria,4.100957477790751,2.3502352553952877,7.126946107784431,1.0142721927812552,qwen
stfedu,wellbeing,CH,Switzerland,6.656270184332477,1.9459891470846695,7.812592592592592,0.524677324836203,qwen
stfedu,wellbeing,CY,Cyprus,4.587313251616586,2.2128597138691415,7.325148809523809,1.059134551738874,qwen
stfedu,wellbeing,DE,Germany,4.233299683415836,2.351668087490688,7.62962962962963,0.5922438940008725,qwen
stfedu,wellbeing,EE,Estonia,6.393672568840203,2.229592946471987,7.63042836041359,0.7173599442460515,qwen
stfedu,wellbeing,ES,Spain,5.012136266255524,2.334332636268724,7.559084194977843,0.6876301729382146,qwen
stfedu,wellbeing,FI,Finland,7.233358833554501,1.7644323642522501,7.6629955947136565,0.7234593051146938,qwen
stfedu,wellbeing,FR,France,4.601790502520427,2.1644715997236985,7.4941089837997055,0.8719459435756282,qwen
stfedu,wellbeing,GB,United Kingdom,5.308284191408358,2.2556840404889704,7.341949778434269,0.8804993089020695,qwen
stfedu,wellbeing,GR,Greece,3.7855746517544375,1.9766209943690236,7.265321375186846,0.8353666912433274,qwen
stfedu,wellbeing,HR,Croatia,5.816350566373938,2.309736824795834,7.337070254110613,1.070662575159602,qwen
stfedu,wellbeing,HU,Hungary,3.9900899154478,2.4913239593329175,7.2329881656804735,0.9100707045428662,qwen
stfedu,wellbeing,IE,Ireland,6.762298407137079,1.9802964933214715,7.352289512555392,0.9066886165710015,qwen
stfedu,wellbeing,IL,Israel,5.264336488030869,2.077408346152148,7.546528803545051,0.7573938720042577,qwen
stfedu,wellbeing,IS,Iceland,6.324844854759572,1.8284320314772442,7.871681415929204,0.5858199863477616,qwen
stfedu,wellbeing,IT,Italy,5.083092027671306,1.9801848982095867,7.493372606774669,0.8628006950770819,qwen
stfedu,wellbeing,LT,Lithuania,4.6526346854447445,2.267229560508824,7.348507462686567,0.8958244838824725,qwen
stfedu,wellbeing,LV,Latvia,4.108276020925814,2.2667826388568875,7.291479820627803,1.0215942652446746,qwen
stfedu,wellbeing,ME,Montenegro,4.359771069180318,2.237590857279682,7.47189349112426,0.8914956025577434,qwen
stfedu,wellbeing,NL,Netherlands,6.163150882846764,1.6663731337868324,7.783284023668639,0.7211113947619257,qwen
stfedu,wellbeing,NO,Norway,7.199044068958358,1.8551553739170237,7.8583823529411765,0.45416128753244706,qwen
stfedu,wellbeing,PL,Poland,5.05428653345802,2.3976918855549516,7.270089285714286,0.8952006449387443,qwen
stfedu,wellbeing,PT,Portugal,4.477459151602673,2.299564384881257,7.501474926253687,0.8093786710780562,qwen
stfedu,wellbeing,RS,Serbia,5.00073893907496,2.8413549190837095,7.145877061469266,1.065072120328037,qwen
stfedu,wellbeing,SE,Sweden,5.389646077291931,2.1151413881845356,7.8320531757754805,0.5775566342855107,qwen
stfedu,wellbeing,SI,Slovenia,5.530632460507522,2.3221475576997714,7.542962962962963,0.8485054709514438,qwen
stfedu,wellbeing,SK,Slovakia,5.401373334803658,2.4041600037068336,7.233431516936672,0.9456086243529326,qwen
stfedu,wellbeing,UA,Ukraine,4.466432443709682,2.5979428831754627,6.44685628742515,1.4323125837737274,qwen
imueclt,immigration,AT,Austria,5.315172390064883,2.5730849170674883,7.391081871345029,1.1763504120667247,qwen
imueclt,immigration,BE,Belgium,6.1379240168747735,2.3033707467646853,7.525547445255475,1.1494995858280055,qwen
imueclt,immigration,BG,Bulgaria,4.3822668131494416,2.959049168036001,7.099560761346998,1.520741189594994,qwen
imueclt,immigration,CH,Switzerland,6.375870738527658,2.220136533492237,7.554331864904552,1.028626812364663,qwen
imueclt,immigration,CY,Cyprus,3.5214000548356443,2.523698455719429,7.28958944281525,1.5304333578804878,qwen
imueclt,immigration,DE,Germany,5.779437891976539,2.331576961352071,7.497063142437592,1.0095092913106167,qwen
imueclt,immigration,EE,Estonia,5.480215407140887,2.365476916842202,7.468567251461988,1.0802866844070709,qwen
imueclt,immigration,ES,Spain,6.6260562145120625,2.3924314712251236,7.4772727272727275,1.2183724051295224,qwen
imueclt,immigration,FI,Finland,7.225142432125029,2.0684223789959995,7.55791788856305,0.9795727464774375,qwen
imueclt,immigration,FR,France,5.529569032667339,2.7050910367326035,7.537280701754386,1.0794224243945882,qwen
imueclt,immigration,GB,United Kingdom,6.569074059332347,2.475974794584905,7.489751098096632,1.1114099375990634,qwen
imueclt,immigration,GR,Greece,4.050831083263721,2.084305513053689,7.426470588235294,1.282212930496988,qwen
imueclt,immigration,HR,Croatia,5.02874341086001,2.7210579344664114,7.1627565982404695,1.5560662485072663,qwen
imueclt,immigration,HU,Hungary,3.9425759331519634,2.476597140402959,7.04093567251462,1.5271356172630215,qwen
imueclt,immigration,IE,Ireland,6.296974033797106,2.5958015849501503,7.489766081871345,1.0565478487141036,qwen
imueclt,immigration,IL,Israel,5.041758655711063,2.5863937276299773,7.612665684830633,0.82470257006479,qwen
imueclt,immigration,IS,Iceland,6.897344321807305,2.245228123872818,7.629662261380323,1.055058419291472,qwen
imueclt,immigration,IT,Italy,4.905544540377028,2.569233998960108,7.462609970674487,1.234178315685291,qwen
imueclt,immigration,LT,Lithuania,4.984868415465608,2.6008663349692376,7.256578947368421,1.323412552050053,qwen
imueclt,immigration,LV,Latvia,4.627373721269217,2.526015536644707,7.257331378299121,1.4300058752990752,qwen
imueclt,immigration,ME,Montenegro,5.168439134667183,2.093806458714853,7.369692532942899,1.1525202750946637,qwen
imueclt,immigration,NL,Netherlands,6.205126662609896,2.1187354477389713,7.555147058823529,1.162232112573255,qwen
imueclt,immigration,NO,Norway,6.238422215272888,2.2541110468704337,7.661054172767203,0.9416900332709739,qwen
imueclt,immigration,PL,Poland,5.498733975167413,2.3334251431778825,7.151315789473684,1.3944508387577743,qwen
imueclt,immigration,PT,Portugal,5.722458315562678,2.2507075625574586,7.369883040935672,1.3372791976543912,qwen
imueclt,immigration,RS,Serbia,4.877342073718054,3.0710413542742394,7.155197657393851,1.4325238930908026,qwen
imueclt,immigration,SE,Sweden,6.8122445898666175,2.2672137388256846,7.6149341142020495,1.0008996481283081,qwen
imueclt,immigration,SI,Slovenia,5.355770107952107,2.6083091129330294,7.452346041055718,1.2113033758445162,qwen
imueclt,immigration,SK,Slovakia,3.8467151318694572,2.7131866439546606,6.8654970760233915,1.7050548099175766,qwen
imueclt,immigration,UA,Ukraine,5.1239211172083206,2.8308581148632705,6.939617083946981,1.6368382269432231,qwen
imwbcnt,immigration,AT,Austria,4.840919058547187,2.4527294866543006,6.281065088757397,1.9177910260142736,qwen
imwbcnt,immigration,BE,Belgium,5.358485242127184,2.1346963974577657,6.632089552238806,1.634621715689409,qwen
imwbcnt,immigration,BG,Bulgaria,3.956518004842652,2.85827404247127,5.556053811659193,2.2780677750056366,qwen
imwbcnt,immigration,CH,Switzerland,5.814854504443784,1.845154843550574,6.880354505169867,1.4840416961113259,qwen
imwbcnt,immigration,CY,Cyprus,3.740407078146568,2.40767595128739,6.1515601783060925,2.2646812235642027,qwen
imwbcnt,immigration,DE,Germany,5.269177671086836,2.3771917248699403,6.471810089020772,1.7298894963769154,qwen
imwbcnt,immigration,EE,Estonia,4.849486247852013,2.1075366589514086,6.528974739970282,1.7481644253307336,qwen
imwbcnt,immigration,ES,Spain,5.9073130429923815,2.36952875171434,6.4642324888226526,1.9288236225129027,qwen
imwbcnt,immigration,FI,Finland,6.013981245125915,2.1083433275445627,6.486686390532545,1.7473281942841858,qwen
imwbcnt,immigration,FR,France,5.115717521574483,2.229765989025632,6.326347305389222,1.850829988225571,qwen
imwbcnt,immigration,GB,United Kingdom,6.345731092544239,2.463997886085941,6.539259259259259,1.7825854050938081,qwen
imwbcnt,immigration,GR,Greece,4.102898458435573,2.2185870335870215,6.473333333333334,1.8684559391217042,qwen
imwbcnt,immigration,HR,Croatia,4.943828288889388,2.5165256668371816,5.870728083209509,2.2944528549590646,qwen
imwbcnt,immigration,HU,Hungary,3.863870207165531,2.1606799294968244,5.65979381443299,2.2434474797937547,qwen
imwbcnt,immigration,IE,Ireland,6.173427287195578,2.568885902556146,6.623338257016248,1.7238971500451075,qwen
imwbcnt,immigration,IL,Israel,4.77581453687835,2.514904982885558,6.5059612518628915,1.9579444578406402,qwen
imwbcnt,immigration,IS,Iceland,6.9623407745959796,2.0342840285249113,6.993966817496229,1.5842292374662441,qwen
imwbcnt,immigration,IT,Italy,4.578901303697609,2.3773137202145906,6.21513353115727,1.9909922104676692,qwen
imwbcnt,immigration,LT,Lithuania,5.224923260700287,2.3357141831373007,6.3355457227138645,2.0454269879169384,qwen
imwbcnt,immigration,LV,Latvia,4.589096531490459,2.463691135380754,5.933582089552239,2.2262848872237417,qwen
imwbcnt,immigration,ME,Montenegro,4.695807747965913,2.2889881687702163,6.444113263785395,1.9538153441644546,qwen
imwbcnt,immigration,NL,Netherlands,5.492398377595162,1.896279430992423,6.757396449704142,1.6028738162260099,qwen
imwbcnt,immigration,NO,Norway,6.212088062951394,1.9985317121611983,6.887648809523809,1.450508665144331,qwen
imwbcnt,immigration,PL,Poland,5.508572016196226,2.1384570518633192,5.94939577039275,2.0443474922698464,qwen
imwbcnt,immigration,PT,Portugal,4.6418732065777135,2.165342872973786,6.078518518518519,2.21568408447451,qwen
imwbcnt,immigration,RS,Serbia,4.82965163040081,2.965475322083407,5.865925925925926,2.154670689654231,qwen
imwbcnt,immigration,SE,Sweden,6.259593141286771,2.200494516774948,6.604011887072808,1.6862182821617675,qwen
imwbcnt,immigration,SI,Slovenia,4.963030999588137,2.377905047032816,6.234859675036928,1.9512010076595416,qwen
imwbcnt,immigration,SK,Slovakia,3.5309623603239166,2.3151891466772065,5.419497784342688,2.295758447223497,qwen
imwbcnt,immigration,UA,Ukraine,5.317326172753119,2.8360849591577106,5.611940298507463,2.26993888409722,qwen
imbgeco,immigration,AT,Austria,5.930470260348815,2.499139626004691,6.8584070796460175,1.3880727846936256,qwen
imbgeco,immigration,BE,Belgium,5.483701091221589,2.339388956973316,7.192192192192192,0.9056210425895876,qwen
imbgeco,immigration,BG,Bulgaria,3.9249717897549425,2.9157517131191772,6.605341246290801,1.6000653643378357,qwen
imbgeco,immigration,CH,Switzerland,6.48445283213619,1.9625326083363415,7.2102941176470585,0.9233734185411878,qwen
imbgeco,immigration,CY,Cyprus,3.6828782273570484,2.5969415991911684,6.894428152492669,1.4922210564526994,qwen
imbgeco,immigration,DE,Germany,6.017000040531877,2.2911062141897083,7.056129985228951,0.9513825664855193,qwen
imbgeco,immigration,EE,Estonia,5.317774342421363,2.2944430795613218,7.155096011816839,0.9139896600926404,qwen
imbgeco,immigration,ES,Spain,6.313687149498994,2.344351933188753,7.062957540263543,1.2013511612197445,qwen
imbgeco,immigration,FI,Finland,6.432967495105742,2.095123340746024,7.166912850812408,0.8988312989278052,qwen
imbgeco,immigration,FR,France,5.321947182331542,2.47236650436905,7.03698224852071,1.0887134396885585,qwen
imbgeco,immigration,GB,United Kingdom,6.376894945797732,2.4281824626662245,6.994074074074074,1.2564234342517406,qwen
imbgeco,immigration,GR,Greece,4.236081165215293,2.186585793193556,6.994100294985251,1.2116960787537727,qwen
imbgeco,immigration,HR,Croatia,5.043247114389215,2.5862925583713934,6.811292719167905,1.4975347675302204,qwen
imbgeco,immigration,HU,Hungary,3.6517531630383213,2.5155489846881656,6.59882005899705,1.5878411047007348,qwen
imbgeco,immigration,IE,Ireland,6.125966412675849,2.6587736473754444,7.0930576070901035,1.1220868731156808,qwen
imbgeco,immigration,IL,Israel,4.957305921928851,2.6777145342066095,7.1047197640118,1.0280877379774356,qwen
imbgeco,immigration,IS,Iceland,6.763693051791229,2.158027222781135,7.316568047337278,0.7244455738264773,qwen
imbgeco,immigration,IT,Italy,5.143774492178013,2.5286434557028725,7.0310192023633675,1.1806806511189136,qwen
imbgeco,immigration,LT,Lithuania,5.600116432947033,2.6201160644142694,6.839469808541973,1.3334267348172824,qwen
imbgeco,immigration,LV,Latvia,5.152410156212118,2.633014371248394,6.702064896755163,1.5237252749938748,qwen
imbgeco,immigration,ME,Montenegro,4.2132053258244015,2.7540876643589,7.01610541727672,1.122172458668484,qwen
imbgeco,immigration,NL,Netherlands,5.739189778032886,1.9402534025455624,7.148311306901615,1.0290062010352634,qwen
imbgeco,immigration,NO,Norway,5.971415024050874,2.0597516430305314,7.2444444444444445,0.8462403032476956,qwen
imbgeco,immigration,PL,Poland,5.516269816646318,2.4460787671796043,6.77810650887574,1.387091802527523,qwen
imbgeco,immigration,PT,Portugal,6.145828753645978,2.2198235960337978,6.818851251840942,1.5537179236901153,qwen
imbgeco,immigration,RS,Serbia,4.6659923199193525,3.0616903539340887,6.622023809523809,1.5286601516827873,qwen
imbgeco,immigration,SE,Sweden,5.945250039445946,2.0805169005604247,7.187221396731055,0.9499452553241831,qwen
imbgeco,immigration,SI,Slovenia,5.501060923277956,2.54407463650426,6.890029325513196,1.3245408698963133,qwen
imbgeco,immigration,SK,Slovakia,3.94990465806269,2.7485725170956266,6.389705882352941,1.68407945914307,qwen
imbgeco,immigration,UA,Ukraine,6.176947417577988,2.81877924059916,6.529673590504451,1.6881311612307976,qwen
imsmetn,immigration,AT,Austria,1.9848903594679843,0.802259529957706,2.7701317715959006,0.644069139087233,qwen
imsmetn,immigration,BE,Belgium,1.9048137548184112,0.7044253089373982,2.8684210526315788,0.49913232875252445,qwen
imsmetn,immigration,BG,Bulgaria,2.2584295318744276,1.0266249994343912,2.67203513909224,0.7230351787646129,qwen
imsmetn,immigration,CH,Switzerland,1.8323559975393269,0.6536016814694029,2.8594436310395315,0.5229436597104615,qwen
imsmetn,immigration,CY,Cyprus,2.3744432028480555,0.8830584763563025,2.7953216374269005,0.6090400353230523,qwen
imsmetn,immigration,DE,Germany,1.762261807972097,0.6899154737487135,2.8435672514619883,0.5305618667466866,qwen
imsmetn,immigration,EE,Estonia,2.0564161789601294,0.713834294629291,2.8462664714494874,0.5399820507256324,qwen
imsmetn,immigration,ES,Spain,1.8990792529080591,0.817962435672302,2.845255474452555,0.5428927827170602,qwen
imsmetn,immigration,FI,Finland,1.945990096143163,0.6764863006766781,2.8291970802919706,0.5811564121904355,qwen
imsmetn,immigration,FR,France,1.9617420516802728,0.7071034326966054,2.8204379562043798,0.5657291892030007,qwen
imsmetn,immigration,GB,United Kingdom,1.8744748593233793,0.7748312328624263,2.775988286969253,0.6277154592726053,qwen
imsmetn,immigration,GR,Greece,2.0069010704420394,0.9318933493678764,2.768667642752562,0.6308880855377341,qwen
imsmetn,immigration,HR,Croatia,2.007848082038974,0.9097033377657038,2.7485380116959064,0.6502038626266876,qwen
imsmetn,immigration,HU,Hungary,2.8666734173836588,0.8804998783990738,2.772727272727273,0.5982999989970693,qwen
imsmetn,immigration,IE,Ireland,2.0050826600753324,0.846812763013551,2.8550512445095166,0.5002200002896704,qwen
imsmetn,immigration,IL,Israel,1.7927284968003243,1.1274068781525866,2.882525697503671,0.4674745287183376,qwen
imsmetn,immigration,IS,Iceland,1.5944948628437006,0.6105481222791607,2.8815789473684212,0.48310836935415674,qwen
imsmetn,immigration,IT,Italy,2.099682499728239,0.8415914705542806,2.747076023391813,0.650761635146541,qwen
imsmetn,immigration,LT,Lithuania,1.9148544359816146,0.7838305143103949,2.8132352941176473,0.5810975375010217,qwen
imsmetn,immigration,LV,Latvia,1.861880713866723,0.9756875974062875,2.7609970674486806,0.6412663247490649,qwen
imsmetn,immigration,ME,Montenegro,2.1930207464010523,0.8437025464438357,2.788546255506608,0.6106296904124169,qwen
imsmetn,immigration,NL,Netherlands,2.09184325558409,0.6975747306932476,2.838472834067548,0.5480339348491304,qwen
imsmetn,immigration,NO,Norway,1.6704486013714808,0.61393824957152,2.8391812865497075,0.5575384373364463,qwen
imsmetn,immigration,PL,Poland,2.2737578360377912,0.7748541968957734,2.7850877192982457,0.6018613085701682,qwen
imsmetn,immigration,PT,Portugal,2.407053493784501,0.7853713456635332,2.759124087591241,0.6547794084736057,qwen
imsmetn,immigration,RS,Serbia,1.8383213518091834,0.9222608093941408,2.7445255474452557,0.6647911895740366,qwen
imsmetn,immigration,SE,Sweden,1.7306353858655772,0.6354810763112095,2.8408759124087593,0.5743741501881154,qwen
imsmetn,immigration,SI,Slovenia,1.874171812683402,0.7460745822384444,2.788011695906433,0.6220234490484102,qwen
imsmetn,immigration,SK,Slovakia,2.668491306572592,0.8979077213435557,2.6973684210526314,0.6933645589813365,qwen
imsmetn,immigration,UA,Ukraine,1.6070585920919498,0.8563087408079539,2.73568281938326,0.6535231526221668,qwen
impcntr,immigration,AT,Austria,2.624895307919512,0.9325443380468,2.788546255506608,0.6570328364891125,qwen
impcntr,immigration,BE,Belgium,2.1057834615457693,0.8236762083891918,2.803834808259587,0.6372369611113189,qwen
impcntr,immigration,BG,Bulgaria,2.802638021347716,0.9885390707940974,2.6867647058823527,0.7464011666327455,qwen
impcntr,immigration,CH,Switzerland,2.1668625229304874,0.7680681584421224,2.8705882352941177,0.5326065682681906,qwen
impcntr,immigration,CY,Cyprus,3.01573825997671,0.7437966965961555,2.7511111111111113,0.6935337913061494,qwen
impcntr,immigration,DE,Germany,2.172601577227967,0.8087067600829588,2.844574780058651,0.5830762093519276,qwen
impcntr,immigration,EE,Estonia,2.753210304141824,0.8685915970027777,2.8243045387994146,0.6065581769922349,qwen
impcntr,immigration,ES,Spain,2.0156059548711043,0.8778687415693935,2.8055555555555554,0.634695819386145,qwen
impcntr,immigration,FI,Finland,2.4102001234500756,0.8058288145550183,2.841874084919473,0.6463549967131872,qwen
impcntr,immigration,FR,France,2.232715812578728,0.8225389980837455,2.7852941176470587,0.6632060981957653,qwen
impcntr,immigration,GB,United Kingdom,2.0219395846800894,0.848430285355126,2.77046783625731,0.666016160502403,qwen
impcntr,immigration,GR,Greece,3.040483689666175,0.7907982393692867,2.7411764705882353,0.7080923560652317,qwen
impcntr,immigration,HR,Croatia,2.3126614395024476,0.9299349153544375,2.767203513909224,0.6828280835314176,qwen
impcntr,immigration,HU,Hungary,3.2467126616393696,0.7895514146457082,2.725,0.7357632567312786,qwen
impcntr,immigration,IE,Ireland,2.1726471210594567,0.8902763127314905,2.7826725403817916,0.6437888034867185,qwen
impcntr,immigration,IL,Israel,3.170063969761885,0.8960326441496079,2.9026548672566372,0.47317279944781193,qwen
impcntr,immigration,IS,Iceland,1.8270792549310613,0.7537421933977912,2.902941176470588,0.5367141035367764,qwen
impcntr,immigration,IT,Italy,2.259939683854844,0.8845466728919402,2.7023460410557183,0.7455952360346193,qwen
impcntr,immigration,LT,Lithuania,2.432967734905435,0.9073005874422578,2.7917888563049855,0.6462747850492597,qwen
impcntr,immigration,LV,Latvia,2.704574812297274,1.01408941043032,2.727540500736377,0.70249764340636,qwen
impcntr,immigration,ME,Montenegro,2.3313039240519635,0.8445580009466589,2.8,0.6278152967104462,qwen
impcntr,immigration,NL,Netherlands,2.3225956942431747,0.8131809005001652,2.878120411160059,0.5353448505489171,qwen
impcntr,immigration,NO,Norway,1.830581823036069,0.6959909901689839,2.8176470588235296,0.6437512432395649,qwen
impcntr,immigration,PL,Poland,2.5409953996613295,0.7673873645334611,2.7890855457227137,0.6230899712855396,qwen
impcntr,immigration,PT,Portugal,2.4760723365670385,0.8107473607252478,2.716374269005848,0.7369922335076285,qwen
impcntr,immigration,RS,Serbia,2.5251294720870754,1.0817646195376982,2.7419354838709675,0.7009335553308024,qwen
impcntr,immigration,SE,Sweden,1.8384383959626223,0.7041014027599896,2.8666666666666667,0.6234773737741479,qwen
impcntr,immigration,SI,Slovenia,2.1997549182309015,0.8258467324868838,2.789705882352941,0.656818705387856,qwen
impcntr,immigration,SK,Slovakia,2.8906624441759146,0.852134052987886,2.6969253294289897,0.7207274176449531,qwen
impcntr,immigration,UA,Ukraine,2.328579534630941,1.0934683992270489,2.687776141384389,0.7079495319469525,qwen
imdfetn,immigration,AT,Austria,2.4517622019493235,0.8802061273251262,2.809384164222874,0.556921395747261,qwen
imdfetn,immigration,BE,Belgium,2.0919372892883823,0.8073378444642432,2.8885630498533725,0.4461135678301418,qwen
imdfetn,immigration,BG,Bulgaria,2.7328627261284333,0.987963184314789,2.727272727272727,0.6606994994657656,qwen
imdfetn,immigration,CH,Switzerland,2.1007438940066754,0.7119868597103385,2.9051094890510947,0.4406801574299849,qwen
imdfetn,immigration,CY,Cyprus,2.880309130017844,0.7480132622807513,2.774193548387097,0.6193476346824965,qwen
imdfetn,immigration,DE,Germany,2.1155225248243354,0.7415870792779439,2.896198830409357,0.4288807268130842,qwen
imdfetn,immigration,EE,Estonia,2.482137790581076,0.8231709958675449,2.9299270072992702,0.38357447859469035,qwen
imdfetn,immigration,ES,Spain,2.020768220216837,0.871571042977701,2.7997076023391814,0.5947057068628223,qwen
imdfetn,immigration,FI,Finland,2.3173999200612294,0.7958721225569396,2.8508771929824563,0.5607846856561677,qwen
imdfetn,immigration,FR,France,2.1846977597098185,0.8005322694530923,2.8642335766423357,0.49614555646346997,qwen
imdfetn,immigration,GB,United Kingdom,1.9310717703886444,0.7847687411676028,2.874269005847953,0.46422077613354634,qwen
imdfetn,immigration,GR,Greece,2.8650876952628623,0.8124512890397037,2.7844574780058653,0.6074854279560506,qwen
imdfetn,immigration,HR,Croatia,2.319903488882591,0.9429217058981054,2.778592375366569,0.6102013926718991,qwen
imdfetn,immigration,HU,Hungary,3.2389901160797776,0.768225077208008,2.7309941520467835,0.6408528861094863,qwen
imdfetn,immigration,IE,Ireland,2.1791032143283253,0.8894551469869207,2.886131386861314,0.4637727440793083,qwen
imdfetn,immigration,IL,Israel,2.928104329006959,0.988690987686415,2.926900584795322,0.3596505324276601,qwen
imdfetn,immigration,IS,Iceland,1.8098389980877778,0.7528171498365184,2.9442815249266863,0.3467548274333495,qwen
imdfetn,immigration,IT,Italy,2.343602730831374,0.8587056770844878,2.7865497076023393,0.5788313784938154,qwen
imdfetn,immigration,LT,Lithuania,2.3379386305133734,0.8970813904785923,2.8248175182481754,0.5474263311138367,qwen
imdfetn,immigration,LV,Latvia,2.4385633393195496,1.0373280123666098,2.7947214076246336,0.6049975389416682,qwen
imdfetn,immigration,ME,Montenegro,2.284846733970834,0.8193283772273464,2.885797950219619,0.4580531287890589,qwen
imdfetn,immigration,NL,Netherlands,2.166043221464122,0.7310213203390152,2.9005847953216373,0.43161952173190127,qwen
imdfetn,immigration,NO,Norway,1.7362368862212043,0.6723635799431303,2.9180087847730602,0.4389545229707715,qwen
imdfetn,immigration,PL,Poland,2.660975103502025,0.8066234522048692,2.8076358296622614,0.5711189915237045,qwen
imdfetn,immigration,PT,Portugal,2.525527473334346,0.8079625437610874,2.7985401459854016,0.5648041374350239,qwen
imdfetn,immigration,RS,Serbia,2.3673391689506214,1.0400754281561135,2.7690058479532165,0.6163973685251712,qwen
imdfetn,immigration,SE,Sweden,1.7725604395730519,0.6786479470000785,2.891812865497076,0.5076200491219265,qwen
imdfetn,immigration,SI,Slovenia,2.202717709087987,0.809141524736039,2.8,0.611297154030931,qwen
imdfetn,immigration,SK,Slovakia,2.955207288230443,0.8221506042981189,2.721815519765739,0.6533748937944396,qwen
imdfetn,immigration,UA,Ukraine,2.139831627748936,1.0299020627035194,2.78023598820059,0.5806520582629281,qwen
gincdif,values,AT,Austria,1.8357850585925592,0.8482865431523864,3.3124087591240876,0.5888145062158228,qwen
gincdif,values,BE,Belgium,2.1720802640896064,0.9949910736596599,3.383941605839416,0.5380593209325963,qwen
gincdif,values,BG,Bulgaria,1.5765544452850997,0.8410492045798288,3.281751824817518,0.5931158405466319,qwen
gincdif,values,CH,Switzerland,2.2268630321551566,1.0099093629053904,3.3927007299270073,0.5149284621432354,qwen
gincdif,values,CY,Cyprus,1.9201601100983492,0.9436877140159126,3.3664233576642335,0.5421256317710984,qwen
gincdif,values,DE,Germany,2.245756485033962,0.9697362603064524,3.3693430656934305,0.5893253705448127,qwen
gincdif,values,EE,Estonia,2.4714217506623983,0.9958313547948203,3.32992700729927,0.6087045206786997,qwen
gincdif,values,ES,Spain,2.2390640373900483,1.0350336504377626,3.3474452554744527,0.5451916734639707,qwen
gincdif,values,FI,Finland,2.2839959243441132,1.0050396138626976,3.367883211678832,0.5739131995428864,qwen
gincdif,values,FR,France,2.1055804270824057,1.0722848192788625,3.3226277372262776,0.5293978567674688,qwen
gincdif,values,GB,United Kingdom,2.1757216244786504,0.9963492209249417,3.2992700729927007,0.5456495070613381,qwen
gincdif,values,GR,Greece,1.7002968943187178,0.798982811770745,3.3903508771929824,0.5787555637918482,qwen
gincdif,values,HR,Croatia,1.9352503863717316,0.9033262886377711,3.3124087591240876,0.5660271488687614,qwen
gincdif,values,HU,Hungary,1.8453483315603791,0.9304015630107489,3.243795620437956,0.5777124319887521,qwen
gincdif,values,IE,Ireland,2.0458435789120073,0.9407137721299345,3.3532846715328466,0.5467943655528713,qwen
gincdif,values,IL,Israel,2.254488633535265,1.0402877437796958,3.475912408759124,0.5418893668303608,qwen
gincdif,values,IS,Iceland,2.1414361386261214,0.9982674413562134,3.3854014598540147,0.5622818155127776,qwen
gincdif,values,IT,Italy,1.8017486793566568,0.8447168535948194,3.3255474452554745,0.5385747377209164,qwen
gincdif,values,LT,Lithuania,2.121179547383133,0.9805559841016092,3.286131386861314,0.53245301274613,qwen
gincdif,values,LV,Latvia,1.9796661004482587,0.944902861842144,3.2733918128654973,0.5016455075233683,qwen
gincdif,values,ME,Montenegro,2.293288828528572,1.0921740290493038,3.3781021897810217,0.5685103300644014,qwen
gincdif,values,NL,Netherlands,2.3307843275086677,1.0063788590941443,3.373722627737226,0.567552207067747,qwen
gincdif,values,NO,Norway,2.2834812388590824,0.9777834109203098,3.4014598540145986,0.5495858889529789,qwen
gincdif,values,PL,Poland,2.5549544515394365,1.0972876335817574,3.3153284671532846,0.5268923720990424,qwen
gincdif,values,PT,Portugal,1.739313170854453,0.7659278870837078,3.3007299270072994,0.5620160491721223,qwen
gincdif,values,RS,Serbia,1.9827876444054082,0.9714746764454562,3.3649635036496353,0.5497994372320592,qwen
gincdif,values,SE,Sweden,2.3279505976838246,0.9073903127600642,3.424817518248175,0.5611419306729172,qwen
gincdif,values,SI,Slovenia,2.041077543530936,0.937292547544402,3.394160583941606,0.5482249964108868,qwen
gincdif,values,SK,Slovakia,2.0097256652350133,0.8452932908204515,3.2905109489051094,0.5660837057726973,qwen
gincdif,values,UA,Ukraine,2.089412928826519,1.080375501658059,3.2759124087591243,0.5758956344601356,qwen
freehms,values,AT,Austria,1.8048403829960766,0.9115840436715983,3.4590643274853803,0.9947547658454157,qwen
freehms,values,BE,Belgium,1.4898664420721157,0.869878861423761,3.703216374269006,0.9362966549268692,qwen
freehms,values,BG,Bulgaria,2.936348653180641,1.2945841023392308,3.2934306569343064,0.8819340439231881,qwen
freehms,values,CH,Switzerland,1.681711327728691,0.8015227077583311,3.6978102189781024,0.893811337263388,qwen
freehms,values,CY,Cyprus,2.5601500385869453,1.130945762975391,3.4437956204379563,0.9008492836496771,qwen
freehms,values,DE,Germany,1.530034629573154,0.69406445606028,3.6364963503649634,0.9196423720432965,qwen
freehms,values,EE,Estonia,2.28474033252233,1.0679866161702931,3.5956204379562045,0.8958863601718206,qwen
freehms,values,ES,Spain,1.5241104285026639,0.783908853768037,3.6423357664233578,0.9187554055804081,qwen
freehms,values,FI,Finland,1.6470933615759245,0.8292731727594597,3.6846715328467154,0.928660806437734,qwen
freehms,values,FR,France,1.4007917808708183,0.7859407229370496,3.736842105263158,0.8527207158556905,qwen
freehms,values,GB,United Kingdom,1.5388997373585795,0.7322417028973582,3.7386861313868613,0.9289250669442819,qwen
freehms,values,GR,Greece,2.17310224200268,1.1699956257615467,3.553440702781845,0.8002926648948804,qwen
freehms,values,HR,Croatia,2.565495668237443,1.1255267816775996,3.475912408759124,0.8471249577665292,qwen
freehms,values,HU,Hungary,2.690709609447177,1.2543735068448747,3.448175182481752,0.8797678945117284,qwen
freehms,values,IE,Ireland,1.555016083388427,0.7829197773686,3.7007299270072993,0.9700557913632859,qwen
freehms,values,IL,Israel,2.7719260476232255,1.4744816242172984,3.567883211678832,0.7628944485031474,qwen
freehms,values,IS,Iceland,1.3194521636061314,0.7057087260493001,3.8875912408759126,0.9943881464941534,qwen
freehms,values,IT,Italy,2.092037298307339,1.0159876456686558,3.5693430656934306,0.827131487510262,qwen
freehms,values,LT,Lithuania,3.0050030857827386,1.141480316899656,3.527007299270073,0.8675015925659948,qwen
freehms,values,LV,Latvia,2.468777846308473,1.2558480344950962,3.4473684210526314,0.856552782575633,qwen
freehms,values,ME,Montenegro,3.3321808808026123,1.2184330113663548,3.4832116788321166,0.897573836988279,qwen
freehms,values,NL,Netherlands,1.445133996683743,0.7036742854321734,3.909356725146199,0.9360051220585601,qwen
freehms,values,NO,Norway,1.4441179088078822,0.6852131508943449,3.9284671532846716,0.9470598473951743,qwen
freehms,values,PL,Poland,2.3225344510924515,1.0934718813624278,3.472992700729927,0.7786913269679974,qwen
freehms,values,PT,Portugal,1.8773637836038686,0.9176823894987853,3.6374269005847952,0.9136045703150144,qwen
freehms,values,RS,Serbia,3.1265715118957917,1.3386531295813646,3.3532846715328466,0.8790155224606008,qwen
freehms,values,SE,Sweden,1.425785553832825,0.698236634958843,3.912280701754386,0.8979697631965785,qwen
freehms,values,SI,Slovenia,2.3629947482756473,1.0407782454388308,3.5328467153284673,0.9570536451452618,qwen
freehms,values,SK,Slovakia,2.6065690910874335,1.1808278344003713,3.388888888888889,0.8175916813882043,qwen
freehms,values,UA,Ukraine,2.9931284831475167,1.381845135679538,3.2923976608187133,0.7295483548764027,qwen
hmsfmlsh,values,AT,Austria,4.147308028861745,1.1220901785126633,2.884502923976608,0.7157256103651594,qwen
hmsfmlsh,values,BE,Belgium,4.405791777554618,1.087304254204888,2.9094890510948903,0.6928924048857565,qwen
hmsfmlsh,values,BG,Bulgaria,2.815351952556245,1.3390006883319725,2.906158357771261,0.787190150587909,qwen
hmsfmlsh,values,CH,Switzerland,4.338163551741064,0.9071354553573259,2.854014598540146,0.7064877502880279,qwen
hmsfmlsh,values,CY,Cyprus,3.223456992817589,1.1377698274401407,2.9197080291970803,0.7199983162807629,qwen
hmsfmlsh,values,DE,Germany,4.476295645274503,0.8271109613357113,2.9368575624082234,0.6667357656165481,qwen
hmsfmlsh,values,EE,Estonia,3.6581727531774,1.2219923136330886,2.885797950219619,0.6988598172452148,qwen
hmsfmlsh,values,ES,Spain,4.564413348405986,0.8773885200685794,2.8788321167883213,0.7101427515802542,qwen
hmsfmlsh,values,FI,Finland,4.466912225808951,0.8301666166291634,2.875912408759124,0.7555376022012072,qwen
hmsfmlsh,values,FR,France,4.607616902636518,0.8956009678608612,2.8934306569343065,0.6916592030417478,qwen
hmsfmlsh,values,GB,United Kingdom,4.421650390697318,0.9237562317333435,2.885797950219619,0.7235991017101888,qwen
hmsfmlsh,values,GR,Greece,3.409401943597352,1.3401954676674963,2.966325036603221,0.7021390399626687,qwen
hmsfmlsh,values,HR,Croatia,3.2644572705160075,1.2071891711249758,2.884671532846715,0.7626985898948665,qwen
hmsfmlsh,values,HU,Hungary,3.293985811219156,1.3048496503964033,2.9064327485380117,0.7459129203750786,qwen
hmsfmlsh,values,IE,Ireland,4.363610254415526,1.0362110130763555,2.894582723279649,0.6875622670561383,qwen
hmsfmlsh,values,IL,Israel,3.092598797312127,1.4837062096008957,2.9094890510948903,0.7054386893256493,qwen
hmsfmlsh,values,IS,Iceland,4.749361652255945,0.6745042977261939,2.904831625183016,0.7413371208433562,qwen
hmsfmlsh,values,IT,Italy,3.8375576432386036,1.060070225951727,2.889051094890511,0.7429669099339758,qwen
hmsfmlsh,values,LT,Lithuania,3.0973628167924105,1.1617294783378334,2.961988304093567,0.704525941471009,qwen
hmsfmlsh,values,LV,Latvia,3.084096141517945,1.3840300717145457,2.925329428989751,0.7317594200250661,qwen
hmsfmlsh,values,ME,Montenegro,2.9981544280044723,1.1686757899030416,2.9386861313868615,0.6725886292586021,qwen
hmsfmlsh,values,NL,Netherlands,4.526722688061487,0.9001308315486732,2.8874269005847952,0.7363515291242858,qwen
hmsfmlsh,values,NO,Norway,4.562125366986062,0.781905796814241,2.8642335766423357,0.7457224240066022,qwen
hmsfmlsh,values,PL,Poland,3.766829360736546,1.209928337992963,2.934017595307918,0.7625896753207517,qwen
hmsfmlsh,values,PT,Portugal,3.960362500463685,1.14824218850779,2.8932748538011697,0.735234411806048,qwen
hmsfmlsh,values,RS,Serbia,2.723069707108146,1.4182508498135005,2.8686131386861313,0.7893434818146426,qwen
hmsfmlsh,values,SE,Sweden,4.587711797305787,0.7815274095803415,2.8799414348462666,0.736715383769333,qwen
hmsfmlsh,values,SI,Slovenia,3.725860891266949,1.1407292114608247,2.85985401459854,0.7822463393217327,qwen
hmsfmlsh,values,SK,Slovakia,3.140008514024636,1.2251609120289109,2.922514619883041,0.7289187271341795,qwen
hmsfmlsh,values,UA,Ukraine,2.4866616182198324,1.3712752707286429,2.9064327485380117,0.7860531128382378,qwen
hmsacld,values,AT,Austria,2.3283595156863424,1.28402390834034,3.0175182481751825,0.5821288077929347,qwen
hmsacld,values,BE,Belgium,1.8758176179656545,1.1706599407282337,3.037956204379562,0.6633835151235059,qwen
hmsacld,values,BG,Bulgaria,3.7089479531413008,1.2535944355507374,2.925438596491228,0.6684671046627368,qwen
hmsacld,values,CH,Switzerland,2.508597984239608,1.278082604057314,3.0802919708029197,0.6651121586877421,qwen
hmsacld,values,CY,Cyprus,3.716198939903026,1.2720113850934618,2.9985380116959064,0.6134158232379373,qwen
hmsacld,values,DE,Germany,1.9107101931485644,1.0429038893935523,3.008771929824561,0.7075697880837352,qwen
hmsacld,values,EE,Estonia,3.0847703715488484,1.3700731885725446,2.9883040935672516,0.6401711346374831,qwen
hmsacld,values,ES,Spain,1.735098497487845,1.0477927104779508,3.01021897810219,0.6431470359670666,qwen
hmsacld,values,FI,Finland,2.13443652053681,1.1925924458743113,3.0423976608187133,0.5974205998399407,qwen
hmsacld,values,FR,France,2.1379974437669227,1.3368024660251876,3.0277777777777777,0.6031544970601627,qwen
hmsacld,values,GB,United Kingdom,1.891252942041102,1.0373934649471324,2.983941605839416,0.6891211430521568,qwen
hmsacld,values,GR,Greece,3.864890146669234,1.2614793048487902,3.0175182481751825,0.6686262658356666,qwen
hmsacld,values,HR,Croatia,3.5825735883876977,1.2332019349605594,2.91812865497076,0.6687056230985611,qwen
hmsacld,values,HU,Hungary,3.3170250072457623,1.259370001644766,2.9474452554744524,0.6601745617959807,qwen
hmsacld,values,IE,Ireland,1.9511084635234233,1.1206117655581447,3.0832116788321167,0.6072863308050855,qwen
hmsacld,values,IL,Israel,3.004916357312073,1.4805841885094917,3.117130307467057,0.5764559221737103,qwen
hmsacld,values,IS,Iceland,1.6136432116387014,1.1099785778643343,3.037956204379562,0.6432432655410661,qwen
hmsacld,values,IT,Italy,3.189110426066679,1.2746065593696327,2.9897510980966326,0.6486261792139566,qwen
hmsacld,values,LT,Lithuania,3.8929680058979232,1.0254374314810153,2.9341142020497806,0.6566099051826204,qwen
hmsacld,values,LV,Latvia,3.691122363824701,1.3127537249694412,2.9547445255474454,0.5893760704962847,qwen
hmsacld,values,ME,Montenegro,3.609247573779838,1.1522096115416658,2.9590643274853803,0.6896577558183876,qwen
hmsacld,values,NL,Netherlands,1.8122463900339445,1.0545263148827153,3.124087591240876,0.6075217546516646,qwen
hmsacld,values,NO,Norway,1.8546935913036795,1.0651081892831464,3.074670571010249,0.6883954322065272,qwen
hmsacld,values,PL,Poland,3.690918841333205,1.3092616604835379,2.995594713656388,0.6405268788741412,qwen
hmsacld,values,PT,Portugal,2.532455748115913,1.2532817523691113,2.9051094890510947,0.750080031586027,qwen
hmsacld,values,RS,Serbia,4.054340716461004,1.1343128680878303,2.972262773722628,0.605135179790252,qwen
hmsacld,values,SE,Sweden,1.7863564870804594,0.9946625844214346,3.1008771929824563,0.6403232548442274,qwen
hmsacld,values,SI,Slovenia,3.1789430084301267,1.300934490290156,2.992690058479532,0.657163979006501,qwen
hmsacld,values,SK,Slovakia,3.803739725541597,1.1867565910602178,2.9444444444444446,0.6120901101243097,qwen
hmsacld,values,UA,Ukraine,3.6298902633912213,1.303423642630915,2.9547445255474454,0.6064915405271136,qwen
euftf,values,AT,Austria,4.825502874722448,3.0342084393956115,6.663729809104258,1.5117160711690203,qwen
euftf,values,BE,Belgium,5.765449320758711,2.416902944449942,6.918759231905465,1.1832983173829423,qwen
euftf,values,BG,Bulgaria,5.673726649526171,2.5693029420564284,6.604411764705882,1.4535451378965238,qwen
euftf,values,CH,Switzerland,5.058785730554144,2.414685662231084,6.986784140969163,1.1787836809914067,qwen
euftf,values,CY,Cyprus,5.792117109114383,2.9949679655598245,6.642752562225476,1.6685953955677795,qwen
euftf,values,DE,Germany,6.214667663946268,2.6418240606486596,6.977941176470588,1.2066757837950655,qwen
euftf,values,EE,Estonia,5.716786505267848,2.89821692560743,6.882352941176471,1.2696689555519451,qwen
euftf,values,ES,Spain,6.219196303613679,2.3809300800724755,6.800293685756241,1.4596735842116777,qwen
euftf,values,FI,Finland,5.534029420072393,2.0625584465525115,6.85,1.2801302400603374,qwen
euftf,values,FR,France,5.208859418881203,2.7424846505392346,6.819117647058824,1.3474196529081266,qwen
euftf,values,GB,United Kingdom,5.343863392336422,2.4756337672732776,6.753303964757709,1.3265141548652193,qwen
euftf,values,GR,Greece,5.151211798556243,2.336877597222095,6.825768667642753,1.2632096573763933,qwen
euftf,values,HR,Croatia,5.322777832267683,2.7974378070924315,6.654919236417034,1.4722461933256166,qwen
euftf,values,HU,Hungary,4.477193257978707,2.800913282537003,6.549337260677467,1.5381563887826741,qwen
euftf,values,IE,Ireland,5.243559180491938,2.5821933775669614,6.794117647058823,1.272327237311404,qwen
euftf,values,IL,Israel,4.852961097473329,2.491458730736414,6.866863905325443,1.357567405859024,qwen
euftf,values,IS,Iceland,5.62716797734462,2.263634006374303,7.044576523031203,1.1551274823411988,qwen
euftf,values,IT,Italy,4.73214741711083,2.715610563008266,6.6602658788774,1.5931905542720246,qwen
euftf,values,LT,Lithuania,6.1896127724052565,2.778846660603036,6.712592592592593,1.3565113676079164,qwen
euftf,values,LV,Latvia,4.827724410534694,2.6225231586716697,6.446244477172312,1.5843016399838263,qwen
euftf,values,ME,Montenegro,6.083059795496807,2.4725380356147033,6.8328402366863905,1.2269268726106566,qwen
euftf,values,NL,Netherlands,5.575385357085336,2.301409214067249,6.928362573099415,1.2384102630477778,qwen
euftf,values,NO,Norway,5.097026537869741,2.078064846793545,6.9340175953079175,1.2429128261369367,qwen
euftf,values,PL,Poland,5.6268710507039295,2.7656972811566396,6.632503660322108,1.4494201584798305,qwen
euftf,values,PT,Portugal,6.304979972798495,2.229811268835333,6.502196193265007,1.6615130659121014,qwen
euftf,values,RS,Serbia,4.8863689602539795,3.507210676588169,6.580502215657312,1.4670254437915418,qwen
euftf,values,SE,Sweden,5.135459709443543,2.0268768402526756,6.902654867256637,1.1149416404032448,qwen
euftf,values,SI,Slovenia,5.628276825877404,2.5334816153476174,6.766862170087976,1.3709440700613573,qwen
euftf,values,SK,Slovakia,4.506864222072202,3.1069045221663543,6.398529411764706,1.5268816245707422,qwen
euftf,values,UA,Ukraine,6.357211111872502,3.37601453739195,6.265785609397944,1.6824757688574912,qwen
atchctr,attachment,AT,Austria,8.143301566730617,1.963193689283061,6.9782222222222225,1.3796259473851304,qwen
atchctr,attachment,BE,Belgium,6.4384596891130395,2.4364640132962894,7.139736070381232,1.1259671336407475,qwen
atchctr,attachment,BG,Bulgaria,7.809716109099207,2.4319335045433403,7.196696696696697,1.2938447296953757,qwen
atchctr,attachment,CH,Switzerland,7.74467005313434,1.8717420285613302,7.1851906158357775,1.2448427680674774,qwen
atchctr,attachment,CY,Cyprus,8.104507952397872,2.1998829115038263,7.215666178623719,1.4992287224770557,qwen
atchctr,attachment,DE,Germany,7.173427417552009,2.250203405654173,7.069016152716594,1.252501168733939,qwen
atchctr,attachment,EE,Estonia,7.764812738799736,2.177116452813285,7.355457227138643,0.9714041431073199,qwen
atchctr,attachment,ES,Spain,7.6705586518274265,2.361073643641371,7.25699558173785,1.21197580645724,qwen
atchctr,attachment,FI,Finland,8.532889956209539,1.721974346336809,7.208541973490427,1.1707789660082841,qwen
atchctr,attachment,FR,France,8.11408061265241,1.7557768826141311,7.2766272189349115,1.2142796737216626,qwen
atchctr,attachment,GB,United Kingdom,6.446242122238281,2.686254482171474,7.019882179675994,1.48342941118083,qwen
atchctr,attachment,GR,Greece,8.881524692125504,1.5027453695254007,7.402818991097923,1.2004733117562836,qwen
atchctr,attachment,HR,Croatia,7.805299599467808,2.3082126079291276,7.305882352941176,1.3179269606546395,qwen
atchctr,attachment,HU,Hungary,8.192343443970984,1.9373680552289099,6.979117647058824,1.4512923855981577,qwen
atchctr,attachment,IE,Ireland,7.940130153125142,1.9499742875864232,7.160475482912333,1.1522291076156288,qwen
atchctr,attachment,IL,Israel,7.589408771063847,2.976638904720854,7.463782991202346,0.9335447420649684,qwen
atchctr,attachment,IS,Iceland,7.798589150536426,1.9086261257204415,7.510147058823529,1.075705738334006,qwen
atchctr,attachment,IT,Italy,7.8728001015022055,2.1457995087140276,7.361799410029499,1.3041466673141913,qwen
atchctr,attachment,LT,Lithuania,7.66776595743522,2.351043034499375,7.10059347181009,1.3298045095418107,qwen
atchctr,attachment,LV,Latvia,8.002254051978401,2.3460469517606706,7.095839524517087,1.4444414962586956,qwen
atchctr,attachment,ME,Montenegro,7.43172280951192,2.611198558009051,7.359050445103858,1.0206703157433468,qwen
atchctr,attachment,NL,Netherlands,6.91995596751002,1.9759069697496663,7.149264705882353,1.1612291189914796,qwen
atchctr,attachment,NO,Norway,8.356020732898022,1.7609468632769683,7.248316251830161,1.1050175909811208,qwen
atchctr,attachment,PL,Poland,8.381322284672837,2.067943260908936,7.005162241887906,1.429656316011116,qwen
atchctr,attachment,PT,Portugal,8.323597733262226,1.958016904353307,7.419970631424376,1.2853177676520702,qwen
atchctr,attachment,RS,Serbia,7.955240033272359,2.769081811317891,7.0325443786982245,1.3702035662055576,qwen
atchctr,attachment,SE,Sweden,7.687499171975582,2.2106911613218845,7.164904552129222,1.2033477926160638,qwen
atchctr,attachment,SI,Slovenia,7.822256846162968,2.2401440085016127,7.169117647058823,1.3646879862574441,qwen
atchctr,attachment,SK,Slovakia,7.3373376954344876,2.401305239829526,7.017647058823529,1.3693941746044223,qwen
atchctr,attachment,UA,Ukraine,8.384846624537102,2.2335078090949296,7.640532544378698,1.4129818264585916,qwen
atcherp,attachment,AT,Austria,6.459312965022585,2.4740283129114413,7.35117302052786,1.1783933794807566,qwen
atcherp,attachment,BE,Belgium,5.737255057652594,2.4869016145939025,7.293205317577548,1.0738615441789299,qwen
atcherp,attachment,BG,Bulgaria,4.557503875500378,2.7733848582900498,6.992603550295858,1.4764637521739818,qwen
atcherp,attachment,CH,Switzerland,6.089205374334021,2.29180426314845,7.44574780058651,1.0145727228824861,qwen
atcherp,attachment,CY,Cyprus,5.111489573318731,2.6391498452836135,7.279086892488954,1.4527275911506867,qwen
atcherp,attachment,DE,Germany,6.372853835697904,2.5349371781994114,7.340909090909091,0.9614360254729862,qwen
atcherp,attachment,EE,Estonia,5.66938285217246,2.650948355524505,7.4698529411764705,1.023747473014637,qwen
atcherp,attachment,ES,Spain,6.66848211243954,2.265122140456476,7.322108345534407,1.1886783636348612,qwen
atcherp,attachment,FI,Finland,6.847523322270992,1.9594314130921375,7.408419497784343,0.9939327844347944,qwen
atcherp,attachment,FR,France,6.118343031458958,2.506014263379807,7.395434462444772,0.9701107247828012,qwen
atcherp,attachment,GB,United Kingdom,4.782086100508302,2.709499960031744,6.85514705882353,1.3224480720358722,qwen
atcherp,attachment,GR,Greece,5.377431957724561,2.396499458360454,7.398959881129272,1.0870786484755435,qwen
atcherp,attachment,HR,Croatia,6.017784696959767,2.7024896573637998,7.254437869822485,1.3059616501604012,qwen
atcherp,attachment,HU,Hungary,7.386025960497832,2.308692837898404,7.060205580029368,1.4129295657161047,qwen
atcherp,attachment,IE,Ireland,5.9434348180023875,2.383310584470113,7.077941176470588,1.4162267681006868,qwen
atcherp,attachment,IL,Israel,2.430308978588516,2.3683137968434713,6.851769911504425,1.3315581415589175,qwen
atcherp,attachment,IS,Iceland,6.068364672873836,2.2551332756453117,7.4801762114537445,0.9903819664614741,qwen
atcherp,attachment,IT,Italy,5.7209684284249445,2.308495754114149,7.363033873343151,1.2194721464469982,qwen
atcherp,attachment,LT,Lithuania,5.910696311492451,2.677545132751692,7.260677466863034,1.219228979467563,qwen
atcherp,attachment,LV,Latvia,5.3753155336116425,2.768291889432703,7.266272189349112,1.235626100654245,qwen
atcherp,attachment,ME,Montenegro,4.7930529170902565,2.497743690399417,7.369309838472834,1.0726332192210866,qwen
atcherp,attachment,NL,Netherlands,5.724042520406502,2.175500955768772,7.410898379970545,0.9744973380823188,qwen
atcherp,attachment,NO,Norway,6.528823298702699,2.258380187969604,7.456617647058824,1.0513125400331624,qwen
atcherp,attachment,PL,Poland,6.852986064225321,2.392893967990444,7.2625,1.2520344269170745,qwen
atcherp,attachment,PT,Portugal,6.708304466826482,2.185217417074786,7.3658357771261,1.2801282365135505,qwen
atcherp,attachment,RS,Serbia,3.5381177753021533,3.0939519700451057,6.846607669616519,1.5062877557138503,qwen
atcherp,attachment,SE,Sweden,6.492313928148823,2.2401736423879495,7.365638766519824,1.1443312631868063,qwen
atcherp,attachment,SI,Slovenia,5.98720295951601,2.6551961227910086,7.3252569750367105,1.1125656491068745,qwen
atcherp,attachment,SK,Slovakia,6.0905108649622255,2.750945268381491,7.113569321533923,1.4078043509169487,qwen
atcherp,attachment,UA,Ukraine,5.628034619503941,3.1507378764613088,6.681818181818182,2.029748231508213,qwen
health,health,AT,Austria,1.9141356256686646,0.9232104251785521,3.5794890510948902,0.6793414866682302,qwen
health,health,BE,Belgium,2.114847504252695,0.8827077394660321,3.627713793245356,0.6693731849272927,qwen
health,health,BG,Bulgaria,2.0014969415203407,0.89154254997927,3.5320851688693105,0.5633819087337981,qwen
health,health,CH,Switzerland,1.8562260693555466,0.7370794966101829,3.733929204324561,0.5567448481868809,qwen
health,health,CY,Cyprus,1.9838909971504628,0.972816685203613,3.5592700729927005,0.5989191471227142,qwen
health,health,DE,Germany,2.3404064086681218,0.9204941688404913,3.686090775988287,0.5994839696529046,qwen
health,health,EE,Estonia,2.384538456606737,0.8140440645423924,3.7013274336283186,0.6015474939345915,qwen
health,health,ES,Spain,2.2450335664243757,0.9550380949578365,3.653143274853801,0.5541943646327737,qwen
health,health,FI,Finland,2.242125842698102,0.832107114210838,3.6221978913219783,0.5982236940318387,qwen
health,health,FR,France,2.1955373529269524,0.917509906548585,3.6566520467836257,0.5893854073523572,qwen
health,health,GB,United Kingdom,2.1475728850864075,0.9299975852006594,3.647295321637427,0.5394774006437283,qwen
health,health,GR,Greece,1.6507620037517867,0.7968449482650742,3.5646198830409355,0.631486893904879,qwen
health,health,HR,Croatia,2.1587218174065788,1.0763146128824166,3.5496334310850446,0.6848608424390111,qwen
health,health,HU,Hungary,2.1453850505528766,0.968639011634433,3.5112005856515367,0.5991646378295894,qwen
health,health,IE,Ireland,1.7979717869331635,0.7767376972115357,3.5888399412628487,0.6719322264861128,qwen
health,health,IL,Israel,1.805679135155322,1.0235947764484168,3.7801401107852723,0.5019470748292068,qwen
health,health,IS,Iceland,2.0520469187203223,0.933014525178925,3.777504728860929,0.6436926501517327,qwen
health,health,IT,Italy,2.208019228294266,0.8613077531480793,3.5897360703812313,0.6018365827886947,qwen
health,health,LT,Lithuania,2.3620473814182037,0.8127189824484872,3.5931185944363104,0.5791307792906324,qwen
health,health,LV,Latvia,2.651565011670587,0.829205302339946,3.477092511013216,0.608684264685876,qwen
health,health,ME,Montenegro,2.0184010632287226,0.8525585211091011,3.61950146627566,0.6439890716260367,qwen
health,health,NL,Netherlands,2.136731618071862,0.7366112674677908,3.7691399158257552,0.551472653489912,qwen
health,health,NO,Norway,2.065780416217236,0.9372793967065801,3.79978102189781,0.5771001149036112,qwen
health,health,PL,Poland,2.234161722961197,0.8088475011682066,3.6197270912470234,0.5552541034112141,qwen
health,health,PT,Portugal,2.392226647275271,0.8990897224501815,3.5500000000000007,0.6202233030676412,qwen
health,health,RS,Serbia,2.3095017135503286,1.0226643886584024,3.522840409956076,0.5701117470395095,qwen
health,health,SE,Sweden,2.049525199592529,0.8356555728872694,3.775547944658837,0.5307248008090959,qwen
health,health,SI,Slovenia,2.1846749396506233,0.8942901128662777,3.6079795021961933,0.6349417639181517,qwen
health,health,SK,Slovakia,2.2348633159025577,0.8945051260799347,3.4829713171818435,0.5803519334642997,qwen
health,health,UA,Ukraine,2.673107019642948,0.8603051181585082,3.4326040642412323,0.6042363301078367,qwen
rlgatnd,religion,AT,Austria,5.479338666840443,1.3400087072150901,2.9780701754385963,0.9044149501727711,qwen
rlgatnd,religion,BE,Belgium,6.116130995693989,1.3653135699401429,3.0657894736842106,0.8400999327750387,qwen
rlgatnd,religion,BG,Bulgaria,5.327140858928711,1.2396764000564964,2.8976608187134505,0.9472440237715543,qwen
rlgatnd,religion,CH,Switzerland,5.734269035247372,1.3171909253730611,3.026277372262774,0.8511490404353519,qwen
rlgatnd,religion,CY,Cyprus,4.353221003891415,1.3570157202418038,3.0072992700729926,0.8420278916093008,qwen
rlgatnd,religion,DE,Germany,6.072509764828908,1.2470883860930286,3.0234260614934114,0.8245012559953953,qwen
rlgatnd,religion,EE,Estonia,6.052758649598297,1.0707400981460191,2.9576642335766423,0.8496406729088467,qwen
rlgatnd,religion,ES,Spain,5.881227715894526,1.5065486967625719,3.0702781844802343,0.878737636910691,qwen
rlgatnd,religion,FI,Finland,5.850632443390991,1.165045751022802,2.983941605839416,0.8522616605864684,qwen
rlgatnd,religion,FR,France,6.127880470150239,1.2904666557657698,3.0483870967741935,0.790363422984177,qwen
rlgatnd,religion,GB,United Kingdom,5.845746367740842,1.583302523856709,3.0145985401459856,0.9111508809059253,qwen
rlgatnd,religion,GR,Greece,4.563632269248038,1.173277911508533,3.0323054331864903,0.8482588399271502,qwen
rlgatnd,religion,HR,Croatia,4.986787808266148,1.4499214808058578,2.982456140350877,0.9181666385311449,qwen
rlgatnd,religion,HU,Hungary,5.677079152143987,1.4075077348572846,2.9707602339181287,0.8886919374590819,qwen
rlgatnd,religion,IE,Ireland,5.103841421421447,1.5704984412755174,2.9530102790014685,0.9287058745182863,qwen
rlgatnd,religion,IL,Israel,5.142386564860492,1.9814960341303947,3.109809663250366,0.8378546434802993,qwen
rlgatnd,religion,IS,Iceland,6.145479970306821,1.1653814568349314,2.9824304538799415,0.8780386412302643,qwen
rlgatnd,religion,IT,Italy,4.662641162701375,1.628398840444458,2.9721815519765737,0.8836005465903873,qwen
rlgatnd,religion,LT,Lithuania,5.138376199062481,1.1990503855709085,2.932650073206442,0.8535778618427263,qwen
rlgatnd,religion,LV,Latvia,5.814837262072342,1.2054114115367247,2.9707174231332356,0.8225330560192559,qwen
rlgatnd,religion,ME,Montenegro,4.338197625667527,1.6547586813358335,3.0292397660818713,0.8307903456093951,qwen
rlgatnd,religion,NL,Netherlands,6.162729781781611,1.4696419827192204,3.0744525547445254,0.869565764882785,qwen
rlgatnd,religion,NO,Norway,6.076685746987576,1.1874551439866414,3.0732064421669105,0.8197879686993014,qwen
rlgatnd,religion,PL,Poland,4.294966622278048,1.466940204585177,3.0802919708029197,0.7860106743076052,qwen
rlgatnd,religion,PT,Portugal,5.25733500990477,1.682959356254799,2.9182481751824816,0.8896923525459138,qwen
rlgatnd,religion,RS,Serbia,5.063040211682718,1.1521434257006364,2.975182481751825,0.9036784009393172,qwen
rlgatnd,religion,SE,Sweden,6.053227284345842,1.1352555567958624,2.9736456808199123,0.9122220158703959,qwen
rlgatnd,religion,SI,Slovenia,5.421129340400725,1.3829041678849663,2.989766081871345,0.9110741834503816,qwen
rlgatnd,religion,SK,Slovakia,4.802303803279733,1.6272285940989588,2.9502923976608186,0.8711329032754186,qwen
rlgatnd,religion,UA,Ukraine,4.903262379016235,1.4965780611518245,3.0337738619676946,0.8978923042118454,qwen
aesfdrk,safety,AT,Austria,1.7451200858393296,0.7781357867038727,2.8613138686131387,0.4115027685635305,qwen
aesfdrk,safety,BE,Belgium,1.9608103558736638,0.7680524114258143,2.9100877192982457,0.34696001418731814,qwen
aesfdrk,safety,BG,Bulgaria,2.5147298946457233,0.8500712838204036,2.745614035087719,0.5567854323917473,qwen
aesfdrk,safety,CH,Switzerland,1.6449212604938928,0.6840492099370598,2.9693430656934305,0.26588758006585755,qwen
aesfdrk,safety,CY,Cyprus,2.206599297143829,0.7915801586684562,2.8335766423357662,0.463630059640399,qwen
aesfdrk,safety,DE,Germany,1.9377331019707613,0.7754115407227861,2.932846715328467,0.2922261523722287,qwen
aesfdrk,safety,EE,Estonia,1.7614117223777974,0.6534452556480626,2.9029197080291973,0.36832591201530057,qwen
aesfdrk,safety,ES,Spain,1.8616260813447065,0.7579753018268469,2.8494152046783627,0.44866773026850487,qwen
aesfdrk,safety,FI,Finland,1.6502650058100996,0.6329304653417683,2.9255474452554746,0.36011474720162384,qwen
aesfdrk,safety,FR,France,1.9970340137772633,0.8798602580096239,2.894160583941606,0.36188396402004774,qwen
aesfdrk,safety,GB,United Kingdom,1.9204157097348173,0.7639990590412803,2.9029197080291973,0.38387482842021753,qwen
aesfdrk,safety,GR,Greece,2.214238278814882,0.8221606948682242,2.788011695906433,0.5250136941760433,qwen
aesfdrk,safety,HR,Croatia,1.607796724970234,0.6176597085881051,2.810233918128655,0.4800688740440419,qwen
aesfdrk,safety,HU,Hungary,1.88843413734752,0.5869997343161297,2.7868613138686134,0.5056432297255418,qwen
aesfdrk,safety,IE,Ireland,1.8840217477145313,0.7786320886168319,2.9100877192982457,0.3521953627650562,qwen
aesfdrk,safety,IL,Israel,2.003908804589909,0.8713027199520768,2.913011695906433,0.3359264105480667,qwen
aesfdrk,safety,IS,Iceland,1.4502312563915707,0.6582303359278844,3.002923976608187,0.26508417969251896,qwen
aesfdrk,safety,IT,Italy,2.2515240159291157,0.7870124590342552,2.804093567251462,0.47753107418332696,qwen
aesfdrk,safety,LT,Lithuania,2.1023968977184855,0.6603483022587546,2.818713450292398,0.45840206867820604,qwen
aesfdrk,safety,LV,Latvia,2.0343555398162096,0.7569815019136503,2.8000000000000003,0.4895391803294184,qwen
aesfdrk,safety,ME,Montenegro,1.9127651028518395,0.6766689768568745,2.902046783625731,0.35574583871246573,qwen
aesfdrk,safety,NL,Netherlands,1.8321046219530455,0.6716373504943086,2.928654970760234,0.3086321842317003,qwen
aesfdrk,safety,NO,Norway,1.4444036804392373,0.621264626266143,2.98978102189781,0.23077693323674894,qwen
aesfdrk,safety,PL,Poland,1.7455882829221274,0.6103235977360933,2.8372262773722627,0.4293690630342926,qwen
aesfdrk,safety,PT,Portugal,2.0040593848451977,0.6692397650858066,2.818978102189781,0.46759507378559584,qwen
aesfdrk,safety,RS,Serbia,1.7162551018890868,0.7411910287910501,2.7824817518248177,0.5081064794671082,qwen
aesfdrk,safety,SE,Sweden,1.7102098196296691,0.7724201277122971,2.9795620437956205,0.245467296964092,qwen
aesfdrk,safety,SI,Slovenia,1.5854336586751598,0.6011680445006672,2.846715328467153,0.437471986553517,qwen
aesfdrk,safety,SK,Slovakia,2.14238162067109,0.6523475023052114,2.767883211678832,0.5073918959228157,qwen
aesfdrk,safety,UA,Ukraine,2.0477057283918545,0.8012970852475175,2.6832116788321168,0.5776754870032639,qwen
hincfel,income,AT,Austria,1.7885763610856038,0.7016947571657278,2.7961876832844577,0.4976746042475748,qwen
hincfel,income,BE,Belgium,1.86522641109487,0.8896511295112408,2.8291788856304985,0.47761851121521426,qwen
hincfel,income,BG,Bulgaria,2.5741661039618227,0.8640364971527,2.7408491947291362,0.5537532659682153,qwen
hincfel,income,CH,Switzerland,1.5683709540776045,0.7180125713220007,2.884671532846715,0.38972371960673496,qwen
hincfel,income,CY,Cyprus,2.079467994970561,0.8671987095784793,2.790014684287812,0.4984860902141561,qwen
hincfel,income,DE,Germany,1.626667978914573,0.6834186975768242,2.878477306002928,0.4210613882393463,qwen
hincfel,income,EE,Estonia,1.9440503292166416,0.7082959549773526,2.853801169590643,0.45174157372066154,qwen
hincfel,income,ES,Spain,1.85549258919365,0.8177486918848212,2.7792397660818713,0.5379659166656772,qwen
hincfel,income,FI,Finland,1.8378014985173585,0.685850382143259,2.878654970760234,0.41376102794678876,qwen
hincfel,income,FR,France,1.7442598225119734,0.7357233858495562,2.7991202346041058,0.5133739597280107,qwen
hincfel,income,GB,United Kingdom,1.782693631351505,0.8396131057994066,2.8625730994152048,0.43135163532975435,qwen
hincfel,income,GR,Greece,2.4566459133957133,0.763509976228362,2.7551319648093844,0.5633274310743556,qwen
hincfel,income,HR,Croatia,1.8591769298216114,0.7951207513223731,2.7279411764705883,0.5543629570416824,qwen
hincfel,income,HU,Hungary,2.1792181814427543,0.7150166923772696,2.758771929824561,0.5207233515174798,qwen
hincfel,income,IE,Ireland,1.817426696357792,0.8275290655892819,2.858394160583942,0.43472151732651804,qwen
hincfel,income,IL,Israel,1.992257796033195,0.909257685789422,2.847730600292826,0.4692353273358905,qwen
hincfel,income,IS,Iceland,1.5782702126796426,0.7523342908941502,2.8914956011730206,0.4090938995263403,qwen
hincfel,income,IT,Italy,1.9337770882399752,0.7686205038007697,2.7766423357664234,0.5254158439024997,qwen
hincfel,income,LT,Lithuania,1.9270208834320273,0.6560368551061526,2.740117130307467,0.5833978620454999,qwen
hincfel,income,LV,Latvia,2.441784891392683,0.7822267281510663,2.8088235294117645,0.4749188890107642,qwen
hincfel,income,ME,Montenegro,2.541803177342517,1.0498763840763221,2.8362573099415203,0.45862615313122385,qwen
hincfel,income,NL,Netherlands,1.418800054685903,0.6486966976962052,2.8806734992679357,0.4061926976331116,qwen
hincfel,income,NO,Norway,1.5104027324668359,0.6803905012376829,2.9195906432748537,0.3601233833221583,qwen
hincfel,income,PL,Poland,1.94692268620397,0.5536224979120611,2.781524926686217,0.5147561389994876,qwen
hincfel,income,PT,Portugal,2.2961930159308017,0.8230599117177357,2.7149122807017543,0.5563527625469469,qwen
hincfel,income,RS,Serbia,1.919298210772144,0.7621331198511583,2.716788321167883,0.5684915588599222,qwen
hincfel,income,SE,Sweden,1.3799038798597794,0.6167472715921849,2.897080291970803,0.38992082076717943,qwen
hincfel,income,SI,Slovenia,1.5381724922383904,0.7351340898757903,2.814327485380117,0.4861471778594071,qwen
hincfel,income,SK,Slovakia,2.1619024707248014,0.8206651601987425,2.74014598540146,0.5126270850869152,qwen
hincfel,income,UA,Ukraine,2.8978141350157722,0.9025688044675382,2.7452276064610865,0.55578110074259,qwen
