variable,domain,cntry,r_pearson,p_pearson,r_spearman,p_spearman,human_mean,silicon_mean,human_sd,silicon_sd,n_valid
ppltrst,social_trust,AT,-0.05367933528901236,0.16112110484796444,-0.09145308833372247,0.01681659400782045,5.8726207906295755,6.341581259150805,2.1633843126996997,1.465687257972174,683
ppltrst,social_trust,BE,-0.0056264954098574115,0.8835643645040854,-0.023784057295127784,0.5358117113803172,5.632352941176471,6.572500000000001,2.122912466898271,1.3778682762678054,680
ppltrst,social_trust,BG,0.11035999807982429,0.004068138516279814,0.10691544804795873,0.005391913101137966,3.7041420118343193,6.270710059171598,2.3909794684022865,1.6570657060986727,676
ppltrst,social_trust,CH,-0.09566410068172568,0.01270029549244478,-0.09540183656004861,0.012947825016567905,5.8584070796460175,6.665339233038349,2.116408107773629,1.3666720255318558,678
ppltrst,social_trust,CY,0.022966962016268796,0.5490366148223433,0.043962933672679276,0.25122072573676024,4.061493411420205,6.657540263543193,2.4990958120666518,1.4710444090628676,683
ppltrst,social_trust,DE,-0.058076028566017165,0.1302978431698601,-0.06146148317365213,0.10931385407489619,5.392647058823529,6.208823529411765,2.233155977308765,1.467792195959858,680
ppltrst,social_trust,EE,0.10314051545406189,0.006898099788499701,0.09679392787027888,0.011255437456163222,5.716788321167884,6.909197080291971,1.9915967228071436,1.1080461033923295,685
ppltrst,social_trust,ES,-0.027421885088806813,0.47529276615605187,0.003454014625628614,0.9283633113585201,5.330882352941177,6.510735294117647,2.14515636562288,1.4700303225675158,680
ppltrst,social_trust,FI,-0.02116340925607979,0.5814095348216101,-0.02617041707117157,0.4953624225512132,6.998531571218796,6.82466960352423,1.8161848067613098,1.238681432874581,681
ppltrst,social_trust,FR,-0.03299507396886236,0.39241563679829977,-0.04016815817166875,0.29773139756121375,4.534124629080119,6.339169139465876,2.148884479788459,1.5172832601095843,674
ppltrst,social_trust,GB,-0.008739278095257444,0.8199219390976291,-0.009306285899578473,0.80845805440506,5.4331864904552125,6.31057268722467,2.295523131879462,1.4748199674037896,681
ppltrst,social_trust,GR,0.07936968019322327,0.03824519170385574,0.08086934357331645,0.03472948040559762,4.519061583577713,6.482844574780059,1.9260377561717106,1.4262018820653153,682
ppltrst,social_trust,HR,-0.048997613827565706,0.20291557810481262,-0.013700328232136244,0.7219679842702614,4.692762186115214,6.487296898079763,2.3722054673151125,1.4272344431816286,677
ppltrst,social_trust,HU,0.044880858928524,0.24283802297099108,0.04315481396201037,0.26145305060759483,4.4977908689248896,6.371134020618556,2.485280171614646,1.6404160863297055,679
ppltrst,social_trust,IE,-0.04228321727475003,0.2726393096154858,-0.037748139156879634,0.32745313682133204,5.417777777777777,6.694222222222223,2.4838309965427894,1.2215713640341643,675
ppltrst,social_trust,IL,0.12607863209026082,0.001019478868747841,0.14923164778088527,9.833208509018167e-05,5.218934911242603,6.614497041420118,2.3775485766384867,1.5452186368105936,676
ppltrst,social_trust,IS,0.015899849763197763,0.6794092734549674,0.0010858289768322883,0.9774857902244328,6.557522123893805,6.807669616519175,2.0572516971192565,1.2915474087317218,678
ppltrst,social_trust,IT,0.03491744574233518,0.3646977919824534,0.037356165646704,0.3321455335892584,4.553254437869822,6.459763313609466,2.3231788057128986,1.4126127943847608,676
ppltrst,social_trust,LT,0.0546946790587043,0.1563876173403711,0.04597402720641317,0.23362133968356089,5.1381872213967315,6.395393759286776,2.415891271873599,1.4362006138955143,673
ppltrst,social_trust,LV,-0.029531636975556073,0.4446950407051337,-0.030684672405561456,0.4271117503285192,3.8720238095238093,6.540922619047619,2.563353466645075,1.3777152450839747,672
ppltrst,social_trust,ME,0.06860318390853459,0.0744553632024267,0.07134758199783835,0.06354724816151369,4.24519940915805,6.357459379615952,2.5637715197426303,1.620411058107811,677
ppltrst,social_trust,NL,-0.04705895856791469,0.22104332294346413,-0.06498799340246758,0.09086530474407396,6.2507374631268435,6.650737463126843,1.9677513170103376,1.281302093017991,678
ppltrst,social_trust,NO,-0.019806217075046244,0.6061454718059204,0.041810306268554254,0.2762643128437569,6.666176470588235,6.788676470588236,1.8961328208386292,1.308645101321537,680
ppltrst,social_trust,PL,0.08398866810315539,0.02923681053053102,0.0660321133310317,0.08671600029667997,4.535608308605341,6.428486646884274,2.3401798868491883,1.6375937555274143,674
ppltrst,social_trust,PT,0.01896278459139526,0.6213148552640253,-0.0018632438878785607,0.9612907589960246,4.118942731277533,6.473274596182085,2.371201494516614,1.431347368971809,681
ppltrst,social_trust,RS,0.023800498945880412,0.5376451551336735,0.013681523360763578,0.7231244093810465,4.331352154531946,6.22184249628529,2.772931572946422,1.5880266820846578,673
ppltrst,social_trust,SE,-0.0688552799157855,0.0725460011082993,-0.06855138182750867,0.07381921097271861,6.311306901615271,6.613509544787076,2.0248467396097367,1.497407422350946,681
ppltrst,social_trust,SI,-0.0479590520757303,0.2123270973682768,-0.04014273987009556,0.2966028965687868,4.684365781710914,6.452654867256637,2.3922740852163735,1.5273238686546133,678
ppltrst,social_trust,SK,0.05773654571831064,0.13284952505061912,0.04953956126835648,0.19729494910413212,4.070692194403534,6.074226804123711,2.7454996092207,1.766360092954589,679
ppltrst,social_trust,UA,0.06895628143806357,0.07425882749891363,0.06334579764711364,0.10111418929984961,3.916542473919523,5.678837555886736,2.836680417118734,1.709298316929813,671
pplfair,social_trust,AT,-0.10782798666383096,0.004786332797293154,-0.08448970286639554,0.02724558398295796,6.341142020497804,7.062518301610542,1.9887933495293022,0.9214616628336658,683
pplfair,social_trust,BE,-0.025512786472259498,0.5053254732634664,-0.023418679023309883,0.540907301068921,6.017543859649122,7.075584795321637,1.9778382218342525,0.9257992993765006,684
pplfair,social_trust,BG,0.025531774412007817,0.5065751433333383,0.035606109380008286,0.35424072180068455,4.309278350515464,6.927245949926363,2.21787174633108,1.1064212885415743,679
pplfair,social_trust,CH,-0.06929483969370744,0.07032235379687875,-0.03675237922199831,0.33752789742193695,6.4099560761347,7.1670571010248905,1.8802930367967179,0.9652835913298765,683
pplfair,social_trust,CY,0.00043715116749347226,0.9908946784630404,-0.007211701180380168,0.8506666199401758,4.428362573099415,7.108771929824561,2.258379472540865,1.0823537122630311,684
pplfair,social_trust,DE,0.04873947586073344,0.2029726441615168,0.06483560875591204,0.09019826271824756,6.241228070175438,7.002485380116958,1.9432645882039021,0.9443565712204911,684
pplfair,social_trust,EE,0.07844799389349497,0.040700231707193585,0.09957452206639181,0.009317336831290927,6.212922173274596,7.140675477239355,2.0551679067211146,0.83645196873502,681
pplfair,social_trust,ES,-0.00847181601842227,0.8250899925822135,0.011818515747838165,0.7578439629753735,5.588579795021962,7.053440702781844,2.1753723254316526,1.0488783384355824,683
pplfair,social_trust,FI,0.042383898921087675,0.26831433395627624,0.06292964035963848,0.10008461632419512,7.16374269005848,7.243128654970759,1.7059283500345526,0.8417698226803738,684
pplfair,social_trust,FR,-0.010204462159249628,0.7902323314191946,0.036091846208020084,0.34664291314252743,6.146627565982405,7.085483870967742,1.9953459960021371,1.0203554492256293,682
pplfair,social_trust,GB,0.05792500942033142,0.13158689091658352,0.05446525922792772,0.15628627076945018,5.945508100147276,7.048159057437408,2.183669545497061,1.0224148627903291,679
pplfair,social_trust,GR,-0.003318533039568875,0.9311154530516934,-0.02999474081304188,0.4345202761887923,4.930983847283406,7.06446402349486,2.001380494449328,0.9897860949605813,681
pplfair,social_trust,HR,0.00682000749798584,0.8594098604417671,-0.0017450039384442958,0.9638524226522666,5.192023633677991,7.022747415066469,2.4310117112570695,0.9406733785121089,677
pplfair,social_trust,HU,0.049784812011809024,0.1937681602310537,0.047218594776039714,0.21778081842900424,5.1039531478770135,7.109370424597365,2.1153049760014926,0.9890455938081643,683
pplfair,social_trust,IE,-2.4231851621697504e-05,0.9994960105760471,-0.008245521885443162,0.8298129110613847,6.145161290322581,7.14574780058651,2.1658913214281967,0.812288755886326,682
pplfair,social_trust,IL,0.05034476668125809,0.1901014414934682,0.09071081500461423,0.018067621953126604,5.341678939617084,7.189248895434463,2.28588411857488,1.0329180226424144,679
pplfair,social_trust,IS,0.06106105818356712,0.1105955465737204,0.07565078736347866,0.04795795375907608,6.980994152046784,7.119590643274854,1.8377658965300543,1.0158030133365124,684
pplfair,social_trust,IT,-0.04427929235099658,0.2492172772535485,-0.029277936965946084,0.4462562573945044,4.634756995581738,7.123564064801178,2.2199882187973925,1.010638817050763,679
pplfair,social_trust,LT,0.007128255146437045,0.8534493580970477,-0.002134519615314126,0.9558894606757676,5.519287833827893,6.96513353115727,2.240465768997793,1.0609442638652244,674
pplfair,social_trust,LV,0.07906003220628739,0.04002915799747362,0.08326999404281814,0.030528412288096544,5.632592592592593,7.131111111111111,2.231047099831404,0.8959575110033089,675
pplfair,social_trust,ME,0.0464771262667457,0.2278464680748317,0.051639931567133986,0.18022833879067376,4.354074074074074,6.946962962962963,2.3304131319199115,1.0243049855262822,675
pplfair,social_trust,NL,0.025310926623587214,0.5087009766384544,0.016015961088697815,0.6758502968268086,6.6154970760233915,7.156286549707602,1.6242469731723888,0.9332031832951686,684
pplfair,social_trust,NO,-0.014936303389067257,0.6963677514529536,0.007626186126626662,0.8420791130688682,6.890510948905109,7.233576642335766,1.845172427784769,0.9061419221509138,685
pplfair,social_trust,PL,0.060081386661055794,0.11970956470294933,0.05201526257143184,0.17804748963004108,5.21875,6.932738095238094,2.249968951598991,1.104522448347821,672
pplfair,social_trust,PT,-0.010953869568079495,0.7753872323534503,-0.02296084489773439,0.5497306589124524,5.138032305433186,7.083994126284875,2.2119411767818464,0.976906534135194,681
pplfair,social_trust,RS,0.05105159945919978,0.18394727559179885,0.06302885766624512,0.10079984102672232,4.673048600883653,6.877908689248896,2.848022858519436,1.09147178809918,679
pplfair,social_trust,SE,-0.07447323853944011,0.05155036323904471,-0.03784545009691477,0.3229907182900274,6.757309941520468,7.228801169590644,1.779052279615545,1.0091402317124756,684
pplfair,social_trust,SI,-0.06133636098245585,0.11082928231707635,-0.06190893680765282,0.10753114445672962,5.443131462333826,7.049926144756278,2.2456600357146,0.960963286668287,677
pplfair,social_trust,SK,0.012882799789841713,0.7369969780137656,0.010632528897907091,0.7816508404643046,4.854838709677419,6.971260997067448,2.504219356369087,1.1131022618955053,682
pplfair,social_trust,UA,0.11592309955171867,0.0027344649503359556,0.07063769465258243,0.06848578949804858,4.786786786786787,6.843393393393393,2.4265832669546388,1.1694584126182108,666
pplhlp,social_trust,AT,-0.007553154670594414,0.8440250179517711,-0.013003542049336313,0.7348123442921961,6.249632892804699,6.689720998531571,2.059969448739471,1.2903761689282025,681
pplhlp,social_trust,BE,-0.04902956038501951,0.2009556135296676,-0.06586569217387825,0.08565033433962733,5.244868035190616,6.730351906158358,2.143222434901988,1.3997806181912609,682
pplhlp,social_trust,BG,0.054955172541873425,0.15411439466042126,0.05212654875450972,0.17647418217167507,3.5905044510385755,6.710830860534125,2.2905514394379387,1.4329029620113891,674
pplhlp,social_trust,CH,0.048546473282446274,0.20576868465543321,0.029427858892498982,0.44325753435019744,5.914831130690161,6.8490455212922186,1.8938989528219405,1.2403046824380313,681
pplhlp,social_trust,CY,-0.031184017046372442,0.4172039417893421,-0.003904414359499286,0.9191117174165175,4.135493372606775,6.671428571428571,2.244473583327268,1.4997864716680167,679
pplhlp,social_trust,DE,0.04493990852823204,0.24256642817897325,0.0217120329147676,0.572501905498423,5.432153392330384,6.615929203539824,2.002354248074421,1.4155018341716252,678
pplhlp,social_trust,EE,0.018683388728717994,0.6267195517178749,0.033179560352049144,0.3876630897214561,5.088235294117647,6.838529411764705,2.0054072274217027,1.2691598054616127,680
pplhlp,social_trust,ES,-0.006091177496534581,0.873840974961261,-0.02295022369755733,0.5496214721897639,4.826979472140763,6.7680351906158345,2.2977942490001246,1.4343914923194816,682
pplhlp,social_trust,FI,-0.004269772490420048,0.9113122483600167,-0.0010454360867581177,0.9782430527196199,6.412884333821376,6.79077598828697,1.9167293355712107,1.4151836293842357,683
pplhlp,social_trust,FR,-0.056158001216508296,0.1434997083630578,-0.009239120335609608,0.8099514535596725,4.636764705882353,6.837794117647059,2.1962885021358307,1.3644004715621165,680
pplhlp,social_trust,GB,0.007793464534801688,0.8390122634661359,0.0283622324813652,0.45961956148185973,6.068914956011731,6.600146627565983,1.9940296338609873,1.4072655947758088,682
pplhlp,social_trust,GR,0.006092543618134229,0.873997205431626,0.0015133016372257766,0.968579851815639,4.352941176470588,6.706029411764705,1.9834715099296463,1.407985472907011,680
pplhlp,social_trust,HR,-0.02948376029712124,0.44205544132547,-0.009104089373366566,0.8124060199347974,4.4208211143695015,6.584457478005866,2.3998973118560043,1.509546347461678,682
pplhlp,social_trust,HU,0.06367135288229706,0.09761571553373241,0.07225860594730944,0.06004162869195706,4.54424778761062,6.671533923303835,2.2951276393489572,1.459619244132893,678
pplhlp,social_trust,IE,-0.04419611097607815,0.24940954509919777,-0.010219895098817813,0.790073516854951,6.060205580029368,6.729074889867841,2.2441202819874966,1.2824404109425722,681
pplhlp,social_trust,IL,0.12645866517357876,0.0009338855024121099,0.09883639265664541,0.009802579059593938,5.120234604105572,6.985923753665689,2.327181137069749,1.3594639545831484,682
pplhlp,social_trust,IS,-0.044979427265779304,0.24250089225716723,-0.006735557671535743,0.8611329830806437,6.583456425406204,6.658493353028064,1.7951836912011703,1.5096747480832193,677
pplhlp,social_trust,IT,0.019815739106925988,0.6070379103268562,0.04996201850134161,0.1944871409709735,4.208579881656805,6.763905325443788,2.259986967083493,1.4419838648816448,676
pplhlp,social_trust,LT,0.011566637175444499,0.7626797927427804,0.03292204569171909,0.3899646712164241,5.057017543859649,6.638304093567252,2.3989920759890158,1.3880352740593442,684
pplhlp,social_trust,LV,-0.017389878957561077,0.6532013198294423,-0.029212599666370256,0.4503098449044223,4.950746268656716,6.703134328358209,2.3201768613536005,1.3372793353644918,670
pplhlp,social_trust,ME,-0.01379793426853501,0.7202689200397199,0.010817401703848624,0.7789097129557816,4.279585798816568,6.56257396449704,2.195671932596175,1.5221053262342845,676
pplhlp,social_trust,NL,-0.04506971877480431,0.24016496587951963,-0.051554958765263795,0.17901334279103223,5.720998531571219,6.796769456681352,1.7610949639518774,1.3639005984161203,681
pplhlp,social_trust,NO,-0.01731427674234233,0.6517236427548279,-0.018194758084732796,0.6352673784177951,6.165689149560118,6.8913489736070375,1.903037654485631,1.3067760594385351,682
pplhlp,social_trust,PL,0.04194517635575493,0.275781965685084,0.03733203601049868,0.33209948286032304,4.542097488921714,6.747858197932052,2.37406170240228,1.460804164925879,677
pplhlp,social_trust,PT,-0.05336437830068424,0.16390628154511275,-0.050251200482178564,0.18994646787259648,4.074780058651027,6.720674486803519,2.1579298208267814,1.3663882580947242,682
pplhlp,social_trust,RS,-0.027547485701197617,0.474253537597327,-0.003973790915844194,0.9178008326091344,3.7119645494830134,6.571048744460856,2.72692933902644,1.438437142631174,677
pplhlp,social_trust,SE,-0.05306657174532513,0.16627466362211643,-0.04973083815386922,0.19458040487088327,6.146627565982405,6.762463343108505,1.8887320422606806,1.4467133553085632,682
pplhlp,social_trust,SI,-0.05204133079752278,0.1775062895821383,-0.0409909455440411,0.28829623937415383,5.344725111441307,6.736106983655274,2.240065293925609,1.3119486371930509,673
pplhlp,social_trust,SK,0.08230521076714313,0.03187692449111924,0.09009067195556582,0.018786788534683085,4.220588235294118,6.6241176470588226,2.5562628525427424,1.6070740482155959,680
pplhlp,social_trust,UA,0.007889002818393498,0.8380148000120418,-0.014169011137452751,0.7134813547222867,4.275964391691395,6.440949554896142,2.6674725010859306,1.63696607723439,674
sclmeet,social_trust,AT,0.007984684691487557,0.8347598445565164,0.016452607511968937,0.667305774743589,4.910948905109489,4.053284671532847,1.1918141138149099,0.7298012121081461,685
sclmeet,social_trust,BE,0.010931931116143085,0.7753433034969099,0.002031405718909654,0.9577071797418107,5.175438596491228,4.065350877192982,1.3684091972859465,0.7592945942152494,684
sclmeet,social_trust,BG,-0.006493288377356945,0.8655891570545888,-0.009538251709672268,0.8036381789995897,4.969208211143695,3.994134897360704,1.6740014984431886,0.8271960844316387,682
sclmeet,social_trust,CH,0.00039553189334831646,0.9917675708044538,-0.01207397277976539,0.7527783987299513,5.099560761346998,4.158125915080527,1.293583231975242,0.7090971513452152,683
sclmeet,social_trust,CY,0.05401903245256615,0.1578726756444689,0.04389786458117428,0.2512279620216998,4.005839416058394,4.0510948905109485,1.7073870474296835,0.7734744264363548,685
sclmeet,social_trust,DE,0.03910296374396863,0.30751708649340087,0.04619959820135383,0.22788496016964277,4.8345534407027815,4.038799414348462,1.3955861184733056,0.7357859479309706,683
sclmeet,social_trust,EE,0.015160196542954581,0.6922613247261841,0.025315007296168854,0.5086326229746398,4.239766081871345,4.029970760233918,1.4813028783912359,0.7552990927408659,684
sclmeet,social_trust,ES,-0.029291852591354507,0.4440302766164739,-0.017836913511787844,0.6412003482646916,5.246715328467153,4.027737226277372,1.4666393087007106,0.8061106107811339,685
sclmeet,social_trust,FI,-0.02711861231097075,0.4785751853475584,-0.014369760748087372,0.7073443134215681,4.8934306569343065,4.045255474452555,1.3589751674640431,0.7813591025965485,685
sclmeet,social_trust,FR,0.01847282884519366,0.6298551787223755,0.023588754446239937,0.5382699375277928,5.219619326500732,4.044655929721816,1.4240586235754495,0.7414102379741269,683
sclmeet,social_trust,GB,0.045712760640543935,0.2328282380796272,0.027102970565607443,0.479474015085593,4.800878477306003,3.9180087847730602,1.5745964771508103,0.8117615001098194,683
sclmeet,social_trust,GR,0.020889438186333924,0.5857606176568815,0.010084489363299491,0.7924930060008178,4.162518301610541,4.11303074670571,1.6096121044723706,0.787283486369147,683
sclmeet,social_trust,HR,0.049109474489372466,0.19989076619204307,0.049265827465603595,0.1984608813210604,5.348462664714495,4.004392386530014,1.5321892631526177,0.7590961816281768,683
sclmeet,social_trust,HU,0.05207110264523299,0.17342972409285515,0.054841226583573516,0.15163220865076488,3.367883211678832,4.028467153284671,1.5223930025380452,0.789824625688192,685
sclmeet,social_trust,IE,0.01594315233140933,0.6774642559991523,-0.008296538450881524,0.8286521686283401,4.212298682284041,3.994582723279649,1.617452783226145,0.8236514403109468,683
sclmeet,social_trust,IL,0.06828847871287459,0.07493532088292877,0.07631538306694569,0.04650620890735303,5.424375917767988,4.1233480176211454,1.5417500368493835,0.7452188451958491,681
sclmeet,social_trust,IS,0.029053570288842423,0.4480800088132657,0.03989277673908272,0.29748681001889266,5.283625730994152,4.044590643274854,1.4032886537209597,0.7487324431466665,684
sclmeet,social_trust,IT,0.09854539901879267,0.010021824945315375,0.09702434661469786,0.011240275349265198,4.74633431085044,4.131964809384164,1.5627434721448887,0.8184035596360761,682
sclmeet,social_trust,LT,0.012279033314942688,0.7492556788714276,0.03427206311789426,0.3722193050285691,4.355882352941176,4.041176470588235,1.5597460569849728,0.7716889065664456,680
sclmeet,social_trust,LV,0.06257388433476298,0.10227381979647487,0.06190577080384203,0.1059972246192765,4.190336749633968,4.003660322108345,1.6097468073563967,0.7427467936018042,683
sclmeet,social_trust,ME,0.04078620121025674,0.28714389795543505,0.03090565530508246,0.42000655305339213,4.802342606149341,3.9838945827232797,1.6247337935933457,0.8148393148992673,683
sclmeet,social_trust,NL,0.04036271178329554,0.29218196108292105,0.0251695804387146,0.5113817191029679,5.4084919472913615,4.0541727672035135,1.2601672995025879,0.7173955088713498,683
sclmeet,social_trust,NO,-0.011825968209610552,0.7573514003599034,-0.009124462289384544,0.8115872753519047,5.648175182481752,4.181021897810219,1.3411013950191728,0.7719055223825628,685
sclmeet,social_trust,PL,0.04902892210690519,0.20129325148937025,0.0482591039177422,0.2084685100586564,3.932452276064611,3.995594713656388,1.435317552842746,0.8107610659680573,681
sclmeet,social_trust,PT,-0.005690589902159673,0.8819030237000142,-0.017897022515351715,0.6403216031594263,5.62719298245614,4.06359649122807,1.6070553678646544,0.765741157761846,684
sclmeet,social_trust,RS,-0.00667657691672342,0.8616314974442311,0.010766717851494644,0.7786495549210793,5.144736842105263,4.0511695906432745,1.608301602576015,0.82707573229477,684
sclmeet,social_trust,SE,0.026157300226362274,0.4946271956020308,0.026147879432169563,0.4947826964265111,5.435672514619883,4.094005847953216,1.3818365729222142,0.8136333059969568,684
sclmeet,social_trust,SI,0.041247957883508796,0.282425869206557,0.03442822579881559,0.3696903095444589,4.638766519823789,4.091042584434655,1.501536744117923,0.769219772547493,681
sclmeet,social_trust,SK,0.012957782853880839,0.7355232445838578,0.012354667216752392,0.747404078706113,4.560117302052786,3.9780058651026393,1.565052996534488,0.825591131589236,682
sclmeet,social_trust,UA,0.09103746876926462,0.018602179439839613,0.10379313241609156,0.007256534361051927,4.327844311377246,3.839820359281437,1.7672695105589014,0.9046446687381364,668
inprdsc,social_trust,AT,0.11161471641137931,0.0034678543538439227,0.10244888064943462,0.007328327906772149,3.051169590643275,2.9634502923976607,1.1726564206989902,0.4841352153578051,684
inprdsc,social_trust,BE,0.03266997902826404,0.39325934860915446,0.02966832075386296,0.4381938558532814,3.3576642335766422,3.0072992700729926,1.3814626236939371,0.4603639287087896,685
inprdsc,social_trust,BG,0.012826551589078987,0.7381031265512487,0.008372327197684012,0.8272365451195006,2.0234604105571847,3.0102639296187683,1.2626014641660956,0.43847310908437187,682
inprdsc,social_trust,CH,-0.005381816322781746,0.8881864387679685,-0.0028347942378199285,0.9409639875481121,3.5445255474452555,3.002919708029197,1.2634608385888118,0.44916127260365196,685
inprdsc,social_trust,CY,-0.013840171419066107,0.7184534037956515,-0.03193853496908804,0.40532517781514577,2.434654919236417,3.011747430249633,1.321397513277927,0.44043097302195167,681
inprdsc,social_trust,DE,-0.002831305497131994,0.9410796439718023,-0.0030009664615983775,0.9375559438244656,3.5789473684210527,2.9751461988304095,1.2272747380806737,0.4878876772602747,684
inprdsc,social_trust,EE,0.023478323522466236,0.5401743639879736,0.028694313880030912,0.4540468027581415,2.5944363103953147,3.033674963396779,1.364967455800747,0.42678893092136316,683
inprdsc,social_trust,ES,0.05553899982572287,0.14678078412982726,0.04987424287787207,0.1926410651845667,2.8859649122807016,3.0350877192982457,1.3918320942419997,0.5064126043283375,684
inprdsc,social_trust,FI,-0.0006333296383467275,0.9867991623804956,0.003777378531424665,0.9213897686395571,3.2510948905109487,3.0014598540145987,1.2766525117350722,0.45402446694831106,685
inprdsc,social_trust,FR,0.044750089558027506,0.24317187195827564,0.06881493279751943,0.0725034768767446,2.8592375366568916,2.9750733137829912,1.447305868949354,0.4445397995497325,682
inprdsc,social_trust,GB,0.0368953041441966,0.3367187047293692,0.0062858996037381265,0.8700332499051148,3.097058823529412,3.023529411764706,1.4274781400857832,0.4599153559374233,680
inprdsc,social_trust,GR,-0.0007334980306125792,0.98472273818452,-0.009734137014261048,0.7994020000406591,2.2280701754385963,3.0146198830409356,1.1882914963427518,0.47152256601666886,684
inprdsc,social_trust,HR,-0.05242808618030662,0.1723872893149907,-0.050949393600430104,0.18482793062277725,2.3402061855670104,2.9779086892488955,1.3944751770367632,0.4619259258491379,679
inprdsc,social_trust,HU,0.041695282662666665,0.2775888293935349,0.04041415374042188,0.2926329216899306,2.4544117647058825,3.0,1.2187699711476547,0.46370474583591564,680
inprdsc,social_trust,IE,0.03194981945433255,0.4044677794515839,0.03252814648456296,0.39601106608503006,2.6193265007320643,2.945827232796486,1.3226123234154243,0.4828368145269849,683
inprdsc,social_trust,IL,-0.004804725211236312,0.9005474711432994,-0.008102768104566973,0.8330797374261997,2.508100147275405,3.0176730486008836,1.4077877838058608,0.4573037619605039,679
inprdsc,social_trust,IS,-0.015987518080663742,0.6768416313024344,-0.018654189772681806,0.6267507469693043,3.533724340175953,3.0425219941348973,1.3228614138963495,0.44977864056304084,682
inprdsc,social_trust,IT,0.07398797330651204,0.05397456170805221,0.07632649489319153,0.04679800264305191,2.2341678939617085,3.0014727540500736,1.281688198602417,0.5251752443098534,679
inprdsc,social_trust,LT,-0.01512354821624613,0.6940386935770111,-0.03186558404118956,0.40709185647130747,2.1075110456553756,2.995581737849779,1.3799831631155988,0.4719049845829789,679
inprdsc,social_trust,LV,0.04327119285722,0.26158159335345477,0.03852240293530598,0.31762160913506365,1.7362962962962962,2.988148148148148,1.2977158321146354,0.49911670522830653,675
inprdsc,social_trust,ME,-0.026562289918660824,0.49117661802447443,-0.0222587374931526,0.5640277687700954,2.185459940652819,2.9896142433234423,1.177940825146115,0.4132416331936472,674
inprdsc,social_trust,NL,-0.03789107517526543,0.32276257568934713,-0.0383968605038528,0.3163410209903134,3.724743777452416,3.0087847730600292,1.2666786586514633,0.4688966448804225,683
inprdsc,social_trust,NO,0.049260150206296545,0.19818319244910795,0.0432969497762775,0.25813028101010893,3.247076023391813,3.0248538011695905,1.438461513454827,0.4504390007340715,684
inprdsc,social_trust,PL,-0.017490234696034612,0.6503581257483285,-0.015292322956327476,0.691885171871291,3.1528189910979227,3.0,1.374388770759593,0.43269087895523634,674
inprdsc,social_trust,PT,-0.05773880383537678,0.13369682086616774,-0.05479352891474582,0.1547174872307677,2.2381656804733727,2.9881656804733727,1.3945158859665305,0.46172835599683093,676
inprdsc,social_trust,RS,0.0009079719375750684,0.9811449860071055,-0.008021692772295658,0.834605412239171,2.4779411764705883,2.9955882352941177,1.4275168289643811,0.4929350118718841,680
inprdsc,social_trust,SE,0.04886226435130842,0.20183565806104695,0.042642493657850715,0.26540244571458327,3.814327485380117,3.013157894736842,1.2710422687563399,0.46373867241357075,684
inprdsc,social_trust,SI,0.037231746066840606,0.3337595242746747,0.05766153313286538,0.1342186048015432,2.8195266272189348,3.0133136094674557,1.3421829916198627,0.433555801893192,676
inprdsc,social_trust,SK,0.04291148090480571,0.26735554157822194,0.03243799607986391,0.4018681374063769,1.7477611940298508,2.9746268656716417,1.1613942202433745,0.4712491061577055,670
inprdsc,social_trust,UA,-0.03727137084629153,0.33396377596380455,-0.051077600073484525,0.1853520308529733,2.1617210682492582,2.9376854599406528,1.390571308485618,0.522001504836216,674
stfdem,political,AT,-0.007410641401554014,0.8478253005384166,0.010597390875112134,0.783764380264868,5.739970282317979,6.3610698365527485,2.4849232284914757,1.27782135886638,673
stfdem,political,BE,0.013750469953877723,0.7219857584228576,-0.006636704929211509,0.8636540047340527,5.206845238095238,6.252976190476191,2.3891984051627304,1.398846686768614,672
stfdem,political,BG,0.21706744289020377,1.5231126555150436e-08,0.21908509307890547,1.1110064113141482e-08,3.33033033033033,5.81981981981982,2.388987052882055,1.5532543465996302,666
stfdem,political,CH,0.00847924554420804,0.8267203307596983,-0.011459259531805044,0.7673449594322008,7.565022421524664,6.671150971599402,1.6733296813689809,1.0872513920197597,669
stfdem,political,CY,0.1331337539155663,0.0005772721174765261,0.11431452688876236,0.003156891624746805,4.490225563909775,6.087218045112782,2.313588222024933,1.523382686429263,665
stfdem,political,DE,-0.06886447549501781,0.07293009519518827,-0.06719472624248468,0.08017234294574518,5.723122238586156,6.288659793814433,2.606421325333585,1.3865252723956019,679
stfdem,political,EE,0.08293626477848497,0.03507413915705056,0.05645281036611851,0.15180103906596348,5.24922600619195,6.664086687306502,2.581050388007014,1.0869962959975623,646
stfdem,political,ES,0.06931812477587058,0.07296300828836588,0.06263564100794898,0.10526519840094792,4.791044776119403,6.114925373134328,2.5212834740934023,1.4803903791034607,670
stfdem,political,FI,0.11147324712536644,0.0037593657884151146,0.09132551936114722,0.017715808984777745,6.7804154302670625,6.534124629080119,1.9630696932669929,1.1954067201767027,674
stfdem,political,FR,0.13365222084530484,0.0005282313375920725,0.11787991514850729,0.0022587231137395133,4.351270553064275,6.133034379671151,2.4769752355261896,1.4503561095898663,669
stfdem,political,GB,0.0727151099858819,0.0662160113644697,0.08831158503855883,0.025590380508894665,4.342723004694836,6.174491392801252,2.6273052758472955,1.3724758591173725,639
stfdem,political,GR,0.15783071320583314,3.6596189685681916e-05,0.14053173427285623,0.00024188221330313046,4.146017699115045,5.873156342182891,2.21200706491309,1.4620211447891338,678
stfdem,political,HR,0.14090563218711383,0.00026456589890288905,0.12282010252403892,0.0014947952723023488,4.465465465465465,6.141141141141141,2.514231883392466,1.4017887245121936,666
stfdem,political,HU,0.1964125431866634,3.3029145249659927e-07,0.1554890339844306,5.657487506488195e-05,4.455639097744361,5.951879699248121,2.6669952163457724,1.6059284699407301,665
stfdem,political,IE,0.06347679728800718,0.10377518725716232,0.04198701979357721,0.2821701950491105,5.819148936170213,6.320668693009119,2.2847115206806707,1.2296061822520183,658
stfdem,political,IL,0.1845326489200776,2.2558830704294953e-06,0.16567759846169866,2.2487070276644675e-05,4.257716049382716,6.117283950617284,2.7615043667302057,1.5935953827187095,648
stfdem,political,IS,0.09253051454579399,0.016667247825718035,0.05261947452949055,0.17401949058786592,5.916292974588939,6.478325859491779,2.2868121021815724,1.2507098134136503,669
stfdem,political,IT,0.08166329262745393,0.03580898612944583,0.04315158419164055,0.2679309131271571,5.121028744326778,6.0718608169440245,2.054676005003258,1.4380313833107412,661
stfdem,political,LT,0.12474324225810267,0.001514576514073323,0.10953505294239849,0.005391446280128158,4.619565217391305,6.220496894409938,2.3824766830003252,1.3868351480362036,644
stfdem,political,LV,-0.028632739451504068,0.47383592798885216,-0.027870179372059236,0.4856972424662943,4.256369426751593,6.226114649681529,2.4389596058565606,1.26534707542407,628
stfdem,political,ME,-0.02592982667277483,0.5031547566717554,-0.04166957759705269,0.2818212763534128,4.19880418535127,6.136023916292975,2.582344198959276,1.4552310265880535,669
stfdem,political,NL,0.043165443616162806,0.2652488239487942,0.051230735916523225,0.18600747146316457,5.919161676646707,6.360778443113772,2.085012819284355,1.3073729310429978,668
stfdem,political,NO,0.006438757939626961,0.8668045544215527,0.03749314089630607,0.3285858813777293,7.237885462555066,6.76064610866373,2.0282789557050576,0.9881543369810173,681
stfdem,political,PL,0.11327953496211675,0.0038300852324234117,0.13054914789009864,0.0008491828661782179,5.127692307692308,6.12,2.327699333825712,1.4669654642641066,650
stfdem,political,PT,-0.042354876444976555,0.27797140785012897,-0.04361669766416761,0.26389231760053194,4.732522796352583,6.270516717325228,2.368272017161993,1.3412141664772912,658
stfdem,political,RS,-0.025632683624134973,0.529165653888547,-0.02845845724285646,0.48475242211253444,3.9388429752066116,5.5520661157024795,2.973597167746645,1.6415597479889374,605
stfdem,political,SE,-0.005731356282518316,0.8823698219120756,0.013974982218286242,0.7182451853728323,6.62780269058296,6.576681614349776,2.089438393285159,1.2133589205324669,669
stfdem,political,SI,-0.002747099460264145,0.9443139305513114,-0.003458679587846244,0.9299228357038452,4.941448382126349,6.215716486902927,2.3378841331296782,1.3943225333127514,649
stfdem,political,SK,0.10832334061317686,0.0049694147042668455,0.11326815294098452,0.003302834212527113,4.578241430700447,5.836065573770492,2.6709164185272716,1.555906998100606,671
stfdem,political,UA,0.07202888442331662,0.06904158338734118,0.06536980814018853,0.09900825288690394,3.0031347962382444,4.655172413793103,2.634749586821324,1.7014805313268426,638
polintr,political,AT,-0.021715870469610436,0.5707333499933898,-0.020231639920144467,0.597351976645352,2.4195906432748537,2.9239766081871346,0.8679906327129788,0.3247857354875366,684
polintr,political,BE,-0.048338691074919636,0.20671617531336942,-0.03736496298054259,0.3291764788176134,2.5657894736842106,2.9283625730994154,0.9215489806276004,0.30488882855438315,684
polintr,political,BG,-0.0294964551696295,0.44152311480863315,-0.02826003234181359,0.46090969543465166,2.8125915080527086,2.898975109809663,0.8996673489433528,0.38297585082106855,683
polintr,political,CH,0.013186303871302141,0.7304678375786657,0.009042591358818988,0.813246553414346,2.4029197080291973,2.937226277372263,0.9151056569745459,0.2817570443787133,685
polintr,political,CY,-0.009858273313491992,0.7968993467439647,0.001694720427047624,0.9647117786685614,2.925438596491228,2.940058479532164,0.9506084731043086,0.32137697349598465,684
polintr,political,DE,0.018080444772667653,0.636899169658489,0.02049775845940474,0.5925380762245621,2.2149122807017543,2.931286549707602,0.878745191104051,0.28575365363461314,684
polintr,political,EE,-0.04655628376432017,0.22397074292978958,-0.05437922357779476,0.1554181601364472,2.5921052631578947,2.9502923976608186,0.8480425902495052,0.2547066222671614,684
polintr,political,ES,0.03302211285002757,0.3881768955000457,0.02058031413230746,0.5907761866737903,2.7518248175182483,2.9094890510948903,1.0085962532226507,0.3341838298254246,685
polintr,political,FI,-0.011425242875155136,0.765328569318283,0.005642287489557174,0.8828129381543084,2.1854014598540146,2.9562043795620436,0.7737034188933265,0.23782067113314245,685
polintr,political,FR,-0.051816568999794387,0.17586086936666248,-0.03972690699760392,0.29950164450349637,2.6023391812865495,2.9517543859649122,0.9784173563197822,0.2634601793177717,684
polintr,political,GB,-0.047724722779001555,0.21288336963276103,-0.053181718808513516,0.16504508216323524,2.505124450951684,2.9209370424597365,1.002000977825154,0.3287999157444937,683
polintr,political,GR,-0.043838397444489086,0.251871267699708,-0.041726970723549237,0.2754578261502365,2.9182481751824816,2.921167883211679,0.9562214700175594,0.32834661495407447,685
polintr,political,HR,-0.037295833960749245,0.3297181437239509,-0.04743634093050892,0.21499075480397759,3.0452554744525546,2.9065693430656934,0.9173419205821063,0.3462844509772319,685
polintr,political,HU,-0.10735039058548265,0.004945419916781503,-0.11009472147102094,0.003940925548963075,2.8391812865497075,2.9108187134502925,0.8894286760176449,0.34977495697629835,684
polintr,political,IE,-0.0022430908249847703,0.9533047917516259,-0.0005237207034137237,0.9890916442632491,2.5760233918128654,2.9502923976608186,0.9985690960415069,0.27140419393733717,684
polintr,political,IL,-0.023590267159921116,0.5376473559759946,-0.021561469983101565,0.5731948594016191,2.4715328467153284,2.935766423357664,1.0236208026074045,0.3180112787816878,685
polintr,political,IS,-0.05804779759332425,0.12907453046387524,-0.049391360098868256,0.19666111016348256,2.2613138686131387,2.934306569343066,0.8854120010347647,0.29130628266873637,685
polintr,political,IT,-0.0672320732796072,0.0795595209142729,-0.08778223461117511,0.02196464391718498,2.9941262848751835,2.919236417033774,0.8401474880494118,0.37290197997845137,681
polintr,political,LT,-0.07375627437041055,0.05367012650198144,-0.07594785654582013,0.04692397445088932,2.7503649635036496,2.8802919708029195,0.7782800883015527,0.3940046709244594,685
polintr,political,LV,-0.07234557251880304,0.05879646807996073,-0.07544901490106272,0.04872352231113448,2.890190336749634,2.869692532942899,0.8057384686409317,0.4219119924490341,683
polintr,political,ME,-0.04157648506061983,0.27860682803690023,-0.035276308409391416,0.3580094580589829,2.910425844346549,2.9265785609397943,0.8344917231686422,0.3169916682125279,681
polintr,political,NL,0.017976481119711573,0.6385920847132182,0.014025704814154933,0.7140401953059056,2.28029197080292,2.937226277372263,0.8361215999082302,0.29691574879347443,685
polintr,political,NO,-0.010981292093476215,0.7741952758766816,-0.018650604875423176,0.6260571380780708,2.456934306569343,2.9445255474452554,0.7910127142461848,0.2754368428337674,685
polintr,political,PL,-0.15805934184576748,3.4248263495867555e-05,-0.15109477626726517,7.543145042918541e-05,2.5844346549192365,2.922173274596182,0.8308349869277007,0.33623167685391653,681
polintr,political,PT,-0.0787006397356505,0.03947261974848312,-0.09442728956079738,0.013420496360975294,2.8656934306569344,2.896350364963504,1.0084756283680514,0.396698502173034,685
polintr,political,RS,-0.03664530639234577,0.33822945476898725,-0.021168649854099265,0.580204044738204,3.0175182481751825,2.8554744525547444,0.9030404952143213,0.45353061174935283,685
polintr,political,SE,0.009679013697740579,0.8006573017646972,0.02530332174897234,0.5091394565611772,2.0775988286969254,2.95900439238653,0.8094812629529728,0.21947726148538574,683
polintr,political,SI,-0.02838925321761323,0.4591918601803766,-0.02439053531323889,0.5248493232175773,2.7082111436950145,2.909090909090909,0.8746167758196953,0.36021619459460436,682
polintr,political,SK,-0.05550080532233407,0.14676295349769192,-0.03902246000540585,0.30780496798343404,2.6773722627737224,2.896350364963504,0.8215831868138809,0.3496884074831234,685
polintr,political,UA,-0.018766359561189896,0.6251890178408248,-0.03290598679193846,0.39159053771525815,2.726470588235294,2.864705882352941,0.9139110869407551,0.443498179271227,680
psppipla,political,AT,-0.026294231197577053,0.49492107590140816,-0.030853990358818247,0.42318386190142054,2.3461538461538463,3.587056213017752,0.8353309390761112,0.6084701421371901,676
psppipla,political,BE,0.05369635531245357,0.16378449044882268,0.03268936770332037,0.3968187183963443,2.188427299703264,3.6585311572700303,0.8933215419556215,0.6525677318443075,674
psppipla,political,BG,0.12244723111180762,0.0015330022160287336,0.11520503843782706,0.0028855851625822922,1.7091454272863569,3.585457271364318,0.8900300403992795,0.6279631685372878,667
psppipla,political,CH,-0.0015180563747499124,0.9686443482932369,-0.0013664282105936667,0.9717748715722561,2.925705794947994,3.6539375928677567,0.983710548421886,0.6508317313469939,673
psppipla,political,CY,0.06733147824238311,0.08204471245550292,0.06897037005930026,0.07485197232858003,1.8338323353293413,3.5983532934131732,1.0219153234824063,0.60175678419148,668
psppipla,political,DE,-0.004900893404665515,0.8984929889023371,-0.0036670167394311287,0.9239586025235615,2.5455882352941175,3.5974264705882355,0.9342026320561413,0.6096402719259499,680
psppipla,political,EE,0.027532621616715314,0.476794039544568,0.05479710726371177,0.15654022060965625,2.1283582089552238,3.648134328358209,0.8807535111646023,0.6324675475234485,670
psppipla,political,ES,0.027404294883396182,0.4765548720346626,0.028296276699558656,0.4623189172700936,1.8552437223042837,3.5805022156573116,0.8459911423867126,0.6246213400230921,677
psppipla,political,FI,-0.0101301461272059,0.7914255542489284,-0.027433702080496364,0.47380184581532114,2.7339181286549707,3.6205409356725142,0.8414352754171046,0.6117611327422787,684
psppipla,political,FR,0.006147108354546711,0.8737182998014917,0.005475008656668575,0.8874280074811323,2.0596125186289123,3.693666169895678,0.9396851642135519,0.6597552477234205,671
psppipla,political,GB,0.02201897380908081,0.5717119554346186,0.00889080001130672,0.8193921924477447,2.0498489425981874,3.5437311178247732,0.8299927864497607,0.600726343182403,662
psppipla,political,GR,0.04849075884900992,0.2093254244370489,0.05054358300829438,0.1906574641121465,2.0,3.564285714285714,0.9796742060121234,0.6337065486332859,672
psppipla,political,HR,0.09851831313791477,0.010666412305394774,0.09402665073370346,0.01483042408930541,1.6646795827123695,3.554769001490313,0.772235469957269,0.7076867289002521,671
psppipla,political,HU,0.020440292734317918,0.594933972710614,0.03176644027873356,0.40855367359420924,1.8527245949926363,3.5740058910162005,0.8581317254702222,0.6433156461755087,679
psppipla,political,IE,0.019599933219733242,0.6122865799979242,0.026344007245661584,0.4957118558908599,2.168405365126677,3.6101341281669153,0.9076541797737312,0.6254444245905788,671
psppipla,political,IL,0.1302751739014766,0.0007725764810051361,0.125768487931673,0.00117380857328562,2.076923076923077,3.6063348416289593,1.0172803941973485,0.5935878335263545,663
psppipla,political,IS,0.027811061781287567,0.4703627044851528,0.04799208109580472,0.21268988571694036,2.6420118343195265,3.6039201183431953,0.8583937315581119,0.6080778601296366,676
psppipla,political,IT,0.02056879942206119,0.5973065429506274,0.019161578101029926,0.6226284296301022,1.7900302114803626,3.566691842900302,0.7777291504508975,0.687552011660356,662
psppipla,political,LT,0.07794174098617278,0.044354862098380986,0.10331922819902799,0.007619243043114418,2.021021021021021,3.52545045045045,0.9448759362454935,0.6451101379007721,666
psppipla,political,LV,0.008944481327465992,0.8171069893148311,0.013889794651615793,0.7194880306420965,1.7302533532041728,3.5204172876304023,0.8691871798564444,0.6518747741196368,671
psppipla,political,ME,-0.06296536536507409,0.10553265192409882,-0.06002607520831029,0.12285376982651242,2.083081570996979,3.5264350453172204,0.9158467999403159,0.6546556031299613,662
psppipla,political,NL,0.029474844388018777,0.4428659877827462,0.03061383281066097,0.42543408288403994,2.4514705882352943,3.6238970588235295,0.9197541848491465,0.5956076003046585,680
psppipla,political,NO,-0.012415512741597072,0.7476500030679382,-0.0008974251669771537,0.9814466508031718,2.99406528189911,3.618916913946587,0.907273122473682,0.5968108774130092,674
psppipla,political,PL,0.026339207445249643,0.49675898045437417,0.027777106226928132,0.47355159159733584,2.12125748502994,3.589071856287425,0.827903679975638,0.638383951702619,668
psppipla,political,PT,0.017791179264903263,0.6457389379155009,0.02219489547058664,0.5663072000556312,1.7925373134328357,3.5440298507462686,0.9134133216753505,0.6549239956393815,670
psppipla,political,RS,0.013807362445334512,0.7290112686484147,0.03677780180491497,0.3559751277019108,1.9161392405063291,3.504430379746836,1.0153773156325512,0.6369593912831132,632
psppipla,political,SE,0.00408889510380228,0.9156162367906637,0.002597390913220924,0.9463371952116387,2.8323442136498516,3.610385756676558,0.8974579388857142,0.6169260658563012,674
psppipla,political,SI,-0.02309802983156411,0.5512112410570619,-0.007124567825733796,0.8541728059716615,2.124251497005988,3.596931137724551,0.8183494612342598,0.6420850229215542,668
psppipla,political,SK,0.07073160199175882,0.06688371033818596,0.11079684695144455,0.004031406640956086,1.9285714285714286,3.506919642857143,0.8654413418608051,0.6033442859290296,672
psppipla,political,UA,0.030457736049428707,0.43261330880058896,0.05473285707853215,0.15827591200528424,1.6816816816816818,3.3524774774774775,0.9518612684950087,0.6211418204775045,666
psppsgva,political,AT,0.009639040419366331,0.8046329904011482,0.01920112253166951,0.6221748283442872,2.308623298033283,3.7226256513699783,0.8174617470442405,0.7768333766872074,661
psppsgva,political,BE,-0.02104554209031299,0.5911042758676814,-0.036957578604319516,0.34535048839180676,2.2079510703363914,3.7495412844036693,0.8904105892847064,0.7957725809489029,654
psppsgva,political,BG,0.16799872740622024,2.5377505721584894e-05,0.17057891954828927,1.8938327860716153e-05,2.0659163987138265,3.729903536977492,1.1563013857861224,0.8047001564101999,622
psppsgva,political,CH,0.055016050616563894,0.16153765573507267,0.043655539106881344,0.2667701556014679,3.23728813559322,3.821109399075501,0.9682120685836311,0.6793479095052662,649
psppsgva,political,CY,0.049120183234750134,0.20930166502097905,0.06830321470041645,0.08067492138858436,1.9053435114503816,3.7681679389312976,0.9970378894872942,0.7704290094509316,655
psppsgva,political,DE,0.048434516236189155,0.22036885125296213,0.05571851534814968,0.15850295117490584,2.560747663551402,3.733489096573209,0.9496947872643562,0.7374641210486975,642
psppsgva,political,EE,0.03962640958107798,0.31422737895349473,0.037831077604562086,0.3366719346657408,2.2071097372488406,3.8020865533230292,0.9312657380876841,0.7265526591312798,647
psppsgva,political,ES,0.07301580578264122,0.06343489491729593,0.082691494494952,0.03547519758075702,2.0958268933539412,3.6738794435857804,0.9733752300160278,0.8977858579549816,647
psppsgva,political,FI,0.02685151288149798,0.4858197104114924,0.03853707719569605,0.31707762018644675,2.46301775147929,3.8044378698224857,0.8000698523087262,0.6834625204609709,676
psppsgva,political,FR,-0.021027064923524748,0.5948656398454717,-0.03203381820998154,0.4177734731909882,2.129283489096573,3.727725856697819,0.9043744188970396,0.8368897919034302,642
psppsgva,political,GB,-0.07071081940935829,0.07271816896234756,-0.061651473256460455,0.11776959592621793,2.1333333333333333,3.7572093023255815,0.8401173140992129,0.7585526598737434,645
psppsgva,political,GR,0.030733969285783005,0.4319506366307171,0.03754133679213288,0.3370390973793939,1.9954268292682926,3.7068597560975607,1.046248317909985,0.7748914044552091,656
psppsgva,political,HR,0.03578997461678245,0.36565029998518384,0.029583935660728384,0.45463681253876365,1.6365054602184088,3.743525741029641,0.7928447320319184,0.8007180681906642,641
psppsgva,political,HU,0.06607552215340498,0.08840565053095235,0.06400450622188604,0.0988708924635545,1.9924924924924925,3.7484984984984986,0.9802274267812696,0.7717994777352006,666
psppsgva,political,IE,-0.0143382044367468,0.7152091463071859,0.014171921127729333,0.7183706975626818,2.266153846153846,3.856153846153846,0.9654712036182129,0.73625084555047,650
psppsgva,political,IL,0.045454471259990664,0.24608482089795106,0.04145777558055475,0.2901322868925821,1.9724349157733538,3.8268759571209796,1.0133342798432308,0.6887358684960114,653
psppsgva,political,IS,-0.004628234404402344,0.9061772350007355,0.0002801577211063584,0.9943076180013165,2.574500768049155,3.715975422427036,0.8549734253626439,0.7289126312600147,651
psppsgva,political,IT,0.10103167432551041,0.010665946726467371,0.10705778999376309,0.006797279959842819,1.7695924764890283,3.7578369905956115,0.7694419821936845,0.7250137388911208,638
psppsgva,political,LT,0.04930673334462731,0.20549770138746448,0.055851583589214396,0.151474787706431,2.231467473524962,3.7015128593040845,0.9813298618731939,0.8037775275843057,661
psppsgva,political,LV,0.03366515229219049,0.3922396495694188,0.05733066338165157,0.1449006706741879,1.8040123456790123,3.733333333333333,0.9220881884933462,0.728594590482082,648
psppsgva,political,ME,0.03744202545999875,0.3431706272269372,0.0428798411554025,0.2776086709423003,2.1788491446345257,3.742923794712286,0.895151659096678,0.7604877342023224,643
psppsgva,political,NL,0.005593062181720097,0.8862194538650877,0.022001630849171373,0.5734755396289306,2.531202435312024,3.7343226788432267,0.9252639291200352,0.713254867123765,657
psppsgva,political,NO,0.0033522568595916544,0.9312922461340842,-0.010549819808052734,0.7861255593842285,2.8960843373493974,3.7762048192771087,0.8328020803850563,0.6797258299034813,664
psppsgva,political,PL,-0.01111789191125389,0.7794311427176587,-0.0006746282980249106,0.9864418746801848,2.279434850863422,3.8303767660910517,0.8904283088413257,0.7317214019183629,637
psppsgva,political,PT,0.027451522229228992,0.4844251163964893,0.023423827566357396,0.5507843228590754,1.9754224270353302,3.7012288786482337,0.9604540263154114,0.7947123494090187,651
psppsgva,political,RS,0.014281095504244057,0.7252645729197668,0.035945971219326786,0.3762616077051713,1.8601973684210527,3.6310855263157893,1.0388791136178213,0.8263997496461434,608
psppsgva,political,SE,-0.05881070356151419,0.12775174329600045,-0.08532720395936985,0.02697696150840289,2.6636904761904763,3.8135416666666666,0.8954214117656318,0.6746713841951232,672
psppsgva,political,SI,-0.013021393843895076,0.7399888469924418,0.004611490972349076,0.9064433792672731,2.1487730061349692,3.766871165644172,0.8573966762997233,0.7411167904234035,652
psppsgva,political,SK,-0.04214974364185969,0.2777542882114969,-0.0228739585485782,0.5559741987590455,2.0330827067669173,3.7781203007518793,0.912820483785924,0.7855425091608376,665
psppsgva,political,UA,0.07385202487772202,0.06523529719486851,0.1148002269439759,0.004085836703984616,1.751602564102564,3.500801282051282,0.9768577374535913,0.7258687155605298,624
vote,political,AT,-0.03748838538279652,0.33151526384750707,-0.02431523578381806,0.528882856143287,1.3016344725111442,2.069836552748886,0.5666424216805275,0.6428610737554449,673
vote,political,BE,-0.07952411228570454,0.039163385022450065,-0.08426138400978246,0.028833602353490268,1.3566121842496286,2.0445765230312034,0.6861871401734503,0.6462606546845087,673
vote,political,BG,-0.0330516325032568,0.3881005563082593,-0.02849495746329177,0.4568596185168422,1.3859649122807018,2.0321637426900585,0.5702549623165922,0.5819294378703116,684
vote,political,CH,0.01962812826305115,0.6131095337544573,0.017060858062912108,0.6603035880256278,1.6711711711711712,2.0705705705705704,0.7975399077732456,0.6200693426941438,666
vote,political,CY,0.11615255701870128,0.0025455226920685498,0.11917417547477954,0.0019552837411820918,1.3462109955423478,2.037147102526003,0.5930310033133368,0.6339494056029709,673
vote,political,DE,-0.024697645642149255,0.5193349391650056,-0.019912551627784943,0.6034133227943018,1.3411420204978037,2.0439238653001466,0.667109479405902,0.6438090963575922,683
vote,political,EE,0.005320996256429426,0.8899258338884294,-0.002636740692226512,0.9453233538649914,1.3726067746686303,2.1089837997054492,0.6388717077865347,0.6191811116302728,679
vote,political,ES,0.011720694180297966,0.7599576060648348,0.014973644393681353,0.6962827597740519,1.3914956011730206,1.998533724340176,0.6686505077011836,0.6354649964472872,682
vote,political,FI,-0.06475354640018566,0.09300741015651189,-0.055638039061557946,0.14905311189793674,1.1899109792284865,2.0875370919881306,0.46527467906797104,0.6019227631000833,674
vote,political,FR,-0.026763586746865877,0.49050031041471126,-0.011567625990901689,0.7657225240919583,1.487987987987988,2.0165165165165164,0.6281658512666857,0.6590244765022389,666
vote,political,GB,-0.01723925729616922,0.6540895023680771,-0.014006182869943895,0.7158251815941302,1.3716814159292035,2.010324483775811,0.6056556235977908,0.6510163949923587,678
vote,political,GR,-0.05041154652091176,0.18788591178974673,-0.04063975321763907,0.2885254408397202,1.185672514619883,2.038011695906433,0.42852122488914157,0.6660691884822747,684
vote,political,HR,-0.017072885238844326,0.6595994287440504,-0.005980178982575781,0.8773938601783905,1.347305389221557,2.038922155688623,0.5839240027010647,0.6060514720176631,668
vote,political,HU,-0.023408657087020467,0.5413775179581314,-0.02176139783751732,0.5702089952422398,1.279648609077599,2.0234260614934114,0.5355227605587911,0.6403183581081834,683
vote,political,IE,-0.0983225756397499,0.01013718896211265,-0.0920630577001935,0.016097102065118763,1.3177159590043923,2.0863836017569546,0.6055167165177798,0.6586925727680956,683
vote,political,IL,-0.010414501236821288,0.788181178321836,-0.01563457279769551,0.6866876250718025,1.31437125748503,2.053892215568862,0.5584058965658902,0.5974205927794446,668
vote,political,IS,-0.10209478752975877,0.007713192724896759,-0.09099573541996765,0.017623325701416736,1.2661764705882352,2.0191176470588235,0.6245140188027745,0.5649969966010797,680
vote,political,IT,-0.03985779154780221,0.30401631024314235,-0.049167255384742405,0.2047280626372449,1.4137931034482758,2.0374812593703147,0.6075020278865743,0.641487302081924,667
vote,political,LT,-0.028414156114641882,0.46012317521290086,-0.0140352612081094,0.715260831577298,1.4292035398230087,2.0707964601769913,0.5829960942879077,0.5886691922378495,678
vote,political,LV,-0.011973573658665087,0.7549424730340486,0.0008352070678354268,0.9826302015467392,1.4120234604105573,2.0718475073313782,0.6264148832123065,0.6243698404874876,682
vote,political,ME,-0.035571001325034234,0.3579364707087697,-0.02805790373849389,0.468422920937933,1.1955223880597015,2.037313432835821,0.42945818258499446,0.5761414408884118,670
vote,political,NL,0.044325025107927817,0.24978016331418781,0.06624850830814834,0.08522095501516012,1.2988165680473374,2.0606508875739644,0.6225860681293767,0.6307119006675358,676
vote,political,NO,-0.09505323114679212,0.013147767697103744,-0.07969773880937198,0.03773284744529542,1.3058823529411765,2.0205882352941176,0.6584406877655774,0.6184590150708128,680
vote,political,PL,-0.0057130133395518635,0.8820470749415528,-0.0006101979285206025,0.9873560232253643,1.1979320531757756,2.0753323485967505,0.47648414180141807,0.5947975268617852,677
vote,political,PT,0.0009752322122807272,0.9798684383025019,0.0004325042213932177,0.9910711254981619,1.3452380952380953,1.96875,0.5827944934680103,0.6555321725210245,672
vote,political,RS,-0.0027240718081511946,0.9439757341815421,0.007322574474726718,0.8501671867264189,1.251497005988024,2.062874251497006,0.47697903516928547,0.6494828774891704,668
vote,political,SE,-0.056891687586913216,0.13804303513430366,-0.03920436615666778,0.3069752245262996,1.1262848751835537,2.052863436123348,0.4357878273787506,0.6255549492715853,681
vote,political,SI,-0.019879001990370904,0.6050889158932916,-0.013095383642898402,0.7333892789598095,1.3122238586156112,2.1163475699558174,0.5972016132953362,0.5796557593701022,679
vote,political,SK,0.008815758662444604,0.8179792727423678,0.010749425863637271,0.7789958348910226,1.2456140350877194,2.013157894736842,0.4790437676664453,0.6203970519910083,684
vote,political,UA,-0.02564429022089712,0.5107482348792467,-0.03572489675742609,0.3594875551349444,1.378787878787879,2.146969696969697,0.5443920615664374,0.6241764703604689,660
actrolga,efficacy,AT,-0.011646887350408273,0.7641645747810504,-0.028257403886889607,0.46660523484248767,2.3363363363363363,3.0915915915915915,1.0539297465997963,0.43079383432053764,666
actrolga,efficacy,BE,0.012392111337594455,0.746844775481834,0.034827351723893354,0.3641638992830303,2.1674008810572687,3.185022026431718,1.0267856036304521,0.4516102312666433,681
actrolga,efficacy,BG,0.10115793625292653,0.008736283644986458,0.10817780151906278,0.005028328946213944,1.9195230998509687,3.15946348733234,1.1587784660671014,0.49162752381482666,671
actrolga,efficacy,CH,0.01049069097678881,0.785577062438539,0.008625172888128045,0.823008338221044,2.3496296296296295,3.188148148148148,1.1279346211135373,0.4510212368182962,675
actrolga,efficacy,CY,0.05781101717521375,0.135537708851688,0.06798562682916132,0.07910943263987852,2.031437125748503,3.163173652694611,1.111706699020294,0.43327502139212914,668
actrolga,efficacy,DE,-0.03978486085231133,0.30057604334696575,-0.05416404608776304,0.15859250585067874,2.2901325478645065,3.1045655375552283,1.060029976805696,0.40566753107962694,679
actrolga,efficacy,EE,-0.010200153569780374,0.7913765813677276,-0.024351404190518375,0.5276554162592004,2.065185185185185,3.194074074074074,1.0386677239279896,0.4956431787859059,675
actrolga,efficacy,ES,-0.03571744083703752,0.3530931042471766,-0.04313048048168671,0.2620751914712592,1.8761061946902655,3.117994100294985,1.0324090371653345,0.4041155924700283,678
actrolga,efficacy,FI,0.018179905784963254,0.6347984339128417,0.017337380319050518,0.6505717964838563,2.4437956204379563,3.1664233576642338,1.0603749001783096,0.41008438945071507,685
actrolga,efficacy,FR,0.005473763471858352,0.886952875771677,0.008484591483097879,0.8255919698738755,2.119645494830133,3.186115214180207,1.1248331335278972,0.4624182048465563,677
actrolga,efficacy,GB,-0.0091811335490478,0.8130468881282247,-0.011771576613468279,0.7617156304192234,2.2162162162162162,3.1021021021021022,1.1244814108760588,0.3936661252011822,666
actrolga,efficacy,GR,0.08711009991231597,0.024141719912809438,0.0818699714568488,0.03411139955803641,2.1507462686567163,3.1402985074626866,1.0430026125204441,0.4249539503734237,670
actrolga,efficacy,HR,0.13120032617865474,0.0006692636069133498,0.10708898399815009,0.005560062133063138,1.7877428998505231,3.1285500747384156,1.0337562255196147,0.41119202642264024,669
actrolga,efficacy,HU,0.07651615069967346,0.04625286579074182,0.05121000711708496,0.18258849113795605,1.8865979381443299,3.170839469808542,0.9853409643285633,0.4920947661302809,679
actrolga,efficacy,IE,0.0175514087277258,0.6499489325850284,0.008515303693182484,0.8257385074291388,2.2295081967213113,3.1385991058122205,1.1174703159468111,0.43039427110059697,671
actrolga,efficacy,IL,0.0411690205626521,0.28873447861627016,0.05080863243809591,0.19033120239825047,2.1426426426426426,3.264264264264264,1.1758528812821236,0.5558837568341193,666
actrolga,efficacy,IS,0.07744833744719071,0.042880280757360174,0.08263425549339366,0.03070228337869797,2.652046783625731,3.1578947368421053,1.095169170364703,0.4242767826758766,684
actrolga,efficacy,IT,0.03926937759118812,0.3094029952969252,0.047108811606877785,0.2226151743635674,1.8616071428571428,3.125,0.8804292614852455,0.4148869093391398,672
actrolga,efficacy,LT,0.05716283856660216,0.13998328795318699,0.058347580666301725,0.13194063569540568,1.9491017964071857,3.1482035928143715,0.9904108918774025,0.4247370547576744,668
actrolga,efficacy,LV,0.036904608715229624,0.3423679316362924,0.040014866559602395,0.30320693325838005,1.5060240963855422,3.1671686746987953,0.7118644434468039,0.5070309237409623,664
actrolga,efficacy,ME,-0.06036231836229349,0.12275616839707736,-0.0561228571564729,0.1513618005237813,2.0931297709923666,3.134351145038168,0.9280862918343994,0.3874504984395318,655
actrolga,efficacy,NL,0.027647038678252807,0.47102066983272317,0.03252731199636959,0.39637049351280884,2.1099706744868034,3.127565982404692,1.095144938686441,0.4089701968662318,682
actrolga,efficacy,NO,-0.004050444181466519,0.9159738736300117,-0.010065441733379176,0.7931737049332378,2.6930983847283407,3.1945668135095446,1.078436751539429,0.44962385784575093,681
actrolga,efficacy,PL,0.0032618120408687873,0.9329402434392536,0.023284433906165518,0.5480020134051425,2.1077844311377247,3.1661676646706587,1.0157969087161305,0.4687464370224319,668
actrolga,efficacy,PT,0.08827893086543386,0.021318601063903528,0.09144591665480292,0.017068449853250508,1.7029411764705882,3.1161764705882353,0.9799117191813218,0.41656081707281023,680
actrolga,efficacy,RS,0.051445612322863904,0.18649001975582802,0.04562506993297914,0.24143530950365097,1.9062027231467473,3.13464447806354,1.1704600033521515,0.5120023695677072,661
actrolga,efficacy,SE,-0.025477287977109568,0.506856056344349,-0.0027651057077970422,0.942581446594292,2.679882525697504,3.172834067547724,1.0807230631020466,0.44448818923241057,681
actrolga,efficacy,SI,0.09447806303010017,0.014725086464224789,0.08537747950995499,0.027579271065549606,1.9744744744744744,3.1366366366366365,0.9875663610069859,0.456475655604434,666
actrolga,efficacy,SK,0.08357759383051307,0.029553601078315665,0.08455982716562785,0.02768742396165253,1.8554572271386431,3.102064896755162,0.8913127492227471,0.3926524375296749,678
actrolga,efficacy,UA,0.0398745271151756,0.306742091764375,0.038911517048139686,0.31858070537943134,1.7450682852807284,3.125948406676783,1.009959125182678,0.4588645333298983,659
cptppola,efficacy,AT,0.014026990191313258,0.7170385700787214,0.00702529180477401,0.8559689685446453,2.68955223880597,3.183582089552239,1.1975478593540263,0.461393552665258,670
cptppola,efficacy,BE,0.021880814581371043,0.5678103444583296,0.03329363355570751,0.38463389054912445,2.0716374269005846,3.2134502923976607,1.0148889877783287,0.49719013880884416,684
cptppola,efficacy,BG,0.036244450350128056,0.36761258095619875,0.04259395708437872,0.28963560974827773,2.085483870967742,3.22741935483871,1.098147474315381,0.5254951829911646,620
cptppola,efficacy,CH,-0.013898120964797445,0.7181237435784432,-0.009258509001690635,0.8099742889868963,2.7178729689807977,3.2156573116691285,1.0638726685300108,0.481175263152915,677
cptppola,efficacy,CY,-0.01638371361832057,0.6713698939298769,-0.01846497608718339,0.6325269372546044,2.0787518573551265,3.265973254086181,1.0984473292151014,0.5867976900478532,673
cptppola,efficacy,DE,0.054753424048062924,0.15563438033312763,0.04714187375339987,0.22160096544939295,2.664688427299703,3.1535608308605343,1.0430692398792933,0.4085935249813239,674
cptppola,efficacy,EE,-0.02935620944137853,0.4457147374689127,-0.06224975783055421,0.105605081947063,1.8847858197932053,3.2204579025110784,0.9334460031224998,0.46179345207785755,677
cptppola,efficacy,ES,-0.002303145871812218,0.9520912334769103,0.006040872189908845,0.8747830071512926,2.171303074670571,3.1822840409956075,1.1519189270355241,0.4571934607487167,683
cptppola,efficacy,FI,0.0367521648500369,0.33682177001099983,0.054348911949538295,0.1553459607028349,2.3401459854014597,3.2525547445255474,0.9776343818141108,0.49457292876488546,685
cptppola,efficacy,FR,0.034240200515863795,0.37372479346043014,0.025046630855694127,0.5153101172635964,2.2319054652880355,3.205317577548006,1.006334112548886,0.50509366510952,677
cptppola,efficacy,GB,-0.02056898351904442,0.5961936300720426,-0.018873482923705408,0.6268283010170412,2.2867867867867866,3.1726726726726726,1.0776078518140602,0.47357644640589974,666
cptppola,efficacy,GR,0.08727466082275989,0.02419239912866698,0.09467234137288152,0.014447102791713226,2.28335832083958,3.209895052473763,1.0536973921559336,0.44622994088322937,667
cptppola,efficacy,HR,-0.0016478225979537,0.9658895604407879,0.00769402554421468,0.8417328903944018,1.8150887573964498,3.227810650887574,0.9411467352627001,0.5002475827965568,676
cptppola,efficacy,HU,0.08003009712532921,0.037500844601412626,0.0687421422736616,0.0740828743480605,1.856508875739645,3.239644970414201,0.9530313126461624,0.5486380643184633,676
cptppola,efficacy,IE,-0.007717730974861332,0.8407873020945953,0.006492011580085171,0.865811373425957,2.2044117647058825,3.2294117647058824,1.107337134642515,0.4977294021259162,680
cptppola,efficacy,IL,0.04061329373492168,0.2952982920556105,0.06713241605212282,0.08341904350897078,2.1366366366366365,3.3186186186186184,1.184210701929987,0.594244486696019,666
cptppola,efficacy,IS,0.058836943029368316,0.1247725784500446,0.07375197043374038,0.05421290754990152,2.7565982404692084,3.2343108504398828,1.0150087403093573,0.5162514926570588,682
cptppola,efficacy,IT,0.03917480493530997,0.31384496798270106,0.030009853528354485,0.44045035755617423,2.055806938159879,3.2051282051282053,0.8629107833795074,0.5098761239618409,663
cptppola,efficacy,LT,0.03863375848449889,0.31911938115035465,0.029863632693009626,0.44130373947987606,1.944527736131934,3.22376311844078,0.957777963822151,0.5287043693494878,667
cptppola,efficacy,LV,0.01332405322395337,0.7308478746612375,0.04491760907759117,0.24596393230833516,1.5500747384155455,3.2630792227204783,0.8240150137641918,0.5708723978373527,669
cptppola,efficacy,ME,-0.0002262342267772171,0.9953961657305531,-0.01772676153063274,0.6511573941899823,2.1562021439509955,3.1967840735068913,1.0242963927396431,0.47637957000199216,653
cptppola,efficacy,NL,-0.06259102135395853,0.1019280430226908,-0.05646799020555225,0.14013037134760165,2.128654970760234,3.2152046783625727,1.082726320396843,0.4523597982084415,684
cptppola,efficacy,NO,0.038367222496013986,0.3163596719128179,0.026038441983219307,0.4965909937840207,2.690058479532164,3.2046783625730995,1.0647365085281462,0.4799722863518644,684
cptppola,efficacy,PL,0.00997486471219142,0.7957332669889827,0.008816003430868167,0.8190272208639557,1.9511834319526626,3.2954142011834318,0.9280717191750327,0.5679016399233737,676
cptppola,efficacy,PT,-0.034582700148707,0.3671924789943385,-0.033677187287208345,0.3798786605691847,1.7096774193548387,3.2375366568914954,0.94838616228976,0.5358225613982157,682
cptppola,efficacy,RS,0.03974146757172152,0.3094682241563565,0.03608722463414318,0.35610009368681034,1.891768292682927,3.216463414634146,1.1413903058109518,0.5172773631381841,656
cptppola,efficacy,SE,0.0019583950512369547,0.959435642440827,0.0017201229907032871,0.9643674844379501,2.691285081240768,3.204135893648449,1.07174481831764,0.468265747100901,677
cptppola,efficacy,SI,0.011049618909840185,0.7751073581802262,0.03588199296011491,0.3533862549733512,1.9821162444113263,3.2339791356184797,0.966440920149137,0.5321952224399505,671
cptppola,efficacy,SK,0.01003479442617102,0.7942353681189194,0.015755971769223363,0.6821513308970237,1.612094395280236,3.2079646017699117,0.867074425307997,0.45746232000589243,678
cptppola,efficacy,UA,-0.004549348422596833,0.9062945568728369,-0.03625428744192063,0.34805050978194985,1.7172619047619047,3.175595238095238,1.0432379391929856,0.514006155339523,672
trstprl,inst_trust,AT,0.04209022812615215,0.27412345727756654,0.0465758452594931,0.22616965494449393,5.100443131462334,5.89069423929099,2.473878284766869,1.568887299188671,677
trstprl,inst_trust,BE,-0.0508328194163304,0.1907892117220527,-0.030318456839349493,0.4354148417672329,4.697289156626506,5.900602409638554,2.2963526462283643,1.6019594708853255,664
trstprl,inst_trust,BG,0.12249154740909311,0.0014066757122911295,0.1268301428647192,0.0009420387449441856,2.5066469719350075,4.719350073855244,2.160436376800894,1.8852732423372809,677
trstprl,inst_trust,CH,0.031852414558652106,0.41466257879903257,0.04188074786836443,0.2833911512737567,6.477203647416413,6.28161094224924,1.8864888724619473,1.395037678853306,658
trstprl,inst_trust,CY,0.06201338996922727,0.10745932311572261,0.05120007739227106,0.1839723575527273,3.9407407407407407,5.312592592592592,2.4481657972784117,1.8226415446383812,675
trstprl,inst_trust,DE,-0.011808963676423248,0.7592426161236564,-0.008438727688442754,0.8266463353675282,5.155325443786983,5.82396449704142,2.6355660937776104,1.5953876924146189,676
trstprl,inst_trust,EE,0.06130713996046328,0.11368208392303401,0.071836646831622,0.06371140499319107,4.7166416791604195,6.272863568215892,2.5899567162085573,1.4143934228607304,667
trstprl,inst_trust,ES,-0.02727549566393194,0.4825689247782406,-0.023979615534046005,0.5370355573696544,4.303759398496241,5.742857142857143,2.6402356484551017,1.653322946129901,665
trstprl,inst_trust,FI,-0.0018183630559671503,0.9621668672568369,-0.008628992403964537,0.8218987388894411,6.5900439238653,6.051244509516837,2.009220789232992,1.4654908409597172,683
trstprl,inst_trust,FR,-0.03523367902440691,0.3632362455788829,-0.045738224962312626,0.23778545524548883,4.290419161676646,5.502994011976048,2.4984729017005227,1.6959666466445638,668
trstprl,inst_trust,GB,0.08353441252275455,0.031506929058213,0.08418157523773705,0.030209598317931095,3.5867269984917045,5.453996983408748,2.5683300079209452,1.6996298281864133,663
trstprl,inst_trust,GR,0.11872430869276217,0.001987714873043376,0.1198236779388205,0.0018029870863118574,3.1671597633136095,5.34689349112426,2.1458352243342045,1.702679142184941,676
trstprl,inst_trust,HR,0.1018316655702695,0.008492107506059651,0.09967265968671211,0.010001751508494514,2.9340329835082457,4.95352323838081,2.489949000066965,1.794033831334482,667
trstprl,inst_trust,HU,0.17780496399836,3.831796278676663e-06,0.1717470406635469,8.17829469570544e-06,4.56071964017991,5.0,2.9039402802072356,1.8174991893542356,667
trstprl,inst_trust,IE,0.05214325217245402,0.18358719951103766,0.06213701997929375,0.11294085393370164,5.07361963190184,5.58819018404908,2.3491235276556712,1.639882664313078,652
trstprl,inst_trust,IL,0.08772576506228894,0.024865679465842012,0.08780685101673412,0.0247318969242649,3.8256880733944953,5.013761467889908,2.7185845678641964,1.9428575546013802,654
trstprl,inst_trust,IS,0.0034464317781676443,0.9287837069970688,0.002384640367830401,0.9506902226742985,5.551111111111111,5.934814814814815,2.3043587477599585,1.5410466268129754,675
trstprl,inst_trust,IT,-0.013558276464587403,0.7261075084507697,-0.005278166871709839,0.8915305268634489,4.429850746268657,5.2794029850746265,2.3777125914469983,1.7651059586135558,670
trstprl,inst_trust,LT,0.0880040727380191,0.022317968407038823,0.09584574130345465,0.012795360985623687,3.7240356083086055,5.144658753709199,2.5337750067365596,1.765252265104114,674
trstprl,inst_trust,LV,0.00047583785378344813,0.9902206784692343,-0.002212838057101905,0.9545456307738195,3.0915915915915915,5.3558558558558556,2.394044274724828,1.7065385808892226,666
trstprl,inst_trust,ME,0.030089361933563506,0.4375129591783945,0.03551840218332504,0.3593691897461848,4.200598802395209,4.985029940119761,2.4109693598408746,1.8601197344226534,668
trstprl,inst_trust,NL,0.0013342098012992343,0.9723990556362011,-0.027232150159412806,0.47998189260709523,5.248888888888889,6.0274074074074075,2.104885748877101,1.5297460869208002,675
trstprl,inst_trust,NO,-0.0895440520249788,0.019521477968118598,-0.08304608093404688,0.03036211506696653,6.480882352941176,6.504411764705883,2.3568755279352414,1.220822512219326,680
trstprl,inst_trust,PL,0.003883938542673979,0.9204285583729407,0.005036016082884286,0.8969419500070761,3.9397590361445785,4.795180722891566,2.599915986995651,1.7636109683065881,664
trstprl,inst_trust,PT,0.03395936721098668,0.3812182751832512,0.033757441739690607,0.384057759776925,4.379310344827586,5.913793103448276,2.634671367999297,1.5827016774402516,667
trstprl,inst_trust,RS,0.01487394587658023,0.7094370364771501,0.014257721593780342,0.7209619782363175,4.163492063492064,4.627777777777778,3.088045650878286,1.8462198258312448,630
trstprl,inst_trust,SE,0.049946663854438446,0.19528838724192377,0.05566215538908423,0.14887670867141814,6.274480712166172,6.136498516320475,2.2151112350018205,1.5343719821611652,674
trstprl,inst_trust,SI,-0.031803323980497324,0.41114554785765156,-0.02809300036303786,0.4678665145183612,4.191044776119403,5.425373134328358,2.472432844061834,1.7193911464161717,670
trstprl,inst_trust,SK,-0.0017125604376215882,0.9645240401901264,0.0005543342166432244,0.9885134973811979,4.110782865583457,4.8124076809453475,2.7838001582595857,1.8402050694027852,677
trstprl,inst_trust,UA,0.05706689246587194,0.14275652810329403,0.033424101170784974,0.3909232608368291,2.21482602118003,3.652798789712557,2.5635837560397676,1.4737949994358677,661
trstplt,inst_trust,AT,0.06759289161639359,0.07950556730070206,0.08071106485844787,0.036178963763608275,3.6379821958456975,4.1169139465875375,2.4795351550483966,1.6785187612329948,674
trstplt,inst_trust,BE,0.02512107624758792,0.5156257237297583,0.0157196711883699,0.6841791730199117,4.119047619047619,4.026785714285714,2.235226774612288,1.5886697643573053,672
trstplt,inst_trust,BG,0.059876042659019496,0.1212597219961829,0.06610280742930076,0.08708401602419064,2.217585692995529,3.6408345752608047,2.0740876393142598,1.543615223804487,671
trstplt,inst_trust,CH,0.03732605460354137,0.33834539894262916,0.05381161581704186,0.16733262967285029,5.609090909090909,4.154545454545454,1.9135906609886943,1.6119039174855947,660
trstplt,inst_trust,CY,0.08753079574588529,0.023256777084480474,0.10990464603239589,0.004339113255019342,2.681547619047619,3.706845238095238,2.252288516721972,1.5668170968748258,672
trstplt,inst_trust,DE,0.002560121458124972,0.9469882082850134,-0.023215160678078613,0.546505037156763,4.0635155096011815,4.124076809453471,2.3433996548682456,1.6433376107688036,677
trstplt,inst_trust,EE,0.058923404795263715,0.12645567054590062,0.05771412371454692,0.13444207851964296,3.5949554896142435,4.243323442136498,2.32450056904486,1.6969927756676146,674
trstplt,inst_trust,ES,0.10184585862011374,0.008049528003599432,0.09811076111481465,0.01070084995921819,2.752958579881657,3.728550295857988,2.3669777832565266,1.5773578373648158,676
trstplt,inst_trust,FI,0.07053966711637202,0.06541353695853923,0.08182918534741074,0.03249925133299995,5.390922401171303,4.310395314787701,2.024274867050261,1.6647968856519855,683
trstplt,inst_trust,FR,0.039940331419205444,0.30012262719988864,0.05297246994889487,0.16923079753287637,3.885925925925926,3.691851851851852,2.165351752969817,1.4800378860663228,675
trstplt,inst_trust,GB,0.06682213282991166,0.08439074621148918,0.08651250494401229,0.025352972941909642,2.9146706586826348,3.714071856287425,2.316143795250465,1.5567176692886253,668
trstplt,inst_trust,GR,0.15096825972894715,8.641946534981821e-05,0.12438343071513187,0.0012443020961046063,2.6721311475409837,3.7928464977645304,2.0804236266579794,1.5512179438227616,671
trstplt,inst_trust,HR,0.11680994519070592,0.002404760952641728,0.13175215065421045,0.0006113226606817733,2.0668647845468056,3.515601783060921,2.1773971070406746,1.4790633001833278,673
trstplt,inst_trust,HU,0.07597532433120462,0.04865262833653808,0.06342797799607101,0.09991074790922674,4.074183976261128,3.591988130563798,2.6884516667255487,1.5160345238226132,674
trstplt,inst_trust,IE,0.05260501985782719,0.17674463012925265,0.041419951370344585,0.2876257794636081,4.291981845688351,3.636913767019667,2.406634612326034,1.4968954256326255,661
trstplt,inst_trust,IL,0.09018056344727401,0.020306647899305214,0.08673836974551113,0.025633968485751477,3.2492447129909365,3.733383685800604,2.4971616633095093,1.6122602417276448,662
trstplt,inst_trust,IS,0.06645769808408857,0.08563196760792029,0.05922654619156695,0.12564015316721552,4.786567164179105,3.8805970149253732,2.2028922096667554,1.5818230203011345,670
trstplt,inst_trust,IT,0.07241462043863535,0.06024850294988522,0.11248435546855919,0.003454224085185732,3.3961424332344214,3.626854599406528,2.3215605406114728,1.5876585373216667,674
trstplt,inst_trust,LT,0.09125459654148368,0.01832202904556809,0.10609904201530594,0.006054430089264033,3.4745508982035926,3.56437125748503,2.30590382533148,1.4826492941446072,668
trstplt,inst_trust,LV,0.03190858681044875,0.415984840652147,0.03635324734564429,0.35404101022966095,2.6196319018404908,3.688650306748466,2.204474123753482,1.567623663785255,652
trstplt,inst_trust,ME,-0.05154937003785108,0.1846033992972392,-0.05346777747139655,0.16877309557362224,3.710843373493976,3.8659638554216866,2.2406103482300397,1.628864257058386,664
trstplt,inst_trust,NL,-0.028561770810320863,0.46080610401857003,-0.036121939310612444,0.3508961547422283,4.831091180866966,4.133034379671151,2.0421872826364935,1.6673870430141524,669
trstplt,inst_trust,NO,-0.025902065934019305,0.5001118925739354,-0.011540747958563106,0.7638703753132169,5.272058823529412,4.535294117647059,2.0597371458360305,1.684702436405008,680
trstplt,inst_trust,PL,0.0645634238953076,0.09645604182693254,0.07026397854672332,0.07038866200123649,2.8433734939759034,3.5210843373493974,2.3281706006998366,1.4267984704328165,664
trstplt,inst_trust,PT,0.08207594974685996,0.032743895454631786,0.08328575184693367,0.03025074601457693,2.877400295420975,3.691285081240768,2.3574206847299894,1.56254163588518,677
trstplt,inst_trust,RS,0.014139282252883778,0.7200330584959723,-0.0008877628222292486,0.9820469979079169,2.877519379844961,3.5348837209302326,2.8473928444950483,1.5526300649046316,645
trstplt,inst_trust,SE,0.031018018367367235,0.42141238776738926,0.030913361097412655,0.42298152266386635,4.862017804154303,4.4695845697329375,1.9985758881421603,1.7178922448029514,674
trstplt,inst_trust,SI,-0.012341176329004003,0.7500145733395008,0.0034665276829670636,0.9286889621437088,3.2212257100149477,3.7384155455904335,2.288757538542737,1.5521005278719058,669
trstplt,inst_trust,SK,0.03257872663842735,0.3959718995630952,0.030595425910317643,0.4253712501068337,3.857562408223201,3.5932452276064613,2.628235695849541,1.537917292987208,681
trstplt,inst_trust,UA,0.07896445768054584,0.042722493056034185,0.09079695508809332,0.019740702115145795,2.009104704097117,3.050075872534143,2.3357748243471215,1.3158765706743956,659
trstlgl,inst_trust,AT,-0.025159595765579468,0.5131046249894371,-0.027976968036074426,0.4670577725293165,6.632743362831858,6.897492625368732,2.3325938856495085,0.9822093516318092,678
trstlgl,inst_trust,BE,-0.0009797813919534392,0.9797443695858645,-0.012332636852639408,0.7492778465988459,5.35459940652819,6.844213649851632,2.459252094549571,1.0896940102659742,674
trstlgl,inst_trust,BG,0.0322403497807299,0.40935691869028723,0.0593820710463774,0.12837896424118733,3.853881278538813,6.465753424657534,2.9212146140346453,1.322575699833792,657
trstlgl,inst_trust,CH,-0.06070256989465067,0.11757108096712181,-0.08740315038821761,0.02408992784860717,6.93993993993994,7.183183183183183,1.9802018571053823,0.9091445633507099,666
trstlgl,inst_trust,CY,0.017193026007599112,0.6568746525404503,0.05178260761885161,0.18065044252881612,4.3552238805970145,6.724626865671642,2.647574606143146,1.2655275678495397,670
trstlgl,inst_trust,DE,-0.09256416076128349,0.015833102589900977,-0.10713965367127976,0.005194638125812061,6.325478645066274,6.875552282768778,2.34962785587877,1.0951988059810704,679
trstlgl,inst_trust,EE,-0.03800285894034984,0.3274563210975109,-0.04641949123460708,0.231563401781361,6.315315315315315,7.093093093093093,2.4561672519597835,0.8546451827004733,666
trstlgl,inst_trust,ES,0.1135331788943156,0.003206954206049872,0.08271719883528361,0.0320362555496167,5.299107142857143,6.708333333333333,2.6225206769199927,1.1793891503689309,672
trstlgl,inst_trust,FI,-0.0250725727043735,0.5142524533555733,-0.005566851944794484,0.8848744593553978,7.483063328424153,7.112665684830633,1.8718356694084368,0.8313821479765636,679
trstlgl,inst_trust,FR,-0.01998447511382953,0.6045169933278892,-0.021792669510257007,0.5722183052445081,5.292284866468843,6.785608308605341,2.4523451738826925,1.1904588503113012,674
trstlgl,inst_trust,GB,0.028444081167941504,0.46433963702138087,-0.0066965238185530155,0.8632534488328281,5.52710843373494,6.657379518072289,2.535869983544719,1.2215410984266837,664
trstlgl,inst_trust,GR,0.019770545946436416,0.6062640074212773,0.04524211562299192,0.23802383994162363,5.2404692082111435,6.578885630498534,2.5374039046649175,1.1785503135318238,682
trstlgl,inst_trust,HR,0.06096913031958928,0.11432980932179075,0.03973348795037384,0.3037154805745517,3.1770833333333335,6.605654761904762,2.4622112979812694,1.3097129478703786,672
trstlgl,inst_trust,HU,0.11343558105173071,0.0032335009099058918,0.0826240139842915,0.032230968196907184,5.373511904761905,6.742559523809524,2.79376795063658,1.216174401674855,672
trstlgl,inst_trust,IE,-0.01846384844956381,0.63432977615216,-0.013713747783915868,0.7238919193042788,5.696696696696697,6.882132132132132,2.4293731153185756,0.9322923259423979,666
trstlgl,inst_trust,IL,-0.01977323665956469,0.6121054978911498,-0.031026788972917777,0.426163829765663,4.509090909090909,6.8568181818181815,2.8473946386908335,1.1425149415995295,660
trstlgl,inst_trust,IS,-0.002967174481716579,0.9386204170617053,-0.01738093251843748,0.651916044804546,6.177514792899408,6.904585798816568,2.195854081656838,1.1483294042981769,676
trstlgl,inst_trust,IT,-0.030475332294655388,0.42889965443683314,-0.029774645761052834,0.43959372314556233,5.522189349112426,6.839497041420119,2.2993291001421405,1.0854836293656682,676
trstlgl,inst_trust,LT,0.11548525130396045,0.0029664577131036838,0.10308053951679542,0.008043698312027543,5.318181818181818,6.806818181818182,2.503770091479867,1.0998132812846753,660
trstlgl,inst_trust,LV,-0.0020736615072262017,0.958970053189196,-0.0068957448442053025,0.8641604882534453,4.029126213592233,6.864886731391586,2.6088851199570766,1.0689124436121555,618
trstlgl,inst_trust,ME,-0.013386321204388152,0.7304199047221296,-0.00259353562897126,0.9467764849306322,4.332330827067669,6.499248120300752,2.2094931024799997,1.3918056357844766,665
trstlgl,inst_trust,NL,-0.06472141955117894,0.09317008319053036,-0.06595692831455874,0.0870762199060485,6.4183976261127595,7.028931750741839,2.063628229644943,1.014153795556134,674
trstlgl,inst_trust,NO,-0.030796953210727947,0.42301181057164183,-0.027523756692114928,0.4739802176823221,7.488954344624448,7.139911634756996,1.9998772667299634,0.9686900764209717,679
trstlgl,inst_trust,PL,0.10369717541237274,0.007907060834131176,0.0841880121018959,0.031214201929292862,4.082442748091603,6.685954198473283,2.4828303653786454,1.2427716253937093,655
trstlgl,inst_trust,PT,0.012168351866459723,0.7546576763645241,0.00022341033621795677,0.995422288605166,4.425981873111782,6.88368580060423,2.4482149821376398,1.056314351911995,662
trstlgl,inst_trust,RS,0.02266955665722971,0.5670158606465424,0.0056263387955846796,0.8870332154222094,4.1953125,6.1996875000000005,3.017057904622234,1.6277234010316497,640
trstlgl,inst_trust,SE,-0.007171661228694947,0.8536565576089379,-0.027757595684153338,0.47519433051150345,6.603915662650603,7.021536144578313,2.157043189923008,1.0662673883637157,664
trstlgl,inst_trust,SI,-0.05353710276375641,0.16757890473577997,-0.08698569352682027,0.024776018501539866,4.792792792792793,6.8025525525525525,2.5533128724599696,1.2072996405392102,666
trstlgl,inst_trust,SK,0.03825253514469867,0.32030770529417596,0.03024312960535719,0.432085274902561,5.019202363367799,6.49261447562777,2.7490585718521343,1.3025708946044432,677
trstlgl,inst_trust,UA,0.026718912297763613,0.4998409437531592,0.013275812858007064,0.7374646665477852,2.559375,5.0734375,2.632927332462514,1.7286812062472798,640
trstprt,inst_trust,AT,0.03136778235241025,0.4168881576282254,0.04022693365715496,0.297744961427525,3.5699404761904763,4.384672619047619,2.4221754941825644,1.7392686199389409,672
trstprt,inst_trust,BE,0.09257802613663588,0.0171071788870758,0.08462980042445875,0.029338148494151742,3.9260935143288083,4.1855203619909505,2.1285636839899276,1.7522885318648311,663
trstprt,inst_trust,BG,0.14787855659038115,0.00011794504652828617,0.16373492997263206,1.967079032959652e-05,2.3150074294205054,4.1263001485884105,2.1343346881303846,1.7879659263600027,673
trstprt,inst_trust,CH,0.04632425822665015,0.23860117340853657,0.055692030120680774,0.15644023132814677,5.351309707241911,4.602465331278891,1.8855777296660072,1.7868415024107713,649
trstprt,inst_trust,CY,0.06585473326960026,0.08804092288804272,0.06447292015089945,0.09492820794755676,2.5029761904761907,4.2180059523809526,2.2136260208955942,1.8178253528260995,672
trstprt,inst_trust,DE,0.027481481314005535,0.47761337660638786,0.05219363165133061,0.17720986420749477,4.016417910447761,4.4037313432835825,2.2118107357817474,1.8335197642572494,670
trstprt,inst_trust,EE,0.09835384407637517,0.011097704924445726,0.097561123435237,0.011767542512746781,3.6966966966966965,4.675675675675675,2.2014119641012946,1.8508059394443885,666
trstprt,inst_trust,ES,0.05319240727779529,0.16841554419690902,0.06527239289510722,0.09089278264209054,2.7291666666666665,3.9732142857142856,2.3793411445536603,1.7088870264196405,672
trstprt,inst_trust,FI,0.012300720756951444,0.7490068840390848,0.012068457442798747,0.753591377739975,5.46539027982327,4.755522827687776,1.9005265035049757,1.7510708015131073,679
trstprt,inst_trust,FR,0.07061318734438869,0.06775320909806776,0.07193966784904869,0.06273755692504403,3.467164179104478,3.994029850746269,2.124234712083009,1.632982232207994,670
trstprt,inst_trust,GB,0.07284015307144957,0.06066690033928432,0.08377006464216703,0.0309020949894588,3.069277108433735,4.025602409638554,2.3291753254855574,1.6697850581215565,664
trstprt,inst_trust,GR,0.0979745227348654,0.010578727500905521,0.09010725588882629,0.018764881099415688,2.773529411764706,4.153676470588235,2.1281213857338863,1.699948370013666,680
trstprt,inst_trust,HR,0.08623271214197192,0.025281126185450267,0.0918298463847704,0.017177778553153448,2.1679049034175333,4.189450222882615,2.2374074687949386,1.7862300252900571,673
trstprt,inst_trust,HU,0.10435605823012951,0.006736456003735757,0.09588462208736191,0.012825647364495851,4.0460624071322435,4.142644873699852,2.623035564661773,1.7645256394647806,673
trstprt,inst_trust,IE,0.006414015904691901,0.8695594861463221,0.002361303582549236,0.9517925214382901,4.194528875379939,4.057750759878419,2.3411806411395357,1.6833889276612914,658
trstprt,inst_trust,IL,0.15512093901242036,6.617610279437156e-05,0.17145614146950966,1.006442721771292e-05,3.3917682926829267,4.339176829268292,2.3794012810271026,1.9041069135291013,656
trstprt,inst_trust,IS,0.06803312404848932,0.07912498683368963,0.07170607665935912,0.06419615142304928,4.6656671664167915,4.408545727136432,2.2186906624002,1.7567635447564276,667
trstprt,inst_trust,IT,0.12277310967396865,0.0014405212493650461,0.1328934889681875,0.0005578315453821668,3.384500745156483,4.0670640834575265,2.331740368457639,1.7397813021955577,671
trstprt,inst_trust,LT,0.14948596955291246,0.00012008152449966555,0.12523309883472022,0.0012974876663126452,3.345509893455099,4.068493150684931,2.2451062139392057,1.8052758927971648,657
trstprt,inst_trust,LV,-0.03740179676064832,0.3414395566535846,-0.03118844966823293,0.42766015922801753,2.4976887519260402,4.166409861325116,2.1950584700471545,1.893795805776504,649
trstprt,inst_trust,ME,-0.019910636730744474,0.6058531059877696,-0.013703109171090022,0.7225073840201572,3.8560830860534123,4.341246290801187,2.329805602329651,1.9186708163489778,674
trstprt,inst_trust,NL,-0.020671050824677815,0.5921570499721792,-0.017917264265362044,0.6424091214797945,4.998516320474778,4.577893175074184,1.947680647688323,1.694831145761371,674
trstprt,inst_trust,NO,-0.008701152054531676,0.8206941882771271,0.00971885841831618,0.8001421380951854,5.458149779735683,5.098384728340675,1.954277837403969,1.7898439889296525,681
trstprt,inst_trust,PL,-0.017299726615716552,0.6577993573363385,-0.03806124687771785,0.32964688964420336,2.8875379939209727,3.8662613981762917,2.3270227159992416,1.621878105500299,658
trstprt,inst_trust,PT,0.04957005822444385,0.1993521413364119,0.0522312105425226,0.17625052137277958,2.8407738095238093,4.049107142857143,2.322045836497292,1.7253175108058991,672
trstprt,inst_trust,RS,0.14468379168811385,0.00024298154203230955,0.13346314661854425,0.0007188724849606314,2.780907668231612,4.156494522691705,2.7387063833990832,1.9062471738941296,639
trstprt,inst_trust,SE,0.0023932730847689653,0.9505487034264298,0.019124028077687105,0.6201679048047012,4.970326409495549,4.906231454005935,1.9592454381114788,1.782369421492187,674
trstprt,inst_trust,SI,-0.031249379634384376,0.4203926614016121,-0.02489530222469305,0.5209718015467818,3.1949025487256373,4.06071964017991,2.247007575876091,1.729791449949788,667
trstprt,inst_trust,SK,0.026145592667576028,0.4973638652600723,0.025462884705447632,0.5086655794031077,3.8920118343195265,3.955621301775148,2.6210308585251765,1.6378254051811119,676
trstprt,inst_trust,UA,0.12099621988748813,0.0018755346991165857,0.13878358250324793,0.00035625639882539556,1.9544072948328268,3.433130699088146,2.364318797716886,1.5854925199561658,658
trstplc,inst_trust,AT,-0.07782663669608751,0.042937472181780026,-0.07711169405301208,0.04489191694914514,7.34711964549483,7.336041358936485,2.1809513162718246,0.8102528924762922,677
trstplc,inst_trust,BE,0.010078300124833269,0.7927664139151467,0.025728051413473643,0.5023671101951686,6.555718475073314,7.230205278592376,2.0934071385646096,0.9223587295265959,682
trstplc,inst_trust,BG,0.00949141350004002,0.8061393421301453,0.04542442490954169,0.2399659380432494,5.144560357675112,6.973919523099851,2.8491888464167383,1.1054772668597272,671
trstplc,inst_trust,CH,0.08733710696231256,0.022748238326028826,0.12118604710080838,0.0015454700496117994,7.347058823529411,7.400735294117647,1.9257552570955918,0.9012751826520133,680
trstplc,inst_trust,CY,0.008366570815914532,0.8282310985063843,0.025576044753573734,0.5070986904673486,5.0814814814814815,7.16,2.576001582317959,1.0119611069102952,675
trstplc,inst_trust,DE,-0.03812035893727503,0.32234287951679125,-0.02917021637853816,0.4489401443701692,7.079881656804734,7.174556213017752,2.1171911478051553,0.8797325914111463,676
trstplc,inst_trust,EE,0.029822259350593683,0.43784457553778194,0.047395076067074215,0.217418741630732,7.4977908689248896,7.393225331369662,2.125747026876995,0.8396593252529378,679
trstplc,inst_trust,ES,0.016682948663295213,0.663396697042019,0.030506426933435433,0.4260389660807105,6.928257686676427,7.181551976573939,2.3960759179266327,0.8765330557415796,683
trstplc,inst_trust,FI,0.005333523441086597,0.8893447298445508,0.0028532151934389824,0.9406680316729636,8.363103953147878,7.429721815519766,1.4016905480182509,0.8686682488761154,683
trstplc,inst_trust,FR,0.09482316191387152,0.013235804659737423,0.09123966345575801,0.01715645200348268,6.545454545454546,6.9985337243401755,2.181584555640255,1.0047599882342284,682
trstplc,inst_trust,GB,0.018848625470203113,0.6252142294615445,-7.775243182581375e-05,0.9983924043656438,5.853115727002967,6.688427299703264,2.5524100597058283,1.178415167708485,674
trstplc,inst_trust,GR,0.06026272516795917,0.11614693347796295,0.08768659455518471,0.0221099901730616,5.906020558002937,7.089574155653451,2.40709286329338,0.9350495240935414,681
trstplc,inst_trust,HR,0.02725396712093784,0.47865173440408876,0.027274984791579485,0.4783124983331145,5.477876106194691,7.200589970501475,2.535178824359619,0.9301448911224744,678
trstplc,inst_trust,HU,-0.03144806272396973,0.41500056154006465,0.0026152236396665674,0.9459693267215739,6.344213649851632,7.11053412462908,2.542986285256978,1.0896072657766123,674
trstplc,inst_trust,IE,0.0852450055489265,0.02712512408368481,0.09570232811762841,0.013065893443499416,6.534226190476191,7.175595238095238,2.319236216590353,0.9080528634604328,672
trstplc,inst_trust,IL,0.2160036389394507,2.134250814203729e-08,0.19331307473328757,5.722360333117253e-07,4.699544764795144,7.2693474962063735,2.804823749651676,0.9452656140950702,659
trstplc,inst_trust,IS,0.09248160946567038,0.015849617303728067,0.08785588567636712,0.02195080493072038,7.269117647058824,7.3352941176470585,2.0572625299688654,0.8177458700999317,680
trstplc,inst_trust,IT,-0.033923469321246354,0.37816364724024015,-0.055204968653515964,0.1513354475913194,6.704579025110783,7.314623338257016,2.0406069280114094,0.8457037517515866,677
trstplc,inst_trust,LT,0.00462477467923218,0.9046775146288173,0.03799906834250045,0.32496602241646566,6.872213967310549,7.170876671619614,2.3417186915469452,1.057392614414096,673
trstplc,inst_trust,LV,-0.024588293150998277,0.5292558501970787,-0.019109427333715602,0.6248948150064606,5.226788432267885,7.288432267884323,2.5480769062392694,0.8388363793948262,657
trstplc,inst_trust,ME,-0.010795285639621937,0.7793500399495128,0.016132640451726493,0.6754356649275122,5.390532544378698,6.994082840236686,2.1986188958775155,1.0572335187305255,676
trstplc,inst_trust,NL,-0.04281392779456231,0.2677297566340702,-0.03144398262523082,0.4157567218030508,7.0461309523809526,7.255952380952381,1.647637490548992,0.8014296005167806,672
trstplc,inst_trust,NO,0.01841518017757583,0.6311752429064122,0.013885490155988719,0.7173717306577513,7.642228739002933,7.476539589442815,1.9070561503332333,0.8268836755964042,682
trstplc,inst_trust,PL,0.04994400391783224,0.1966480672338078,0.07062299952091454,0.06771493377773116,5.188059701492537,7.0873134328358205,2.542406989423285,0.9770476288426588,670
trstplc,inst_trust,PT,0.0629730669750481,0.10211644144495059,0.08738853654376574,0.023173756484290885,6.358518518518519,7.251111111111111,2.347180428129386,0.925797968958346,675
trstplc,inst_trust,RS,-0.0034544932834502007,0.9296842350008335,-0.010353087645029735,0.7914199196095903,5.262595419847329,6.851145038167939,3.0542579662569143,1.289356951132344,655
trstplc,inst_trust,SE,-0.010262806530020766,0.7895163600832105,0.0015384971944041818,0.9680805722894225,7.098674521354933,7.267304860088365,2.008972795197214,0.923500273419474,679
trstplc,inst_trust,SI,0.0038756074303370643,0.9197064927763416,-0.020007470388979088,0.6027578144934025,6.310751104565537,7.241531664212077,2.398817160871796,0.9577265415663688,679
trstplc,inst_trust,SK,0.11245023239062618,0.00344001178502638,0.07976351536209246,0.03828616415872489,5.654814814814815,7.044444444444444,2.7298144663239863,0.9514682287426245,675
trstplc,inst_trust,UA,0.016618403666240917,0.6754831585283845,0.0205437868128534,0.6047806707034473,3.3877551020408165,6.207221350078493,2.8326556227394826,1.5637133184943268,637
trstep,inst_trust,AT,0.01962747791208366,0.6141934715317511,0.022798192258805135,0.5581776487462242,4.209969788519637,6.005287009063444,2.6476987980047464,1.492407154795817,662
trstep,inst_trust,BE,0.05486311210947273,0.15822818196398103,0.057909685978734714,0.13634507150543515,4.67420814479638,6.049773755656108,2.4295602026627297,1.4704323850103524,663
trstep,inst_trust,BG,0.06764526082315679,0.09319308753724312,0.07781869711008316,0.05336109938912427,4.627228525121556,5.914100486223663,2.823332331803745,1.7105703298965789,617
trstep,inst_trust,CH,-0.10669520870378067,0.0077891911801215435,-0.12094800692583742,0.002535886013447801,4.940418679549114,6.147342995169082,2.146563454252956,1.4721983320662868,621
trstep,inst_trust,CY,0.0516373051663055,0.1951799652590323,0.052163547197026594,0.19066097858779973,4.591125198098257,6.005546751188589,2.5901248058148436,1.7081646078679775,631
trstep,inst_trust,DE,-0.03357781252341095,0.3887469636712543,-0.023843441734552034,0.5405776396679487,4.6747352496217855,6.04160363086233,2.5992621559893903,1.467891654489571,661
trstep,inst_trust,EE,0.02178166626291852,0.5852759655391441,-0.007232378515041594,0.8562316932155364,4.847619047619047,6.450793650793651,2.5303786794943934,1.277153160676541,630
trstep,inst_trust,ES,0.05119578711724332,0.195845520246174,0.0525824730534297,0.18399259110266944,4.64375,5.9984375,2.574940934035481,1.5509088846687935,640
trstep,inst_trust,FI,-0.06377128334379781,0.10244036149642631,-0.07003488018618387,0.07282599958896842,5.8432267884322675,6.117199391171994,2.0177763204283288,1.46814532019795,657
trstep,inst_trust,FR,-0.0974091444639101,0.013396611506719908,-0.11571151626888937,0.0032756934976291945,4.333850931677019,6.003105590062112,2.5162680806999407,1.619041913191767,644
trstep,inst_trust,GB,-0.05766729985454854,0.16290992044457256,-0.060567560087218426,0.14274264542811418,3.75809199318569,5.82793867120954,2.666198820140651,1.5586496550173177,587
trstep,inst_trust,GR,0.03224655647448473,0.4078390115564349,0.03385601170354036,0.38482688617765043,4.142208774583963,6.05143721633888,2.371111609654434,1.4894839123733112,661
trstep,inst_trust,HR,-0.04966238051251614,0.2057041228219427,-0.053089183382153585,0.176085774920376,4.259600614439324,5.912442396313364,2.640258581788404,1.5980802023725755,651
trstep,inst_trust,HU,-0.1240116245075894,0.0013652308665549355,-0.11574872495816166,0.0028167271945999466,4.704819277108434,5.911897590361446,2.593106239105906,1.6546000637904137,664
trstep,inst_trust,IE,-0.027213802973872332,0.4984544809944079,-0.008832996825021188,0.8261219774996331,5.241545893719807,6.203703703703703,2.340308814728004,1.3816081568822904,621
trstep,inst_trust,IL,0.03745118797013126,0.37552473623795457,0.024420887210048037,0.5634451398669716,2.807829181494662,5.945729537366548,2.5609314647612034,1.6938573888128226,562
trstep,inst_trust,IS,-0.024495229482668968,0.5509508679508095,-0.04660474817559483,0.25635930083745667,5.726050420168067,5.843697478991596,2.18132038384602,1.590408893035846,595
trstep,inst_trust,IT,-0.0008961548166760747,0.9818632223829334,0.0202642728631163,0.6071801241897087,4.685758513931889,6.241486068111455,2.321189543452414,1.4745006635408293,646
trstep,inst_trust,LT,0.17555812540033902,1.0124508590835714e-05,0.20265591557141277,3.2324315383186923e-07,4.9712,6.1664,2.5681361095010278,1.514192684957726,625
trstep,inst_trust,LV,0.017452437465922458,0.6680881052996079,0.02280260950298442,0.5753108003609642,4.133663366336633,6.339108910891089,2.6172262357570646,1.3038804886241222,606
trstep,inst_trust,ME,-0.026034801317318217,0.5085752638284387,-0.043030109955906934,0.27443243600777345,5.58887171561051,5.686244204018547,2.332513451974389,1.7450982094728993,647
trstep,inst_trust,NL,-0.044727293530044704,0.260028322260163,-0.06744179211692958,0.08924258589431885,5.1257861635220126,6.21933962264151,2.222978461263474,1.3153557781290561,636
trstep,inst_trust,NO,-0.01870106758291176,0.6464545199445881,0.00544316566158301,0.893800056124888,5.6341059602649,6.108443708609271,2.1050903390007125,1.4547611186201361,604
trstep,inst_trust,PL,-0.14306009005025605,0.0002763962993413662,-0.16323635095379735,3.2403367715174216e-05,4.001557632398754,5.970404984423676,2.6586914668133432,1.6487302800033017,642
trstep,inst_trust,PT,0.08030925829541373,0.044073348268107326,0.08011964303888247,0.04457708280557231,4.864864864864865,6.089030206677266,2.6183798880374183,1.549097902903613,629
trstep,inst_trust,RS,-0.07914053979872424,0.05228536567475425,-0.07536330771731374,0.06462028079413211,2.7541528239202657,5.762458471760797,2.8023090722366377,1.7492720432513698,602
trstep,inst_trust,SE,-0.05176717856083678,0.19512504508416673,-0.02641953355867913,0.5086970040163412,5.248407643312102,5.912898089171975,2.141430161874793,1.5554224365441036,628
trstep,inst_trust,SI,-0.04626646936377256,0.2388250800924703,-0.0391158224319254,0.31938460870012575,4.570769230769231,6.026153846153846,2.5659992708322386,1.5276372203718094,650
trstep,inst_trust,SK,0.11512942048314043,0.003079157970359799,0.1036480096152255,0.007747701465696237,4.3945371775417295,5.538694992412746,2.937396530891728,1.7658372725396834,659
trstep,inst_trust,UA,0.04627031862730351,0.25541415068073386,0.04111761532838607,0.31224016861787857,4.207920792079208,5.47029702970297,3.12224807232236,1.7818948715104181,606
trstun,inst_trust,AT,0.021313957077557164,0.593065085972387,0.006301329668990111,0.8744762522778459,4.819334389857369,6.572107765451664,2.653360887761849,1.2411394513005065,631
trstun,inst_trust,BE,-0.09031800323316107,0.020885671027769427,-0.08350736440087765,0.03274349973906422,5.321100917431193,6.564984709480123,2.3637670791559504,1.2384153226003358,654
trstun,inst_trust,BG,-0.00588652600284385,0.8878928924950219,-0.0241939123050576,0.5622671180114935,4.814236111111111,6.795138888888889,2.840429625767412,1.135840151712179,576
trstun,inst_trust,CH,-0.012568197186169788,0.7524985496487858,-0.028555354764637636,0.4736237291949951,5.281645569620253,6.569620253164557,2.2778013311724443,1.1842446346812847,632
trstun,inst_trust,CY,-0.02399612965375065,0.5429675702263987,-0.045749964531348594,0.2459434518364749,4.144186046511628,6.733333333333333,2.5838697859843887,1.1570291077184103,645
trstun,inst_trust,DE,-0.031961227636832075,0.41593486243990074,-0.01716510130766854,0.6622449529845049,5.015384615384615,6.5746153846153845,2.4682408455971006,1.1864873210831823,650
trstun,inst_trust,EE,0.08188525234937821,0.04355651061435414,0.06236350146306725,0.1245215245949019,4.756578947368421,6.837171052631579,2.6466769703762134,1.0178634584835966,608
trstun,inst_trust,ES,0.10539407315499023,0.007762721902182585,0.08808514423906126,0.026207394000233225,4.916797488226059,6.673469387755102,2.6636943734621292,1.1520296777363492,637
trstun,inst_trust,FI,-0.0075675799859168105,0.8460220959168977,0.01182719971610472,0.7615001263637625,6.4568835098335855,6.682299546142208,2.112739561467835,1.142354628832459,661
trstun,inst_trust,FR,-0.013987628884604747,0.7249883519752855,-0.0265476293900342,0.5042747968140424,5.193700787401575,6.522834645669291,2.4363101085516443,1.310247705551086,635
trstun,inst_trust,GB,-0.03347045019061683,0.419069221449826,-0.04866590159479022,0.239894720401194,4.912820512820513,6.0837606837606835,2.6883035103875574,1.4982271066756248,585
trstun,inst_trust,GR,-0.07282739740072067,0.06495398100080418,-0.08054861139464214,0.04116627535072463,4.217729393468118,6.7791601866251945,2.419906374477633,1.1055233367650148,643
trstun,inst_trust,HR,-0.027071072977257474,0.4908374434725983,-0.027410085360488043,0.48542187917063845,4.724615384615385,6.72,2.875352501695738,1.1504939650586454,650
trstun,inst_trust,HU,-0.07532361021013236,0.05664661932774856,-0.04130810442398839,0.2963733857414984,5.290171606864274,6.691107644305772,2.480558178466103,1.3091262076121992,641
trstun,inst_trust,IE,0.04517532409064498,0.2680382303755097,0.038132089175905326,0.349906393933608,5.4278606965174125,6.762852404643449,2.4282432640353537,1.0173641059259955,603
trstun,inst_trust,IL,0.011335264356309011,0.7755782312916705,0.0068446084861890424,0.8633267708850308,2.1968503937007875,6.283464566929134,2.4930166506001123,1.538658710593657,635
trstun,inst_trust,IS,-0.08086527510518594,0.03990798686084711,-0.07672356214616423,0.05127825753147123,6.325077399380805,6.6114551083591335,2.213326006150907,1.233558683915681,646
trstun,inst_trust,IT,0.00454812527531176,0.9085757910072044,-0.006353707423316705,0.8725463820046421,4.965625,6.84609375,2.3739732975598917,1.2485297985486168,640
trstun,inst_trust,LT,0.1330685367771614,0.0012314004547495983,0.12044449300096993,0.0034716114729273616,5.056218057921636,6.793867120954004,2.5900652949748357,1.1328615506288635,587
trstun,inst_trust,LV,-0.010131971675570915,0.8124258495316212,-0.010718604424763425,0.8017848820222702,3.8021778584392014,6.778584392014519,2.8282462881599755,1.3409544062656347,551
trstun,inst_trust,ME,-0.05491529856909926,0.1659263986638859,-0.03190517334983361,0.4211045396228214,5.413793103448276,6.777429467084639,2.3389268227974434,1.2007290984475816,638
trstun,inst_trust,NL,-0.043418664353154585,0.2803901060461893,-0.056638952236824296,0.1589583791874111,5.840322580645161,6.533870967741936,2.0491504743115767,1.3100140645185996,620
trstun,inst_trust,NO,0.02840368388999804,0.46295703936295657,0.0005517608287131875,0.9886262953382391,7.002985074626865,6.7164179104477615,2.0676141915787523,1.1216175878750319,670
trstun,inst_trust,PL,0.09118181079585932,0.021563452240737076,0.06984270952467674,0.07863506992345182,4.946456692913386,6.481889763779527,2.5738859424477947,1.3668805191966882,635
trstun,inst_trust,PT,-0.042668227572854246,0.2856925446417239,-0.04716300274204474,0.23791924653433466,5.429936305732484,6.842356687898089,2.599815107354328,1.1277232233239236,628
trstun,inst_trust,RS,-0.02901983720632446,0.4780111269356791,-0.0461661429230747,0.25886458044001653,2.848333333333333,6.695,2.832319534491944,1.2746304580836194,600
trstun,inst_trust,SE,-0.020210966049129617,0.6067358999652079,-0.017239078622919454,0.6606345380212312,6.285714285714286,6.622119815668203,2.2184045350924344,1.122525637640665,651
trstun,inst_trust,SI,0.012444434689256793,0.7575121797955187,-0.0016490714542011205,0.9673658136043923,4.8042071197411005,6.741100323624596,2.607590547364462,1.1823773895747198,618
trstun,inst_trust,SK,0.09174290227721939,0.020768250606332576,0.09344206575312788,0.018513666718892673,4.874015748031496,6.543307086614173,2.9841646369115176,1.2643866451819117,635
trstun,inst_trust,UA,-0.0028159410505729622,0.9451688288373652,-0.018404814329304908,0.6530382868318503,3.5642737896494157,6.096828046744574,3.1525525727963646,1.6440751907757865,599
happy,wellbeing,AT,-0.03701806240593346,0.335112425316071,-0.002936493616704612,0.9390740840787924,7.652941176470589,7.398529411764706,1.6462096052086996,0.6270750876528917,680
happy,wellbeing,BE,-0.010457581600336599,0.7850007326429077,-0.027153039646726395,0.478662350996329,7.790629575402636,7.446559297218156,1.464666962076533,0.6837015588875834,683
happy,wellbeing,BG,-0.008171586795132465,0.8318057164533791,0.010596804616943694,0.7829914449016505,6.321533923303835,7.3628318584070795,2.0753550014771505,0.7052696382776624,678
happy,wellbeing,CH,0.0016454291472850207,0.96581295398974,0.018766708834043376,0.6249273899368847,8.15712187958884,7.5712187958884,1.4763767049196501,0.5324691214457923,681
happy,wellbeing,CY,-0.015748327013002373,0.682519558348857,-0.015205566647071362,0.6928954690088738,6.970457902511078,7.549483013293944,2.1155276728026555,0.5776819612085006,677
happy,wellbeing,DE,-0.04468711494798822,0.24314366450983185,-0.02693822383268839,0.4818282984646685,7.757309941520468,7.369883040935672,1.6765165771674968,0.7152589049346049,684
happy,wellbeing,EE,0.0922759759390005,0.015929653276411392,0.06925579626660279,0.07068793566254565,7.429618768328446,7.551319648093842,1.7994621895526484,0.5347042938073611,682
happy,wellbeing,ES,0.02227929243766734,0.5610661458964857,0.01277979571554665,0.7388380554572865,7.879941434846266,7.4099560761347,1.5307958933007122,0.7573804007113256,683
happy,wellbeing,FI,-0.013950233139512703,0.7159109918193958,0.029085172598576008,0.4479195846967657,8.095168374816984,7.510980966325037,1.465544675521196,0.5890840381779284,683
happy,wellbeing,FR,-0.09528089625998734,0.013130929963062374,-0.07166869911029221,0.06236173681352958,7.474150664697193,7.447562776957164,1.5954806905980727,0.6098167328029612,677
happy,wellbeing,GB,-0.0029834963398194937,0.938192066237918,-0.00793372264399911,0.8366317490630412,7.48377581120944,7.3915929203539825,1.9997494429180287,0.7284897467681063,678
happy,wellbeing,GR,0.0202418926425798,0.5979744580930635,0.024503095129972147,0.5232436894687674,6.776798825256975,7.400881057268722,1.5848888537013732,0.8220843946994082,681
happy,wellbeing,HR,0.04925001166273827,0.19860518039267638,0.026348671120924323,0.4917920863406178,7.597364568081991,7.411420204978038,1.8611143731656405,0.6581219641144119,683
happy,wellbeing,HU,-0.06467423966034162,0.09147938780515662,-0.04119671305665363,0.2826702891104086,7.0982404692082115,7.4178885630498534,1.9675852984933986,0.7269732471700839,682
happy,wellbeing,IE,0.07117750835528608,0.06300966180085033,0.046720616061851405,0.22267778040387284,7.6647144948755495,7.453879941434846,1.6488775260117587,0.686374744982756,683
happy,wellbeing,IL,0.08766791936519813,0.02204050187822174,0.06835036001761699,0.0744576919617073,7.400293255131965,7.563049853372434,1.922018617840616,0.6386807901416903,682
happy,wellbeing,IS,-0.010777653200115412,0.7785889702676583,-0.0005809108280851038,0.9879094217647318,8.035139092240117,7.556368960468522,1.5197413837843787,0.5687097541713877,683
happy,wellbeing,IT,-0.04537413343555973,0.23700096099086393,-0.047739649880059125,0.21341359826329445,6.872246696035242,7.485022026431718,1.7556151354318663,0.6369587952662747,681
happy,wellbeing,LT,0.021435281037081883,0.5768447403591825,0.007272126368482473,0.849867514592492,7.408823529411765,7.430147058823529,1.9350069580172453,0.6540144360890201,680
happy,wellbeing,LV,0.03651326397132515,0.3431783155787558,0.03942454348964222,0.3060530438756495,6.798816568047338,7.43491124260355,2.0679705754961035,0.748466179423014,676
happy,wellbeing,ME,0.01974746932308603,0.6080112460663593,0.03882005622846853,0.31317544783813783,6.51698670605613,7.5051698670605616,1.9585401869821804,0.6192569338300379,677
happy,wellbeing,NL,0.07199239823592365,0.060045012209730624,0.044243631878770145,0.24820408505798278,8.004392386530014,7.4816983894582725,1.2235391809549785,0.6084946449596877,683
happy,wellbeing,NO,0.018145127947403646,0.6369362892682207,0.029195918550158843,0.4475316394363713,7.955817378497791,7.575846833578792,1.5384331575240824,0.542913434310124,679
happy,wellbeing,PL,0.0016785261911654397,0.9651257302155555,0.00676974324996764,0.8600264169261623,7.559471365638767,7.434654919236417,1.92271308376671,0.6363292524384321,681
happy,wellbeing,PT,0.02648093680124587,0.4896199444258702,-0.001830041452955952,0.9619240683267412,7.0175695461200585,7.454612005856515,2.0283146599806243,0.5744983431719024,683
happy,wellbeing,RS,0.04139096767378025,0.2828962024924557,0.04414936806125117,0.25201582299892783,7.176296296296297,7.300740740740741,2.212059187001187,0.7164344926368402,675
happy,wellbeing,SE,0.06993162987241801,0.06818006156666812,0.08533230710465305,0.025960521143943687,7.726872246696035,7.494860499265785,1.6175499982660153,0.8456045624871961,681
happy,wellbeing,SI,-0.0850522911268459,0.027591111952784263,-0.056164955588734605,0.14613685323489753,7.757078986587183,7.484351713859911,1.7608528610390533,0.6482878633174234,671
happy,wellbeing,SK,0.058400657564373994,0.1292914714418003,0.04707851392119543,0.22153601809075815,6.643491124260355,7.238165680473373,2.0859606050563446,0.9290818450123414,676
happy,wellbeing,UA,0.03646938729585792,0.3480944333875214,0.05897894766268139,0.1289540413448133,5.990963855421687,7.162650602409639,2.6448805905103003,0.9847508010561007,664
stflife,wellbeing,AT,-0.07322393845014297,0.056327105745442904,-0.050098908292558995,0.1919488319609391,7.705882352941177,7.6213235294117645,1.6882058478355155,0.6521075031130917,680
stflife,wellbeing,BE,-0.02945490566236995,0.4418317864354535,-0.025515551031743546,0.5052793261050998,7.497076023391813,7.652046783625731,1.6970364971588818,0.6501347247504855,684
stflife,wellbeing,BG,0.053537050289656614,0.16409922894482776,0.04670544068976705,0.22487912284657133,6.13589364844904,7.612998522895126,2.224626085310034,0.6161120856376873,677
stflife,wellbeing,CH,-0.04302700511325637,0.2618138496978958,-0.038558044496556386,0.3146681242884102,8.136363636363637,7.7272727272727275,1.5491545616325677,0.5757874353771704,682
stflife,wellbeing,CY,0.045761659901148125,0.23405162842257868,0.021843814126662225,0.5701728723375166,6.377581120943953,7.70575221238938,2.388221724005301,0.5923534993569429,678
stflife,wellbeing,DE,-0.03334175642785739,0.38359812890348777,-0.015356360511376269,0.6882699085945013,7.689051094890511,7.566423357664234,1.7953676109634502,0.6191719347917336,685
stflife,wellbeing,EE,0.0346821873498986,0.36546240225189025,0.0739080109371265,0.05352822747239433,7.020497803806735,7.705856515373354,2.0042890340184636,0.5973261215709612,683
stflife,wellbeing,ES,0.02708616292881903,0.48006958119673854,0.04035454397126421,0.2926345758871321,7.5175953079178885,7.600439882697947,1.8177978222621798,0.5978054187615904,682
stflife,wellbeing,FI,0.0022566472678184923,0.9529884937340923,0.044145670005444934,0.2485595632545053,7.957664233576643,7.645255474452555,1.5671015926595087,0.7079303087622996,685
stflife,wellbeing,FR,0.014156567882073156,0.7137219080847711,0.03298874559223143,0.3925064836192684,6.786350148367952,7.68026706231454,2.2573092179508203,0.5792955089328864,674
stflife,wellbeing,GB,0.05417128227820866,0.1579227304897945,0.0591900699273765,0.12279724553729318,6.96769456681351,7.6607929515418505,2.1980236043766475,0.5747674360968139,681
stflife,wellbeing,GR,0.003426961827474402,0.9287661261100462,0.010090918205924424,0.7923637406415489,6.396778916544656,7.625183016105417,1.9311738463063015,0.5705978396458271,683
stflife,wellbeing,HR,-0.020641888887029565,0.589938289526026,-0.008979752084856307,0.8146541441614668,7.280701754385965,7.649122807017544,2.088140276486907,0.5819257595102381,684
stflife,wellbeing,HU,0.05012329870144723,0.19271883486408803,0.05411272135938651,0.1596054705653341,6.57754800590842,7.5605612998522895,2.1542508993640825,0.7373358675107529,677
stflife,wellbeing,IE,-0.014688231950148579,0.7024199015410607,-0.024745063998537237,0.5197646654117132,7.351988217967599,7.670103092783505,1.8317403172479119,0.556674561595277,679
stflife,wellbeing,IL,0.02025024715176066,0.5991759401047143,0.03735404961860463,0.33217294091619026,7.144970414201183,7.778846153846154,2.06695084046553,0.5724379312949005,676
stflife,wellbeing,IS,-0.016756678964047596,0.6622340750017675,0.008924681630840309,0.8160360625863655,7.788856304985337,7.722873900293255,1.765884613947535,0.6156585805026892,682
stflife,wellbeing,IT,-0.02325731395811462,0.5484683509872309,-0.004336029815957312,0.9109357244700395,6.769461077844311,7.700299401197605,1.864405402596072,0.6138578821111005,668
stflife,wellbeing,LT,0.022370040610406122,0.5623714260168374,0.01625113918611627,0.6738755081462007,7.077265973254086,7.614413075780089,2.1163979146233363,0.6616517403763518,673
stflife,wellbeing,LV,0.025337604169289072,0.5113822651968719,0.02817988733948264,0.4651582410835718,6.308605341246291,7.602373887240356,2.2797676196783057,0.6483906259610778,674
stflife,wellbeing,ME,-0.09161040683996872,0.016628382798736956,-0.09636433811558483,0.011746669951793555,6.175695461200585,7.700585651537335,2.185300312430131,0.5388427995878946,683
stflife,wellbeing,NL,0.03860181508494301,0.3159057279794646,0.020835471517448478,0.5883837106680003,7.943870014771049,7.666174298375185,1.2198233579084161,0.6539088108358422,677
stflife,wellbeing,NO,-0.017163350891156438,0.6543242544814987,0.019535372968406437,0.610292372008355,7.743777452415813,7.733528550512445,1.6857871688183075,0.5895002558125212,683
stflife,wellbeing,PL,0.00825643658006774,0.8298382071510192,0.029017380622888896,0.4499804275707934,7.2897058823529415,7.584558823529412,2.009523694903277,0.6517088307436888,680
stflife,wellbeing,PT,0.0251755271266234,0.510971719318598,0.007300112725238758,0.8488577485315936,6.527777777777778,7.633040935672515,2.0385997771926374,0.6981394169267096,684
stflife,wellbeing,RS,0.027467038857011343,0.47620078284122974,0.02427232944590942,0.5289971819597091,6.706666666666667,7.502666666666667,2.3251687025996546,0.6929436628480743,675
stflife,wellbeing,SE,-0.02440987425321254,0.5248259320906132,0.010153730215024782,0.7914011757171087,7.816446402349486,7.706314243759178,1.8158030958187157,0.5212581622323778,681
stflife,wellbeing,SI,0.03775317972674318,0.3259540656409838,0.011172691983361077,0.7713522793803884,7.544918998527246,7.6539027982326955,1.9211522363566071,0.662042024689736,679
stflife,wellbeing,SK,0.01057023260483626,0.7844617780452576,0.0033531615982270676,0.9308604548740484,6.351190476190476,7.524553571428571,2.221396778542366,0.8064058602421174,672
stflife,wellbeing,UA,0.02794060500707055,0.46796684056613497,0.009719651665740228,0.8007037595819213,5.081240768094535,7.3677991137370755,2.805460587694066,0.9015256797790002,677
stfeco,wellbeing,AT,0.011921777824715471,0.7578898734214041,0.009209432255188511,0.8117893157173672,5.396423248882265,6.338301043219076,2.1512063314090777,1.0482434939795962,671
stfeco,wellbeing,BE,0.0899932032127024,0.019451366152004008,0.04330758554673672,0.2615351235114995,5.1973293768546,6.201780415430267,2.0760987505673922,1.098802443823266,674
stfeco,wellbeing,BG,0.04910519538977682,0.20598407994078605,0.0340233679320092,0.3810388512479339,3.100751879699248,5.750375939849624,2.08344363629851,1.350235591901319,665
stfeco,wellbeing,CH,0.015397583375487049,0.6905315410931631,-0.030414710642428698,0.4315362091467979,6.842026825633383,6.666169895678093,1.7785013158900373,0.851006477545101,671
stfeco,wellbeing,CY,0.09077684054918335,0.018413436530740103,0.1003001843274041,0.00916909132470778,3.580118694362018,5.997032640949555,2.3051636559450874,1.3218891347310142,674
stfeco,wellbeing,DE,-0.06243807854283138,0.10429581027008065,-0.07161853204501253,0.062351602074380306,4.830383480825959,6.330383480825959,2.2878182637868485,1.1375127056572756,678
stfeco,wellbeing,EE,0.08290489061880096,0.03139366966318467,0.058472375001659804,0.12939016511058954,3.9747774480712166,6.563798219584569,2.235925508058961,0.9184882247240332,674
stfeco,wellbeing,ES,-0.05466412046752798,0.1556954920758783,-0.05385077274569236,0.16194982874378025,4.21301775147929,6.094674556213017,2.2295408741070544,1.271884474373225,676
stfeco,wellbeing,FI,-0.021843875368117584,0.569601525958118,-0.023453423532284846,0.5414980324514477,5.654411764705882,6.425,1.9309840008771229,1.0169223545140782,680
stfeco,wellbeing,FR,0.0833211869511848,0.03117567551096603,0.06884689008551852,0.07515635893453883,3.672645739910314,6.019880418535127,2.1912009042429283,1.2557804015099898,669
stfeco,wellbeing,GB,0.03083114286315903,0.4266419236090634,0.04028956077378156,0.2988037094845893,3.151424287856072,6.313343328335832,2.1447982142312534,1.1660302281929815,667
stfeco,wellbeing,GR,0.07260607092890539,0.05807378750543131,0.05090884370118081,0.18420671826620574,3.494134897360704,5.649560117302053,2.063769180393109,1.2945411583354012,682
stfeco,wellbeing,HR,0.03591847748391474,0.3554297078188531,0.026858225692909517,0.4896229200687656,3.7966867469879517,5.962349397590361,2.2077447358714926,1.2727914565690532,664
stfeco,wellbeing,HU,0.13062597590940825,0.0006688008594466155,0.11164407027432785,0.003680678458270114,4.260740740740741,5.811851851851852,2.5428405428096985,1.3271336246003207,675
stfeco,wellbeing,IE,0.010438639274339743,0.7858426978933011,-0.016001353539290313,0.6770271668329835,5.235294117647059,6.477941176470588,2.3275113730587704,1.0019635491497827,680
stfeco,wellbeing,IL,0.1162544517851429,0.0026581328790223,0.08355184410151315,0.031088293553986533,4.66066066066066,6.388888888888889,2.4779658494097667,1.1373877059520177,666
stfeco,wellbeing,IS,0.07462062513570573,0.05282259066070023,0.0867585976086046,0.02429373483539394,4.482195845697329,6.310089020771513,2.297452025620403,1.1199868622257703,674
stfeco,wellbeing,IT,0.043290918340912574,0.26171890599785574,0.02607601348384672,0.4991479378023891,4.1513353115727005,5.9955489614243325,2.1297314420332714,1.1999174357952789,674
stfeco,wellbeing,LT,0.09553365418513747,0.012956458398983581,0.08349222339993599,0.029963596165363197,4.538461538461538,6.038461538461538,2.4573397238718373,1.3126168378330987,676
stfeco,wellbeing,LV,-0.025058829719179127,0.5198152250127368,-0.03195192130687248,0.41178388680661016,3.5498489425981874,6.101208459214502,2.1338901372477115,1.1837394485469919,662
stfeco,wellbeing,ME,-0.06127439777698459,0.11039920773578604,-0.041828846209997814,0.2760512253073987,4.348529411764706,6.1647058823529415,2.415096887103467,1.2145127214157991,680
stfeco,wellbeing,NL,-0.032266088899809524,0.4012184065744083,-0.04020723591461084,0.2954696762430856,5.808541973490427,6.3976435935198825,1.8763826589538308,1.0550036906292533,679
stfeco,wellbeing,NO,0.022987479007746767,0.5492677028433222,0.03652291089373306,0.3412655726193578,5.73568281938326,6.621145374449339,2.187673659489683,0.9300976439947594,681
stfeco,wellbeing,PL,0.09402359753875487,0.01700011741584644,0.08947927804592834,0.02315455711719959,5.226708074534161,5.967391304347826,2.058589946501043,1.2756331135643726,644
stfeco,wellbeing,PT,0.004448903472066484,0.9084224394020968,0.0021155830643270557,0.9563780706289219,3.774962742175857,6.2324888226527575,2.1631304616532425,1.1020548945250062,671
stfeco,wellbeing,RS,-0.024237834559608408,0.5351442163331457,-0.03505386481036587,0.36968381318727944,4.1445966514459665,5.471841704718417,2.6719133428607043,1.384655165058766,657
stfeco,wellbeing,SE,0.04721488175202751,0.22054194145943762,0.03356056058400534,0.38399547138810763,4.819259259259259,6.431111111111111,1.9783507914548157,1.026031121128031,675
stfeco,wellbeing,SI,-0.0048381670085327275,0.9009695397845483,-0.009363918586631107,0.809677614074031,5.25,6.265060240963855,2.1957383651805586,1.1358343871525691,664
stfeco,wellbeing,SK,0.07144323817516435,0.06579080571301646,0.06928086390056325,0.07441987546127429,3.6716867469879517,5.843373493975903,2.4011145322010714,1.3088115591619438,664
stfeco,wellbeing,UA,0.11796379587827548,0.002593334048152138,0.13200390854832808,0.0007415195088182746,2.6553846153846155,4.495384615384616,2.4364989640079773,1.4794359031206645,650
stfgov,wellbeing,AT,-0.04459298099128306,0.24727730292812944,-0.06879475305293976,0.07407595902853728,3.9955555555555557,6.293037037037037,2.561118388246672,1.3214602087070029,675
stfgov,wellbeing,BE,0.07265576570180295,0.060159765175951556,0.06197815841820542,0.1089765231647567,4.391044776119403,6.2970149253731345,2.177321028001762,1.390709097366834,670
stfgov,wellbeing,BG,0.09775588894551306,0.01129022518994559,0.10742931121551055,0.005341387180595076,2.737704918032787,5.715350223546944,2.166170038382198,1.6274840452240706,671
stfgov,wellbeing,CH,0.004400196917433697,0.9098263593769463,0.008202766726400933,0.832781763499662,6.621052631578947,6.6533834586466165,1.755587149558695,1.1994946772495774,665
stfgov,wellbeing,CY,0.16966706870889567,1.368086885984403e-05,0.14566487288932176,0.00019416808784415677,4.003076923076923,5.998461538461538,2.302940388214603,1.5852743301738854,650
stfgov,wellbeing,DE,-0.031441696043101805,0.4171870053762156,-0.04309531222498168,0.2660267856503838,3.967065868263473,6.244011976047904,2.463915123291649,1.3475648801831903,668
stfgov,wellbeing,EE,0.08905387926083817,0.02203374943507678,0.08406532684503848,0.03069159382794189,3.5597579425113466,6.72768532526475,2.2739931375895233,1.023203050546646,661
stfgov,wellbeing,ES,-0.17824584189920512,3.6839557475373936e-06,-0.18317989484874694,1.947842457986037e-06,3.7417417417417416,5.975975975975976,2.625376329509398,1.5749999955200458,666
stfgov,wellbeing,FI,0.23201787997914186,1.058930589551128e-09,0.22293035670853234,4.769994004968599e-09,4.881481481481481,6.586666666666667,2.3633321916833996,1.1254277129571622,675
stfgov,wellbeing,FR,0.059521933315599976,0.12376157696191312,0.060923963516286414,0.11514182417202663,3.7970149253731345,6.149253731343284,2.400919738394098,1.383802643497972,670
stfgov,wellbeing,GB,0.18442215735102446,1.6545906804442392e-06,0.1727817813421026,7.31303440317164e-06,2.9684684684684686,5.8993993993994,2.4403678503186623,1.586721100024449,666
stfgov,wellbeing,GR,0.14624551343326678,0.00012522769424913466,0.15205556562150116,6.612781895956481e-05,3.6486090775988287,5.745241581259151,2.3095067387390564,1.5795949753426355,683
stfgov,wellbeing,HR,0.202791923046415,1.3306185191653766e-07,0.1888067233214258,9.396028437613095e-07,3.398496240601504,6.013533834586466,2.525591454121873,1.5332058485176732,665
stfgov,wellbeing,HU,0.24447064090139323,1.2919604578412228e-10,0.23022093660775822,1.5155845926732854e-09,4.469539375928678,5.8885586924219915,2.7837821023675886,1.5529550852880767,673
stfgov,wellbeing,IE,0.0980690864321064,0.011211640720779866,0.09073299669776563,0.01900132197484945,4.995508982035928,6.089820359281437,2.3338287024143516,1.4428704827702472,668
stfgov,wellbeing,IL,0.25767054970135317,2.5643959737992654e-11,0.24939814530558338,1.130685043036022e-10,3.893846153846154,5.993846153846154,2.8892434763022283,1.6383197190165968,650
stfgov,wellbeing,IS,0.10357997453858211,0.007467051540395227,0.09688043624414644,0.012371010420510994,4.187687687687688,6.316816816816817,2.3965950279257138,1.3896240913519173,666
stfgov,wellbeing,IT,0.07332174821014795,0.06092710312435824,0.08433727114490913,0.031043863885838203,4.325688073394495,5.957186544342508,2.248575673173851,1.4594053747479385,654
stfgov,wellbeing,LT,0.15063971519783925,0.00010238971667033207,0.15700185744789316,5.1009318872145816e-05,3.91969696969697,6.166666666666667,2.5421317627000746,1.461528222294208,660
stfgov,wellbeing,LV,0.0019667854274868363,0.9600849985928565,-0.00031540283628433334,0.9935964477794078,3.1815384615384614,6.186153846153847,2.2748638055165857,1.3891919282745013,650
stfgov,wellbeing,ME,-0.08017860393443442,0.038436438517760727,-0.0635617381826241,0.10097461526803198,4.692653673163418,6.1079460269865065,2.437813351845499,1.5968380383765488,667
stfgov,wellbeing,NL,0.05967054098543242,0.12226534593145412,0.02847388989067415,0.46118144680728057,4.596726190476191,6.388541666666667,1.9991476565367639,1.302972510603343,672
stfgov,wellbeing,NO,-0.09216295809984543,0.01653419373558721,-0.11988435794778078,0.0017932647111460552,4.789940828402367,6.655325443786983,2.165784982191475,1.1500021438964665,676
stfgov,wellbeing,PL,0.0821915331186406,0.04209402800798784,0.08016664924061222,0.04744004831132175,4.491830065359477,6.031045751633987,2.7649191055271984,1.4667119950634822,612
stfgov,wellbeing,PT,-0.03313227246114223,0.39364356300686626,-0.04156284684537243,0.28450593992665624,3.5864661654135337,6.105263157894737,2.3145942797719203,1.4346358732361872,665
stfgov,wellbeing,RS,0.0481727440103812,0.22469348513326165,0.045726356745802166,0.24914968318969388,4.375196232339089,5.590266875981162,3.1908201910020777,1.635907829164153,637
stfgov,wellbeing,SE,0.19535426532646694,3.7532078402353734e-07,0.18416042502340596,1.7126176507597873e-06,4.183183183183183,6.4924924924924925,2.1783803225220693,1.2541434859704848,666
stfgov,wellbeing,SI,-0.1710931987597883,1.0515289287877323e-05,-0.14030838326346956,0.0003125856295732854,4.286585365853658,6.25,2.491549672965445,1.403920356149954,656
stfgov,wellbeing,SK,-0.054563480620501315,0.15894181205527647,-0.04371010673711453,0.25926015211396863,4.179640718562874,5.726047904191617,2.7831262592220454,1.6006308569218992,668
stfgov,wellbeing,UA,0.0038943714465396197,0.9204563128758267,0.0006152080593720656,0.9874138747878254,2.5484848484848484,4.680303030303031,2.5631473932861106,1.631231574070872,660
stfhlth,wellbeing,AT,-0.00890991572497939,0.8159372640745832,-0.030100458228210128,0.4315489671142882,6.51970802919708,7.07007299270073,2.3536036639642797,0.6585431559370485,685
stfhlth,wellbeing,BE,0.009033267488555029,0.8139730402707703,-0.00540513700930182,0.888032499574527,7.255506607929515,6.988986784140969,1.7663279666070046,0.7757040453688216,681
stfhlth,wellbeing,BG,0.03244929327906835,0.3975048673616871,0.03704785066763131,0.3340110065588912,3.8548387096774195,6.457478005865102,2.3686117523291474,1.170969741430243,682
stfhlth,wellbeing,CH,-0.033625299290775595,0.382019291767016,-0.013075177860107543,0.7339744231648486,6.808259587020649,7.282448377581121,1.9698891938908152,0.6529799159205368,678
stfhlth,wellbeing,CY,-0.008277385027311101,0.8297853912105795,0.010674448755655597,0.7815992697937443,5.737075332348597,6.8774002954209745,2.293288190264491,0.8823752778419499,677
stfhlth,wellbeing,DE,-0.04118349492420101,0.28282488781106313,-0.04818009862186462,0.20887993150844653,5.262463343108505,7.063782991202346,2.355989979505321,0.7630176583568129,682
stfhlth,wellbeing,EE,0.015166904761337386,0.692775872276114,0.03131752969677132,0.4145228440667249,5.766519823788546,7.086637298091042,2.150197204356183,0.6211805641308052,681
stfhlth,wellbeing,ES,-0.03522126570673323,0.35805312923241367,-0.02531172498253207,0.5089987425144017,5.620790629575403,6.989019033674963,2.516451667081377,0.7005105414615626,683
stfhlth,wellbeing,FI,0.037984253136277527,0.3215732390214456,0.03654136252827703,0.3403109599092352,6.4202049780380674,7.095168374816984,2.038630287143421,0.6284016586776963,683
stfhlth,wellbeing,FR,-0.006334414072227234,0.8692308709461729,-0.018841008293237586,0.624325991454971,5.3584070796460175,6.97905604719764,2.417900709282704,0.7532721293412195,678
stfhlth,wellbeing,GB,0.011559656112172783,0.7636644116320558,0.01523591091827939,0.691881357089054,4.80559646539028,6.990427098674521,2.5149519642812974,0.7222626853432275,679
stfhlth,wellbeing,GR,0.08050479573270815,0.03528780514245467,0.06647389488168423,0.0823412874603173,3.388888888888889,6.748538011695906,1.9921351787365045,0.9621295758167613,684
stfhlth,wellbeing,HR,0.004042285316377356,0.9164509211503558,0.010531591958033493,0.7846055416239954,5.440828402366864,6.785502958579881,2.6186321382920155,0.8285622791085798,676
stfhlth,wellbeing,HU,0.09018506273155273,0.01910319791393315,0.06426842229290194,0.09524172346981723,3.562962962962963,6.7444444444444445,2.479612440424775,0.9561348584054251,675
stfhlth,wellbeing,IE,0.03502715870331001,0.36141677497323255,0.027011669498452944,0.4816013383639637,4.493392070484582,6.9192364170337735,2.4175279864300068,0.8099182991992042,681
stfhlth,wellbeing,IL,0.0652883163292453,0.091297554154605,0.04871189136916236,0.2079330897784231,6.523880597014926,7.011940298507462,1.8889648506383931,0.7370247602202983,670
stfhlth,wellbeing,IS,0.02437396154265665,0.5257414793632533,0.058112249023610334,0.1300579047209246,5.364705882352941,7.3786764705882355,2.0884537554432803,0.7258541348449231,680
stfhlth,wellbeing,IT,-0.022651568887947473,0.5571683192294455,-0.014343335958845323,0.7101143002501142,5.066765578635015,7.054896142433234,2.099315514627932,0.7333783119811725,674
stfhlth,wellbeing,LT,0.02722625201974566,0.4794248338798658,-0.004512250723862143,0.9067103643034194,4.387001477104874,6.8316100443131464,2.3542123938931137,0.8220370363491731,677
stfhlth,wellbeing,LV,0.04783137609978981,0.2155931962713881,0.03461597352117577,0.3702813317403841,4.098214285714286,6.867559523809524,2.5046953990339156,0.8053590970121095,672
stfhlth,wellbeing,ME,0.017595237621737727,0.6479119339284924,0.05087788651900854,0.18642379014243124,4.812130177514793,6.803254437869822,2.3219214688428105,0.9070365587280178,676
stfhlth,wellbeing,NL,-0.007066441062830452,0.8545990883934081,0.004696459835880674,0.9030636499602264,6.608888888888889,7.154814814814815,1.7846803845991854,0.6622189251484029,675
stfhlth,wellbeing,NO,0.032247880540445265,0.4007892572105786,0.04366599109225189,0.2551388050953925,7.071953010279001,7.3215859030837,1.8706220664355957,0.7128780598893285,681
stfhlth,wellbeing,PL,0.02659287173619017,0.4906775938273471,-0.015923300452516474,0.6798617785498828,4.163204747774481,6.683679525222552,2.290897900671233,0.9632939979901337,674
stfhlth,wellbeing,PT,-0.00276926636597419,0.9425375167548476,-0.01296203609263653,0.7358147390478003,3.838235294117647,6.938970588235295,2.517744356678427,0.7843435567654125,680
stfhlth,wellbeing,RS,-0.011789337150352864,0.7604969458954065,-0.042859438536823384,0.26757855249554185,4.247391952309985,6.520864381520119,2.8101449837554973,1.1471625596647559,671
stfhlth,wellbeing,SE,0.008107890459340692,0.833463031586042,0.00587175891090754,0.8789729302739773,5.66962962962963,7.260740740740741,2.0861730070021807,0.6706098354328487,675
stfhlth,wellbeing,SI,0.05932678192608565,0.12303890539605648,0.06204247469690672,0.10677320798173871,4.716395864106351,6.987444608567208,2.5084319360849787,0.6718596456044577,677
stfhlth,wellbeing,SK,-0.017653603353333568,0.64755722888319,-0.012136160406996017,0.7533193729723813,3.8662704309063893,6.7436849925705795,2.4784680904881182,0.9206102896364785,673
stfhlth,wellbeing,UA,0.06613205401673944,0.09007209674927173,0.06801067131366098,0.08128502429749583,4.278115501519757,5.619300911854103,2.595542620827589,1.5798796162543818,658
stfedu,wellbeing,AT,-0.023794212669018863,0.5466805456817992,-0.026769248445043275,0.49768981189638467,6.212732919254658,6.680900621118012,2.3156293596679753,0.953568298664203,644
stfedu,wellbeing,BE,-0.08702573200023349,0.02438641793133492,-0.04857401192585505,0.2095659978602675,5.754857997010463,6.649476831091181,2.0289066373243045,1.0851145231171515,669
stfedu,wellbeing,BG,0.13046513690548572,0.0010018002837169798,0.13445882268180614,0.0006947506137562351,4.039494470774091,6.522906793048973,2.3064345319919553,1.1459324401717401,633
stfedu,wellbeing,CH,0.03533723446037545,0.3728759371742973,0.0410269356651919,0.3008141776595039,6.6802507836990594,6.858150470219436,1.940549356533008,0.940049614204582,638
stfedu,wellbeing,CY,0.032903749630876875,0.40267719467429497,0.0024453364573926257,0.9504225809298537,4.685670261941448,6.62326656394453,2.261417100997795,1.2577774556367605,649
stfedu,wellbeing,DE,0.051995172338455374,0.18017247787731458,0.034875937268669825,0.36885237004352456,4.2807807807807805,6.525525525525525,2.2739102137378566,1.0903307534776072,666
stfedu,wellbeing,EE,0.08930835770906341,0.021066358352135908,0.04040302509198675,0.29744382975401057,6.3943028485757125,6.909745127436282,2.2365038510390707,0.8707859973958911,667
stfedu,wellbeing,ES,-0.026614542607724417,0.4919438104173895,-0.03784973209054827,0.3283196319037767,5.028400597907324,6.7541106128550075,2.3177460364717444,0.9908270873809403,669
stfedu,wellbeing,FI,0.0035927363726024615,0.9255492482928399,0.017867254618804243,0.642105088517152,7.24300441826215,6.751104565537555,1.7400811491379276,0.9596864283047564,679
stfedu,wellbeing,FR,0.03534291226919679,0.36392278602088113,0.012998862598819959,0.738504478228648,4.578549848942598,6.617824773413897,2.1393989456140905,1.0878991035089638,662
stfedu,wellbeing,GB,0.05494376802071041,0.16471126453791923,0.05367219913884274,0.17471842308168392,5.296411856474259,6.5390015600624025,2.271316299001353,1.0465904172884741,641
stfedu,wellbeing,GR,0.031453356763551016,0.4241027709179411,0.0027202677294375973,0.944899559693573,3.8271604938271606,6.425462962962962,2.033202746534179,1.1661704067083838,648
stfedu,wellbeing,HR,0.019881881698977935,0.6112403720532398,0.03763415164512327,0.3358450837688794,5.8323170731707314,6.689024390243903,2.299536919212772,1.0282728241721286,656
stfedu,wellbeing,HU,0.053857018184561734,0.18082799417306522,0.049764825671178445,0.21631065283162307,4.0823909531502425,6.533925686591276,2.4871182884794396,1.2173154456199742,619
stfedu,wellbeing,IE,-0.046152415377296856,0.23638913172809217,-0.023536809471384867,0.5461036316552819,6.848484848484849,6.682575757575758,1.972823125560759,0.9290045753819562,660
stfedu,wellbeing,IL,0.05134439249222567,0.18702468165973138,0.024127484091398328,0.5354541580643942,5.2990936555891235,6.803625377643504,2.081828103963648,1.0598370690109429,662
stfedu,wellbeing,IS,-0.05238709125186613,0.17723352616465377,-0.02961792660342432,0.44575839844770376,6.386466165413534,6.7,1.7492159153481057,1.0419658204971685,665
stfedu,wellbeing,IT,-0.04200157803730302,0.282370588374045,-0.025234818576379887,0.5184799632151621,5.070015220700152,6.78234398782344,1.9780731338701076,0.9538714362312426,657
stfedu,wellbeing,LT,0.041400430588295165,0.29453914635606604,0.023516802519224292,0.5516776838695757,4.5458786936236395,6.636080870917574,2.2462833888767157,1.1345212693394797,643
stfedu,wellbeing,LV,0.05437401473190988,0.17737497247114287,0.0241877200504179,0.548719585351129,4.009724473257698,6.7990275526742305,2.248354973374853,0.9787344536354711,617
stfedu,wellbeing,ME,-0.051353760569707974,0.18561293578548985,-0.03249226608386603,0.4024953272423544,4.27027027027027,6.702702702702703,2.246919813577834,1.0293695677307195,666
stfedu,wellbeing,NL,0.03711578694029105,0.3458939379117309,0.04667620815251882,0.23577415962385917,6.126738794435858,6.775888717156105,1.6588291867083014,0.9397515184289559,647
stfedu,wellbeing,NO,0.06570290226625108,0.08830220843962297,0.060395113871155585,0.11723907079227279,7.333827893175074,6.920623145400594,1.6677558856022021,0.913416051440753,674
stfedu,wellbeing,PL,0.07288816528453836,0.06410634611811747,0.083008355913419,0.0349152724382355,4.973684210526316,6.491486068111455,2.3803304544149793,1.1648622857517716,646
stfedu,wellbeing,PT,0.06023006452328198,0.12678968688567813,0.02135399170140681,0.5885679179804314,4.4021739130434785,6.8354037267080745,2.2457275684849676,0.9788214539013258,644
stfedu,wellbeing,RS,0.10007261544097482,0.009983261457441928,0.09221988665468722,0.017628326342115332,4.984894259818731,6.531722054380665,2.8734922225575312,1.1722547915473014,662
stfedu,wellbeing,SE,0.0791851292451167,0.0429351291396294,0.07454278725057306,0.05673862557333368,5.206422018348624,6.775993883792049,2.1077894720980788,0.9472561357903942,654
stfedu,wellbeing,SI,0.01748644013950154,0.6555798358142216,0.011596257975523206,0.7674046612054318,5.5145482388973965,6.823889739663094,2.3324569682609524,0.9090102148194472,653
stfedu,wellbeing,SK,0.054618948084257636,0.1692342122850093,0.04676128374468047,0.23932753399296616,5.17007874015748,6.477637795275591,2.385428787141228,1.127252359154376,635
stfedu,wellbeing,UA,-0.02844020635927209,0.4908876898785142,-0.009245204643040846,0.8228327872933773,4.468590831918506,5.699490662139219,2.646608961910078,1.4473820180312242,589
imueclt,immigration,AT,-0.024686572114057705,0.523227804284495,-0.06188257534576332,0.10925912227547245,4.898658718330849,6.373770491803279,2.5177307933002067,1.7069648199365741,671
imueclt,immigration,BE,0.03856821725483195,0.3163274306257906,0.0265398518633801,0.4905768171857956,6.2008862629246675,6.542836041358936,2.209005060063905,1.591749137820515,677
imueclt,immigration,BG,0.010148412870805276,0.7983861035518819,0.023493196814637726,0.5542578033512168,4.422955974842767,6.355345911949685,2.943356283069101,1.7087969815782615,636
imueclt,immigration,CH,-0.06742294492009365,0.08049169923453728,-0.0506392706364002,0.18948771119816346,6.365527488855869,6.712927191679049,2.2280945033114485,1.5668997737382757,673
imueclt,immigration,CY,-0.014932115700594462,0.699424897747931,-0.03734253960412888,0.3341232052008387,3.599105812220566,6.637108792846497,2.5948167230269843,1.7572391809007446,671
imueclt,immigration,DE,-0.014808851146389653,0.7003049338468899,-0.01284425079459838,0.7384996846608851,5.910029498525073,6.421091445427729,2.3764948803670247,1.7339806545589296,678
imueclt,immigration,EE,0.0719350948705792,0.06334791126383102,0.06888425182288845,0.0754361230992465,5.5367316341829085,6.549475262368816,2.335857731923664,1.6825224683103381,667
imueclt,immigration,ES,-0.03246305906990984,0.40150436633620595,-0.06847343050111321,0.07653402605953565,6.601492537313433,6.709701492537313,2.387873733639764,1.6103119401351602,670
imueclt,immigration,FI,-0.0980527849204705,0.010459557136393164,-0.12168213438800911,0.0014656017184799582,7.3215859030837,6.406020558002937,2.0272310466512855,1.6602999887122576,681
imueclt,immigration,FR,-0.04477233501285363,0.24502862728161925,-0.04016704102345638,0.2970264842016193,5.596153846153846,6.486686390532545,2.686247554847826,1.7877692193075139,676
imueclt,immigration,GB,-0.04542943819844378,0.24707279618792877,-0.0744141814660727,0.05774373446868473,6.436251920122888,6.460829493087558,2.557072982528476,1.753129576181597,651
imueclt,immigration,GR,-0.08128222261679383,0.03528555625133545,-0.09636686568750263,0.012510222798338614,4.065573770491803,6.565573770491803,2.102988191710825,1.6536322544576312,671
imueclt,immigration,HR,0.0526644224607692,0.17462285717458606,0.05429031991685698,0.1616722998710561,4.996996996996997,6.506006006006006,2.721674074058924,1.6577346513842206,666
imueclt,immigration,HU,0.022719591656747622,0.5592382158084843,0.03226091199115504,0.4069189948987364,3.8205128205128207,6.382352941176471,2.4345328483694915,1.7888220944286943,663
imueclt,immigration,IE,0.050747190599123256,0.1892053737818565,0.06158278307972498,0.11099011385896076,6.1385991058122205,6.6594634873323395,2.620843627183517,1.6234923692209233,671
imueclt,immigration,IL,-0.032833287813541355,0.40587623747015794,-0.00960021650637272,0.8080294978725153,5.003110419906688,6.800933125972006,2.5813836816884694,1.5823793355464775,643
imueclt,immigration,IS,-0.05680473167635079,0.1395228705959221,-0.0832949015295168,0.030110306814142132,7.057522123893805,6.591445427728614,2.1538864729158678,1.7573775209326843,678
imueclt,immigration,IT,-0.12394290070386507,0.001408762085210169,-0.10534588355558883,0.006711006804267505,4.897125567322239,6.813918305597579,2.5775853566026856,1.6108589613358186,661
imueclt,immigration,LT,0.0236735015739991,0.5471637953666022,0.042797419769419504,0.2762942343204068,5.016949152542373,6.5970724191063175,2.5708520346645667,1.6210823799888587,649
imueclt,immigration,LV,0.12732331122062102,0.0010266227795401343,0.11871410021184466,0.002217135734996328,4.555891238670695,6.6555891238670695,2.545629586404667,1.6278004242667785,662
imueclt,immigration,ME,-0.03146050661345203,0.41760918641387057,0.02167288855707432,0.5766213676137468,5.151651651651652,6.4857357357357355,2.1288152599043864,1.561816221265086,666
imueclt,immigration,NL,0.011144784187650239,0.7728934582931833,-0.020713186724009,0.5916785481537775,6.231797919762259,6.439078751857355,2.109304615057486,1.7410494871500874,673
imueclt,immigration,NO,-0.112425308181135,0.0032372310287236685,-0.10243111186199853,0.007338575096296405,6.353801169590644,6.521929824561403,2.245014035362305,1.6869454200179217,684
imueclt,immigration,PL,-0.012042958682084458,0.7599789028726374,-0.022163875734341767,0.5739069483447441,5.540247678018575,6.454334365325077,2.323607713616381,1.6933077870457889,646
imueclt,immigration,PT,-0.031916330951143976,0.4180334933507201,-0.04068142159842046,0.3018822112791852,5.698142414860681,6.71749226006192,2.2288237836931684,1.5929555863049039,646
imueclt,immigration,RS,-0.09117362698533095,0.02285424961704475,-0.09470343974920187,0.018061073880518825,4.81701444622793,6.48314606741573,3.0728401681746944,1.6924140532105632,623
imueclt,immigration,SE,-0.05167514936973343,0.18123129344493194,-0.07650157014081567,0.047604728016342114,6.946348733233979,6.3353204172876305,2.160731134688574,1.8036252490388829,671
imueclt,immigration,SI,-0.07630856665799285,0.04935687852135559,-0.09086738272773366,0.019184648594060636,5.358433734939759,6.653614457831325,2.600235739134319,1.52076195739922,664
imueclt,immigration,SK,0.04669965802421333,0.23229595126313163,0.03441531672290307,0.3788366595860736,3.417682926829268,6.253048780487805,2.619817276434854,1.7116546623408047,656
imueclt,immigration,UA,0.004450479040783202,0.9113023478832654,-0.025128633945583755,0.5293040849835009,5.241653418124006,6.544515103338632,2.8662512081061537,1.7143797866042942,629
imwbcnt,immigration,AT,-0.02194839850132567,0.5746961221430307,-0.028831767918403087,0.4610016589547374,4.429878048780488,5.413109756097561,2.3923460618735084,1.9334528920160252,656
imwbcnt,immigration,BE,-0.09164194158349973,0.017660612012044507,-0.11155298182150444,0.0038387893860468837,5.444776119402985,5.735820895522388,2.0485354119365407,1.9051657800537953,670
imwbcnt,immigration,BG,-0.04824101032876977,0.22440189627579907,-0.056571673888335366,0.15415195971160722,3.952830188679245,5.205974842767295,2.832484484577219,2.11854105778938,636
imwbcnt,immigration,CH,-0.07529996036524622,0.0531660467389314,-0.06334821140946646,0.10395105026344414,5.790909090909091,5.777272727272727,1.8613330247573332,1.9351234373073527,660
imwbcnt,immigration,CY,-0.0463119400228139,0.23089550892257285,-0.07100557423127117,0.06603351578609848,3.773472429210134,5.721311475409836,2.469385025031669,2.145069057755428,671
imwbcnt,immigration,DE,-0.04346409931114312,0.2644774198664039,-0.05503954893886353,0.1575217951861839,5.350983358547655,5.398638426626324,2.284523642680256,2.029221665454876,661
imwbcnt,immigration,EE,-0.02255554581143028,0.5653536204947635,-0.03384738946806797,0.3882155966181039,4.874233128834356,5.802147239263804,2.0973566556404197,1.9230500103592203,652
imwbcnt,immigration,ES,-0.007826273328873687,0.8407083204342265,0.0014528428999301913,0.970237756998668,5.897280966767371,5.876888217522659,2.358560262952612,1.9564921176809789,662
imwbcnt,immigration,FI,-0.08297124292409346,0.031637679718283344,-0.08341052145131353,0.03074359955933372,6.098360655737705,5.634873323397914,2.079576663550552,1.9627288208582445,671
imwbcnt,immigration,FR,-0.03358636922124352,0.39043293867096185,-0.0538622541691491,0.1682291748381598,5.173780487804878,5.4123475609756095,2.2069249181811608,2.183459676736205,656
imwbcnt,immigration,GB,0.02239323564103858,0.5729612716945327,-0.011296381525539105,0.7761555404590784,6.177672955974843,5.7248427672955975,2.580643561306281,1.9373443485465467,636
imwbcnt,immigration,GR,-0.007294326658214759,0.8511823903723009,-0.012866463174645121,0.740693903932297,4.161144578313253,5.71355421686747,2.176162344403866,1.9526668973839483,664
imwbcnt,immigration,HR,-0.08418048978204676,0.030211735334103432,-0.09691402497529587,0.012539429318675818,4.904977375565611,5.358220211161387,2.5167155905138943,2.052988647430645,663
imwbcnt,immigration,HU,-0.05727615991154647,0.14466196050438593,-0.05227702912294563,0.1831387020516393,3.830769230769231,5.1984615384615385,2.23482198385331,2.241023340128159,650
imwbcnt,immigration,IE,-0.033155580787519776,0.39295384319126175,-0.03108330182711378,0.4232169439721125,6.088588588588588,6.065315315315315,2.559303615713348,1.7075281275697276,666
imwbcnt,immigration,IL,0.04796884017362678,0.22556914918950022,0.04837115279617856,0.22169729338829944,4.76875,5.31015625,2.48934348492037,2.4035979760837303,640
imwbcnt,immigration,IS,-0.10005812543027814,0.00999409343383632,-0.11792168021769496,0.002374243651810988,7.046827794561934,5.9169184290030215,2.022396661820745,1.8909092633043438,662
imwbcnt,immigration,IT,-0.002892496513678928,0.9409658377757613,-0.028996810320737712,0.45775181861742326,4.551671732522796,5.8320668693009114,2.370141240386822,2.0071005572635507,658
imwbcnt,immigration,LT,0.06934264251477704,0.07914406547739795,0.10359365002009617,0.008619651452416208,5.2398753894081,5.591121495327103,2.317625334676914,2.038215009549644,642
imwbcnt,immigration,LV,0.01962707637493324,0.6204460056059036,0.012564515725402533,0.7512419924390168,4.389671361502347,5.865414710485133,2.4424317982944,1.994870249432695,639
imwbcnt,immigration,ME,-0.0017580136753880496,0.9644845310262251,-0.017769262835573972,0.6526435037795348,4.692546583850931,5.169254658385094,2.262385720923191,2.145758318010098,644
imwbcnt,immigration,NL,-0.07301674618029749,0.06004330239200356,-0.08326376468284608,0.03193360493989659,5.52710843373494,5.7093373493975905,1.8880876261847575,1.9722440949043223,664
imwbcnt,immigration,NO,0.020545981189841703,0.5957759073027109,0.015793664520659674,0.683446080911785,6.228699551569507,5.8624813153961135,1.9917528195853385,1.9402945486841312,669
imwbcnt,immigration,PL,-0.0765430498003432,0.054830414494332215,-0.08332725715817214,0.036529724821366315,5.514285714285714,5.34047619047619,2.077730902980701,2.132427301404577,630
imwbcnt,immigration,PT,-0.0535907657533444,0.17137142188968027,-0.03874283582001822,0.32290611883675197,4.637059724349157,5.846860643185298,2.147542165776843,2.056221318564223,653
imwbcnt,immigration,RS,-0.05096452171931042,0.206162916225056,-0.054021316714544715,0.1802065635836929,4.789303079416531,5.140194489465154,2.9300861541354184,2.1445805967923928,617
imwbcnt,immigration,SE,-0.041383158868792305,0.28915539217549613,-0.03247937948490983,0.4055328522326452,6.344984802431611,5.424772036474164,2.1385383313360657,1.9937215821273266,658
imwbcnt,immigration,SI,-0.032971288605246916,0.39917491730071086,-0.04350253563110174,0.26587581765202517,4.9801829268292686,5.710365853658536,2.382103239649634,1.958722715217,656
imwbcnt,immigration,SK,0.10009686260248714,0.010665149234397805,0.09778398464917629,0.012624373939377922,3.3692307692307693,5.188461538461539,2.3300094286115054,2.046517377593628,650
imwbcnt,immigration,UA,0.02545283230121356,0.5296876963072182,0.011164348154120486,0.7828286821528535,5.349673202614379,4.926470588235294,2.822394061785288,2.2494557175726113,612
imbgeco,immigration,AT,-0.0336405592575365,0.3889438485561304,-0.022374289023592765,0.5667023967939134,5.61854103343465,6.782674772036474,2.488100691762128,0.9555752388694251,658
imbgeco,immigration,BE,-0.08448572203591417,0.028527181337992986,-0.10234506144137846,0.007927950919602335,5.605654761904762,6.773809523809524,2.1928275276858855,0.9527738526719715,672
imbgeco,immigration,BG,-0.05268099633546376,0.18044692690502326,-0.05468006175117165,0.16444388619177278,3.9660493827160495,6.753086419753086,2.9031915195355564,1.2069439911508348,648
imbgeco,immigration,CH,-0.086137818373919,0.025225027977339918,-0.0933418622553139,0.015270639325151283,6.4874074074074075,6.908148148148148,1.9786107597303508,1.0035583465220954,675
imbgeco,immigration,CY,0.01528869318796837,0.6919545660227598,-0.02291759294750617,0.5525462620491409,3.685459940652819,6.98813056379822,2.6232805894798505,0.9811787832101103,674
imbgeco,immigration,DE,-0.04698750286384487,0.2245029514508746,-0.030908220252940106,0.4244432816166551,6.068656716417911,6.8059701492537314,2.2619362153956395,0.9011503356037339,670
imbgeco,immigration,EE,-0.018074905964711285,0.6427460968126385,-0.003020950401881969,0.938208635559022,5.402420574886536,6.93267776096823,2.291273341589576,0.8997088420984484,661
imbgeco,immigration,ES,-0.027036555564496377,0.4860854705908419,-0.019452911125256267,0.6162830265143173,6.348348348348348,6.91066066066066,2.3069633665733735,0.8504172432889469,666
imbgeco,immigration,FI,-0.03579947426667565,0.35234450051974875,-0.05396884999978587,0.16071974661432573,6.5376661742983755,6.909158050221566,2.0791617253382495,0.8830782800249444,677
imbgeco,immigration,FR,-0.11967367105195277,0.001976513242535422,-0.12806599697596452,0.0009248707123807443,5.37987987987988,6.885885885885886,2.4318965619049466,0.9203851166214263,666
imbgeco,immigration,GB,-0.036899354189379,0.34537228726035696,-0.04993320083722295,0.20150633966773063,6.240853658536586,6.8498475609756095,2.5098113191913036,0.9442149974765763,656
imbgeco,immigration,GR,0.06455460139128888,0.09777000718184568,0.0366945642800557,0.34695375782545373,4.245827010622155,6.831562974203338,2.2018837004282417,0.9439484831331515,659
imbgeco,immigration,HR,-0.10807408233071207,0.00544669708781117,-0.11461303777845022,0.0031921408824890324,5.015151515151516,6.790909090909091,2.556151936719345,1.0761206210811203,660
imbgeco,immigration,HU,-0.04723683319836993,0.2262528779342731,-0.057539282346148385,0.14037800371180825,3.621580547112462,6.803951367781155,2.5286105810644783,1.0553262218221442,658
imbgeco,immigration,IE,-0.011908571728982523,0.7588518434433191,-0.031666109240072925,0.41421959641898626,5.997001499250374,6.932533733133433,2.6587704046348777,0.7888715645349619,667
imbgeco,immigration,IL,0.047558069641755865,0.22523779575684624,0.07666161584983586,0.05039170582323334,4.9447852760736195,7.163343558282208,2.677783740385774,0.9152689338462898,652
imbgeco,immigration,IS,-0.09171653834733029,0.01843599651750802,-0.08654139573764676,0.026199174450100757,6.792424242424242,6.883333333333334,2.1015790440330453,0.9839506219850696,660
imbgeco,immigration,IT,-0.022123685964994186,0.573711485817137,0.0001045848103784093,0.9978782583891028,5.13713405238829,6.951463790446842,2.508256449337707,0.8671126963001943,649
imbgeco,immigration,LT,0.06047688129181511,0.12435848395507344,0.0536563357343746,0.1728333733836817,5.551777434312211,6.854714064914992,2.5619311891383996,0.9478206402596334,647
imbgeco,immigration,LV,0.04358073102547067,0.27132384644657936,0.023716922308563683,0.5495481457422348,4.993740219092332,6.89358372456964,2.6398130220419533,0.9206475958379275,639
imbgeco,immigration,ME,0.021238701365764126,0.5862729496770799,0.032345228289155745,0.4071186935284887,4.2883156297420335,6.764795144157815,2.6989866471516786,1.052239793293509,659
imbgeco,immigration,NL,-0.0997667046634771,0.010214173043928385,-0.09788981208566731,0.011737587607760808,5.759818731117825,6.849697885196375,1.9474220432653178,0.9413954135350725,662
imbgeco,immigration,NO,0.03284144876134744,0.39532954407666965,-0.00019347750231102782,0.9960056687783381,6.102678571428571,6.8757440476190474,2.005920885024331,0.8160778468537606,672
imbgeco,immigration,PL,-0.022168543982015818,0.5688092850956259,-0.0022326330043917924,0.9542431457874934,5.526395173453997,6.781297134238311,2.4350437766198825,1.082187616338092,663
imbgeco,immigration,PT,-0.055672111831276676,0.15531264790052918,-0.031945891675559134,0.41508091898243343,6.1715160796324655,6.937212863705972,2.2218899126344707,0.9171388955328968,653
imbgeco,immigration,RS,0.08610299435533808,0.03305469069042172,0.08718222349184035,0.03090952869407121,4.64763458401305,6.716150081566068,2.993426641124759,1.0820959103231402,613
imbgeco,immigration,SE,-0.07941173397518819,0.04094106768688996,-0.07638621574191962,0.04929699387458646,6.024132730015083,6.815987933634992,2.0564590884226535,0.8977569631079816,663
imbgeco,immigration,SI,-0.04788312377455215,0.21716368040084263,-0.03656669616010307,0.3460808988495849,5.504504504504505,6.819069069069069,2.534717283840988,0.9813661053940445,666
imbgeco,immigration,SK,0.07311821817405982,0.06164951656980676,0.07124405029676216,0.06863984046459812,3.7018348623853212,6.608562691131499,2.6967332623296065,1.1313383967846673,654
imbgeco,immigration,UA,-0.0019164372687331887,0.9620477250715683,-0.02988013239735425,0.45804364042674706,6.119547657512117,6.760096930533118,2.786686295051758,1.1353573166822688,619
imsmetn,immigration,AT,0.004454313944091621,0.9080388713153444,0.020047348820382418,0.603110760697361,2.048888888888889,3.002962962962963,0.7963070052978619,0.37739162980437274,675
imsmetn,immigration,BE,0.06522632633432832,0.09016067614008587,0.05515858821472458,0.15198364474607726,1.8831360946745561,3.0177514792899407,0.7115634861234331,0.3958806072327788,676
imsmetn,immigration,BG,0.0392177075331549,0.3118540725086505,0.028232817566911234,0.4666577299873099,2.2593703148425788,3.004497751124438,1.0164775599728109,0.42268004274921533,667
imsmetn,immigration,CH,0.021828147476315604,0.573028346650817,0.025927915487053088,0.5031862361441294,1.8460388639760836,3.0328849028400597,0.6579113237090359,0.35307997291227744,669
imsmetn,immigration,CY,0.023113569077599157,0.5485590412123876,0.02549282988510514,0.5081670584663901,2.3653846153846154,3.039940828402367,0.8698658900466593,0.45202687175634954,676
imsmetn,immigration,DE,0.04149375647660283,0.2856718441369399,0.04336598654903159,0.26447230075984235,1.7605421686746987,2.9977409638554215,0.6957381626584112,0.3208365090339388,664
imsmetn,immigration,EE,-0.05019934588751401,0.19237359418468727,-0.06822090077433932,0.07630724816715627,2.0502958579881656,3.0059171597633134,0.7121068800641306,0.3398830547484036,676
imsmetn,immigration,ES,0.06750321426094522,0.08058288442535956,0.058969839933721915,0.12700607048103135,1.8926974664679583,2.9880774962742174,0.8179645447062829,0.38226469685674047,671
imsmetn,immigration,FI,0.13373101778367158,0.0004994289944600429,0.14414614687447364,0.00017338827142231034,1.9332344213649852,2.9851632047477743,0.6764951510490699,0.31752111943770195,674
imsmetn,immigration,FR,0.032003735140350674,0.4128047886828209,0.023402028170369762,0.549319065179812,1.9497716894977168,3.04261796042618,0.6998937917613459,0.3679348619861078,657
imsmetn,immigration,GB,-0.052335878084622464,0.18197127039830027,-0.014356892695916647,0.7144333645935202,1.9769938650306749,2.9923312883435584,0.7942331586216752,0.37379947399838764,652
imsmetn,immigration,GR,-0.0626365238488976,0.10294233546957399,-0.0411437153542325,0.2843557840575187,2.069219440353461,3.0176730486008836,0.9389527574289679,0.37192777595420057,679
imsmetn,immigration,HR,0.01660067474188462,0.666346086968528,0.003058552328634249,0.9366872026548192,2.0,3.0088626292466767,0.9003615315938174,0.3958864374262489,677
imsmetn,immigration,HU,0.05668395066888789,0.1424402642121032,0.06569311721918912,0.08906380582938753,2.8733233979135617,3.0327868852459017,0.882865491371537,0.4111844713017343,671
imsmetn,immigration,IE,0.03211803354395545,0.4047774287746393,0.024904951740791145,0.5183113752149309,2.08,3.0355555555555553,0.8644649809356623,0.3248982188642578,675
imsmetn,immigration,IL,-0.15128032275111386,9.21198389688476e-05,-0.1568338696720431,4.996600732020561e-05,1.8054298642533937,3.0105580693815988,1.1303960568982847,0.3943063309789022,663
imsmetn,immigration,IS,0.008023700950271872,0.8358938598660435,0.025342300475452977,0.5128806875011943,1.5994020926756354,3.014947683109118,0.6270353217054625,0.2993268975054243,669
imsmetn,immigration,IT,-0.01142132050694673,0.7665778119569078,-0.018782358387593946,0.6254054801542098,2.1194690265486726,2.9970501474926254,0.8343821149870585,0.42796295394377254,678
imsmetn,immigration,LT,0.007863925232305889,0.8389976971469587,0.0319489276548272,0.4090060262336562,1.9179104477611941,2.994029850746269,0.7909097471531137,0.4017452944575851,670
imsmetn,immigration,LV,-0.05236272109116035,0.1807413064214282,-0.045457943114319055,0.24532398349508477,1.9038167938931299,3.0229007633587788,0.9712538461506797,0.40760448942650235,655
imsmetn,immigration,ME,-0.014898035423122187,0.6998643272542245,-0.004429050449340775,0.9087614495373993,2.21875,2.9776785714285716,0.8429984716764807,0.44128449983370727,672
imsmetn,immigration,NL,0.01092692111293651,0.7777007310732634,0.016716071341912962,0.6658089962294474,2.098507462686567,2.991044776119403,0.6932285200139039,0.31396559144424785,670
imsmetn,immigration,NO,0.01844179809991343,0.6321947029801933,0.042676250092325604,0.2678471983368174,1.6715976331360947,2.9985207100591715,0.6195514202271679,0.34640699828286803,676
imsmetn,immigration,PL,0.03662790726695913,0.34418539383028146,0.03636357017081113,0.34768109376651113,2.2720478325859492,3.022421524663677,0.7762254118000695,0.36432136306274915,669
imsmetn,immigration,PT,-0.03349451544455306,0.38599469618477356,-9.774728868967172e-06,0.9997982004804655,2.3824404761904763,2.962797619047619,0.7993223635448731,0.469755843098806,672
imsmetn,immigration,RS,-0.03179068038700578,0.4152125569787224,-0.0056993133916412985,0.8838973317945652,1.8801213960546281,2.9954476479514414,0.9319796153766903,0.42880044554911795,659
imsmetn,immigration,SE,-0.022876941030877562,0.5544356091021944,-0.027466897666729884,0.47784716716464665,1.7164179104477613,2.9865671641791045,0.6163194226778166,0.37659298817267567,670
imsmetn,immigration,SI,0.07379287600293698,0.055332654116751014,0.08770604030325616,0.02267662369428868,1.8681481481481481,3.002962962962963,0.7441813708617433,0.3313359212212051,675
imsmetn,immigration,SK,-0.017920305716292773,0.6430967742878148,-0.005311909778911606,0.8907601855123028,2.684053651266766,2.9597615499254846,0.8919368276845236,0.4230549201282953,671
imsmetn,immigration,UA,-0.015353564535957095,0.6978021288411186,-0.037003175270223135,0.34923739890657796,1.6806853582554517,2.9781931464174454,0.8880736031203021,0.5114823583329853,642
impcntr,immigration,AT,0.047806185067568154,0.21894758703671718,0.03940115227452283,0.31105499552585564,2.764705882352941,2.9592760180995477,0.8822640794066519,0.7752793595410264,663
impcntr,immigration,BE,0.0069112308325802625,0.8594428289719664,0.03388247389165417,0.38517818942495025,2.0834597875569045,3.040971168437026,0.8143934208337019,0.7416134739607841,659
impcntr,immigration,BG,0.13461544589403182,0.0005099500489207696,0.12195782640319211,0.0016546824788160053,2.806938159879336,2.9004524886877827,0.9765282271113566,0.7728687333128562,663
impcntr,immigration,CH,0.12768962203267936,0.0011239233224144155,0.12745480846282226,0.0011480778620834866,2.183641975308642,3.066358024691358,0.7735450069663585,0.690123082159272,648
impcntr,immigration,CY,0.028205296451354583,0.47318841449539045,0.05335468560486335,0.17459605037791748,3.021571648690293,2.921417565485362,0.7429690987275975,0.8174337816649292,649
impcntr,immigration,DE,0.03565757781857413,0.36039422543345434,0.05464576195408903,0.1608370952149329,2.1515151515151514,2.9757575757575756,0.8029237967841742,0.7115054048574099,660
impcntr,immigration,EE,-0.04910271415042474,0.20807297862511426,-0.024705394658521306,0.5266652918974143,2.748103186646434,3.045523520485584,0.8648709243465775,0.6600109310891693,659
impcntr,immigration,ES,0.021259893049030927,0.5876167799051679,0.021227228370953838,0.5881909337849649,2.0107197549770293,2.9387442572741196,0.8800140839251882,0.7729611716243598,653
impcntr,immigration,FI,0.032634340662587816,0.4007953197512934,0.04572740791325257,0.238957144223509,2.4135338345864663,2.9909774436090224,0.8002994502518268,0.719715749468227,665
impcntr,immigration,FR,-0.01461702380744395,0.7097051233648715,-0.007920324350860654,0.8401516490692547,2.2135176651305684,2.9800307219662057,0.822118318779042,0.7968596048388571,651
impcntr,immigration,GB,0.036923654459198346,0.34653516497733783,0.05121274326017911,0.19154272577538434,2.1395705521472395,2.9539877300613497,0.8783967029037612,0.7666429221279684,652
impcntr,immigration,GR,0.09854488541715571,0.01064523353130178,0.10063136471699137,0.00909438696811053,3.067064083457526,2.976154992548435,0.7707160038391238,0.7285422778180556,671
impcntr,immigration,HR,-0.011670562229053128,0.7643916326640805,-0.023000751304348047,0.5546850118586861,2.299093655589124,2.972809667673716,0.922716715167691,0.7890231939763034,662
impcntr,immigration,HU,0.04592952764769949,0.23759427174669334,0.03188264108960606,0.4124449917793257,3.277526395173454,2.917043740573152,0.7801688012483037,0.7699387955150456,663
impcntr,immigration,IE,0.05665647846408101,0.14626981379380702,0.0662735412157858,0.08914086967341342,2.250379362670713,2.9772382397572077,0.8989079875888081,0.7088868940570799,659
impcntr,immigration,IL,-0.015665071165291887,0.6894801270126553,-0.02290286237107208,0.5590777110567466,3.1607963246554363,3.0168453292496173,0.8965821142504645,0.5207573257266152,653
impcntr,immigration,IS,0.01190083634543439,0.7620120232248793,0.023245500028586757,0.5541281750535588,1.9,2.983076923076923,0.787518190168276,0.641182755033706,650
impcntr,immigration,IT,0.0310057533862319,0.42647769255897316,0.03294585156045439,0.39810009838427796,2.2772727272727273,2.963636363636364,0.8833814627120403,0.756486640676765,660
impcntr,immigration,LT,0.05129671350782243,0.18776974702869473,0.03331078854763138,0.39253229655776384,2.4296520423600607,2.9992435703479576,0.9111920430667154,0.7201111254576193,661
impcntr,immigration,LV,-0.09978096095984182,0.010793574361260196,-0.0971697632282564,0.01305460024080397,2.792944785276074,2.9064417177914113,0.9829948486755605,0.7772622645763603,652
impcntr,immigration,ME,-0.04251844248818631,0.2790682202704414,-0.03332021902766143,0.3963808144001258,2.370769230769231,2.9246153846153846,0.8470419983517183,0.8057059168308631,650
impcntr,immigration,NL,0.02911575045311879,0.45283196239469875,0.026963647219830824,0.48693458824841573,2.3193403298350823,2.9865067466266866,0.815558643212252,0.6875977252079674,667
impcntr,immigration,NO,0.012734634299134222,0.74083605104523,0.002347651337969432,0.9513820905965695,1.8271787296898079,2.9926144756277697,0.7016252385746202,0.6847483366778233,677
impcntr,immigration,PL,0.03051522221426972,0.43488547188473686,0.03713635947881559,0.3419116801748116,2.5266362252663623,2.9558599695586,0.7668671082224967,0.7343073091451722,657
impcntr,immigration,PT,-0.0018431952578891722,0.9622465118434956,0.003063584630539438,0.9372908986566432,2.4697885196374623,2.9637462235649545,0.807393754824388,0.7370977036721713,662
impcntr,immigration,RS,-0.0531286311044437,0.17443784417980687,-0.043672675066242096,0.2643746222807398,2.551145038167939,2.879389312977099,1.063745504000082,0.797043232173068,655
impcntr,immigration,SE,0.048213217331513396,0.21574134549123822,0.0344292010586278,0.37682651304413023,1.8199697428139183,2.9909228441754916,0.6737237085384126,0.7425851007909781,661
impcntr,immigration,SI,-0.016940929797924345,0.6642186903472481,0.004715677147468197,0.9038280827285075,2.2018209408194234,2.9772382397572077,0.8289571348477066,0.7545793062877804,659
impcntr,immigration,SK,0.004522883445128478,0.9071841393434088,0.010993456768817644,0.7768726765922466,2.974512743628186,2.9355322338830585,0.8387810373340051,0.7535978628050118,667
impcntr,immigration,UA,0.0633249821828258,0.1152152257034621,0.07680853218713293,0.05594266348461321,2.388709677419355,2.8758064516129034,1.0719819698513997,0.7598965757089193,620
imdfetn,immigration,AT,0.06856487559647222,0.07548397852334335,0.08670849653391416,0.02448265274841754,2.586924219910847,2.9836552748885588,0.8653076568336969,0.4378318605704892,673
imdfetn,immigration,BE,-0.0011840229174841137,0.9755778857954884,0.004901406408041585,0.8991553352995338,2.0655737704918034,2.9836065573770494,0.7890242927028073,0.4452396170756293,671
imdfetn,immigration,BG,0.04375187179626201,0.2577341539831471,0.06918902954666793,0.07328450710402055,2.7332339791356186,2.9433681073025335,0.9859073268377468,0.5488767200811211,671
imdfetn,immigration,CH,0.030388274744452617,0.4329719071593078,0.0405609975204728,0.2951943055159556,2.1152694610778444,2.995508982035928,0.7140948197121578,0.3693393894872956,668
imdfetn,immigration,CY,0.015869289858578536,0.681787469853756,0.029879177940565035,0.44003649544728884,2.8865671641791044,3.002985074626866,0.7510621322989272,0.5301014228065268,670
imdfetn,immigration,DE,0.009657728568500654,0.8038255890708272,0.020824922084210114,0.5921882203914651,2.0813253012048194,2.9849397590361444,0.752680913581308,0.37623481482034343,664
imdfetn,immigration,EE,-0.051545630852255525,0.18070220223997727,-0.04089052022927972,0.28840368758710366,2.470414201183432,3.0414201183431953,0.815051267666,0.35868119897529666,676
imdfetn,immigration,ES,0.05094499894167082,0.18947645114104417,0.05738328005630783,0.13935131535721773,2.0210526315789474,2.960902255639098,0.8761440568595574,0.5583207646819388,665
imdfetn,immigration,FI,0.09466179797430437,0.014022246270693312,0.10793348825740076,0.005062586884476878,2.3150074294205054,2.9955423476968797,0.7935926680995662,0.43470472162676027,673
imdfetn,immigration,FR,0.14706469518443088,0.00014793192683510618,0.1512138741128937,9.508556028167696e-05,2.167927382753404,3.0514372163388805,0.7942597664095339,0.4707362618804814,661
imdfetn,immigration,GB,0.004891524182957275,0.9007146579376019,0.010532765739742902,0.7882031535701717,2.0382848392036754,3.0321592649310873,0.8083563561306311,0.46392010536980394,653
imdfetn,immigration,GR,-0.06295026610212988,0.10122615769085642,-0.05484611338407858,0.15340671318964788,2.898379970544919,2.996318114874816,0.7963673219417258,0.41937021768316707,679
imdfetn,immigration,HR,0.02219453191688202,0.5645740616594792,0.020687403804618754,0.5913128403978032,2.3165680473372783,3.032544378698225,0.935120857999865,0.4308201028162177,676
imdfetn,immigration,HU,0.007560098207373541,0.8460571330652227,0.016821021138086197,0.6657364968844934,3.2658610271903323,2.960725075528701,0.7614069102172824,0.5026087044398839,662
imdfetn,immigration,IE,0.026806394684139104,0.48785021060811257,0.04396632448657604,0.25505119880771354,2.2425595238095237,3.019345238095238,0.8899696051500748,0.4277074921191425,672
imdfetn,immigration,IL,0.08636547736984669,0.02744208661913929,0.08468136757861972,0.030617091651125968,2.9294478527607364,2.976993865030675,0.9827659337466967,0.3970995223923979,652
imdfetn,immigration,IS,-0.060441845278939976,0.12112374734201958,-0.0366727912080975,0.34724014169550455,1.8861911987860394,3.016691957511381,0.7955655401894998,0.4029080997951131,659
imdfetn,immigration,IT,-0.0028858707770981584,0.940654074377429,-8.239300517178783e-05,0.9983040846547664,2.3622754491017965,2.970059880239521,0.8573951532121418,0.4571622225843978,668
imdfetn,immigration,LT,-0.0729401515932926,0.059926333577759776,-0.0642676963313062,0.09748860270082861,2.3513513513513513,3.0075075075075075,0.9109061701419541,0.447150480906743,666
imdfetn,immigration,LV,0.0025077347063692484,0.9492377846749451,-0.011692879258099876,0.7665754019629809,2.511591962905719,3.0309119010819163,1.0135789059432305,0.46782177876277886,647
imdfetn,immigration,ME,-0.03714827659789915,0.33955355669440734,-0.02034554738663915,0.6010168908478873,2.3438914027149322,2.9939668174962293,0.8332159878738727,0.5185033470978165,663
imdfetn,immigration,NL,0.00203326376920664,0.958042531367708,0.013586352574168372,0.7251689833156766,2.168154761904762,2.988095238095238,0.7242844373633874,0.34937619927680486,672
imdfetn,immigration,NO,0.07206433297801193,0.06073513807621029,0.07424476248366996,0.053320322476227096,1.752212389380531,3.0014749262536875,0.6749054109729782,0.3415978724472417,678
imdfetn,immigration,PL,0.04071516550055642,0.293724124489081,0.0842118384071966,0.029654972729722257,2.6431784107946026,2.9865067466266866,0.8045259191649959,0.49453251003644166,667
imdfetn,immigration,PT,0.051502332163467904,0.18368206618578672,0.0358366296604106,0.3550777520727802,2.502994011976048,3.019461077844311,0.8131177268669029,0.4461176957741023,668
imdfetn,immigration,RS,0.008737503718765097,0.8232500810095512,0.02004203247339557,0.6083718133913741,2.4009146341463414,2.957317073170732,1.0553820271522045,0.5340395931926535,656
imdfetn,immigration,SE,0.03144176698036589,0.41858928937284196,0.018195337884111797,0.6397728660990815,1.7710843373493976,2.9713855421686746,0.6581715374165932,0.41184631060796806,664
imdfetn,immigration,SI,0.012805181721097823,0.7418849249351157,0.01168981097084271,0.7636676168721501,2.197289156626506,2.983433734939759,0.804545083307205,0.4641243577247263,664
imdfetn,immigration,SK,-0.010396409654964207,0.7874577608561125,0.005908485739605888,0.878221801253895,2.997037037037037,2.9096296296296296,0.826125770949805,0.5494634655834637,675
imdfetn,immigration,UA,-0.0728658752571103,0.06586654102722622,-0.0810460911545709,0.04071026616578197,2.2131661442006267,2.956112852664577,1.0248171750944015,0.5472511009254006,638
gincdif,values,AT,0.020334126495943346,0.6006710102523517,0.015735073369820517,0.6854544504636306,1.8135338345864662,3.550375939849624,0.8737109226388534,0.6142906650006855,665
gincdif,values,BE,-0.0060940572454736665,0.8735977736713104,-0.001301430272388321,0.9728974224387141,2.232456140350877,3.6067251461988303,1.0109499133041553,0.5868359015060894,684
gincdif,values,BG,0.053214984885156844,0.16509118053247163,0.05332573590753775,0.1642121550147607,1.595307917888563,3.5234604105571847,0.834555625190917,0.6108714478048142,682
gincdif,values,CH,0.03994270889115045,0.3011743574509835,0.043762487857198336,0.25726292754276964,2.2291666666666665,3.5982142857142856,1.0262634126534076,0.5771581763871815,672
gincdif,values,CY,-0.05531187291474688,0.15360396899082313,-0.052225038387222436,0.17792506519025278,1.881559220389805,3.5472263868065967,0.9215823792249339,0.6117743219884542,667
gincdif,values,DE,0.02114781812300225,0.5836428186917388,0.0278234797075903,0.47082438792989284,2.321958456973294,3.5952522255192876,1.0133837033513617,0.5567695070535369,674
gincdif,values,EE,-0.06034819920574688,0.1180722735455963,-0.0632452174481038,0.10140264395718324,2.4613095238095237,3.5357142857142856,0.98800107370282,0.5766738187298179,672
gincdif,values,ES,0.037153973271168865,0.3376580495608343,0.0458958074483572,0.23617098714243237,2.218562874251497,3.62125748502994,1.0156864285193452,0.5679840777808441,668
gincdif,values,FI,0.10598569959049987,0.00577398504984036,0.11730621668345341,0.002234618988953206,2.295420974889217,3.5302806499261448,1.0095079100467599,0.5660896267357333,677
gincdif,values,FR,0.04055235265690147,0.29169750342966955,0.03109774398566998,0.41883853261054116,2.0988200589970503,3.551622418879056,1.0777589419019575,0.6097354141286115,678
gincdif,values,GB,0.015042625749004297,0.7009953064809883,0.007530206875973955,0.8475796681164698,2.197247706422018,3.6131498470948014,0.9973587215265853,0.6026065273645274,654
gincdif,values,GR,0.02675726176905284,0.4857408813735576,0.023049953949791563,0.5481825122485019,1.6784140969162995,3.6108663729809103,0.8049229842814244,0.5312022834486784,681
gincdif,values,HR,0.03983853911856662,0.30099794785451134,0.013779680998018974,0.7206234904279941,1.9082840236686391,3.6079881656804735,0.9143413816370821,0.5976706189437709,676
gincdif,values,HU,0.052902186519342066,0.16853391946226598,0.0466236646611585,0.22500614685002882,1.8350515463917525,3.5729013254786453,0.9293047589984477,0.574971314391311,679
gincdif,values,IE,0.02406289996975678,0.5325591988494564,0.016830572290734522,0.6624801213087294,2.0933333333333333,3.656296296296296,0.9691992473216753,0.5505065656682298,675
gincdif,values,IL,0.08430029358267178,0.029729004393910304,0.0824973310753281,0.03341742170449957,2.257142857142857,3.6315789473684212,1.031892467946382,0.5713238195498547,665
gincdif,values,IS,0.030501974891113587,0.4264466479735604,0.03772941455639299,0.3251885669408945,2.0762463343108504,3.563049853372434,0.9800020907225712,0.5758080019185213,682
gincdif,values,IT,0.022079040624703332,0.5671790270477913,0.006994578800230054,0.8561674411135969,1.8160237388724036,3.5415430267062313,0.8508250899917981,0.5656549482097838,674
gincdif,values,LT,-0.005757767503862538,0.8808678000741365,0.015759892510129454,0.681632028464216,2.1323529411764706,3.5338235294117646,0.9904464378429628,0.5278991887620449,680
gincdif,values,LV,0.007668460388025831,0.8443468189833139,0.0016314342233213477,0.9666826798819371,1.9407294832826747,3.501519756838906,0.9433645942897954,0.5384719349448294,658
gincdif,values,ME,-0.01807500005367806,0.6414854622313676,-0.04244090250153113,0.2740836339272071,2.3633633633633635,3.5465465465465464,1.1158907336395691,0.5415892196051977,666
gincdif,values,NL,0.021109304763799408,0.5832112580357469,0.026758630576853043,0.48668456263768495,2.327433628318584,3.5825958702064895,1.0163433561533994,0.5964872940616683,678
gincdif,values,NO,0.0949234240534483,0.01293838889430781,0.09365583519442441,0.014201624946555686,2.28029197080292,3.6087591240875914,0.9644135429782612,0.5608413756305027,685
gincdif,values,PL,0.03616120917420788,0.35511420670565336,0.054949172589845045,0.1597943278510465,2.5945121951219514,3.582317073170732,1.1066352577720366,0.5683172939822961,656
gincdif,values,PT,0.02073650719067848,0.5920922673398811,0.05696632207130362,0.14075653192035759,1.7388059701492538,3.555223880597015,0.7489814157242675,0.5932564692380865,670
gincdif,values,RS,-0.04130844134506122,0.29336323987824175,-0.016603589566234776,0.672880440244159,1.9815100154083205,3.431432973805855,0.9982841144307795,0.5921278423523318,649
gincdif,values,SE,0.039238458314676906,0.30834342602978654,0.03779310090757801,0.32651747563577,2.2618343195266273,3.6045857988165677,0.8816275567412865,0.569074341330718,676
gincdif,values,SI,0.0358515804460431,0.3530756668939736,0.0502569249756742,0.192855990857538,2.0653789004457654,3.575037147102526,0.9505037263995256,0.5981875204565406,673
gincdif,values,SK,0.011233438262871943,0.7701439199010257,0.015433989294714599,0.6880843789463836,1.9896907216494846,3.531664212076583,0.8298699431205507,0.5888206545174532,679
gincdif,values,UA,0.03828487694124323,0.33203182400068554,0.04981702833953887,0.20675367186058513,2.12888198757764,3.43944099378882,1.107238164570278,0.5696281272512586,644
freehms,values,AT,-0.047223791262679116,0.2512923319557575,-0.08841860691850001,0.031477391542356896,1.785472972972973,3.8994932432432434,0.8684691664116398,1.0010737450019715,592
freehms,values,BE,-0.02189768288713111,0.5952246891421139,-0.02854327661021764,0.48857747803387636,1.4517766497461928,4.071065989847716,0.8092428293224314,0.9540415622066056,591
freehms,values,BG,-0.007403511490698316,0.8593936512237957,-0.015328334115562019,0.7137814533535719,2.9808695652173913,3.805217391304348,1.2937733251056913,0.9353532078260038,575
freehms,values,CH,-0.03211509081880339,0.4385563991478186,-0.07057787419855562,0.0883693908483011,1.6797945205479452,3.982876712328767,0.8064082696304736,0.9406292984249331,584
freehms,values,CY,-0.020700068852000257,0.6128265151998993,-0.029951217261936437,0.46399379027551046,2.645,3.8933333333333335,1.1752774687483716,1.0101102712851777,600
freehms,values,DE,-0.010109916121542856,0.8035308135803885,-0.019822459069290147,0.6256791337617721,1.550986842105263,3.9539473684210527,0.7174219448438648,1.0385569496121971,608
freehms,values,EE,-0.007230987106646791,0.8597006491959134,0.0039053058417689063,0.9239487083930616,2.25,3.881666666666667,1.0484904483910567,0.9358366341935542,600
freehms,values,ES,0.003383671920266753,0.934137116408728,0.019719959859062452,0.6300372674962027,1.5559265442404007,4.073455759599332,0.8074449366358719,0.9421102998160285,599
freehms,values,FI,-0.024018954715486672,0.5466958083014999,-0.023604388049750468,0.5536410738186892,1.6503164556962024,3.971518987341772,0.8460965996604584,0.8807568976696316,632
freehms,values,FR,-0.08644548300776429,0.04347762094461577,-0.08769593069991374,0.040519736017976815,1.3882783882783882,4.148351648351649,0.7489258138503055,0.9196963165353301,546
freehms,values,GB,-0.10973850751336779,0.006447280291232468,-0.14033050708270053,0.0004824988219496575,1.608130081300813,4.084552845528456,0.749113862602009,1.0029299520167465,615
freehms,values,GR,-0.011996005195576493,0.7704680890303035,-0.03178164145822549,0.43943388208638856,2.223905723905724,3.978114478114478,1.195283408306547,0.9513596272333926,594
freehms,values,HR,0.01747537406211773,0.6744950390547919,0.0027687465595774884,0.9469506797724295,2.546551724137931,3.9689655172413794,1.1180286619121738,0.9580504990551392,580
freehms,values,HU,0.005440652818241987,0.8950841791753326,-0.001805073721644902,0.9651019763324503,2.7559322033898304,4.027118644067796,1.2638732591087658,0.9641855749343955,590
freehms,values,IE,-0.05608262984463417,0.19111588626851775,-0.034067502729393295,0.4273594871870051,1.6311926605504588,4.2605504587155965,0.8256790039676994,0.8983254794485368,545
freehms,values,IL,0.023556161225557634,0.5598487006084947,0.017712772409308762,0.6610940132376399,2.795121951219512,4.160975609756098,1.478502502949338,0.80820649818213,615
freehms,values,IS,0.05922285514981419,0.14906850774349278,0.03135398206735889,0.44523368396069385,1.3109243697478992,4.080672268907563,0.6660085028888649,0.8568674165329705,595
freehms,values,IT,-0.029165654513812568,0.48176946758642425,-0.0418737747839922,0.31239922362831807,2.078767123287671,3.9914383561643834,1.0198515954401048,1.0152838805549003,584
freehms,values,LT,-0.020482248027113088,0.6136364004143575,-0.031037293718607403,0.44416636303361334,2.9885245901639346,3.949508196721311,1.1467951145248692,1.0453469128674011,610
freehms,values,LV,-0.09855546742228895,0.01758740203458404,-0.10063060838774979,0.015332244540596592,2.4948275862068967,3.918965517241379,1.2856216165190968,1.0324538398647045,580
freehms,values,ME,0.021486608876415136,0.6055685370897459,0.002535030175496018,0.9514229199758215,3.360344827586207,3.8448275862068964,1.1589465252628337,1.0008929370472768,580
freehms,values,NL,-0.032209241493934136,0.4305914867217626,-0.05337590110634604,0.19130315133013057,1.399334442595674,4.118968386023295,0.6906032794799031,0.9405173757028047,601
freehms,values,NO,-0.04005995404569295,0.31892096904719147,-0.02678439894053615,0.5052586414967559,1.431561996779388,3.9774557165861513,0.6455072834639735,0.9329837498431042,621
freehms,values,PL,0.019563517119932455,0.6350455551437982,0.024112595945846062,0.5585254667062156,2.299492385786802,4.055837563451776,1.0861140868655044,0.9665221247532014,591
freehms,values,PT,-0.04793738613304935,0.2398401134927469,-0.07357541437299395,0.07100884952765768,1.8988391376451077,4.011608623548922,0.951331631320758,0.994101156335964,603
freehms,values,RS,-0.08233739622410366,0.04172939068700943,-0.09153278935964557,0.023542010720378714,3.1519607843137254,3.7598039215686274,1.3422918373171882,0.9723603964277139,612
freehms,values,SE,-0.02721395608279727,0.494657168075155,-0.032706912332478036,0.4117425966944582,1.389240506329114,3.9533227848101267,0.6322636055840772,0.8765956898195993,632
freehms,values,SI,-0.055675414189981176,0.17944656103292494,-0.05811860840960257,0.16107366810683985,2.3687821612349915,3.9622641509433962,1.0646715410235328,1.0112509786340076,583
freehms,values,SK,-0.030948504710667932,0.4465971055550373,-0.03181621534763388,0.43395003514245545,2.815485996705107,3.930807248764415,1.2059632029692262,1.0058360268705178,607
freehms,values,UA,-0.0702916952109009,0.0999144122482213,-0.08165723759147515,0.05586035094329717,3.0200364298724955,3.604735883424408,1.4069558686002523,0.9715174438057145,549
hmsfmlsh,values,AT,0.02942988684659536,0.45313919132955677,0.06045969657091538,0.12301426833327926,4.174846625766871,2.9079754601226995,1.039960034579033,0.5265289747978085,652
hmsfmlsh,values,BE,-0.044077675327292114,0.25068168747051056,-0.04150941576939812,0.2793836286305296,4.486049926578561,2.9441997063142438,0.9882526724287137,0.4567783424992741,681
hmsfmlsh,values,BG,-0.01666364126905164,0.67489205823443,-0.0013168983220701745,0.9735584837409084,2.790880503144654,2.908805031446541,1.3228382198049595,0.509300418474312,636
hmsfmlsh,values,CH,-0.04836157694211139,0.21537743201813528,-0.025055273773310294,0.5211431091817033,4.334346504559271,2.9483282674772036,0.906969269437028,0.4383502368291778,658
hmsfmlsh,values,CY,-0.019537223594551734,0.6171649013244951,-0.026920971728009054,0.4909179871323873,3.2146118721461185,2.9269406392694064,1.1782710864188022,0.5098020160378909,657
hmsfmlsh,values,DE,-0.011519945342967878,0.7652987259005314,-0.016251328914718997,0.673642843854238,4.462908011869437,2.9332344213649852,0.8837081641082895,0.4625588576844296,674
hmsfmlsh,values,EE,0.035186038760793695,0.3646076565509974,0.022328189372605754,0.5651477115603888,3.674174174174174,2.888888888888889,1.2104158210479992,0.5256972137724213,666
hmsfmlsh,values,ES,-0.008368694878271995,0.8280624702832304,-0.01708450764690907,0.6574710187042986,4.550295857988166,2.923076923076923,0.8954948483656872,0.4714045207910317,676
hmsfmlsh,values,FI,0.15646684632449584,4.114780215484768e-05,0.10308049390966297,0.0070978277558833396,4.4566813509544785,2.9089574155653453,0.8427651440462809,0.46074645280472254,681
hmsfmlsh,values,FR,0.016691370430221873,0.6639347068370843,0.020535939186227505,0.5929382956345628,4.6308823529411764,2.9205882352941175,0.8549875078437283,0.522979687575828,680
hmsfmlsh,values,GB,0.030766761517873487,0.4248407116989386,0.03506024665415455,0.3630950818373764,4.383703703703704,2.911111111111111,0.9046703259890504,0.5875395897597997,675
hmsfmlsh,values,GR,0.044835375777611416,0.25258324923215775,0.03943778028554382,0.31429612322830114,3.4073506891271057,2.908116385911179,1.329032073576625,0.526137364488443,653
hmsfmlsh,values,HR,0.013857898617598214,0.729306527997055,-0.00946800595340945,0.8131057887875864,3.3003194888178915,2.9073482428115014,1.2116368671196738,0.5163350820280445,626
hmsfmlsh,values,HU,-0.03257493154710562,0.40595041198779225,-0.03422001740614681,0.3826445433126229,3.223583460949464,2.9387442572741196,1.305578412763201,0.5069301483369191,653
hmsfmlsh,values,IE,0.03847650387690314,0.32550354279600385,0.0071446377935538395,0.855185997424005,4.323664122137404,2.946564885496183,1.0400123544511943,0.47107426677768344,655
hmsfmlsh,values,IL,0.015881932060098396,0.6831308507001901,0.001178993606894226,0.9758274935613768,3.0799396681749625,2.9004524886877827,1.4793458164651498,0.5320964979796673,663
hmsfmlsh,values,IS,0.007644382973472287,0.8420509526687422,-0.02020515783364696,0.5983698788755029,4.755131964809384,2.907624633431085,0.6251073777048536,0.48347182972868413,682
hmsfmlsh,values,IT,0.0006102368750779891,0.9875250652640691,0.0010269230395533,0.9790084072671842,3.8846737481031868,2.9241274658573597,1.0498481615904733,0.5543505377305683,659
hmsfmlsh,values,LT,0.04561544098468633,0.24225079670938032,0.05291848376866651,0.17483143709346122,3.080424886191199,2.915022761760243,1.1634880224857849,0.5584951484015827,659
hmsfmlsh,values,LV,-0.01089125587194928,0.7866595825841888,-0.006006973732262935,0.8813390487154258,3.05,2.911290322580645,1.3978115829126319,0.5571114165400977,620
hmsfmlsh,values,ME,0.06412059297487065,0.10956147655501855,0.06870298683729661,0.08638455332113854,3.0560897435897436,2.918269230769231,1.1851386187721802,0.46174998754082264,624
hmsfmlsh,values,NL,0.017630755825349398,0.6460314832546644,0.04380328076101884,0.2536463629492307,4.559471365638767,2.8854625550660793,0.8692808130284804,0.5410584388562659,681
hmsfmlsh,values,NO,-0.06282501338574861,0.10090142454001032,-0.0675697620009601,0.07761942914704964,4.575402635431918,2.9180087847730602,0.7628342393010004,0.45211865534955525,683
hmsfmlsh,values,PL,-0.012794932276627669,0.7451127602037301,-0.013280134824002261,0.7358008934161927,3.8040123456790123,2.9058641975308643,1.1989882184222473,0.4992385485524082,648
hmsfmlsh,values,PT,-0.03741614667618368,0.34013653122013426,-0.05500616729428561,0.16064350271488761,3.9539877300613497,2.8865030674846626,1.15378202110718,0.5481447931671799,652
hmsfmlsh,values,RS,-0.05967632957715815,0.1339760024046676,-0.08258209941127505,0.037938546769527515,2.7199367088607596,2.9050632911392404,1.4116499643956977,0.6171143386139292,632
hmsfmlsh,values,SE,0.010229719875535151,0.79017909188612,-0.027183886975446474,0.4794588626265125,4.590574374079528,2.9042709867452134,0.7778076708625777,0.4425349579352434,679
hmsfmlsh,values,SI,0.07609974619277197,0.051211524039064704,0.048692032310839795,0.21260383180183723,3.7336377473363775,2.9208523592085234,1.1345372201646011,0.532315928735973,657
hmsfmlsh,values,SK,-0.03807379344186113,0.345875167837166,-0.031530981020240205,0.4350694534516006,3.0276422764227644,2.8796747967479677,1.2363456721366788,0.5520113281885183,615
hmsfmlsh,values,UA,-0.008416798045713821,0.8352535826928432,-0.03189805590005009,0.43049351186643076,2.5073409461663947,2.964110929853181,1.361958032607972,0.5471411744683851,613
hmsacld,values,AT,-0.04214541817063337,0.2863054477833066,-0.039690998130610534,0.31532309108163875,2.384735202492212,3.4096573208722742,1.2237702955723162,0.7013026931441372,642
hmsacld,values,BE,-0.03417843850808358,0.3810383133914326,-0.03470626663232239,0.3737231602833177,1.8649468892261,3.5007587253414263,1.1584106822388642,0.7842965026111612,659
hmsacld,values,BG,-0.08618189603699904,0.02963698936791985,-0.1293812596141331,0.0010649261249228742,3.7566718995290422,3.2653061224489797,1.2306899330713688,0.8431776386714358,637
hmsacld,values,CH,0.08081180036016178,0.03837633682806081,0.09173650840371814,0.018679076053803433,2.532724505327245,3.4474885844748857,1.282828918939496,0.7555065698455924,657
hmsacld,values,CY,0.0058204568386647825,0.8823472417652249,0.0206830378518627,0.5989223941331809,3.798151001540832,3.4191063174114023,1.273275753256149,0.8127106390437909,649
hmsacld,values,DE,-0.04170463451840292,0.2828647538056725,-0.03230233186558498,0.4056069204498156,1.981954887218045,3.437593984962406,1.0822941515558016,0.7256697678778946,665
hmsacld,values,EE,0.019711232661813474,0.6156615704122392,0.014585880681513603,0.7102957328252721,3.1044546850998462,3.463901689708141,1.3603716016154785,0.7145753873219894,651
hmsacld,values,ES,0.0684347402074079,0.07736650260141874,0.06272378592210942,0.10555887676510599,1.749625187406297,3.4602698650674664,1.0449272617879701,0.7530689476909855,667
hmsacld,values,FI,0.06690782199294584,0.08422543151028584,0.10719651458944036,0.005583462403461728,2.1679160419790104,3.47376311844078,1.1799077452219564,0.7596139119014506,667
hmsacld,values,FR,0.02146786603946198,0.5833897040422101,0.05997263894320511,0.1251954417788846,2.1419847328244277,3.4610687022900763,1.3419800400531723,0.8555961241664669,655
hmsacld,values,GB,-0.02571827087768389,0.5117915808044406,0.021315999466968227,0.5866311899160983,1.992343032159265,3.450229709035222,1.0689150189473824,0.7670680230988676,653
hmsacld,values,GR,0.006264100020245515,0.8719093023460327,-0.013885935846982068,0.7207710942928224,3.857142857142857,3.3398496240601503,1.25836273156815,0.818824076904976,665
hmsacld,values,HR,0.04994848768179812,0.20485152076179586,0.05598185193659756,0.15525181587658848,3.5464396284829722,3.3575851393188856,1.2489417605140083,0.8393406722290345,646
hmsacld,values,HU,0.08521739253894725,0.029952448843336997,0.07217985104587954,0.0661112021306,3.3636363636363638,3.3959938366718028,1.248568203552597,0.8491368020548455,649
hmsacld,values,IE,0.0035979607759218904,0.9272773668900601,0.020723377890497614,0.5990600272460316,2.065015479876161,3.523219814241486,1.150173124713956,0.7585703636235913,646
hmsacld,values,IL,0.00447100392112419,0.9092810621520585,-0.013371156259906536,0.7332668902151578,3.0291411042944785,3.504601226993865,1.4792192480310786,0.7926178178027153,652
hmsacld,values,IS,0.07229507182969007,0.06105942463409252,0.05310055807181551,0.1691527658909546,1.599702380952381,3.488095238095238,1.0223434845547803,0.7117334288745952,672
hmsacld,values,IT,0.06370321985361913,0.10547335830086596,0.07439883059882808,0.058572888775075216,3.1313755795981453,3.3709428129829986,1.276019034121307,0.7516480601465728,647
hmsacld,values,LT,-0.131505302852048,0.000720670638711519,-0.1379038159808116,0.00038864170913496804,3.9224924012158056,3.32370820668693,1.027066808447098,0.7605675121922173,658
hmsacld,values,LV,-0.08646179265552509,0.031079590455870523,-0.07150863261202264,0.07473053042332538,3.770096463022508,3.355305466237942,1.2966721894323843,0.7640023985526659,622
hmsacld,values,ME,-0.035384962137316886,0.3722302603130097,-0.0530640411279662,0.1806874080355212,3.6724137931034484,3.250783699059561,1.125231169522244,0.7722366627819074,638
hmsacld,values,NL,0.07700160755443904,0.0474904518567703,0.08791924737170172,0.023578576291150406,1.808446455505279,3.4962292609351433,1.0477084041250577,0.7493608284982072,663
hmsacld,values,NO,0.006654424486963754,0.8629906169103666,-0.015899680803360548,0.6800856437227977,1.9125925925925926,3.445925925925926,1.0797866058570889,0.6833938438705767,675
hmsacld,values,PL,0.11769399335376765,0.0029752749118090883,0.10886339348739725,0.0060320985694251395,3.6440944881889763,3.4488188976377954,1.313341726086784,0.8207546482976827,635
hmsacld,values,PT,-0.04460463361097969,0.25394272406319035,-0.04881719178623002,0.21177842421852516,2.5701219512195124,3.3841463414634148,1.2665842689280624,0.7747889364909207,656
hmsacld,values,RS,0.04390763486665231,0.2666169777350025,0.037168732833608324,0.34708394868666737,4.059190031152648,3.191588785046729,1.1513749352504299,0.7319695178764193,642
hmsacld,values,SE,0.02735734689475404,0.47796451396539497,0.03233504393596773,0.40160884449991685,1.8207407407407408,3.454814814814815,0.9845314221050592,0.7179056374143012,675
hmsacld,values,SI,0.1140964265021616,0.0037400796330797565,0.08930742413340718,0.02342104119221121,3.1645962732919255,3.392857142857143,1.2987329601419337,0.7804045914600434,644
hmsacld,values,SK,0.020593822104482254,0.6024790475254719,-0.009290337372731192,0.8142535248729756,3.9376947040498442,3.322429906542056,1.1606575871350229,0.7112391784949703,642
hmsacld,values,UA,-0.04450620324685346,0.2720236172714812,-0.07153818022944827,0.07723598492278101,3.635024549918167,3.199672667757774,1.3029666494428198,0.7483752176872542,611
euftf,values,AT,-0.028768997746301,0.46611921833014,-0.04764302550235303,0.227285337852317,4.605590062111801,6.569099378881988,3.0162390648082367,1.2715789511425264,644
euftf,values,BE,-0.06399527380961491,0.09968573391305474,-0.07947964755582625,0.040768174340686386,5.921568627450981,6.590497737556561,2.36985141369711,1.272869427583856,663
euftf,values,BG,-0.052265186484427045,0.19663136801082118,-0.06450233762974099,0.11091413743366765,5.622549019607843,6.678104575163399,2.5872053382762124,1.2752116099915598,612
euftf,values,CH,-0.11598359437254253,0.003063223304934858,-0.08938506946353228,0.0226636056248663,5.067692307692307,6.575384615384616,2.4130556358031967,1.3368120633915617,650
euftf,values,CY,0.004754229347896754,0.9046014507586302,-0.025992725001815032,0.5122329767988674,5.901253918495298,6.65987460815047,2.9799905694711346,1.3930714346108781,638
euftf,values,DE,0.017797292674842927,0.6468646452103619,0.016254234689510684,0.675657119559937,6.178947368421053,6.4488721804511275,2.6581612403040302,1.3874771539068533,665
euftf,values,EE,-0.03459423228555976,0.3756324731283758,-0.03444945139740842,0.3776350542250863,5.753799392097265,6.660334346504559,2.913286495741632,1.2840994134284853,658
euftf,values,ES,0.006327832558436649,0.873258614794284,-0.018797259209568894,0.6355680754061106,6.247648902821316,6.704545454545454,2.364995734611781,1.2254219906752464,638
euftf,values,FI,-0.009968449935031758,0.796753048391679,-0.01988664831551242,0.6073619305564786,5.577611940298508,6.594029850746269,2.088284703565514,1.248662135708633,670
euftf,values,FR,-0.049921359181851116,0.2137550977974544,-0.027672071400228693,0.49089679305373596,5.257234726688103,6.752411575562701,2.704693375226368,1.3284156792232653,622
euftf,values,GB,-0.15639502464944818,0.00020813741863637985,-0.12396200434237258,0.003357178720161228,5.247311827956989,6.547491039426523,2.559830197936104,1.314189572479966,558
euftf,values,GR,0.0020108556158190388,0.9598580318984135,0.019839076082421324,0.6194565706694127,5.14785373608903,6.702702702702703,2.3279147890756238,1.2411504611472615,629
euftf,values,HR,-0.007608421938363504,0.8490823577870624,0.016579920055599492,0.6783671414317975,5.369426751592357,6.609872611464968,2.794473069231123,1.2370018223378543,628
euftf,values,HU,-0.04372659600155287,0.26784849171207176,-0.0050294734677123355,0.8986344404546678,4.487577639751553,6.75,2.7954919889932937,1.2277569984644285,644
euftf,values,IE,0.04269567601235791,0.2908389338142367,0.02722622766537961,0.500699573492553,5.250814332247557,6.6962540716612375,2.5587308847061077,1.1091355659677724,614
euftf,values,IL,-0.04497657498049008,0.3234339095036865,-0.06468347203899587,0.1553618037237274,4.8615702479338845,6.808884297520661,2.457811818891755,1.4010287535827943,484
euftf,values,IS,-0.13729422064617605,0.000527110980462317,-0.13951443242018086,0.0004263758078210453,5.7933753943217665,6.402208201892744,2.383438174206011,1.3773941721230918,634
euftf,values,IT,-0.01399381302049324,0.721350922701669,-0.02363205512262736,0.5469385304668205,4.7607361963190185,6.7530674846625764,2.7070695541218943,1.2173501636497432,652
euftf,values,LT,-0.019144125810287228,0.6269270172982175,0.007545600552829191,0.8480845654043142,6.0819165378670785,6.583462132921174,2.7789173180423252,1.3362608086153183,647
euftf,values,LV,-0.03610443305055065,0.3821683910061358,-0.024139003840742586,0.5590996885622401,4.756802721088436,6.63656462585034,2.6545011078115,1.3415289533901296,588
euftf,values,ME,-0.03364381093584541,0.38817538015114855,-0.011373433123481307,0.7705585626887933,6.068181818181818,6.463636363636364,2.5184996310855747,1.3049033666320882,660
euftf,values,NL,-0.07570178992931907,0.05244318300360571,-0.07821537405038581,0.04506249948925927,5.60882800608828,6.619939117199391,2.307354624270247,1.336796770658776,657
euftf,values,NO,-0.008434719254019934,0.8341102879816642,0.014180063440356704,0.7247629055427395,5.197092084006462,6.642164781906301,2.0986799541043037,1.3111974190914626,619
euftf,values,PL,-0.04194738178505526,0.28744959583783736,-0.045716347791756894,0.2462909925126386,5.685271317829457,6.525581395348837,2.7349560494496794,1.3711920206219494,645
euftf,values,PT,0.01769434513357712,0.6669236614841106,0.018425766288407277,0.6540326712583802,6.257575757575758,6.6826599326599325,2.255811647132161,1.2485616664458505,594
euftf,values,RS,-0.012374970546712022,0.7624615997286623,-0.003924079478029428,0.9236480053023643,4.76126878130217,6.664440734557596,3.5557813481986873,1.2155297974016788,599
euftf,values,SE,-0.0789570038530001,0.04552029244879666,-0.0848351626264708,0.031617268631289275,5.183800623052959,6.5046728971962615,2.079658380712474,1.3733512204036171,642
euftf,values,SI,0.050355379398816874,0.2076016623068532,0.028149348159120034,0.4813363792056547,5.660828025477707,6.667197452229299,2.529808374908814,1.240880139561855,628
euftf,values,SK,0.11988922808461383,0.002438561612927956,0.13875696075300156,0.00044442578665652093,4.213500784929356,6.427001569858713,3.0304959152803406,1.3585598489595807,637
euftf,values,UA,0.04191761362593924,0.3098211466403817,0.019820096812964736,0.6311949452866553,6.407470288624788,6.432088285229202,3.3294723721262183,1.4842045508133466,589
atchctr,attachment,AT,-0.030404031760304977,0.4275942644040781,-0.04502494839657954,0.23994081358722275,8.363103953147878,7.100292825768667,1.8499228087325175,1.013385445304454,683
atchctr,attachment,BE,0.05495991655395499,0.15164754476317752,0.06098226079394111,0.11158272100209206,6.350439882697947,7.217741935483871,2.416671436939499,1.0166855557191692,682
atchctr,attachment,BG,-0.009991375737610188,0.7943658871014868,0.00048583829968716554,0.9898880635296717,8.0,7.294289897510981,2.351139986801436,0.9362743057780949,683
atchctr,attachment,CH,0.07298484741103353,0.056773102968044886,0.06251305325755811,0.10286133668871077,7.803519061583578,7.249266862170088,1.8352365855368886,0.9691456138771588,682
atchctr,attachment,CY,0.08121242807275501,0.03357309932936007,0.09834490896528582,0.010010180691618575,8.246715328467154,7.552554744525548,2.1176317421023496,0.9658708378630798,685
atchctr,attachment,DE,-0.03999196067684673,0.29699616274884955,-0.037341189465079416,0.3301952004137939,7.140762463343108,7.080351906158358,2.256817637629155,0.973161669589328,682
atchctr,attachment,EE,0.08090938252177353,0.03450661240742179,0.09902222281493332,0.009611543418004364,7.856515373352855,7.3469985358711565,2.1721843630367514,0.8343446573983868,683
atchctr,attachment,ES,0.0004825102251940131,0.9899573283415639,0.026681351577626394,0.4863384630446701,7.720351390922401,7.281112737920937,2.3265606232852343,0.9045553940354142,683
atchctr,attachment,FI,0.026644181259720536,0.4863067429124514,0.018614744898586645,0.6267212679302667,8.645255474452554,7.303649635036496,1.5535269626944588,0.981436526140485,685
atchctr,attachment,FR,0.06219153715605149,0.1043917233764186,0.0740312041719197,0.05313012783678373,8.1303074670571,7.306002928257687,1.72501121396836,0.9261953424133207,683
atchctr,attachment,GB,0.0905723934626703,0.019214856671254832,0.05500167845124081,0.15561662818748778,6.610778443113772,7.077844311377246,2.692875378459318,1.0771944902048614,668
atchctr,attachment,GR,-0.02803244864743167,0.46452914737674517,-0.0668267883988803,0.08094632488238085,8.773060029282577,7.363103953147877,1.6036177503860072,0.8388917242141707,683
atchctr,attachment,HR,0.061557811874617625,0.1084976687397549,0.09165335675363727,0.01673734688114496,7.790014684287812,7.495594713656388,2.3031219540176706,0.8803298046261923,681
atchctr,attachment,HU,0.03134229291576509,0.41484259930090206,0.04186243420848153,0.27602010018070866,8.185567010309278,7.253755522827688,1.9350129605189088,1.0463928230558337,679
atchctr,attachment,IE,0.007488436878345004,0.8451196712476952,-0.0025196905872128168,0.9475929810149158,8.046852122986822,7.341142020497804,1.9429173321645088,0.9154217248602189,683
atchctr,attachment,IL,0.11811116996482261,0.0023537626300370804,0.13354131794957236,0.000576859365533705,7.532526475037821,7.74054462934947,2.9890078116595227,0.8640579069517329,661
atchctr,attachment,IS,0.0005508720523055867,0.9885430056675268,-0.025834236195954256,0.5006042887898449,8.127565982404692,7.538856304985337,1.7693348757074512,0.9333283311575798,682
atchctr,attachment,IT,-0.0334886301648794,0.3839580417905688,0.003463726449758327,0.9282682551851833,7.84070796460177,7.399705014749262,2.150468486685165,0.8990228907289173,678
atchctr,attachment,LT,0.05039465114844886,0.18803410798371067,0.0655856456490305,0.08652952856862683,7.771929824561403,7.36593567251462,2.325119387237383,0.9532224003932169,684
atchctr,attachment,LV,0.007746111533888221,0.840559099182167,-0.012501069534153857,0.7454234761560908,8.19202363367799,7.255539143279173,2.260097960784008,1.079866669539943,677
atchctr,attachment,ME,0.009084414273350657,0.8126687836171861,0.022816427524765457,0.5516590531058567,7.448023426061494,7.461200585651538,2.5077313974813484,0.8928863666850183,683
atchctr,attachment,NL,-0.048385701807143966,0.20660769253008257,-0.022066056158860738,0.5648220116695467,7.0175695461200585,7.170278184480234,1.9524363175193606,1.0266154904905604,683
atchctr,attachment,NO,0.031515591070059176,0.41123165807588946,0.04649213238032023,0.22529174379385603,8.419354838709678,7.321847507331379,1.6982605405607227,0.9040652778635057,682
atchctr,attachment,PL,0.021654562194962354,0.57266908750019,0.04695713641868706,0.22102152567280767,8.31424375917768,7.267988252569751,2.0525277943005875,1.0141224429394902,681
atchctr,attachment,PT,-0.019046901975410722,0.6189950510367541,-0.02905338896979791,0.44808284296590145,8.383040935672515,7.432748538011696,1.9411711287717186,1.0050432365782629,684
atchctr,attachment,RS,0.0711605610655853,0.06326658520044492,0.1050203900227964,0.006047682325916662,8.02492668621701,7.326979472140763,2.720071759422659,0.9288835432259951,682
atchctr,attachment,SE,0.0475196293435407,0.21418563423265,0.03839325657085086,0.31567637212270455,7.835036496350365,7.161313868613139,2.1529115075154355,1.003593555983434,685
atchctr,attachment,SI,-0.057707927894951494,0.13304206923067294,-0.02867345067614646,0.45570435417948163,7.812960235640648,7.329160530191458,2.2483182669252844,0.9400798791628284,679
atchctr,attachment,SK,0.048131767211703494,0.20967299064036232,0.056208169138482506,0.14284700680443804,7.5506607929515415,7.276064610866373,2.394387494637251,0.9248210106294352,681
atchctr,attachment,UA,0.06521408715755013,0.09166710506589824,0.06032273522704282,0.11877868037790379,8.4,7.655970149253731,2.2246075887146515,1.1972509114621663,670
atcherp,attachment,AT,-0.06623714826465936,0.0836680504017394,-0.060083555464725,0.11669896006466238,6.472913616398243,6.902342606149341,2.4561398623284303,1.1289162866021827,683
atcherp,attachment,BE,-0.0027895826458056005,0.9419889006887647,0.009390622345412318,0.8064774011765484,5.7862371888726205,6.717423133235725,2.4437335713423978,1.345658090326926,683
atcherp,attachment,BG,0.04434949443597889,0.2505757822680305,0.02687930097740301,0.4863418507405377,4.566121842496285,6.891530460624072,2.761692560841721,1.2553941491344018,673
atcherp,attachment,CH,-0.03118092602596794,0.4172501357777364,-0.008623483861393054,0.8225256779213962,6.101620029455081,6.899116347569956,2.2849992473574665,1.2428791093841638,679
atcherp,attachment,CY,0.006962328024003468,0.8568234624927373,0.019816081134589603,0.6075660216177845,5.222551928783383,7.089762611275964,2.632130084663207,1.1785725380165288,674
atcherp,attachment,DE,-0.03381541412279522,0.37827608199706614,-0.035586309872131315,0.35379820580452126,6.544787077826725,6.703377386196769,2.399412916590923,1.2497542299633928,681
atcherp,attachment,EE,0.03354085717243117,0.38462859466388466,0.0501464475697842,0.19350532231994957,5.749258160237389,7.059347181008902,2.6366444491218135,1.1262279827735746,674
atcherp,attachment,ES,-0.01591129658682767,0.6791912985051566,-0.036784357287672494,0.3388887003297188,6.674041297935103,6.682153392330384,2.282475504064036,1.3317806385430837,678
atcherp,attachment,FI,0.008033581680371778,0.8337626326303983,0.03967537159216473,0.29977516691667094,6.905109489051095,6.945985401459854,1.9197466164387307,1.1365160803772911,685
atcherp,attachment,FR,-0.05430721188198788,0.15841708707047653,-0.0517650778443306,0.17885056464942015,6.15680473372781,6.8076923076923075,2.4703811966231872,1.2104483405685618,676
atcherp,attachment,GB,-0.0012675767416135278,0.974011922101912,-0.0015273306283683115,0.9686888992720039,4.6968325791855206,5.986425339366516,2.7526596170605995,1.614173358565294,663
atcherp,attachment,GR,-0.007473048441896753,0.8463337821713495,-0.047617196949302006,0.21662995494960283,5.208888888888889,7.034074074074074,2.423165483297848,1.1310405232033185,675
atcherp,attachment,HR,-0.015577255708853495,0.686224936447615,-0.011523230323063967,0.7650641565272591,6.023703703703704,7.042962962962963,2.6972952549718543,1.1895652112437118,675
atcherp,attachment,HU,-0.03098316157046174,0.4202118905105779,-0.016050014702285564,0.676326158699853,7.247422680412371,6.875552282768778,2.3431419385275425,1.3224486584064001,679
atcherp,attachment,IE,0.004906682242721628,0.8982991734672993,0.010593724365277257,0.7825838136672147,5.939794419970632,6.549192364170338,2.396238342270822,1.3154075949616473,681
atcherp,attachment,IL,0.04212119068277552,0.27990119767939153,0.049651620428266034,0.20268429835785737,2.456060606060606,6.192424242424242,2.3687795329738366,1.6437503480441231,660
atcherp,attachment,IS,-0.032280629710425515,0.401006123371098,-0.03391744526132643,0.37754233501113604,6.297496318114875,6.555964653902798,2.186680565016985,1.4376794966305935,679
atcherp,attachment,IT,0.006967264603165131,0.8570399958624091,0.034851361279961045,0.36739231960374746,5.770491803278689,6.928464977645305,2.2805654371213326,1.2195951854238016,671
atcherp,attachment,LT,0.02622199919661812,0.500294479260882,0.04917409886046133,0.20603298256119512,5.880844645550528,7.082956259426847,2.7243965287044865,1.0689502754746578,663
atcherp,attachment,LV,0.025416094767274383,0.5132415830941831,0.03393595395907833,0.38262372226569774,5.23644578313253,7.098644578313253,2.81877941023627,1.0845054200947566,664
atcherp,attachment,ME,-0.007210492222714159,0.8515600580687674,-0.001921948390127363,0.9602194303276792,4.865384615384615,6.9948224852071,2.4125443768706867,1.2324212114840807,676
atcherp,attachment,NL,-0.09431148731383973,0.013672863753797927,-0.07916253111338142,0.03861068990369585,5.815519765739385,6.747437774524158,2.150753632658035,1.3107289145908851,683
atcherp,attachment,NO,-0.02285071149141798,0.5513540032288134,-0.01589171059186023,0.678669830875936,6.681818181818182,6.873900293255132,2.134244440670368,1.1852343059868036,682
atcherp,attachment,PL,-0.0008066501679385411,0.98337278090251,0.03607299667128748,0.35118859446262285,6.867164179104478,6.976865671641791,2.355916005955124,1.226203333754514,670
atcherp,attachment,PT,-0.02574311695768275,0.5049617117358574,-0.00046432977012066654,0.990406974436841,6.7518573551263,6.855869242199108,2.2010414804518748,1.2624495018739232,673
atcherp,attachment,RS,0.014961528126966942,0.7001503550732933,0.010056534440786306,0.7957490639730381,3.550375939849624,6.873684210526315,3.0568317734194177,1.324803619047927,665
atcherp,attachment,SE,-0.04644216612933737,0.22545000590793696,-0.04827228528258057,0.20767489415164647,6.617862371888727,6.600292825768667,2.2253083344509297,1.3382375273183886,683
atcherp,attachment,SI,0.018848940553414746,0.6241800548558181,0.018876595013086892,0.6236713871000009,6.002949852507375,7.032448377581121,2.663832408834302,1.0865677370093516,678
atcherp,attachment,SK,0.08876632712673753,0.020892354507752307,0.10477684022160214,0.006358679621604038,5.977843426883308,6.92466765140325,2.8086583299685723,1.209649351499102,677
atcherp,attachment,UA,-0.07409121679456754,0.060023764920791034,-0.08067328343062902,0.04053918915069078,5.626356589147287,6.731007751937985,3.148733339429217,1.606266767059086,645
health,health,AT,-0.11809359509957974,0.0019615028810418206,-0.11178627569353407,0.0033943111012967697,2.102189781021898,3.4870154095701547,0.9309860170434934,0.5590469038991611,685
health,health,BE,-0.024588545425188308,0.5205709053855929,-0.03658711259688977,0.33899764559843487,2.0934306569343066,3.55007299270073,0.8446775553136187,0.5880977068420955,685
health,health,BG,-0.14419450259301336,0.00015776692853349458,-0.15762050423902815,3.5557177332524016e-05,2.0542521994134897,3.4764662756598237,0.8813558076339401,0.5618889681399577,682
health,health,CH,-0.04006161234675353,0.29509121678976546,-0.04149529784118041,0.2781345116222725,1.8773722627737226,3.5307299270072994,0.7411261287413943,0.5548768830258791,685
health,health,CY,-0.01743770607079941,0.648925313834391,-0.026850321505877038,0.48325993205699147,2.0423976608187133,3.5296783625730996,0.9813565683558322,0.6126563256925353,684
health,health,DE,-0.057222560770608,0.1349008494905874,-0.06698335825907535,0.08001407127689227,2.31140350877193,3.4875730994152048,0.8831189343283397,0.5418832344184679,684
health,health,EE,-0.09015653773492067,0.018268985290005712,-0.08459216341991466,0.026834650549151063,2.370802919708029,3.4529927007299275,0.79270804858022,0.554581351194612,685
health,health,ES,-0.07858171081005784,0.039772468715833266,-0.0785714066401379,0.03979853860103011,2.2846715328467155,3.44934306569343,0.9578004247480268,0.6045238863848855,685
health,health,FI,-0.07613857687514212,0.04637215496488848,-0.09025634032130013,0.018140188767304805,2.2554744525547443,3.446131386861314,0.8274281746561418,0.5725727413314083,685
health,health,FR,-0.053809443834268875,0.16041419024061787,-0.0748658274134686,0.0506672219816663,2.196480938416422,3.5409824046920817,0.8984172362956573,0.6406586664175261,682
health,health,GB,-0.021465628208951364,0.5751815449989579,-0.02385790797747795,0.5333419064097584,2.236842105263158,3.4706871345029238,0.9677308736662305,0.5533801060719199,684
health,health,GR,-0.0669650868260247,0.08009660271116485,-0.07528508073948566,0.04905045473172253,1.6666666666666667,3.511842105263158,0.8026311052213302,0.6020147711609746,684
health,health,HR,-0.06965987178487783,0.06864912265763923,-0.07900825879849431,0.03884880216345602,2.1271929824561404,3.535526315789474,1.0699777713693281,0.6834175922931794,684
health,health,HU,-0.06348897536125173,0.0973433978700789,-0.08854824501784965,0.020642910546840143,2.206442166910688,3.4385797950219623,0.9564502848084963,0.6022086942569558,683
health,health,IE,-0.03971557734585175,0.2992852965999826,-0.047266859038372286,0.21663579339675754,1.9372262773722628,3.550948905109489,0.8379701961292465,0.5583063402897352,685
health,health,IL,-0.11297716100123838,0.0031542625346245613,-0.1359679681742598,0.0003733542596609786,1.7342143906020557,3.656534508076358,0.9843576620874414,0.5913200853114459,681
health,health,IS,-0.05693873615744311,0.136562286856651,-0.050163664247346425,0.18974407842272595,2.0189781021897812,3.5467883211678837,0.9054362173404771,0.5546361410746802,685
health,health,IT,-0.12700026266881684,0.0008642816713512962,-0.14931697838804223,8.74988445460342e-05,2.1708029197080294,3.5381021897810223,0.8592598970926647,0.6224075271820374,685
health,health,LT,-0.08983647854713737,0.018687429793068512,-0.10031492515947399,0.008605837623602414,2.394160583941606,3.5036496350364965,0.810725473195796,0.6039113204046421,685
health,health,LV,-0.13031726680785005,0.0006518793919195157,-0.12988778258636996,0.0006794863839709163,2.7841409691629955,3.522907488986784,0.8342562048870771,0.5895257854608604,681
health,health,ME,-0.030691218561176247,0.4229000018594304,-0.04532657596264301,0.23645894874416215,2.1052631578947367,3.464400584795322,0.8729051917810602,0.5703838247402181,684
health,health,NL,-0.12925901891485853,0.0006961535169469751,-0.12378587296500218,0.0011688974586132868,2.1343065693430656,3.4967153284671535,0.73512917632062,0.551546350224513,685
health,health,NO,-0.01311011580943538,0.731965147680488,-0.04109918884144781,0.28275185371934203,2.013138686131387,3.5168691707618134,0.8941670564777502,0.5614448156419584,685
health,health,PL,-0.05025257631398468,0.18928371032149172,-0.04431654446784062,0.24707759336733157,2.2002923976608186,3.5058479532163744,0.8184905057092986,0.6016225111769081,684
health,health,PT,-0.06426654995959706,0.09354552394744309,-0.08334079828032502,0.029536547998082766,2.4750733137829912,3.487096774193548,0.8954742189751798,0.5848132495733231,682
health,health,RS,-0.04575435811954343,0.2324029211723994,-0.062394729387317986,0.10326191094147204,2.3865300146412882,3.4718887262079066,1.0260221826350007,0.5615427841673578,683
health,health,SE,-0.08988011546527233,0.018716453606656396,-0.08177462619709627,0.03248797720213536,2.077485380116959,3.4766812865497077,0.8460512661934425,0.5682620579463468,684
health,health,SI,-0.03860920604309511,0.3140259680777912,-0.04284490407089671,0.26384006993012643,2.1774193548387095,3.50623981753014,0.8950280826975231,0.5675051803050706,682
health,health,SK,-0.10467708861236331,0.006178137512876038,-0.10804984495382587,0.00469993182882816,2.3938506588579793,3.4612005856515373,0.8790942525902717,0.558697972535954,683
health,health,UA,-0.10049753168870604,0.008581901683742173,-0.10210129640352562,0.007575262106657879,2.7540263543191803,3.45519765739385,0.8670207419931583,0.5986838549977554,683
rlgatnd,religion,AT,-0.03832421469147617,0.3183272558322876,-0.05205822176093334,0.17512007193415477,5.411764705882353,3.0691176470588237,1.2938656004306714,0.5450965927403472,680
rlgatnd,religion,BE,0.027836367974060767,0.4676601936642767,0.004255861956587654,0.9116000005772205,6.168374816983895,3.1068814055636897,1.3306872609967235,0.5822366337194375,683
rlgatnd,religion,BG,-0.06341454419264904,0.09823141734547577,-0.04629877750627771,0.2275710683800279,5.3039647577092515,3.1350954478707784,1.2579624603688822,0.5708239900713812,681
rlgatnd,religion,CH,-0.034906239633463454,0.3627243393873541,-0.03645636385911273,0.3417910968091874,5.717008797653959,3.1495601173020527,1.322116566083751,0.5770257275141223,682
rlgatnd,religion,CY,-0.018187470233197892,0.6351542048317922,-0.027641244610611498,0.4707875029851358,4.320644216691069,3.165446559297218,1.3874061309002539,0.5365040234281254,683
rlgatnd,religion,DE,-0.04407590233076769,0.24930882149257827,-0.07207800692765458,0.05936647637155471,6.0510948905109485,3.086131386861314,1.2218835993892017,0.5433250566789453,685
rlgatnd,religion,EE,-0.034078923125268355,0.3735153854561926,-0.02842232637494659,0.45800818999272835,6.007309941520468,3.0657894736842106,1.085619733334903,0.5274867531927849,684
rlgatnd,religion,ES,0.03454741956589686,0.36732951438399275,0.012299396944362382,0.7483171654864353,5.844802342606149,3.0980966325036605,1.5170338053076198,0.5986636212523112,683
rlgatnd,religion,FI,0.009449585993984154,0.8051464221406499,-0.008084431776095354,0.8328466516870218,5.847953216374269,3.128654970760234,1.1480374331996788,0.5911479298145353,684
rlgatnd,religion,FR,-0.031360991600531817,0.4142194404445025,-0.05815074978464317,0.12980323596645119,6.1647058823529415,3.1,1.2620861596922381,0.5655812759241541,680
rlgatnd,religion,GB,0.048732711335979326,0.20369954931093467,0.039678728147862684,0.3007988467875266,5.900293255131965,3.1730205278592374,1.5391226696690687,0.661044847439935,682
rlgatnd,religion,GR,-0.06616379183028666,0.08469776854494956,-0.06657369767760851,0.08278322227144685,4.538235294117647,3.1691176470588234,1.1983087507320118,0.611080154489532,680
rlgatnd,religion,HR,0.03784818871112425,0.32366672688854115,0.040621266777602,0.2894536458798762,4.961876832844575,3.1158357771260996,1.4261089652252996,0.5444270771196854,682
rlgatnd,religion,HU,-0.08134757939498087,0.034461635299205595,-0.08085401531082058,0.03557466732506205,5.563609467455621,3.1301775147928996,1.4423565043971969,0.5504804348771674,676
rlgatnd,religion,IE,-0.08257286951153117,0.031073627081156997,-0.08308649816716882,0.03003816404936916,4.8841642228739,3.1510263929618767,1.6534789442565965,0.5492543089726311,682
rlgatnd,religion,IL,-0.02310783329445101,0.5468829426994455,-0.027682293049040744,0.47045504589959347,5.134897360703812,3.101173020527859,1.9821484668197247,0.4907650259497055,682
rlgatnd,religion,IS,-0.0012465786625290938,0.9740583553728618,0.0007354858578719234,0.9846925825510471,6.108345534407028,3.115666178623719,1.1639643241438242,0.5651958006673208,683
rlgatnd,religion,IT,-0.030021366062702132,0.4344512606019445,-0.050732831276681434,0.18637888599323446,4.695588235294117,3.1544117647058822,1.619099353590773,0.5464933933927455,680
rlgatnd,religion,LT,0.00545282815605849,0.887051158880305,0.02509341319736625,0.5132812126046477,5.12481644640235,3.0631424375917766,1.184700633602654,0.5993683871420196,681
rlgatnd,religion,LV,-0.004370685889991205,0.9092915448217392,0.022343936345347464,0.5602184091654075,5.790322580645161,3.1466275659824046,1.2256534287909395,0.5570760188264098,682
rlgatnd,religion,ME,0.06220481016997959,0.10663679578129946,0.07952339863791187,0.03901914651910128,4.244807121661721,3.1186943620178043,1.6796159368389938,0.5178886887789635,674
rlgatnd,religion,NL,-0.014188303544778512,0.7110753604152459,-0.02753878963479475,0.47210896722595647,6.165204678362573,3.0804093567251463,1.4552031507234968,0.5734198931929335,684
rlgatnd,religion,NO,-0.036468520395300234,0.34198552077489003,-0.04117813360284719,0.28324209958876595,6.07488986784141,3.1160058737151246,1.183949408162513,0.5421031158375156,681
rlgatnd,religion,PL,-0.06341326926686648,0.10049621141183104,-0.06703449872760359,0.08248408554943135,4.380952380952381,3.130952380952381,1.4843827795346862,0.5466006457967103,672
rlgatnd,religion,PT,-0.024274993207805542,0.5265113270778878,-0.016754839864888824,0.6620358458320331,5.265007320644217,3.103953147877013,1.6721952816772423,0.6074070249752987,683
rlgatnd,religion,RS,-0.029760949800532906,0.4384493124276562,-0.03153210843107941,0.41167580108544644,5.08235294117647,3.139705882352941,1.1812154166457225,0.5791262795648098,680
rlgatnd,religion,SE,0.0029745058017310345,0.9381507645881315,0.0025128149427067485,0.9477357829380267,6.039531478770132,3.102489019033675,1.1801962223607125,0.5149178801190908,683
rlgatnd,religion,SI,-0.04969778239697861,0.19454936763087952,-0.050530107703579415,0.1871720557062423,5.427525622254758,3.1486090775988287,1.3928822615631018,0.5590709965770573,683
rlgatnd,religion,SK,-0.010141782725108914,0.7926939238532835,-0.009360909480438835,0.8083326637739031,4.713649851632048,3.1142433234421363,1.6756868239305578,0.5203200296704984,674
rlgatnd,religion,UA,-0.022851139810893862,0.553403994436182,-0.016874010007521235,0.6616630368427797,4.952592592592593,3.08,1.4659756187542288,0.6395473176500338,675
aesfdrk,safety,AT,-0.015433091018811134,0.687665145495611,-0.017126417228791824,0.6554944910522673,1.7738619676945668,2.870778267254038,0.7408011789956982,0.3730409367189741,681
aesfdrk,safety,BE,0.0610295000355076,0.11130514449350666,0.05804893882803217,0.12991125759481822,1.967741935483871,2.9120234604105573,0.7541274801777509,0.32111545589192303,682
aesfdrk,safety,BG,-0.04573640731877876,0.23570019960072414,-0.05493859794236712,0.15423884274171423,2.4718100890207717,2.7997032640949553,0.8584553595244643,0.46570329095335267,674
aesfdrk,safety,CH,0.013940478926094015,0.7159015650453481,0.008919660789882003,0.8158721711977646,1.641812865497076,2.9298245614035086,0.6836772418903135,0.2775957723152037,684
aesfdrk,safety,CY,0.01628217671233619,0.6716867588928732,0.013354603676165516,0.7281253886843638,2.213235294117647,2.8808823529411764,0.8068930597950521,0.3667945586960177,680
aesfdrk,safety,DE,0.045243124577729395,0.23801336282144694,0.049481919609048935,0.19682611580007994,1.9134897360703813,2.8621700879765397,0.7624597863093132,0.3774946164095599,682
aesfdrk,safety,EE,0.015212540164704441,0.691898681544316,0.04644897328003645,0.22606486040303359,1.7533039647577093,2.8766519823788546,0.6354191137482492,0.34649243799537116,681
aesfdrk,safety,ES,0.02816352701715835,0.4624425754176163,0.03488398211824777,0.36267775492783805,1.8799414348462664,2.8638360175695463,0.7621500664815433,0.3985618384300468,683
aesfdrk,safety,FI,0.018390584635545777,0.6308795634926192,0.015374725507182893,0.6879166730934911,1.6379562043795621,2.8627737226277374,0.6261984284261259,0.37677596987100026,685
aesfdrk,safety,FR,0.020890429778110287,0.5879545933690161,0.04263774339322834,0.2686352009329592,1.9585185185185185,2.903703703703704,0.8620231176533039,0.3545815872112222,675
aesfdrk,safety,GB,-0.05235655392316573,0.17361078692939905,-0.07746565698930398,0.04391512484262065,1.9881831610044314,2.911373707533235,0.7843754019193533,0.34973029010447365,677
aesfdrk,safety,GR,-0.007728116831492683,0.8401123136960619,-0.010798252311175772,0.7780181758588044,2.1973684210526314,2.8362573099415203,0.8368833479954749,0.4289331290024786,684
aesfdrk,safety,HR,-0.02180109710743084,0.5712125087404898,-0.02185787636456028,0.5702102853048137,1.602658788774003,2.8877400295420976,0.6250623805321506,0.34715292199590514,677
aesfdrk,safety,HU,-0.0770824071840424,0.04497354924681876,-0.0679110010559496,0.0774352671381684,1.8685376661742983,2.821270310192024,0.6048373201615668,0.40952727028652874,677
aesfdrk,safety,IE,0.04482236093074839,0.24450118947856847,0.03248584691101598,0.39906546151222805,1.9215976331360947,2.905325443786982,0.8081480195884662,0.32646440087786527,676
aesfdrk,safety,IL,-0.08583983648009226,0.025084750059260235,-0.09503511096259112,0.013097922822018779,2.001468428781204,2.8560939794419973,0.8702590313937457,0.3908836331752556,681
aesfdrk,safety,IS,0.040272066224906,0.2932679824404668,0.022775340859987864,0.552375882917177,1.439238653001464,2.904831625183016,0.6500940650406797,0.33886574569065975,683
aesfdrk,safety,IT,-0.007917621394484734,0.8373160296950057,-0.015437076279247348,0.6889005780932265,2.2325925925925927,2.8518518518518516,0.782299512112388,0.41697153370304835,675
aesfdrk,safety,LT,0.006837948771181242,0.8594580866936058,0.0049546496392538315,0.8979142745398008,2.1069836552748886,2.8291233283803865,0.6729213771251261,0.4214296507618873,673
aesfdrk,safety,LV,0.05184387246387249,0.18111636190921443,0.04452266796212685,0.2508569629936864,2.110944527736132,2.847826086956522,0.7728405009192716,0.4032606364127429,667
aesfdrk,safety,ME,-0.02372687348405095,0.5401177167634609,-0.02111624853908586,0.5856077843415118,1.9282511210762332,2.8729446935724963,0.6595181213679148,0.3921007045460162,669
aesfdrk,safety,NL,0.019146592890081963,0.6179365874647311,0.0008983006947459626,0.9813320237005377,1.8223201174743024,2.8597650513950073,0.6614386439625711,0.4100888756043571,681
aesfdrk,safety,NO,0.029887198030621225,0.435494733044697,0.049074603304321646,0.20021069273719086,1.418740849194729,2.9019033674963395,0.6105621143659214,0.32588144764805904,683
aesfdrk,safety,PL,-0.05802826293606979,0.13261940614198964,-0.04483076586519898,0.24546599753309933,1.762258543833581,2.846210995542348,0.6025261392933962,0.40885445010053806,673
aesfdrk,safety,PT,-0.021728684633273307,0.5713554457744858,-0.0022936530860855997,0.952358542180774,2.0176211453744495,2.8120411160058736,0.6793038675684042,0.47269761328052595,681
aesfdrk,safety,RS,0.04902531164728699,0.20299508845794598,0.05197534163160283,0.1770896580492747,1.7041420118343196,2.8084319526627217,0.7431947079176732,0.43451452325354506,676
aesfdrk,safety,SE,-0.009493726331926248,0.8045362484892824,-0.0014113917385231186,0.9706515836674822,1.6466275659824048,2.8936950146627565,0.7329433384972659,0.3417646367108419,682
aesfdrk,safety,SI,-0.022908060436228294,0.5518257155008958,-0.043495762933701915,0.2584048058856495,1.58493353028065,2.896602658788774,0.6012392552261909,0.32807982259340546,677
aesfdrk,safety,SK,-0.034693769190371704,0.36956398054135414,-0.016841864772129903,0.6632114824868732,2.187779433681073,2.8375558867362147,0.6957652196180308,0.4038870679571899,671
aesfdrk,safety,UA,0.008863715215208293,0.8227746302560867,0.015926283787956862,0.6873456635725805,2.0717628705148208,2.7617784711388453,0.8165274298403865,0.48752175038482526,641
hincfel,income,AT,-0.01790674248648291,0.6408770579214101,-0.024978063387201974,0.5152201314920654,1.8531571218795888,2.831130690161527,0.7369608819013942,0.43314857756652664,681
hincfel,income,BE,0.04219487032627569,0.27116081743901727,0.03163274672791572,0.4094940521840506,1.7653958944281525,2.844574780058651,0.8346949314850602,0.4224342552158391,682
hincfel,income,BG,0.015076379339252398,0.6945171421016074,-0.0003229621717765797,0.99328785094662,2.534508076358297,2.7988252569750367,0.8570117888247959,0.48117359623537975,681
hincfel,income,CH,-0.028903985869164272,0.4530923520428614,-0.040641154672617426,0.2913565362627325,1.5754437869822486,2.850591715976331,0.7150782053722363,0.42147846184347304,676
hincfel,income,CY,-0.022693345909320647,0.5605852547354279,-0.004773042766499663,0.9025902010896991,2.0954545454545452,2.815151515151515,0.880566071586041,0.4825458611531778,660
hincfel,income,DE,0.020120901592717674,0.6001651483506012,0.018802636630950467,0.6242647731933215,1.5726872246696035,2.7944199706314246,0.660494447564112,0.462122335293435,681
hincfel,income,EE,-0.007485654953624398,0.8454012910653008,-0.032264314088715905,0.40054914694671206,1.9265785609397945,2.828193832599119,0.6863468168573954,0.455196593621108,681
hincfel,income,ES,0.03610544733131007,0.3464610968791383,0.0517352138189276,0.17717730815423127,1.8504398826979471,2.8181818181818183,0.8153671533519923,0.47159327135747053,682
hincfel,income,FI,0.030780661794028347,0.42188982162515043,0.021383588666871782,0.5769231849244602,1.7979502196193264,2.827232796486091,0.6677720763144989,0.4392967420144545,683
hincfel,income,FR,0.06275866731993796,0.1015137726330152,0.06955128333141607,0.06949202878961977,1.715542521994135,2.838709677419355,0.7278952512008827,0.44069439352212564,682
hincfel,income,GB,0.032600958852413646,0.3998597065038159,0.039769018407757054,0.30436877708329985,1.8071748878923768,2.820627802690583,0.8406989896655791,0.483988135653549,669
hincfel,income,GR,-0.013681576394856645,0.7219385072795341,-0.007391301053098924,0.8475483113643193,2.4815905743740796,2.814432989690722,0.7695532571591404,0.4650285567103302,679
hincfel,income,HR,0.01166736158307199,0.7618708007160196,0.010785589944527278,0.7793837306098471,1.8345642540620384,2.810930576070901,0.7763813767042064,0.4612164160687419,677
hincfel,income,HU,-0.04826168120207739,0.20945293072053567,-0.044550610748067494,0.24667522064999045,2.218289085545723,2.814159292035398,0.6999611883513801,0.45892442296288516,678
hincfel,income,IE,-0.02096801364689147,0.5854578304816414,-0.05229871073097319,0.1734501541097867,1.8468335787923418,2.817378497790869,0.8484505156889626,0.4968261118708215,679
hincfel,income,IL,0.06531706048689524,0.09796132559650916,0.06984331078563563,0.07676654813278949,1.9626749611197511,2.769828926905132,0.8974732608820422,0.5175046182194336,643
hincfel,income,IS,-0.00500186890606047,0.8963372471590564,-0.003273626777351908,0.9320453285359798,1.4904552129221733,2.826725403817915,0.7257733794779296,0.4562532798439951,681
hincfel,income,IT,0.040464166031694976,0.29927105801256076,0.04478896076038125,0.2505375304726217,1.9015151515151516,2.824242424242424,0.7639432135031297,0.4700629880824261,660
hincfel,income,LT,0.016901160065176522,0.6618620982488225,0.019340502819027706,0.6167395618345639,1.9880952380952381,2.825892857142857,0.6947801568309386,0.45780117298632134,672
hincfel,income,LV,0.03763103813279645,0.3300382164187898,0.039217759970870375,0.3100398628442158,2.5238095238095237,2.8273809523809526,0.7945596007813457,0.43672024909600604,672
hincfel,income,ME,-0.047558010652495056,0.23177707885837234,-0.05046043316771463,0.2044901676382471,2.5678233438485805,2.8485804416403786,1.0145728026627074,0.4416394174386019,634
hincfel,income,NL,-0.02873702405385881,0.4560420681882877,-0.00988810012614966,0.7976184402654266,1.394074074074074,2.8385185185185184,0.6296062264936781,0.41378064136320036,675
hincfel,income,NO,-0.013881680016842613,0.7170483041069927,-0.00920571974315803,0.8100778912711651,1.5116959064327486,2.8640350877192984,0.6637512993080653,0.38331845164336986,684
hincfel,income,PL,-0.015468432828931232,0.6869876524649167,-0.0031218186164422707,0.9351895031024721,1.935389133627019,2.828193832599119,0.5546025628899502,0.4387460045303193,681
hincfel,income,PT,-0.00791498827112118,0.8367743976616596,0.002172995055397378,0.9548952259099908,2.3,2.8,0.8309194297129664,0.49265593211909614,680
hincfel,income,RS,-0.08685264256198848,0.0237215879676884,-0.08308618376703472,0.030527083439145633,1.9646017699115044,2.8156342182890857,0.7639886417503852,0.45467256919560267,678
hincfel,income,SE,-0.019999685038216464,0.6018291284396007,-0.009796776684965291,0.7982838486366896,1.363103953147877,2.800878477306003,0.6053890676213879,0.4381370065746893,683
hincfel,income,SI,0.075528784605376,0.04898307923055318,0.08158889587569314,0.033402537728399975,1.5294117647058822,2.825,0.7295688043048776,0.45436031843578967,680
hincfel,income,SK,0.009995474416985032,0.7950236573546263,-0.004698035516534321,0.9028163117394763,2.28023598820059,2.786135693215339,0.7958117491539157,0.4891581945699719,678
hincfel,income,UA,-0.042683766967272406,0.2717062143170965,-0.03857946946140865,0.32052975048086185,2.930827067669173,2.8033082706766916,0.9024882313359951,0.4710164633446838,665
