variable,domain,cntry,r_pearson,p_pearson,r_spearman,p_spearman,human_mean,silicon_mean,human_sd,silicon_sd,n_valid
sclmeet,social_trust,AT,0.016493166552038384,0.6665349666473708,0.007924522732224574,0.8359871595485648,4.910948905109489,3.7883211678832116,1.1918141138149099,0.7130842421947566,685
sclmeet,social_trust,BE,0.011274250559894002,0.7685057799196041,-0.016339061754032626,0.6696934212122454,5.175438596491228,3.867690058479532,1.3684091972859465,0.7001107947168502,684
sclmeet,social_trust,BG,0.03772500786253063,0.3252451186431554,0.02379093334099388,0.5350922937608381,4.969208211143695,3.9093841642228737,1.6740014984431886,0.7556346744019571,682
sclmeet,social_trust,CH,-0.007385365995766861,0.8472250737059775,-0.014424826182220884,0.7066854481801582,5.099560761346998,3.8407759882869694,1.293583231975242,0.6788023012001906,683
sclmeet,social_trust,CY,0.049478231503163446,0.19587398512897403,0.042272926062997485,0.2692195572470046,4.005839416058394,3.8291970802919706,1.7073870474296835,0.7732895276406595,685
sclmeet,social_trust,DE,0.015079667218165378,0.6938132337364163,0.006173220124600796,0.8719698304544145,4.837719298245614,3.8285087719298243,1.3970198578819977,0.6994811703561602,684
sclmeet,social_trust,EE,-0.022278665341485832,0.5605021565138016,-0.014509885439861743,0.704623686266322,4.242335766423357,3.8664233576642335,1.4817467676992966,0.7009055725815312,685
sclmeet,social_trust,ES,-0.029530081213607805,0.4403318656528546,-0.05430103608587834,0.15571075415581526,5.246715328467153,3.907591240875912,1.4666393087007106,0.7319369935289955,685
sclmeet,social_trust,FI,0.036386221763790694,0.3416580935695243,0.02729011058499531,0.47579694448376714,4.8934306569343065,3.87985401459854,1.3589751674640431,0.6720201557752685,685
sclmeet,social_trust,FR,-0.028235782409108304,0.46096554879393137,0.009380721057404843,0.8065382361963194,5.220760233918129,3.8567251461988303,1.4233285410238439,0.705509653822074,684
sclmeet,social_trust,GB,0.021781899816814214,0.5695623734741778,0.0166697747649012,0.6634143450083881,4.802631578947368,3.8321637426900583,1.5741112266814905,0.7191914258182254,684
sclmeet,social_trust,GR,0.002608529228321377,0.9457082368406704,0.016954633428711615,0.6580247068204734,4.159356725146199,3.8760233918128653,1.6105572805604957,0.7365452811170337,684
sclmeet,social_trust,HR,0.051965984773793536,0.17461656005537377,0.04608136107592212,0.22873683002431527,5.349415204678363,3.9005847953216373,1.5312698517346435,0.7683716368408078,684
sclmeet,social_trust,HU,0.007306711557616492,0.8486131631578373,0.0062995976970619295,0.8692771237413143,3.367883211678832,3.8131386861313867,1.5223930025380452,0.7345700813552426,685
sclmeet,social_trust,IE,0.07812194355288588,0.04124682884982055,0.060960509193173765,0.11144747484811433,4.212298682284041,3.8030746705710103,1.617452783226145,0.6852697557248131,683
sclmeet,social_trust,IL,0.03783721849862919,0.32380709260734597,0.04823023766178315,0.20840601865869562,5.425219941348973,3.93841642228739,1.5407753149735088,0.7395016476229839,682
sclmeet,social_trust,IS,-0.05504654319945887,0.15040248734488626,-0.05276589886463967,0.16806635885849627,5.283625730994152,3.870614035087719,1.4032886537209597,0.7278192442338315,684
sclmeet,social_trust,IT,0.06184898602023306,0.10657589161248414,0.07432587376639284,0.05236105009228434,4.74633431085044,3.851612903225807,1.5627434721448887,0.767668271677207,682
sclmeet,social_trust,LT,-0.012025715356024681,0.7544359863460735,-0.024501437961471376,0.523884707305042,4.35640648011782,3.757290132547864,1.5608359607841946,0.7515386516357556,679
sclmeet,social_trust,LV,0.014949675141547103,0.6965328664856777,0.029476199585983815,0.44183691257329855,4.190336749633968,3.761346998535871,1.6097468073563967,0.7326683253810266,683
sclmeet,social_trust,ME,0.007534424108575534,0.8441806569359799,0.023970389523346538,0.5317144726936,4.802342606149341,3.8074670571010247,1.6247337935933457,0.7795328306302924,683
sclmeet,social_trust,NL,-0.031207821102236657,0.415131790366715,-0.04102989771665309,0.28391786458626056,5.406432748538012,3.868567251461988,1.2603955408267358,0.6388063034084946,684
sclmeet,social_trust,NO,0.014615170810937644,0.7025819665882052,0.04527846646546995,0.23661359185543304,5.648175182481752,3.867883211678832,1.3411013950191728,0.6832300207063127,685
sclmeet,social_trust,PL,0.008175051702941737,0.8312454800201015,0.030308674242780134,0.42938495482283445,3.932551319648094,3.849706744868035,1.4342656671517855,0.6996379820633164,682
sclmeet,social_trust,PT,0.0796503976348925,0.03714605168538994,0.057593854001475264,0.13209989656124896,5.629197080291971,3.7846715328467155,1.6067365759678425,0.7803218063618099,685
sclmeet,social_trust,RS,-0.010031040809117011,0.7932716615148206,-0.01182222029394778,0.7574258916006416,5.145985401459854,3.80036496350365,1.6074577017590435,0.7739947345189416,685
sclmeet,social_trust,SE,0.003725879495449979,0.9225147568394129,-0.005751848480923251,0.8806411770480905,5.435672514619883,3.8910087719298243,1.3818365729222142,0.7192981001487162,684
sclmeet,social_trust,SI,0.13997135629214374,0.00024567166226446146,0.12844003381753943,0.00077377369149048,4.640762463343108,3.8313782991202348,1.501339002709212,0.703576456575908,682
sclmeet,social_trust,SK,0.07700529306274612,0.04424327378312055,0.08057772337127113,0.0352558957254191,4.559297218155198,3.800878477306003,1.5640520269192257,0.7434163361447909,683
sclmeet,social_trust,UA,0.0010124459129468805,0.9791316468724153,0.00030455574418471323,0.9937219021376765,4.32089552238806,3.7119402985074625,1.7691964272055045,0.7784508759299357,670
inprdsc,social_trust,AT,0.034732614894764376,0.36441315561417814,0.050432428463059,0.18770286663335298,3.051169590643275,2.8435672514619883,1.1726564206989902,0.48440042470966715,684
inprdsc,social_trust,BE,0.04556771692145748,0.23362929602972451,0.030980239856262814,0.4182023427816401,3.3576642335766422,2.883211678832117,1.3814626236939371,0.5251801894991402,685
inprdsc,social_trust,BG,0.021735074211137816,0.5709587964807445,-0.0022964407743970537,0.9522656123047213,2.0234604105571847,2.8181818181818183,1.2626014641660956,0.5302238818063605,682
inprdsc,social_trust,CH,-0.02481696874143259,0.5167030932402176,-0.025176468871525335,0.5106460361382972,3.5445255474452555,2.8788321167883213,1.2634608385888118,0.4571444959693533,685
inprdsc,social_trust,CY,0.027657375578308555,0.471181404619496,0.005303754772398597,0.8901192090088714,2.434654919236417,2.845814977973568,1.321397513277927,0.5488096379052425,681
inprdsc,social_trust,DE,-0.022642554715475827,0.5544049617037063,-0.040830831727835845,0.28626257119486614,3.5789473684210527,2.8523391812865495,1.2272747380806737,0.5546109888168995,684
inprdsc,social_trust,EE,0.0001544044806097159,0.9967862439148415,0.015250724533405199,0.6907336703030663,2.5944363103953147,2.9136163982430454,1.364967455800747,0.49912440561649857,683
inprdsc,social_trust,ES,0.03809411192011771,0.3198193526815381,0.03503955135231942,0.360187405802787,2.8859649122807016,2.878654970760234,1.3918320942419997,0.5118341299039685,684
inprdsc,social_trust,FI,0.05163087785693378,0.17709883433180212,0.05295322030767281,0.16624868057839207,3.2510948905109487,2.856934306569343,1.2766525117350722,0.5014300631704915,685
inprdsc,social_trust,FR,0.0703235261420906,0.06644468147743496,0.05525208459336377,0.14948027970291766,2.8592375366568916,2.909090909090909,1.447305868949354,0.5088982605533052,682
inprdsc,social_trust,GB,0.011863907814555479,0.7572892926224742,-0.014330526802352861,0.7089242473198101,3.0954478707782673,2.8722466960352424,1.4270474910681292,0.5475687742932202,681
inprdsc,social_trust,GR,0.002031719103501508,0.9577006613380348,0.0343192439524223,0.37015287757797555,2.2280701754385963,2.840643274853801,1.1882914963427518,0.5213313806323308,684
inprdsc,social_trust,HR,0.025982505441008854,0.4990983401330561,0.036198824961137015,0.3462815949189483,2.3402061855670104,2.8232695139911637,1.3944751770367632,0.5220680762339571,679
inprdsc,social_trust,HU,0.03926063196347711,0.30663768875577674,0.04325053335204005,0.2600436336675415,2.4544117647058825,2.851470588235294,1.2187699711476547,0.5508041108237935,680
inprdsc,social_trust,IE,0.051921650194186486,0.1753018833553707,0.0427378095258699,0.2646853974054686,2.6193265007320643,2.8609077598828696,1.3226123234154243,0.5302937784655647,683
inprdsc,social_trust,IL,0.09289010253773337,0.015466262079720416,0.09435803899353,0.013905071935231812,2.508100147275405,2.9160530191458025,1.4077877838058608,0.5296726629987496,679
inprdsc,social_trust,IS,0.06665710365178402,0.08194673888161252,0.07271597566625297,0.05769386465706148,3.533724340175953,2.93108504398827,1.3228614138963495,0.48435281170620587,682
inprdsc,social_trust,IT,0.019062353022876646,0.6200005560869992,0.014677178866212625,0.7026331840817496,2.2341678939617085,2.8556701030927836,1.281688198602417,0.5402059998518602,679
inprdsc,social_trust,LT,0.04997390166943839,0.19306146940165161,0.047816435232255004,0.21301472300808313,2.1073529411764707,2.8588235294117648,1.3789727640840457,0.49807739168260307,680
inprdsc,social_trust,LV,0.048477510122681096,0.20843229200893565,0.0482484913984746,0.2105923007343294,1.7362962962962962,2.8533333333333335,1.2977158321146354,0.5399197654427248,675
inprdsc,social_trust,ME,0.03074128384203093,0.4255688978085791,0.022104538730465247,0.5667313669495748,2.185459940652819,2.884272997032641,1.177940825146115,0.4704859707688015,674
inprdsc,social_trust,NL,0.05796503095923131,0.13018531799893945,0.0572388831168753,0.13507589760314237,3.724743777452416,2.9238653001464128,1.2666786586514633,0.5029837593613251,683
inprdsc,social_trust,NO,0.06661316973615607,0.0816997099271523,0.07770527901734639,0.04219292311894003,3.247076023391813,2.8684210526315788,1.438461513454827,0.5078561357962975,684
inprdsc,social_trust,PL,-0.007332342465664154,0.849192120914549,-0.012192117197380236,0.7518619750950192,3.14962962962963,2.8666666666666667,1.3758662808789432,0.5196437949119612,675
inprdsc,social_trust,PT,0.08042409977410381,0.036568959869858614,0.05366396161075948,0.16341269795267022,2.2381656804733727,2.828402366863905,1.3945158859665305,0.5498749683555519,676
inprdsc,social_trust,RS,0.06348396682686185,0.0981107795125959,0.07659341944854157,0.04587180444808135,2.4779411764705883,2.8058823529411763,1.4275168289643811,0.5539740887432135,680
inprdsc,social_trust,SE,-0.015154431883242026,0.6923723747804126,0.0021456665217783042,0.9553307440369562,3.814327485380117,2.9005847953216373,1.2710422687563399,0.5036321458501563,684
inprdsc,social_trust,SI,0.06061558198930418,0.11536347465458752,0.052893857874962195,0.16954823590820747,2.8195266272189348,2.8357988165680474,1.3421829916198627,0.49106636594411596,676
inprdsc,social_trust,SK,-0.03119714584235074,0.42012380164642366,-0.032939773335576676,0.39462281775531155,1.7477611940298508,2.8477611940298506,1.1613942202433745,0.5251117637333297,670
inprdsc,social_trust,UA,0.013718804879828272,0.7220044745337607,0.0203749822161602,0.5972000216877908,2.16,2.805925925925926,1.3902586058348725,0.5414239609438422,675
stfdem,political,AT,0.038503637051594965,0.3185782743446516,0.06683712026748538,0.08316334298739882,5.739970282317979,6.609955423476968,2.4849232284914757,1.201352969090812,673
stfdem,political,BE,0.048464944934821855,0.2095682953649692,0.052049507521736586,0.17776162283874158,5.206845238095238,6.749702380952381,2.3891984051627304,1.1415078404202792,672
stfdem,political,BG,0.10715786900342641,0.005529491903457018,0.1715045965922439,8.166614257736524e-06,3.3258594917787745,6.431240657698057,2.3860129569068325,1.472470463828552,669
stfdem,political,CH,0.015485983303559256,0.6892887913726268,-0.03128524748196492,0.41916052152974637,7.565022421524664,6.9491778774289985,1.6733296813689809,0.9076125553602614,669
stfdem,political,CY,0.09453270122817667,0.014592961341068762,0.06755371164164405,0.08126642315952017,4.496251874062969,6.266866566716642,2.3141880673226787,1.7067247980336138,667
stfdem,political,DE,0.06419552992372002,0.09390923848584116,0.0502786105866674,0.18970464362338915,5.728739002932551,6.846774193548387,2.603740874712166,0.9677151915525232,682
stfdem,political,EE,0.12258503350529061,0.0017703363208758747,0.16753570182206212,1.8121339207438794e-05,5.24537037037037,7.032407407407407,2.5875657108071954,0.8544089169049104,648
stfdem,political,ES,-0.025687099521868737,0.5062067436384726,-0.030323483669251607,0.43257578284228315,4.794642857142857,6.558035714285714,2.518385661533428,1.2092764936385936,672
stfdem,political,FI,0.08043632829431115,0.03667981835037672,0.12389840065762453,0.0012577724417843624,6.783703703703703,6.948592592592592,1.9634723453490894,1.0427125682301182,675
stfdem,political,FR,0.03867530712484158,0.31750886632407116,0.05445702350241384,0.15913168204451622,4.344776119402985,6.7343283582089555,2.480825335331246,1.1352554138388922,670
stfdem,political,GB,0.08141669180875134,0.039177493202288104,0.07478596445871713,0.058242834789084846,4.3286604361370715,6.38006230529595,2.629976197959441,1.3646785621586024,642
stfdem,political,GR,0.06747656195441834,0.07891057486161547,0.1027972433175149,0.007344156606538606,4.148748159057438,6.551546391752577,2.2115199980939173,1.1741411700265925,679
stfdem,political,HR,-0.023463277973342602,0.5455365250691997,0.011226717755433293,0.77243407548822,4.465465465465465,6.493993993993994,2.514231883392466,1.3800272286602075,666
stfdem,political,HU,-0.002033933653438782,0.9582170425087875,0.02004854660654104,0.605524548114153,4.454954954954955,6.393393393393393,2.6650476864214316,1.4420802283016514,666
stfdem,political,IE,0.12530749305364755,0.0012778043125653757,0.11097274027303494,0.004371740422469024,5.819148936170213,6.556231003039514,2.2847115206806707,1.3301442757646154,658
stfdem,political,IL,0.22229520303147138,1.0408879764117437e-08,0.22231539942645598,1.0376228700111992e-08,4.26040061633282,6.792758089368259,2.760220149074643,1.268916108763812,649
stfdem,political,IS,0.18539851882459454,1.3522839908397236e-06,0.13704480841441224,0.00037441366684130226,5.92089552238806,6.9440298507462686,2.2882057587658675,1.0060735733444353,670
stfdem,political,IT,0.08525154815893105,0.028284574413462174,0.07608275145419292,0.05038300654796979,5.113293051359516,6.531722054380665,2.062746073395897,1.2742853218489123,662
stfdem,political,LT,0.12684744159434205,0.0012127934932599724,0.09991921889013036,0.01092812373467909,4.614197530864198,6.6875,2.3886482511823353,1.2720808629143394,648
stfdem,political,LV,0.0354981264393223,0.37411178770554326,0.010626148550431501,0.7902547206227138,4.260731319554849,6.526232114467408,2.4394710921720306,1.3551724278092463,629
stfdem,political,ME,0.026161952517161895,0.49869609493645456,-0.023476031125590963,0.5438076768385252,4.2011922503725785,6.6087928464977646,2.5788575065528594,1.1683373325778046,671
stfdem,political,NL,0.08403796893641523,0.029871143918668387,0.04617195465644673,0.23336048258803888,5.919161676646707,6.947455089820359,2.085012819284355,0.9605608631904046,668
stfdem,political,NO,-0.013102492895299548,0.7326818306483084,0.01537104660613318,0.6886379233440665,7.236070381231672,7.065689149560118,2.027343432421702,0.8665738621663347,682
stfdem,political,PL,0.0858845291610566,0.028562944665734197,0.07047639332320708,0.0725617811952059,5.127692307692308,6.63,2.327699333825712,1.2271109292421936,650
stfdem,political,PT,0.029755088650797453,0.4460716662493729,0.030262728628105376,0.4383478021322257,4.732522796352583,6.240881458966565,2.368272017161993,1.4988937009909407,658
stfdem,political,RS,-0.0954804286473882,0.01852964612233237,-0.07403771216672476,0.06810007824427308,3.9407894736842106,6.416118421052632,2.9715477861808366,1.2833505105408949,608
stfdem,political,SE,0.05619678752374032,0.14620986640105335,0.029634540174288324,0.44379119691065244,6.63134328358209,7.058208955223881,2.0898865987375066,0.9593609690715899,670
stfdem,political,SI,0.0709192435156705,0.07099762929377365,0.012927309027325539,0.7423762156911453,4.941448382126349,6.728813559322034,2.3378841331296782,1.2071489639023134,649
stfdem,political,SK,0.059453033355475304,0.12363553330550674,0.06932368183305072,0.07251192600174594,4.575892857142857,6.348958333333333,2.669619737788518,1.4033275713385265,672
stfdem,political,UA,0.06697062039887713,0.0904885189096048,0.08554489706641302,0.03047426091709859,3.0015625,5.2484375,2.649297434697752,1.7795123549556349,640
polintr,political,AT,-0.10463074901540673,0.006163285870491553,-0.12086610204386056,0.0015407637983546841,2.4195906432748537,2.847953216374269,0.8679906327129788,0.4088822289655924,684
polintr,political,BE,-0.07305082528699103,0.05618673657511219,-0.0991403640650137,0.009472614422446176,2.5657894736842106,2.8976608187134505,0.9215489806276004,0.3565662196212987,684
polintr,political,BG,-0.05356571078624523,0.16170279088633568,-0.05251499118695058,0.17010082796260276,2.81140350877193,2.840643274853801,0.8995452345691054,0.4423253424555562,684
polintr,political,CH,-0.051956476768654225,0.17437958463511613,-0.041442767700848995,0.27874387930572025,2.4029197080291973,2.891970802919708,0.9151056569745459,0.37464571844739203,685
polintr,political,CY,-0.1444551698279835,0.00015005165605068768,-0.16408095593390434,1.612823779067827e-05,2.925438596491228,2.7923976608187133,0.9506084731043086,0.4967249517106162,684
polintr,political,DE,-0.22729555088152437,1.8263020696749866e-09,-0.2158379551413845,1.1847135795773308e-08,2.2149122807017543,2.8815789473684212,0.878745191104051,0.3928495118996189,684
polintr,political,EE,-0.15547266846261867,4.4351579249357365e-05,-0.14759941881803954,0.00010688549719397703,2.5921052631578947,2.9166666666666665,0.8480425902495052,0.34702247386094187,684
polintr,political,ES,-0.09029941439927901,0.01808484667661903,-0.09254331234726486,0.015398526773043696,2.7518248175182483,2.8744525547445257,1.0085962532226507,0.40681856472189404,685
polintr,political,FI,-0.08664645152150169,0.02333655794471202,-0.08466821812800047,0.026697508735474128,2.1854014598540146,2.9226277372262772,0.7737034188933265,0.33091064780671636,685
polintr,political,FR,-0.08558919894449248,0.025190903429281267,-0.09422170063373528,0.013693818495021442,2.6023391812865495,2.8684210526315788,0.9784173563197822,0.41593074153316806,684
polintr,political,GB,-0.15020504954729702,8.124872917113983e-05,-0.16024616417606702,2.5825202260262057e-05,2.505124450951684,2.8462664714494874,1.002000977825154,0.4380340971178206,683
polintr,political,GR,-0.0750890107367563,0.04947767531949317,-0.07602506103920587,0.046699934771737374,2.9182481751824816,2.8642335766423357,0.9562214700175594,0.41950563119218676,685
polintr,political,HR,-0.11026917153525286,0.0038577436478731083,-0.12226961969133404,0.0013445595837201,3.0452554744525546,2.8496350364963505,0.9173419205821063,0.4384855795223052,685
polintr,political,HU,-0.17609837685426447,3.5970420362091003e-06,-0.1800613687869545,2.1436012758941777e-06,2.8391812865497075,2.8260233918128654,0.8894286760176449,0.449982566159331,684
polintr,political,IE,-0.028989822088521133,0.4490770670067614,-0.0585559587773124,0.12602936488400354,2.5760233918128654,2.8508771929824563,0.9985690960415069,0.4170408789387658,684
polintr,political,IL,-0.057573023703611816,0.1322400271601366,-0.056214978177852745,0.1416262072951045,2.4715328467153284,2.894890510948905,1.0236208026074045,0.3981538478184448,685
polintr,political,IS,-0.0799721161097186,0.03638484107568349,-0.08534880052394674,0.02549693808490897,2.2613138686131387,2.894890510948905,0.8854120010347647,0.37547653306632955,685
polintr,political,IT,-0.16173045897522803,2.2281423583812085e-05,-0.19303003069933333,3.8573532697054443e-07,2.9941262848751835,2.81791483113069,0.8401474880494118,0.46244465338187096,681
polintr,political,LT,-0.08151143647094591,0.03292370027987056,-0.07500906360546271,0.049721199671259805,2.7503649635036496,2.835036496350365,0.7782800883015527,0.46572449390345005,685
polintr,political,LV,-0.029192876218166117,0.44623946602979664,-0.018113741105037703,0.6365263844137046,2.890190336749634,2.837481698389458,0.8057384686409317,0.4481314554355417,683
polintr,political,ME,-0.0064478337912296105,0.8666185603577464,0.01543835133259879,0.6875642908246605,2.910425844346549,2.8604992657856094,0.8344917231686422,0.41257339854944186,681
polintr,political,NL,-0.0964223195093905,0.011573452388245776,-0.10024155252636119,0.008654813898310462,2.28029197080292,2.9277372262773724,0.8361215999082302,0.30148994702802595,685
polintr,political,NO,0.03423611861437214,0.3709631105860977,0.025110013122480013,0.5117629224764482,2.456934306569343,2.9313868613138685,0.7910127142461848,0.2956190414424955,685
polintr,political,PL,-0.12593579885844178,0.00098947863609348,-0.129246242726798,0.0007227495254029089,2.5844346549192365,2.907488986784141,0.8308349869277007,0.3539105199461168,681
polintr,political,PT,-0.1865861198703295,8.754121891950183e-07,-0.21062622874878204,2.6200897330909234e-08,2.8656934306569344,2.7605839416058395,1.0084756283680514,0.536307178310931,685
polintr,political,RS,-0.11087574087558712,0.003665976000063837,-0.13554200884960846,0.0003745090104278084,3.0175182481751825,2.816058394160584,0.9030404952143213,0.4788255577073886,685
polintr,political,SE,-0.07711231407064273,0.04394836430457767,-0.07771379416186683,0.04232155164023881,2.0775988286969254,2.9633967789165445,0.8094812629529728,0.236311215200405,683
polintr,political,SI,-0.09410252514650899,0.013953859716155448,-0.08705807295163889,0.02298520187637063,2.7082111436950145,2.8621700879765397,0.8746167758196953,0.40015413379427944,682
polintr,political,SK,-0.07447014499120184,0.05138908159981071,-0.08312885983931051,0.029593916177895436,2.6773722627737224,2.794160583941606,0.8215831868138809,0.4896242776246135,685
polintr,political,UA,-0.056378190868323186,0.14193404428679152,-0.06080575924859609,0.11315525168135479,2.726470588235294,2.7191176470588236,0.9139110869407551,0.5786473875332205,680
psppipla,political,AT,0.06430396224501617,0.0940805914677303,0.07585838989710929,0.048166626876294576,2.3475699558173786,3.3295287187039766,0.8343417118155887,0.5094395804420012,679
psppipla,political,BE,0.018388532746586028,0.6326747712375521,0.021630960325051782,0.5739369765809392,2.191740412979351,3.382300884955752,0.8923387576276055,0.585203584895629,678
psppipla,political,BG,0.1482903137763345,0.00011552330798281485,0.17291837247314862,6.642112874067635e-06,1.7123695976154993,3.3691505216095377,0.8923282746617875,0.5588519893193057,671
psppipla,political,CH,0.08148701913961748,0.0342859950432333,0.08765003984445514,0.022763629063531785,2.9274074074074075,3.4303703703703703,0.9831238914798386,0.5757557379166341,675
psppipla,political,CY,0.09953421447214211,0.009882802085226731,0.09180886896246157,0.017370136644364032,1.8315946348733234,3.351266766020864,1.020659863922315,0.6051969252085753,671
psppipla,political,DE,0.06455954396107416,0.09229656795654077,0.06135531060304668,0.10966677502257602,2.5462555066079293,3.381277533039648,0.9336778569199983,0.5456294106300479,681
psppipla,political,EE,0.08905587465766782,0.021045995322308508,0.08847983931989702,0.021895485836249735,2.1296572280178836,3.4346497764530555,0.8807390224212779,0.5886702605600698,671
psppipla,political,ES,0.03583475004138908,0.3518699207603565,0.03319606237926203,0.3884799191678242,1.8552437223042837,3.333456425406204,0.8459911423867126,0.5820728008674589,677
psppipla,political,FI,0.07428614135210394,0.052141336301878345,0.07820692293644144,0.040877736558479434,2.7339181286549707,3.4323099415204674,0.8414352754171046,0.542965058360918,684
psppipla,political,FR,0.049837133300054834,0.19593824762475814,0.07263027405454132,0.05929713412947265,2.0562962962962965,3.3848888888888893,0.9402480422319317,0.6118523544612235,675
psppipla,political,GB,0.11956686866719403,0.002042635461696752,0.1395024939098091,0.0003147188963805464,2.0482654600301657,3.3242835595776774,0.830367284221561,0.5587251277820829,663
psppipla,political,GR,0.05645751623719355,0.1422572926424526,0.060567370425134374,0.11538359135685941,1.9985228951255538,3.326661742983752,0.9783140634017249,0.5832362979101319,677
psppipla,political,HR,0.03346346026786659,0.38537356691722047,0.06008112792282917,0.11888533323618211,1.665185185185185,3.3425925925925926,0.7726134421154383,0.5839570872649869,675
psppipla,political,HU,0.10345345097732085,0.006892117861575444,0.06485185911319062,0.09082839857362097,1.8516886930983847,3.3494860499265786,0.8575105538734312,0.5851373897458944,681
psppipla,political,IE,0.043577208640198,0.2592847890083947,0.06614998593622068,0.08662275085585287,2.168154761904762,3.3601190476190474,0.907000848594619,0.5960015684225435,672
psppipla,political,IL,0.13049481901711968,0.0007567292906680061,0.13177127009281184,0.000670440390874918,2.076923076923077,3.4131221719457017,1.0172803941973485,0.5829602509912308,663
psppipla,political,IS,0.14614696176839345,0.00013713377440729955,0.14831693027810464,0.00010859888423801394,2.6420118343195265,3.440244904667982,0.8583937315581119,0.6251039502519136,676
psppipla,political,IT,0.09997403240324765,0.010000607271144449,0.10518750836026426,0.0067108218727303355,1.7888386123680242,3.3148567119155357,0.7777469646254971,0.5552362135626673,663
psppipla,political,LT,0.05218155487779226,0.1773102564370623,0.07090732221637548,0.06661353363076596,2.017910447761194,3.3097014925373136,0.943695210153398,0.570168910407589,670
psppipla,political,LV,0.10744589264298161,0.005300084915787607,0.1317969053280726,0.0006144427830389548,1.7306547619047619,3.361235119047619,0.8686015894353065,0.5849868798141377,672
psppipla,political,ME,0.057921373771336895,0.13596960279611703,0.05905813476180602,0.12844024922136324,2.0828313253012047,3.333509036144578,0.916123610242357,0.5729536660038967,664
psppipla,political,NL,0.04780250218956346,0.21247400758559745,0.040630245610042144,0.289346970351729,2.4545454545454546,3.4356304985337243,0.9205524972973222,0.5390740673157269,682
psppipla,political,NO,0.004293608880757923,0.9113427790739432,0.0017959356126240524,0.9628532863258003,2.994074074074074,3.4392592592592592,0.9065998501397606,0.5934729420804679,675
psppipla,political,PL,0.07305755990542909,0.05894184172950745,0.06530547677349016,0.09145508428544387,2.1225710014947685,3.373916292974589,0.8279810755646273,0.5701629918663801,669
psppipla,political,PT,0.13347232081042942,0.0005222248546857439,0.1517375463811788,7.84612502563133e-05,1.7931547619047619,3.3035714285714284,0.91212115170471,0.5899953630516067,672
psppipla,political,RS,-0.04345550933729275,0.27308169900639967,-0.02389800287886387,0.5468188063382154,1.9184952978056427,3.282131661442006,1.0207899759583756,0.5849650809265095,638
psppipla,political,SE,0.037596501530070464,0.32940145617501676,0.039898541299645894,0.3006290153593447,2.831111111111111,3.407037037037037,0.8973639822926496,0.5783931928799325,675
psppipla,political,SI,0.030663712841820238,0.42777307915192736,0.041269624523334415,0.28574780483301826,2.1207153502235467,3.3818181818181814,0.818828847525622,0.6819836976847277,671
psppipla,political,SK,0.08958467339092244,0.020012420507709388,0.07923579830298584,0.03973465337064474,1.927299703264095,3.2974777448071215,0.8648988684750155,0.538427781350317,674
psppipla,political,UA,0.05420718427527321,0.16200027565075592,0.06472412948085657,0.09487905164903945,1.6806596701649175,3.1573463268365813,0.9515125541780568,0.43709215738995244,667
psppsgva,political,AT,-0.0004091607765907344,0.9915027074022955,0.006976404746293969,0.8559045844343738,2.3088235294117645,3.541176470588235,0.8223203089196762,0.6437041403926643,680
psppsgva,political,BE,0.05288780673786525,0.16991423516636506,0.06637489801166843,0.08485691148593454,2.2088888888888887,3.6748888888888893,0.8863845367464309,0.6675021717995172,675
psppsgva,political,BG,0.10188267917881974,0.00912614794716752,0.13354607927373063,0.0006169620709320744,2.0749235474006116,3.6113149847094803,1.1498243731511566,0.7038901630099393,654
psppsgva,political,CH,0.0035106354684300263,0.927299465868998,0.007405472826735185,0.8473711362071576,3.21976401179941,3.694542772861357,0.963326924020817,0.7045639445319334,678
psppsgva,political,CY,0.07525147467352729,0.05067300994260959,0.09257828952673491,0.016129794311825006,1.8962962962962964,3.5555555555555554,0.9931073590595881,0.7125066157917294,675
psppsgva,political,DE,0.05723528097406729,0.13741724361829108,0.061819696517534974,0.10856401768033816,2.542222222222222,3.588888888888889,0.9509847049248421,0.6805551350113425,675
psppsgva,political,EE,0.06288333745688153,0.10389324546693901,0.056742174063073456,0.14232860776205458,2.2119402985074625,3.7088805970149252,0.9374331885406496,0.7071804057168422,670
psppsgva,political,ES,0.018713756818687245,0.6292331368926116,0.028513498977833198,0.461900747860132,2.094311377245509,3.5370508982035926,0.9695965738864041,0.6747152103640789,668
psppsgva,political,FI,0.045953262944078074,0.23003460785998903,0.04783121248125677,0.2115277038526788,2.4634502923976607,3.676169590643275,0.7972190475799101,0.685577808615058,684
psppsgva,political,FR,0.019238848980352035,0.6185929037617998,0.018420489862495018,0.6336006015427507,2.1324404761904763,3.630952380952381,0.912908584081554,0.6656979691306004,672
psppsgva,political,GB,-0.05583378524251139,0.15191651748033194,-0.03308786641381856,0.3960684340969384,2.1333333333333333,3.5609848484848485,0.8357224225947983,0.6704615987963242,660
psppsgva,political,GR,0.0859834190771428,0.025055467993442795,0.08438258883761368,0.027900587452923533,1.9970544918998527,3.6173784977908685,1.047538278025633,0.6801385137058911,679
psppsgva,political,HR,0.038127873057720016,0.3236886183242834,0.04004731484509759,0.29990916392746464,1.6428571428571428,3.6220238095238093,0.78575783261367,0.7355098474166522,672
psppsgva,political,HU,0.09971172827520884,0.009168554346751649,0.08400700058043602,0.02825639773991651,1.9824046920821115,3.593841642228739,0.9768155702608059,0.7331004852236729,682
psppsgva,political,IE,0.03459166206958952,0.3688370380686346,0.048626804190411266,0.20635883656066567,2.2629246676514034,3.604135893648449,0.9647633682632638,0.6632897430842317,677
psppsgva,political,IL,0.05553565084400145,0.15474687492095152,0.06291191478740145,0.10689348354517647,1.965045592705167,3.588145896656535,1.013002265547011,0.6906502549948019,658
psppsgva,political,IS,0.0849451873401626,0.027787936841051693,0.09964747362777576,0.009798691749392038,2.5767511177347244,3.6947839046199697,0.8497561699763808,0.6785979220423929,671
psppsgva,political,IT,0.16206687266134598,2.6780786871879427e-05,0.1579936068627546,4.270421641204026e-05,1.7759398496240602,3.543157894736842,0.7699309912688556,0.6955661735873409,665
psppsgva,political,LT,0.034054529798628316,0.3777419429757897,0.04394014588897545,0.2549798818444688,2.236255572065379,3.5438335809806834,0.9830674812447819,0.668105117817528,673
psppsgva,political,LV,0.09089558108779133,0.018787264766259384,0.0910480669719605,0.01858841872937411,1.8158682634730539,3.5339820359281435,0.9214679283834347,0.6977352609904648,668
psppsgva,political,ME,-0.03339340339021534,0.3892094018057067,-0.04986166482919068,0.19839799679720438,2.1934032983508245,3.573313343328336,0.9038215283584695,0.7192390221879681,667
psppsgva,political,NL,0.03423925871155572,0.37409239250395165,0.02586901847194965,0.5019262018507108,2.544378698224852,3.6764792899408287,0.9250975036124607,0.6503913587759742,676
psppsgva,political,NO,-0.016629809385100832,0.6657959246093292,0.0009274768187580633,0.9807827048825175,2.895125553914328,3.656129985228951,0.8280885474977414,0.6890812215003453,677
psppsgva,political,PL,0.05264550915477955,0.17575583126181227,0.04821278607189018,0.2150496707556193,2.268476621417798,3.6134238310708895,0.8847577726674779,0.7073316181120924,663
psppsgva,political,PT,0.09927924169693245,0.010074506952002764,0.12414218144906213,0.0012720384883873257,1.9910581222056631,3.5,0.9650197962034397,0.6932510475472599,671
psppsgva,political,RS,0.02080754764679195,0.6007256612425379,0.020438708426817363,0.6071973489165318,1.853543307086614,3.5109448818897633,1.0305885791593936,0.7000748417301169,635
psppsgva,political,SE,-0.017461823350691397,0.6496777067169076,-0.016423877912555982,0.6692281322728704,2.6671575846833577,3.6226067746686303,0.8980293191323413,0.6387274013445582,679
psppsgva,political,SI,-0.02157863546776541,0.577708397445035,-0.006761172010703603,0.8615338958444084,2.1497005988023954,3.5893712574850296,0.8527492711928171,0.7281598008297653,668
psppsgva,political,SK,0.012072313466507143,0.7547525893565371,0.01414031447458397,0.7144436424051936,2.0297619047619047,3.5796130952380953,0.911431590313995,0.6647284660213811,672
psppsgva,political,UA,0.08795112336237847,0.023422912902547003,0.09253097435860619,0.01707993857826193,1.7575301204819278,3.307605421686747,0.9763124742401114,0.5756943379693409,664
actrolga,efficacy,AT,0.06732832324556857,0.08252018047968757,0.07738188163250374,0.04590835482938128,2.3363363363363363,3.0615615615615615,1.0539297465997963,0.34352436075195464,666
actrolga,efficacy,BE,0.05779015802788604,0.13191850457591658,0.05346746547561518,0.1634023236739152,2.1674008810572687,3.1262848751835537,1.0267856036304521,0.4114885116225897,681
actrolga,efficacy,BG,0.10467748089940161,0.006567962726964331,0.1264314584130997,0.0010125450929495195,1.9227340267459139,3.074294205052006,1.1636752695756687,0.45033930618538653,673
actrolga,efficacy,CH,0.13609625632987865,0.00039136113128047294,0.13317811357740006,0.000522165046189314,2.3496296296296295,3.111111111111111,1.1279346211135373,0.4231201516238478,675
actrolga,efficacy,CY,0.12041590811621873,0.001822338585175422,0.13917783642338816,0.00030858421575758333,2.031437125748503,3.06437125748503,1.111706699020294,0.45524106984802826,668
actrolga,efficacy,DE,0.09937379422188812,0.009567232587979658,0.09614712699336708,0.012191263942882063,2.2901325478645065,3.094256259204713,1.060029976805696,0.3560840762202211,679
actrolga,efficacy,EE,0.048552645121479374,0.20772715297638672,0.07549198061113414,0.04993711759799662,2.065185185185185,3.125185185185185,1.0386677239279896,0.48519911152200046,675
actrolga,efficacy,ES,0.07780945209533274,0.04282947909666041,0.09944093400901716,0.009571618798308678,1.8761061946902655,3.0265486725663715,1.0324090371653345,0.42714766920290353,678
actrolga,efficacy,FI,0.09183615549026014,0.01620458213176039,0.10063936637429449,0.008392223508138348,2.4437956204379563,3.12992700729927,1.0603749001783096,0.4579328335513771,685
actrolga,efficacy,FR,0.14062390845053235,0.00024215495393743475,0.15949761237303114,3.058686126831743e-05,2.119645494830133,3.122599704579025,1.1248331335278972,0.4121387148713047,677
actrolga,efficacy,GB,0.04942862299359808,0.20266842850850048,0.0754411986914016,0.05165164421677157,2.2162162162162162,3.063063063063063,1.1244814108760588,0.4306863753496348,666
actrolga,efficacy,GR,0.07709684964248195,0.04605968257177063,0.07577879135503335,0.04992073643849393,2.1507462686567163,3.0776119402985076,1.0430026125204441,0.3747728342425778,670
actrolga,efficacy,HR,0.04016431029855851,0.2995834229954534,0.08863368070222907,0.021862986180763034,1.7877428998505231,3.0179372197309418,1.0337562255196147,0.41632976005401023,669
actrolga,efficacy,HU,0.12167023351162957,0.0014911292619574537,0.11353321814597825,0.0030511267013924375,1.8865979381443299,3.04860088365243,0.9853409643285633,0.39051469486035073,679
actrolga,efficacy,IE,0.08650389830990791,0.025039553045227137,0.10306520430599397,0.0075421415804994285,2.2295081967213113,3.052160953800298,1.1174703159468111,0.47814062537845275,671
actrolga,efficacy,IL,0.0530007388822385,0.17188255834641042,0.06523520729265496,0.09253917038815726,2.1426426426426426,3.160660660660661,1.1758528812821236,0.4279858568903994,666
actrolga,efficacy,IS,0.14678208678657462,0.00011681556897812591,0.13293778282710686,0.0004904876322230657,2.652046783625731,3.1578947368421053,1.095169170364703,0.46067518152298337,684
actrolga,efficacy,IT,0.12787068829953246,0.0008929034193270846,0.14096500433659384,0.0002466176192848422,1.8616071428571428,3.0223214285714284,0.8804292614852455,0.4643235847053264,672
actrolga,efficacy,LT,0.14407756309512113,0.00018673163564861207,0.12522414903840295,0.0011818763211260393,1.9491017964071857,3.088323353293413,0.9904108918774025,0.43080226083385764,668
actrolga,efficacy,LV,0.03769329640532176,0.33214474924755116,0.06938565295965124,0.07398142560475357,1.5060240963855422,3.055722891566265,0.7118644434468039,0.4090570641949546,664
actrolga,efficacy,ME,0.07811570570711733,0.04566804800498458,0.07820426882465432,0.04542243486394086,2.0931297709923666,3.0366412213740457,0.9280862918343994,0.29031410461421864,655
actrolga,efficacy,NL,0.10270523842327482,0.0072672698292699685,0.10807828898034189,0.004719485762092968,2.1099706744868034,3.109530791788856,1.095144938686441,0.37449535276338103,682
actrolga,efficacy,NO,0.04354703508614619,0.2564368634976092,0.04387150472554507,0.2529069771027467,2.6930983847283407,3.161527165932452,1.078436751539429,0.43085416487865097,681
actrolga,efficacy,PL,0.09209069745589753,0.01727737480127071,0.10293592630702512,0.007755249184632922,2.1077844311377247,3.06437125748503,1.0157969087161305,0.4065284998393406,668
actrolga,efficacy,PT,0.14940096344873746,9.202838245830878e-05,0.16526029577958773,1.4819867736478702e-05,1.7029411764705882,3.023529411764706,0.9799117191813218,0.45020618645972077,680
actrolga,efficacy,RS,0.05863971471203641,0.13175730873261246,0.0764941020979055,0.04914771729399759,1.904833836858006,3.001510574018127,1.170104493647702,0.4651199793581836,662
actrolga,efficacy,SE,0.09382643068448925,0.01430946032133084,0.08129339027357864,0.03391804383169445,2.679882525697504,3.2147577092511015,1.0807230631020466,0.4868176748658614,681
actrolga,efficacy,SI,0.1250909707723769,0.0012169817182333834,0.13027733650897447,0.0007513511404699437,1.9744744744744744,3.0555555555555554,0.9875663610069859,0.40102208598815653,666
actrolga,efficacy,SK,0.11063178948590291,0.003923832289187148,0.10612151218831253,0.005675668110616414,1.8554572271386431,3.0398230088495577,0.8913127492227471,0.3880123548739183,678
actrolga,efficacy,UA,0.05791935855867842,0.13747182127246338,0.06855916162565441,0.07862671222624942,1.7450682852807284,2.9468892261001516,1.009959125182678,0.4696586144789248,659
cptppola,efficacy,AT,0.06704183524410133,0.08290995736664415,0.08785159576942371,0.0229579082775799,2.68955223880597,3.0828358208955224,1.1975478593540263,0.3859502123693546,670
cptppola,efficacy,BE,0.06342484563415574,0.09743661083333888,0.0667726793155025,0.08096989766266158,2.0716374269005846,3.1666666666666665,1.0148889877783287,0.4511251591565379,684
cptppola,efficacy,BG,0.03248032761786093,0.41947373941424215,0.04692678714623112,0.24331035868714132,2.085483870967742,3.15,1.098147474315381,0.5004844180047863,620
cptppola,efficacy,CH,0.08256308694750691,0.031719651698490316,0.10477868310527524,0.006357749208332814,2.7178729689807977,3.1624815361890692,1.0638726685300108,0.4552894765145089,677
cptppola,efficacy,CY,0.18290754648149868,1.7831623721188483e-06,0.19916702712058734,1.8933591873776749e-07,2.0787518573551265,3.1054977711738485,1.0984473292151014,0.49926979156745566,673
cptppola,efficacy,DE,0.07120249215305302,0.06468364190487264,0.07377193297559954,0.0555837819292412,2.664688427299703,3.1305637982195846,1.0430692398792933,0.3902800947874938,674
cptppola,efficacy,EE,0.10841852914329617,0.004741631383533214,0.07750236911112086,0.043814847140334276,1.8847858197932053,3.228951255539143,0.9334460031224998,0.5424134585779543,677
cptppola,efficacy,ES,0.14972644607139504,8.566000121107417e-05,0.16473171562240743,1.5125655126122874e-05,2.171303074670571,3.12298682284041,1.1519189270355241,0.4557696382704934,683
cptppola,efficacy,FI,0.1429193453722235,0.00017472518481189363,0.16829764059340332,9.495659651553304e-06,2.3401459854014597,3.2656934306569343,0.9776343818141108,0.5503106454200469,685
cptppola,efficacy,FR,0.13057397078365682,0.0006598345650065679,0.13204621003291767,0.0005721496187937691,2.2319054652880355,3.1506646971935006,1.006334112548886,0.442946363119713,677
cptppola,efficacy,GB,0.10426201477666096,0.007081744256495947,0.09719903738443188,0.01208522864072098,2.2867867867867866,3.1171171171171173,1.0776078518140602,0.4635023012407122,666
cptppola,efficacy,GR,0.13969076596751362,0.0002960959375901395,0.1604236488579916,3.1495783434749436e-05,2.28335832083958,3.107946026986507,1.0536973921559336,0.41414169366037656,667
cptppola,efficacy,HR,0.07214156530036238,0.06084054190439599,0.10072391046329622,0.00877642537325773,1.8150887573964498,3.092011834319526,0.9411467352627001,0.49098067232884246,676
cptppola,efficacy,HU,0.15650298331079993,4.3744739666522794e-05,0.12235607243346211,0.0014358100604843329,1.856508875739645,3.0909763313609466,0.9530313126461624,0.49985917368098753,676
cptppola,efficacy,IE,0.13292977266361589,0.0005100126911608571,0.1511639282463436,7.577532789497217e-05,2.2044117647058825,3.1308823529411764,1.107337134642515,0.47832468835898395,680
cptppola,efficacy,IL,0.1053925359359646,0.006482168724703008,0.11144081352251134,0.003982786762428017,2.1366366366366365,3.2027027027027026,1.184210701929987,0.5368175998805894,666
cptppola,efficacy,IS,0.1151988056524136,0.0025872210076032074,0.10981097174004593,0.004089757692752149,2.7565982404692084,3.247067448680352,1.0150087403093573,0.5652947912585295,682
cptppola,efficacy,IT,0.028773404785374008,0.4595212854981582,0.058082658619902014,0.13517633094806783,2.055806938159879,3.081447963800905,0.8629107833795074,0.4250498637084794,663
cptppola,efficacy,LT,0.041765663231369765,0.2814350782115955,0.035197022314357694,0.36409668423277936,1.944527736131934,3.101949025487256,0.957777963822151,0.4794069570111917,667
cptppola,efficacy,LV,0.07056831224361818,0.06813498577375325,0.07362914550734855,0.056982744771531264,1.5500747384155455,3.086696562032885,0.8240150137641918,0.46585765250593697,669
cptppola,efficacy,ME,0.02561732751091659,0.5134502588531468,0.011991221167579344,0.7597219361180517,2.1562021439509955,3.0872894333843797,1.0242963927396431,0.4732483075282567,653
cptppola,efficacy,NL,0.08011077142991894,0.036197316414696104,0.07632143849679146,0.046007471524675055,2.128654970760234,3.1710526315789473,1.082726320396843,0.4801885337787304,684
cptppola,efficacy,NO,0.06320055851497727,0.0986289330176052,0.029695370608894916,0.4381120569066085,2.690058479532164,3.246345029239766,1.0647365085281462,0.5488452706788667,684
cptppola,efficacy,PL,0.10477029874313729,0.006401120922097418,0.10964289873836319,0.004316594748880528,1.9511834319526626,3.149408284023669,0.9280717191750327,0.47126270618667077,676
cptppola,efficacy,PT,0.08803680444708976,0.02148558113321461,0.09833708738444044,0.010181440538186431,1.7096774193548387,3.1041055718475072,0.94838616228976,0.4328787365829477,682
cptppola,efficacy,RS,0.08344189921353147,0.032613696333092045,0.08651316698217303,0.026708773933587854,1.891768292682927,3.1036585365853657,1.1413903058109518,0.4225535234396825,656
cptppola,efficacy,SE,0.12726481098484832,0.0009043239726992163,0.13191895136847442,0.0005792783908517322,2.691285081240768,3.2661004431314624,1.07174481831764,0.5543727533524412,677
cptppola,efficacy,SI,0.07536142963029559,0.051024564055729055,0.08679528778325868,0.02455269078642601,1.9821162444113263,3.1125186289120714,0.966440920149137,0.5092500243878372,671
cptppola,efficacy,SK,0.0737554989706819,0.05491490146620322,0.07152690308861044,0.06268820772060223,1.612094395280236,3.1172566371681416,0.867074425307997,0.4120204519187243,678
cptppola,efficacy,UA,0.06732553202337571,0.0813852900901749,0.088982594678983,0.021152447159110747,1.7153502235469449,2.992548435171386,1.0428376132496175,0.4586852433873135,671
trstplc,inst_trust,AT,0.04414149816360781,0.2496468819700841,0.06465458413457453,0.09157815348277432,7.3563049853372435,7.488269794721408,2.179337586976239,0.7838364913459928,682
trstplc,inst_trust,BE,0.028197344744527526,0.46157623764248906,0.028363953320991068,0.4589324586326478,6.554093567251462,7.523391812865497,2.0933550791903484,0.8466848027389503,684
trstplc,inst_trust,BG,0.0870651176960049,0.023689831157787253,0.09417404858909112,0.014380309059374083,5.1466666666666665,7.18,2.8421582470868296,1.2601987502801753,675
trstplc,inst_trust,CH,0.13533738783813223,0.0003977386225204346,0.10266509127192493,0.0073334095314469775,7.343612334801762,7.726138032305434,1.926439383046742,0.6209276066368522,681
trstplc,inst_trust,CY,0.058811155626566324,0.1260541092240639,0.05935439872368028,0.12258707623339556,5.078171091445427,7.166666666666667,2.569235364400458,1.375114694647952,678
trstplc,inst_trust,DE,0.028545758204369925,0.45771445377277425,0.047167064187900815,0.21964204147756797,7.086892488954344,7.565537555228277,2.117448701078414,0.7474968836986191,679
trstplc,inst_trust,EE,0.09060187637972532,0.018207145273316818,0.07210521718739313,0.06039841081890825,7.4977908689248896,7.623711340206185,2.125747026876995,0.7748900839579397,679
trstplc,inst_trust,ES,0.006464083161247634,0.8661880036310263,0.021726991375566287,0.5711020339281967,6.931085043988269,7.326979472140763,2.393015103987245,1.079160206555785,682
trstplc,inst_trust,FI,-0.0061582507468468444,0.8721847593254037,0.010912201491964604,0.7755778517851132,8.364963503649635,7.635036496350365,1.4000621979122192,0.7222033417222079,685
trstplc,inst_trust,FR,0.02901336967617706,0.44904166127898265,0.029134785039072818,0.4471452121211284,6.547584187408492,7.308199121522694,2.1806949287557202,1.140994373213984,683
trstplc,inst_trust,GB,0.1264704263677571,0.0009828640622709481,0.12141195828575835,0.0015638014774209989,5.844674556213017,7.036242603550296,2.5498557194919345,1.2808342514060285,676
trstplc,inst_trust,GR,-0.05759309260756384,0.13267289920509812,-0.03531280307051351,0.35680444045846893,5.909224011713031,7.364568081991215,2.4048984373011355,0.9887360837850381,683
trstplc,inst_trust,HR,-0.024281646994648607,0.5276159501262553,-0.05078126731653452,0.18628335353369443,5.475699558173785,7.225331369661267,2.5455580615465876,1.2594915748826323,679
trstplc,inst_trust,HU,-0.012398399668821738,0.7476237803207466,0.009455179059959108,0.8061582048006971,6.347633136094674,7.218934911242603,2.535468752925844,1.2936297673663963,676
trstplc,inst_trust,IE,0.06460799180188513,0.09399104307526464,-0.01782597331019418,0.644351870078198,6.531946508172362,7.2429420505200595,2.316980264213188,1.2627498425229053,673
trstplc,inst_trust,IL,0.30492755186936515,1.0352935997873194e-15,0.2892444110893537,3.1780171158214744e-14,4.7024169184290034,7.3814199395770395,2.806512884928297,1.0264589375440898,662
trstplc,inst_trust,IS,0.14871822741386997,9.916389865283529e-05,0.11167799545705412,0.00354579614842843,7.2632352941176475,7.510000000000001,2.0551601360025575,0.8967885757701263,680
trstplc,inst_trust,IT,-0.008362378944049623,0.828315821186011,0.05115009190635601,0.1844014415423571,6.708148148148148,7.37037037037037,2.043846226215952,1.0449166248222779,675
trstplc,inst_trust,LT,0.07762487404378406,0.04332637132857852,0.05161082966540885,0.17950520579657542,6.871681415929204,7.2234513274336285,2.341531863340674,1.2306986186498043,678
trstplc,inst_trust,LV,0.05325012373949057,0.1727955495577349,0.06417681097923683,0.10027067142483302,5.229832572298326,7.19406392694064,2.5478037174988266,1.294339723209424,657
trstplc,inst_trust,ME,0.014732920013208322,0.7023992187750159,-0.025525985183530987,0.5079306795590842,5.392592592592592,7.192592592592592,2.1995963222048753,1.1199982533388795,675
trstplc,inst_trust,NL,0.07330782160596237,0.05732924376184578,0.08677014428333105,0.024380806760162854,7.043090638930163,7.702080237741456,1.6482992549099345,0.7344793747176688,673
trstplc,inst_trust,NO,0.05087557332347871,0.18449398183029536,0.0641921663617109,0.09392649230391732,7.642228739002933,7.744134897360704,1.9070561503332333,0.7123841994047805,682
trstplc,inst_trust,PL,0.013668675242973466,0.7233737594526083,0.039802006871708054,0.3025208993458594,5.1783060921248145,7.317979197622585,2.543257679907068,0.9992202701987891,673
trstplc,inst_trust,PT,0.07180890843103671,0.061849862868461614,0.12225715498178784,0.0014369664669995161,6.361890694239291,7.172821270310192,2.3446832654440795,1.3149008958615234,677
trstplc,inst_trust,RS,0.006692879042275287,0.8638395892656333,0.01572808375853895,0.6869379439581179,5.267071320182094,6.982549317147193,3.0574527629452044,1.4163876508312774,659
trstplc,inst_trust,SE,0.06378633078135144,0.09627188081144385,0.03079731204234561,0.4223217081763502,7.101321585903084,7.645374449339207,2.007342701541125,0.8380719552810229,681
trstplc,inst_trust,SI,0.06828239053862194,0.0758245726313806,0.03589570635310981,0.3510508024523677,6.323485967503693,7.4069423929098965,2.3846639489833583,1.1299692164428492,677
trstplc,inst_trust,SK,0.03536845099672156,0.35853241030942884,-0.02958007663039619,0.44259015926693523,5.653846153846154,7.125,2.731164451156184,1.2691131344951672,676
trstplc,inst_trust,UA,0.06989337772882184,0.0767851021596975,0.06672577253834219,0.09116825869814986,3.412772585669782,5.928348909657321,2.8426260805820864,2.0061154746746057,642
happy,wellbeing,AT,0.15332803742243903,5.8775302373905054e-05,0.1232713158001262,0.001267329375463775,7.650513950073422,7.409691629955947,1.6462177327747893,0.8477444426607539,681
happy,wellbeing,BE,0.1070208454737857,0.0050481571016735925,0.11635105827436384,0.00228840045291195,7.792700729927008,7.591970802919708,1.4652722157177611,0.6624933403792592,685
happy,wellbeing,BG,0.205304963463565,6.463684569369479e-08,0.19341326587741883,3.6542873987108724e-07,6.306901615271659,7.290014684287812,2.0908967828380915,1.0410487499555698,681
happy,wellbeing,CH,0.07764954644971994,0.04249286078832084,0.05606379050546989,0.14328859352548298,8.150805270863836,7.68081991215227,1.482778489368937,0.6670048833716545,683
happy,wellbeing,CY,0.167919021173927,1.0886105288173337e-05,0.13623965972293123,0.0003706373796781593,6.972017673048601,7.297496318114875,2.112774858901669,1.0586807506378324,679
happy,wellbeing,DE,0.050427240951789506,0.18742481543962133,0.10046482402532286,0.008506547773824874,7.760583941605839,7.56058394160584,1.6774806046513673,0.638363869939007,685
happy,wellbeing,EE,0.11424194811410034,0.002790183513690299,0.08695628974034765,0.023045312435628514,7.430453879941435,7.685944363103953,1.7982748980454022,0.5269636727920807,683
happy,wellbeing,ES,0.13952174331825054,0.0002520085056306032,0.06169840984550487,0.10691676414881457,7.881578947368421,7.467105263157895,1.5302742339028848,0.7566299137525181,684
happy,wellbeing,FI,0.12402275225422878,0.0011530773657107277,0.18978746326942478,5.732439328404914e-07,8.096491228070175,7.624269005847953,1.4648800184466202,0.6632334990300275,684
happy,wellbeing,FR,0.1814317054545303,1.8509146802614943e-06,0.16533801362308712,1.4260875104655919e-05,7.464809384164223,7.53958944281525,1.596460579108054,0.7044343343010239,682
happy,wellbeing,GB,-0.004815148247271866,0.9001863986797022,-0.005536765767230028,0.885324395232217,7.483113069016153,7.358296622613803,1.9956039187253292,0.8998166676690575,681
happy,wellbeing,GR,0.06229442687578845,0.10356475355201113,0.059491449743556,0.12008081223759465,6.777777777777778,7.470760233918129,1.5842481495797571,0.7203537489922622,684
happy,wellbeing,HR,0.14488094967721155,0.00014663881809582135,0.16204819637158555,2.1160237888915076e-05,7.595307917888563,7.372434017595308,1.8601252801260297,0.8597730120234095,682
happy,wellbeing,HU,0.27022261927198715,7.078586395759901e-13,0.24803337882819876,5.08406677275611e-11,7.0982404692082115,7.299120234604105,1.9675852984933986,0.9471957778708641,682
happy,wellbeing,IE,0.09253580909031944,0.015406891089141159,0.1113236165870546,0.0035299757525180703,7.664233576642336,7.433576642335766,1.6467111128615846,0.87042684395743,685
happy,wellbeing,IL,0.13873382421440303,0.00027906844540154637,0.05717922943920679,0.1357714098812798,7.400293255131965,7.620967741935484,1.922018617840616,0.6717174617679217,682
happy,wellbeing,IS,0.0882201986294022,0.021024839804041063,0.06342198206930598,0.09745176091736071,8.036549707602338,7.56359649122807,1.5190764789557039,0.6982340751962216,684
happy,wellbeing,IT,0.15673361942768377,3.887465506398234e-05,0.161510042201874,2.224370409326714e-05,6.869692532942899,7.427525622254758,1.7536734112099184,0.7631184269692838,683
happy,wellbeing,LT,0.14835106786179592,0.0001008085512683562,0.11559258716825381,0.002500194404040677,7.404692082111437,7.326979472140763,1.9367020825213035,0.9800383415082049,682
happy,wellbeing,LV,0.16808071277203981,1.0050921075776538e-05,0.1401789456722567,0.00023792040139702946,6.806734992679356,7.348462664714495,2.065102093232825,0.9166638205040283,683
happy,wellbeing,ME,0.060853877587209365,0.11366989941477758,0.04632857455113741,0.22864662730116753,6.506646971935007,7.408419497784343,1.9691481685749825,0.6840555282819664,677
happy,wellbeing,NL,0.19557368921861243,2.5305557781696393e-07,0.17639860709786082,3.460094568201e-06,8.00438596491228,7.658333333333333,1.2226431548882588,0.6296045611076021,684
happy,wellbeing,NO,0.09134129920715585,0.01687075037810581,0.06852771469497942,0.0732836456597616,7.954678362573099,7.670321637426901,1.5341858592481814,0.5096542755489344,684
happy,wellbeing,PL,0.17080606626475733,7.505104581373944e-06,0.14655532839557758,0.00012536422470298058,7.555882352941176,7.461764705882353,1.9218442260347752,0.8275501776589499,680
happy,wellbeing,PT,0.2254930517338488,2.603292452784478e-09,0.1742523145248305,4.7093087145740935e-06,7.013196480938417,7.236070381231672,2.026578618804638,1.024653996700369,682
happy,wellbeing,RS,0.1803281541620086,2.178992329021968e-06,0.14350816812468487,0.00017156983168783971,7.161527165932452,7.251101321585903,2.2183168008741085,0.9425104727213525,681
happy,wellbeing,SE,0.08195674852393629,0.03210241910384417,0.11491203810347797,0.0026140368624758734,7.728070175438597,7.692251461988304,1.6177189862110928,0.5770994935021992,684
happy,wellbeing,SI,0.13363136070910234,0.000494679286233195,0.12741589220065608,0.0008994522747407475,7.7485207100591715,7.443047337278107,1.7802407330803904,0.9329819358222737,676
happy,wellbeing,SK,0.1438724308919533,0.00016692729692706896,0.18478568879617593,1.2247150908650917e-06,6.6382352941176475,7.198529411764706,2.0840250374998557,1.089647718005497,680
happy,wellbeing,UA,0.15788800647333007,3.783485639263611e-05,0.16067881715096372,2.73955360497048e-05,6.0,6.622222222222222,2.6362008451827856,1.4650562150154143,675
stflife,wellbeing,AT,0.15774997969839016,3.5496316451518026e-05,0.19272760519187268,4.0252276781048836e-07,7.709251101321586,7.533186490455213,1.689253105953353,0.7376731953320125,681
stflife,wellbeing,BE,0.21971757622518484,6.2021195146020795e-09,0.1324562792727105,0.0005095089904139626,7.497810218978103,7.662043795620438,1.6959043867732362,0.6247960353574898,685
stflife,wellbeing,BG,0.23402995099162838,7.100933190374377e-10,0.24738876097116888,6.724138916405202e-11,6.13589364844904,7.501181683899557,2.224626085310034,0.8410150378353574,677
stflife,wellbeing,CH,0.18615953306246133,9.62671444609077e-07,0.11433226164935965,0.002768527058111274,8.131771595900439,7.796486090775988,1.5526632858200045,0.4936719300436218,683
stflife,wellbeing,CY,0.14428643391773785,0.00016155977137522257,0.1751871112606123,4.387905406936934e-06,6.378497790868925,7.49440353460972,2.386579385201395,0.9754499252568803,679
stflife,wellbeing,DE,0.1262627782979239,0.0009268424916686942,0.14544351615642187,0.00013345204116953918,7.689051094890511,7.638394160583942,1.7953676109634502,0.7428216254373007,685
stflife,wellbeing,EE,0.16228813916327794,1.9718514970390146e-05,0.14890905799924517,9.152125699832602e-05,7.02043795620438,7.754014598540146,2.0013569477920097,0.5218913252221449,685
stflife,wellbeing,ES,0.0332885392759109,0.38505564543437537,0.08109038361355914,0.034103451132364945,7.5183016105417275,7.541727672035139,1.8165584222020117,0.708723152136219,683
stflife,wellbeing,FI,0.08478869427232633,0.02648150239116383,0.11212727665306613,0.0032973711764228775,7.957664233576643,7.757664233576643,1.5671015926595087,0.5883521725199552,685
stflife,wellbeing,FR,0.22875391697202785,1.8827818335795133e-09,0.20289619352079888,1.0779180257770264e-07,6.786350148367952,7.61839762611276,2.2573092179508203,0.6628452667116835,674
stflife,wellbeing,GB,0.11767501920010028,0.0020828169903643555,0.12056908666743033,0.0016081983880800131,6.969208211143695,7.5722873900293255,2.196764866181473,0.7590145783895473,682
stflife,wellbeing,GR,0.09900069790363712,0.009627346463896767,0.09721246151578564,0.011023723692441372,6.396778916544656,7.639677891654465,1.9311738463063015,0.6361480594736479,683
stflife,wellbeing,HR,0.15234940317929035,6.241860362258884e-05,0.14841549977167828,9.662115199339574e-05,7.2846715328467155,7.5175182481751825,2.0891984287520735,0.7582776931794412,685
stflife,wellbeing,HU,0.1818020418906964,1.8248040333750732e-06,0.20277619244569436,9.631988030244663e-08,6.572058823529412,7.457794117647059,2.1540348540928083,0.9082980987512287,680
stflife,wellbeing,IE,0.08032297999567906,0.036251255725947285,0.10765196248325504,0.0049506782029069395,7.348529411764706,7.529117647058824,1.832611843782841,0.8694313400514586,680
stflife,wellbeing,IL,0.15627119693235192,4.208100636347014e-05,0.04340567350779648,0.2579853545923005,7.145374449339207,7.720411160058737,2.0646207205866203,0.7528829735591515,681
stflife,wellbeing,IS,0.12993634544607238,0.0006579853590845883,0.12507188406973263,0.0010456348258013216,7.792397660818714,7.683479532163743,1.7645112504339937,0.7155697017875515,684
stflife,wellbeing,IT,0.19131147926126268,5.956724665615458e-07,0.1944428519013814,3.8563432052520844e-07,6.7675111773472425,7.540238450074516,1.864728279860286,0.7730667382979743,671
stflife,wellbeing,LT,0.13871275067320016,0.0003038639930141256,0.15260265260861536,6.95670254700903e-05,7.078635014836795,7.486646884272997,2.1151236160481055,0.8189615992086507,674
stflife,wellbeing,LV,0.29634006836718363,2.85381000108776e-15,0.2686375098613755,1.0115252466847854e-12,6.306901615271659,7.342143906020558,2.270934493579623,0.9461846526485523,681
stflife,wellbeing,ME,0.011848098061235206,0.75725682679519,-0.015207738452455065,0.6915606249216544,6.175695461200585,7.44480234260615,2.185300312430131,0.7998433207241992,683
stflife,wellbeing,NL,0.07933906571067183,0.03903856205019815,0.03914222194912899,0.30917344468748637,7.943870014771049,7.875332348596751,1.2198233579084161,0.5313514786079778,677
stflife,wellbeing,NO,0.06221392751693243,0.10401255427207673,0.05612171653717748,0.14258169080173128,7.747076023391813,7.752631578947368,1.6867601526773168,0.6055928488849884,684
stflife,wellbeing,PL,0.10866433858365228,0.004526890301641882,0.10300196500507364,0.007141836174561955,7.293685756240822,7.5411160058737154,2.0107296190949295,0.7758759298893545,681
stflife,wellbeing,PT,0.16564304697846755,1.3348148195845849e-05,0.17522589152995058,4.025073206228774e-06,6.527777777777778,7.360087719298246,2.0385997771926374,1.052780182351769,684
stflife,wellbeing,RS,0.020986258459015014,0.5854089624820998,0.014285483357048124,0.7104109855114433,6.6932153392330385,7.34070796460177,2.3391184917411567,0.8686195606692492,678
stflife,wellbeing,SE,0.1482732841252485,0.00010047804586715463,0.12064828224171814,0.0015840672472984827,7.814055636896047,7.837628111273792,1.813676078499441,0.5696669778050677,683
stflife,wellbeing,SI,0.14459474297236774,0.0001546177394979673,0.10477519723384868,0.006243590423653438,7.547058823529412,7.567647058823529,1.9205478007980714,0.8476670186533694,680
stflife,wellbeing,SK,0.12624153310294142,0.0010128558268150114,0.13184582005453657,0.0005945065544968391,6.33925925925926,7.364592592592593,2.2345113545282715,0.9394137345352558,675
stflife,wellbeing,UA,0.05662145203697991,0.13992726519393167,0.05944521961257803,0.1211890576446758,5.0646108663729805,6.763289280469897,2.8109965581307503,1.3472642389038019,681
imsmetn,immigration,AT,-0.005193332096334281,0.8927876763038415,-0.02987129470021419,0.43810962386542623,2.048816568047337,2.9571005917159763,0.7957191513243553,0.5679800689770768,676
imsmetn,immigration,BE,-0.048720853602849896,0.205817834178783,-0.03310929227351945,0.3900734875428533,1.8831360946745561,3.0502958579881656,0.7115634861234331,0.5139389513081366,676
imsmetn,immigration,BG,-0.016637853086383905,0.6675131114860755,-0.029160655218284103,0.4514553225220749,2.2600896860986546,2.90881913303438,1.0183528400875712,0.6303667394622001,669
imsmetn,immigration,CH,0.042122736094987116,0.27661653293992866,0.017186430629911934,0.6572384580570685,1.8460388639760836,2.98355754857997,0.6579113237090359,0.5027158770572883,669
imsmetn,immigration,CY,0.017051505196116475,0.6580906582085497,0.03391158414670337,0.37868454999505524,2.3653846153846154,2.921597633136095,0.8698658900466593,0.6357785248621339,676
imsmetn,immigration,DE,0.022392606958703386,0.5643195979989072,0.015058786497976543,0.6982963225851548,1.7593984962406015,2.9819548872180452,0.6958393555503131,0.5908227093345231,665
imsmetn,immigration,EE,0.01719647752836095,0.6553704733190691,0.023146082684323926,0.5479965884901017,2.0502958579881656,3.0428994082840237,0.7121068800641306,0.5494184361799885,676
imsmetn,immigration,ES,-0.031255242290803766,0.41891021309255616,-0.04296247486676763,0.2664289720435679,1.8926974664679583,2.9806259314456036,0.8179645447062829,0.6068614353004438,671
imsmetn,immigration,FI,-0.05568185159743541,0.14873275522087673,-0.05195247634006696,0.1779251558134227,1.9332344213649852,3.086053412462908,0.6764951510490699,0.5572817999650538,674
imsmetn,immigration,FR,-0.09349188961591771,0.016526587162454757,-0.09739407956297948,0.01250398849735906,1.9497716894977168,2.9360730593607305,0.6998937917613459,0.6548541409151394,657
imsmetn,immigration,GB,-0.029339737539693125,0.45383102189068697,-0.0357750395303401,0.3610151337756209,1.9755351681957187,2.903669724770642,0.7939362099686824,0.6272661125046596,654
imsmetn,immigration,GR,-0.008043464572730787,0.8341630098398009,0.006013139483646316,0.8756259753038439,2.0676470588235296,2.960294117647059,0.9391565759078011,0.6187163551215932,680
imsmetn,immigration,HR,0.03915712389943875,0.30898914953418766,0.04345575399072861,0.2588434389170778,2.0,2.8833087149187593,0.9003615315938174,0.6293856642134685,677
imsmetn,immigration,HU,-0.0344192428916308,0.3733659934360678,-0.03382362590948342,0.38169759983475976,2.8733233979135617,2.910581222056632,0.882865491371537,0.6188999308153788,671
imsmetn,immigration,IE,-0.011162251584771153,0.7722176642905821,-0.008437306222992963,0.8268017538737478,2.08,2.9392592592592592,0.8644649809356623,0.571983935609987,675
imsmetn,immigration,IL,-0.09222267366238705,0.01745399996565931,-0.10344257753026767,0.007638014100034463,1.8042168674698795,2.9849397590361444,1.1299756352710935,0.462548187682264,664
imsmetn,immigration,IS,-0.052726826863344164,0.17249811226359765,-0.03899968411172593,0.3131017088718841,1.602086438152012,3.0536512667660207,0.6286173871147425,0.6157976921088629,671
imsmetn,immigration,IT,-0.06273046269828941,0.10268021695424658,-0.0537598884966881,0.16203754662823883,2.1194690265486726,2.8864306784660765,0.8343821149870585,0.6152363360932651,678
imsmetn,immigration,LT,-0.0720859602348929,0.061813251593012576,-0.050628538072278725,0.18991214504300233,1.9181547619047619,2.949404761904762,0.7916276803894686,0.6994566359332514,672
imsmetn,immigration,LV,-0.04259940006149769,0.2763052380563575,-0.02014119185820341,0.6068741673905402,1.9038167938931299,2.9435114503816795,0.9712538461506797,0.6119477147621627,655
imsmetn,immigration,ME,0.010401715125699028,0.7876607520224196,-0.005615263270912411,0.8843927936632286,2.2199108469539377,2.912332838038633,0.8429091441983768,0.6746114814904569,673
imsmetn,immigration,NL,-0.004093861443149185,0.915639567578553,-0.016706673347801945,0.6655158578564447,2.0982142857142856,2.994047619047619,0.6922154514393706,0.5822462675362517,672
imsmetn,immigration,NO,-0.015821827045057,0.6811190022668829,-0.03694365421867105,0.33715762963379714,1.672082717872969,3.0428360413589366,0.6192216475293267,0.5270181761467433,677
imsmetn,immigration,PL,-0.03249981201713203,0.40026662459642054,-0.054472928849001574,0.15838673266718611,2.2723214285714284,2.9642857142857144,0.7751401763248688,0.6190503485525277,672
imsmetn,immigration,PT,-0.03833929834739926,0.3210108332590059,-0.047060517932706096,0.22309025589968534,2.3824404761904763,2.875,0.7993223635448731,0.6747522590020103,672
imsmetn,immigration,RS,-0.03032682226252911,0.43667972994600673,-0.005314914909114959,0.8915961635300027,1.8833333333333333,2.871212121212121,0.9349207903175173,0.6377752377398307,660
imsmetn,immigration,SE,0.0274841952401306,0.477569876527199,0.0306280490054059,0.4286565146241481,1.7164179104477613,3.080597014925373,0.6163194226778166,0.5571223324052076,670
imsmetn,immigration,SI,-0.11125843250525791,0.0038011203581781268,-0.09901921094453764,0.010048520734609405,1.8681481481481481,2.951111111111111,0.7441813708617433,0.6155582574770402,675
imsmetn,immigration,SK,-0.049305850549720205,0.20209803303465157,-0.050060391356360645,0.19527121937968273,2.684053651266766,2.8792846497764533,0.8919368276845236,0.6988498617738522,671
imsmetn,immigration,UA,0.037291541015100696,0.34473884340727506,0.03596651906246405,0.36216387855864557,1.6832298136645962,2.6940993788819876,0.8883021374416928,0.7322153453984276,644
impcntr,immigration,AT,-0.005273466829184105,0.8915458736529838,-0.003914919656820884,0.919374164388546,2.761549925484352,2.678092399403875,0.882540420686507,0.8034143168900687,671
impcntr,immigration,BE,-0.04041907981437126,0.2943619302733826,-0.015355636916381508,0.6904568204537314,2.0903703703703704,2.899259259259259,0.8184513560781624,0.7559355922487911,675
impcntr,immigration,BG,0.10647904075886144,0.005874494062544198,0.11838486181417787,0.002178210816975622,2.803892215568862,2.7260479041916166,0.9744178135284784,0.7674670330881713,668
impcntr,immigration,CH,-0.009376932613662434,0.8094181768727239,-0.024192668906314732,0.5337328106951812,2.180722891566265,2.8704819277108435,0.771194498663796,0.7212163407958594,664
impcntr,immigration,CY,-0.07567717822246116,0.04971581829232964,-0.04971802395316279,0.19767768642485128,3.026745913818722,2.662704309063893,0.7495222422277682,0.8901192721690513,673
impcntr,immigration,DE,-0.061229850452936135,0.11441167824924058,-0.05934206168292134,0.12603881351526824,2.15015015015015,2.83033033033033,0.8050451675415065,0.7636746613985214,666
impcntr,immigration,EE,-0.1391500298383778,0.0003030562607703364,-0.13914014227879515,0.0003033594775248966,2.743283582089552,2.9029850746268657,0.8609140830968232,0.7073118334032497,670
impcntr,immigration,ES,-0.10443196286493679,0.007074414252476502,-0.11119731030306522,0.004119579884174597,2.0150602409638556,2.7289156626506026,0.878646804766819,0.8101959795659561,664
impcntr,immigration,FI,-0.0029277401383472003,0.9397044544552342,0.017378308239091776,0.6534170020391212,2.4134328358208954,2.9,0.7984281123803074,0.8312829783741089,670
impcntr,immigration,FR,0.04275326051444032,0.27092583350902166,0.054097087381738,0.1634898979604459,2.22406015037594,2.8075187969924813,0.8210475214755,0.8443312085797156,665
impcntr,immigration,GB,-0.16272450860198617,2.857063027613274e-05,-0.15462490791615013,7.077245233950821e-05,2.1374045801526718,2.6076335877862595,0.877543126296993,0.8532738105743266,655
impcntr,immigration,GR,0.01479975388765291,0.6998480152750082,0.023559386832613067,0.53937330604932,3.066079295154185,2.801762114537445,0.7746217594243142,0.7594869451135253,681
impcntr,immigration,HR,-0.10322291399379141,0.00727444575201264,-0.08764584050992484,0.022770165027811203,2.299259259259259,2.6755555555555555,0.9208672451173482,0.8188675203144371,675
impcntr,immigration,HU,-0.03924183654641022,0.3104664534939238,-0.041970013356709426,0.27800300683252394,3.273134328358209,2.6402985074626866,0.781910979674284,0.836670692674144,670
impcntr,immigration,IE,-0.029976117532371317,0.4399288859995811,-0.01011084870564936,0.7945190486503213,2.2522522522522523,2.7417417417417416,0.8991404597438064,0.7594810055979211,666
impcntr,immigration,IL,0.038638641678107655,0.3234674571635954,0.01866190042652169,0.6335453834351961,3.1587786259541986,2.8244274809160306,0.8963799288875683,0.673673983876855,655
impcntr,immigration,IS,0.07507304214011933,0.053889167876713995,0.09214121807723424,0.01789893699018406,1.8954545454545455,2.8363636363636364,0.7885623610874215,0.7871572262435405,660
impcntr,immigration,IT,-0.030319085973988767,0.4319560354616732,-0.018123897466436195,0.6385772672761498,2.2700296735905043,2.698813056379822,0.8831042433461301,0.842640590996249,674
impcntr,immigration,LT,-0.05050195390237626,0.1906923915974772,-0.05688751375458564,0.1404168943117218,2.429420505200594,2.7310549777117386,0.9119718579202073,0.8489497634383326,673
impcntr,immigration,LV,-0.1253317267930021,0.001242629918065023,-0.12674658295712718,0.0010921085850207205,2.789712556732224,2.670196671709531,0.9814723366219807,0.8110065523337647,661
impcntr,immigration,ME,-0.04721449497065037,0.2226161634696705,-0.043368126792585025,0.26265093555099583,2.3721973094170403,2.8430493273542603,0.8426530582508891,0.7118755056799762,669
impcntr,immigration,NL,0.05451599939404501,0.1565131827286697,0.05957572348407575,0.12147183137938307,2.3220088626292466,2.8877400295420976,0.8138974717959836,0.7492286390796596,677
impcntr,immigration,NO,0.02985846683598163,0.4359363777786506,0.05204606053327376,0.1742685672280809,1.828696925329429,2.8740849194729137,0.7008138756923742,0.78956844728881,683
impcntr,immigration,PL,-0.03186907615367755,0.4119373477728345,-0.026109018557445986,0.5014966906239658,2.5278195488721806,2.768421052631579,0.7700486394685641,0.780346735283081,665
impcntr,immigration,PT,-0.018627704514405315,0.6305542128840157,-0.017023133680652423,0.6602903092489087,2.469357249626308,2.603886397608371,0.8121659364989341,0.8529886656467854,669
impcntr,immigration,RS,-0.05482545876528188,0.15914606869293216,-0.06051588456311055,0.12010368823023256,2.552193645990923,2.7155824508320725,1.0656121581210132,0.7828943006527702,661
impcntr,immigration,SE,-0.031067801994627792,0.42101332149820914,-0.031397559507452946,0.4160979641966444,1.8291233283803863,2.9390787518573553,0.6828568127592801,0.7720009453120672,673
impcntr,immigration,SI,-0.09537505672697555,0.01317597341312702,-0.09681465243868186,0.011850321619760483,2.202962962962963,2.819259259259259,0.8272026383285275,0.7567202675022711,675
impcntr,immigration,SK,-0.08959065586886748,0.019911976727554875,-0.07201702505703807,0.06148131999604799,2.977777777777778,2.617777777777778,0.8356545318120886,0.846871241747476,675
impcntr,immigration,UA,0.007672497133045503,0.8468687327310517,0.011681899415931174,0.7687297980160476,2.3867924528301887,2.360062893081761,1.0757521130933652,0.844197981671778,636
imdfetn,immigration,AT,-0.028814530920891666,0.45516301149676847,-0.03887821801114183,0.31352898089828674,2.5875370919881306,2.798219584569733,0.8648109255542219,0.6615730089817753,674
imdfetn,immigration,BE,-0.046103238117107384,0.23161331622531303,-0.029408030369277867,0.4455874985877352,2.066666666666667,2.937777777777778,0.7875138357787923,0.6620114420137103,675
imdfetn,immigration,BG,0.05743997004032432,0.13689062961057286,0.0566555105934559,0.14234259964038323,2.7336309523809526,2.8229166666666665,0.9852261426319697,0.6926558353966215,672
imdfetn,immigration,CH,-0.07513877998351216,0.05224352917640945,-0.06542051542604223,0.09112706063623686,2.1152694610778444,2.929640718562874,0.7140948197121578,0.5471654006521678,668
imdfetn,immigration,CY,-0.12481281033046276,0.0011563391838089404,-0.12436435675726663,0.001205103145526988,2.8903703703703703,2.788148148148148,0.7527273924274933,0.7213418764002564,675
imdfetn,immigration,DE,-0.059736150254403896,0.12382188032309517,-0.08350700734906853,0.03130647448106224,2.081203007518797,2.9593984962406017,0.752120533944728,0.6304327250237474,665
imdfetn,immigration,EE,-0.14112392109793184,0.00022751176078470768,-0.14723255653652345,0.00011927152910839848,2.4705014749262535,2.9528023598820057,0.8143016595586721,0.6033996198255753,678
imdfetn,immigration,ES,-0.10323294412683197,0.007624507359619557,-0.0832780995938946,0.031517964236372924,2.0209895052473765,2.874062968515742,0.8748282945439865,0.6523476768752289,667
imdfetn,immigration,FI,-0.10455951625681383,0.00654880922420023,-0.09256064782751217,0.016150135572704383,2.311111111111111,2.9496296296296296,0.7956359704213284,0.7209120988814522,675
imdfetn,immigration,FR,-0.05872139272903987,0.13063616510991044,-0.04438627475071867,0.2533865955972164,2.1716867469879517,2.9051204819277108,0.7944260104240488,0.6849189825165689,664
imdfetn,immigration,GB,-0.10632636488045519,0.0063336540615528195,-0.10450989178960426,0.007294531871574088,2.0410334346504557,2.846504559270517,0.8107835784332234,0.6683733411160604,658
imdfetn,immigration,GR,-0.06073167495538892,0.11359584756242222,-0.049943734604900945,0.1933306819399577,2.8970588235294117,2.8588235294117648,0.7965260708304562,0.6357617615216811,680
imdfetn,immigration,HR,-0.04198549999733186,0.2746096336084028,-0.03958313243734777,0.30303545351146266,2.318114874815906,2.8055964653902796,0.9370190503125431,0.7126529576866868,679
imdfetn,immigration,HU,0.01235733247015808,0.7496982333311274,0.037730987747837334,0.3298404675659285,3.2630792227204783,2.781763826606876,0.7598633433720781,0.7030062889777171,669
imdfetn,immigration,IE,-0.09652921334502783,0.012231916829277023,-0.07585053708556229,0.04919366008017429,2.2421991084695394,2.851411589895988,0.889356329338763,0.6375422009720112,673
imdfetn,immigration,IL,-0.021754787016014743,0.5786581404211953,-0.029250382511533727,0.45520770175594355,2.9281345565749235,2.9357798165137616,0.9819366464181382,0.5031337512624097,654
imdfetn,immigration,IS,0.017581106858926693,0.6518539127111825,0.012991857487562403,0.7388312424006124,1.8850226928895613,2.993948562783661,0.7951193208146419,0.6004743002235748,661
imdfetn,immigration,IT,-0.04178617268905031,0.2779643041030057,-0.039972410791413955,0.29937524925819264,2.363905325443787,2.764792899408284,0.8541656443925186,0.71139099110896,676
imdfetn,immigration,LT,-0.09985848432565501,0.009643683602664719,-0.09649113563927929,0.012396517429793164,2.3472429210134127,2.895678092399404,0.9110371319692073,0.7004236100634145,671
imdfetn,immigration,LV,-0.0475783703997777,0.22539697151027696,-0.04754889046943246,0.22568485812954292,2.509984639016897,2.771121351766513,1.0127533679919616,0.7347391807387377,651
imdfetn,immigration,ME,-0.012402547677442484,0.748267557873582,0.003962859152674895,0.918329492637555,2.3511904761904763,2.9166666666666665,0.8343581804014111,0.6240740781687905,672
imdfetn,immigration,NL,-0.007674636667064597,0.8424738698522732,-0.017461270669907297,0.6511415212574794,2.1679049034175333,2.958395245170877,0.7237743600574117,0.6158074776268696,673
imdfetn,immigration,NO,-0.031937208561686053,0.4053446925444828,-0.03926053236277161,0.30628221013949775,1.7533039647577093,2.97503671071953,0.6736152092378931,0.6284617355592191,681
imdfetn,immigration,PL,-0.09643166552236009,0.01232017775117888,-0.09730732722384183,0.011547665395031643,2.649331352154532,2.820208023774146,0.8066337672002105,0.735216572883573,673
imdfetn,immigration,PT,-0.05696948079052794,0.1404373248533619,-0.0525222978565567,0.1741714576916863,2.5007451564828616,2.72876304023845,0.811990025875951,0.7377202411578706,671
imdfetn,immigration,RS,-0.07765613902037395,0.045794381268115934,-0.061294724104868026,0.11512371176789135,2.401812688821752,2.719033232628399,1.054575668601822,0.7253150823171509,662
imdfetn,immigration,SE,-0.05487115609493391,0.15629051813622888,-0.05972078224894032,0.1227897801035911,1.7757847533632287,3.0328849028400597,0.6638299699837521,0.6603353032972845,669
imdfetn,immigration,SI,-0.04616384019352781,0.2327415755571626,-0.03766272444937336,0.3303543086188142,2.2,2.8686567164179104,0.8065501651533021,0.6985376472395927,670
imdfetn,immigration,SK,-0.044657583941047685,0.24589112446855713,-0.03333979187856831,0.3864280668418438,2.9955686853766617,2.7104874446085674,0.8257923450386621,0.7568772843630152,677
imdfetn,immigration,UA,-0.034586526072455874,0.38162960418748254,-0.025799920566401024,0.5140491266509052,2.2118380062305296,2.5763239875389408,1.0232782283091104,0.8101926010983798,642
gincdif,values,AT,0.087745722161071,0.023539249399776602,0.10027023792338786,0.009616036248351984,1.8138138138138138,3.4054054054054053,0.8730836483475676,0.6138018349126746,666
gincdif,values,BE,0.04560585788345232,0.23358048515764399,0.0696501234200669,0.0686879771343985,2.232456140350877,3.4722222222222223,1.0109499133041553,0.6007221401257169,684
gincdif,values,BG,0.03713780047151124,0.33283791786835043,0.040253916129012586,0.29384072324432525,1.595307917888563,3.498900293255132,0.834555625190917,0.5896957517382352,682
gincdif,values,CH,0.08549619874374448,0.026561493741073115,0.07798868478474992,0.04312248882282877,2.2303120356612185,3.472511144130758,1.0259299167855094,0.5965194885732128,673
gincdif,values,CY,0.051308585620212246,0.1853387140305718,0.04145896247597701,0.28462427531777,1.8817365269461077,3.4839071856287425,0.9209026808351298,0.5783960428435476,668
gincdif,values,DE,0.04149814103163505,0.28165058064949616,0.03591336143515408,0.3515289677688441,2.3214814814814817,3.5244444444444443,1.012707478480877,0.5717725402503795,675
gincdif,values,EE,0.08504919384190637,0.027480900264656983,0.08971323687479313,0.020018815790766788,2.4613095238095237,3.4749999999999996,0.98800107370282,0.6198648956205318,672
gincdif,values,ES,0.057033251427319305,0.14058717553258207,0.04805033315265855,0.21452583137720174,2.218236173393124,3.475336322869955,1.014961076127945,0.6103437842078749,669
gincdif,values,FI,0.06998148049345572,0.06880007420749905,0.0630105997463582,0.10140391764133823,2.295420974889217,3.4741506646971936,1.0095079100467599,0.5689157608530834,677
gincdif,values,FR,0.12667616058569384,0.0009391985312705496,0.12488204473166288,0.0011105608308202572,2.09720176730486,3.499926362297496,1.0777890918387267,0.5726078833545828,679
gincdif,values,GB,0.006205311973529373,0.8741502641216387,0.0028299359975661746,0.9424166020599074,2.197247706422018,3.447247706422018,0.9973587215265853,0.5703630474784297,654
gincdif,values,GR,-0.012857349311596246,0.7376835164380906,-0.008819398067164226,0.8182996644990327,1.6784140969162995,3.534508076358297,0.8049229842814244,0.5602508107004924,681
gincdif,values,HR,0.05181770297085365,0.17840862795401038,0.03665609882319735,0.34129248221749764,1.9082840236686391,3.4497041420118344,0.9143413816370821,0.5904046833453743,676
gincdif,values,HU,-0.022061584159335942,0.5660468385221209,-0.008162897058585373,0.831859449138907,1.8350515463917525,3.4160530191458025,0.9293047589984477,0.6044513127748236,679
gincdif,values,IE,-0.037753037850245634,0.3273903205609968,-0.02861060306179055,0.4580270594487942,2.0933333333333333,3.4788148148148146,0.9691992473216753,0.5824931729351861,675
gincdif,values,IL,0.0006193026986544071,0.9872820331910711,0.01248954827898186,0.7478451439431978,2.257142857142857,3.524812030075188,1.031892467946382,0.6059949022407749,665
gincdif,values,IS,0.044259921648542824,0.24837760648676968,0.02281304559978595,0.5520104734640173,2.0762463343108504,3.518328445747801,0.9800020907225712,0.5669571179636268,682
gincdif,values,IT,0.08133202192544628,0.03463052765846995,0.0674199425534137,0.0800550204427149,1.8148148148148149,3.4365925925925924,0.8507736502351836,0.6341261458004857,675
gincdif,values,LT,0.02661928172097596,0.4883147859656703,0.029989666959071796,0.4349367963878954,2.1323529411764706,3.4308823529411763,0.9904464378429628,0.626784898248133,680
gincdif,values,LV,0.02439170154672005,0.5322419759864486,0.03154374950977474,0.41920147581095113,1.9407294832826747,3.337386018237082,0.9433645942897954,0.6057817621098986,658
gincdif,values,ME,-0.0041395169284125025,0.9150839513959337,-0.01242584560541706,0.7489050566468074,2.3633633633633635,3.4722222222222223,1.1158907336395691,0.5787413243132343,666
gincdif,values,NL,0.014680744818693506,0.7027738159868647,0.02005514167543433,0.6021624598637643,2.327433628318584,3.514233038348083,1.0163433561533994,0.5484706159074936,678
gincdif,values,NO,0.03120238717737059,0.4148710354997175,0.03933370493928709,0.3039595875157855,2.28029197080292,3.487591240875912,0.9644135429782612,0.650173757193451,685
gincdif,values,PL,0.06370633115970956,0.10305446402162728,0.06419262874649453,0.10044659334632139,2.5945121951219514,3.4878048780487805,1.1066352577720366,0.579421189240654,656
gincdif,values,PT,0.01740452956317335,0.6526854566398194,0.019382479958234826,0.6162386186473866,1.7377049180327868,3.4284649776453056,0.74896552097052,0.6194199488435412,671
gincdif,values,RS,0.039451740302484856,0.3152432000354342,0.05427429842227457,0.16694592060323563,1.98,3.417307692307692,0.9982573413547066,0.603492389252149,650
gincdif,values,SE,0.08108527134502344,0.035049410809683594,0.057321276447944394,0.1365349589169521,2.2618343195266273,3.522189349112426,0.8816275567412865,0.5921300654958911,676
gincdif,values,SI,0.062447149870776916,0.1055360206461635,0.09569167972171716,0.013008245780585822,2.0653789004457654,3.427191679049034,0.9505037263995256,0.6067973011579432,673
gincdif,values,SK,0.0374354210610842,0.330045415781798,0.03538840093361659,0.35719288896510615,1.9896907216494846,3.4167893961708393,0.8298699431205507,0.5658009188481394,679
gincdif,values,UA,0.06410579689357664,0.10328542138340588,0.06481379123354455,0.09952506699220105,2.1313755795981453,3.284698608964451,1.105735872630492,0.5809122166472954,647
freehms,values,AT,-0.055791611287811,0.14853747594687233,-0.06725759658094461,0.08146586369203343,1.7842261904761905,3.894345238095238,0.8681418888773988,0.8713852410433286,672
freehms,values,BE,0.022730833407309393,0.5546145727388746,0.003005757997101342,0.9377318120202317,1.4764011799410028,4.131268436578171,0.8430114294192844,0.8941935699491849,678
freehms,values,BG,-0.1464253427007875,0.00018375520877498893,-0.1721783924170721,1.045993732514794e-05,2.9691358024691357,3.66820987654321,1.2940135113741393,0.9514205790139485,648
freehms,values,CH,-0.09601528164825218,0.012571068072511949,-0.09924090638089346,0.009881547153210664,1.6903703703703703,4.007407407407407,0.8082359875578979,0.868986724435277,675
freehms,values,CY,-0.11656140110793958,0.002494134634334581,-0.12960939962818538,0.0007645942373058181,2.630402384500745,3.7570789865871834,1.1732973000322475,0.9630516444465532,671
freehms,values,DE,-0.13184208080007095,0.000567368622190783,-0.12650466424681805,0.0009461787442765649,1.5544117647058824,4.033823529411765,0.7199930091972453,0.8339466108009941,680
freehms,values,EE,-0.03682965793112438,0.34153247735875675,-0.04481778134759464,0.24701613516027648,2.2600896860986546,4.037369207772795,1.048769163549076,0.8721109446103185,669
freehms,values,ES,-0.09520308656748058,0.012870524736069413,-0.10625935407964676,0.0054735989576912975,1.530791788856305,4.013196480938417,0.7851909168907397,0.8795951141649104,682
freehms,values,FI,-0.02218019970369978,0.5628100285114924,0.0013385865890037714,0.9721443948277324,1.6559297218155198,4.143484626647145,0.8460218141453248,0.8814964171307447,683
freehms,values,FR,-0.03545028136420497,0.3570641249089145,-0.001694533328277865,0.9648972328364434,1.382570162481536,4.0635155096011815,0.7594710942971448,0.9038615654063734,677
freehms,values,GB,-0.11653150877385535,0.0024088973367988333,-0.13621106844031125,0.0003830437055128129,1.6035502958579881,4.0014792899408285,0.7540031233749444,0.8869410775953573,676
freehms,values,GR,-0.1438321040505963,0.00016578867428875002,-0.08378110406797518,0.028802590755168306,2.183553597650514,3.8399412628487517,1.1669819043746021,0.8497868224464868,681
freehms,values,HR,-0.06937218060671341,0.07739407160642768,-0.09133796611237668,0.019951479308293815,2.5500770416024654,3.879815100154083,1.1225951636555536,0.9133995463056606,649
freehms,values,HU,-0.07576561720674618,0.050304956093385735,-0.08746942124910713,0.023771112387860463,2.75,3.784431137724551,1.2542282311334385,0.9939532957696843,668
freehms,values,IE,-0.033689896792552465,0.3800496375447968,-0.04091040627045567,0.28638654092346005,1.6211453744493391,3.9809104258443466,0.8209172654880434,0.8999606490874185,681
freehms,values,IL,-0.12573267010198663,0.0011878536002287447,-0.10319668230669202,0.007877763234189997,2.780966767371601,4.0105740181268885,1.4725117124222473,0.8618015660775188,662
freehms,values,IS,-0.07666055210297577,0.045521824817840166,-0.07722442562465236,0.04395142864163953,1.3259911894273129,4.096182085168869,0.6726046342688301,0.9227118546958384,681
freehms,values,IT,-0.14556999019076247,0.00015436512370850693,-0.1381292832090807,0.00033245905886982753,2.0640834575260807,3.827123695976155,1.0090962495151983,0.9303717349927842,671
freehms,values,LT,-0.056377731777864856,0.14371455854125612,-0.0652188688925225,0.09067667892417071,3.0044510385756675,3.8686943620178043,1.1531896761801799,0.9280421250098679,674
freehms,values,LV,-0.115107981939545,0.00373187805680105,-0.1167264064108193,0.003271209880797963,2.4802527646129544,3.750394944707741,1.2704050731687941,0.9534766507464707,633
freehms,values,ME,-0.03314604016567464,0.40031609037693494,-0.03449911056303069,0.38135081648086455,3.3560371517027865,3.7260061919504643,1.172099061287195,0.9171096288227649,646
freehms,values,NL,-0.1077996200114769,0.004891358696608904,-0.1450861476072232,0.0001467362207233868,1.4191176470588236,4.275,0.6902982969094629,0.838659952223735,680
freehms,values,NO,-0.10458736713371546,0.006184725758355301,-0.10515419284214458,0.005909807033976263,1.4239766081871346,4.2105263157894735,0.6437522504197893,0.8274961886349932,684
freehms,values,PL,-0.07594540577734027,0.05258774012726001,-0.04966845765625333,0.20529940733712926,2.312883435582822,3.8282208588957056,1.0848572142599953,0.9314118383348752,652
freehms,values,PT,-0.19074055158116507,6.568309823460269e-07,-0.21002261330643704,4.0773831289873303e-08,1.8850746268656717,3.852238805970149,0.9344356715782379,0.9676158747163343,670
freehms,values,RS,-0.14980528361951226,0.00012034350362477419,-0.17071273042341287,1.1354933795321885e-05,3.1559633027522938,3.5466360856269112,1.343176130706598,0.8809951906013764,654
freehms,values,SE,-0.06206760418910602,0.10534148147749478,-0.07062090077299321,0.06530088903419336,1.3900293255131966,4.24633431085044,0.6437913118215642,0.8277633254866654,682
freehms,values,SI,-0.13193767885085086,0.0007321577778292807,-0.12614654094002964,0.0012475300637901537,2.355828220858896,3.9072085889570554,1.0424535727049768,0.9155057189339513,652
freehms,values,SK,-0.11337655677065402,0.0036151782043822764,-0.10886746476939968,0.005214339754274597,2.802130898021309,3.6636225266362255,1.2023078777249978,0.9027908780508236,657
freehms,values,UA,-0.07924372219446958,0.046442985938545574,-0.0572875845807247,0.15028712802803432,3.0063291139240507,3.3591772151898733,1.3859006371814477,0.828825732785783,632
hmsfmlsh,values,AT,-0.037672957390766704,0.33645843551018206,-0.033102542534580795,0.3983852243456016,4.174578866768759,2.9571209800918834,1.0391847391431608,0.4745023021312671,653
hmsfmlsh,values,BE,0.002793718383472747,0.9420310233734471,-0.0004721490024061223,0.9901946536404229,4.485294117647059,2.9794117647058824,0.9887831449670567,0.423381027458952,680
hmsfmlsh,values,BG,0.023730702733712063,0.5502587873253341,0.03783602220024235,0.34076630015615883,2.790880503144654,2.998427672955975,1.3228382198049595,0.3908368322026852,636
hmsfmlsh,values,CH,-0.04536523179874971,0.24520603109166506,-0.052022674418653395,0.1825890740104703,4.334346504559271,2.952887537993921,0.906969269437028,0.4674154359543109,658
hmsfmlsh,values,CY,-0.03486114951345817,0.37232272634918234,-0.02204000012896358,0.5728070384794102,3.2146118721461185,2.964992389649924,1.1782710864188022,0.4848227375363476,657
hmsfmlsh,values,DE,-0.043660567407755826,0.25730975804106904,-0.058121471402162284,0.13142231955593778,4.463703703703704,2.9555555555555557,0.8832942964580953,0.42661226161543114,675
hmsfmlsh,values,EE,-0.01824453050966696,0.6383615826201923,-0.0034676076629165586,0.9288270980247438,3.674174174174174,2.9414414414414414,1.2104158210479992,0.4567229070880633,666
hmsfmlsh,values,ES,-0.06554041196727473,0.08861896278550055,-0.04149414493378718,0.28133948773820894,4.550295857988166,3.0118343195266273,0.8954948483656872,0.4897547767997807,676
hmsfmlsh,values,FI,-0.03549740070359441,0.35500279612826346,-0.0758926428931023,0.047736114578987986,4.4566813509544785,2.9794419970631423,0.8427651440462809,0.4230703389558776,681
hmsfmlsh,values,FR,0.016319201242829783,0.6709838892382525,0.018526519744179622,0.6296176410779422,4.6308823529411764,2.988235294117647,0.8549875078437283,0.4271801611302212,680
hmsfmlsh,values,GB,-0.003188742056954073,0.9340959613186737,0.030685375586531647,0.4260673344720255,4.383703703703704,2.9496296296296296,0.9046703259890504,0.4906959380021615,675
hmsfmlsh,values,GR,-0.028617405463910124,0.4653695633917941,-0.04451167200162475,0.2560281475352059,3.4073506891271057,2.996937212863706,1.329032073576625,0.41073380843211876,653
hmsfmlsh,values,HR,-0.05052358785408815,0.2071767066016298,-0.04234425564106953,0.2905292357549033,3.2976,2.952,1.2120167554058878,0.44678337549128283,625
hmsfmlsh,values,HU,0.006875519084269196,0.8607955623685302,0.0029104286395023366,0.9408270855762649,3.223583460949464,2.9525267993874427,1.305578412763201,0.5008096677219388,653
hmsfmlsh,values,IE,-0.07061090218525569,0.07114340441431975,-0.07641893907481143,0.05077073661731499,4.32874617737003,2.94954128440367,1.0326370677685468,0.4652303721940605,654
hmsfmlsh,values,IL,0.07323500165450803,0.05947232357286741,0.0904658831395054,0.019818315068477727,3.0799396681749625,2.9653092006033184,1.4793458164651498,0.48575184135572547,663
hmsfmlsh,values,IS,-0.04311234079686313,0.26086802968936895,-0.01574425013719686,0.68148736013109,4.755131964809384,2.9604105571847508,0.6251073777048536,0.46921543077327893,682
hmsfmlsh,values,IT,0.011295762840104964,0.7722506548976023,0.006709709092174336,0.86350054569705,3.8846737481031868,3.0045523520485586,1.0498481615904733,0.4288004455491179,659
hmsfmlsh,values,LT,-0.03011976480423104,0.44016680239602296,-0.02944877363277959,0.4504243173224051,3.080424886191199,2.943854324734446,1.1634880224857849,0.5214583973870134,659
hmsfmlsh,values,LV,0.039213808702356266,0.32964929514989727,0.04075260799869554,0.3110100481187811,3.05,2.9612903225806453,1.3978115829126319,0.5069325021935234,620
hmsfmlsh,values,ME,0.040771828589461434,0.30921970187444264,0.03653110067839662,0.3622843086626937,3.0560897435897436,2.953525641025641,1.1851386187721802,0.4526580026899639,624
hmsfmlsh,values,NL,0.029513275254215907,0.4419346512923241,0.0046608650903870626,0.9033686398050971,4.559471365638767,2.973568281938326,0.8692808130284804,0.4626080622165801,681
hmsfmlsh,values,NO,-0.06900655654720489,0.07150115079725859,-0.08193805245366007,0.032268402400726176,4.575402635431918,2.947291361639824,0.7628342393010004,0.48147879642431585,683
hmsfmlsh,values,PL,0.005269938373364398,0.8934054818203964,-0.03586131266673496,0.3617074794553689,3.8043143297380584,2.9445300462249615,1.1980874160927895,0.4779119347566748,649
hmsfmlsh,values,PT,0.0532726123171124,0.17426290266011504,0.0539472947772852,0.1688635329396241,3.9539877300613497,2.98159509202454,1.15378202110718,0.43604693497338604,652
hmsfmlsh,values,RS,-0.014162089667333198,0.722333079416808,-0.03458836051538775,0.3853525776502266,2.7199367088607596,2.990506329113924,1.4116499643956977,0.450291397068239,632
hmsfmlsh,values,SE,-0.0049671484473310995,0.8971282799629436,-0.022719975251733728,0.5542184080313906,4.591176470588235,2.948529411764706,0.777393267798325,0.49918715874677705,680
hmsfmlsh,values,SI,-0.019524492671606258,0.6173943340533522,-0.013862225492102602,0.7228464584643647,3.7336377473363775,2.95738203957382,1.1345372201646011,0.5132492992226498,657
hmsfmlsh,values,SK,0.017582000074486483,0.6634419308330086,0.024832151932127636,0.5387797479562648,3.0276422764227644,2.9560975609756097,1.2363456721366788,0.4305413495339752,615
hmsfmlsh,values,UA,0.0034854810889250174,0.9313145166170088,-0.025522491491725686,0.5278858793895355,2.511400651465798,2.9478827361563518,1.3645596935730617,0.4681229177913704,614
hmsacld,values,AT,-0.015536131686675628,0.6919047617787005,0.00423336630946072,0.9140178313447401,2.3797856049004595,3.1225114854517613,1.219607933824002,0.6785484791780731,653
hmsacld,values,BE,-0.014120346739093445,0.7136103912986964,-0.03419197974542144,0.37404462802941957,1.8657817109144543,3.252212389380531,1.156055366910982,0.8187893947728621,678
hmsacld,values,BG,-0.0927668570811822,0.018357245284526386,-0.11662539088298939,0.002991520031166588,3.7554179566563466,3.085139318885449,1.2284458178393465,0.7285084448402547,646
hmsacld,values,CH,0.029103349196443484,0.4530245407603015,0.03498803635619578,0.36695361740514004,2.530734632683658,3.272863568215892,1.2828973987738685,0.6999987457997212,667
hmsacld,values,CY,0.009554609678789855,0.8055908845490865,-0.0005437583151832906,0.9888248765252841,3.7837837837837838,3.114114114114114,1.27489634835343,0.7940827472718306,666
hmsacld,values,DE,-0.003565563502465955,0.9263835095560783,0.0037331612141499613,0.9229337147102338,1.9821958456973294,3.179525222551929,1.083296349529511,0.7100189898379377,674
hmsacld,values,EE,-0.010701235701626169,0.7834518613481154,-0.015860023724831005,0.6837709939372005,3.096676737160121,3.3564954682779455,1.3606823335154044,0.8120379002341264,662
hmsacld,values,ES,0.043851510988969784,0.2552326597230482,0.02103129855607812,0.5854394091906564,1.751111111111111,3.114074074074074,1.0493651229321987,0.714637440288958,675
hmsacld,values,FI,-0.002013385196928469,0.958328546279133,0.013264654520187465,0.730652345147068,2.18491124260355,3.289940828402367,1.194980920148042,0.7651401204360823,676
hmsacld,values,FR,-0.02529849253363468,0.5120346148720741,-0.002675676758422857,0.9447223349014814,2.1379821958456975,3.2403560830860534,1.3376298347150037,0.805868441086304,674
hmsacld,values,GB,-0.008338510710373621,0.8309429037261039,-0.014583920853075093,0.7088446851144127,1.993920972644377,3.161094224924012,1.0726825815150587,0.7411825798539294,658
hmsacld,values,GR,-0.030509830619148578,0.430096421493449,-0.03973030979057731,0.30411559912947833,3.855439642324888,3.0655737704918034,1.2560169485651287,0.7259731030936778,671
hmsacld,values,HR,-0.0881895275047627,0.0236787109950602,-0.09653928112018419,0.013232168569246595,3.5440729483282674,3.082066869300912,1.254047865699297,0.7759399357901091,658
hmsacld,values,HU,0.01448594782110334,0.7090324690163423,0.019227562911047602,0.6203750178374305,3.3618618618618616,3.1531531531531534,1.2444108376130685,0.7582908942274317,666
hmsacld,values,IE,-0.08805948926533867,0.024428517825045504,-0.11334428676311163,0.003729409794685621,2.0673813169984685,3.1699846860643186,1.1531732839340514,0.7473180060851681,653
hmsacld,values,IL,-0.037546921838682926,0.33586059101869054,-0.05024016606926287,0.19771808676962066,3.0197268588770867,3.274658573596358,1.477667363493776,0.7552116776663854,659
hmsacld,values,IS,-0.024323247562499956,0.5262984393114152,-0.01098020679002151,0.774861696520314,1.5976505139500734,3.302496328928047,1.0216453287124072,0.7761952417371076,681
hmsacld,values,IT,-0.0743337681092986,0.057822261414747035,-0.07320172855544811,0.06175171414182305,3.1319018404907975,3.085889570552147,1.2764296173008816,0.7024099223388879,652
hmsacld,values,LT,-0.024714805114325184,0.5221313901891281,-0.025222063234635335,0.5136244592957462,3.9078751857355125,3.153046062407132,1.0324268260099034,0.7879640125522728,673
hmsacld,values,LV,-0.07865829657144388,0.047734437218848035,-0.08714051407459213,0.028236346551094277,3.7539432176656153,3.1261829652996846,1.2999059037253524,0.792844542669294,634
hmsacld,values,ME,-0.02662120010707361,0.4984056889760522,-0.027614643268199734,0.4825082957408541,3.6656394453004624,3.0308166409861323,1.130691201001367,0.7850686719788597,649
hmsacld,values,NL,0.014035741832640893,0.7160591940694666,-0.006507830905836105,0.866078797262033,1.8071216617210681,3.357566765578635,1.044995016961138,0.7581419469544413,674
hmsacld,values,NO,-0.011054610542460404,0.7730529768617848,-0.003446228653179489,0.9283667123618957,1.910688140556369,3.2928257686676425,1.0773269683508253,0.7556578830183978,683
hmsacld,values,PL,0.07313773996424563,0.06258596667827217,0.09089630029682239,0.020560525047801044,3.6640986132511557,3.1556240369799693,1.3116133087697386,0.7549036937442679,649
hmsacld,values,PT,-0.055858158711657994,0.15080678578427145,-0.03777379348879416,0.33147827400596486,2.570135746606335,3.019607843137255,1.2668732400356546,0.713216934620618,663
hmsacld,values,RS,0.032478501008864756,0.4095137831143604,-0.019402449421381446,0.622283573817277,4.060278207109738,2.998454404945904,1.1515564577658222,0.6233317728777057,647
hmsacld,values,SE,0.06002621468276161,0.11785921469872135,0.03935323046540082,0.3054973725048459,1.8191176470588235,3.3529411764705883,0.981981608840254,0.8098201746305612,680
hmsacld,values,SI,0.002771899211299049,0.9434660483413122,0.003397538168605559,0.9307349796456471,3.1598173515981736,3.1339421613394216,1.2997532470334794,0.8191804070731407,657
hmsacld,values,SK,-0.06880226377495591,0.08009890790400552,-0.08110546937928777,0.03901550703604796,3.935185185185185,3.0308641975308643,1.1591166610694303,0.7113375476680424,648
hmsacld,values,UA,-0.01943550863736978,0.6296450829070316,-0.019817228906485608,0.6229318625501811,3.627831715210356,2.9158576051779934,1.3072552155331822,0.5966201339453266,618
health,health,AT,-0.04129032986990486,0.28051733847518623,-0.07415026337052587,0.05240099207444883,2.102189781021898,3.24065693430657,0.9309860170434934,0.5703315496957073,685
health,health,BE,-0.06549430617367075,0.0867385288231026,-0.06770508783909815,0.07659268264292503,2.0934306569343066,3.324744525547445,0.8446775553136187,0.5809639603571597,685
health,health,BG,-0.08165500685765296,0.032615720406056536,-0.08400550227667475,0.027913061697287904,2.051094890510949,3.245766423357664,0.8812634461104484,0.5272580549155224,685
health,health,CH,0.0007335282164493717,0.9847109060207498,-0.008360931906049042,0.8270935533224036,1.8773722627737226,3.3462159028583947,0.7411261287413943,0.6242767297475321,685
health,health,CY,-0.12927693863125556,0.000694950190590835,-0.11459255955120984,0.0026680901649646983,2.0423357664233577,3.2489781021897812,0.9806402780491646,0.5191849841486162,685
health,health,DE,-0.0007608352741772131,0.9841534327487028,-0.0013312669202712507,0.9722763143197329,2.31140350877193,3.332309941520468,0.8831189343283397,0.6145335341191327,684
health,health,EE,-0.05247269616561717,0.17013230486605666,-0.06624686949885232,0.08316972706223454,2.370802919708029,3.3375182481751824,0.79270804858022,0.6126120628143872,685
health,health,ES,-0.036329103353067445,0.3424169546762115,-0.03264373048473639,0.393639805805985,2.2846715328467155,3.221678832116788,0.9578004247480268,0.501139883914757,685
health,health,FI,-0.0931971941491491,0.014684753218810891,-0.11499094509602567,0.0025773586525808423,2.2554744525547443,3.318909672446031,0.8274281746561418,0.6191197168751431,685
health,health,FR,-0.08883956911670406,0.020319760913972362,-0.10460685797489401,0.006251011767982403,2.196480938416422,3.2947947214076247,0.8984172362956573,0.5915385018817563,682
health,health,GB,-0.17060891423354085,7.230896009378634e-06,-0.18227078571618685,1.5983135584532152e-06,2.236842105263158,3.296637426900585,0.9677308736662305,0.5791234681267001,684
health,health,GR,-0.07903896697151211,0.038772780374237155,-0.10117537992504147,0.008096051929726861,1.6666666666666667,3.2316520467836254,0.8026311052213302,0.5627495160757894,684
health,health,HR,-0.1180236549141141,0.0019888921977132524,-0.15057281572156375,7.70652424554963e-05,2.1271929824561404,3.2339912280701757,1.0699777713693281,0.5710912776086806,684
health,health,HU,-0.06459263090024192,0.09165127249665382,-0.09911327888642779,0.00954494734452048,2.206442166910688,3.2124450951683747,0.9564502848084963,0.49971284524165915,683
health,health,IE,-0.14817858576270374,9.916317812681926e-05,-0.15235360360591937,6.238912910924309e-05,1.9372262773722628,3.3480291970802916,0.8379701961292465,0.5914718476095927,685
health,health,IL,-0.04199696092778704,0.27377027630518247,-0.0581402884829022,0.12958949733580777,1.7342143906020557,3.2985315712187964,0.9843576620874414,0.5964090231534489,681
health,health,IS,-0.06560535753416312,0.08620427153479009,-0.06185359396231542,0.10577992409153432,2.0189781021897812,3.344014598540146,0.9054362173404771,0.6650698638212225,685
health,health,IT,-0.1401200728882999,0.00023437154399973844,-0.16055831369520518,2.4218845512876077e-05,2.1708029197080294,3.25168814012073,0.8592598970926647,0.5124735629950169,685
health,health,LT,-0.0653627680744109,0.08737479332465241,-0.09109282449164187,0.017091529286721894,2.394160583941606,3.25985401459854,0.810725473195796,0.5838043028594616,685
health,health,LV,-0.0681476399347447,0.0755388610087891,-0.09716841987197145,0.011179023814330617,2.7841409691629955,3.2475770925110132,0.8342562048870771,0.5381866369396007,681
health,health,ME,-0.05484954190171989,0.15187019612864788,-0.060373857638577215,0.11467304870418803,2.1052631578947367,3.2472222222222222,0.8729051917810602,0.5382101488338847,684
health,health,NL,-0.0922951545061925,0.015677287645132296,-0.11602209136066306,0.002355437640942148,2.1343065693430656,3.4329927007299275,0.73512917632062,0.6784370636704982,685
health,health,NO,-0.06084544383552277,0.1115997664249593,-0.07437636238811436,0.05168404735978397,2.013138686131387,3.3435036496350365,0.8941670564777502,0.6097629095867617,685
health,health,PL,-0.1531284794505714,5.789172066759059e-05,-0.1629993083481188,1.836706995222823e-05,2.2002923976608186,3.268786549707603,0.8184905057092986,0.5294629628622162,684
health,health,PT,-0.14235029002792796,0.00018758751430331523,-0.1487377932539343,9.43726746214943e-05,2.4722222222222223,3.2057748538011697,0.8961216437099161,0.48510717797736375,684
health,health,RS,-0.1264682297488959,0.000924960706921015,-0.12493385625975385,0.0010682664301697152,2.3865300146412882,3.269106881405564,1.0260221826350007,0.5010884855769455,683
health,health,SE,-0.06248092671216736,0.10253316905233927,-0.07863207564800197,0.039790389391178335,2.077485380116959,3.462061403508772,0.8460512661934425,0.6131943501140483,684
health,health,SI,-0.06234363142475555,0.10354511456869708,-0.0872023646237551,0.022658827851559184,2.1800878477306003,3.279795021961933,0.8970865148609475,0.5614395135932839,683
health,health,SK,-0.12447318199319907,0.0011151345549944656,-0.13302112050676587,0.0004911392343940757,2.3938506588579793,3.23601756954612,0.8790942525902717,0.4996684645551659,683
health,health,UA,-0.12443385841692836,0.0011098169992776064,-0.13771561013632327,0.0003034130846673531,2.757309941520468,3.1711988304093572,0.867261598241206,0.4298227646573221,684
rlgatnd,religion,AT,0.0286158489289285,0.45627792214558627,0.055597345240592747,0.14754592541740782,5.411764705882353,2.976470588235294,1.2938656004306714,0.6598338807898846,680
rlgatnd,religion,BE,0.0490713261787056,0.20024077797092638,0.046902946910577295,0.22087575091983938,6.168374816983895,3.1273792093704245,1.3306872609967235,0.5468089363579375,683
rlgatnd,religion,BG,0.0012985379776384815,0.9730171959388996,0.007100047063936839,0.853272478191777,5.3039647577092515,3.001468428781204,1.2579624603688822,0.6266138359224439,681
rlgatnd,religion,CH,0.001854640094760558,0.961441003970626,0.00917776441287595,0.8109164771922048,5.717008797653959,3.067448680351906,1.322116566083751,0.6093945873964058,682
rlgatnd,religion,CY,0.08491565280484445,0.02647632527512534,0.09918709375807816,0.009491262680809867,4.320644216691069,3.0175695461200585,1.3874061309002539,0.6739705579411422,683
rlgatnd,religion,DE,-0.08496511056068749,0.026167917720215053,-0.09449905461318875,0.013349794597749674,6.0510948905109485,3.067153284671533,1.2218835993892017,0.6104726250084135,685
rlgatnd,religion,EE,-0.04347735880140921,0.25615008863660427,-0.04548135309363925,0.2348606371012701,6.007309941520468,3.084795321637427,1.085619733334903,0.5715073072692263,684
rlgatnd,religion,ES,0.034757894039363184,0.3644161377991511,0.07086961706197342,0.06416077696670044,5.844802342606149,3.061493411420205,1.5170338053076198,0.6261848320356244,683
rlgatnd,religion,FI,0.010099216608129779,0.792047766849366,-0.001793067927920251,0.9626653943463156,5.847953216374269,3.0628654970760234,1.1480374331996788,0.5730614193735459,684
rlgatnd,religion,FR,0.020153538695156136,0.6001122691822495,0.06684016532872857,0.0817828776883027,6.163475699558174,3.0795287187039766,1.2626085030912133,0.5896169562923635,679
rlgatnd,religion,GB,0.05042051222759348,0.1884563419503197,0.04104702492919454,0.2844243773652394,5.900293255131965,3.1114369501466275,1.5391226696690687,0.654287555490688,682
rlgatnd,religion,GR,0.059562052537222104,0.12073196820696495,0.05566414511061044,0.14705931818919932,4.538235294117647,3.0441176470588234,1.1983087507320118,0.595363121814118,680
rlgatnd,religion,HR,-0.0334631838557879,0.38291565965627317,-0.02817378183976277,0.46260865836990633,4.961876832844575,3.0483870967741935,1.4261089652252996,0.6382373232372552,682
rlgatnd,religion,HU,-0.023466898475575038,0.5424620925115102,-0.011622107378454538,0.7629373777684723,5.563609467455621,3.0088757396449703,1.4423565043971969,0.6732417380628021,676
rlgatnd,religion,IE,0.03709878827696531,0.33334637268217643,0.04654326982534704,0.2247814183223467,4.8841642228739,3.095307917888563,1.6534789442565965,0.5871919604689915,682
rlgatnd,religion,IL,-0.07822733564655905,0.041121786348481314,-0.061129952974155036,0.11071669349849385,5.134897360703812,3.0821114369501466,1.9821484668197247,0.5545192246710632,682
rlgatnd,religion,IS,-0.031440355678768094,0.4120060890882735,-0.04034873627426656,0.292349225182284,6.108345534407028,3.1346998535871156,1.1639643241438242,0.5596495728437062,683
rlgatnd,religion,IT,0.028722250193056024,0.4546043601291421,0.03220535895735512,0.401758120693534,4.695588235294117,3.041176470588235,1.619099353590773,0.6499655126497589,680
rlgatnd,religion,LT,-0.04636950176326976,0.2268609377485846,-0.04996004877422721,0.1928567727147388,5.12481644640235,2.9779735682819384,1.184700633602654,0.6994426389509648,681
rlgatnd,religion,LV,-0.006573937918156961,0.8639358567449656,-0.017362146547361262,0.6508244935817026,5.790322580645161,3.0513196480938416,1.2256534287909395,0.6672579745320956,682
rlgatnd,religion,ME,0.06000983137614258,0.11959947898293258,0.08092515087437449,0.035686167319722864,4.244807121661721,3.0326409495548963,1.6796159368389938,0.6134717165187713,674
rlgatnd,religion,NL,0.05623733700249385,0.14175957110267848,0.04277180129689141,0.26395456090182434,6.165204678362573,3.1067251461988303,1.4552031507234968,0.5893255746895268,684
rlgatnd,religion,NO,-0.005592427297158517,0.884179625881804,0.004699649558523921,0.9025685243927036,6.07488986784141,3.0910425844346547,1.183949408162513,0.5870606739925652,681
rlgatnd,religion,PL,-0.0044455056112180265,0.9084239590766836,-0.022414342759486793,0.5618894611082866,4.380952380952381,3.056547619047619,1.4843827795346862,0.559235147356666,672
rlgatnd,religion,PT,0.04103895328833248,0.28416506296967725,0.04695372796858575,0.22037572928444643,5.265007320644217,2.9765739385065886,1.6721952816772423,0.6888568274776827,683
rlgatnd,religion,RS,-0.01914148244531633,0.6182894398841996,-0.021394043066827493,0.5775781722623423,5.08235294117647,3.088235294117647,1.1812154166457225,0.6475351274757863,680
rlgatnd,religion,SE,0.011171881607420912,0.7707123405298514,0.04307540022438461,0.2609265408587459,6.039531478770132,3.0585651537335283,1.1801962223607125,0.6026060143897327,683
rlgatnd,religion,SI,0.0042042283993422415,0.9126681891716978,-0.024342251064494464,0.5253659564938065,5.427525622254758,3.0732064421669105,1.3928822615631018,0.6569498499984477,683
rlgatnd,religion,SK,0.06305250347022921,0.10193853811278086,0.08752827374387698,0.023055660227831162,4.713649851632048,3.0548961424332344,1.6756868239305578,0.6130924738332555,674
rlgatnd,religion,UA,-0.000278782897159032,0.9942316896547732,0.022552668388754558,0.5585988756002999,4.952592592592593,3.025185185185185,1.4659756187542288,0.7045547574946788,675
aesfdrk,safety,AT,0.027779070729026672,0.46923156870152916,0.03044943077615418,0.4275845153743643,1.7738619676945668,2.709985315712188,0.7408011789956982,0.5243653024107239,681
aesfdrk,safety,BE,-0.01644737113176603,0.6678637687559036,-0.031311894596282266,0.41391991445039206,1.9677891654465594,2.726207906295754,0.753575408856066,0.5351307545390452,683
aesfdrk,safety,BG,0.060799073961606734,0.11453373781377503,0.05512081474464948,0.15256949470174225,2.471111111111111,2.68,0.8580104882935643,0.562001510077488,675
aesfdrk,safety,CH,-0.08349897036557277,0.028991539663666226,-0.06282239401578843,0.10066556831257388,1.641812865497076,2.7792397660818713,0.6836772418903135,0.4895170546778151,684
aesfdrk,safety,CY,-0.10434350608617023,0.006461825311017543,-0.09043484186000415,0.018336686030341557,2.213235294117647,2.646323529411765,0.8068930597950521,0.5897889201104249,680
aesfdrk,safety,DE,-0.024544784470419675,0.5213135896765313,-0.027377914895353968,0.47437795330083377,1.9138686131386862,2.7532846715328465,0.7627265727752759,0.5119980204426666,685
aesfdrk,safety,EE,0.0662869925217065,0.0838901233609951,0.07174069648083765,0.06132904564327907,1.7518355359765052,2.7679882525697503,0.6360033823208588,0.48102547307200677,681
aesfdrk,safety,ES,-0.04732694798206546,0.21638825832748051,-0.029458269512294643,0.44177962725612785,1.878654970760234,2.676169590643275,0.7623347456218187,0.583473674667498,684
aesfdrk,safety,FI,-0.08898671681020981,0.01983924511273565,-0.09902035862060121,0.00950726951533849,1.6379562043795621,2.7532846715328465,0.6261984284261259,0.5033587618316063,685
aesfdrk,safety,FR,-0.004240985623695256,0.9122953855196716,-0.01590392134557911,0.6795559767645318,1.9571639586410634,2.7149187592319053,0.8615365339956037,0.5131111171453053,677
aesfdrk,safety,GB,-0.008343535065878073,0.8284461222048722,-0.02037890851662487,0.5965845349690372,1.9881831610044314,2.704579025110783,0.7843754019193533,0.5342082082822105,677
aesfdrk,safety,GR,-0.0007294531933712305,0.9848069736721258,3.8848349661975364e-05,0.9991908192366192,2.1973684210526314,2.646198830409357,0.8368833479954749,0.5680359898263623,684
aesfdrk,safety,HR,-0.03617121013372429,0.3470065350663955,-0.01730748376787141,0.6528100308072977,1.6017699115044248,2.746312684365782,0.6250292472993628,0.4897257269211419,678
aesfdrk,safety,HU,-0.057730584676199695,0.1328896139031223,-0.07186735701524213,0.061253222477834386,1.865979381443299,2.6318114874815906,0.6057786180507879,0.5695737575552193,679
aesfdrk,safety,IE,-0.032164056844350385,0.40375495793083305,-0.021508953575330267,0.576665207800095,1.9215976331360947,2.7337278106508878,0.8081480195884662,0.5193600134598133,676
aesfdrk,safety,IL,-0.015093356627185424,0.693976567389054,-0.016117031648044206,0.6743732709335931,2.001466275659824,2.722873900293255,0.8696198417692281,0.5283770723874255,682
aesfdrk,safety,IS,-0.09253933659165114,0.015402958281750615,-0.09791386752872128,0.010343343999579932,1.4394160583941606,2.7605839416058395,0.6497140243864535,0.4847616017801579,685
aesfdrk,safety,IT,0.05292383354779509,0.16930623541967452,0.04549314336777229,0.23750567848426016,2.230769230769231,2.654585798816568,0.7831560082980487,0.5677711902514155,676
aesfdrk,safety,LT,-0.060256070788794774,0.1183607934458682,-0.06603409892809131,0.08694149437672626,2.1069836552748886,2.6931649331352157,0.6729213771251261,0.528768445997651,673
aesfdrk,safety,LV,-0.024019393116940315,0.5357458251339866,-0.026776516834582636,0.48996393252602816,2.110944527736132,2.6461769115442277,0.7728405009192716,0.5514079046985277,667
aesfdrk,safety,ME,0.023762350979778028,0.5395118810536519,0.022892109613711485,0.554469913309462,1.9282511210762332,2.733931240657698,0.6595181213679148,0.4994604286787627,669
aesfdrk,safety,NL,-0.08937626010259281,0.019661475927502923,-0.07755806597442831,0.043043909274537225,1.8223201174743024,2.752863436123348,0.6614386439625711,0.4951186968494933,681
aesfdrk,safety,NO,-0.017366773394753388,0.6500188224680513,-0.0012627517745164392,0.9736833356185679,1.418978102189781,2.7751824817518247,0.6102838049786345,0.47967170515041024,685
aesfdrk,safety,PL,-0.019216049245129742,0.618485713883267,-0.005974477564275427,0.8769632752665855,1.7626112759643917,2.706231454005935,0.6021479681636399,0.5140432447699063,674
aesfdrk,safety,PT,-0.10202537800319555,0.007709905913004265,-0.08328880874048014,0.02975871945532862,2.0176211453744495,2.647577092511013,0.6793038675684042,0.5680442482281318,681
aesfdrk,safety,RS,-0.008076421815196331,0.8338570903768423,-0.0036496346139153293,0.9244852104790937,1.7031019202363369,2.6454948301329395,0.7431377244271222,0.5559239327301071,677
aesfdrk,safety,SE,-0.07155183831323399,0.06144239129786168,-0.045126949940475294,0.238531704761653,1.6491228070175439,2.7792397660818713,0.7338195804809474,0.47355421438879813,684
aesfdrk,safety,SI,-0.10595009293496464,0.005790491111368667,-0.09379577463116653,0.014631760342180234,1.58493353028065,2.7163958641063517,0.6012392552261909,0.5037551384447571,677
aesfdrk,safety,SK,-0.00022398276104411812,0.995379350781342,-0.01828613654629276,0.6363313493719753,2.187779433681073,2.651266766020864,0.6957652196180308,0.5709332805321715,671
aesfdrk,safety,UA,0.010577070640995206,0.7892575605172453,-0.0006357365837139086,0.9871832135555015,2.0717628705148208,2.450858034321373,0.8165274298403865,0.5898914466889269,641
hincfel,income,AT,-0.11316920684572114,0.0030811895090172977,-0.09323937209540444,0.01485890903411504,1.8533724340175952,2.8269794721407626,0.7364410622593854,0.4810408100757266,682
hincfel,income,BE,-0.21790726346211461,8.952503024615566e-09,-0.1797712561996427,2.3047654456001206e-06,1.7653958944281525,2.903225806451613,0.8346949314850602,0.4560136652411272,682
hincfel,income,BG,-0.1083470588782183,0.00464658967646737,-0.11582815407456909,0.0024675639567944036,2.534508076358297,2.857562408223201,0.8570117888247959,0.44586920001941893,681
hincfel,income,CH,-0.1863569004624191,1.0656214045883285e-06,-0.18265578515616948,1.7482941789100587e-06,1.5754437869822486,2.871301775147929,0.7150782053722363,0.4550999148544722,676
hincfel,income,CY,-0.1456401292529951,0.0001736832897472239,-0.1343955159357493,0.0005364646367140169,2.0954545454545452,2.753030303030303,0.880566071586041,0.5968352797287467,660
hincfel,income,DE,-0.17879361042126019,2.6199714988998925e-06,-0.18125680993083754,1.8943448861665155e-06,1.5733137829912023,2.8841642228739004,0.6602121214440657,0.46908692763545445,682
hincfel,income,EE,-0.14291806760890713,0.00017667681829011933,-0.14053082763488658,0.00022696037746037996,1.9269005847953216,2.9371345029239766,0.6869895594669845,0.4196784372197944,684
hincfel,income,ES,-0.19390716949357661,3.275082949732948e-07,-0.18163831703454086,1.769675304383643e-06,1.8506588579795022,2.8506588579795022,0.8147892550095673,0.5033133669279136,683
hincfel,income,FI,-0.14971533595038097,8.576503590129665e-05,-0.15395294815852179,5.340833454969864e-05,1.7979502196193264,2.884333821376281,0.6677720763144989,0.46876385123422076,683
hincfel,income,FR,-0.2499881483764472,3.430647763729571e-11,-0.23164881670118473,8.988642165899439e-10,1.7159590043923865,2.8550512445095166,0.7274428425835165,0.50893781805712,683
hincfel,income,GB,-0.10104058272668429,0.008916829411289488,-0.11569837908396,0.0027263587902907013,1.8071748878923768,2.7638266068759343,0.8406989896655791,0.5721644532008112,669
hincfel,income,GR,-0.14611328117611017,0.0001329792917185137,-0.16062467600080413,2.6094367897567548e-05,2.4815905743740796,2.7849779086892488,0.7695532571591404,0.5074762221330457,679
hincfel,income,HR,-0.15071319602196795,8.16112481609932e-05,-0.16698114590041108,1.2389081585574696e-05,1.8348082595870205,2.752212389380531,0.775833782272995,0.5653350027298545,678
hincfel,income,HU,-0.17841655430394485,2.9442262066609408e-06,-0.16682323889698208,1.2629142063575893e-05,2.218289085545723,2.7920353982300883,0.6999611883513801,0.5348656164835892,678
hincfel,income,IE,-0.17519837013735282,4.310898667827036e-06,-0.16767295532246376,1.1052496670288114e-05,1.8455882352941178,2.777941176470588,0.8484472213066517,0.528243703586313,680
hincfel,income,IL,-0.19451401341971042,6.551445451321079e-07,-0.1452565837583441,0.00021673083411733745,1.9627329192546583,2.8074534161490683,0.8967763158080527,0.4958995527436266,644
hincfel,income,IS,-0.1300224015015596,0.000664596741272898,-0.1278588498829412,0.000817883508452056,1.4897360703812317,2.86950146627566,0.7254834354511831,0.5045834421295137,682
hincfel,income,IT,-0.1716217602866836,9.266335391513885e-06,-0.17390084543442627,7.009308386820218e-06,1.9015151515151516,2.8106060606060606,0.7639432135031297,0.5128482126217401,660
hincfel,income,LT,-0.17750947591002317,3.539618862117552e-06,-0.17676328897089755,3.894644892408366e-06,1.9881305637982196,2.844213649851632,0.6958858556449861,0.532233558249223,674
hincfel,income,LV,-0.22883410874551718,1.9632695394153157e-09,-0.21843907110526692,1.057258164041857e-08,2.5238095238095237,2.849702380952381,0.7945596007813457,0.5089657267369113,672
hincfel,income,ME,-0.22891188427781764,5.242356796360023e-09,-0.2473671745432093,2.5382128873998753e-10,2.5676100628930816,2.8710691823899372,1.0133695001195735,0.4850970727693676,636
hincfel,income,NL,-0.16196148568161448,2.357470492900363e-05,-0.17019914564698038,8.74077876331316e-06,1.394074074074074,2.9140740740740743,0.6296062264936781,0.40948744160389106,675
hincfel,income,NO,-0.034396947797457986,0.3690696918212426,-0.03187698169303841,0.4051956431435085,1.5116959064327486,2.8874269005847952,0.6637512993080653,0.42321344649691467,684
hincfel,income,PL,-0.09715641550853428,0.011189084347996071,-0.09939232435279018,0.009447976463871004,1.935389133627019,2.838472834067548,0.5546025628899502,0.4668921209120479,681
hincfel,income,PT,-0.162533081257799,2.0257042583838968e-05,-0.17188798330292343,6.453492183931779e-06,2.2980910425844345,2.7591776798825256,0.8318013040060211,0.5668607302513375,681
hincfel,income,RS,-0.21290314571796667,2.171694358422737e-08,-0.18610535705355932,1.0627848405172134e-06,1.9646017699115044,2.8185840707964602,0.7639886417503852,0.539004280172487,678
hincfel,income,SE,-0.15324844649612815,5.783412684042823e-05,-0.13173850751867283,0.0005571960198462131,1.363103953147877,2.9062957540263543,0.6053890676213879,0.42295380850809866,683
hincfel,income,SI,-0.15331142893738461,5.9629388290434807e-05,-0.15559114453671402,4.607445943021093e-05,1.5294117647058822,2.848529411764706,0.7295688043048776,0.5197123502176234,680
hincfel,income,SK,-0.24422466179551247,1.1533990124660609e-10,-0.2491470615764796,4.721674720998165e-11,2.28023598820059,2.7772861356932155,0.7958117491539157,0.537198552052626,678
hincfel,income,UA,-0.14966718970065074,0.00010446479573533921,-0.15228149298110774,7.862654981071791e-05,2.9280359820089954,2.5142428785607196,0.9042323965284474,0.7579554970550881,667
