variable,domain,cntry,r_pearson,p_pearson,r_spearman,p_spearman,human_mean,silicon_mean,human_sd,silicon_sd,n_valid
ppltrst,social_trust,AT,0.12442000241389348,0.0012091182119123266,0.11964117550755668,0.0018615030308530005,5.87240356083086,6.374183976261127,2.1514108526975235,1.8111799086496627,674
ppltrst,social_trust,BE,0.09229762441969948,0.016138735997473327,0.08042007491693388,0.03616302559477336,5.640648011782033,6.885272459499264,2.1231683464221556,1.259238851311927,679
ppltrst,social_trust,BG,0.11543155941611744,0.0028724084131847307,0.10845917501829422,0.005111799089642677,3.691729323308271,5.827518796992481,2.397854371990591,1.8501898331515463,665
ppltrst,social_trust,CH,0.06565032860294379,0.08808446289567641,0.058883498300010224,0.12614923912970116,5.847633136094674,7.079881656804734,2.1212526742881073,1.3470881576543752,676
ppltrst,social_trust,CY,0.08785589032791394,0.02224608409584462,0.05913030926564399,0.12428677752159777,4.064992614475628,6.179615952732645,2.4958961360871412,1.9961644805362613,677
ppltrst,social_trust,DE,0.02863391856599574,0.45799519197267385,0.027704156417020998,0.4727298401557165,5.376854599406528,6.635311572700297,2.244451283227084,1.4688542525080712,674
ppltrst,social_trust,EE,0.10255746356021289,0.0077987092981893135,0.0573885401929478,0.13724306876554182,5.706845238095238,7.083333333333333,1.995990209868488,1.2618046672843328,672
ppltrst,social_trust,ES,0.0844323090406132,0.028156561941736744,0.06550244708198406,0.08880418234626586,5.326923076923077,6.502810650887573,2.1446747141768676,1.6156478621482369,676
ppltrst,social_trust,FI,-0.015302200075782155,0.6914786669456622,0.008681248732931074,0.8218768462436076,7.019259259259259,7.129037037037038,1.795456526601623,1.3542387976934316,675
ppltrst,social_trust,FR,0.11634457069725623,0.0025986811079484625,0.07665594888295522,0.04765518079973537,4.543413173652695,6.540119760479042,2.1592314342730217,1.49520211708761,668
ppltrst,social_trust,GB,-0.01107718584688489,0.7739062514920486,-0.02734664143199614,0.4781368371864735,5.44,6.698222222222222,2.3047879463726826,1.5383899762706494,675
ppltrst,social_trust,GR,0.04277167428241924,0.2689187392160274,0.02461399472158506,0.5247606845330056,4.528358208955224,6.342686567164179,1.9257367871642648,1.6693845541113013,670
ppltrst,social_trust,HR,0.04961855157835219,0.19857723245585393,0.06950132200234566,0.07156935827195729,4.7043090638930165,6.038632986627043,2.3730121705293095,1.9145416049449084,673
ppltrst,social_trust,HU,0.1588879768537768,3.6559817088176064e-05,0.12823794737787805,0.0008860537123807925,4.482810164424515,5.9784753363228695,2.4874091073247118,1.917954110848831,669
ppltrst,social_trust,IE,0.041738618752720974,0.28174702116623856,0.05408864713986331,0.16292137534511023,5.416791604197901,6.640179910044978,2.4721062295661436,1.7262951261237665,667
ppltrst,social_trust,IL,0.07271028212112575,0.059775829196718415,0.03635467058146157,0.34707686870567545,5.19672131147541,6.676304023845006,2.380277416067435,1.3093425683001714,671
ppltrst,social_trust,IS,-0.025491430126089547,0.509136501646887,-0.03295186763288778,0.39338871051150015,6.567607726597325,7.523031203566122,2.0489449406223965,0.954386034523733,673
ppltrst,social_trust,IT,0.05295687716563058,0.1706303346390006,0.05801472345927815,0.13328916134277405,4.548435171385991,6.246944858420268,2.325772494658577,1.748940505273041,671
ppltrst,social_trust,LT,0.109864067883092,0.004324540255125895,0.08395030564535626,0.02943165767355824,5.136701337295691,6.402526002971768,2.4125858845336854,1.6122326770823143,673
ppltrst,social_trust,LV,0.04834967749748269,0.2127115683007814,0.030885663424423684,0.4261726317904629,3.8573573573573574,6.178078078078078,2.5744402848724923,1.7604083343557206,666
ppltrst,social_trust,ME,0.0825848507071522,0.032442419716305515,0.08165204697508734,0.03445757835958279,4.223546944858421,6.6849478390462,2.5528643433658416,1.4389454955161503,671
ppltrst,social_trust,NL,0.031719142224976855,0.41098858241665415,-0.0001038250783323444,0.9978533320372414,6.244807121661721,7.1419881305637976,1.9710410223098491,1.0664558068536336,674
ppltrst,social_trust,NO,0.004826026380229242,0.9001823309764289,-0.00437698244284671,0.9094280402374558,6.65929203539823,7.56165191740413,1.8923372105493843,1.0095284227867678,678
ppltrst,social_trust,PL,0.13505715504745375,0.0004469947007720794,0.13064635657350387,0.0006862936504735556,4.53125,6.281845238095237,2.3422968048280306,1.6751619855854134,672
ppltrst,social_trust,PT,0.14383005084088582,0.00018326919612211408,0.12333628801189146,0.0013575457033366948,4.133928571428571,6.161607142857143,2.374085886856043,1.9852021351903697,672
ppltrst,social_trust,RS,-0.003083261974048762,0.9367458762264008,0.01763776853010224,0.6498178610319436,4.33984962406015,5.967669172932331,2.7831230791573995,1.7889616726727928,665
ppltrst,social_trust,SE,0.12286841060652941,0.00138180540188928,0.08820193030892899,0.021918681884750196,6.311111111111111,7.397037037037037,2.023844018025531,1.287116065352514,675
ppltrst,social_trust,SI,0.027025316643577133,0.482999793154035,0.019430011983956476,0.6140555044825974,4.6923076923076925,6.42869822485207,2.3882428066894086,1.7276844938466995,676
ppltrst,social_trust,SK,0.04633102391054673,0.2317523275657259,0.04373069877327135,0.25903558693759476,4.041916167664671,5.851347305389221,2.7425314549822946,1.8850587412356068,668
ppltrst,social_trust,UA,0.008087156525283216,0.8347369827485002,-0.008162675888497445,0.8332162469306484,3.961077844311377,5.651646706586827,2.8350420286613045,1.7748991941401777,668
pplfair,social_trust,AT,0.0758214977848411,0.04778158327720216,0.047618650188631005,0.21424001047237565,6.343108504398827,7.306158357771261,1.9895883952053481,0.6663884899412859,682
pplfair,social_trust,BE,0.0440229206190967,0.2502260924139551,0.03346457040223308,0.38219664508104667,6.017543859649122,7.258771929824562,1.9778382218342525,0.6456265396711548,684
pplfair,social_trust,BG,-0.05005651788619915,0.1926541030476244,-0.049973059567723244,0.19339786094612632,4.30780559646539,7.178939617083947,2.217079262842613,0.78941077735522,679
pplfair,social_trust,CH,-0.042651908850413416,0.2656477604752713,-0.05544747341096503,0.14774613198944855,6.4099560761347,7.4824304538799415,1.8802930367967179,0.6231002393511115,683
pplfair,social_trust,CY,-0.0421763551044233,0.27172431205574926,-0.05858269208197603,0.12669241229323497,4.427312775330397,7.348164464023496,2.2552722485906265,0.7500786287999387,681
pplfair,social_trust,DE,-0.023350362793538165,0.5417925768472334,0.012381732467507987,0.7463306147717442,6.245255474452555,7.272700729927007,1.944702310496455,0.5928416843016905,685
pplfair,social_trust,EE,-0.022172898999673462,0.5635129429581589,-0.005512266265423771,0.8858283429446833,6.212922173274596,7.3317180616740085,2.0551679067211146,0.6324960937659446,681
pplfair,social_trust,ES,0.01147760391649983,0.7646202054766386,-0.00424779978621167,0.9117667793016544,5.588579795021962,7.290336749633968,2.1753723254316526,0.662701551864763,683
pplfair,social_trust,FI,-0.035149304296213164,0.35903670024954076,-0.02482472089247541,0.5171871698095319,7.162518301610541,7.44597364568082,1.7068777847359968,0.6575039751288935,683
pplfair,social_trust,FR,0.014211577752187805,0.711435038214991,0.05269335153429277,0.1699078102210965,6.141176470588236,7.307058823529412,1.9950037220496466,0.7439754276104535,680
pplfair,social_trust,GB,-0.01618518852785063,0.6742112684843021,-0.023584723163216092,0.540135968409626,5.946824224519941,7.321418020679468,2.1825307199023865,0.6377422253592243,677
pplfair,social_trust,GR,-0.004746895219117869,0.9016661653077058,-0.002053058223442786,0.9573823173900005,4.930882352941176,7.264117647058824,2.002851968993927,0.710477520544576,680
pplfair,social_trust,HR,-0.018670709806504194,0.6282280288675741,-0.010301641573077742,0.7893494161001801,5.1866666666666665,7.232,2.4301762645038454,0.6975463567973856,675
pplfair,social_trust,HU,0.08592071212469496,0.0250545552692307,0.06098583955486346,0.11208987551316688,5.107352941176471,7.170294117647059,2.1191195115224266,0.7843460557459117,680
pplfair,social_trust,IE,-0.05937691482972382,0.12216862617409703,-0.06469236753065509,0.09210662718230649,6.138438880706922,7.446097201767304,2.1680798925936635,0.6488555361265479,679
pplfair,social_trust,IL,0.04703330347099994,0.22163767369725018,0.04804794700484339,0.21181828454341806,5.336779911373707,7.313884785819793,2.28748013222749,0.6755772055587378,677
pplfair,social_trust,IS,0.038443629495825214,0.3153961753523637,0.05055442870948688,0.18663607176558664,6.980994152046784,7.619005847953216,1.8377658965300543,0.6662024147056222,684
pplfair,social_trust,IT,0.020977149003358755,0.5858494936852945,0.014428847287521553,0.7078440661292977,4.638109305760709,7.299852289512556,2.2182462754010057,0.7459258030079956,677
pplfair,social_trust,LT,0.0885361366015264,0.021614849859751206,0.08813649674513908,0.02221570903769093,5.518573551263001,7.22852897473997,2.2420553623696216,0.7552319925866998,673
pplfair,social_trust,LV,0.02998344855936443,0.43707296255125,0.03501660384588333,0.36405003208524545,5.6335311572700295,7.213056379821959,2.232570662270126,0.7108635936820341,674
pplfair,social_trust,ME,-0.04200475124422212,0.27617009846168705,-0.05338930425539569,0.16621101040540343,4.353115727002967,7.294213649851632,2.3320107379006516,0.6025545337751502,674
pplfair,social_trust,NL,-0.0036882996855002502,0.9233499906043773,0.0024344258939862852,0.9493639813517407,6.613469985358711,7.371303074670571,1.6245712613451924,0.679310436404541,683
pplfair,social_trust,NO,0.0014948096228132172,0.9688721613951152,0.016982863792047498,0.6574915360120545,6.888888888888889,7.577046783625731,1.8460339171751394,0.6131187041611724,684
pplfair,social_trust,PL,0.017472635704801925,0.6521473471817664,0.004218178205051351,0.9133468055076112,5.235029940119761,7.148053892215568,2.245802447853418,0.6822085464426553,668
pplfair,social_trust,PT,0.03447084987096207,0.3705126726360399,0.031237384729450274,0.41709663577975514,5.137370753323486,7.317872968980797,2.2148719091354003,0.7156882493305179,677
pplfair,social_trust,RS,0.031950377695989636,0.4058440962817526,0.02795789254144052,0.4670322414157468,4.677466863033874,7.202209131075111,2.8477505595239645,0.7065086019131455,679
pplfair,social_trust,SE,0.028259581014750054,0.4609168576619248,0.031801121631317854,0.4066594423802478,6.759882869692533,7.5828696925329435,1.7790821015597584,0.6121803437857567,683
pplfair,social_trust,SI,0.010777120364329049,0.780190294203247,0.02645663577217277,0.49322494713824283,5.451708766716196,7.286775631500743,2.248240229455623,0.7259561666064033,673
pplfair,social_trust,SK,0.056751016125397714,0.13873057609456996,0.05294316915501497,0.16726354405756066,4.854838709677419,7.202346041055718,2.504219356369087,0.6977794087538887,682
pplfair,social_trust,UA,0.03558212145989393,0.3610473137912283,0.02193681541155873,0.5734389413963106,4.795763993948563,7.178517397881997,2.427565228403996,0.887569841084585,661
pplhlp,social_trust,AT,0.0129908424542697,0.7348737920462803,0.032971520112378604,0.38994905002591557,6.249266862170088,6.87507331378299,2.0606175861059213,1.3734402427277528,682
pplhlp,social_trust,BE,-0.08972948788153803,0.019269482196823104,-0.05897572343067209,0.1244386453058297,5.247058823529412,7.116323529411764,2.127903584209651,1.181240710165077,680
pplhlp,social_trust,BG,0.00206463214820754,0.9574913080831554,-0.046166518165628646,0.23306469679635983,3.5575485799701045,6.762331838565022,2.286721098591003,1.474489032744019,669
pplhlp,social_trust,CH,0.01461237123036555,0.7030515171708379,0.02442016983536412,0.5240406276039267,5.91800878477306,7.230600292825769,1.8928049024528901,1.0662995828614357,683
pplhlp,social_trust,CY,-0.04815968275856881,0.21041848512765485,-0.06103583490839689,0.11232579527940012,4.147492625368732,6.889159292035399,2.246037290821854,1.5023333996543762,678
pplhlp,social_trust,DE,-0.018169801984398153,0.636727541573379,-0.025617039765724735,0.5054711573333983,5.426253687315635,6.952949852507375,2.0021453354864907,1.2303937117087302,678
pplhlp,social_trust,EE,-0.005802177057966604,0.8803080784990697,-0.0207752632910601,0.5897382482737,5.106508875739645,7.182470414201184,1.9993818900208453,1.1031032149473083,676
pplhlp,social_trust,ES,-0.07324276101957224,0.05626361741749614,-0.04665805438657017,0.22432163837746733,4.826470588235294,6.954558823529411,2.2966722194025,1.3041939077882614,680
pplhlp,social_trust,FI,-0.07014551489026008,0.06673617079347872,-0.044042382556645616,0.25001654283744845,6.409356725146199,7.066959064327485,1.9175463660172243,1.1576173811972914,684
pplhlp,social_trust,FR,0.006486995553051585,0.8665035359779616,0.03290537896880309,0.3937044380884809,4.64540059347181,6.9350148367952515,2.186086878936469,1.3273965681403936,674
pplhlp,social_trust,GB,-0.03329134160821986,0.3857149307021939,-0.02546766010347275,0.507016686964452,6.054331864904552,7.038325991189428,1.9944738805740119,1.3159819033877527,681
pplhlp,social_trust,GR,0.00767211681487561,0.8422933066872759,-0.010061715269773687,0.794144076739778,4.358518518518519,6.9474074074074075,1.9870644432578233,1.3457168910969441,675
pplhlp,social_trust,HR,0.10329504302587407,0.007020632021418521,0.09547373920465387,0.012746950511487944,4.416176470588235,6.8004411764705885,2.4074081966030336,1.4520362360156824,680
pplhlp,social_trust,HU,0.04323071801698532,0.260966945872573,0.03901248459394529,0.31042258700203806,4.536873156342183,6.653982300884955,2.296544887675824,1.549548105750472,678
pplhlp,social_trust,IE,-0.028440046389012683,0.4580579603090134,0.01828253421854148,0.633386804563732,6.0556368960468525,7.048023426061493,2.254967081042182,1.2740730812866319,683
pplhlp,social_trust,IL,0.011709033290982973,0.7610460812628091,0.006731895295254401,0.8612077255547499,5.125553914327917,6.9951255539143276,2.3282189390029755,1.259692548621739,677
pplhlp,social_trust,IS,-0.06352064187947588,0.0976690055182787,-0.08346378185939123,0.029415815396404373,6.58590308370044,7.397650513950074,1.7918215631370302,1.0047360209515381,681
pplhlp,social_trust,IT,-0.014684219992871202,0.7035465261992472,-0.021082821374660256,0.584800191208757,4.1973293768546,6.98086053412463,2.262411760284434,1.4292024921547295,674
pplhlp,social_trust,LT,0.019342479336253944,0.6156529530925563,0.021446180559448486,0.5777783589962346,5.059171597633136,6.783284023668639,2.4060519793943906,1.3423589570533716,676
pplhlp,social_trust,LV,0.014579835971763249,0.7059737377690175,0.06050943029737829,0.11709140985922187,4.955357142857143,6.7805059523809526,2.329318326527664,1.356649807581754,672
pplhlp,social_trust,ME,-0.034019307697288316,0.37717106492600494,-0.045183694095323385,0.24071516063725587,4.279585798816568,7.062130177514793,2.191619825109465,1.2169120194281546,676
pplhlp,social_trust,NL,-0.07766513527401173,0.0427560455042433,-0.08200857798948316,0.032373550696826646,5.722466960352423,7.187224669603524,1.7617447299174958,1.138354626995595,681
pplhlp,social_trust,NO,-0.004023309507365137,0.9164734604933418,0.04851041029640117,0.20577214468488583,6.155425219941349,7.421114369501466,1.905831890113037,0.9265348840991032,682
pplhlp,social_trust,PL,-0.0009650697273669327,0.9800484492427546,0.02869958356274096,0.4569643601054454,4.5385756676557865,6.787982195845698,2.381671292720517,1.5111338430166201,674
pplhlp,social_trust,PT,0.0084992786672563,0.8249131122758993,-0.009816761008522154,0.7983176394475758,4.069117647058824,6.765294117647058,2.160616651800058,1.6064858148482042,680
pplhlp,social_trust,RS,0.010766802654228304,0.7799172353187045,0.01662488552086743,0.6661216533900968,3.724852071005917,6.644378698224853,2.7180664383472632,1.5619497023500752,676
pplhlp,social_trust,SE,-0.05351599889029938,0.16489212246295007,-0.010757787182261227,0.7802559088787346,6.127407407407407,7.243555555555555,1.9085326766104518,1.1424370501047432,675
pplhlp,social_trust,SI,0.060066375042023314,0.11952613218999376,0.015330424682806876,0.6913751092309386,5.359583952451708,6.935512630014859,2.253628253026069,1.3071354359175322,673
pplhlp,social_trust,SK,-0.045351590420453475,0.23966867654354101,-0.03505402000545374,0.36353737231337196,4.218100890207715,6.7540059347181,2.546722150811038,1.4079345224755293,674
pplhlp,social_trust,UA,-0.030560964743903095,0.4289786560237765,-0.028737970960028322,0.4570337611475056,4.278273809523809,6.653273809523809,2.664823791262466,1.6828727822448841,672
sclmeet,social_trust,AT,0.08663529241222323,0.02407516462269681,0.07688502488549022,0.04536712860204058,4.907079646017699,3.718289085545723,1.1915172964744603,0.8907809589887665,678
sclmeet,social_trust,BE,0.04405185013254699,0.25201008169908523,0.010812235887286685,0.7786932168367936,5.17551622418879,3.6651917404129795,1.367546169183026,0.8052619829975043,678
sclmeet,social_trust,BG,0.07594906859914836,0.04974912027677597,0.05109034345165277,0.187217989940139,4.961077844311378,3.6497005988023954,1.6730458734538043,0.9780422418618776,668
sclmeet,social_trust,CH,0.05868207982534278,0.12688898390595837,0.06940428271646079,0.07091485020037609,5.097345132743363,3.8053097345132745,1.2974097710785177,0.8119317783149907,678
sclmeet,social_trust,CY,0.05009042995582363,0.1930111418820664,0.04164500708972525,0.27923572788489404,3.998522895125554,3.7104874446085674,1.7066691854090357,0.8948038189862103,677
sclmeet,social_trust,DE,0.03180467346697428,0.4086834478635236,0.03513244699747055,0.3613942823792054,4.838995568685377,3.6454948301329395,1.4013151668079156,0.8417004829544635,677
sclmeet,social_trust,EE,0.033196351702969217,0.38847578220453727,0.01441659615204424,0.7080807697819519,4.239290989660266,3.6853766617429837,1.48624604531403,0.8685712516303208,677
sclmeet,social_trust,ES,0.053928426734272686,0.1613446509119437,0.05315974884359552,0.16741065247894887,5.241124260355029,3.71301775147929,1.4695409943809392,0.8557651493228322,676
sclmeet,social_trust,FI,0.03629098888787349,0.34541108102881146,0.05221089737424007,0.1744929882268344,4.8952802359882,3.6799410029498527,1.3553139011635251,0.789094050442218,678
sclmeet,social_trust,FR,0.046529122227226966,0.22906183422994808,0.021688993226697477,0.5751907454247152,5.222388059701492,3.6611940298507464,1.4330417434332605,0.8850958624714077,670
sclmeet,social_trust,GB,-0.08241361056195116,0.032158586859728756,-0.09463422620514116,0.013837189228859098,4.809171597633136,3.671597633136095,1.5683835207908832,0.8752520691364991,676
sclmeet,social_trust,GR,0.029328773540607294,0.4471533072040564,0.012414541252706425,0.7476690785118486,4.161721068249258,3.698813056379822,1.6104102287445943,0.8755037186865813,674
sclmeet,social_trust,HR,-0.02872616107709692,0.45554347474395873,-0.027376529311076276,0.47700182025241955,5.348596750369277,3.7119645494830134,1.5267492474745095,0.8777603013752648,677
sclmeet,social_trust,HU,-0.0006283583227030915,0.9869894070920151,0.022921009006444986,0.5518959554730102,3.366863905325444,3.643491124260355,1.5148732994223153,0.9117190608115149,676
sclmeet,social_trust,IE,-0.026925865399113767,0.48461227506934756,-0.055959303479376374,0.14611599251838006,4.210059171597633,3.61094674556213,1.6139078855870932,0.8098275939819402,676
sclmeet,social_trust,IL,0.009035037247581772,0.8146115759916396,0.03878263670031302,0.3140014642248951,5.420118343195266,3.7736686390532546,1.5456924089259083,0.7720787733511901,676
sclmeet,social_trust,IS,-0.01865147700343662,0.6283269354502117,-0.015541692641635567,0.6866830130583488,5.281065088757397,3.8062130177514795,1.4071761231925104,0.8568797014192606,676
sclmeet,social_trust,IT,-0.04319195382615542,0.26104241805229494,-0.04831231735251117,0.20863809604163602,4.7540500736377025,3.7739322533136965,1.5590284974611632,0.9473987059775747,679
sclmeet,social_trust,LT,0.018020296288418728,0.6427455476649145,0.011206822537421321,0.7729928468947354,4.3654135338345865,3.7097744360902256,1.5504587891151025,0.836827833271739,665
sclmeet,social_trust,LV,0.026358475710727466,0.4945093277665112,0.039891628434137245,0.30107248739412673,4.192878338278931,3.6112759643916914,1.6037316328206435,0.8975402267579828,674
sclmeet,social_trust,ME,0.03696715143988194,0.33720863946631635,0.013712662048406874,0.7219258493488948,4.794378698224852,3.769230769230769,1.6231741373244264,0.8128596070298614,676
sclmeet,social_trust,NL,0.058518729485876164,0.12823426952564365,0.07224308690046252,0.06028673549591859,5.401772525849335,3.6794682422451994,1.262053056964392,0.7648380427308099,677
sclmeet,social_trust,NO,0.09502288590128469,0.013244882557732525,0.10560213613646316,0.005880411806902054,5.648011782032401,3.715758468335788,1.3419017543937595,0.8220247902196768,679
sclmeet,social_trust,PL,0.001249318231978816,0.9742700966589076,0.013647473048476685,0.7245768084183953,3.9402092675635276,3.624813153961136,1.438150202185335,0.826966990670758,669
sclmeet,social_trust,PT,-0.010194154331796611,0.7910426683406395,-0.010347868243983012,0.7879663935358594,5.619469026548672,3.6976401179941,1.6104455051433049,0.9005301443590035,678
sclmeet,social_trust,RS,0.08964040183937409,0.01984316454881312,0.058542579888974156,0.1286454504370411,5.133333333333334,3.6933333333333334,1.6095044116244526,0.9111247817684043,675
sclmeet,social_trust,SE,-0.033186227356193594,0.38791818675698486,-0.024481038815842633,0.5242304406421856,5.431516936671576,3.711340206185567,1.3850047855444987,0.8478870844533772,679
sclmeet,social_trust,SI,0.027097839684835215,0.4831299790171,0.008418854619217023,0.8275543912114881,4.625,3.6711309523809526,1.5038450470325564,0.8822812360847468,672
sclmeet,social_trust,SK,-0.04552874487422074,0.23713837796911508,-0.028846368487009156,0.4539938082775128,4.571005917159764,3.698224852071006,1.5623305080107832,0.9063053772178846,676
sclmeet,social_trust,UA,0.08432529946383581,0.03132727358591649,0.0713135263557041,0.06879502004077585,4.317484662576687,3.521472392638037,1.773365271263954,0.883975264390281,652
inprdsc,social_trust,AT,0.05041753488183312,0.18815761295511046,0.057330229598419664,0.13445300467763496,3.0512445095168377,2.9824304538799415,1.1735141864073406,0.6100203898406575,683
inprdsc,social_trust,BE,0.030898390439520605,0.4211422462836036,0.02507478603536897,0.5139045191107423,3.3529411764705883,3.0485294117647057,1.375835061808111,0.6011752473890547,680
inprdsc,social_trust,BG,0.004557614202026475,0.9054298720229943,-0.0022306880283129845,0.9536308062291475,2.0234604105571847,2.8914956011730206,1.2626014641660956,0.6981943088654932,682
inprdsc,social_trust,CH,0.056829210155561735,0.13789686165870602,0.0635649145241046,0.09694291439840921,3.5446559297218156,3.0322108345534406,1.2650200200932715,0.6734288346709779,683
inprdsc,social_trust,CY,-0.008267191122680576,0.8296199508761147,-0.02402923927346116,0.5316144749661572,2.4338235294117645,2.998529411764706,1.3221919469801278,0.6152199810264174,680
inprdsc,social_trust,DE,0.005622522028801637,0.8835607793940603,-0.007382993808593918,0.8474953830393107,3.5770925110132157,3.0455212922173276,1.229659591328744,0.6615365802224736,681
inprdsc,social_trust,EE,0.03246946676609605,0.39755892951146743,0.02639505752825223,0.49166740413750826,2.590308370044053,3.0998531571218795,1.3637621165916098,0.5931099309320027,681
inprdsc,social_trust,ES,0.1064201978354663,0.00536881822702601,0.08056442572569301,0.035286224395632275,2.8872620790629577,3.04099560761347,1.3924383032225527,0.6348298811386747,683
inprdsc,social_trust,FI,-0.0025833698567450207,0.9462704912910597,-0.01688692951278063,0.6595383828685983,3.253294289897511,2.9677891654465594,1.2752896789249983,0.6353369365402061,683
inprdsc,social_trust,FR,0.06483334032936852,0.09163824921775023,0.07178951395144424,0.06172747672806022,2.855457227138643,3.0678466076696167,1.4492063779660065,0.5447195910387693,678
inprdsc,social_trust,GB,0.04352248690237234,0.2574075190879679,0.05077315151279559,0.18635382302165057,3.0957290132547866,3.0294550810014726,1.429141301135499,0.6185563389968863,679
inprdsc,social_trust,GR,0.03065765382430975,0.42545590120881943,0.026982160993418464,0.4830506175752765,2.230088495575221,3.06047197640118,1.1908725961087836,0.6297881862018346,678
inprdsc,social_trust,HR,0.0815090815231152,0.03410393972289671,0.07412704764548354,0.05405603558559983,2.3431952662721893,2.9763313609467454,1.3954310090699056,0.6706782656111513,676
inprdsc,social_trust,HU,0.08634289404310444,0.02477106339464072,0.08156871096019556,0.03397267495623337,2.460059171597633,2.9585798816568047,1.2171135238041142,0.6609087309504275,676
inprdsc,social_trust,IE,0.08118289552552876,0.034030298795776376,0.10291504685117224,0.007148306682743912,2.6187683284457477,3.005865102639296,1.32350254250732,0.6768421749518877,682
inprdsc,social_trust,IL,0.016939871272284076,0.6606616696210327,-0.006455231950998003,0.8671511263066773,2.5029673590504453,3.1112759643916914,1.4060440882598981,0.6411522672677838,674
inprdsc,social_trust,IS,0.03072456990098717,0.4254763531094944,0.044194342423714644,0.2515325647225185,3.533333333333333,3.0948148148148147,1.3265157054908723,0.6868107301205204,675
inprdsc,social_trust,IT,0.08024864508618186,0.036841473004554204,0.0708165377667364,0.06554850243706026,2.2333825701624814,3.019202363367799,1.2832129343115697,0.6603190564611681,677
inprdsc,social_trust,LT,0.02983966853580328,0.4385949448298598,0.014634886419697906,0.7040766680183198,2.11094674556213,3.010355029585799,1.38064879761109,0.6193515304023256,676
inprdsc,social_trust,LV,0.030599256620588842,0.4277113644581091,0.042766255206013244,0.2675497107220056,1.7373887240356083,2.9910979228486645,1.2983689643317209,0.6142761568991245,674
inprdsc,social_trust,ME,0.003932927831650492,0.9190649599559086,0.029060742174342787,0.4526691013526469,2.183582089552239,3.0417910447761196,1.1780373096034564,0.5999873575477596,670
inprdsc,social_trust,NL,-0.0042855226928663216,0.9109864549117719,-0.011826754502424978,0.7576804299346351,3.724743777452416,3.068814055636896,1.2666786586514633,0.5572315041748489,683
inprdsc,social_trust,NO,0.04615486627233707,0.2286781709927744,0.05190989945450113,0.17571723665439165,3.2434017595307916,3.096774193548387,1.4387113400529306,0.5956436359158536,682
inprdsc,social_trust,PL,-0.0010008436469302264,0.979355293817288,-0.012862007873568901,0.7394621108983159,3.1535022354694484,2.9865871833084947,1.3763401988263815,0.6701295092583006,671
inprdsc,social_trust,PT,-0.023849625387599105,0.5368057523484219,0.0056424631412776574,0.8838367569488244,2.2273402674591383,3.011887072808321,1.385628262974202,0.5772277025245806,673
inprdsc,social_trust,RS,0.06090504244964951,0.11363372917747405,0.06990269820982824,0.06931994213208006,2.477810650887574,2.967455621301775,1.4260368078794918,0.6569108667973931,676
inprdsc,social_trust,SE,0.08122773833222642,0.03380019498984516,0.0719577832741397,0.060168554931337964,3.8140556368960468,3.0453879941434847,1.2719538771204315,0.5927135424256053,683
inprdsc,social_trust,SI,0.0075277862728172044,0.8451087879873691,0.03510037423776662,0.3621891777035847,2.8195266272189348,3.002958579881657,1.3421829916198627,0.6394373485543964,676
inprdsc,social_trust,SK,0.06346712927146908,0.1014841382913782,0.04641401252950491,0.2312671783028724,1.7511244377811095,2.926536731634183,1.1616278941088958,0.6070164072690344,667
inprdsc,social_trust,UA,0.09568128117423033,0.013430820515024344,0.10516912383402391,0.006556242872384295,2.15592203898051,2.977511244377811,1.39054297729007,0.6696584543212641,667
stfdem,political,AT,-0.028411653282744885,0.4621619885953581,-0.02819326626005714,0.4656118577991559,5.742559523809524,6.446428571428571,2.4858654970007747,1.4299705730880643,672
stfdem,political,BE,0.057213906344980046,0.14052448960914993,0.018517535284235057,0.6336005649464275,5.18796992481203,6.76390977443609,2.39147071229585,1.139338897947932,665
stfdem,political,BG,0.07565474484666262,0.05295283699776982,0.07011630627682307,0.07293067714980239,3.33587786259542,5.815267175572519,2.3888460453710114,1.9175063955908775,655
stfdem,political,CH,-0.019926867285977763,0.6074450922683152,-0.03410854416785739,0.3791288235199888,7.563718140929535,6.93448275862069,1.6756702657011902,1.050687531627126,667
stfdem,political,CY,-0.012652315915197313,0.745231184063083,-0.03863371765466225,0.32094741409876015,4.5,6.138972809667674,2.3133827586890368,1.8090437212354105,662
stfdem,political,DE,0.013360375343217101,0.7287848819775488,0.006439124993974278,0.8672841703533843,5.733727810650888,6.758875739644971,2.602013751754921,1.0482413812788436,676
stfdem,political,EE,0.05620332687429343,0.1545840019938168,0.04409189425158423,0.2642401324867534,5.242612752721618,6.900466562986003,2.5886621987214653,1.0334211549690404,643
stfdem,political,ES,-0.009214931532257718,0.8120941507251931,-0.01889328000937059,0.6259473052663013,4.796407185628743,6.538922155688622,2.5243377201566277,1.3345753969645373,668
stfdem,political,FI,0.07016093012742533,0.06953673545631855,0.045785720210868276,0.23659451322793668,6.7791044776119405,6.9305970149253735,1.9665770276827494,1.0316535562293971,670
stfdem,political,FR,-0.034635035522842736,0.3732541310613594,0.0013918350425545152,0.9714653924130802,4.358974358974359,6.562594268476621,2.481522076581647,1.1757573491995306,663
stfdem,political,GB,0.041357937002767034,0.29807096739043315,0.0046782217467069,0.9063403531024652,4.333858267716535,6.607874015748031,2.633568199711205,1.2617652185540604,635
stfdem,political,GR,-0.03885794447600959,0.31234459550918386,-0.04479539612794437,0.24408602497461765,4.154867256637168,6.351769911504425,2.207392888663759,1.4626582284370016,678
stfdem,political,HR,-0.03700973579375285,0.3420909664999701,-0.053569975403728265,0.16892664592740725,4.462934947049924,6.084720121028744,2.520925126664128,1.785147338466471,661
stfdem,political,HU,-0.12047088768519683,0.0019794142057737367,-0.13784381107656848,0.0003949815127765691,4.4581430745814306,6.018264840182648,2.6638670012277577,1.7693963513146058,657
stfdem,political,IE,-0.0020323784624603387,0.9585644980070753,0.001184850593814314,0.9758364765408315,5.8185975609756095,6.612804878048781,2.2875077640567683,1.3385947051927485,656
stfdem,political,IL,0.0810655573408437,0.04003438771518291,0.07877266526389994,0.04602858694253965,4.246105919003115,6.705607476635514,2.7628907245293544,1.2573402660350135,642
stfdem,political,IS,0.0715481484932275,0.06621348730020424,0.04666076691946155,0.2312611159055459,5.927272727272728,7.209090909090909,2.2888888740075446,0.7879454609210731,660
stfdem,political,IT,0.04889477079603482,0.2103552244598948,0.02974853947588847,0.44617181615315377,5.120060790273556,6.246200607902735,2.0642330632400743,1.5615799581780934,658
stfdem,political,LT,0.04017071535832202,0.31026287895247556,0.07505524844184179,0.05773168589250975,4.6078125,6.325,2.3934446655353567,1.5556449784268063,640
stfdem,political,LV,-0.0012090722718594413,0.9760700683536441,0.039139314821868,0.33135394853025024,4.255663430420712,6.17799352750809,2.4506821654724122,1.7082224223930755,618
stfdem,political,ME,0.011099553933043895,0.7747770090631722,-0.015157646551124055,0.6959785153463778,4.2098950524737635,6.7346326836581705,2.578093987345709,1.3721982019433858,667
stfdem,political,NL,0.12607163547615388,0.0011318660254939854,0.08696084609961366,0.02503588870886935,5.914156626506024,6.935993975903615,2.0885766035328466,1.0703248995572432,664
stfdem,political,NO,-0.05713918594592194,0.13749524215340952,-0.014009609264004122,0.7159600164152266,7.231905465288035,7.166912850812408,2.0295854802937465,0.8955336644531751,677
stfdem,political,PL,-0.05010137753456276,0.20452388357555998,-0.041420397982157395,0.29430613715644904,5.1244167962674965,6.132192846034215,2.322867043686701,1.707489279253296,643
stfdem,political,PT,0.07430801694867188,0.057143110722167094,0.11424308573973799,0.003388872418923973,4.725609756097561,6.286585365853658,2.367918452052096,1.5668911950512157,656
stfdem,political,RS,-0.19719641921278852,1.0375387781226945e-06,-0.16423758143569064,5.0010067462703396e-05,3.9453642384105962,6.1092715231788075,2.973960238851204,1.6129595798055711,604
stfdem,political,SE,0.062481063219600355,0.10771199021541673,0.013706188604081798,0.7244371661175224,6.632530120481928,7.112198795180723,2.0864922715148957,0.8373728847131634,664
stfdem,political,SI,0.050848935639644086,0.1967953878073331,0.05423116610689533,0.16860136921214647,4.939628482972136,6.510835913312693,2.3402926706379534,1.4581628818784544,646
stfdem,political,SK,0.09932192965611526,0.010325673823822329,0.0878360407331175,0.02339589219700983,4.576576576576577,5.98048048048048,2.669965107652551,1.738007781048991,666
stfdem,political,UA,-0.09373940765349975,0.018793682075715856,-0.08953657580149758,0.024844103493083372,3.011146496815287,5.2993630573248405,2.654153849109071,1.9750112531619448,628
polintr,political,AT,-0.05829567577352394,0.12772451680104488,-0.06162683300517584,0.10732501829541424,2.4195906432748537,2.9166666666666665,0.8679906327129788,0.5521818827389967,684
polintr,political,BE,-0.03050618948022021,0.42604256898545473,-0.04045665330970965,0.2910592988268499,2.566617862371889,2.8726207906295755,0.9219694647506864,0.6101752173532626,683
polintr,political,BG,0.03863541278592316,0.31334154928400226,0.024163047256112707,0.5284205332057507,2.8125915080527086,2.7906295754026353,0.8996673489433528,0.7255900918237184,683
polintr,political,CH,-0.039500271882794855,0.3022692529245486,-0.04606674526847323,0.22888464112926882,2.402046783625731,2.9210526315789473,0.9154898795855734,0.5380633920988586,684
polintr,political,CY,-0.02363027313982867,0.5372560775686127,-0.018329121922052133,0.6322714869240768,2.925438596491228,2.8640350877192984,0.9506084731043086,0.6475036681217939,684
polintr,political,DE,-0.03550439142787437,0.35419979958950737,-0.047838581792463405,0.21179265336150843,2.2152269399707176,2.9092240117130306,0.8793506333649129,0.5474171407542032,683
polintr,political,EE,-0.04521763770646631,0.23793300527088904,-0.062417015947908466,0.10313858326125426,2.5915080527086385,2.882869692532943,0.8485201424361176,0.560986739853318,683
polintr,political,ES,-0.08225605379865963,0.03135297251537813,-0.07872893814114208,0.039401555219706653,2.7518248175182483,2.899270072992701,1.0085962532226507,0.6189616316988844,685
polintr,political,FI,-0.0379399409245864,0.32142843803493776,-0.043554755778421314,0.25495542388466286,2.1854014598540146,2.9430656934306567,0.7737034188933265,0.5363668690296629,685
polintr,political,FR,-0.03929237090754835,0.3058898257393579,-0.0502210886439736,0.19053881980165027,2.60352422907489,2.930983847283407,0.9769035278475108,0.5606669358665626,681
polintr,political,GB,-0.0803405770039204,0.03593629341615618,-0.09521900177918739,0.012855419134797888,2.502932551319648,2.8504398826979473,1.0010964142810053,0.5970373109885745,682
polintr,political,GR,0.001744591775626143,0.9636474180164757,0.00856225216501327,0.8229982103631904,2.9182481751824816,2.87007299270073,0.9562214700175594,0.6345746104160993,685
polintr,political,HR,-0.007188946655803562,0.8510243941005166,-0.011868304094512498,0.7565101149593789,3.0452554744525546,2.7824817518248177,0.9173419205821063,0.7220319170322742,685
polintr,political,HU,0.0069522880426415145,0.8560831708724952,0.0117799806840472,0.7586089982800397,2.8389458272327963,2.8096632503660324,0.8900591770793878,0.7257882988598354,683
polintr,political,IE,-0.09709641954116305,0.011120250582405336,-0.09635136423205472,0.011758047413964638,2.575402635431918,2.9019033674963395,0.9991688366036869,0.5962093425058707,683
polintr,political,IL,-0.060857791858070075,0.1120527859125584,-0.07508711006013274,0.04981816448792877,2.4685212298682284,3.0278184480234263,1.0232439405824307,0.5863444203770214,683
polintr,political,IS,-0.08227283221784709,0.03131833150608549,-0.09939769017178568,0.009236223547101775,2.2613138686131387,2.9445255474452554,0.8854120010347647,0.5432897017285241,685
polintr,political,IT,-0.059716159398633,0.11949939265205123,-0.02933099536921709,0.44476043341224114,2.9941262848751835,2.895741556534508,0.8401474880494118,0.657085421201695,681
polintr,political,LT,-0.0442735514459394,0.2478840396706062,-0.05120829202277869,0.18131502986980805,2.7481698389458273,2.878477306002928,0.7778883480055971,0.5918726387706084,683
polintr,political,LV,-0.045447978582160584,0.2362378846162996,-0.05423908021349387,0.15740230974050165,2.8883994126284875,2.841409691629956,0.8057863855008212,0.6847844730665211,681
polintr,political,ME,-0.0637454636715757,0.09648573608706552,-0.0467045396545854,0.2235183062715728,2.910425844346549,2.870778267254038,0.8344917231686422,0.5773016434473343,681
polintr,political,NL,-0.06453961639169138,0.09144225912061774,-0.051819388557387144,0.1755206652648272,2.28029197080292,2.899270072992701,0.8361215999082302,0.5326333606121408,685
polintr,political,NO,-0.04103494365567153,0.28421215537806294,-0.04979245703438595,0.1936996458723545,2.4553440702781844,2.986822840409956,0.789769625773216,0.4480020906876908,683
polintr,political,PL,-0.002512120159458565,0.9478653480922059,0.002679685874880681,0.944393262646826,2.583823529411765,2.8661764705882353,0.8312933823363708,0.6150087213045056,680
polintr,political,PT,-0.01739305719506359,0.6495245062852951,-0.008350458364323065,0.8273067400733879,2.8656934306569344,2.8204379562043798,1.0084756283680514,0.710112696571519,685
polintr,political,RS,-0.027424660888120046,0.47394764778035875,-0.0359235038910193,0.3481899702709137,3.0160818713450293,2.814327485380117,0.9029179145917877,0.7070235288457836,684
polintr,political,SE,-0.008597287360584559,0.8225422319800763,-0.017842172340917613,0.6415912858502866,2.0775988286969254,2.9070278184480234,0.8094812629529728,0.5419989428621691,683
polintr,political,SI,-0.062268051757998474,0.10421964398976705,-0.07488959293642998,0.05059373461308008,2.7082111436950145,2.87683284457478,0.8746167758196953,0.6339095751006064,682
polintr,political,SK,-0.04186103074204894,0.2739169703937667,-0.05692746977380262,0.13664003164739288,2.6773722627737224,2.837956204379562,0.8215831868138809,0.67214105258522,685
polintr,political,UA,-0.06901546397846507,0.07315090886404232,-0.08218541235907932,0.03276961173235992,2.7288888888888887,2.8755555555555556,0.9126433602816991,0.7484372112270722,675
psppipla,political,AT,0.008092938221567855,0.8332792684381053,0.012660603096161635,0.7419209040745809,2.3475699558173786,3.440574374079529,0.8343417118155887,0.5295816738274165,679
psppipla,political,BE,0.037994114317003454,0.32323179526500023,0.039535196532405885,0.3039794910249475,2.191740412979351,3.4644542772861358,0.8923387576276055,0.5672933848236652,678
psppipla,political,BG,0.11417222150506519,0.0030599066633509573,0.12595393446775963,0.0010769379666042268,1.7123695976154993,3.2518628912071534,0.8923282746617875,0.49238252843439656,671
psppipla,political,CH,0.05172074252853979,0.17954666500425995,0.057451200880848326,0.13593754427492835,2.9274074074074075,3.5511851851851857,0.9831238914798386,0.5385840484346588,675
psppipla,political,CY,0.02932143783224898,0.44828356688692333,0.06421291071720217,0.0965199781616638,1.8315946348733234,3.3375558867362147,1.020659863922315,0.530830933613487,671
psppipla,political,DE,0.0836666888957364,0.02902241986495521,0.08038609530222791,0.03596748012673352,2.5462555066079293,3.479588839941263,0.9336778569199983,0.5683907687435793,681
psppipla,political,EE,0.038129944455532645,0.3240239376795284,0.04279675111834767,0.2682796206603073,2.1296572280178836,3.430178837555886,0.8807390224212779,0.5499679482377096,671
psppipla,political,ES,0.039704564334824846,0.30226907726556346,0.04424193120429636,0.2503183944054429,1.8552437223042837,3.4268833087149186,0.8459911423867126,0.5211939010741078,677
psppipla,political,FI,0.051437866440537425,0.17904417606504408,0.0572973114673141,0.1343910966123842,2.7339181286549707,3.4924707602339184,0.8414352754171046,0.5253371286179436,684
psppipla,political,FR,-0.0044386004213687906,0.9083618538553889,0.01744578791433365,0.6509453937732023,2.0562962962962965,3.4074074074074074,0.9402480422319317,0.5266812319829618,675
psppipla,political,GB,0.05049561756039895,0.19408951937065072,0.04484462598635783,0.24887101536819226,2.0482654600301657,3.383107088989442,0.830367284221561,0.5310463925044274,663
psppipla,political,GR,0.11996552538421691,0.0017663529242636085,0.11907057609043911,0.0019128115275304312,1.9985228951255538,3.3870014771048744,0.9783140634017249,0.4964453720141468,677
psppipla,political,HR,0.0859712480489205,0.025509711931756773,0.0832288493615651,0.03061097338476613,1.665185185185185,3.32,0.7726134421154383,0.5208985616919097,675
psppipla,political,HU,0.03609934314862417,0.3468977866147122,0.023356392142028986,0.5428750331396528,1.8516886930983847,3.2687224669603525,0.8575105538734312,0.48176115107558215,681
psppipla,political,IE,0.0007632918968922412,0.9842428418066388,0.004247125254650706,0.9124937625716771,2.168154761904762,3.4136904761904763,0.907000848594619,0.5445763576105075,672
psppipla,political,IL,0.023324696589314298,0.5488189163216014,0.03985014297374577,0.3055691591500674,2.076923076923077,3.473906485671191,1.0172803941973485,0.5112607812144636,663
psppipla,political,IS,0.0010199447322873376,0.9788828666501779,0.01897794062025015,0.6223251863678856,2.6420118343195265,3.5960059171597636,0.8583937315581119,0.5642093333300923,676
psppipla,political,IT,0.13136809135267094,0.000696655957262103,0.14855810263487446,0.00012338749692162007,1.7888386123680242,3.352187028657617,0.7777469646254971,0.5515623631976194,663
psppipla,political,LT,0.09535248522430709,0.01354316695462471,0.07567215245309997,0.05024462327368871,2.017910447761194,3.298731343283582,0.943695210153398,0.5069051170296455,670
psppipla,political,LV,-0.0011577213071557822,0.9761023808013936,-0.00896441737919313,0.816571966482339,1.7306547619047619,3.3020833333333335,0.8686015894353065,0.47856760214846356,672
psppipla,political,ME,0.06142741045241019,0.11379006854207085,0.06796168289517138,0.08012278326659972,2.0828313253012047,3.41144578313253,0.916123610242357,0.5138107885864819,664
psppipla,political,NL,0.0263899659937155,0.491432004116395,0.01623714260245389,0.6720872323620719,2.4545454545454546,3.5302052785923754,0.9205524972973222,0.5462094331633679,682
psppipla,political,NO,0.038966771164106156,0.31206717650931426,0.043483153573219996,0.25925014099871824,2.994074074074074,3.603925925925926,0.9065998501397606,0.5109369067652108,675
psppipla,political,PL,0.03836046840468973,0.3218301262594142,0.03839484715572953,0.3213963253488524,2.1225710014947685,3.2967862481315398,0.8279810755646273,0.5049538877884187,669
psppipla,political,PT,0.16663872705620794,1.4111282273412587e-05,0.17079818262546118,8.503217293637348e-06,1.7931547619047619,3.3541666666666665,0.91212115170471,0.5317187121705703,672
psppipla,political,RS,0.010583740886367165,0.7896120935441231,0.015357398205143879,0.6986307511275851,1.9184952978056427,3.2774294670846396,1.0207899759583756,0.49786827257652605,638
psppipla,political,SE,0.04915259345942646,0.20215851706932503,0.06472036930755969,0.0929320687666764,2.831111111111111,3.5754156378600825,0.8973639822926496,0.5197997920546044,675
psppipla,political,SI,0.13589142925484338,0.000415700726470755,0.13970568640663494,0.0002834667928799718,2.1207153502235467,3.4156482861400894,0.818828847525622,0.5128289886844523,671
psppipla,political,SK,0.07052828181245047,0.06726471930254714,0.06386004379568509,0.09761719036430355,1.927299703264095,3.2874629080118694,0.8648988684750155,0.4831738826250507,674
psppipla,political,UA,0.03798397714034173,0.3276968951829294,0.03482595676872368,0.3695393691468656,1.6816816816816818,3.158033033033033,0.9518612684950087,0.4264374598670414,666
psppsgva,political,AT,-0.007536295956245966,0.8445953288549848,0.003652516215424692,0.9243141396044953,2.3063328424153164,3.5550810014727543,0.8203556757743816,0.5861226659708506,679
psppsgva,political,BE,0.06614450106788222,0.08594623464647919,0.06564710997389692,0.08833635824349305,2.2088888888888887,3.6465185185185187,0.8863845367464309,0.5375227805793155,675
psppsgva,political,BG,0.04517217876321452,0.2486698323044435,0.050157033110062615,0.20017973483225635,2.0749235474006116,3.3776758409785934,1.1498243731511566,0.5747548479036968,654
psppsgva,political,CH,-0.0034363710694085745,0.9288332617182665,0.013827179311253214,0.7193026707427185,3.21976401179941,3.6503687315634217,0.963326924020817,0.5153441835311839,678
psppsgva,political,CY,0.0023845667706313693,0.9506917425883051,-0.00552431970189356,0.886083965951374,1.8962962962962964,3.4696296296296296,0.9931073590595881,0.5476242286976423,675
psppsgva,political,DE,0.08728449047631104,0.023338708215295,0.08150041001607461,0.034256367020445926,2.542222222222222,3.6536296296296293,0.9509847049248421,0.5089096499003846,675
psppsgva,political,EE,0.11670522028172704,0.0024818664978218624,0.12317752648378118,0.0014002918914036498,2.2119402985074625,3.678283582089552,0.9374331885406496,0.49095941295692247,670
psppsgva,political,ES,0.08493931505686049,0.02815123321066272,0.09698774995710166,0.01214386777000491,2.094311377245509,3.57185628742515,0.9695965738864041,0.5274345965885722,668
psppsgva,political,FI,0.03224766808846399,0.39975302851360184,0.026419387075397528,0.4903116268823138,2.4634502923976607,3.6308479532163744,0.7972190475799101,0.5280064279677916,684
psppsgva,political,FR,0.11752119222884606,0.0022777252140369045,0.12582541283458654,0.0010804492371585112,2.1324404761904763,3.5327380952380953,0.912908584081554,0.5637850605442989,672
psppsgva,political,GB,0.05399452704544789,0.1658917223755882,0.05570197886757804,0.152887275754821,2.1333333333333333,3.5757575757575757,0.8357224225947983,0.5156314119382392,660
psppsgva,political,GR,0.06784813889092864,0.07727172339387207,0.08521857254332575,0.026381928347768348,1.9970544918998527,3.519882179675994,1.047538278025633,0.5611324287697789,679
psppsgva,political,HR,0.08799320697893317,0.022535176770227948,0.09501799129928824,0.013734268029724023,1.6428571428571428,3.4794642857142852,0.78575783261367,0.5404041749876193,672
psppsgva,political,HU,0.0033957460800710594,0.9295168200487554,0.02942442224885631,0.44331080646240184,1.9838472834067549,3.3876651982378854,0.9768062606069803,0.5605359668173665,681
psppsgva,political,IE,0.09503573292937811,0.013368914504737758,0.10250627827639319,0.00760232627813226,2.2629246676514034,3.5908419497784343,0.9647633682632638,0.5296856554808976,677
psppsgva,political,IL,0.04365374240553591,0.2634865330879292,0.05056456191200772,0.19517539051548463,1.965045592705167,3.641337386018237,1.013002265547011,0.5077116463407066,658
psppsgva,political,IS,0.03427175555472051,0.37541853875683234,0.033841787004245914,0.3814418886710454,2.5767511177347244,3.721311475409836,0.8497561699763808,0.5356893256212376,671
psppsgva,political,IT,0.097788926991835,0.011634306285436666,0.10202740454684359,0.008464301069791512,1.7759398496240602,3.518796992481203,0.7699309912688556,0.5460910345933454,665
psppsgva,political,LT,0.050499276230880796,0.1907159386144016,0.07353266217380695,0.05656750358627215,2.236255572065379,3.486627043090639,0.9830674812447819,0.5733148746697428,673
psppsgva,political,LV,0.04395418455327612,0.256607023577705,0.05255785530355,0.17484855010188152,1.8158682634730539,3.4842814371257487,0.9214679283834347,0.5577113157170931,668
psppsgva,political,ME,-0.016127577128609277,0.6778131154919301,-0.008064336561996108,0.8354409084556926,2.190690690690691,3.5195195195195197,0.9017795958670993,0.5148125379616113,666
psppsgva,political,NL,0.09713563300276745,0.011509717031807042,0.09611211862580339,0.012416513437187119,2.544378698224852,3.6829881656804733,0.9250975036124607,0.5087812072952168,676
psppsgva,political,NO,0.027730647900853955,0.4713186934957485,0.03431708261350528,0.37265219532121424,2.895125553914328,3.7734859675036927,0.8280885474977414,0.4681680480111147,677
psppsgva,political,PL,0.06570921678010656,0.09091947981169907,0.08051696171117088,0.0382031931694804,2.268476621417798,3.4965309200603314,0.8847577726674779,0.5357069208151721,663
psppsgva,political,PT,0.09474984221059589,0.0140759952866516,0.11303725386131748,0.0033676253920606877,1.9910581222056631,3.5126676602086437,0.9650197962034397,0.572559486433345,671
psppsgva,political,RS,0.015153622981925139,0.7031076904570123,0.01792067191314588,0.6521818877082644,1.853543307086614,3.382677165354331,1.0305885791593936,0.5644704517346696,635
psppsgva,political,SE,0.048326105756826075,0.2085080868905191,0.051988683703640924,0.17601700787449573,2.6671575846833577,3.7255522827687777,0.8980293191323413,0.536120346929935,679
psppsgva,political,SI,0.0016001378105056602,0.9670732781984327,0.021464630710350478,0.57972044149348,2.1497005988023954,3.5396706586826348,0.8527492711928171,0.5855567034804313,668
psppsgva,political,SK,0.0636729153238564,0.09910842262512191,0.05992665685909568,0.12066715917758518,2.0297619047619047,3.4077380952380953,0.911431590313995,0.5353102111979183,672
psppsgva,political,UA,0.009895929512952102,0.7990891924148771,0.005465205622887713,0.888214228835837,1.7575301204819278,3.2620481927710845,0.9763124742401114,0.49796511180595227,664
vote,political,AT,0.11199206801858089,0.0035502611633222154,0.10883723240185295,0.004612049881554868,1.3002958579881656,2.059171597633136,0.5657377233291352,0.7479682465974317,676
vote,political,BE,-0.021134504657681057,0.58220417827567,-0.02070811425085025,0.5898414058584799,1.3544117647058824,2.1544117647058822,0.6839058370641178,0.7349739405135359,680
vote,political,BG,0.0068425062902289085,0.8586408739589286,0.005455668903493771,0.8870754595282045,1.3838235294117647,2.0808823529411766,0.5676892401462306,0.7164709275106325,680
vote,political,CH,0.01357142188008148,0.7272362376086688,0.007757208684131687,0.8419773928832615,1.6742081447963801,2.180995475113122,0.798061245251411,0.7106022115084097,663
vote,political,CY,0.004691009766373715,0.9031755881309332,0.007028732170984278,0.8553664372569213,1.348148148148148,2.091851851851852,0.595713154123546,0.7511664373460986,675
vote,political,DE,0.002803660524053989,0.9416112002388638,0.008748353759463123,0.8192167234319045,1.34014598540146,2.1591240875912407,0.6663880836812058,0.7231100334974413,685
vote,political,EE,0.0010497992218360273,0.9781683271283135,0.0004048180447339543,0.9915804928239119,1.3709677419354838,2.1686217008797652,0.6379403823322093,0.7426670440542441,682
vote,political,ES,0.030479124338117773,0.4274746756046156,0.027808050359367564,0.4690957424336245,1.3911764705882352,2.1220588235294118,0.6690584891400176,0.7606573368893266,680
vote,political,FI,-0.039923423062379663,0.30068707523946414,-0.025270771040774655,0.5124972485724446,1.1899109792284865,2.1335311572700295,0.46527467906797104,0.7272883094485099,674
vote,political,FR,0.07591637950514175,0.050019900740928346,0.07610738220056676,0.04944446975334843,1.4887556221889056,2.101949025487256,0.6280070808862496,0.7484392832829267,667
vote,political,GB,-0.03666314710428692,0.34048375775940437,-0.04084387099210825,0.2882396944538773,1.3702064896755162,2.010324483775811,0.6053407930767957,0.7714703571651945,678
vote,political,GR,0.04926862940379783,0.19909613714634022,0.04903680437313363,0.20122072458720386,1.1850220264317182,2.0866372980910426,0.4282097216208355,0.7725896097014063,681
vote,political,HR,-0.0046518923935396144,0.9044063112397077,-0.008716007396712128,0.8219617576341675,1.3497757847533631,2.1509715994020926,0.5869749741777307,0.727714686783126,669
vote,political,HU,0.03063918648306528,0.42470914855416414,0.027666129061756795,0.47104100501124263,1.2804698972099853,2.076358296622614,0.5360946053922989,0.7534522200546825,681
vote,political,IE,-0.015934604628173997,0.6782989286083453,-0.03376343875201429,0.37936138367058664,1.3191176470588235,2.0176470588235293,0.6064837094437662,0.7359766389627105,680
vote,political,IL,-0.0513319475827746,0.18546887449875307,-0.036684357500960295,0.3441668653594167,1.3148425787106446,2.158920539730135,0.5586919763434745,0.7525276952478384,667
vote,political,IS,-0.04176330936335749,0.27787104828667064,-0.04867325378951843,0.20592521083902146,1.2614475627769572,2.088626292466765,0.6186497290560007,0.7263860678754388,677
vote,political,IT,0.003122556855305506,0.9357968868467054,-0.002802304194226905,0.9423695336571799,1.4116766467065869,2.1347305389221556,0.6070412948611483,0.7506860944757731,668
vote,political,LT,0.0032874259038177633,0.9318097631700945,0.023177627482574303,0.5462641267513437,1.4294117647058824,2.1441176470588235,0.5827816147282077,0.7054140206172612,680
vote,political,LV,-0.01313112920375028,0.7324993662150562,-0.01718837598882088,0.6545671931371289,1.410294117647059,2.1470588235294117,0.6265222301127353,0.7213288727285898,680
vote,political,ME,0.051582555610851503,0.18201560392946703,0.05218545168144481,0.17695366916651292,1.195230998509687,2.202682563338301,0.42920394761651304,0.7043947029833709,671
vote,political,NL,0.02665076968967701,0.48812163957947297,0.02635868614515914,0.49290326753424785,1.2974963181148749,2.1723122238586154,0.6215236579847957,0.729528345842182,679
vote,political,NO,0.026157902551427966,0.49556870298162065,0.018563033292004334,0.6286894879952696,1.3069016152716593,2.1262848751835537,0.6584937830876113,0.7347863842583718,681
vote,political,PL,-0.009186075915611349,0.8115701001435103,0.01410056346439841,0.7143991362895716,1.1967455621301775,2.113905325443787,0.4758350791743593,0.728498496341343,676
vote,political,PT,-0.06809561859814964,0.07751022203704692,-0.06954500515175706,0.07139087990902634,1.347696879643388,2.0490341753343237,0.5832979540675722,0.7670501165313678,673
vote,political,RS,-0.017331773597777614,0.6550120278584229,-0.01355910862156719,0.726682872841303,1.250374812593703,2.113943028485757,0.4764536887913034,0.7324937145084714,667
vote,political,SE,9.003735518483623e-05,0.9981287260213866,-0.006213884050819396,0.8714152847835386,1.1248164464023496,2.1527165932452275,0.4345223917194471,0.7175504433000802,681
vote,political,SI,-0.06391146426024867,0.09586416363465529,-0.06808136406551031,0.07604043284477757,1.311764705882353,2.2073529411764707,0.5968817872677394,0.7319383703887243,680
vote,political,SK,0.030949985897465258,0.4200240430522509,0.037305376331445615,0.331015639317228,1.2452276064610865,2.052863436123348,0.4790416132621075,0.711354255565479,681
vote,political,UA,-0.049369170876528416,0.20699925886638929,-0.05032289649687524,0.19834979050793633,1.3755725190839694,2.1923664122137403,0.5440941751341383,0.701420393844317,655
actrolga,efficacy,AT,0.049803398662704175,0.199940449116247,0.04887553744201388,0.2084592808525161,2.338855421686747,3.272590361445783,1.0541575594099104,0.5650199806639514,664
actrolga,efficacy,BE,0.0025169701578169165,0.9477263578021575,0.011274511235390586,0.7689961642224971,2.1674008810572687,3.368575624082232,1.0267856036304521,0.559000576600986,681
actrolga,efficacy,BG,0.08857626944908745,0.021751237095735898,0.08357144757994044,0.030421522336803578,1.9210134128166916,3.1177347242921014,1.162096478435832,0.6414756271831658,671
actrolga,efficacy,CH,0.03884832410349983,0.31354143758663183,0.06217366246401273,0.10655197110013959,2.3496296296296295,3.3807407407407406,1.1279346211135373,0.5805318722028684,675
actrolga,efficacy,CY,0.12172431478350437,0.0016222013021013637,0.13820874989325366,0.0003401676256386664,2.031437125748503,3.2035928143712575,1.111706699020294,0.5952225809794262,668
actrolga,efficacy,DE,0.057871300774411556,0.13223173918687278,0.040593798536780516,0.2912042091398563,2.2920353982300883,3.321533923303835,1.059651423379442,0.5621040930316208,678
actrolga,efficacy,EE,0.08103064986367958,0.03530887791569853,0.11737877897210482,0.0022543383941178215,2.065185185185185,3.3466666666666667,1.0386677239279896,0.6125298999545075,675
actrolga,efficacy,ES,0.09811684417689918,0.010580249295470991,0.10998524533134893,0.004140400491447248,1.8761061946902655,3.2890855457227137,1.0324090371653345,0.6019898479325113,678
actrolga,efficacy,FI,0.1351474559227348,0.00038968499261933417,0.15298913608356376,5.807794069688186e-05,2.4437956204379563,3.335766423357664,1.0603749001783096,0.5603540581707139,685
actrolga,efficacy,FR,0.07027585180271197,0.06763906801504516,0.08118961118261273,0.03468005237714075,2.119645494830133,3.259970457902511,1.1248331335278972,0.5603322125981032,677
actrolga,efficacy,GB,0.11730024467137026,0.0024297868767716537,0.11582302940425136,0.0027579073951138153,2.2162162162162162,3.2575075075075075,1.1244814108760588,0.563404610899352,666
actrolga,efficacy,GR,0.08966303689714365,0.020463821169363933,0.09444460688255236,0.014611200274773615,2.1511976047904193,3.187125748502994,1.0430961308073188,0.6428120397880243,668
actrolga,efficacy,HR,0.04903295603600769,0.20528785525347348,0.07802153140504801,0.04366091571259772,1.7877428998505231,3.1479820627802693,1.0337562255196147,0.6501379123439858,669
actrolga,efficacy,HU,0.13096252580855017,0.0006296724778208663,0.119129714973092,0.0018880514826060957,1.8864306784660767,3.1253687315634218,0.9860587755183722,0.6365802025157717,678
actrolga,efficacy,IE,0.08181205678753566,0.0342387609305606,0.06930888926733242,0.07300130354519276,2.2313432835820897,3.2955223880597013,1.1172929268423133,0.608222885111504,670
actrolga,efficacy,IL,0.015968532492478763,0.681725394815409,0.0225435494814173,0.5625834226904609,2.1404833836858006,3.397280966767372,1.1784339497203848,0.5670145103765699,662
actrolga,efficacy,IS,0.009411338409901623,0.8059193598721697,0.00016554413923231524,0.996551855072695,2.652046783625731,3.491228070175439,1.095169170364703,0.5557464588565147,684
actrolga,efficacy,IT,0.08478459879866737,0.028203112978832632,0.06999855102168553,0.0701864058744306,1.862686567164179,3.2395522388059703,0.8810979393592157,0.6110613003722446,670
actrolga,efficacy,LT,0.059835707725333,0.12235022432211,0.06347110831363399,0.10120586533564717,1.9491017964071857,3.2350299401197606,0.9904108918774025,0.5310456142174669,668
actrolga,efficacy,LV,0.11421989702588435,0.003298880040123556,0.12467168714176417,0.0013304396820383092,1.506060606060606,3.1712121212121214,0.7129580577232225,0.6301155207609471,660
actrolga,efficacy,ME,0.06970214538567478,0.07486681432199503,0.06589387526846378,0.09223219973045177,2.09480122324159,3.235474006116208,0.9278095234092913,0.5304466652867078,654
actrolga,efficacy,NL,0.07454363604318076,0.05184467788412151,0.08179414756865197,0.032830188166966257,2.1101321585903086,3.356828193832599,1.0959417707439403,0.6163110713070986,681
actrolga,efficacy,NO,0.03208675674013574,0.4031480004078679,0.04367882607313679,0.25499902158818405,2.6930983847283407,3.4508076358296624,1.078436751539429,0.5617750960391922,681
actrolga,efficacy,PL,0.11820959040698632,0.002211723357321749,0.11833605620564357,0.0021874956648823434,2.1077844311377247,3.215568862275449,1.0157969087161305,0.6302685986904752,668
actrolga,efficacy,PT,0.1513729073339453,7.403922222087615e-05,0.15048989512779024,8.164029719737868e-05,1.7029411764705882,3.164705882352941,0.9799117191813218,0.618269880655828,680
actrolga,efficacy,RS,0.1408422701545637,0.0002779077223040168,0.12015056217831288,0.001956349499861395,1.904833836858006,3.1706948640483383,1.170104493647702,0.6219770833621946,662
actrolga,efficacy,SE,0.11597576122576153,0.002436040472707606,0.10036239037819952,0.008770744711932083,2.679882525697504,3.4866372980910425,1.0807230631020466,0.5923636594344486,681
actrolga,efficacy,SI,0.08721546200811929,0.024612261700241483,0.0640542794601071,0.09911747669399656,1.9759036144578312,3.2078313253012047,0.9883289199675539,0.6181264899918247,664
actrolga,efficacy,SK,0.11641425498461301,0.0023975541835349044,0.0917583588499662,0.0168539388301164,1.8554572271386431,3.150442477876106,0.8913127492227471,0.608476397429198,678
actrolga,efficacy,UA,0.01544143349247624,0.6930178518228896,0.007533198533335538,0.8472888635541619,1.7454268292682926,3.230182926829268,1.0102424170478865,0.6303305543189714,656
cptppola,efficacy,AT,0.0518459923430139,0.18011666085772607,0.06816512910135077,0.07787230247872372,2.68955223880597,3.3328358208955224,1.1975478593540263,0.6314829533638149,670
cptppola,efficacy,BE,0.07124506850720948,0.06256655765478755,0.07183940064064664,0.06040381494949894,2.0716374269005846,3.33187134502924,1.0148889877783287,0.602174202088443,684
cptppola,efficacy,BG,-0.0657872847026413,0.10227873918129414,-0.03800605140607203,0.3455563940099326,2.087378640776699,3.150485436893204,1.0990503882500446,0.6528889227828855,618
cptppola,efficacy,CH,0.025153614553024745,0.5138291673605002,0.03423825931354847,0.37410634598802045,2.7189349112426036,3.4437869822485205,1.0643012892389523,0.6264111835308412,676
cptppola,efficacy,CY,0.07791403382312588,0.043323283610764235,0.10297945010456815,0.007502778297269954,2.0787518573551265,3.2689450222882614,1.0984473292151014,0.6389176009799706,673
cptppola,efficacy,DE,0.023993684959635792,0.5340434143204001,0.011731513883368853,0.7611180307372534,2.664688427299703,3.3679525222551927,1.0430692398792933,0.6030479474020641,674
cptppola,efficacy,EE,0.010971139616928416,0.7756888889266854,0.017481239032035835,0.6497982908024186,1.8847858197932053,3.471196454948301,0.9334460031224998,0.6866093810294114,677
cptppola,efficacy,ES,0.10781639183283812,0.004790887501696792,0.11954391806050199,0.001749848749363365,2.171303074670571,3.276720351390922,1.1519189270355241,0.6921214079790247,683
cptppola,efficacy,FI,0.1485324192168251,9.538938241116303e-05,0.1451336011482533,0.00013797400701000268,2.3401459854014597,3.451094890510949,0.9776343818141108,0.6835704325848686,685
cptppola,efficacy,FR,0.011876076900852824,0.7577428698867086,-0.011364552934785213,0.7678717004392632,2.2319054652880355,3.2968980797636633,1.006334112548886,0.543007576155784,677
cptppola,efficacy,GB,-0.0038385369037963976,0.9212964581723467,0.008357425368606303,0.8296767325379529,2.2857142857142856,3.345864661654135,1.0780632216204535,0.6238859080266683,665
cptppola,efficacy,GR,0.02744039716923396,0.4792626011697236,0.02555168229984072,0.5100394274050947,2.28335832083958,3.2766116941529235,1.0536973921559336,0.6346065230379063,667
cptppola,efficacy,HR,0.06867219418107877,0.07437826657641669,0.06509237954805715,0.09082468150821821,1.8150887573964498,3.239644970414201,0.9411467352627001,0.6408068002516358,676
cptppola,efficacy,HU,0.10867649372159507,0.004673138197238929,0.13447090458694938,0.00045539562024139306,1.856508875739645,3.2026627218934913,0.9530313126461624,0.6244822532253973,676
cptppola,efficacy,IE,-0.020373121237445776,0.5958737016302117,-0.010502269793850806,0.7845692930597253,2.2044117647058825,3.3323529411764707,1.107337134642515,0.6656833835607747,680
cptppola,efficacy,IL,-0.05000588672682143,0.19743878774279106,-0.0350417645561583,0.36657870047617225,2.1366366366366365,3.4714714714714714,1.184210701929987,0.6324055493780454,666
cptppola,efficacy,IS,0.009026838137920584,0.8139685929203464,0.012247783050946336,0.7495159535558259,2.7565982404692084,3.659824046920821,1.0150087403093573,0.7261419978260447,682
cptppola,efficacy,IT,0.0765440678680645,0.0488282041647959,0.08181606504856287,0.03518514819104094,2.055806938159879,3.2654600301659125,0.8629107833795074,0.5986881866632664,663
cptppola,efficacy,LT,0.015266659423738425,0.693901949519956,0.02440638510915856,0.5291925240290237,1.944527736131934,3.2488755622188905,0.957777963822151,0.6375236634266411,667
cptppola,efficacy,LV,0.11752843155112921,0.002328735151099392,0.12021379845285353,0.001840559927616449,1.5500747384155455,3.2406576980568014,0.8240150137641918,0.6096211037513422,669
cptppola,efficacy,ME,0.030052585514909837,0.44363345899270745,0.03561535042610964,0.36390161024747475,2.1564417177914113,3.2561349693251533,1.0250644914597957,0.5920952150288503,652
cptppola,efficacy,NL,0.05912887424915233,0.12235976172472278,0.045646429032102344,0.23316440285601708,2.128654970760234,3.3801169590643276,1.082726320396843,0.6529240353699648,684
cptppola,efficacy,NO,0.027114918014357395,0.47895752123305163,0.0278389541985413,0.4672919145444698,2.690058479532164,3.539473684210526,1.0647365085281462,0.677967648595558,684
cptppola,efficacy,PL,0.05922598681271393,0.1239566029201493,0.07859745909478513,0.041061037039501334,1.9511834319526626,3.301775147928994,0.9280717191750327,0.5918431596824797,676
cptppola,efficacy,PT,0.09674821841023767,0.011475034050369162,0.11189040749216614,0.0034350028517332147,1.7096774193548387,3.2624633431085046,0.94838616228976,0.6876496623467977,682
cptppola,efficacy,RS,0.05682866059612529,0.14627644298144776,0.041600096052208664,0.28773816878815567,1.8916030534351145,3.2290076335877864,1.142254742707759,0.6421114526923206,655
cptppola,efficacy,SE,0.05659276043532133,0.14159783418958488,0.05316967130294266,0.16733127541383636,2.6923076923076925,3.510355029585799,1.0722078294946507,0.6873755939081571,676
cptppola,efficacy,SI,-0.010423968635868973,0.7875273265753346,0.008178535818259048,0.8325263047188224,1.9821162444113263,3.2429210134128166,0.966440920149137,0.6052061136674547,671
cptppola,efficacy,SK,-0.024843433979082244,0.5184152850399174,-0.028299838410202078,0.46193089118548003,1.612094395280236,3.174041297935103,0.867074425307997,0.5641468203616522,678
cptppola,efficacy,UA,0.09913261896475095,0.010129899597673851,0.09159337469554882,0.017551557216360644,1.7172619047619047,3.238095238095238,1.0432379391929856,0.6663117357642974,672
trstprl,inst_trust,AT,0.036026844973220264,0.3514450999952068,0.011509563892690634,0.766013133403525,5.1087928464977646,6.663934426229508,2.475268151373197,1.5319810670251488,671
trstprl,inst_trust,BE,0.06229169878602303,0.10905271946985336,0.016460973041659527,0.6722376701984223,4.701357466063349,6.880090497737557,2.2950323268068433,1.2865309655552528,663
trstprl,inst_trust,BG,-0.027329622391439084,0.4826941717457561,-0.03984878725575986,0.305952036767416,2.513595166163142,5.820996978851964,2.15909491161794,1.9649108497574745,662
trstprl,inst_trust,CH,0.06545287242488995,0.09519854090291048,0.05991157510078342,0.1267460581417093,6.497695852534562,7.268817204301075,1.872368530366244,0.9591318103426917,651
trstprl,inst_trust,CY,-0.033861671297679655,0.3822326517768969,-0.03673538569649845,0.3431328129339688,3.9251497005988023,6.2140718562874255,2.4538491273456526,1.8457730488205941,668
trstprl,inst_trust,DE,0.07916663701714596,0.040805986889730334,0.045273956949451556,0.24258714168714748,5.152694610778443,6.997005988023952,2.6421860553290735,1.0522297392926823,668
trstprl,inst_trust,EE,0.1551470091677171,6.267575988045269e-05,0.08754827804070459,0.0244989724490592,4.721212121212122,7.034090909090909,2.5800398269805473,1.0966101406261983,660
trstprl,inst_trust,ES,-0.0007219087497102103,0.985287443887937,0.005477160608826801,0.8887310240802971,4.30381679389313,6.662595419847328,2.633163136028753,1.4933254087544312,655
trstprl,inst_trust,FI,-0.07875246154954528,0.04051361588827499,-0.05087596590555494,0.1861138067846907,6.581979320531758,7.042836041358936,2.014261338361211,1.0246645827301077,677
trstprl,inst_trust,FR,0.034212481312529144,0.38165443184043685,0.037513839019926366,0.33739336378365214,4.301829268292683,6.678353658536586,2.504419850199514,1.312961004142472,656
trstprl,inst_trust,GB,0.0030945697509460546,0.9370425335062847,-0.02438189672017003,0.533660277023239,3.5932721712538225,6.640672782874618,2.5797569829733717,1.4231503694019279,654
trstprl,inst_trust,GR,0.004937047548203938,0.8986529212538183,0.015162983667998935,0.6956594741628018,3.161676646706587,6.535179640718563,2.1469754612984806,1.513518928818112,668
trstprl,inst_trust,HR,-0.04458615429277095,0.2530525178418834,-0.029081014468109692,0.45610311307713713,2.952959028831563,6.022761760242792,2.4771115550926495,1.9580162459610373,659
trstprl,inst_trust,HU,-0.06367823866467694,0.10112043133288866,-0.05143774534648466,0.1855571674533116,4.557228915662651,5.911144578313253,2.8984380516188586,1.9214426809168659,664
trstprl,inst_trust,IE,-0.057804504891234405,0.14160220594724188,-0.0892433355860109,0.023091764827153027,5.050925925925926,6.695216049382716,2.355997786716173,1.344204555986747,648
trstprl,inst_trust,IL,0.07006166426676061,0.07381806847396044,0.018457352479349775,0.6380470326941337,3.8098159509202456,6.598159509202454,2.7081311193556137,1.3979454923958028,652
trstprl,inst_trust,IS,-0.04197293082529771,0.2790521269502188,-0.048662783810807846,0.2094177363575474,5.5367316341829085,7.368065967016491,2.305447939695543,0.888608086829146,667
trstprl,inst_trust,IT,0.06089904338902703,0.1169378121365134,0.020579791164650182,0.5965550424834885,4.424698795180723,6.306475903614458,2.380867346347445,1.7223936103694226,664
trstprl,inst_trust,LT,0.0012914287672002448,0.9734630422368451,0.042053672575260735,0.278489468276707,3.719219219219219,6.276276276276277,2.541828716505327,1.6783294438377943,666
trstprl,inst_trust,LV,-0.0074849498240972395,0.8488296589114538,-0.007335292966291344,0.8518169445301288,3.06605222734255,6.252688172043011,2.386551987934531,1.7539769298100925,651
trstprl,inst_trust,ME,-0.0025261066587967235,0.9484324895582201,-0.017194074939279772,0.659757541478796,4.203647416413374,6.6063829787234045,2.415926117428169,1.5600868294774244,658
trstprl,inst_trust,NL,0.12611145185530903,0.0010987894854931585,0.07111983866793997,0.06641016471282898,5.24287856071964,7.091454272863568,2.109129900855756,1.0284403841043195,667
trstprl,inst_trust,NO,0.08440581117049051,0.02844122221452599,0.03710336573479116,0.3361487689417001,6.480712166172107,7.382047477744807,2.356190435899279,0.8346799392650212,674
trstprl,inst_trust,PL,0.009629455511655649,0.8059887577717548,0.03984174974653119,0.30936102735028087,3.9540581929555896,6.192955589586524,2.6109202435311536,1.6952150250494846,653
trstprl,inst_trust,PT,0.1327859881029919,0.0006202006686450167,0.1175164984188472,0.0024771993257539275,4.382753403933434,6.3192133131618755,2.6348950266034232,1.837177508671371,661
trstprl,inst_trust,RS,-0.18325909151633743,4.144508188080369e-06,-0.15823780826066336,7.287565958166963e-05,4.192616372391654,6.022471910112359,3.0936315758134123,1.819722865573061,623
trstprl,inst_trust,SE,-0.008333231476495272,0.8296581839157018,0.01925006067897629,0.6191760609402099,6.24813153961136,7.2040358744394615,2.2094009011387827,0.8431647532400222,669
trstprl,inst_trust,SI,0.16324359549851034,2.2380455738205833e-05,0.10512256044334176,0.0065397419563323535,4.181137724550898,6.426646706586826,2.4656811860292165,1.699901085676337,668
trstprl,inst_trust,SK,0.06779154382649033,0.07951937599110846,0.06450955547806562,0.0952346463446812,4.129850746268657,5.74179104477612,2.7857482121964643,1.9270437293294063,670
trstprl,inst_trust,UA,0.00734159394822437,0.8520305992480628,-0.003226079448473239,0.9346751559684446,2.2376543209876543,5.015432098765432,2.5748159804499977,1.9315351259638185,648
trstplt,inst_trust,AT,-0.08740172267306054,0.024306300789278475,-0.05261218668565737,0.17570296229003995,3.6867469879518073,6.275602409638554,2.477909452368816,1.787574322743123,664
trstplt,inst_trust,BE,0.06156613440521243,0.1137946421070848,0.06405764100983614,0.09986881471658345,4.130105900151286,6.4114977307110435,2.241080263253399,1.555085799662843,661
trstplt,inst_trust,BG,-0.006493560351378294,0.8683563399933067,-0.006110808382454216,0.8760513115733997,2.209480122324159,5.100152905198777,2.073792282436108,2.1289551912365914,654
trstplt,inst_trust,CH,-0.06131209223208892,0.11696604671741112,-0.06980663495415075,0.07420864321254479,5.6061068702290076,6.761832061068702,1.9013819103455847,1.3371576280349697,655
trstplt,inst_trust,CY,0.07267893293886885,0.060656400110317636,0.0750930556672608,0.05256481376029691,2.6686656671664166,5.407046476761619,2.24737922524164,2.1552843369058623,667
trstplt,inst_trust,DE,0.06657232316920234,0.08579643964304329,0.06143749149781818,0.11291469830413037,4.067466266866567,6.613943028485757,2.3294575332866434,1.3688075572853569,667
trstplt,inst_trust,EE,0.0819303425943519,0.034247871815239465,0.04671561309340406,0.22789669773126875,3.5988023952095807,6.627245508982036,2.3207812370189487,1.4752755602312007,668
trstplt,inst_trust,ES,0.06723819395590833,0.0817820701882392,0.06643828469296317,0.08548937939427598,2.7570789865871834,5.986587183308495,2.3668745922720222,1.8083055830159984,671
trstplt,inst_trust,FI,-0.03899300636585094,0.31102281727253045,-0.004937356062488559,0.8979673124225461,5.394387001477105,6.6225997045790255,2.0153621074072023,1.4162122499342458,677
trstplt,inst_trust,FR,-0.04984750189879978,0.1992025032060642,-0.04629646495420662,0.23315628920576414,3.914285714285714,5.899248120300752,2.1725679817008894,1.7208193726662888,665
trstplt,inst_trust,GB,0.04451856281009262,0.2544978592298356,0.03560380611932507,0.36221727497419326,2.9345509893455097,5.648401826484018,2.3296163495717175,1.8502557593140219,657
trstplt,inst_trust,GR,0.030524404287411266,0.43369636101549025,-0.007794588245564798,0.841582215897653,2.690909090909091,5.612878787878788,2.079214809828557,1.9373105782594224,660
trstplt,inst_trust,HR,-0.038802810836531705,0.3162776246037633,-0.026164942033359728,0.4992900629238678,2.0672645739910314,5.560538116591928,2.181842974122599,2.1258313647686573,669
trstplt,inst_trust,HU,0.004591433487030935,0.9060665701624302,0.005292969432296023,0.8917965240559494,4.052790346907994,5.398190045248869,2.7042409174041557,2.0759294602536698,663
trstplt,inst_trust,IE,-0.033350814889857604,0.3937670076799311,-0.01563547810054525,0.6893595762924435,4.307926829268292,5.666158536585366,2.402225043797954,1.8973218246058017,656
trstplt,inst_trust,IL,0.04446275335963374,0.2594968230672877,0.037767080644077834,0.3382412674468484,3.248062015503876,6.259379844961241,2.497921520307222,1.6441576181119704,645
trstplt,inst_trust,IS,0.004654492342044862,0.9045676099614659,-0.00753342108308029,0.8461348828888315,4.786786786786787,6.872372372372372,2.205162679189409,1.2272909537637982,666
trstplt,inst_trust,IT,0.055338246403172434,0.15340762785572326,0.057477928569586605,0.13810458077018234,3.4092953523238383,5.759370314842578,2.3234224422322463,1.958322861974011,667
trstplt,inst_trust,LT,0.019290383961286225,0.6221531823498684,0.033845241163009444,0.3871521782439275,3.4610687022900763,5.654656488549619,2.324828510300581,1.909105534393655,655
trstplt,inst_trust,LV,-0.06558888391446825,0.09605001810999836,-0.06338952112405963,0.10774995153390908,2.604651162790698,5.582945736434109,2.2039582004297764,2.0554473916814673,645
trstplt,inst_trust,ME,-0.009969618012696994,0.7976254510969905,-0.05362039249392039,0.1675587940491995,3.694277108433735,6.195030120481928,2.247485020766592,1.6767389160977169,664
trstplt,inst_trust,NL,0.07894244152923932,0.04153473019940276,0.037474618356031095,0.3338658408054229,4.848575712143928,6.585457271364318,2.0451752889061017,1.3404253591460409,667
trstplt,inst_trust,NO,0.04237298782136216,0.2723355247581806,0.027219410599581564,0.48084101912116156,5.274888558692422,7.0469539375928685,2.0616053675307024,0.9592875080874953,673
trstplt,inst_trust,PL,-0.005721419840745497,0.8845127620736921,-0.0021437300711224768,0.9565981898779127,2.82225656877898,5.622874806800618,2.3171722335805667,1.9113403839321161,647
trstplt,inst_trust,PT,0.05754136523458175,0.13561410478309338,0.040973063514136945,0.28814752932066107,2.8590504451038576,5.643916913946588,2.3509379090969675,2.0888652867648942,674
trstplt,inst_trust,RS,-0.1948902224173283,6.483018822747351e-07,-0.15785830225057357,5.8896596103446836e-05,2.85202492211838,5.366822429906542,2.8418925292107455,2.0073435064330787,642
trstplt,inst_trust,SE,0.08794753942365881,0.02280847043987666,0.07096826689916041,0.06637937423462897,4.871641791044776,6.795223880597015,1.9951215516914484,1.259845956143301,670
trstplt,inst_trust,SI,0.0463123585687887,0.2337023326183563,0.057167798356395516,0.14144629335602274,3.2126696832579187,5.900452488687783,2.2798915987178603,1.9461907422492297,663
trstplt,inst_trust,SK,0.04619324748495686,0.23209426774496356,0.04758394205332348,0.21832368024678028,3.843517138599106,5.06929955290611,2.6295023363074104,2.1107498741039046,671
trstplt,inst_trust,UA,-0.0028606004133818787,0.9419723860999675,0.00034786991456679616,0.9929372924308879,2.0153846153846153,4.753076923076923,2.344664517759744,1.9597721818771554,650
trstlgl,inst_trust,AT,0.010016006534886678,0.7955058654140928,-0.010640234116706669,0.7830698799024498,6.625,7.287202380952381,2.3251043596276415,1.1118987536037441,672
trstlgl,inst_trust,BE,-0.013648800936425556,0.7247494080993769,-0.04406372163803756,0.255422490117394,5.344311377245509,7.209580838323354,2.4680289689050694,1.1884997930471253,668
trstlgl,inst_trust,BG,0.0773058984174077,0.04779535407344954,0.08152495183851838,0.036838343167252346,3.839939024390244,6.268750000000001,2.9140862413851956,1.8353647951559138,656
trstlgl,inst_trust,CH,0.030457219313702013,0.4333155451718695,0.05907124508667728,0.12835533847780797,6.9397590361445785,7.6754518072289155,1.9786150684020545,0.763821724378948,664
trstlgl,inst_trust,CY,0.013865714807867902,0.7219687807585695,-0.0048001354942945424,0.9019659661285865,4.3706505295007565,6.695915279878971,2.658944487628763,1.7260828710291145,661
trstlgl,inst_trust,DE,0.05739204783035797,0.13692587026982075,0.0640864516340447,0.09668058491933722,6.316493313521545,7.470282317979198,2.347613696033365,0.9037830926230506,673
trstlgl,inst_trust,EE,0.07180999919512647,0.06542932326988914,0.01908631626519974,0.624785695182145,6.347496206373293,7.445523520485585,2.461071803214667,1.079002617236018,659
trstlgl,inst_trust,ES,0.009943359873542,0.7975508193124715,-0.012217585304409436,0.7526156065780952,5.297904191616767,7.088323353293413,2.6300412620873943,1.2855376617173402,668
trstlgl,inst_trust,FI,-0.03861910678263606,0.31604783875529313,-0.05304248413657898,0.1683508781276236,7.480769230769231,7.620562130177515,1.8827678600440403,0.6964717285911287,676
trstlgl,inst_trust,FR,-0.013369527023184589,0.7293818056977494,-0.02527064754789637,0.5131279723043924,5.305059523809524,7.1242559523809526,2.4417087410629836,1.1857164246171346,672
trstlgl,inst_trust,GB,0.02252786583452071,0.5661302574465754,-0.019528978434970718,0.6189310524703492,5.526881720430108,7.172043010752688,2.535980942021472,1.2519100378072754,651
trstlgl,inst_trust,GR,-0.08601119049605026,0.02610501511389943,-0.04701429844036842,0.22458586285402707,5.258594917787743,6.681614349775785,2.5307282445845907,1.539978155466737,669
trstlgl,inst_trust,HR,-0.04088780762389893,0.2924075330063562,-0.052188258914277336,0.17888571642127765,3.1909774436090226,6.447368421052632,2.457698093065769,1.9605130163440077,665
trstlgl,inst_trust,HU,-0.04533925339185127,0.24368424969611283,-0.014633430938038698,0.7068409083341382,5.3815987933635,6.466817496229261,2.7990221386129965,1.7152990213088466,663
trstlgl,inst_trust,IE,0.09556196817442536,0.013831992757566223,0.09672446471004705,0.012713965103902644,5.701357466063349,7.2654600301659125,2.423097808248604,1.1094070670040046,663
trstlgl,inst_trust,IL,0.09930971414139708,0.011299340468163757,0.0831311636216513,0.034088219736756374,4.507692307692308,7.150769230769231,2.8443064905374227,1.2586983122538116,650
trstlgl,inst_trust,IS,-0.0014719386327976258,0.9697099677658544,-0.00713236631176944,0.8540149730998603,6.188622754491018,7.593562874251497,2.1931587554798284,0.8308178809842988,668
trstlgl,inst_trust,IT,0.028572160886183463,0.46064296129889853,0.021232796251972122,0.5835396213018121,5.539611360239163,6.923766816143497,2.287757151199568,1.5119841168133963,669
trstlgl,inst_trust,LT,0.004736921840359712,0.903763708863154,0.012120649468688585,0.7570287523434442,5.295107033639144,6.84480122324159,2.506971700978363,1.4769786863931913,654
trstlgl,inst_trust,LV,-0.014935202514807476,0.7129976807835021,0.014522658268267923,0.7205890634711282,4.032840722495895,6.859605911330049,2.614906404166214,1.5031470853606297,609
trstlgl,inst_trust,ME,0.03362786963505883,0.38767976934840254,-0.023350790042098703,0.5486746954305853,4.327794561933535,7.091389728096677,2.2105059901107067,1.346661092857765,662
trstlgl,inst_trust,NL,0.11729192440221656,0.00243153061041376,0.04366825057287244,0.2604342353836604,6.414414414414415,7.521021021021021,2.0693326887851113,1.0172982837170683,666
trstlgl,inst_trust,NO,-0.005502001956484949,0.8863736189868255,-0.003693828797532333,0.9235735650206951,7.484490398818316,7.709748892171344,2.0018804581244853,0.711502761382647,677
trstlgl,inst_trust,PL,0.022478496596298178,0.5684803763481378,0.03470905630873256,0.37845822151792624,4.06656346749226,6.640092879256966,2.482227610105232,1.6943003378300205,646
trstlgl,inst_trust,PT,0.10060559440105739,0.009813479867827024,0.07300644518792361,0.06125323399442983,4.4316109422492405,6.670972644376899,2.451173884711497,1.718604251883777,658
trstlgl,inst_trust,RS,-0.08424729554708998,0.03323293906160394,-0.05268904091923883,0.1834479202353222,4.190923317683881,6.427699530516432,3.021009857118399,1.7414816046025459,639
trstlgl,inst_trust,SE,0.04067456782648198,0.2974990985705569,0.003963235392591095,0.9191773110530969,6.609422492401216,7.6861702127659575,2.1646887988720502,0.7579554218529219,658
trstlgl,inst_trust,SI,0.14913632093926463,0.0001188100589841724,0.15243095465366155,8.334053455372846e-05,4.809379727685325,7.0196671709531016,2.55366102188198,1.513697223025919,661
trstlgl,inst_trust,SK,0.10901514192287748,0.004728926750021524,0.08864490958333149,0.021747396439398263,5.019402985074627,6.40044776119403,2.7536489614113235,1.76617016417913,670
trstlgl,inst_trust,UA,0.07864748833574196,0.04865525808801813,0.07446081625286662,0.061993158051912,2.5564387917329094,5.241653418124006,2.625586504964808,1.9619260816232158,629
trstprt,inst_trust,AT,-0.09593160356786741,0.013188651181788948,-0.08492156976100194,0.0283028699028541,3.5742128935532236,6.46671664167916,2.4251796199132376,1.7912873511925602,667
trstprt,inst_trust,BE,0.011933909346079297,0.760123603860273,0.018979839146824082,0.6272445632483747,3.9254185692541856,6.813546423135464,2.147511857875442,1.3896993867084444,657
trstprt,inst_trust,BG,0.024781310907364195,0.5241362898608014,0.03363004287407831,0.3872894908011925,2.331825037707391,5.707390648567119,2.135514149410603,2.0658472237793895,663
trstprt,inst_trust,CH,-0.03376082902217253,0.39236671762226055,-0.048619330776523556,0.21789228461684026,5.364906832298137,7.06723602484472,1.8926258201753206,1.2242868112291532,644
trstprt,inst_trust,CY,0.014260364946373035,0.7133622491516906,0.02245437231199237,0.5629510131935619,2.5165165165165164,5.9324324324324325,2.214890930059,2.154016866424516,666
trstprt,inst_trust,DE,0.10632389171895937,0.00625536895810249,0.04941881897995194,0.20481201124421575,4.009090909090909,6.9363636363636365,2.2138841287604283,1.2627662343285684,660
trstprt,inst_trust,EE,0.05279793423288453,0.17483323883395843,0.01980840252378201,0.6109314890838239,3.699395770392749,6.941842900302115,2.1958493917268065,1.3757192874032038,662
trstprt,inst_trust,ES,0.018194508459832025,0.6372700383721815,0.04536338991385283,0.23954629833293478,2.7329376854599405,6.417655786350148,2.381182040485324,1.7209399519422044,674
trstprt,inst_trust,FI,-0.006751571305887382,0.8612153333292941,0.03623739060733835,0.34791563043871765,5.4665676077265974,6.949182763744428,1.8927720330268785,1.3441905703673025,673
trstprt,inst_trust,FR,0.023178095261819735,0.5522398193182914,0.02712292405415698,0.4866745671314879,3.463636363636364,6.460606060606061,2.12082930809215,1.6223382578010583,660
trstprt,inst_trust,GB,0.013613941763619193,0.7292156077187107,0.009799918601462223,0.8032197538844936,3.086286594761171,6.489214175654854,2.3343807010089126,1.6317757592392148,649
trstprt,inst_trust,GR,0.01075661044100593,0.7802793298868399,0.024799207526720053,0.520089750148568,2.788148148148148,6.3096296296296295,2.131683131952825,1.797330450110737,675
trstprt,inst_trust,HR,-0.07396874308978195,0.056399237507269495,-0.06736808546760413,0.08233870292709451,2.1246246246246248,5.918168168168168,2.2082062111386955,2.1746281905571037,666
trstprt,inst_trust,HU,-0.014600724511344308,0.7066224470323749,-0.023966546480519296,0.5366438817797322,4.017991004497751,5.899550224887556,2.614289707089027,2.1161008199708915,667
trstprt,inst_trust,IE,-0.058888696861551126,0.13277319670630924,-0.04765029745493438,0.22398220986180653,4.191424196018377,6.421898928024502,2.3324438773414027,1.7055111162589642,653
trstprt,inst_trust,IL,0.03524208791670092,0.36969238385224945,-0.0027383056246092848,0.9444490578056269,3.3923076923076922,6.884615384615385,2.380895177580892,1.3023897401323792,650
trstprt,inst_trust,IS,0.09336483842179301,0.016023163965907403,0.06352407393327976,0.10169223545730967,4.675187969924812,7.303007518796992,2.2225028634780903,0.9213776230954238,665
trstprt,inst_trust,IT,0.03661674318817294,0.34871340416541236,0.02603171995660892,0.5053551013812577,3.3987823439878233,6.2214611872146115,2.3352805185714836,1.9605590437720237,657
trstprt,inst_trust,LT,0.05741801516838351,0.14152122179365184,0.040943498421586635,0.2946822844384615,3.3378995433789953,6.375646879756469,2.2547329290531284,1.8039718839391152,657
trstprt,inst_trust,LV,-0.03683704592843374,0.3517836304386144,0.00366294244136159,0.9262550321447378,2.489859594383775,5.992979719188767,2.196653736141739,2.120111438969788,641
trstprt,inst_trust,ME,-0.06259279487744625,0.10655365492632583,-0.09039519728970481,0.019636453474637158,3.839339339339339,6.472972972972973,2.341456814463799,1.691870661755959,666
trstprt,inst_trust,NL,0.1353907201459995,0.0004411616727653598,0.11253217866177634,0.003538086623881653,4.994029850746268,7.078805970149254,1.951572176539629,1.1535861060190429,670
trstprt,inst_trust,NO,0.07222009306696461,0.06055943219096912,0.03318605164914207,0.38897494545793054,5.452662721893491,7.2556213017751485,1.9578844240472426,0.9972321985659475,676
trstprt,inst_trust,PL,-0.044009145077431866,0.2614403792902639,-0.04853582056292332,0.21548197130362115,2.886676875957121,6.127871362940276,2.326696916475422,1.8579016881454278,653
trstprt,inst_trust,PT,0.05910452049263473,0.12699223953344435,0.041990201008916386,0.2784927770090376,2.8637724550898205,5.873502994011976,2.3214672806120453,2.1469831708988676,668
trstprt,inst_trust,RS,-0.21604447414504366,3.471039163821955e-08,-0.1769977715537632,6.7617424061831555e-06,2.8059467918622847,5.887323943661972,2.755427076396689,2.024685944122073,639
trstprt,inst_trust,SE,-0.003309796835913601,0.9318032725165947,-0.04053601874569545,0.2944061086503497,4.9746646795827125,7.1837555886736215,1.9686230127926665,1.1398696808967572,671
trstprt,inst_trust,SI,0.05831459311291067,0.1333275567953927,0.08148043944670923,0.035804618922838476,3.2033132530120483,6.313253012048193,2.2557293272137384,1.888619314811883,664
trstprt,inst_trust,SK,0.09992882450703561,0.009538667218704193,0.10301404140862482,0.007527248769130358,3.8794642857142856,5.689434523809524,2.622053838038431,2.1149792165918724,672
trstprt,inst_trust,UA,-0.08147411019160528,0.036956442283903594,-0.05180970769512913,0.18505992731150855,1.9664634146341464,5.410823170731708,2.368128773036291,2.088694817083788,656
trstplc,inst_trust,AT,-0.011304330778779457,0.7699001302873719,-0.00554010456861842,0.8860140432581796,7.357142857142857,7.613839285714286,2.171583760127948,0.9301549432990996,672
trstplc,inst_trust,BE,0.106473030845712,0.00580343859599991,0.07207116340872342,0.06225748800392922,6.544776119402985,7.665671641791045,2.098528460298187,0.913370577204145,670
trstplc,inst_trust,BG,0.048340032348956744,0.21593258837358736,0.07961291244816052,0.041351117111956805,5.149162861491629,6.850076103500761,2.8459915219924277,1.7029755595411669,657
trstplc,inst_trust,CH,-0.05494807821613981,0.15355558925293303,-0.05456760948846681,0.15642791644591483,7.341715976331361,7.811390532544379,1.930673883299686,0.7671035401642053,676
trstplc,inst_trust,CY,-0.020760388769637123,0.5913882239588637,-0.02620610079337123,0.49797154278862615,5.096870342771982,7.230253353204173,2.5727340204304703,1.6477827059913306,671
trstplc,inst_trust,DE,0.03384121663725436,0.3818062677197135,0.003238007181936729,0.9333287854778225,7.111940298507463,7.713432835820895,2.0901235749264417,0.7923202992592414,670
trstplc,inst_trust,EE,0.030604741972552762,0.4286625693988873,0.03975150930484528,0.30385743926148817,7.508196721311475,7.694485842026825,2.1250829371112023,0.876193938198939,671
trstplc,inst_trust,ES,-0.03481873529612773,0.36534520599483983,-0.020532115068973376,0.593553354378695,6.92330383480826,7.570796460176991,2.4001513367506235,1.1456692392561223,678
trstplc,inst_trust,FI,-0.008857601654340786,0.8175263884809684,-0.025765334376397754,0.5020626840709556,8.3568281938326,7.854625550660793,1.3997325106325087,0.6137013183226101,681
trstplc,inst_trust,FR,0.010766461134358812,0.7816827239722461,0.011395717473820332,0.7692739015052963,6.542857142857143,7.5473684210526315,2.194951961569375,1.0132836806022103,665
trstplc,inst_trust,GB,-0.039212172070345636,0.31265172567996713,-0.06785280595508987,0.08038021857948147,5.855639097744361,7.358646616541353,2.5589852779345823,1.0891806235216226,665
trstplc,inst_trust,GR,-0.039368931282621276,0.3103548032379337,0.004311413248283584,0.9115719055672469,5.897897897897898,7.365615615615615,2.4133267392671347,1.1180155604372624,666
trstplc,inst_trust,HR,-0.006878381280631192,0.8592630660511112,0.004272835868997544,0.9122941872967615,5.475262368815592,7.006746626686657,2.5398747424500137,1.7308452517644146,667
trstplc,inst_trust,HU,-0.012509967354994222,0.747999925249262,-0.01112293125641783,0.7751432201046609,6.348942598187311,7.151057401812689,2.549478383901882,1.512876781850767,662
trstplc,inst_trust,IE,0.06528439692732312,0.09328033434113708,0.09137304214509656,0.018700520484913278,6.542296072507553,7.6555891238670695,2.3123413254536165,0.898371631825001,662
trstplc,inst_trust,IL,-0.020099518312803308,0.6078939452832646,-0.013148223036218463,0.737160192916074,4.701834862385321,7.522935779816514,2.8036450235939885,1.250822677704908,654
trstplc,inst_trust,IS,0.03203768148655908,0.4056056114865416,-0.006716147409323989,0.8616307745731574,7.269230769230769,7.841715976331361,2.0587662612638957,0.6695090622211401,676
trstplc,inst_trust,IT,0.009257746071985932,0.811516008063776,0.04044511017387749,0.297304248560839,6.717717717717718,7.490990990990991,2.037590693929073,1.1404694627246437,666
trstplc,inst_trust,LT,0.12524574885044273,0.0012739976405866458,0.12332960486162323,0.0015134051259469625,6.8755690440060695,7.315629742033384,2.3298631727336114,1.3118289360787556,659
trstplc,inst_trust,LV,-0.022151296178911987,0.5765143258714378,-0.00924427623749005,0.8157263586583307,5.244514106583072,7.321316614420063,2.5351085174501113,1.2894512809851948,638
trstplc,inst_trust,ME,0.01048993647108832,0.7865274566979413,-0.01409966812124895,0.7158397123037018,5.387144992526158,7.35949177877429,2.18621478821345,1.2005439306199825,669
trstplc,inst_trust,NL,0.13893380083958848,0.0003297193447118718,0.10328149797019713,0.007733480409961775,7.043674698795181,7.696536144578313,1.6567124006550056,0.9029881959081844,664
trstplc,inst_trust,NO,0.006641098681739444,0.8637665654778703,-0.029298365182738147,0.44898046981468204,7.640298507462687,7.9216417910447765,1.8902281718227374,0.6686847564305524,670
trstplc,inst_trust,PL,-0.0018902311872560985,0.9612838376409049,-0.013070072456133426,0.7371246974176885,5.164652567975831,7.112537764350453,2.5419484795633376,1.5008146736534098,662
trstplc,inst_trust,PT,-0.017552627129760644,0.6509054013262473,0.011848656307112071,0.760027852267917,6.374812593703148,7.293103448275862,2.343701818827834,1.3422831809759945,667
trstplc,inst_trust,RS,-0.08944925428958174,0.022775700991058134,-0.05094113328694176,0.19529028384084482,5.279320987654321,6.861111111111111,3.0549938596645667,1.701667515658841,648
trstplc,inst_trust,SE,0.001916118371322481,0.9604578523395796,-0.0036155602577799366,0.9254651608535347,7.104166666666667,7.78125,2.0106676506551144,0.7011208293066399,672
trstplc,inst_trust,SI,0.026562952167393863,0.4927838234312632,0.04473218677982885,0.24792081935148338,6.3109118086696565,7.420029895366218,2.4005146478507426,1.3530690327873751,669
trstplc,inst_trust,SK,0.10251422821278786,0.008300440684519489,0.11280313202941473,0.0036590833407762462,5.641993957703927,6.966767371601208,2.724948490949792,1.5793528243189219,662
trstplc,inst_trust,UA,0.004584550454427262,0.9089326646780806,-0.010846544076167473,0.7866765921852827,3.376,6.6224,2.8534279878860236,1.6827206297982793,625
trstep,inst_trust,AT,0.015751246139495377,0.6890004150595109,0.052526294076605945,0.1817318690744444,4.212962962962963,6.635802469135802,2.6415451168775066,1.4583604218839532,648
trstep,inst_trust,BE,0.04724969492106365,0.22754810473195616,0.009890204608414716,0.8006942464269607,4.643730886850153,6.940366972477064,2.4293979543450543,1.2154406759036205,654
trstep,inst_trust,BG,0.0035558585192744106,0.9306780807000337,0.01712891982210141,0.6751597413265565,4.612312811980034,6.194675540765391,2.8403840365906357,1.8744879130625023,601
trstep,inst_trust,CH,0.0004632660871495505,0.9908821696741824,0.0024582635810500983,0.9516458861118882,4.9345335515548285,6.942716857610475,2.158999974207167,1.1615387547195122,611
trstep,inst_trust,CY,0.024908062969134195,0.5362136541329703,0.02757004031620719,0.49354693108020486,4.6025848142164785,6.3424878836833605,2.5901968113478544,1.812127684630175,619
trstep,inst_trust,DE,0.08687245464597876,0.02713221487502156,0.11945810525864219,0.0023377423768873255,4.670788253477589,6.943585780525503,2.601166057284845,1.1336336281046138,647
trstep,inst_trust,EE,0.03496254327840225,0.38635315705166495,0.028319948071946068,0.48293132513313686,4.814935064935065,7.0146103896103895,2.5474050553655156,1.1623277083574397,616
trstep,inst_trust,ES,-0.00879677630251051,0.8258620817223505,-0.011617411936418976,0.7713868607526765,4.638535031847134,6.7006369426751595,2.568657687617247,1.479104725781523,628
trstep,inst_trust,FI,-0.00494066364467207,0.9000296440938939,-0.01915891647528606,0.6261262565107718,5.850539291217257,6.922958397534669,2.029300155791747,1.3041646964112046,649
trstep,inst_trust,FR,0.05314686870205003,0.18207615905081614,0.04357851089307705,0.27399985433395097,4.3544303797468356,6.8140822784810124,2.5211019384491054,1.2672922253153458,632
trstep,inst_trust,GB,0.10598911347269124,0.010777838568642393,0.10668268326318563,0.010270054517783001,3.7577854671280275,6.685121107266436,2.666984732929864,1.428050289131495,578
trstep,inst_trust,GR,0.03855280723005782,0.328656762529923,0.05005954134676407,0.20454941300684293,4.142857142857143,6.64751552795031,2.384781043728635,1.4535236452554972,644
trstep,inst_trust,HR,-0.0008259314223845181,0.983375370767562,0.021522808938348147,0.5870878747356861,4.245696400625978,6.189358372456964,2.6440996195236446,1.9588588406454346,639
trstep,inst_trust,HU,0.0197389502407869,0.6176286714826381,0.01444010542856844,0.7149730517682964,4.7274143302180685,6.2172897196261685,2.595236698702148,1.858462150940291,642
trstep,inst_trust,IE,-0.053136728128927405,0.19145305518593927,-0.050566879845496966,0.21385549535107726,5.204620462046204,6.6938943894389435,2.361756967051293,1.4559467166488393,606
trstep,inst_trust,IL,0.1141800006815795,0.007299030225658122,0.06063014122641955,0.15523810218681602,2.838475499092559,6.842105263157895,2.563599855111146,1.31651271988796,551
trstep,inst_trust,IS,0.04433256188590902,0.2852250523157258,0.058560543161349815,0.15790734915360372,5.740994854202401,7.1620926243567755,2.180785437727203,0.8704111354242846,583
trstep,inst_trust,IT,0.05789860588308584,0.14565789944983049,0.04901319386714526,0.21815465305012008,4.647709320695102,6.578199052132701,2.3379231758403316,1.577321047904851,633
trstep,inst_trust,LT,0.07307326653903391,0.07061678580973182,0.07238819131931609,0.07330302227342203,4.931484502446982,6.486133768352365,2.5836092038351675,1.6134302236700393,613
trstep,inst_trust,LV,0.015131081633318583,0.7135546627417688,0.02306288246508245,0.5757813468128915,4.11336717428088,6.313028764805415,2.6288504929164547,1.748165953468405,591
trstep,inst_trust,ME,0.024587342051107308,0.5359539410753619,0.017141670397752527,0.6661210108259988,5.605345911949685,6.794025157232705,2.3362739780746886,1.4064067665746296,636
trstep,inst_trust,NL,0.11301118642820279,0.004608006045479835,0.06690520994392145,0.09416260217350088,5.082934609250398,6.996012759170654,2.240951774746521,1.2281574239420239,627
trstep,inst_trust,NO,0.055444451998750845,0.17717951358936374,0.024972980434677598,0.5435476457647808,5.634680134680135,7.145622895622895,2.1050511761014397,0.9261551007827659,594
trstep,inst_trust,PL,0.20738850515749715,1.6082891314778726e-07,0.19262777132041647,1.1777216276540595e-06,4.007974481658692,6.37799043062201,2.6472482933235266,1.6850291130213055,627
trstep,inst_trust,PT,0.03788585429307654,0.34826292457586755,0.02638698160052709,0.5136542185894444,4.847154471544715,6.386991869918699,2.624003617421859,1.8738279441904233,615
trstep,inst_trust,RS,0.10831014132101682,0.008297242767487176,0.1117777897609054,0.006434683930270927,2.7504215851602023,6.421585160202361,2.8017436639443325,1.7166728652442476,593
trstep,inst_trust,SE,0.02324972230414922,0.5643327148748419,0.03278637294813227,0.4162388546231464,5.273905996758509,7.045380875202593,2.1185290652336954,1.0820475236027978,617
trstep,inst_trust,SI,0.07240770472870996,0.06780565324527871,0.040840788091606545,0.30339520569762524,4.562009419152276,6.626373626373627,2.563287193996188,1.5905958512678933,637
trstep,inst_trust,SK,0.11767262124638848,0.0027195674112118476,0.10652542521897897,0.006686196329389037,4.395672333848531,6.04791344667697,2.941827079790941,1.9216522025443015,647
trstep,inst_trust,UA,-0.07646374988901523,0.06344254838089387,-0.06931992551163794,0.09252456934350667,4.257627118644068,6.113559322033899,3.133379272793998,1.8442732569281195,590
trstun,inst_trust,AT,-0.007914004662954097,0.8437182257124068,0.009363110408113199,0.815576049537343,4.841091492776886,6.955858747993579,2.6522053123668243,1.3304715429649698,623
trstun,inst_trust,BE,0.06814561906165867,0.0844742085373006,0.05852961853820263,0.13850345125736474,5.303738317757009,7.218068535825545,2.3472927374032664,1.0579690939341517,642
trstun,inst_trust,BG,0.02902504359105078,0.4949943926913826,0.0240765271402816,0.5713879289512311,4.809009009009009,6.6504504504504505,2.8442591984566623,1.6824574746866139,555
trstun,inst_trust,CH,0.015457284179894587,0.7001918488206854,0.055088046910302085,0.16966611096374146,5.280898876404494,7.2776886035313,2.285788154344611,1.0194726834957508,623
trstun,inst_trust,CY,-0.0005928185949401635,0.9880110208295041,0.03595239325557236,0.36197870989215963,4.151937984496124,6.872868217054264,2.6022893878775104,1.5511842769889452,645
trstun,inst_trust,DE,0.1484686968197415,0.00016745475558157,0.07982801677400359,0.043840529399098556,5.0141065830721,7.191222570532916,2.451691192403303,1.1225327708606891,638
trstun,inst_trust,EE,-0.006649583115105707,0.870450595399202,0.005204775261547834,0.8984254963915901,4.758278145695364,7.3427152317880795,2.6374986294500298,1.0366884602177755,604
trstun,inst_trust,ES,0.07891970777894464,0.04787843668268206,0.04179532913357026,0.29528693598241035,4.899841017488076,7.114467408585056,2.67885384753774,1.191636424069268,629
trstun,inst_trust,FI,0.02843574092747222,0.4675250449845489,0.02230533569210119,0.56878605315147,6.459541984732825,7.283969465648855,2.106012167978845,1.060250445998746,655
trstun,inst_trust,FR,0.06444191667924659,0.11008330804045625,0.016231193104865968,0.6876429064707502,5.2191558441558445,7.189935064935065,2.431973323371744,1.0412450313392982,616
trstun,inst_trust,GB,0.04101552312722307,0.3232630424155143,0.01571360632871655,0.7052121815834413,4.915807560137457,7.049828178694158,2.677397768946806,1.260791614575381,582
trstun,inst_trust,GR,-0.06879168945416501,0.08398461507027777,-0.014469569316270123,0.7165613918537829,4.212025316455696,7.130537974683544,2.4272582432427243,1.2005549542768466,632
trstun,inst_trust,HR,-0.06710773840948192,0.09058799386337672,-0.034525329205743555,0.38433986169456175,4.712715855572998,6.778649921507064,2.879232460607646,1.590948077243584,637
trstun,inst_trust,HU,0.03233020654839289,0.4205018400158827,0.011151314013466385,0.7811765609318531,5.279293739967898,6.667736757624398,2.48578042544911,1.576669486652761,623
trstun,inst_trust,IE,-0.016178879226544124,0.6936983054558128,0.02955093216058948,0.4718538184167627,5.442016806722689,7.06218487394958,2.4186249745245387,1.1768667810374878,595
trstun,inst_trust,IL,0.05653012381505598,0.15774800537666714,0.01905005868953333,0.6342718258739661,2.186900958466454,7.111022364217252,2.4880940779188956,1.2286799066880851,626
trstun,inst_trust,IS,0.04191428859753391,0.2882058379593267,0.029984592786795324,0.447484034356187,6.332298136645963,7.423913043478261,2.216468896287072,0.9589325804385272,644
trstun,inst_trust,IT,-0.007239885919125835,0.8561975510663973,0.00143944094814033,0.9712590714807479,4.992050874403816,7.016693163751987,2.3658128558162104,1.340260171636881,629
trstun,inst_trust,LT,0.06402931504624461,0.12284311858354344,0.06264218417973973,0.13118225395596933,4.986254295532646,6.8951890034364265,2.592153536323905,1.3912726063129404,582
trstun,inst_trust,LV,0.09619877560129678,0.025523660643982926,0.04845746106493831,0.2614143327250013,3.784786641929499,6.827458256029685,2.818234323732566,1.5150751866523298,539
trstun,inst_trust,ME,0.09723417119795998,0.014391965919159248,0.09008457764020639,0.023413910433150314,5.409162717219589,7.1635071090047395,2.330666110657485,1.177536995990882,633
trstun,inst_trust,NL,0.09296622080701494,0.021872281232002896,0.06945506222652031,0.08705498308894861,5.838815789473684,7.280427631578948,2.054530072240462,1.0478165017992491,608
trstun,inst_trust,NO,-0.051980926444832876,0.1819423109988159,-0.06124732939831719,0.11568161667200987,6.995461422087746,7.419062027231467,2.093636239520546,0.9152908284759811,661
trstun,inst_trust,PL,0.01888796129322034,0.6393280798940248,0.0015607790008107367,0.9691121754497538,4.941747572815534,6.750809061488673,2.5921909009819246,1.5898913836427988,618
trstun,inst_trust,PT,0.062100722841050074,0.12122287480039455,0.05854470527703489,0.14407936882900588,5.416666666666667,6.783653846153846,2.610531414159283,1.606464303667497,624
trstun,inst_trust,RS,0.025659945643763685,0.5342516760950785,0.06627399493318356,0.10810373743072374,2.859083191850594,6.794567062818336,2.8113303024721157,1.4958233317466507,589
trstun,inst_trust,SE,0.01595274106221238,0.6847722241941219,0.01589884426259246,0.6857804082884547,6.283076923076923,7.346153846153846,2.2177022236493844,0.7973524996213184,650
trstun,inst_trust,SI,0.09643356001961934,0.017570528086895847,0.1119496709533834,0.005800344250251639,4.801980198019802,7.051155115511551,2.6077562705416666,1.3220408662112022,606
trstun,inst_trust,SK,0.06026626043742082,0.13263305567527278,0.03983152558013966,0.32051972337212775,4.875,6.527243589743589,2.993907671600348,1.6824735568863376,624
trstun,inst_trust,UA,-0.10811229732222313,0.009048364667335976,-0.09006566084157139,0.029814161412299325,3.6013745704467355,6.356529209621993,3.1610579342888574,1.7465334187453188,582
happy,wellbeing,AT,-0.010813048121552312,0.7807620908442506,0.04712347036988822,0.22490471745063853,7.655639097744361,7.181954887218045,1.629057193419838,1.3108579565685679,665
happy,wellbeing,BE,0.02670659705038731,0.48947221687894815,0.03252529871506125,0.39989703833595686,7.790178571428571,7.377232142857143,1.4666766363265262,1.110592309701977,672
happy,wellbeing,BG,0.1944193459431678,4.2752616720464156e-07,0.20201848908844608,1.4563121347384362e-07,6.2957957957957955,6.982732732732733,2.0964446194565847,1.4163659027829125,666
happy,wellbeing,CH,-0.019103665612738324,0.6223677958461018,-0.011761163436637018,0.7617461401328255,8.16191904047976,7.5952023988006,1.4666015257996141,0.8189796695971496,667
happy,wellbeing,CY,0.04149635344754438,0.285641666150919,0.06045573460175543,0.11963110534019132,6.98644578313253,7.206325301204819,2.1082607086788303,1.3767808616763746,664
happy,wellbeing,DE,-0.08102449664830383,0.0353228450566364,-0.057591688175466324,0.13498139634684864,7.765925925925926,7.26,1.6741250854182168,1.3335546304978492,675
happy,wellbeing,EE,0.02213025124304115,0.5700623621921114,0.01656917295459088,0.6706799348220097,7.4281391830559755,7.508320726172466,1.7828461290848028,1.0424361298696692,661
happy,wellbeing,ES,0.02152153088967584,0.5758766859563927,-0.011743011306260376,0.7602017041629432,7.889380530973451,7.300147492625369,1.5222153741285744,1.1727897186417324,678
happy,wellbeing,FI,-0.009656457766097536,0.8026926868807069,-0.00861493693773282,0.8236031718632775,8.09077380952381,7.590773809523809,1.472784803838921,0.8422194063861059,672
happy,wellbeing,FR,0.049997958892796165,0.19784802658990894,0.06659731768895363,0.08615122664452017,7.4526315789473685,7.314285714285714,1.604191560993485,1.2280079162370214,665
happy,wellbeing,GB,0.04002154298628099,0.3009435778042,0.025600477657403288,0.5082769678618027,7.480597014925373,7.255970149253732,2.0027065995192337,1.2696003628385817,670
happy,wellbeing,GR,0.028172112170412524,0.467616820754229,0.043651516636942826,0.2602581740620934,6.779610194902549,7.2368815592203894,1.5913630900773312,1.2834548401839307,667
happy,wellbeing,HR,0.09304736819304733,0.01590856113731717,0.12085875474293158,0.0017106401632833977,7.600596125186289,7.060357675111773,1.8580039689360133,1.4130550760663845,671
happy,wellbeing,HU,0.22603779869359142,3.3751208464933817e-09,0.18383457242371423,1.6941956317060671e-06,7.0941704035874436,6.955156950672646,1.950382760136817,1.4187868587209675,669
happy,wellbeing,IE,-0.02412161721276323,0.5330891069820433,0.016237729257349457,0.6748171151510023,7.674626865671642,7.2701492537313435,1.6371384203386425,1.2153127293034152,670
happy,wellbeing,IL,-0.0214677322943697,0.57938098777778,-0.024921443493534465,0.519907173949601,7.3796711509716,7.417488789237669,1.9250801086267968,1.109961280253305,669
happy,wellbeing,IS,0.05761734807025727,0.1353886946112229,0.05700777691070609,0.13957861980697872,8.046062407132244,7.627786032689451,1.5106625327207335,0.9409740403571463,673
happy,wellbeing,IT,0.05590820579030904,0.1476896021573238,0.05404651271343221,0.16167497822570956,6.873511904761905,7.275297619047619,1.7411682666514405,1.2461983563950223,672
happy,wellbeing,LT,0.11030012889467167,0.004286084394048481,0.10465546549280469,0.006742566113965665,7.402092675635276,7.149476831091181,1.9341080779694377,1.2826877638526253,669
happy,wellbeing,LV,0.09554143139785207,0.013997137980185778,0.11629665620935276,0.0027490846640353204,6.812405446293495,7.183812405446293,2.0731831313152953,1.2184918601450776,661
happy,wellbeing,ME,-0.013135042135274236,0.7347128530075955,0.0012441018687149633,0.9743967138278774,6.5,7.412425149700598,1.972448915089737,0.998219457756312,668
happy,wellbeing,NL,0.019780651322454948,0.6095468421328024,0.0504500762464113,0.19247825968017024,8.005979073243648,7.550074738415546,1.2259519603729396,0.9136133567671241,669
happy,wellbeing,NO,0.012237402053821006,0.7516879785940805,0.033158754949691116,0.3911312024738781,7.9433681073025335,7.563338301043219,1.5423610453280765,1.06017326252628,671
happy,wellbeing,PL,0.04450187415536492,0.25215124626558955,0.02471056471113397,0.5250084588368055,7.555722891566265,7.054216867469879,1.9104926804542997,1.4013827435512414,664
happy,wellbeing,PT,0.1680533222085705,1.0870366571205147e-05,0.14561293539734013,0.00014189948561427602,7.017699115044247,7.136430678466077,2.030705071659646,1.2957322073213806,678
happy,wellbeing,RS,0.022698525148816675,0.5578246259376137,0.03430037436977446,0.3757350501165443,7.171898355754858,6.969357249626308,2.2061535093955387,1.450594459817183,669
happy,wellbeing,SE,0.07435395766798074,0.05367758830178294,0.05779281321064912,0.1339108310815029,7.7195845697329375,7.571661721068249,1.6235641656001738,1.009853930614433,674
happy,wellbeing,SI,0.07138164532358902,0.06747394821857734,0.06651476249301527,0.0884656655537145,7.744292237442922,7.335616438356165,1.7938925416681057,1.1831171205543771,657
happy,wellbeing,SK,0.08541096293836292,0.02775284393247904,0.06985152306863793,0.07205760475808995,6.623493975903615,6.860692771084337,2.076905072870033,1.5277049700789,664
happy,wellbeing,UA,0.12359933714625307,0.0015148689267533058,0.10035985071659334,0.010109520954121204,5.977134146341464,6.775914634146342,2.6491124863212945,1.7421840514243674,656
stflife,wellbeing,AT,0.06605723947807345,0.08612828280394107,0.09245455108614613,0.016193654222641626,7.708579881656805,7.63801775147929,1.6890015620396657,0.9067752743667731,676
stflife,wellbeing,BE,0.05537416576619328,0.14978220537963186,0.08881652266677204,0.020725487520221655,7.498525073746313,7.7379056047197645,1.7012891649735344,0.9123442186757752,678
stflife,wellbeing,BG,0.1523673656074904,7.597881064180314e-05,0.16906690574227595,1.1004578476785762e-05,6.134529147982063,7.481315396113603,2.21315215926567,1.0018817941345644,669
stflife,wellbeing,CH,0.09114101560946535,0.017525731551037434,-0.008709585131871093,0.8207835740242501,8.128129602356406,7.849484536082475,1.5552047568361633,0.7481119988434966,679
stflife,wellbeing,CY,0.035861300648216826,0.3536641027483507,0.03531752626164063,0.3610150110821009,6.3725782414307,7.539493293591654,2.374257288313115,1.1504077328584978,671
stflife,wellbeing,DE,-0.010615490995457914,0.7824615551713325,0.04960331506168111,0.19671824167587332,7.703976435935199,7.698969072164949,1.7722455730302535,0.9178251823815577,679
stflife,wellbeing,EE,0.027167571702024194,0.48069836185917403,0.011154850717682534,0.7722000209789235,7.020710059171598,7.792307692307693,2.0072867477422416,0.7717416570233754,676
stflife,wellbeing,ES,0.018123154764740697,0.6388410306450134,0.0005175025685264327,0.9893084898042366,7.530460624071322,7.736701337295691,1.8009692980475065,0.7521630286578546,673
stflife,wellbeing,FI,-0.021007496499903803,0.5850293603277499,-0.0265516768158364,0.4900621180067873,7.957227138643068,7.880530973451328,1.569540001208122,0.60319558773246,678
stflife,wellbeing,FR,0.05343543767809795,0.1683883764349928,0.10217671110053769,0.008319320295474712,6.788288288288288,7.7507507507507505,2.260863049211783,0.8396424450477425,666
stflife,wellbeing,GB,0.03588855629059375,0.35293835165187576,-0.006428606349678762,0.8678893966910043,6.970238095238095,7.703125,2.19313546373729,0.9573804902595714,672
stflife,wellbeing,GR,0.039620081000664865,0.3065479879691827,0.07418282536455448,0.05531967913387381,6.3967065868263475,7.6576347305389225,1.9149348928657,0.9549767557429722,668
stflife,wellbeing,HR,0.11509552222266257,0.002687794845598716,0.1264206184710723,0.0009704184059285022,7.28023598820059,7.521386430678466,2.087720008392994,1.072304698283262,678
stflife,wellbeing,HU,0.06479360624027035,0.0930484137102972,0.06789486839482074,0.07839045504524908,6.573551263001486,7.405052005943537,2.149407868516401,1.1470477265025596,673
stflife,wellbeing,IE,0.004449142213536957,0.9080092919110578,0.06353747067337188,0.09857330959643176,7.344165435745938,7.663958641063515,1.835227866425026,1.0503596107507065,677
stflife,wellbeing,IL,0.03885324223591846,0.3134801327932288,0.04032269753566636,0.29551569475918016,7.148148148148148,7.86088888888889,2.0661124726241105,0.6064287965310657,675
stflife,wellbeing,IS,0.009510672661412579,0.8050433226635453,0.030255147117561575,0.4322438123609614,7.78698224852071,7.987426035502959,1.7677461874907612,0.45727554105492496,676
stflife,wellbeing,IT,0.0819383834455333,0.034365376029368136,0.1131860324848572,0.003421282175723529,6.7631184407796106,7.691904047976012,1.8674438189358333,0.9647980400304783,667
stflife,wellbeing,LT,0.09755254565162709,0.011838630963707733,0.15359789342892188,6.976318909049543e-05,7.075187969924812,7.506466165413534,2.1185641738902325,1.271420202197253,665
stflife,wellbeing,LV,0.08166865336268228,0.03496443645534239,0.06932206303685348,0.07359387897316634,6.293853073463269,7.438980509745128,2.282063761469695,1.186388333302944,667
stflife,wellbeing,ME,0.04925407769409413,0.19956045290513616,0.06430341492253641,0.09384064166690206,6.182352941176471,7.714558823529411,2.182197428966927,0.7645167191848679,680
stflife,wellbeing,NL,0.03021727912378117,0.4355663159089559,0.015089680576931625,0.6970579084184741,7.946107784431137,7.8408682634730535,1.2256992498299755,0.8165219473875125,668
stflife,wellbeing,NO,-0.013974136307431762,0.7164473181596848,0.0383396476924032,0.31884762752990314,7.7463126843657815,7.907522123893806,1.6903434932364796,0.6194671045353344,678
stflife,wellbeing,PL,0.021528092743195268,0.577745173845125,0.04144698238013735,0.2836805986428586,7.2935916542473915,7.427123695976156,2.0212167327543242,1.2539289588849123,671
stflife,wellbeing,PT,0.12259906418518511,0.0014160472459779014,0.13117796908200774,0.0006341746366217526,6.536296296296296,7.600888888888889,2.0439752755146148,0.9975187813219408,675
stflife,wellbeing,RS,-0.06135996817137962,0.11202235008820269,-0.06737791205752394,0.08092098052914441,6.708333333333333,7.337202380952381,2.33257031027141,1.3058220771919706,672
stflife,wellbeing,SE,0.02285907482363131,0.5532662088715496,-0.01604036790946439,0.6774134091907046,7.811851851851852,7.880740740740741,1.8226668697485313,0.6892020389472631,675
stflife,wellbeing,SI,0.10092350512414995,0.008642980571385902,0.07789763767947416,0.04290150906642552,7.535502958579881,7.5924556213017755,1.9191618266910873,0.9869305380402931,676
stflife,wellbeing,SK,0.07280590613749027,0.060013893949385395,0.062194051568754564,0.10827545012738984,6.3532934131736525,7.439970059880239,2.2245134078682542,0.9716851923566984,668
stflife,wellbeing,UA,0.057003204264297794,0.14139421141307246,0.0597278651902074,0.12330827047953288,5.016491754122939,7.181409295352323,2.8110727518285694,1.3587385264563707,667
stfeco,wellbeing,AT,0.0027719816443657016,0.9429493211650951,0.014804346802866599,0.7022983310508568,5.394618834080718,6.414050822122571,2.1534753375984472,1.1763054426547694,669
stfeco,wellbeing,BE,0.038392583329083164,0.31997710488160624,0.07719100932223405,0.04530916734889448,5.206537890044577,6.527488855869242,2.0717384124279468,1.1165299242188804,673
stfeco,wellbeing,BG,0.027004721796270465,0.48890705584496513,0.00036286062977372444,0.9925819270951065,3.095599393019727,5.679817905918058,2.0800752697976934,1.4656355293132306,659
stfeco,wellbeing,CH,-0.023607692975072248,0.543369896390269,-0.03179421226638534,0.41303710041872793,6.834586466165414,6.806015037593985,1.7833755860279843,0.7990732017163641,665
stfeco,wellbeing,CY,0.012906452757104723,0.7382181972939501,0.02910185468481294,0.4510152053732025,3.586924219910847,6.219910846953938,2.3020322715092987,1.3089965683107923,673
stfeco,wellbeing,DE,0.05543657943365552,0.14992656616671854,0.01794806026182507,0.6413418664534124,4.828402366863905,6.653846153846154,2.29075264182085,1.0014803857105554,676
stfeco,wellbeing,EE,-0.004236862711211103,0.9127043634673574,0.00975907044244965,0.8006398915910595,3.974702380952381,6.647321428571429,2.2238947389545247,0.9483024118597082,672
stfeco,wellbeing,ES,0.042395908680477025,0.27171878648446773,0.03572445867040017,0.3544278130000864,4.224035608308605,6.295252225519288,2.2234634987738153,1.2360633522919207,674
stfeco,wellbeing,FI,0.004878792765179946,0.8990224852428841,-0.0444978820176929,0.2468858783401216,5.652430044182622,6.638438880706922,1.9317153833222593,0.9658526314219493,679
stfeco,wellbeing,FR,-0.019730359321608496,0.6115299843160419,-0.04040577531560382,0.29813907448791654,3.6676691729323307,6.320300751879699,2.193759937065348,1.1556409189313392,665
stfeco,wellbeing,GB,0.0031803734852060405,0.9347579702804467,0.0019332738194664171,0.9603130575423642,3.1609022556390975,6.55187969924812,2.142436773696501,1.0938355132670756,665
stfeco,wellbeing,GR,0.005006424756839168,0.8963955304050749,0.011672115121022045,0.7614344895307262,3.4889543446244478,5.848306332842415,2.065186627800748,1.3355672025882683,679
stfeco,wellbeing,HR,-0.011136294264548584,0.775379172385439,-0.017023432907663956,0.6626840625402821,3.795144157814871,5.908952959028832,2.2084888936720186,1.5010316500664165,659
stfeco,wellbeing,HU,-0.07828412283777017,0.04248962565008957,-0.08302623155516344,0.03139770591908576,4.267857142857143,5.748511904761905,2.5425692306262078,1.577835730205243,672
stfeco,wellbeing,IE,0.021015961448228888,0.5851561297617845,0.013650596212396247,0.7229356686843843,5.2304283604135895,6.5539143279172825,2.3306718613120245,0.9540338889622789,677
stfeco,wellbeing,IL,0.05782498872752518,0.137516063971358,0.03365254535116262,0.3876915352247955,4.668683812405447,6.537821482602118,2.471792919061468,1.052453456060724,661
stfeco,wellbeing,IS,-0.025463869548131218,0.5111774630180392,-0.018521723824152306,0.6327560610544497,4.4640718562874255,6.811377245508982,2.300556521077674,0.8068610704499838,668
stfeco,wellbeing,IT,0.08836530699103329,0.02196868653752502,0.08416950071564448,0.029129218597334257,4.157738095238095,6.102678571428571,2.126856079701371,1.3648314169445,672
stfeco,wellbeing,LT,0.050216520351055983,0.19421366909980908,0.061606259176132376,0.11112107847329386,4.516417910447761,6.17910447761194,2.4608502313152334,1.3551140265463095,670
stfeco,wellbeing,LV,-0.010589151498835167,0.7859817658219144,-0.0010252385016478545,0.9790268818951414,3.565151515151515,6.118181818181818,2.1372477035560995,1.346485234178273,660
stfeco,wellbeing,ME,0.07290759138176778,0.05833073365020764,0.06488501952366871,0.09210186355466218,4.352592592592592,6.558518518518518,2.41535732007183,1.053775548119155,675
stfeco,wellbeing,NL,0.0387468998497872,0.31373047266359044,0.0038372916208066145,0.9205562539920917,5.811209439528024,6.682890855457227,1.878052830633971,0.9420596671285139,678
stfeco,wellbeing,NO,0.032152814169886176,0.40357063077568894,0.02328290459185365,0.5453347600487527,5.731166912850813,6.918759231905465,2.1977235324438484,0.7581234206506577,677
stfeco,wellbeing,PL,-0.11085912933531397,0.005127818058461382,-0.1028140145201584,0.009468752984060023,5.223270440251572,6.011006289308176,2.0498878776652303,1.3968034125061153,636
stfeco,wellbeing,PT,-0.03377485245247336,0.38238485720395676,-0.049409542372059766,0.2011497126598901,3.77645305514158,6.110283159463488,2.1615596767671548,1.3382094554167219,671
stfeco,wellbeing,RS,-0.11827696726550799,0.002338280704539505,-0.12984013619045812,0.0008273056905713474,4.151515151515151,5.609090909090909,2.6668448462107763,1.5342055694084895,660
stfeco,wellbeing,SE,-0.006584726322461998,0.864811655859468,0.011268441404849264,0.7707767844374538,4.816691505216095,6.760059612518629,1.978410735293545,0.8607265220119426,671
stfeco,wellbeing,SI,0.07746221434707506,0.0463402459301235,0.05572528687423773,0.1520924981039258,5.253776435045317,6.309667673716012,2.1952243445059616,1.1652547570585283,662
stfeco,wellbeing,SK,0.03466154394283845,0.37397600686604987,0.0238538777932906,0.5407080641764427,3.683333333333333,5.8106060606060606,2.4009408457656676,1.429860269697186,660
stfeco,wellbeing,UA,0.03927095799332158,0.3185913062936684,0.03808247434356349,0.33346857972848226,2.6584234930448223,4.678516228748068,2.430938228066116,1.6045269624855267,647
stfgov,wellbeing,AT,-0.023617703509886966,0.5413785628360132,-0.05010946781296223,0.19483310912591686,3.9865871833084947,6.709090909090909,2.5634862236572022,1.4968397283344057,671
stfgov,wellbeing,BE,0.03166732709849651,0.4152573532958875,0.0003893440804677581,0.9920102832658564,4.397590361445783,6.994728915662651,2.179375470817933,1.090360582978056,664
stfgov,wellbeing,BG,0.05678348090790659,0.1438424940446266,0.06506251827922918,0.09390281454484316,2.746987951807229,6.01355421686747,2.1656491319580256,1.8186556336476072,664
stfgov,wellbeing,CH,-0.04376068950446391,0.260144819010889,-0.018048683660076566,0.6424732486211573,6.620481927710843,7.3147590361445785,1.756848888713098,0.9060009101758629,664
stfgov,wellbeing,CY,-0.029749820108123406,0.4496420171433988,-0.0477482609883406,0.2248172545795369,4.00462962962963,6.311728395061729,2.30615938619727,1.8683613497464768,648
stfgov,wellbeing,DE,-0.010118508079451917,0.7951258190788668,0.009273200589582314,0.8119066004822174,3.972768532526475,7.022390317700454,2.4647545312610615,0.9657848302444771,661
stfgov,wellbeing,EE,0.017133425997531548,0.6611252911375827,0.03916133477295427,0.3162195806375236,3.554033485540335,7.136681887366819,2.276715317979152,1.1859607909772805,657
stfgov,wellbeing,ES,-0.010104507072400888,0.7950994627850125,-0.014166134417533923,0.7157902570020386,3.7481146304675717,6.628205128205129,2.62596123769665,1.4283504969540524,663
stfgov,wellbeing,FI,-0.06397340752093152,0.09954554721681008,-0.05962453698255027,0.12481140652788003,4.878012048192771,7.142469879518073,2.3709907736478857,1.1003923264422089,664
stfgov,wellbeing,FR,0.026744691121759246,0.4904801450976959,0.0057596119419515745,0.881970330058143,3.8020989505247376,6.783808095952025,2.404287043676834,1.1853492075748484,667
stfgov,wellbeing,GB,-0.07404924665994252,0.05687710555612282,-0.0848739457254521,0.02899411425931479,2.9667673716012084,6.784894259818731,2.447410216079826,1.292506590635182,662
stfgov,wellbeing,GR,-0.019653774557288985,0.609715036790593,0.006460090870886369,0.8667581791093355,3.6454948301329395,6.34711964549483,2.314387326505358,1.616037818167205,677
stfgov,wellbeing,HR,-0.0745681378328878,0.05571368908856563,-0.09594635935247774,0.013737718220849798,3.402124430955994,6.213960546282246,2.524782041150102,1.8138405588444437,659
stfgov,wellbeing,HU,-0.10640663619646748,0.005983535226872061,-0.09337622743352202,0.015930681926708472,4.472972972972973,6.129129129129129,2.7834131461437024,1.7068613832988415,666
stfgov,wellbeing,IE,-0.048145270844467895,0.2153462805862286,-0.06558757316167327,0.09127544666290734,4.995481927710843,6.782379518072289,2.3298788625166136,1.299613494209332,664
stfgov,wellbeing,IL,0.01206116108567035,0.7596272677240431,0.015016252038564484,0.7032452970501949,3.891640866873065,6.721052631578948,2.895710503293699,1.383834513233544,646
stfgov,wellbeing,IS,0.048569752815805244,0.2106344686061333,0.02571656831679671,0.5076317862171571,4.193693693693693,7.4174174174174174,2.391090452943104,0.7918361244961483,666
stfgov,wellbeing,IT,0.0933010476761524,0.01751782049710898,0.08573840866373318,0.02908375009384963,4.328703703703703,6.454166666666667,2.2498449581173054,1.6195906279562848,648
stfgov,wellbeing,LT,0.0691106558804091,0.07669569838446075,0.06913071683622192,0.07660996239012567,3.919330289193303,6.556316590563166,2.54014250408272,1.410930914665594,657
stfgov,wellbeing,LV,-0.10181963597668937,0.009664433441827254,-0.0642084474777507,0.10326842635824873,3.192248062015504,6.315503875968992,2.2712629672321074,1.7432411455008,645
stfgov,wellbeing,ME,0.0941542495345732,0.015301121839936772,0.013167168142407369,0.7350516005617209,4.693815987933635,6.921568627450981,2.4423394774658393,1.2683228504255362,663
stfgov,wellbeing,NL,0.10006686977703713,0.009819748863770829,0.09193330292374903,0.017725541611737703,4.583458646616541,7.202406015037594,1.9998561865134497,1.0345217089209995,665
stfgov,wellbeing,NO,-0.06857137094779206,0.07523873023256651,-0.04724216335227804,0.22061844428560753,4.792284866468843,7.427893175074184,2.165829416156662,0.7823419031063247,674
stfgov,wellbeing,PL,-0.18028612963475907,7.5812906111960895e-06,-0.1289553771087092,0.0014269762783146514,4.497536945812808,6.362889983579639,2.7655797626150744,1.5436634663734041,609
stfgov,wellbeing,PT,-0.06677490320750633,0.08626403151763436,-0.06267387063504726,0.10742551575657346,3.583963691376702,6.314674735249622,2.3128724155908165,1.7410148795197617,661
stfgov,wellbeing,RS,-0.26804451600143697,6.544855989011524e-12,-0.23666915916591996,1.5592763678441196e-09,4.384251968503937,5.998425196850394,3.1916300532767825,1.774778799562564,635
stfgov,wellbeing,SE,-0.005927521090582639,0.8788280146004934,-0.007288908553255271,0.8512916431319705,4.174698795180723,7.313403614457832,2.176154515712975,1.0003096864599124,664
stfgov,wellbeing,SI,0.01656942574502946,0.6723278210547207,0.006301242642915746,0.8722212504349945,4.290519877675841,6.650305810397554,2.4937291101472305,1.443268654351599,654
stfgov,wellbeing,SK,0.029351499434049043,0.45054789405111106,0.02336069558199125,0.5482020755548584,4.174962292609352,6.024132730015083,2.7880041844324523,1.7758083459230014,663
stfgov,wellbeing,UA,-0.09783826655908331,0.012439121347736067,-0.078036181511897,0.04639156250592981,2.5506134969325154,5.2753067484662575,2.569862481034823,1.9295711734583234,652
stfhlth,wellbeing,AT,-0.07470194188554355,0.05169221751369616,-0.05962682262739985,0.12060190577818627,6.522827687776141,7.420471281296024,2.354120272601917,0.731916151271854,679
stfhlth,wellbeing,BE,0.05405929138865281,0.1587852255568179,0.045653045247564646,0.2341279324362072,7.261380323054332,7.405726872246697,1.7612972752793228,0.6190453575492598,681
stfhlth,wellbeing,BG,0.052220559615587664,0.17633883348341953,0.07499772535886737,0.051982194115339865,3.8675595238095237,6.882440476190476,2.3732277245382942,0.974498072966882,672
stfhlth,wellbeing,CH,0.006233264572106627,0.8714897197562014,0.026383938125786943,0.4934498950570399,6.806213017751479,7.780325443786983,1.972257178529189,0.5691167014377265,676
stfhlth,wellbeing,CY,0.05675420907662737,0.14075856541595827,0.07119439683235017,0.06451520789917092,5.739259259259259,7.214222222222223,2.2892179315921175,0.8188283830390989,675
stfhlth,wellbeing,DE,-0.03633706097856768,0.3462310418954947,-0.020256058200244214,0.5996140620037752,5.252225519287834,7.45919881305638,2.3469880991970884,0.6370529838625807,674
stfhlth,wellbeing,EE,0.06977966344737381,0.06919295742534504,0.056984670260037666,0.13798012849144808,5.758468335787923,7.411487481590574,2.156279437683444,0.733068869224406,679
stfhlth,wellbeing,ES,0.010758765181947239,0.7791251755251108,0.0010032510406719106,0.9791361199583665,5.631964809384164,7.305718475073314,2.5141663729532744,0.6533632608153603,682
stfhlth,wellbeing,FI,-0.015238295116548133,0.691188185885462,-0.013100178516515484,0.7327272453581853,6.42375366568915,7.654398826979472,2.035851642399742,0.5832107740170837,682
stfhlth,wellbeing,FR,0.008036758841274354,0.8349030035695639,0.017726105697424225,0.6457170105909219,5.357037037037037,7.348148148148148,2.4205334754445937,0.6251233530321911,675
stfhlth,wellbeing,GB,-0.08004144141035568,0.03847813283992112,-0.07883865651468316,0.04149746053722758,4.774289985052317,7.149925261584455,2.5077478109745117,0.8268080317412954,669
stfhlth,wellbeing,GR,0.010462152091148693,0.7858361931953108,0.006001904662979183,0.8761294085742828,3.3840472673559825,7.055834564254062,1.9948705340113264,0.8564318553664297,677
stfhlth,wellbeing,HR,-0.017458786447116254,0.6511878698881219,-0.004443296329498103,0.9084012387211193,5.4546805349182765,7.067310549777118,2.6154496780335696,0.8439568371656548,673
stfhlth,wellbeing,HU,-0.030010659329602774,0.43699852239548864,-0.0088964143495507,0.8178054554770648,3.5690936106983657,6.973997028231798,2.48538500272286,0.9983579882037319,673
stfhlth,wellbeing,IE,-0.03695763228107075,0.33877195290813733,-0.026774397248868927,0.48836994805948875,4.489583333333333,7.2180059523809526,2.4194711531046234,0.703739350178638,672
stfhlth,wellbeing,IL,-0.0025779945151884445,0.9470949453789568,-0.01657165658183568,0.6696936668851693,6.536842105263158,7.307669172932331,1.8665360645195657,0.7943047342617,665
stfhlth,wellbeing,IS,-0.0034686313807403705,0.9283262085697196,0.03417694581600012,0.3753177947003448,5.36,7.844444444444444,2.093341145474218,0.653870769483516,675
stfhlth,wellbeing,IT,-0.01160321770885572,0.7636524024473706,-0.0176551509726744,0.6472834974244067,5.068249258160237,7.351780415430268,2.100329180357513,0.6695709117017797,674
stfhlth,wellbeing,LT,0.03710703225836342,0.3379065264445777,0.05048644108448871,0.19215744670355572,4.3991031390134525,7.1585949177877435,2.352358818039352,0.72467531364995,669
stfhlth,wellbeing,LV,-0.06417871407150981,0.09694778984264418,-0.03840602793249392,0.3208925725652915,4.086567164179105,7.094179104477613,2.489733510114399,0.8771192985208808,670
stfhlth,wellbeing,ME,-0.015085750475291471,0.6962692475468355,-0.008124671160941687,0.8334905759156968,4.805059523809524,7.255654761904762,2.3238101445913957,0.70183760493655,672
stfhlth,wellbeing,NL,-0.005094632965396212,0.8955144210808533,0.001913736133827998,0.9606546018340267,6.607196401799101,7.672263868065967,1.785445603178365,0.5887800814592438,667
stfhlth,wellbeing,NO,0.0003292573132935064,0.9931974820975974,-0.024119439566051146,0.5322073059793377,7.075780089153046,7.860772659732541,1.8577120526644793,0.4880177321270663,673
stfhlth,wellbeing,PL,0.0113691238766298,0.7696283900437908,0.04392003936846958,0.25769311814866225,4.151651651651652,7.041741741741742,2.286831601081294,0.9013603583519691,666
stfhlth,wellbeing,PT,-0.004723628574002199,0.9023615234586743,-0.036987600975417784,0.3365828159207213,3.8419497784342687,7.233382570162481,2.529146260722173,0.7464170371611237,677
stfhlth,wellbeing,RS,-0.09925392410195384,0.010149991551146877,-0.08676204638402772,0.024715367508609754,4.249253731343283,6.852835820895522,2.810766888864342,1.0058198449269515,670
stfhlth,wellbeing,SE,-0.021070056812739265,0.5861477018288764,-0.024409446788264243,0.5282124649966573,5.66865671641791,7.771641791044776,2.0829013451241143,0.5516129278463213,670
stfhlth,wellbeing,SI,0.03578311105607718,0.35363777702671373,0.04789214146807265,0.2143262233705914,4.722551928783383,7.344955489614243,2.5109321779376703,0.8104516458307979,674
stfhlth,wellbeing,SK,0.052199901363977654,0.17683364649834088,0.026355681416159096,0.495520818056437,3.849478390461997,6.997764530551416,2.4839176198986106,0.8722476086181266,671
stfhlth,wellbeing,UA,0.0787245942450395,0.044164066266614475,0.07385771214330378,0.05905815605381269,4.2889908256880735,5.789296636085627,2.604149337743413,1.5949792379378105,654
stfedu,wellbeing,AT,-0.03164558020037251,0.4256248442272982,-0.027715821136885234,0.4853489059138451,6.227987421383648,7.508647798742138,2.3193611066732616,0.7993131274781657,636
stfedu,wellbeing,BE,0.02700537079711694,0.48658874765489174,0.012476295353347213,0.7479200658726095,5.773273273273273,7.571321321321322,2.015266643774509,0.7258515737557265,666
stfedu,wellbeing,BG,-0.037469999669321755,0.35045884132436683,-0.06491578160895177,0.10550116428498098,4.022471910112359,7.156982343499198,2.3136965986438778,0.9661365421179975,623
stfedu,wellbeing,CH,-0.07361890725502908,0.06479691869393628,-0.054201928405349896,0.17422431314895126,6.684126984126984,7.824603174603174,1.948519175958995,0.5142927766217364,630
stfedu,wellbeing,CY,-0.02761535124034991,0.48521890298694054,0.007905575202835894,0.8416638794766323,4.686427457098284,7.348673946957878,2.255538987303241,1.038945809503943,641
stfedu,wellbeing,DE,-0.017852133725452794,0.6465986730463691,-0.024125384170005124,0.5354896848886592,4.277945619335347,7.632930513595166,2.2789100846770607,0.5934617472013372,662
stfedu,wellbeing,EE,-0.009923597443301863,0.7986885737421611,-0.007200408932099449,0.8531864176432464,6.393665158371041,7.624886877828055,2.2348021106609055,0.7216958947683115,663
stfedu,wellbeing,ES,-0.003529783553053544,0.9276088711519713,-0.01444946819875226,0.7099409316931714,5.030075187969925,7.56015037593985,2.310074353442902,0.6839313017736446,665
stfedu,wellbeing,FI,-0.025242412261152095,0.5120308529726958,-0.0007991395343026953,0.9834414384877608,7.233382570162481,7.665435745937962,1.7512149433978044,0.7241309793326158,677
stfedu,wellbeing,FR,0.018640353885680434,0.6318657703321485,0.03040287110302992,0.4344846739610363,4.583710407239819,7.515082956259427,2.1355514907830684,0.8220425985880307,663
stfedu,wellbeing,GB,-0.020084256629147323,0.6137262826583875,-0.04575228047802345,0.2500030195769787,5.301261829652997,7.34384858044164,2.2754472818768523,0.8529671374334568,634
stfedu,wellbeing,GR,-0.039975728483781246,0.31223994270196465,-0.03017109520051355,0.4457295594758122,3.8143525741029642,7.284711388455539,2.04592123058227,0.8142194993585731,641
stfedu,wellbeing,HR,-0.059879052804911924,0.12902191415630263,-0.044344875525977635,0.261134645004063,5.849378881987578,7.3687888198757765,2.2976049980670656,1.0086427874110973,644
stfedu,wellbeing,HU,-0.02654136542503101,0.5101603071199313,0.0035651804558633642,0.9295191586438044,4.067961165048544,7.248381877022654,2.485988492767361,0.919466568873259,618
stfedu,wellbeing,IE,-0.1340781914101238,0.0005864321379356649,-0.11852909030151582,0.0023965585469407614,6.836391437308868,7.347094801223242,1.975149550928486,0.9099664939410916,654
stfedu,wellbeing,IL,0.006892239532804342,0.8598250697074677,-0.0040631461014465926,0.9170841071439231,5.291350531107739,7.562215477996965,2.0841202680831126,0.6934881277180622,659
stfedu,wellbeing,IS,0.07449448425825066,0.05484679435455055,0.041670256451531,0.28326208931884395,6.378947368421053,7.87593984962406,1.751292665071081,0.5860001202685855,665
stfedu,wellbeing,IT,0.08805668757753113,0.024433077486265088,0.07775099890590548,0.04702898641590054,5.073506891271057,7.492343032159265,1.975490802267901,0.8628865410712798,653
stfedu,wellbeing,LT,-0.014134311602421193,0.7222229636721739,-0.04817730392197788,0.22538153912393444,4.5149606299212595,7.366929133858267,2.246135087139203,0.8438920571485039,635
stfedu,wellbeing,LV,0.01983043082609895,0.6252548507308545,0.04494782913497139,0.2680777793604385,3.9885057471264367,7.330870279146141,2.258361488384932,0.929752760316352,609
stfedu,wellbeing,ME,-0.02378028127921217,0.5404258768949044,-0.06083411934851829,0.1170525323042855,4.28421052631579,7.490225563909775,2.241209135566528,0.8379069467750795,665
stfedu,wellbeing,NL,-0.01113687342568431,0.7783871313337927,-0.036687974036243555,0.35373729089316175,6.12792511700468,7.796411856474259,1.6618467421467527,0.701206267876439,641
stfedu,wellbeing,NO,0.023657006197465864,0.5404030216467502,0.017115074639823497,0.6578526139338243,7.330357142857143,7.855952380952381,1.6670117093691756,0.4526724592949727,672
stfedu,wellbeing,PL,-0.034093111075078536,0.39032346263439816,-0.05991993634159117,0.13086538738993855,4.962323390894819,7.286499215070644,2.3887497589695665,0.8808442680782462,637
stfedu,wellbeing,PT,-0.019332240338156653,0.625164879536367,-0.02934141092348288,0.45834492754749717,4.405616224648986,7.514820592823713,2.246017232510995,0.8043914667780067,641
stfedu,wellbeing,RS,-0.04056562860374081,0.30401407049141027,-0.03744687945931522,0.34273155358547214,4.989130434782608,7.163509316770186,2.8777377695619015,1.0585300915949316,644
stfedu,wellbeing,SE,-0.039756546367016365,0.31114260151867185,-0.016208334940459285,0.6797654791893457,5.199692780337942,7.833026113671275,2.110792756126718,0.581033480507684,651
stfedu,wellbeing,SI,-0.017759450098839565,0.6513100054887305,0.0003611435274113261,0.9926678093353006,5.529230769230769,7.542307692307692,2.3427245722106935,0.8537838722751033,650
stfedu,wellbeing,SK,0.08622223856040816,0.030340414026355306,0.08019301231335962,0.04404363818242629,5.190174326465927,7.231378763866878,2.388191545594895,0.9345389326441548,631
stfedu,wellbeing,UA,-0.09464572104885946,0.022633048165801358,-0.09213909005224145,0.026490947812699592,4.472413793103448,6.518103448275862,2.6456072434993168,1.3619933031577158,580
imueclt,immigration,AT,0.03542382218902321,0.3595706014246446,-0.0005372625091437154,0.9889168444528713,4.904619970193741,7.400149031296572,2.520333926611799,1.163698417807324,671
imueclt,immigration,BE,-0.047349320905052804,0.2178635912487216,-0.07680172002216866,0.045442110587769986,6.203240058910162,7.51840942562592,2.208842804882684,1.149913349422235,679
imueclt,immigration,BG,-0.04242867860334128,0.28383033925811735,-0.042126846245465345,0.2872728395489008,4.415625,7.103125,2.9501448864979842,1.530694683087568,640
imueclt,immigration,CH,0.020728664069986642,0.5919551760329342,0.01677227039889755,0.6645180921716429,6.369597615499255,7.552160953800298,2.231504342117628,1.0346059648066106,671
imueclt,immigration,CY,0.05363827957085907,0.1658204498454945,0.061279523892273355,0.1133026834221934,3.5949177877429,7.314648729446936,2.597564128546909,1.4909991638709268,669
imueclt,immigration,DE,-0.024762670925387385,0.5207049407936434,-0.035222213006305965,0.3608811367234545,5.92,7.497037037037037,2.375593007334909,1.0128946635837461,675
imueclt,immigration,EE,0.01263625527870199,0.7440584635111464,-0.017177302005146083,0.6571684255732321,5.532835820895523,7.463432835820895,2.3443401332994225,1.0876079431868484,670
imueclt,immigration,ES,0.0787181484409363,0.04211893085208643,0.09792179431892213,0.011396448120133646,6.599700149925037,7.4790104947526235,2.38492510947887,1.1988521455361631,667
imueclt,immigration,FI,0.06547379637143956,0.08823585276047916,0.09331671657521913,0.014997406903963024,7.315169366715758,7.557437407952872,2.025120177621437,0.9812098524111892,679
imueclt,immigration,FR,0.02865491007120434,0.4569965190706291,0.034832490023825095,0.3658665181476918,5.59319526627219,7.540680473372781,2.685800438858061,1.0815840831218766,676
imueclt,immigration,GB,0.1126094049157859,0.004045268296521533,0.0802865823321276,0.040728969939788966,6.4338461538461535,7.496153846153846,2.5577024625484945,1.113193316527759,650
imueclt,immigration,GR,0.07040595372047814,0.0687733538397116,0.06921884030139264,0.07359131568095263,4.068759342301943,7.420029895366218,2.1031901454232695,1.290784702731454,669
imueclt,immigration,HR,0.07321993448900022,0.05894933425758546,0.08888865766556803,0.021780103770910077,4.998498498498498,7.171171171171171,2.726367629075346,1.5455424560452313,666
imueclt,immigration,HU,-0.07491092576208364,0.053863193378092214,-0.05617811545514947,0.1484775651469597,3.8220211161387634,7.051282051282051,2.434953950849143,1.5233610926219086,663
imueclt,immigration,IE,0.04597848360896827,0.23322765191404218,0.02232924680716677,0.5627935830128227,6.152818991097923,7.489614243323442,2.6175938169746775,1.0626212366480492,674
imueclt,immigration,IL,0.09554037838854094,0.015452380717586776,0.1044715519716938,0.008069097806520618,5.020249221183801,7.627725856697819,2.581808663559986,0.7958810498290771,642
imueclt,immigration,IS,0.07293214469489942,0.058245802550911836,0.06694216102985845,0.08222232393410667,7.0488888888888885,7.623407407407408,2.1499384666740275,1.0553032408801326,675
imueclt,immigration,IT,-0.004214288016878807,0.9140767695066571,-0.0038028798901680537,0.9224369440923013,4.895136778115502,7.474924012158055,2.581919465114637,1.2212204429047004,658
imueclt,immigration,LT,0.0005100765177936227,0.9896442113689223,0.037243128831995015,0.3431200343829629,5.016923076923077,7.260769230769231,2.568870731541006,1.3305985396159379,650
imueclt,immigration,LV,-0.00689612614632649,0.8595355829247867,-0.011923521975194331,0.7596172411984993,4.555219364599092,7.25945537065053,2.550470691315783,1.4403563342437566,661
imueclt,immigration,ME,0.02770061993425547,0.4757682296446942,-0.012511499519023084,0.7474170281519534,5.1458646616541355,7.385714285714286,2.123041665957333,1.1289684262197206,665
imueclt,immigration,NL,0.05178975911780378,0.18091703350974145,0.016457328644617467,0.6709080324593435,6.2152466367713,7.5657698056801195,2.105383918331823,1.1330673015339827,669
imueclt,immigration,NO,0.038858672755018926,0.3105513342963464,0.0624204019203613,0.10311985645343108,6.358711566617862,7.661054172767203,2.2455938173759913,0.9416900332709738,683
imueclt,immigration,PL,0.0848899707510754,0.030720452946679234,0.08359459013269052,0.03337131320451196,5.540123456790123,7.14891975308642,2.3155134328452838,1.37900981647029,648
imueclt,immigration,PT,0.016133084631807536,0.6823345393697741,-0.0046501948643287985,0.9060965373960133,5.704334365325077,7.427244582043343,2.2296549125619793,1.2759434845422404,646
imueclt,immigration,RS,0.08956789472296596,0.02514180151981279,0.0240540368529615,0.5483503234615994,4.8208,7.152,3.0738583455008346,1.4436865204159695,625
imueclt,immigration,SE,0.10829410452333584,0.004884690858852077,0.07460024891516859,0.052887518351153524,6.956973293768546,7.611275964391691,2.1571789078090204,1.0064091070453745,674
imueclt,immigration,SI,0.07940324555184972,0.040962720902645716,0.04211502785042089,0.2788772155871653,5.361990950226244,7.456259426847662,2.6029039592474428,1.2059341713573777,663
imueclt,immigration,SK,0.07576658978689031,0.0520614685431059,0.09946771404621373,0.01068057437191934,3.407294832826748,6.867781155015198,2.6156201510221098,1.708380703424463,658
imueclt,immigration,UA,0.02628470702337788,0.510525574618679,-0.005068736531474266,0.8990423260698459,5.236883942766296,6.953895071542131,2.8602548471507565,1.6069430155467632,629
imwbcnt,immigration,AT,0.07058223127530497,0.07104178280775329,0.07012802891849754,0.0728826547978097,4.433587786259542,6.2732824427480915,2.3839617877296573,1.929999145453096,655
imwbcnt,immigration,BE,0.05184744205237391,0.18240501886918922,0.007033948927121601,0.8565433092031974,5.463046757164404,6.632730015082957,2.036986046442044,1.6341427710522498,663
imwbcnt,immigration,BG,0.021398261318744945,0.5904262706739496,0.0439644342223093,0.2686308993022036,3.9763779527559056,5.600787401574803,2.841958512188753,2.256798214347634,635
imwbcnt,immigration,CH,-0.015154383409417186,0.6982233224740696,-0.030703269832671094,0.43205898534057663,5.780821917808219,6.893455098934551,1.869377079372894,1.4712912535015668,657
imwbcnt,immigration,CY,0.054571915576820014,0.1595048148315089,0.07001425134329535,0.0709686169093552,3.795795795795796,6.166666666666667,2.473993523076182,2.2573189233700477,666
imwbcnt,immigration,DE,0.07345991261163475,0.059076348056310984,0.09113607122826071,0.019101458414751783,5.34947049924357,6.470499243570348,2.28243368076335,1.728843866291742,661
imwbcnt,immigration,EE,0.05440175377669057,0.16660562311489105,0.03109616422478314,0.4293865102540843,4.878086419753086,6.540123456790123,2.0934020244082943,1.7462509146052274,648
imwbcnt,immigration,ES,0.07811328992072972,0.04517993773964953,0.08247309752348057,0.03441789574124488,5.933130699088146,6.468844984802431,2.3528401021016396,1.9182736254145578,658
imwbcnt,immigration,FI,-0.019117655678130015,0.6210666093688436,-0.015089362509649706,0.6964158180766301,6.081967213114754,6.487332339791356,2.0870931736128426,1.7507534944533558,671
imwbcnt,immigration,FR,0.09482101894633092,0.01559455510340156,0.07279659189838601,0.06361830737467072,5.167692307692308,6.343076923076923,2.2019467288526733,1.8346493206242285,650
imwbcnt,immigration,GB,0.15668216763820886,6.521198526342336e-05,0.11110559596784324,0.00476046926200028,6.187888198757764,6.541925465838509,2.5800603775924036,1.782875171244488,644
imwbcnt,immigration,GR,0.13998408882731359,0.0002904899565248592,0.09798054043906772,0.011408812040968977,4.165165165165165,6.4624624624624625,2.194261768687034,1.8756699300673183,666
imwbcnt,immigration,HR,0.05854310805336778,0.13416953341644614,0.06478595310595603,0.09733615339736344,4.899390243902439,5.873475609756097,2.525400657834653,2.2991862070461764,656
imwbcnt,immigration,HU,0.01982797392439659,0.6127521132531376,0.027794247840589453,0.4779699498236767,3.830275229357798,5.663608562691132,2.2350954532716045,2.2343530754645173,654
imwbcnt,immigration,IE,0.11473474171896397,0.0030915940634549757,0.1104882121823377,0.004395430553463358,6.093514328808446,6.631975867269985,2.55164247548115,1.7172494833123024,663
imwbcnt,immigration,IL,0.03384410847401508,0.39305169122368927,0.06346217644739428,0.10900085150989733,4.755868544600939,6.512519561815337,2.48566911100429,1.9461399152573284,639
imwbcnt,immigration,IS,0.041081533450641854,0.29416497470686287,0.019128257357737283,0.625348753629949,7.039755351681957,6.995412844036697,2.0080108939352743,1.5801633265711146,654
imwbcnt,immigration,IT,0.10002298991604641,0.010307348691785631,0.07236466873718995,0.06377482373848169,4.566210045662101,6.225266362252664,2.366357788125735,1.9849512259730158,657
imwbcnt,immigration,LT,0.03447776221952769,0.3823865505143274,0.027480971918816797,0.4863251713553338,5.237577639751553,6.353260869565218,2.31656776103665,2.024109408896126,644
imwbcnt,immigration,LV,0.09444212874363439,0.017113459686769073,0.10718745077190012,0.006773485175243434,4.376766091051805,5.943485086342229,2.43841637770288,2.2330653633149615,637
imwbcnt,immigration,ME,-0.015447050812008837,0.6947021536696811,0.017076415993025555,0.6643705405184552,4.723765432098766,6.45679012345679,2.263053842258479,1.9557666974207368,648
imwbcnt,immigration,NL,0.0789558985103726,0.04149989849687655,0.05593136683457602,0.1490421916482807,5.527736131934033,6.754122938530735,1.8849159744055968,1.609691072295174,667
imwbcnt,immigration,NO,0.010280713584740803,0.7914537580945358,0.013389638413206614,0.7305513552874283,6.23644578313253,6.893825301204819,1.9931549575582184,1.4478176658567983,664
imwbcnt,immigration,PL,0.015578535828197664,0.6981865701845167,0.023236531793458904,0.5629739633465614,5.491961414790997,5.981511254019293,2.089564519838226,2.0112555181111134,622
imwbcnt,immigration,PT,0.0572422885977091,0.14366448205321686,0.053174378621988726,0.17439689074433623,4.629969418960244,6.099388379204893,2.1321044106827056,2.1839382200702793,654
imwbcnt,immigration,RS,0.10060714730836179,0.012624213184982065,0.09037872876632548,0.025122234009709515,4.809446254071661,5.891693811074918,2.9306016652338522,2.140286925024265,614
imwbcnt,immigration,SE,0.019433309076910668,0.6166385012534071,-0.006763517581455185,0.8616925345680478,6.333333333333333,6.616366366366367,2.123976976214366,1.6819392703611113,666
imwbcnt,immigration,SI,0.14174236428532277,0.0002706806364100309,0.12389844264196906,0.0014750124940421463,4.975609756097561,6.239329268292683,2.3817402567304917,1.9393180925098266,656
imwbcnt,immigration,SK,0.06049570242741538,0.12221608277102192,0.06088456825970612,0.11982904719590537,3.3685015290519877,5.41131498470948,2.3402042853650937,2.3026571870674473,654
imwbcnt,immigration,UA,-0.055288213865448264,0.1729967295940936,-0.055587406357352494,0.17067972594327674,5.349753694581281,5.605911330049261,2.81224486066543,2.243198315556202,609
imbgeco,immigration,AT,0.020642533289062938,0.5976695833340615,-0.004116301375156602,0.916194788019813,5.638719512195122,6.876524390243903,2.4734858193055635,1.3675623131397847,656
imbgeco,immigration,BE,0.025576688385221005,0.5118635155637228,-0.02212383999472845,0.5704670496733859,5.618181818181818,7.195454545454545,2.17998267390959,0.9050409858645263,660
imbgeco,immigration,BG,-0.05625358966086208,0.15453696701522301,-0.014611626649985058,0.7117375410081827,3.9501557632398754,6.6246105919003115,2.9106306269478432,1.5722491777164058,642
imbgeco,immigration,CH,-0.023230358593515344,0.5474347568427628,-0.008848678834460522,0.818766059883373,6.4799405646359585,7.209509658246657,1.981303682471838,0.9269920138442317,673
imbgeco,immigration,CY,0.007205624738177863,0.8520951702644114,-0.032494088655325375,0.40034964804311235,3.7038690476190474,6.898809523809524,2.6188784816128505,1.4897158870641936,672
imbgeco,immigration,DE,0.03436996008424704,0.376203784187427,0.011099955478914585,0.7750991471903548,6.0661654135338345,7.061654135338346,2.255211074527048,0.9382053013207702,665
imbgeco,immigration,EE,0.06366226353987255,0.10250525367852988,0.01564239565026657,0.6885540912080096,5.3975720789074355,7.151745068285281,2.2817620088952015,0.9232109069329979,659
imbgeco,immigration,ES,0.029334251425522984,0.44842488908343076,0.049370688815749374,0.20184215889054885,6.361194029850746,7.062686567164179,2.3115331315385634,1.2086924609430905,670
imbgeco,immigration,FI,0.016068172577428177,0.6777939352598249,0.07385404322150083,0.05585881160750688,6.5424739195231,7.166915052160954,2.084247777007471,0.9021578726040428,671
imbgeco,immigration,FR,0.13532993551583136,0.0004756764070057905,0.07067994073020081,0.0689475082369131,5.3710407239819,7.036199095022624,2.4280348941025407,1.0945699687524084,663
imbgeco,immigration,GB,0.1331745651271132,0.0006515615903129871,0.054149961494411425,0.16726634068647606,6.242331288343558,6.99079754601227,2.5235333701810614,1.259034805308047,652
imbgeco,immigration,GR,0.02428116728251706,0.5341023005254709,0.014880767623811237,0.7031962063730404,4.23404255319149,6.98936170212766,2.198642672060225,1.2156548190748346,658
imbgeco,immigration,HR,0.07101073080263513,0.06955388297793967,0.016078739721072724,0.6814917512069656,5.0,6.821100917431193,2.5499602134841672,1.4715623929949255,654
imbgeco,immigration,HU,0.010955682322142316,0.7795839493217401,-0.0038276328856437706,0.9221119667011023,3.651908396946565,6.6076335877862595,2.513764892854974,1.5845979974583566,655
imbgeco,immigration,IE,0.03496089452407564,0.369134342210381,0.04447852824625267,0.2531187550113158,6.007552870090635,7.089123867069486,2.657721384687005,1.1324813049075262,662
imbgeco,immigration,IL,-0.03294196600066134,0.40176697725782773,-0.01141481346249996,0.7714558621086922,4.936923076923077,7.121538461538462,2.6820219375651377,0.9769283498955688,650
imbgeco,immigration,IS,-0.03331084353787565,0.3925315147276839,-0.012751542899457036,0.7434909495579849,6.780635400907715,7.326777609682299,2.121031814775613,0.6780274825803727,661
imbgeco,immigration,IT,0.005475735330815604,0.8890990698473621,-0.03259525173616448,0.4063802363715151,5.109062980030722,7.050691244239632,2.5039220092357324,1.167065477656932,651
imbgeco,immigration,LT,0.05326618601614301,0.17631784587536833,0.03590798142172315,0.3621991687256321,5.541795665634675,6.86687306501548,2.5616042445056877,1.2907248631039157,646
imbgeco,immigration,LV,0.011452901519648598,0.7720959627273843,-0.0013591302607279144,0.9725819738887397,4.996884735202492,6.707165109034268,2.6377772072556915,1.5189633547799948,642
imbgeco,immigration,ME,0.04987309511620192,0.20067506373113309,0.0070068535648809055,0.857411404292604,4.284848484848485,7.0227272727272725,2.69840859210894,1.113211523097903,660
imbgeco,immigration,NL,-0.024190737183443226,0.5331476862572548,-0.03740284010890078,0.33515713117130014,5.761261261261262,7.156156156156156,1.9424194433865014,0.9975607541825976,666
imbgeco,immigration,NO,0.12903541420747613,0.0008295311112132798,0.07988208642834851,0.039013860053994015,6.109281437125748,7.247005988023952,2.007117192124882,0.8449905404543551,668
imbgeco,immigration,PL,-0.02471874231676541,0.5277044272015018,-0.013562571664006751,0.728997494524101,5.545038167938931,6.780152671755725,2.4427454143015885,1.3804787898384825,655
imbgeco,immigration,PT,0.06170555789664988,0.11546791910272985,0.054985072974824675,0.16080425831143114,6.16717791411043,6.857361963190184,2.2111217299604915,1.492291849993019,652
imbgeco,immigration,RS,0.02998782575147673,0.4593606714673675,0.041622148074091446,0.30433955014030495,4.587561374795417,6.615384615384615,3.0054773676227433,1.5292853707765344,611
imbgeco,immigration,SE,0.035258678675222144,0.36689197836022674,0.039740626764694066,0.3091085854097077,6.033485540334856,7.19482496194825,2.054613828661677,0.9198541812384204,657
imbgeco,immigration,SI,0.1664640282852647,1.5976867379071712e-05,0.18177450862911762,2.380933296957232e-06,5.511278195488722,6.890225563909774,2.543052611852012,1.3245745316924045,665
imbgeco,immigration,SK,0.06884240696036868,0.07876367147583167,0.068622857495705,0.07972472730470072,3.6967840735068913,6.373660030627871,2.6917173705073014,1.6966345940105225,653
imbgeco,immigration,UA,0.026097943382974872,0.5158975015072257,0.007102694343882875,0.8596760192145254,6.118971061093248,6.565916398713826,2.7799593775571823,1.6451741890031617,622
imsmetn,immigration,AT,0.022906430655796128,0.5527398243068793,0.0018889705469532162,0.9609595064566017,2.050445103857567,2.7670623145400595,0.7958705331899553,0.6455111700834542,674
imsmetn,immigration,BE,0.01801056218879273,0.6404292309125434,0.006283205552103993,0.8705644806971554,1.8814814814814815,2.8666666666666667,0.7107885437210157,0.5022205882755444,675
imsmetn,immigration,BG,0.0340417669903202,0.38006326957826486,0.02517390061426767,0.516316929487172,2.2563718140929536,2.6746626686656674,1.0172391091037778,0.721195411433092,667
imsmetn,immigration,CH,-0.03338680109815542,0.38930321897897524,-0.03869115958727039,0.31840035512681686,1.8440779610194902,2.8590704647676164,0.6573494277697591,0.523835221105936,667
imsmetn,immigration,CY,-0.09674610991826674,0.0119106567298149,-0.08038344379284644,0.03680397176982117,2.365925925925926,2.7925925925925927,0.8703970037056578,0.6126303688095938,675
imsmetn,immigration,DE,0.07792805784338407,0.04471396365491425,0.08727589174417924,0.024512634025899312,1.7605421686746987,2.8478915662650603,0.6957381626584112,0.5234141431966634,664
imsmetn,immigration,EE,0.005826740039413593,0.8799824489483693,-0.00662035310855504,0.8637856478230761,2.0534124629080117,2.8471810089020773,0.7108552822453765,0.5386401400479707,674
imsmetn,immigration,ES,-0.10112485633553607,0.008758404449822524,-0.0864658534484026,0.025103730997187,1.8926974664679583,2.842026825633383,0.8179645447062829,0.5480696702595536,671
imsmetn,immigration,FI,0.02076750357139353,0.5904299891108189,0.010695479239708316,0.7816547103854394,1.9332344213649852,2.8323442136498516,0.6764951510490699,0.5769918612408989,674
imsmetn,immigration,FR,0.00567316447769435,0.8846012237956102,0.002208448406533274,0.9549440936706607,1.9497716894977168,2.8310502283105023,0.6998937917613459,0.546951885316542,657
imsmetn,immigration,GB,-0.1355107126401705,0.0005213378741123501,-0.12754025965536414,0.0010995255144556587,1.9769938650306749,2.766871165644172,0.7942331586216752,0.635078544409871,652
imsmetn,immigration,GR,-0.09990417047866336,0.009239497430370438,-0.10333880291456599,0.007080622031331322,2.0707964601769913,2.769911504424779,0.9387456431001133,0.6293019680933649,678
imsmetn,immigration,HR,-0.030219534208472447,0.4327861109316106,-0.03430194640670584,0.37321779595922144,2.0,2.747041420118343,0.9010282192317018,0.6529069842892508,676
imsmetn,immigration,HU,-0.04923907692351022,0.20372658930129106,-0.04498616728215052,0.24559753912654775,2.872754491017964,2.7709580838323356,0.8831116885635427,0.6022902153345819,668
imsmetn,immigration,IE,-0.061628149705592744,0.11019462265629411,-0.07263989487279181,0.05964246778509734,2.0802377414561666,2.8528974739970283,0.8657393980290218,0.5036132094875944,673
imsmetn,immigration,IL,0.045869819292001686,0.23927427855276456,0.05549250671323769,0.15443972250880797,1.8060606060606061,2.8878787878787877,1.1324806976120927,0.45711875630325444,660
imsmetn,immigration,IS,0.02718676061887009,0.4823501432936,0.02660390290602621,0.49179240683880937,1.6014925373134328,2.882089552238806,0.6288986119159315,0.48240347846401244,670
imsmetn,immigration,IT,-0.0956854603328861,0.012746379486824297,-0.10193236596451409,0.00794928722586852,2.119645494830133,2.7444608567208273,0.8349863717475164,0.6536105098141413,677
imsmetn,immigration,LT,-0.0002477111433412674,0.9949051639305261,-0.011210704007935189,0.772583289464386,1.9160419790104948,2.820089955022489,0.7934589487429212,0.5726640691016751,667
imsmetn,immigration,LV,0.03451115858043001,0.37897357223660133,0.029910023250799715,0.44579964042281317,1.906441717791411,2.7561349693251533,0.9721884862613651,0.6466568404593755,652
imsmetn,immigration,ME,-0.10025932393234711,0.009461779513918968,-0.08544175644924143,0.02711463804585436,2.219730941704036,2.790732436472347,0.8412098782324116,0.6077130748112959,669
imsmetn,immigration,NL,-0.0492567600172603,0.2035640547819597,-0.034944735146292163,0.36718708158805863,2.0973053892215567,2.838323353293413,0.6933774862091409,0.5483229469996944,668
imsmetn,immigration,NO,-0.03398489075388698,0.3776542081123382,-0.04476954766774835,0.24505803848199734,1.6730769230769231,2.837278106508876,0.6191391873668903,0.5605560621726282,676
imsmetn,immigration,PL,-0.17802320016178708,3.484615889820855e-06,-0.17497521734497223,5.13323983381949e-06,2.272727272727273,2.7853949329359167,0.7756469702923778,0.6023546710745517,671
imsmetn,immigration,PT,0.012356493303266484,0.7491709049106171,0.026142925715209833,0.4986876788423659,2.3824404761904763,2.7574404761904763,0.7993223635448731,0.6545300103544653,672
imsmetn,immigration,RS,-0.07803191487455953,0.04507729792476129,-0.07785438705135372,0.045569475458706106,1.8833333333333333,2.7393939393939393,0.9349207903175173,0.666993068576595,660
imsmetn,immigration,SE,-0.0038052848599829537,0.9216831278522567,0.008593524592823615,0.8242931639505764,1.7164179104477613,2.837313432835821,0.6163194226778166,0.5802777080880266,670
imsmetn,immigration,SI,-0.05076726099621398,0.18804074559252543,-0.04185054138761787,0.27793854421782727,1.8664688427299703,2.792284866468843,0.743453045374833,0.6178617700369249,674
imsmetn,immigration,SK,-0.08742582506126793,0.02363135364466929,-0.08206853497170172,0.033677797239248505,2.683582089552239,2.691044776119403,0.8925194876595858,0.6991840949206508,670
imsmetn,immigration,UA,-0.0526096138575381,0.18376600888045524,-0.04790717502402477,0.22616684576612633,1.6859375,2.7328125,0.8897551469026462,0.6587688729839317,640
impcntr,immigration,AT,-0.060204990661319666,0.1200566282984533,-0.058322877364394995,0.13210460720247624,2.7604790419161676,2.784431137724551,0.882680807175619,0.6627348768474525,668
impcntr,immigration,BE,-0.013596160903985629,0.7257681659051924,0.0049689869652122095,0.8980008367768219,2.091317365269461,2.7994011976047903,0.8208578179558227,0.6399022607140323,668
impcntr,immigration,BG,0.09290964869246718,0.016712413297569603,0.089301102626505,0.021467938981406066,2.7993966817496228,2.689291101055807,0.9742296970051452,0.7455750298272859,663
impcntr,immigration,CH,0.015259006990954812,0.6958024076338313,0.025260202193267946,0.5174204901979318,2.1760242792109254,2.8694992412746587,0.7694599847312615,0.5356258373280784,659
impcntr,immigration,CY,-0.05294838453122032,0.17328017373688084,-0.03556540484673214,0.3605449261549213,3.028657616892911,2.7496229260935143,0.7480644765971568,0.695733008800088,663
impcntr,immigration,DE,-0.09945835124360539,0.010393491966808839,-0.09859585531668308,0.01108129731820995,2.147812971342383,2.8401206636500755,0.8054894074481975,0.590781128603274,663
impcntr,immigration,EE,-0.07875746403275477,0.04186186577725902,-0.08807507582040591,0.02281468026235991,2.7440119760479043,2.8293413173652695,0.8616657344569986,0.6005306376414847,668
impcntr,immigration,ES,-0.010948585406861567,0.7784118629356382,-0.009335309262429248,0.8103887665869713,2.015082956259427,2.8054298642533935,0.8793099897434047,0.6361473594803712,663
impcntr,immigration,FI,-0.04659858632818581,0.22906507060514447,-0.04064302924662296,0.29421795390410477,2.413173652694611,2.844311377245509,0.7991412856230352,0.6453714610121484,668
impcntr,immigration,FR,-0.059028023247785194,0.1297967428910869,-0.048241371737404004,0.2158218728630227,2.224242424242424,2.7848484848484847,0.817869582722776,0.6650253396298139,660
impcntr,immigration,GB,-0.09279971474826852,0.01751988543537754,-0.07358750065319995,0.05979830725457572,2.1374045801526718,2.7770992366412215,0.877543126296993,0.6560195144101113,655
impcntr,immigration,GR,-0.09058183371879894,0.01849215795903531,-0.09752884305977808,0.011177253874713005,3.06508875739645,2.739644970414201,0.77281217561392,0.7099061125121218,676
impcntr,immigration,HR,-0.09516047398375353,0.013522879172403125,-0.08292407067079653,0.031480699084939175,2.2986627043090637,2.763744427934621,0.9217678379473996,0.6872947356362774,673
impcntr,immigration,HU,-0.009471712392095658,0.8073867872168865,0.016747917184765197,0.6663911522870131,3.2721804511278196,2.7218045112781954,0.7836193237132327,0.7399261549226746,665
impcntr,immigration,IE,-0.011632346902651688,0.7651404682927577,-0.014261675592437873,0.7141643962916109,2.2507552870090635,2.7915407854984893,0.8991293673875762,0.6358343874218555,662
impcntr,immigration,IL,-0.03839982189044084,0.32907805473194485,-0.02726065841278485,0.48847775252819703,3.1604938271604937,2.9074074074074074,0.8959022650860179,0.46590797235996023,648
impcntr,immigration,IS,-0.007795380721099779,0.8421619305413298,0.004044859930723253,0.9177068904595884,1.8916030534351145,2.899236641221374,0.7852849818651544,0.5380756547885838,655
impcntr,immigration,IT,-0.12243860273460436,0.0014846942711767479,-0.11282276973852529,0.0034288427522588174,2.269746646795827,2.706408345752608,0.8845066564297807,0.7422861460091453,671
impcntr,immigration,LT,0.015038523094120149,0.6976034137785039,0.028653698047214904,0.45902717271617566,2.426865671641791,2.7940298507462686,0.9115734995095804,0.6441366214938059,670
impcntr,immigration,LV,0.008797369797146777,0.8220592221049722,0.0022322004235248286,0.9544948021805297,2.794207317073171,2.725609756097561,0.978562575518766,0.701807650838107,656
impcntr,immigration,ME,0.04392825920012528,0.2565308405944935,0.046931360864660654,0.22540550109252086,2.3721973094170403,2.8011958146487292,0.8426530582508891,0.6269389604277413,669
impcntr,immigration,NL,-0.058993106888272646,0.12628915560861798,-0.04732466736278019,0.2201562117724685,2.320950965824666,2.87667161961367,0.8134605964257333,0.5383558308747175,673
impcntr,immigration,NO,-0.029850306081952365,0.43775257816437296,-0.015217501728686137,0.6924505664069841,1.8274336283185841,2.8200589970501473,0.6990283766513152,0.6408625991273734,678
impcntr,immigration,PL,-0.08544196732480785,0.028411500201110867,-0.07729305268598968,0.04749274356329421,2.5303951367781155,2.790273556231003,0.7663907556572108,0.6230696225794078,658
impcntr,immigration,PT,-0.027021258453003155,0.4853484529335938,-0.027040366256541576,0.48503977735569376,2.469357249626308,2.7159940209267566,0.8121659364989341,0.7382197228777041,669
impcntr,immigration,RS,0.009537919431959847,0.8070740633032008,0.01356440263624065,0.7283645803559438,2.5531914893617023,2.737082066869301,1.066037412761349,0.703887009197845,658
impcntr,immigration,SE,-0.03280639754964607,0.3990282884229361,-0.019050475870941084,0.6243848144637383,1.8280542986425339,2.8763197586727,0.6847477208110773,0.6118890321211463,663
impcntr,immigration,SI,-0.16269508035228675,2.3201477221242402e-05,-0.16135399404430203,2.71344110152678e-05,2.2029850746268655,2.78955223880597,0.8295676020396896,0.6576295540054504,670
impcntr,immigration,SK,-0.033549433836402805,0.38486119455644413,-0.02996128693820558,0.437753515150268,2.9777117384843983,2.6924219910846956,0.8351162558765485,0.7230591346043006,673
impcntr,immigration,UA,-0.04927193797216509,0.21646092052469676,-0.05324137944454267,0.18164608672082955,2.393026941362916,2.7020602218700476,1.0753584256969653,0.6923474236954511,631
imdfetn,immigration,AT,-0.016176122374271518,0.6757519103625639,-0.016350168707545774,0.6724645875134176,2.5827123695976155,2.8062593144560357,0.8631420072085233,0.5609343363269662,671
imdfetn,immigration,BE,-0.07912165300804343,0.040319120235220156,-0.07359791095438543,0.05653215607558081,2.068452380952381,2.886904761904762,0.7881869917371461,0.44921650936633617,672
imdfetn,immigration,BG,0.06266224901865852,0.10537802118964759,0.07328154267398702,0.058167598290277164,2.7324364723467864,2.7279521674140508,0.985756441167141,0.6617063028576596,669
imdfetn,immigration,CH,-0.09183654565403368,0.0175892650521483,-0.10494424452912202,0.006632043277222206,2.1152694610778444,2.908682634730539,0.7140948197121578,0.4336478246917818,668
imdfetn,immigration,CY,-0.05995686000982105,0.12047976904111711,-0.07035879373718923,0.0683379014631503,2.8898809523809526,2.7723214285714284,0.7523942810866576,0.62267771668383,672
imdfetn,immigration,DE,-0.06786403949317382,0.08055861401875428,-0.08429902153147387,0.029855040320637318,2.0813253012048194,2.897590361445783,0.752680913581308,0.42726840211796174,664
imdfetn,immigration,EE,-0.061265411737594366,0.11097879423750791,-0.07207829998748848,0.06068505912008076,2.4705014749262535,2.9277286135693217,0.8143016595586721,0.38328962107803016,678
imdfetn,immigration,ES,-0.11975783243752332,0.0019619639456586466,-0.12310888389492564,0.0014564882432644046,2.0225225225225225,2.794294294294294,0.8745887645120821,0.6017747165686097,666
imdfetn,immigration,FI,-0.02279949676714469,0.5545958156535634,-0.026216037802013568,0.4968455722328576,2.311572700296736,2.851632047477745,0.796136410520858,0.5601464528669242,674
imdfetn,immigration,FR,-0.0700377203537051,0.07130022248041892,-0.050963726150249085,0.18964790325640718,2.1716867469879517,2.8629518072289155,0.7944260104240488,0.49815438322788785,664
imdfetn,immigration,GB,-0.16329928020024376,2.5994966750075703e-05,-0.16938176304088848,1.2717782576211506e-05,2.04261796042618,2.8736681887366817,0.8103810992856202,0.466098328605214,657
imdfetn,immigration,GR,-0.13674845649163658,0.00035931955979920664,-0.1317436492154188,0.0005892336433611917,2.8980797636632203,2.7843426883308715,0.7975252993452948,0.6087551957134714,677
imdfetn,immigration,HR,-0.10877159102761269,0.004636909012721056,-0.11821605724903987,0.0020788426927712406,2.3165680473372783,2.776627218934911,0.9382840428102407,0.612548664804951,676
imdfetn,immigration,HU,-0.02891369938246866,0.45563655936401176,-0.020236251229631914,0.6016049456850139,3.2619760479041915,2.7335329341317367,0.7598964180347731,0.6392565751939586,668
imdfetn,immigration,IE,-0.1035609806906745,0.007170015557662697,-0.11139381130835094,0.0038104332717455143,2.2421991084695394,2.887072808320951,0.889356329338763,0.46197288725650076,673
imdfetn,immigration,IL,0.0269648494859072,0.491540311528317,0.03999720919253507,0.3074755428223424,2.9280245022970903,2.9341500765696784,0.9826853402418925,0.34179347729800286,653
imdfetn,immigration,IS,-0.023814419665349272,0.5419937515957681,-0.03465048104632549,0.3748562194005498,1.884498480243161,2.9422492401215807,0.7949822514110423,0.3528649241278977,658
imdfetn,immigration,IT,-0.12170749418473246,0.0015350369684171486,-0.12254223883431942,0.001423370401562334,2.3644444444444446,2.7896296296296295,0.8546839583406874,0.5740782928844624,675
imdfetn,immigration,LT,-0.12700344882216236,0.0009769519327296398,-0.1193505668816458,0.0019553651402996475,2.3472429210134127,2.828614008941878,0.9110371319692073,0.542645002326314,671
imdfetn,immigration,LV,-0.07029397597135624,0.07375180002903159,-0.07476103688226456,0.057158943142710486,2.5046296296296298,2.794753086419753,1.0115149327684017,0.6061281082470534,648
imdfetn,immigration,ME,-0.044481497123532374,0.2502286374189039,-0.044999235844035285,0.24475215973599124,2.3507462686567164,2.8865671641791044,0.8351173372133448,0.4564421853602059,670
imdfetn,immigration,NL,-0.09943979472942024,0.009898050919603607,-0.10782752749802305,0.005139348635497249,2.168154761904762,2.9017857142857144,0.7242844373633874,0.43250536404736345,672
imdfetn,immigration,NO,0.0036242812936848673,0.9248974775709461,-0.015306980045825822,0.6905181327836805,1.7540500736377025,2.9204712812960234,0.6739203780529339,0.43400013795993286,679
imdfetn,immigration,PL,-0.22618990688866286,3.2923989640234258e-09,-0.22061922616669205,8.0763587041095e-09,2.6502242152466366,2.813153961136024,0.8080364186371068,0.5628789410773756,669
imdfetn,immigration,PT,-0.03383583080977258,0.3815257412942556,-0.04878715608198614,0.20689062157974097,2.5007451564828616,2.798807749627422,0.811990025875951,0.5649449137057021,671
imdfetn,immigration,RS,-0.07308578230479479,0.06038318692864992,-0.0709711024896016,0.0682265336665161,2.4024205748865355,2.7745839636913767,1.0552582098782395,0.6097851218530641,661
imdfetn,immigration,SE,-0.030355499985546108,0.4334684856298056,-0.01931539472915826,0.6182505244815675,1.7754491017964071,2.8877245508982035,0.6642705926007071,0.5086645674262857,668
imdfetn,immigration,SI,-0.031891497407114645,0.4098491239964161,-0.014569893851737528,0.7065837750899832,2.2,2.8149253731343284,0.8065501651533021,0.5927448076352589,670
imdfetn,immigration,SK,-0.0856395753203774,0.02608483892658031,-0.08370671986511916,0.029663775547278438,2.994074074074074,2.7244444444444444,0.8261098068068898,0.6522577391331967,675
imdfetn,immigration,UA,0.008073152780953226,0.8391041416770713,0.008934896098826434,0.822202425619878,2.2173228346456693,2.7748031496062993,1.0233931382842179,0.5874567577799729,635
gincdif,values,AT,0.02814600694458291,0.4683646063220073,0.02498056670985353,0.5198593076301307,1.8138138138138138,3.310810810810811,0.8730836483475676,0.583819626798235,666
gincdif,values,BE,-0.0347397596590876,0.364314439903246,-0.011869516481124446,0.7566588495107932,2.232456140350877,3.3830409356725144,1.0109499133041553,0.5379360737162666,684
gincdif,values,BG,0.06250527587971824,0.10290423810653698,0.06541130792966215,0.08783700314452828,1.595307917888563,3.2829912023460412,0.834555625190917,0.5941253000581473,682
gincdif,values,CH,0.0014237120527600255,0.970592132669053,0.012784111372034591,0.7406100849858206,2.2303120356612185,3.3967310549777117,1.0259299167855094,0.5162144838482823,673
gincdif,values,CY,0.03950864517560415,0.307911511313247,0.024814523132115508,0.5220126507945857,1.8817365269461077,3.3697604790419162,0.9209026808351298,0.5443854927646435,668
gincdif,values,DE,-0.029748644541410567,0.44033316313192805,-0.041612027781726874,0.2803310071758037,2.3214814814814817,3.3733333333333335,1.012707478480877,0.5916330565396971,675
gincdif,values,EE,0.01971818047265101,0.6098751737388697,0.01733029514878632,0.65382853876499,2.4613095238095237,3.325892857142857,0.98800107370282,0.6099393635857888,672
gincdif,values,ES,0.031541441816270055,0.41536000562961856,0.02377339185667478,0.5393234094967413,2.218236173393124,3.3512705530642752,1.014961076127945,0.5477928222354302,669
gincdif,values,FI,0.05719843007317381,0.137087234244229,0.07044603183984789,0.06697524316644946,2.295420974889217,3.3677991137370755,1.0095079100467599,0.5748913206780298,677
gincdif,values,FR,0.024536939164867873,0.5232832962003676,0.017519027068576276,0.6486070454643291,2.09720176730486,3.325478645066274,1.0777890918387267,0.5308606295668573,679
gincdif,values,GB,-0.010933693331276471,0.7801792740177093,-0.019070255958762137,0.6263979071050481,2.197247706422018,3.301223241590214,0.9973587215265853,0.5417613798155179,654
gincdif,values,GR,-0.02101085756938912,0.5844141164145301,-0.030225468055466224,0.43133251655484073,1.6779411764705883,3.389705882352941,0.8054208073715674,0.5791262795648098,680
gincdif,values,HR,-0.013004670693825528,0.7357325101730647,-0.05424471987768661,0.1588972929175416,1.9082840236686391,3.3136094674556213,0.9143413816370821,0.5676655156240804,676
gincdif,values,HU,-0.010380062931950535,0.7871689188313963,-0.03144402032287275,0.41332908256463335,1.8350515463917525,3.2430044182621502,0.9293047589984477,0.5785041627785678,679
gincdif,values,IE,-0.022962098830463542,0.5514787984074406,-0.03281682434172066,0.39462763405084034,2.0933333333333333,3.352592592592593,0.9691992473216753,0.5475640186722056,675
gincdif,values,IL,0.009431127545812918,0.8081960220196689,-0.0031168364350743377,0.9360585503641571,2.257142857142857,3.482706766917293,1.031892467946382,0.5349968018983752,665
gincdif,values,IS,0.021164642985691224,0.5811091629786197,0.01938053390050912,0.6133873442212427,2.0762463343108504,3.3856304985337244,0.9800020907225712,0.5626390236235037,682
gincdif,values,IT,-0.04607835153426229,0.23186560069826875,-0.02846726875416939,0.46028345286322403,1.8148148148148149,3.325925925925926,0.8507736502351836,0.539667300928854,675
gincdif,values,LT,0.04793691479324243,0.21186272960335462,0.044579874832191474,0.2456665619133482,2.1323529411764706,3.286764705882353,0.9904464378429628,0.5332547716402412,680
gincdif,values,LV,0.041457107447625735,0.28829379661758453,0.05528552246019454,0.15661621471050252,1.9407294832826747,3.2750759878419453,0.9433645942897954,0.49535321131320764,658
gincdif,values,ME,-0.08714402317218027,0.024513841116463247,-0.06270861902397777,0.10590605141842724,2.3633633633633635,3.37987987987988,1.1158907336395691,0.5710962817188256,666
gincdif,values,NL,0.03929303085806384,0.30695339337325456,0.04261245695392972,0.267854240577325,2.327433628318584,3.377581120943953,1.0163433561533994,0.5613594401375409,678
gincdif,values,NO,0.03839504230144371,0.3156538474188155,0.022828535817602538,0.5508636377898364,2.28029197080292,3.4014598540145986,0.9644135429782612,0.5495858889529789,685
gincdif,values,PL,0.03426279511997886,0.38095428291738254,0.052557505458166884,0.17878966459452764,2.5945121951219514,3.3125,1.1066352577720366,0.5284826327607852,656
gincdif,values,PT,0.08642241869627826,0.025177174823169224,0.06760964807134189,0.08010531192052554,1.7377049180327868,3.3040238450074515,0.74896552097052,0.5651299356844286,671
gincdif,values,RS,-0.0063663933347983806,0.8713050299289936,-0.007838254977158923,0.8419064522585433,1.98,3.3630769230769233,0.9982573413547066,0.5527823531690476,650
gincdif,values,SE,-0.044525701717262334,0.2476405964932047,-0.050949970654092236,0.1857997795359581,2.2618343195266273,3.423076923076923,0.8816275567412865,0.5617433182117573,676
gincdif,values,SI,0.04447738035840995,0.24921081097327472,0.05473787427836362,0.15606027760041852,2.0653789004457654,3.3952451708766715,0.9505037263995256,0.5494380036558424,673
gincdif,values,SK,0.08789008840183886,0.021996906521491295,0.09114325866119488,0.01752294382046571,1.9896907216494846,3.2901325478645065,0.8298699431205507,0.5668365458584907,679
gincdif,values,UA,-0.0017843232618175568,0.9638692510119528,-0.004404942080025088,0.9109591167654086,2.1313755795981453,3.2673879443585783,1.105735872630492,0.5711618239539143,647
freehms,values,AT,-0.07261487902845837,0.05992125847348962,-0.07480156665709882,0.05260075785718942,1.7842261904761905,3.4613095238095237,0.8681418888773988,0.9955145660888911,672
freehms,values,BE,-0.056102031724623316,0.14419592598707365,-0.01818639890491639,0.6361700899553362,1.4771723122238587,3.703976435935199,0.842629130042202,0.9387584090043424,679
freehms,values,BG,0.009200044302009859,0.81518087412284,-0.009255576423541679,0.814085597015182,2.9691358024691357,3.2962962962962963,1.2940135113741393,0.8991762597377146,648
freehms,values,CH,-0.08806860742678538,0.022021484425849388,-0.11887797055101491,0.001960892861672849,1.6908284023668638,3.701183431952663,0.8077248670686074,0.8841309214719678,676
freehms,values,CY,-0.06043957056890307,0.11778995240931542,-0.08750096603939944,0.023407402492948863,2.630402384500745,3.4470938897168404,1.1732973000322475,0.9075733045390122,671
freehms,values,DE,0.030046544082046184,0.4337268208112747,0.001600304486500128,0.9667499587450851,1.5550660792951543,3.6387665198237884,0.7196659989459486,0.9212655648590565,681
freehms,values,EE,-0.05822785717915951,0.13244604359907042,-0.05439589405442913,0.15991390301875383,2.2600896860986546,3.600896860986547,1.048769163549076,0.8961322930526544,669
freehms,values,ES,-0.11479468095855004,0.002679398983721301,-0.12279815157978774,0.0013127611891952723,1.530791788856305,3.6422287390029324,0.7851909168907397,0.9202437048065035,682
freehms,values,FI,-0.09768169263142928,0.010640936563064512,-0.10897074222508615,0.00435615757020528,1.6559297218155198,3.683748169838946,0.8460218141453248,0.9282860350568369,683
freehms,values,FR,-0.01197810691263844,0.7559028190548003,-0.04612589248491781,0.23103723680691568,1.3816568047337279,3.7411242603550297,0.7596612738131415,0.8482633636825999,676
freehms,values,GB,0.022472176000767233,0.5597122816186157,-0.006528814693854062,0.8654530520855537,1.6035502958579881,3.7337278106508878,0.7540031233749444,0.9302098575786718,676
freehms,values,GR,-0.13234194962474904,0.0005454513251314531,-0.1479331848158489,0.00010928608502966552,2.182621502209131,3.555228276877761,1.1657317790627972,0.8016198015392881,679
freehms,values,HR,-0.09461126997670818,0.015907483764193917,-0.10866705746955839,0.005584684832154007,2.5500770416024654,3.4884437596302003,1.1225951636555536,0.8481673491453287,649
freehms,values,HU,-0.04045647268312979,0.296441506916511,-0.05074806920765086,0.1901935177633774,2.75,3.4505988023952097,1.2542282311334385,0.8790155326075189,668
freehms,values,IE,-0.05219528385023302,0.17366792149234833,-0.0686440813990309,0.07342891952164522,1.6211453744493391,3.700440528634361,0.8209172654880434,0.9708167179065156,681
freehms,values,IL,0.019030425815339824,0.6247496552614814,0.02590618936027684,0.5054712072507052,2.779788838612368,3.570135746606335,1.4717116914584654,0.7680247822415421,663
freehms,values,IS,-0.00793197604465602,0.8361911642680077,-0.02229425409814573,0.5610911361782316,1.3255131964809383,3.8856304985337244,0.6722265263751905,0.994167409597041,682
freehms,values,IT,-0.039918028934646056,0.3018346772910166,-0.06409140880759306,0.09715350761648836,2.0640834575260807,3.564828614008942,1.0090962495151983,0.8258238358732656,671
freehms,values,LT,-0.10491733079478732,0.0064051842797232215,-0.10265822520205062,0.007647123703515009,3.0044510385756675,3.5311572700296736,1.1531896761801799,0.8669648662092792,674
freehms,values,LV,-0.06316727227461902,0.11235395178553674,-0.07221471449347713,0.06942170727883819,2.4802527646129544,3.4676145339652447,1.2704050731687941,0.8508987225228165,633
freehms,values,ME,0.014287072310862754,0.7170209898704211,0.01224602496656242,0.7560588755434237,3.3560371517027865,3.496904024767802,1.172099061287195,0.8991760294067814,646
freehms,values,NL,0.04268128310858367,0.26672765648578595,0.017555849286064355,0.6479182403872409,1.4197349042709868,3.910162002945508,0.6906193538140173,0.9308858677572039,679
freehms,values,NO,0.03650757269219696,0.3404034467104418,0.0035076700995265286,0.927039712758306,1.4239766081871346,3.926900584795322,0.6437522504197893,0.9468643088556689,684
freehms,values,PL,-0.11764102192836233,0.0026248130732236413,-0.12666372096474046,0.0011905893684355442,2.312883435582822,3.473926380368098,1.0848572142599953,0.7785100864043242,652
freehms,values,PT,-0.044724736061335604,0.24799967837867526,-0.056947571611105,0.1411855158802616,1.8849028400597907,3.6412556053811658,0.9351242501936871,0.9171530289870168,669
freehms,values,RS,-0.09737011035606584,0.012729610573305721,-0.11863582304600942,0.002374764057885562,3.1559633027522938,3.3623853211009176,1.343176130706598,0.8777622589895314,654
freehms,values,SE,-0.03572923850610352,0.35186713950476417,-0.0465815652441609,0.2247410998679603,1.3891336270190895,3.9133627019089574,0.6438391158647948,0.8976180894068122,681
freehms,values,SI,-0.04096385655569155,0.2955512828881891,-0.05454028101104789,0.1635742652318837,2.359327217125382,3.5336391437308867,1.0431414622297743,0.9463073545346842,654
freehms,values,SK,-0.10868101588222287,0.005292454461581375,-0.11406760784926764,0.0034139610160976316,2.800608828006088,3.400304414003044,1.2026899198868997,0.8112395843944092,657
freehms,values,UA,-0.05283443702258508,0.18466277142175433,-0.05445211905900869,0.1715596294931831,3.0063291139240507,3.2943037974683542,1.3859006371814477,0.7397042858739102,632
hmsfmlsh,values,AT,-0.010975771435686753,0.7796852861839397,-0.050543081724121315,0.1974227101111916,4.173312883435583,2.895705521472393,1.039478514662583,0.7021012739366564,652
hmsfmlsh,values,BE,0.00885505024766512,0.817578025804972,0.009304725373384448,0.808489550428016,4.486049926578561,2.9089574155653453,0.9882526724287137,0.6948924586338896,681
hmsfmlsh,values,BG,0.08339574181166223,0.03593143185091119,0.07418866022206203,0.06212102087674144,2.7898894154818326,2.9020537124802526,1.3211134138705416,0.7894952423015186,633
hmsfmlsh,values,CH,0.03672493511354331,0.34692208375445444,0.005339983073864617,0.891252782598763,4.334346504559271,2.8525835866261398,0.906969269437028,0.7051674972963011,658
hmsfmlsh,values,CY,0.006682578708450401,0.8642523356170491,0.011226283420937956,0.7739489879756315,3.2146118721461185,2.923896499238965,1.1782710864188022,0.7222454241363504,657
hmsfmlsh,values,DE,-0.003219242323897174,0.9336647477963432,-0.007081829942715676,0.8547151355726402,4.460506706408346,2.932935916542474,0.8849516621589804,0.669129659974306,671
hmsfmlsh,values,EE,0.00012042332111017953,0.9975287598273241,-0.005665512879198379,0.8841454676783879,3.6762048192771086,2.8840361445783134,1.206683272060967,0.7034399243705082,664
hmsfmlsh,values,ES,0.05156800313557308,0.18051278293321382,0.05505320624473389,0.15276903019460158,4.550295857988166,2.878698224852071,0.8954948483656872,0.7097764430912135,676
hmsfmlsh,values,FI,0.04645912440242102,0.22596331863539884,0.045644602300109506,0.23421453895833577,4.4566813509544785,2.881057268722467,0.8427651440462809,0.7508481858445545,681
hmsfmlsh,values,FR,-0.029643579011742378,0.44025812878318765,-0.005506560135681186,0.8860292283994388,4.6308823529411764,2.8926470588235293,0.8549875078437283,0.6941404611565344,680
hmsfmlsh,values,GB,0.0009092683064874746,0.9812158506471415,-0.009629040210204767,0.8030975417082903,4.384843982169391,2.8826151560178306,0.9057729931972731,0.7275679044211357,673
hmsfmlsh,values,GR,-0.057835394507434496,0.1404678850255921,-0.05993928433072075,0.12657022991601044,3.4070660522273424,2.9615975422427034,1.3284620930058442,0.6972913953909498,651
hmsfmlsh,values,HR,0.02358450548787747,0.555553520625366,0.008066031970172978,0.8402502153059205,3.2998405103668262,2.8740031897926634,1.2107281256874847,0.7657257118606541,627
hmsfmlsh,values,HU,-0.0020815827637581507,0.9576922245295219,0.008884313668678229,0.8208718099755492,3.2223926380368098,2.9125766871165646,1.3062258266144828,0.7477738299213708,652
hmsfmlsh,values,IE,0.01473611990077556,0.7070181904623452,0.0033018976202074083,0.9328856389361394,4.326186830015314,2.892802450229709,1.0372821710915128,0.6856282904256679,653
hmsfmlsh,values,IL,-0.056081300977954204,0.1491794442254031,-0.04031634300652004,0.2999412111116675,3.0799396681749625,2.903469079939668,1.4793458164651498,0.707984268003457,663
hmsfmlsh,values,IS,0.007465695185771554,0.8459205920425724,0.014412478722104966,0.707541850191298,4.758823529411765,2.9044117647058822,0.6169513373127354,0.7429459776017256,680
hmsfmlsh,values,IT,-0.025239196948135038,0.517768969546264,-0.038957490114686855,0.3180088458480354,3.8846737481031868,2.896813353566009,1.0498481615904733,0.7365648808983355,659
hmsfmlsh,values,LT,-0.024081732574287272,0.5374671127861897,-0.04102382799361509,0.2933666773582421,3.082066869300912,2.9635258358662613,1.163608770795831,0.7077787192798567,658
hmsfmlsh,values,LV,0.025954147553406356,0.519567578059138,0.0191948367211837,0.6338935101521272,3.0517799352750807,2.914239482200647,1.3994343856684544,0.7471769587649862,618
hmsfmlsh,values,ME,0.04377735358937226,0.27488198043368445,0.05899187798907352,0.14103598978608123,3.0560897435897436,2.9471153846153846,1.1851386187721802,0.6450886281666265,624
hmsfmlsh,values,NL,-0.03662038153410272,0.34033392919758604,-0.039936426956983385,0.2983800876658949,4.5588235294117645,2.886764705882353,0.8697561647903193,0.7384664306183013,680
hmsfmlsh,values,NO,0.031165273467463134,0.4161106921120359,0.017475918840933233,0.6484485140220368,4.575402635431918,2.8623718887262077,0.7628342393010004,0.7455271880905515,683
hmsfmlsh,values,PL,0.038221850235287,0.3320764991364339,0.03462769561129959,0.3795775915652855,3.806501547987616,2.9520123839009287,1.19871552281964,0.7445016895466887,646
hmsfmlsh,values,PT,0.014570257887400972,0.710592074543204,-0.01049269881913939,0.7893067615840215,3.956989247311828,2.89247311827957,1.1521189167554453,0.7321970292625317,651
hmsfmlsh,values,RS,0.0049934230171669244,0.9002979440536293,0.011241219058351883,0.7779056868370312,2.7199367088607596,2.856012658227848,1.4116499643956977,0.790090319516218,632
hmsfmlsh,values,SE,0.03947667064332058,0.3046964592146571,0.04530190728015328,0.23878906652028242,4.589970501474927,2.8790560471976403,0.7782226079271697,0.7393583747463356,678
hmsfmlsh,values,SI,-0.0012198810797586738,0.9751032812225278,0.0015368024083731813,0.9686381723515574,3.7336377473363775,2.8645357686453576,1.1345372201646011,0.7778798611405516,657
hmsfmlsh,values,SK,-0.06428478131204739,0.11153883670673809,-0.039903948662246724,0.3235645976497995,3.026058631921824,2.929967426710098,1.2367292692018623,0.7156928895489691,614
hmsfmlsh,values,UA,0.0699314049494113,0.08362943279740558,0.06421964835926482,0.11219628136657718,2.5073409461663947,2.897226753670473,1.361958032607972,0.7885260568234936,613
hmsacld,values,AT,0.0006525162302288126,0.9867219257296643,-0.006193459342369409,0.874484292617489,2.3797856049004595,3.022970903522205,1.219607933824002,0.5843766492344654,653
hmsacld,values,BE,-0.02778290397103008,0.47015441685033005,-0.059564091373993926,0.12126885509614801,1.8657817109144543,3.0398230088495577,1.156055366910982,0.6611444117417496,678
hmsacld,values,BG,-0.011641964401021422,0.7679131257067316,-0.031907793896690975,0.41851997958002507,3.7534883720930234,2.9302325581395348,1.2284190789313696,0.6615674793123247,645
hmsacld,values,CH,-0.04858979184860748,0.2101026621283684,-0.061635463095349445,0.11175702787332366,2.530734632683658,3.08095952023988,1.2828973987738685,0.6662478255316073,667
hmsacld,values,CY,0.0008411627657280991,0.9827265433991447,-0.011393122429714356,0.7693249568407452,3.7849624060150378,3.0030075187969927,1.275492831789348,0.6036959272131491,665
hmsacld,values,DE,-0.07162330776342261,0.06331105857368721,-0.025297314642012986,0.512368620891867,1.9821693907875186,3.0089153046062407,1.0841018560814757,0.7070504925859367,673
hmsacld,values,EE,0.011701142812172492,0.7639663859342417,-0.012560543210623302,0.7472011460429793,3.096822995461422,2.987897125567322,1.3617075556472364,0.6442086724371539,661
hmsacld,values,ES,-0.06700689427335724,0.0819259312945479,-0.06551400606651238,0.08898495257523999,1.751111111111111,3.0162962962962965,1.0493651229321987,0.6385498462481471,675
hmsacld,values,FI,0.018572290952892215,0.6300407488928162,0.022834054408580422,0.5537007266123689,2.1866666666666665,3.048888888888889,1.1949945060276226,0.5909639395459921,675
hmsacld,values,FR,0.0676038660958176,0.07968081317264321,0.055078215073867016,0.15349924386383565,2.136701337295691,3.025260029717682,1.3382110242743035,0.6032779746720444,673
hmsacld,values,GB,0.010316339682244385,0.7916769967554713,0.003972732583586541,0.9189842984688085,1.993920972644377,2.992401215805471,1.0726825815150587,0.6835332217711746,658
hmsacld,values,GR,0.013269895412764639,0.7315133231983865,0.013854248923923585,0.7201757386558034,3.855439642324888,3.014903129657228,1.2560169485651287,0.6667485917735272,671
hmsacld,values,HR,0.006111437984828921,0.8757558787283387,0.003365990849211163,0.9313765373916898,3.5433789954337898,2.9178082191780823,1.2548768879891585,0.6643831310857964,657
hmsacld,values,HU,-0.011896449290765814,0.7590897356139614,-0.02746666461332718,0.4788418203929376,3.36431784107946,2.944527736131934,1.2450929295959665,0.6609524547974879,667
hmsacld,values,IE,-0.05240508200254458,0.18105758987008003,-0.05797895792134522,0.13887511985615697,2.0673813169984685,3.096477794793262,1.1531732839340514,0.5899489149767513,653
hmsacld,values,IL,-0.026271394938694313,0.5014421137936238,-0.052121803197994546,0.18208928597429677,3.024353120243531,3.1156773211567734,1.4772720977280276,0.5833154341517479,657
hmsacld,values,IS,0.04119113881678159,0.28308995080225574,0.02406462988258914,0.5307069969642664,1.5976505139500734,3.0381791483113068,1.0216453287124072,0.645125776774332,681
hmsacld,values,IT,-0.03724700523887971,0.343069769745245,-0.04180773687848088,0.28719005979925416,3.1338461538461537,2.9892307692307694,1.2751962202044456,0.6508553284163177,650
hmsacld,values,LT,0.012862992949582385,0.7394428801513081,0.030669507445988568,0.4276857338267658,3.9076005961251865,2.932935916542474,1.0339543257325907,0.655609681209892,671
hmsacld,values,LV,-0.06969616582342068,0.07950347559427032,-0.07252419693683519,0.06801421540791171,3.7539432176656153,2.9574132492113563,1.2999059037253524,0.5866473109986154,634
hmsacld,values,ME,-0.030129705923453452,0.4438726155291323,-0.047998260833315674,0.2223964381585121,3.6666666666666665,2.95679012345679,1.1312615545449003,0.6953034357637232,648
hmsacld,values,NL,-0.04708627691747399,0.22214698457405505,-0.024908546620771646,0.5185621996551689,1.8071216617210681,3.121661721068249,1.044995016961138,0.6095131651351846,674
hmsacld,values,NO,0.007063997663447889,0.8540090916789475,-0.004315124871128097,0.9105054214887084,1.9104258443465492,3.0748898678414096,1.0775352979786375,0.6893951064905166,681
hmsacld,values,PL,0.07792745148584566,0.047723655115899793,0.07613357956760956,0.05309941040995122,3.6625386996904026,3.0046439628482973,1.313279483726134,0.6213090308378798,646
hmsacld,values,PT,-0.012669451063583937,0.7447115206066403,-0.0019343212706220384,0.9603515058882305,2.570135746606335,2.912518853695324,1.2668732400356546,0.7465187013543572,663
hmsacld,values,RS,-0.020022820597529696,0.611193551202855,-0.026646335237680435,0.4986655699254314,4.060278207109738,2.973724884080371,1.1515564577658222,0.6025658796881418,647
hmsacld,values,SE,-0.038475695323024785,0.31677420324101535,-0.0875007026512473,0.022593773265499474,1.8188512518409425,3.1030927835051547,0.9826809275013835,0.6366202995764441,679
hmsacld,values,SI,-0.02052352322148819,0.599783811527298,-0.01776001990771308,0.6497951852864795,3.160060975609756,3.010670731707317,1.3007300343386006,0.6359765045327003,656
hmsacld,values,SK,-0.06537644807268107,0.09635674315807424,-0.06762418097084195,0.08541856019824498,3.935185185185185,2.941358024691358,1.1591166610694303,0.6213258060359069,648
hmsacld,values,UA,-0.015391107173338428,0.7025616110484971,-0.010045186755099739,0.8031905290478728,3.627831715210356,2.9498381877022655,1.3072552155331822,0.6071494410691255,618
euftf,values,AT,-0.009192895101203155,0.8161667886395653,-0.01010003231494767,0.7983990517161397,4.602803738317757,6.654205607476635,3.0157452007534453,1.5293456253911293,642
euftf,values,BE,0.037173107060409515,0.3410653400992756,-0.018834527118572444,0.6296225079928849,5.920972644376899,6.927051671732523,2.377562089165077,1.174629369469898,658
euftf,values,BG,-0.03548510755103535,0.3816308078494617,-0.01741659587175685,0.6676987711868372,5.629508196721312,6.611475409836066,2.599819638956733,1.4738663073158857,610
euftf,values,CH,-0.00956445899330402,0.8078543265224863,-0.003617570488784097,0.9267123569621007,5.063174114021572,6.99075500770416,2.417914703704539,1.1758530722850535,649
euftf,values,CY,-0.051330519397239344,0.1950203605833192,-0.05929361011840495,0.13433255193599508,5.892018779342723,6.661971830985915,2.975224049352823,1.655704452586566,639
euftf,values,DE,-0.05105613501981207,0.1888452654592275,-0.045371696966261914,0.24299022769027934,6.173192771084337,6.981927710843373,2.66055563871058,1.2094294757893804,664
euftf,values,EE,0.04506754255097652,0.249405598328393,0.03965445644134846,0.3109000158467897,5.748091603053435,6.877862595419847,2.916114438198971,1.2780366534310084,655
euftf,values,ES,0.05132585893202154,0.19647005137373397,0.0782541053974809,0.04871479043508074,6.250393700787401,6.847244094488189,2.3660277648809167,1.4064871543682036,635
euftf,values,FI,-0.012359443851198278,0.7502021205824786,-0.0406485982179854,0.2948783602174962,5.584084084084084,6.86036036036036,2.0932369764400245,1.2601548499628856,666
euftf,values,FR,0.017988083499367546,0.6545907536357117,0.0404855782103392,0.3138022827894007,5.264090177133656,6.847020933977456,2.710400878262702,1.326204254160953,621
euftf,values,GB,0.05505848472988253,0.19567321522181477,0.03561286020602965,0.4028178384978204,5.26173285198556,6.7671480144404335,2.5589076898221457,1.2933003703135606,554
euftf,values,GR,-0.04761846169764685,0.23266680291250486,-0.05248348308422018,0.18830307427605117,5.141269841269842,6.880952380952381,2.327832218277317,1.19622580069579,630
euftf,values,HR,0.025369915646788435,0.5256868578767856,0.020265636474230405,0.6122280262073448,5.364649681528663,6.699044585987261,2.7948161237830074,1.4377677556618942,628
euftf,values,HU,0.023669034189026907,0.5503547131362473,0.0196933204523711,0.6192665572853734,4.499217527386541,6.607198748043818,2.798832495277309,1.4741273842774918,639
euftf,values,IE,-0.020207104268199157,0.6184094359273768,-0.04086787326139998,0.3135923955208318,5.260655737704918,6.786885245901639,2.5498497131105164,1.2465354825698982,610
euftf,values,IL,-0.0058720277710688695,0.897793139275747,-0.011437679900645944,0.8024300437675626,4.852390852390853,6.898128898128898,2.4615881351103694,1.3307331281480363,481
euftf,values,IS,0.004861530787328951,0.9034568369160889,0.0040001454695223464,0.920500055860427,5.7888,7.0544,2.378496616320098,1.1337977932142203,625
euftf,values,IT,0.09118458855005909,0.02055083615280981,0.090380034824271,0.021697867946922914,4.755038759689922,6.674418604651163,2.7053248975474986,1.5897712182453814,645
euftf,values,LT,-0.06757322778390067,0.08786794682900981,-0.03811281387234896,0.3361018536423657,6.084507042253521,6.743348982785602,2.788645984324788,1.3237102513128702,639
euftf,values,LV,-0.011811822194548103,0.7752015360979004,0.013968190096983687,0.7355760289202241,4.759795570698467,6.475298126064736,2.661548721395609,1.5732359549710107,587
euftf,values,ME,-0.001856055138273885,0.9622144147105935,-0.004769024998329023,0.9031146912916665,6.073394495412844,6.82874617737003,2.5241489291580956,1.2355254270786176,654
euftf,values,NL,0.04167715938432918,0.28500633997385794,0.06107173479582869,0.11700942895986713,5.615151515151515,6.95,2.307291498478391,1.2040334338644545,660
euftf,values,NO,0.03955137501509019,0.32707181295556914,0.0173930276334154,0.6665851604475969,5.191558441558442,6.943181818181818,2.1004823696467714,1.2077065300905496,616
euftf,values,PL,0.09894892998279603,0.0117303997117858,0.09850590329633445,0.012113737481548287,5.695987654320987,6.646604938271605,2.7218020578079396,1.45412727687368,648
euftf,values,PT,0.014285138629489552,0.7282582294464048,0.029898085473923874,0.46703773960793676,6.254208754208754,6.607744107744108,2.256194201167141,1.5817276491210142,594
euftf,values,RS,-0.0031751717243891286,0.9382906854875283,-0.02098864980772993,0.6087843329968032,4.772194304857622,6.596314907872697,3.562250444682217,1.468752776834342,597
euftf,values,SE,-0.025020478248100324,0.5284677748699423,-0.02638450017850491,0.5062280124508565,5.178963893249607,6.910518053375196,2.0883015412795647,1.1073649448740137,637
euftf,values,SI,0.0013489674008185424,0.9730863216125657,-0.006792881247959955,0.8650951248796674,5.662420382165605,6.810509554140127,2.5284452299253446,1.3223937003752495,628
euftf,values,SK,0.0895589737724247,0.024238084158139776,0.09545629958575257,0.01628909185451686,4.187993680884676,6.39652448657188,3.0211880343997977,1.5310459907345684,633
euftf,values,UA,0.021677355355178753,0.599245216692247,0.02248901052980923,0.5856388954858698,6.418644067796611,6.288135593220339,3.3172888973701107,1.6486949869067702,590
atchctr,attachment,AT,-0.0011530429130773498,0.9761811599670411,-0.0035327761175861956,0.9271127426217989,8.36255572065379,6.97369985141159,1.8586735238056054,1.376743746780995,673
atchctr,attachment,BE,0.06260113423198285,0.10262940545662325,0.07133031557402068,0.06283109474055144,6.365638766519824,7.139941262848752,2.417447592696918,1.126781985835635,681
atchctr,attachment,BG,-0.02892170385846712,0.4565294229937579,-0.02134087263680172,0.5827604964896274,8.003007518796993,7.196992481203008,2.3484146103642556,1.2947961095496188,665
atchctr,attachment,CH,0.06393884293240973,0.0959669353479094,0.11852266918863112,0.00197717230272786,7.812960235640648,7.184536082474227,1.826245059566351,1.247160567891406,679
atchctr,attachment,CY,-0.059596802909838785,0.11969638495931215,-0.027320394350159722,0.47595482627064106,8.24597364568082,7.215666178623719,2.1191337616105517,1.4992287224770557,683
atchctr,attachment,DE,0.03507243164768793,0.3611502759192207,0.0014661142596808377,0.9695591046125404,7.163235294117647,7.067647058823529,2.2452308750783114,1.2529130917407059,680
atchctr,attachment,EE,-0.03083121212286659,0.4235264335333794,-0.01730644835487695,0.653310074619375,7.846153846153846,7.355029585798817,2.1780045233432603,0.9724294885669063,676
atchctr,attachment,ES,0.049298213565369134,0.20015506754716214,0.06010466859897667,0.11819388581284446,7.7075332348596755,7.251846381093058,2.330049260628612,1.2088249172267809,677
atchctr,attachment,FI,0.017552140094698535,0.6479876117888429,0.01092142053018311,0.7763564004492561,8.637702503681885,7.208541973490427,1.5575843636890014,1.1707789660082841,679
atchctr,attachment,FR,0.03132335113791086,0.4168540240475179,0.021897206127802733,0.5703763140995176,8.14540059347181,7.275964391691395,1.715132692045162,1.215715947375627,674
atchctr,attachment,GB,-0.005536638413541184,0.8866779189078939,0.005542471007457531,0.8865593447231909,6.607518796992482,7.0172932330827065,2.67759625332233,1.4716452189065972,665
atchctr,attachment,GR,0.03052162112896313,0.42957339183314874,0.05616509693716645,0.14583452195181357,8.779761904761905,7.401041666666667,1.5989027356688408,1.2018175944389524,672
atchctr,attachment,HR,-0.009440325411117263,0.8064566856037814,-0.0019315365859564472,0.9600211388269699,7.791420118343195,7.309171597633136,2.3099110890974557,1.3184632671435808,676
atchctr,attachment,HU,0.03020984842004429,0.43361759303605657,0.0412835319562369,0.2845069294436198,8.186943620178042,6.974480712166172,1.9359909802394353,1.4561449788667467,674
atchctr,attachment,IE,0.008214807331549667,0.8316707388833903,-0.016193421903327888,0.6751960810610332,8.06547619047619,7.163690476190476,1.939901455399289,1.1500625575021892,672
atchctr,attachment,IL,0.023028640648628508,0.555107472148875,0.016682634095817526,0.6690322750098562,7.5341426403641885,7.466312594840668,2.991371022391667,0.9322751687575179,659
atchctr,attachment,IS,-0.02024060524562215,0.5990789583586614,0.00023257758112645572,0.9951805629440761,8.129985228951256,7.5079763663220085,1.7703012229278485,1.0775938348066976,677
atchctr,attachment,IT,0.05947735456567201,0.12320181851404192,0.04941144574110429,0.20045970049655518,7.833580980683506,7.364487369985142,2.1531265575834273,1.3051986530876414,673
atchctr,attachment,LT,-0.043426233553138176,0.26058460888600904,-0.03220114248862408,0.4042622350020661,7.765230312035661,7.102228826151561,2.335322193185466,1.330115158347365,673
atchctr,attachment,LV,0.0022214882126704604,0.9542994916192993,0.006508253584774165,0.8666642431235437,8.175149700598803,7.099550898203593,2.273802132876819,1.440280387322947,668
atchctr,attachment,ME,0.03868314393885108,0.3163256710451128,0.022250072452120014,0.5644697867414115,7.435364041604755,7.358098068350668,2.5081528774896937,1.0211297180488739,673
atchctr,attachment,NL,0.018985343008681876,0.6214149334668854,-0.020566468824792607,0.5926619127515097,7.007363770250368,7.149484536082475,1.9556148574606576,1.1620710072712663,679
atchctr,attachment,NO,0.03216940861978362,0.40228406385390864,0.04009905568078534,0.2964152404823896,8.420588235294117,7.255294117647059,1.7006070841460819,1.0952844037734861,680
atchctr,attachment,PL,0.06680905606475064,0.08283449458699016,0.09796737810008291,0.010875369337073677,8.315555555555555,7.002222222222223,2.0555298026385103,1.4318062852138356,675
atchctr,attachment,PT,0.010902727940342924,0.776568461704249,-0.006024153086464791,0.8754000282455207,8.379411764705882,7.420588235294118,1.9417556411947812,1.286162771798712,680
atchctr,attachment,RS,0.022510255033849833,0.5593389921301004,0.02414026795642474,0.5312418996887001,8.026666666666667,7.038518518518519,2.7240875204352557,1.3623805958724133,675
atchctr,attachment,SE,-0.03308659068215922,0.3886452866563599,-0.004779861528174641,0.9009140824905791,7.834067547723936,7.164904552129222,2.155788934641959,1.2033477926160638,681
atchctr,attachment,SI,-0.04869758298161289,0.20569835176967577,-0.03659748384289379,0.34170745611523184,7.809453471196455,7.1683899556868536,2.2500557185028485,1.3673082576281956,677
atchctr,attachment,SK,-0.01300604592686624,0.735705607104389,-0.03673603116217873,0.3402400382070983,7.5517751479289945,7.029585798816568,2.3972786638873687,1.3558696998598456,676
atchctr,attachment,UA,-0.0029186188252373255,0.940117070503146,0.03017177403364997,0.4372941691129304,8.396992481203007,7.64812030075188,2.2290503897408023,1.4129671369441847,665
atcherp,attachment,AT,0.07163230135091758,0.061722873526891965,0.045442518220935556,0.2362942496482579,6.47136563876652,7.350220264317181,2.4565912627639457,1.178996624103554,681
atcherp,attachment,BE,0.025655615329263918,0.5057777006844918,0.026655439552486546,0.48933435465335734,5.8059259259259255,7.294074074074074,2.421336994961581,1.0753346703508633,675
atcherp,attachment,BG,0.038171672836279036,0.32531053832226153,0.017931906725274522,0.644127134129756,4.564564564564565,7.001501501501502,2.7523670533882334,1.4661588598284228,666
atcherp,attachment,CH,-0.026153050270986848,0.4969219706510502,-0.03728611765115113,0.3326949441456639,6.1063515509601185,7.44903988183161,2.282666446723728,1.0117591715364638,677
atcherp,attachment,CY,0.007205719812204229,0.8524211812310862,-0.0009182911280179028,0.9810861474178807,5.207772795216742,7.266816143497758,2.6412547999692473,1.4482713825741738,669
atcherp,attachment,DE,0.018275636049857696,0.634264448030806,-0.0077723197949695014,0.8396763564077385,6.55,7.340441176470589,2.401000037110212,0.9624296295427959,680
atcherp,attachment,EE,0.03911131252966988,0.3124425146071563,0.0243938941549188,0.528784404888373,5.753363228699552,7.4641255605381165,2.641874032254101,1.0153308459442767,669
atcherp,attachment,ES,-0.015761548722287123,0.682267535691828,0.020161567062279874,0.6005065973610945,6.672082717872969,7.311669128508124,2.283592869912344,1.184051947603003,677
atcherp,attachment,FI,0.08278605548141124,0.03126006482785359,0.03898964643581191,0.3110645437809503,6.90546528803545,7.408419497784343,1.926132103294225,0.9939327844347945,677
atcherp,attachment,FR,0.0046238015828750255,0.9049099050217143,-0.006497739820296786,0.8666796193638153,6.1626865671641795,7.390298507462687,2.4741615916775914,0.9744010005450734,670
atcherp,attachment,GB,0.01199069826853501,0.7588390012137395,-0.021072734398673677,0.5894869789357786,4.7051671732522795,6.873100303951368,2.7500663978730984,1.2869523634004516,658
atcherp,attachment,GR,-0.02670301883511911,0.4921364936123297,-0.05067821004623612,0.19214365900892463,5.204819277108434,7.404367469879518,2.425401205576916,1.071133183191878,664
atcherp,attachment,HR,-0.0041426923033580955,0.91495528664688,-0.01638237802857618,0.672782949421042,6.011994002998501,7.268365817091454,2.7035467884246462,1.2932967155705026,667
atcherp,attachment,HU,0.07428892746970686,0.05353182039232609,0.06635628426616993,0.08471310137271083,7.258875739644971,7.062130177514793,2.340527558625328,1.4154651283925634,676
atcherp,attachment,IE,-0.06180286731238993,0.10839796266493677,-0.07795457596886568,0.042749209675268,5.931952662721893,7.075443786982248,2.398416089217032,1.419521237425521,676
atcherp,attachment,IL,0.07759428398064144,0.04747656816369981,0.040292368517942746,0.30391664041408684,2.45635528330781,6.858346094946401,2.3628016169247337,1.32354041252727,653
atcherp,attachment,IS,0.05242201534066191,0.1733916986980465,0.04377283512999543,0.2557338781486099,6.298816568047338,7.477810650887574,2.1907681904027747,0.9930627220975137,676
atcherp,attachment,IT,0.06665770869394486,0.08562993630766041,0.01627932360971959,0.6749539991795528,5.767267267267267,7.358108108108108,2.287897687662775,1.2079568384811634,666
atcherp,attachment,LT,0.074306016362377,0.056959951728508686,0.042720459962472854,0.2742070911296811,5.888888888888889,7.248097412480974,2.7215515461640964,1.20691612263724,657
atcherp,attachment,LV,0.08526957382986639,0.028251079584557984,0.08503446130348613,0.0286906483739275,5.232628398791541,7.264350453172206,2.83435142455218,1.2380983604783422,662
atcherp,attachment,ME,0.018290417025881977,0.6360001058239044,0.0038587387027694546,0.9204681085319575,4.855654761904762,7.368303571428571,2.4161029922187893,1.0699073501062457,672
atcherp,attachment,NL,-0.03984893062900069,0.3005132068152921,-0.028783490947300046,0.45464412714713465,5.819793205317578,7.410635155096012,2.1462830024028676,0.9755467492060805,677
atcherp,attachment,NO,-0.04930235840487581,0.19978401971129875,-0.0381291331706642,0.32151401495903786,6.68141592920354,7.466814159292035,2.134746599454319,1.0128446263862556,678
atcherp,attachment,PL,0.016318580104574907,0.6744465952334233,0.009230714106866019,0.8121951190015433,6.863157894736842,7.269924812030075,2.3601062388090583,1.2537885336488523,665
atcherp,attachment,PT,0.026218828570898172,0.4974414047014503,0.018039411917628565,0.640641268031592,6.75,7.356398809523809,2.1980888596399653,1.2768093646585046,672
atcherp,attachment,RS,0.05641404464067993,0.14800688719828345,0.036114247138349556,0.3546379947290733,3.534142640364188,6.854324734446131,3.0710882872976164,1.4936619768455672,659
atcherp,attachment,SE,-0.05122862268376497,0.1821063755664584,-0.03411201489022802,0.37445767489970955,6.614705882352941,7.364705882352941,2.2334493361013306,1.1449144395532795,680
atcherp,attachment,SI,-0.05850594440963629,0.12916995385201077,-0.04009257286413543,0.29864217025397044,6.001483679525222,7.318249258160237,2.6675638240359523,1.112194685970796,674
atcherp,attachment,SK,0.09612945133119517,0.01279696403163625,0.07806274802387403,0.043392286506601735,5.995522388059701,7.125373134328358,2.806405913480267,1.395577392397508,670
atcherp,attachment,UA,0.035746625669156165,0.3684933044585747,0.03229446120479659,0.41656025730945306,5.584251968503937,6.692125984251969,3.150845492580556,2.0266600976225297,635
health,health,AT,-0.1612669715302053,2.2268444333487204e-05,-0.21791028723882702,8.30111192482634e-09,2.102189781021898,3.5794890510948902,0.9309860170434934,0.6793414866682302,685
health,health,BE,-0.052078921340601304,0.17368040414664834,-0.07903846876253685,0.03877401274350161,2.095029239766082,3.627713793245356,0.8442581012090484,0.6693731849272927,684
health,health,BG,-0.23333363845890168,7.131033058117181e-10,-0.26191816215759567,3.81055004377766e-12,2.0499265785609397,3.5320851688693105,0.881428066139169,0.5633819087337981,681
health,health,CH,-0.06897929030930815,0.07140537461101787,-0.05027411443901706,0.18909388252553225,1.878654970760234,3.733929204324561,0.7409071668089345,0.5567448481868809,684
health,health,CY,-0.2086448065446962,3.5567855017910917e-08,-0.2219433802770805,4.316396462908919e-09,2.0423357664233577,3.5592700729927005,0.9806402780491646,0.5989191471227142,685
health,health,DE,-0.08185260998884743,0.03257704276516698,-0.12790621409626315,0.0008142034255908986,2.310850439882698,3.6856304985337243,0.8839403395334051,0.5998031724216157,682
health,health,EE,-0.09651872677981713,0.011922437799001262,-0.11735962462129157,0.0022074259844743994,2.370206489675516,3.7013274336283186,0.7933234796816789,0.6015474939345915,678
health,health,ES,-0.13748406522099935,0.00031067006198641365,-0.13934445482487182,0.00025666799211389047,2.283625730994152,3.653143274853801,0.9581098768644156,0.5541943646327737,684
health,health,FI,-0.05989604323644443,0.11730818092084838,-0.0825474063646396,0.030756079690993136,2.2554744525547443,3.6221978913219783,0.8274281746561418,0.5982236940318387,685
health,health,FR,-0.13576102920381736,0.00038119844840428356,-0.17046293098555182,7.712903925395697e-06,2.196769456681351,3.6551395007342147,0.899045975403518,0.5902417397925022,681
health,health,GB,-0.0703562602607724,0.06611855764601268,-0.07230741940382238,0.05893030243366653,2.2371888726207905,3.646778916544656,0.9683975658305315,0.5397035593627799,683
health,health,GR,-0.23955749870058068,2.271547759869803e-10,-0.24970749818169422,3.613784657459413e-11,1.6661786237188874,3.5683748169838942,0.8031177574114877,0.6242613183732316,683
health,health,HR,-0.2231918276924147,3.905625324463798e-09,-0.2818726040937594,6.64404980029229e-14,2.1277533039647576,3.5489720998531578,1.0709296830839974,0.6851462708471318,681
health,health,HU,-0.16662893223208422,1.2370729714647237e-05,-0.20438449230281788,7.419091570239514e-08,2.2055800293685754,3.511233480176211,0.9573391401419072,0.5994317945264449,681
health,health,IE,-0.042947299312997095,0.2630508882793524,-0.07296682914003833,0.05701705365679345,1.9412628487518355,3.5888399412628487,0.8381093164958655,0.6719322264861128,681
health,health,IL,-0.13665674456344332,0.0003590090773955667,-0.1607792358005179,2.5980657704322203e-05,1.7300884955752212,3.77884300229433,0.9780502374103653,0.5031423347221502,678
health,health,IS,-0.057768972484994886,0.13234569239626917,-0.028874701062409195,0.45221251995169787,2.0161764705882352,3.777504728860929,0.907197580686171,0.6436926501517327,680
health,health,IT,-0.26398329464716047,2.4529563716554047e-12,-0.29926184971803854,1.4094770466065802e-15,2.1730205278592374,3.5897360703812313,0.8599282640167922,0.6018365827886947,682
health,health,LT,-0.24501026368039844,8.548494028632644e-11,-0.2745524916387791,2.8167622675952465e-13,2.398243045387994,3.5931185944363104,0.808385208087482,0.5791307792906324,683
health,health,LV,-0.12108948060363854,0.0015842407289859545,-0.17235124049172915,6.382923421608248e-06,2.784660766961652,3.4762536873156344,0.8354767361374492,0.6090924604324535,678
health,health,ME,-0.15276750197353106,6.25941483504671e-05,-0.19639419726107588,2.390591404888422e-07,2.1071953010279003,3.618942731277533,0.8737804467681556,0.6442969706752878,681
health,health,NL,-0.10023776288781415,0.008755731080557034,-0.08986642991533363,0.01882158096417217,2.1346998535871156,3.7691399158257552,0.7361702570171482,0.551472653489912,683
health,health,NO,-0.03385090994721352,0.3763731913559765,-0.036088994742149966,0.3456187289510238,2.013138686131387,3.79978102189781,0.8941670564777502,0.5771001149036112,685
health,health,PL,-0.2339456542747744,6.419019844570228e-10,-0.26348191235733476,2.8079213342398065e-12,2.198237885462555,3.6206371163443025,0.8191080922910594,0.5551530295729238,681
health,health,PT,-0.1876400475858056,8.1591075180464e-07,-0.21828495925079108,8.641631221719738e-09,2.474302496328928,3.550807635829663,0.8959059608655069,0.6203201922255834,681
health,health,RS,-0.10683717171591865,0.005256331753905729,-0.10948382440707312,0.004230513995944663,2.384728340675477,3.5243759177679883,1.0255566456542637,0.5702429303853642,681
health,health,SE,-0.10540971998284444,0.005825492232064657,-0.12800615858385112,0.0007993410036254638,2.0790629575402635,3.7766834467740034,0.8456639449336489,0.5302816227981401,683
health,health,SI,-0.21521164033901954,1.40777853160879e-08,-0.23547391154257238,4.929854779647487e-10,2.18208516886931,3.606828193832599,0.8972354919583342,0.6355182564354563,681
health,health,SK,-0.21541856707279808,1.329665388544862e-08,-0.22516799874118038,2.7472929446853427e-09,2.3958944281524928,3.482921379695573,0.8781141390014644,0.5805708022008744,682
health,health,UA,-0.128650453048167,0.0007861166610729649,-0.16116688202502427,2.4825178098390765e-05,2.7551622418879056,3.4326040642412323,0.8690959769010395,0.6042363301078367,678
rlgatnd,religion,AT,0.1063658261509938,0.0055302164859899975,0.12403552955295719,0.0012010486291549143,5.4138438880706925,2.9734904270986746,1.2936820992126346,0.9051824142565498,679
rlgatnd,religion,BE,-0.010635897770675373,0.7815834079635691,-0.00012057410067748386,0.9974922273091313,6.171554252199414,3.06891495601173,1.329065205639258,0.8375905912978099,682
rlgatnd,religion,BG,-0.005934222107131959,0.8772452816065266,-0.005245266222866383,0.8914030202728512,5.302941176470588,2.8970588235294117,1.2586046213962852,0.9453351227610054,680
rlgatnd,religion,CH,0.00870754876397831,0.8204346827502519,0.006920965593777421,0.8568287233898185,5.717008797653959,3.029325513196481,1.322116566083751,0.8494737852343631,682
rlgatnd,religion,CY,0.009681983662479188,0.8005974209574855,0.023110621456112906,0.5465396825806571,4.320644216691069,3.005856515373353,1.3874061309002539,0.8424031518762649,683
rlgatnd,religion,DE,-0.0563992162528545,0.1409062658068611,-0.05418384279295569,0.15721499071532472,6.048316251830161,3.0234260614934114,1.2225913321822954,0.8245012559953954,683
rlgatnd,religion,EE,-0.040904135845695896,0.285397642069684,-0.06638611962874966,0.08274771879225598,6.007309941520468,2.9576023391812867,1.085619733334903,0.8502608916959947,684
rlgatnd,religion,ES,0.07426228257340221,0.05273777441363008,0.08558709439205563,0.025517628226026365,5.844346549192364,3.0704845814977975,1.5182714311184857,0.8800206716222685,681
rlgatnd,religion,FI,0.006470954089464349,0.8658519856481405,0.010878875257208707,0.7764046188021433,5.847953216374269,2.9839181286549707,1.1480374331996788,0.8528851211567066,684
rlgatnd,religion,FR,-0.030461877134990066,0.4287611537699826,0.0032296085554835118,0.9331543543082366,6.16248153618907,3.050221565731167,1.264049465726541,0.7885013749459335,677
rlgatnd,religion,GB,0.007545971224964127,0.8440581425792537,0.010419150562591776,0.785925210504724,5.900293255131965,3.0175953079178885,1.5391226696690687,0.9098811917609847,682
rlgatnd,religion,GR,0.10679496889559294,0.005444549177504382,0.09969251594779582,0.009495692712899038,4.539940828402367,3.029585798816568,1.195002927399567,0.8497566396926424,676
rlgatnd,religion,HR,0.010651853270674649,0.7814209810048164,0.02305893889442313,0.5480265306159305,4.961820851688693,2.9809104258443466,1.4271564396213903,0.9193602599378039,681
rlgatnd,religion,HU,0.13043644197890591,0.0006810891567894515,0.12553121620886876,0.0010819994795709044,5.567407407407408,2.973333333333333,1.4400394421336309,0.8863622183937251,675
rlgatnd,religion,IE,0.022869779935654554,0.5521963507450879,0.027460066971110166,0.4753308442177625,4.876106194690266,2.949852507374631,1.6537826121182706,0.9290129013249859,678
rlgatnd,religion,IL,0.025544354723523382,0.506051596008431,-0.0071350369939981,0.8526650841903801,5.136764705882353,3.1088235294117648,1.9845800564652956,0.8389865711697274,680
rlgatnd,religion,IS,0.056388961075630684,0.14156406668878832,0.056647335954520775,0.13974593773472152,6.1071953010279,2.9823788546255505,1.165165188380249,0.8793284087164164,681
rlgatnd,religion,IT,0.10592777771960739,0.005764672398940176,0.12567125790407319,0.0010408196969021153,4.6932153392330385,2.9734513274336285,1.618846166479224,0.882726175312419,678
rlgatnd,religion,LT,-0.011178537121698043,0.7712359842962434,-0.00011037990811860518,0.997709325115176,5.119293078055964,2.933726067746686,1.182054396747214,0.8518742766732209,679
rlgatnd,religion,LV,0.011062312082174303,0.7733866257985537,0.014497625668382601,0.7058941101698312,5.7897058823529415,2.9691176470588236,1.226203800434898,0.8233981374561025,680
rlgatnd,religion,ME,0.04082409277478954,0.2902648886620831,0.05089151959139459,0.18728932835354442,4.2481426448737,3.028231797919762,1.6786297639396441,0.8313639787947201,673
rlgatnd,religion,NL,0.035350707029673085,0.35593503582351654,0.014930400980853869,0.6966931829419619,6.165204678362573,3.074561403508772,1.4552031507234968,0.8701974401271725,684
rlgatnd,religion,NO,0.00915313153572188,0.8118233632228049,0.032695448267470825,0.39497852055108423,6.076583210603829,3.0765832106038293,1.184970826625571,0.8183169224801632,679
rlgatnd,religion,PL,0.035221523152967116,0.36196390700914777,0.04183881890299823,0.278790126881188,4.380952380952381,3.0833333333333335,1.4843827795346862,0.7886426806196725,672
rlgatnd,religion,PT,0.12522478285815303,0.001039611976177924,0.1388092171839264,0.0002740585641157868,5.265007320644217,2.9165446559297217,1.6721952816772423,0.8900254085371011,683
rlgatnd,religion,RS,-0.03381663316015103,0.37861051613390184,-0.0559763027132244,0.14480160599311884,5.08235294117647,2.975,1.1812154166457225,0.9069970195760746,680
rlgatnd,religion,SE,0.05559178813372305,0.14728796236837885,0.05095402748776818,0.18414006687855433,6.039647577092511,2.976505139500734,1.1806836973815227,0.9104169069491409,681
rlgatnd,religion,SI,0.0750546132210667,0.050085915139458974,0.06808511240652919,0.07559257252075297,5.425219941348973,2.9868035190615836,1.392599602181222,0.9107622404055505,682
rlgatnd,religion,SK,0.028391518100372076,0.46214540681834837,0.021681477777649297,0.574465871179005,4.716196136701337,2.9524517087667164,1.6756277528839907,0.873279307001208,673
rlgatnd,religion,UA,-0.006600294154083036,0.8644951191988064,0.0017791305554460196,0.9633101572965231,4.950819672131147,3.0357675111773474,1.4697837434493388,0.8953791656867419,671
aesfdrk,safety,AT,-0.07449832103569946,0.05198766185344046,-0.05890881401114144,0.12458920026669809,1.7738619676945668,2.8604992657856094,0.7408011789956982,0.41257339854944186,681
aesfdrk,safety,BE,-0.0032216668173702958,0.9330722302621715,-0.023063924165565415,0.547645203499743,1.966275659824047,2.909824046920821,0.7530889304165458,0.34743486038523996,682
aesfdrk,safety,BG,-0.03599617663387755,0.350777181284676,-0.04521685105937785,0.24106924235188062,2.473293768545994,2.750741839762611,0.8567703341032806,0.5534232640420351,674
aesfdrk,safety,CH,-0.0927346153557055,0.01526127844638423,-0.07643957515979483,0.04567089088034413,1.641812865497076,2.969298245614035,0.6836772418903135,0.266079566138934,684
aesfdrk,safety,CY,-0.09795327791148478,0.010595674666676621,-0.09528485866667412,0.012925631966179527,2.213235294117647,2.833823529411765,0.8068930597950521,0.46405724791501607,680
aesfdrk,safety,DE,-0.0686234384353985,0.07267229174820018,-0.08078825318058198,0.03451307450972802,1.9138686131386862,2.932846715328467,0.7627265727752759,0.2922261523722287,685
aesfdrk,safety,EE,0.0016915756155563661,0.9648289074378246,0.02084356831747725,0.5868592404132948,1.752199413489736,2.903958944281525,0.6356072874862875,0.36747203805525325,682
aesfdrk,safety,ES,0.04487918917263827,0.24146750962809246,0.06438159617811336,0.09271854683153892,1.8784773060029283,2.849194729136164,0.7628792661866506,0.448959463487379,683
aesfdrk,safety,FI,0.0067151055982851895,0.8607400982207903,0.0060584067370291214,0.8742396829724873,1.6379562043795621,2.9255474452554746,0.6261984284261259,0.36011474720162384,685
aesfdrk,safety,FR,-0.09908728063042621,0.009886871491684024,-0.09866625675968545,0.010206734886816738,1.9571639586410634,2.897341211225997,0.8615365339956037,0.35483810413797856,677
aesfdrk,safety,GB,-0.0013965024896027097,0.9710680424680899,-0.005330635919632508,0.8898897754906316,1.9881831610044314,2.9017725258493354,0.7843754019193533,0.3859934408052113,677
aesfdrk,safety,GR,0.03962734738353967,0.30107025437343005,0.052023773681037,0.17445334088909092,2.199121522693997,2.787701317715959,0.836238850346807,0.5253356573533003,683
aesfdrk,safety,HR,-0.027566883042358502,0.4739422566167546,-0.03286651683643962,0.39320936916681504,1.602658788774003,2.812703101920236,0.6250623805321506,0.47929119467719994,677
aesfdrk,safety,HU,-0.014724317243814006,0.7017237552415179,-0.016477537676162446,0.6682117652389243,1.865979381443299,2.7908689248895433,0.6057786180507879,0.501183536313057,679
aesfdrk,safety,IE,-0.04836713001405967,0.20947134227583783,-0.037543466798182254,0.33008463922301706,1.9214814814814816,2.9133333333333336,0.8087416669464784,0.3449078490442689,675
aesfdrk,safety,IL,-0.004581427018557244,0.9050077353196002,0.0019465599588785706,0.9595612998842478,2.001468428781204,2.9126284875183552,0.8702590313937457,0.3366168073801385,681
aesfdrk,safety,IS,-0.007478963434050463,0.845200957904744,-0.009845303171432382,0.7971607346735188,1.4400584795321638,3.002923976608187,0.6499717278014249,0.26508417969251896,684
aesfdrk,safety,IT,-0.07557573019023163,0.04968297110682038,-0.0765395585073241,0.046835249287660356,2.22962962962963,2.805925925925926,0.7831756545920643,0.47422636717487754,675
aesfdrk,safety,LT,-0.03546746897982024,0.35861937989235343,-0.0513194911449951,0.18392974165307133,2.1086309523809526,2.824404761904762,0.6720632870589677,0.44900911256516857,672
aesfdrk,safety,LV,-0.06993799668025387,0.07127728826384272,-0.0824821124554116,0.03331696523274983,2.1126126126126126,2.803603603603604,0.7722188069424171,0.48643455208350356,666
aesfdrk,safety,ME,-0.004711555160201842,0.9032585575089485,0.02802567846880902,0.4696008751365883,1.9281437125748504,2.9011976047904193,0.6600064719636258,0.35798671152912337,668
aesfdrk,safety,NL,-0.009182236283522298,0.8110994259319815,0.013920421548769138,0.7170905771443977,1.8235294117647058,2.9311764705882353,0.6611717289012954,0.305374197222365,680
aesfdrk,safety,NO,-0.005887353411919586,0.8777621501664373,0.016191330863080677,0.672279601044524,1.418978102189781,2.98978102189781,0.6102838049786345,0.23077693323674894,685
aesfdrk,safety,PL,0.02752352311198352,0.4756223832395258,0.028060669012185853,0.4670493450495529,1.7626112759643917,2.841988130563798,0.6021479681636399,0.4230044240914717,674
aesfdrk,safety,PT,-0.0638006635959863,0.09619696770287921,-0.07992370064430865,0.03705187394765748,2.0176211453744495,2.81791483113069,0.6793038675684042,0.46876157093202003,681
aesfdrk,safety,RS,0.08874943522423359,0.020916803716240058,0.07201116195733283,0.06111759561071355,1.7031019202363369,2.7843426883308715,0.7431377244271222,0.5080913823370637,677
aesfdrk,safety,SE,-0.003348681723482533,0.9303381083793798,0.022691640167416965,0.553546464363667,1.6491228070175439,2.97953216374269,0.7338195804809474,0.24564568245052704,684
aesfdrk,safety,SI,-0.05830284440921191,0.12965070974254653,-0.06100323841757817,0.11278448934694868,1.58493353028065,2.8493353028064994,0.6012392552261909,0.43621591080297273,677
aesfdrk,safety,SK,-0.004598895452387017,0.9053492142499819,0.00867693791968437,0.8224852310224786,2.187779433681073,2.7704918032786887,0.6957652196180308,0.504688078198799,671
aesfdrk,safety,UA,0.05094893926903083,0.19766133666844282,0.06282086971270098,0.11206881125489569,2.0717628705148208,2.6911076443057724,0.8165274298403865,0.5712367525440728,641
hincfel,income,AT,0.06643350628770046,0.0836621958141088,0.062278097393438044,0.10493110383043808,1.8527245949926363,2.795287187039764,0.7360025766067503,0.4985893359835626,679
hincfel,income,BE,-0.01396884203957835,0.7163494513853506,-0.032221109987390896,0.4018754857083484,1.7658321060382915,2.8284241531664214,0.8341594473297367,0.4785385412513414,679
hincfel,income,BG,-0.13866238450646226,0.0002899955822878551,-0.14310157662388215,0.000183078955138724,2.5346097201767304,2.7422680412371134,0.8578431067710356,0.5510741819452528,679
hincfel,income,CH,-0.0821131532202281,0.032793976454311057,-0.08438895877969245,0.028237780507217813,1.5754437869822486,2.883136094674556,0.7150782053722363,0.3920841774307408,676
hincfel,income,CY,-0.026306513347277134,0.5011974110957401,-0.034588368210304164,0.37644276957301454,2.096036585365854,2.788109756097561,0.8832190387526713,0.5027364144748462,656
hincfel,income,DE,-0.007381998418665613,0.8476267253153978,-0.026973503407915884,0.4825440913187936,1.5735294117647058,2.8779411764705882,0.6606146214498217,0.4219128850171951,680
hincfel,income,EE,-0.07228581506068121,0.0590061984730383,-0.07435357878295709,0.052100038010260176,1.9267935578330893,2.8535871156661785,0.6874873263472254,0.45203792623470396,683
hincfel,income,ES,-0.03467395460433076,0.36592878655816474,-0.04663748503084227,0.2238433578173761,1.8519061583577712,2.778592375366569,0.8147344657152295,0.5386220640405432,682
hincfel,income,FI,0.0010887980556673939,0.977357518960887,-0.0031728338700086813,0.9340843752962564,1.7976539589442815,2.878299120234604,0.6682172639178168,0.4143158240106894,682
hincfel,income,FR,-0.05607092252310411,0.14412251827233793,-0.06219594945290518,0.1051341207097797,1.7176470588235293,2.801470588235294,0.7279282799137966,0.5094085764965048,680
hincfel,income,GB,0.024493037085762587,0.5274203372743803,-0.0005198330817180317,0.9893004606723044,1.8083832335329342,2.8592814371257487,0.8407473774933482,0.43596290072588273,668
hincfel,income,GR,-0.06367012530153697,0.09811977160120118,-0.07592536689772028,0.048466504850073276,2.4837278106508878,2.7544378698224854,0.7705899672686191,0.5646850139883395,676
hincfel,income,HR,-0.14524563749954025,0.00015616115030252602,-0.16994273568436113,9.302428211179875e-06,1.8365527488855868,2.726597325408618,0.7753846994294173,0.5559391291233735,673
hincfel,income,HU,-0.08255047390265188,0.03174582181215388,-0.10919218131367905,0.004450149628626848,2.2171344165435745,2.757754800590842,0.6998322292272832,0.5221028646988756,677
hincfel,income,IE,-0.07113312790927491,0.06375901792078477,-0.0910710823655506,0.017529370938861484,1.8455882352941178,2.8588235294117648,0.8484472213066517,0.4349378416537238,680
hincfel,income,IL,0.0640764885916776,0.10479151390863711,0.05892396228721173,0.13586037204693555,1.9641744548286604,2.8457943925233646,0.8973665862460317,0.47353295061645,642
hincfel,income,IS,-0.06560736365732558,0.08758751969570808,-0.058242386430273574,0.12948158757823647,1.4904270986745214,2.8924889543446244,0.7263353851038509,0.40852221927194543,679
hincfel,income,IT,-0.05150695187873424,0.18629919487803517,-0.06338608555029461,0.10374399230349524,1.9015151515151516,2.772727272727273,0.7639432135031297,0.5311382842052949,660
hincfel,income,LT,-0.044250128012634324,0.251993813374578,-0.06750583313702586,0.08034489522929378,1.9880952380952381,2.7373511904761907,0.6947801568309386,0.5866021345519259,672
hincfel,income,LV,-0.033189612839571926,0.3921115466516966,-0.06310885881862802,0.10343216816917492,2.52023988005997,2.8050974512743627,0.7907847260232694,0.47877262476537386,667
hincfel,income,ME,0.008354587897495203,0.8335756954572179,0.018046394384951956,0.6499038404309918,2.5653543307086615,2.831496062992126,1.0125691122384146,0.46480225221007093,635
hincfel,income,NL,-0.025641601549606416,0.5066434035619947,-0.04862113525813718,0.2077625617462873,1.3922734026745913,2.8803863298662704,0.62967279590407,0.4075571453399035,673
hincfel,income,NO,0.04402740900339058,0.25052556653778935,0.03871645903601609,0.31232676750819,1.5124450951683748,2.9194729136163984,0.6639482639490677,0.3603741340523638,683
hincfel,income,PL,-0.0589524019861314,0.12514541283538583,-0.08260264093856962,0.03151167671192135,1.9365781710914454,2.7831858407079646,0.5546538188141845,0.5115047436563713,678
hincfel,income,PT,-0.0987502581406473,0.00997616346617473,-0.12203071444045016,0.0014314166298601296,2.2985294117647057,2.7147058823529413,0.8323348721157006,0.5569918960609488,680
hincfel,income,RS,0.03463581881716961,0.36787098052920875,0.036841112476797576,0.3381434814943737,1.9646017699115044,2.7168141592920354,0.7639886417503852,0.5695735772900011,678
hincfel,income,SE,0.009917793606400596,0.7958467507858883,0.004984954627872011,0.896534526281853,1.363103953147877,2.896778916544656,0.6053890676213879,0.3904522410189407,683
hincfel,income,SI,-0.04911407123813501,0.20117551455017396,-0.06103330388283548,0.11207520787203648,1.5287187039764358,2.8129602356406482,0.7298825877134523,0.48767395342292175,679
hincfel,income,SK,-0.10256814670526342,0.0075212553061399555,-0.11307198227277089,0.0031958410247555557,2.28023598820059,2.7389380530973453,0.7958117491539157,0.5139013397519633,678
hincfel,income,UA,-0.1433448564842843,0.00021295428177583504,-0.15126367886786868,9.228598648558127e-05,2.9260935143288083,2.7458521870286576,0.9043187603079357,0.5529734147801944,663
