variable,domain,cntry,r_pearson,p_pearson,r_spearman,p_spearman,human_mean,silicon_mean,human_sd,silicon_sd,n_valid
ppltrst,social_trust,AT,0.07233458624315983,0.05920797357238643,0.09059436598756346,0.018046167830608306,5.86784140969163,6.834214390602057,2.1584668193201964,1.6377498932354129,681
ppltrst,social_trust,BE,0.1469861049649395,0.0001155893259835131,0.13729307755413162,0.0003200138750493059,5.6398243045387995,7.220937042459736,2.1214574677017826,1.4104400221731652,683
ppltrst,social_trust,BG,0.13734820166081066,0.0003247651833545111,0.1268795327855221,0.0009054033294187905,3.709251101321586,6.381204111600588,2.3931371602433815,1.8687127578931122,681
ppltrst,social_trust,CH,0.1578706246126151,3.454250140777593e-05,0.13057890783387197,0.0006297273244344821,5.853372434017595,7.425659824046921,2.116065824072765,1.143596712414347,682
ppltrst,social_trust,CY,0.12300233697792039,0.001267262099254041,0.1396406113472355,0.0002489288790202691,4.057017543859649,6.500438596491228,2.4976640084206077,1.9996302251215587,684
ppltrst,social_trust,DE,0.029596293898073705,0.43964248410109663,0.04452554073707977,0.24485348123663092,5.381578947368421,7.205847953216375,2.234891651753146,1.3740198733205593,684
ppltrst,social_trust,EE,0.11662818375283121,0.0022500383456468026,0.06984758543923969,0.0679044526709479,5.716374269005848,7.457748538011696,1.9930246620021188,1.1401169526897013,684
ppltrst,social_trust,ES,0.08723831766360306,0.02260283330232926,0.06673002470400892,0.08138799276052096,5.338213762811128,6.824890190336749,2.1439653496533286,1.6600254682904227,683
ppltrst,social_trust,FI,0.08263213930069427,0.030829331660439434,0.10117543741305614,0.008142679999888278,7.0,7.50497803806735,1.813116110271351,1.1900756984909269,683
ppltrst,social_trust,FR,0.14148015285201987,0.00021690825434550183,0.14461889568779251,0.00015596260991496374,4.546391752577319,6.936671575846834,2.1562451863205863,1.5833652586882676,679
ppltrst,social_trust,GB,0.07170718126329145,0.06125960708407286,0.03500676562528386,0.3613430027043742,5.439882697947214,6.807624633431085,2.29793854837833,1.6487437267550655,682
ppltrst,social_trust,GR,0.033492623652887146,0.38214704961652624,0.004337647921962408,0.9099083496330559,4.519765739385066,6.808199121522694,1.9247131646445055,1.480505820731269,683
ppltrst,social_trust,HR,0.051995237465249755,0.17532496746687126,0.04754912188398642,0.21524839045267233,4.701908957415565,6.631864904552129,2.362852064758679,1.8848851312992438,681
ppltrst,social_trust,HU,0.16682891959633467,1.1720910662172803e-05,0.13620784866854532,0.0003572237467663999,4.483162518301611,6.5992679355783315,2.485900525114219,1.858447320417778,683
ppltrst,social_trust,IE,0.10651655726806643,0.005428938969050883,0.09338774018193446,0.01484659347386285,5.411764705882353,7.026470588235294,2.4795796006786177,1.6147896763021021,680
ppltrst,social_trust,IL,0.22994998695509816,1.2340193432335084e-09,0.25076026061164514,3.072586605194559e-11,5.2082111436950145,6.378005865102639,2.3778326542387984,1.6030853548344786,682
ppltrst,social_trust,IS,0.14679669399358294,0.00011663072261919144,0.12878264046801333,0.0007354509990720757,6.565789473684211,7.574707602339182,2.048475301185476,1.0837630617966674,684
ppltrst,social_trust,IT,0.08114495779811468,0.03505026500829376,0.08019637910142653,0.037246000861784215,4.555555555555555,6.672592592592593,2.319017835009039,1.728896906927028,675
ppltrst,social_trust,LT,0.1254816817707043,0.0010593625398208192,0.09519101891603715,0.013149875837148758,5.1415929203539825,6.767404129793511,2.395961360587209,1.6710718092092511,678
ppltrst,social_trust,LV,0.06740708382637661,0.07877783300129809,0.09241832934886017,0.015844370058539756,3.870778267254038,6.6490455212922175,2.5675086595645125,1.7598971726265382,681
ppltrst,social_trust,ME,0.04051728179213059,0.29175843405186763,-0.0036356006457967578,0.9246636131024847,4.2459499263622975,7.134756995581738,2.5636229785695854,1.4198964059724972,679
ppltrst,social_trust,NL,0.04779776221301469,0.2125194055973401,0.028274601685322358,0.4610081673153849,6.252199413489736,7.535043988269794,1.9639263995646945,1.1884369778571582,682
ppltrst,social_trust,NO,0.09476412175156931,0.013158437567277631,0.09848196061914243,0.009960603767867076,6.666666666666667,7.6795321637426905,1.8908735112195945,0.8982604388193178,684
ppltrst,social_trust,PL,0.09905689021354024,0.009692759172242238,0.07597071631646682,0.04750693843738553,4.540381791483113,6.917180616740088,2.335512130742299,1.5928188972348496,681
ppltrst,social_trust,PT,0.11010688438849543,0.004044131628033192,0.09669515320518798,0.011643257033655666,4.114705882352941,6.520735294117648,2.3716082489659382,1.8909666790755444,680
ppltrst,social_trust,RS,0.07452434708183046,0.05295318234316143,0.08232550054570315,0.03247244594041729,4.3348148148148145,6.517481481481481,2.7643158134869723,1.6906681025017278,675
ppltrst,social_trust,SE,0.15771609271748158,3.4702820568750725e-05,0.1262887031471788,0.0009407582958110074,6.314787701317716,7.680527086383602,2.0230782286850184,0.8886965398573361,683
ppltrst,social_trust,SI,0.06265326607920353,0.10234292696555472,0.05628490214115563,0.14230140887947654,4.694566813509545,7.042290748898679,2.3814447842859847,1.5907462300071429,681
ppltrst,social_trust,SK,0.09943523779847944,0.00941706071047581,0.11220142034179134,0.00336906704660737,4.058737151248164,6.670044052863436,2.7417390664959544,1.8329295494782687,681
ppltrst,social_trust,UA,0.06221318337662559,0.1055521423440436,0.06936050737543926,0.07109338773367968,3.926253687315634,5.880530973451328,2.8285087709959216,2.065158320921672,678
pplfair,social_trust,AT,0.023200852175728977,0.544974265157189,0.04022843413307028,0.29379169948877054,6.341142020497804,7.3345534407027815,1.9887933495293022,0.6847785124716139,683
pplfair,social_trust,BE,0.07202682999783912,0.059734732540135324,0.07874827946443178,0.03949748988210274,6.017543859649122,7.4144736842105265,1.9778382218342525,0.7094289771951879,684
pplfair,social_trust,BG,0.10099138145052589,0.008403108827409356,0.07593764032777812,0.0477679530682439,4.310294117647059,7.340882352941176,2.2163962381536,0.7091070434701809,680
pplfair,social_trust,CH,0.1349774730083118,0.0004042770794188231,0.0952487081358255,0.012761383405456352,6.4099560761347,7.483162518301611,1.8802930367967179,0.6627459638141953,683
pplfair,social_trust,CY,0.014794207084517586,0.6993247263387355,0.029674385648508772,0.43843595390291545,4.428362573099415,7.439035087719298,2.258379472540865,0.6469296367018472,684
pplfair,social_trust,DE,0.07791007913334466,0.0415022482844173,0.08100814827505955,0.03402302185263159,6.245255474452555,7.351094890510949,1.944702310496455,0.651484672877515,685
pplfair,social_trust,EE,0.08216035149436876,0.032053634570787644,0.1134725628738801,0.003023681644542383,6.212922173274596,7.455947136563877,2.0551679067211146,0.6957628209984351,681
pplfair,social_trust,ES,-0.03070814569404963,0.42298467732790646,-0.03304060720275125,0.3886072659651274,5.588579795021962,7.334407027818448,2.1753723254316526,0.808442834398405,683
pplfair,social_trust,FI,0.12203562685440482,0.0013849583086992738,0.14260345077408693,0.00018264681852723467,7.16374269005848,7.473684210526316,1.7059283500345526,0.7240142647914364,684
pplfair,social_trust,FR,0.10060647380877798,0.008558473373180697,0.08955541635386324,0.019327007205748186,6.146627565982405,7.3291788856304985,1.9953459960021371,0.7284337795458724,682
pplfair,social_trust,GB,0.061811371164087414,0.10756626007095453,0.07394142457880913,0.05412623345557489,5.945508100147276,7.304123711340206,2.183669545497061,0.7075743324911984,679
pplfair,social_trust,GR,-0.005640792198880745,0.8831851192715281,-0.00038514477355301924,0.9919955446501458,4.930983847283406,7.332599118942731,2.001380494449328,0.634099986965629,681
pplfair,social_trust,HR,0.0911466026678233,0.01768631557774018,0.0804356636421453,0.03640299734336998,5.192023633677991,7.4002954209748895,2.4310117112570695,0.690724622634318,677
pplfair,social_trust,HU,0.03380590243032736,0.37770846394587726,0.016090041928339932,0.6746619445461383,5.1039531478770135,7.3111273792093705,2.1153049760014926,0.7568217925550439,683
pplfair,social_trust,IE,0.03645406205162802,0.3418215977447161,0.042032285071076404,0.27301337357177025,6.145161290322581,7.414222873900293,2.1658913214281967,0.7437769609108252,682
pplfair,social_trust,IL,0.18297018387728603,1.5901549092440023e-06,0.19986525309944914,1.5087053357218177e-07,5.341678939617084,7.195876288659794,2.28588411857488,0.7054867706009733,679
pplfair,social_trust,IS,0.16572295708500712,1.3218965284408184e-05,0.1470814396736819,0.00011308193354122208,6.980994152046784,7.531578947368422,1.8377658965300543,0.7624975287258918,684
pplfair,social_trust,IT,-0.03412491571101021,0.3746297357686241,-0.028888733835686173,0.4523266747100934,4.634756995581738,7.360824742268041,2.2199882187973925,0.6817229799939372,679
pplfair,social_trust,LT,0.021118407618280037,0.5841663885351569,0.04768432557415632,0.21632381885432878,5.519287833827893,7.33353115727003,2.240465768997793,0.702322823887625,674
pplfair,social_trust,LV,0.12722247626574637,0.0009240645264875729,0.09963098077556526,0.009593735998891633,5.632592592592593,7.25837037037037,2.231047099831404,0.7431788800722683,675
pplfair,social_trust,ME,-0.011702936625168818,0.7615103198331739,0.0014375040578996365,0.9702631480014312,4.354074074074074,7.354074074074074,2.3304131319199115,0.6867507206901149,675
pplfair,social_trust,NL,0.09395248544501963,0.013966599064263008,0.07548905761026914,0.04843855786145301,6.6154970760233915,7.58406432748538,1.6242469731723888,0.6918436137595257,684
pplfair,social_trust,NO,0.20820522370791805,3.804792251588455e-08,0.18740791133416201,7.819946944443464e-07,6.890510948905109,7.563503649635036,1.845172427784769,0.7050233201328203,685
pplfair,social_trust,PL,0.017316452686188866,0.6540870572057625,0.010122526966700112,0.7933799774312607,5.21875,7.299851190476191,2.249968951598991,0.7429048246032925,672
pplfair,social_trust,PT,0.026796085895875496,0.48510792302040023,0.008780124831662487,0.819094775082864,5.138032305433186,7.318355359765052,2.2119411767818464,0.7734762610933235,681
pplfair,social_trust,RS,-0.03550228476733176,0.35529137542922634,-0.04333476293410071,0.2591157858314728,4.675,7.238676470588236,2.846379764088735,0.6624282647394125,680
pplfair,social_trust,SE,0.12832966169341248,0.0007681139271160751,0.10944359243247853,0.0041609020159376646,6.757309941520468,7.536549707602339,1.779052279615545,0.6737998465792941,684
pplfair,social_trust,SI,0.059538633680316075,0.12170431738794844,0.03897408470290736,0.3112578508510139,5.443131462333826,7.342688330871492,2.2456600357146,0.7102340509694881,677
pplfair,social_trust,SK,0.046577421255120016,0.22444106385458942,0.02991811610582055,0.4353574034969248,4.854838709677419,7.332844574780059,2.504219356369087,0.6603344072552776,682
pplfair,social_trust,UA,-0.03147294857956844,0.417074230245884,-0.018986417807410054,0.6245060698748359,4.787106446776612,7.170614692653674,2.4247748774617794,0.9104201979860281,667
pplhlp,social_trust,AT,0.1099050451200321,0.003977185774348844,0.09509708314703517,0.012773288166007736,6.24963503649635,7.055036496350365,2.057049073308345,1.1716903893730246,685
pplhlp,social_trust,BE,0.027415751589051098,0.4737671965688574,0.019800552666368113,0.6049228104686821,5.2437956204379566,7.280875912408758,2.1392619551036502,1.011902465693623,685
pplhlp,social_trust,BG,0.07647588812825344,0.04620690990998852,0.09802565211903239,0.010538039756097536,3.5764705882352943,7.042794117647059,2.2910543615328987,1.1576630077164751,680
pplhlp,social_trust,CH,-0.014500527885205313,0.7052178199934175,-0.061528607476237555,0.10814605497121767,5.91800878477306,7.265739385065886,1.8928049024528901,1.0267095047059709,683
pplhlp,social_trust,CY,-0.007819818981735178,0.8388273956576151,-0.02107244818415854,0.5835908496748917,4.14138438880707,7.027098674521355,2.246737096138745,1.3181406098137363,679
pplhlp,social_trust,DE,0.049190678007899925,0.19914720665432462,0.06206001688753935,0.10512822460750629,5.430453879941435,7.185358711566618,2.0012630027079528,1.045668055353983,683
pplhlp,social_trust,EE,0.0391069274663359,0.3088940084590562,0.059839918929078355,0.11927839656717146,5.086892488954344,7.312960235640648,2.006579642838927,1.0269136032617137,679
pplhlp,social_trust,ES,0.05362897085527524,0.1621324444543652,0.028975348596386532,0.4503033246970633,4.828193832599119,7.11791483113069,2.2992641656734754,1.0900090657071764,681
pplhlp,social_trust,FI,0.04487243457022803,0.24119289886964804,0.034803186186360024,0.363438837989516,6.409356725146199,7.280555555555555,1.9175463660172243,1.0897710136580105,684
pplhlp,social_trust,FR,-0.004540601440459729,0.9058502726221737,0.016467474818404895,0.6679418066346952,4.634361233480176,7.183406754772393,2.200252641622215,1.0939422075342435,681
pplhlp,social_trust,GB,-0.024389097058791918,0.5245689427805392,-0.017397449036259213,0.6499215780368206,6.062957540263543,6.982137628111274,1.9986406031745354,1.2252368728211152,683
pplhlp,social_trust,GR,-0.04946273912519373,0.19766033863616322,-0.03946505041379431,0.3041240966050882,4.347058823529411,7.144264705882352,1.9815400348320513,1.0104590248363643,680
pplhlp,social_trust,HR,0.0822108128891694,0.03194787004358073,0.08364622938487119,0.029061880796448027,4.41409691629956,7.078414096916299,2.407471418681827,1.2333196995153972,681
pplhlp,social_trust,HU,0.11065593483375497,0.0038631922518631767,0.15004533713383725,8.57400579074525e-05,4.541176470588235,6.938529411764706,2.299019147588209,1.3102015772081226,680
pplhlp,social_trust,IE,0.0034568251734215555,0.9281470473181107,0.02867364207451439,0.4543721678188758,6.049780380673499,7.13060029282577,2.2577034847407247,1.1948143415085044,683
pplhlp,social_trust,IL,0.09917966466505196,0.009655902515658468,0.06178775876014208,0.10744116541180793,5.1191176470588236,7.086176470588236,2.3303565848070993,1.101231108389482,680
pplhlp,social_trust,IS,0.022980273822858492,0.5496873251876326,0.04153231387792777,0.2794728202566476,6.579411764705882,7.435294117647059,1.7892296680871638,0.9561466457676718,680
pplhlp,social_trust,IT,0.001711005314952968,0.9645299865844655,-0.021557740163768775,0.5752345107365398,4.200589970501475,7.074778761061948,2.258978398140863,1.1962019639564851,678
pplhlp,social_trust,LT,0.0869796405399177,0.023414418176447824,0.0776289434577231,0.043160718831855384,5.04860088365243,7.017083946980855,2.400650161087288,1.2596891889765969,679
pplhlp,social_trust,LV,0.04559555976280271,0.23540903777714448,0.04789901464325009,0.212562326437717,4.9499263622974965,6.979675994108984,2.322868705096817,1.1726853991193986,679
pplhlp,social_trust,ME,0.0014686290267826563,0.9695519355099333,-0.034502671396348,0.3697163325903675,4.275811209439528,7.2379056047197645,2.1908306646642273,1.0153299308484238,678
pplhlp,social_trust,NL,-0.01298345986226861,0.7346438129260447,-0.02640820564179698,0.49049532884344715,5.722222222222222,7.449608870676901,1.758152823349596,0.9667072391879957,684
pplhlp,social_trust,NO,-0.032195889884060455,0.4008564637874829,-0.02226925446305867,0.561242680271732,6.161054172767203,7.435871156661787,1.9031861081259625,0.9678491107934213,683
pplhlp,social_trust,PL,0.034548177978345425,0.3687308471355358,0.04801618455850032,0.211444457373876,4.528718703976436,7.063622974963181,2.380844767553424,1.1056381968095323,679
pplhlp,social_trust,PT,0.009992319275029993,0.7943469029010032,0.009197891705762334,0.8103729384990447,4.0790629575402635,7.003074670571011,2.1510859973909224,1.3052586754964137,683
pplhlp,social_trust,RS,-0.009680142703366281,0.8007779916678784,-0.0017108790032291541,0.9644278170250844,3.7023460410557183,7.001612903225807,2.7238480830151923,1.1791309586431098,682
pplhlp,social_trust,SE,-0.017788476534621962,0.6423505448851089,0.021978068594722247,0.5660902447977245,6.128654970760234,7.3884502923976605,1.905789270010797,0.983985053057821,684
pplhlp,social_trust,SI,0.02016407655540906,0.5999216134741855,-0.0006892097166043132,0.9856978211300574,5.343151693667157,7.1458026509572905,2.256111220615453,1.1680768158479884,679
pplhlp,social_trust,SK,0.0346640636899536,0.36606562503138035,0.06757662467575005,0.07780754830776382,4.214076246334311,6.880645161290323,2.5547585579330474,1.396589361457413,682
pplhlp,social_trust,UA,-0.006395305180153796,0.8680821309725804,-0.0247395568301869,0.5204753200343092,4.264401772525849,6.770310192023634,2.6734703868466476,1.4868920541053576,677
sclmeet,social_trust,AT,0.045302505955518775,0.2363645483872913,0.02189691499528827,0.5672413376120494,4.910948905109489,3.7065693430656936,1.1918141138149099,0.7609055450408959,685
sclmeet,social_trust,BE,0.006240286238826262,0.8705910738558145,-0.016613630040388537,0.6644786899269468,5.175438596491228,3.7858187134502925,1.3684091972859465,0.8061553475559605,684
sclmeet,social_trust,BG,0.04148243299775837,0.27934248902810804,0.01947447273229048,0.6116682396196386,4.969208211143695,3.7492668621700878,1.6740014984431886,0.9036755046291736,682
sclmeet,social_trust,CH,0.009988686789661846,0.7944199900494914,0.012115938553988296,0.7519472500945558,5.099560761346998,3.869692532942899,1.293583231975242,0.778564205471158,683
sclmeet,social_trust,CY,0.027510566909838784,0.472238592262284,0.02092002183978615,0.5846609863039622,4.005839416058394,3.7868613138686134,1.7073870474296835,0.8046663540029203,685
sclmeet,social_trust,DE,0.062072646976906495,0.10480217725510473,0.06070413770618703,0.1126988386807003,4.837719298245614,3.7777777777777777,1.3970198578819977,0.7991780387752453,684
sclmeet,social_trust,EE,0.012852794531924592,0.7372153331871926,0.02629193181524597,0.4924078006296262,4.241228070175438,3.902046783625731,1.4825472561266593,0.7808441714342538,684
sclmeet,social_trust,ES,0.04002835465645679,0.2954925980556422,0.05979041241359557,0.1179571917225626,5.246715328467153,3.7854014598540147,1.4666393087007106,0.8284541500003705,685
sclmeet,social_trust,FI,-0.02750375793226412,0.4723482755731812,-0.020454619082430122,0.5930462867791849,4.8934306569343065,3.778102189781022,1.3589751674640431,0.8291751809901522,685
sclmeet,social_trust,FR,-0.021559479048602448,0.5737927463817762,-0.01088278467266855,0.7764862007666828,5.22108345534407,3.830161054172767,1.4243465334240795,0.8286464622266627,683
sclmeet,social_trust,GB,0.049288129970888835,0.19792817427324547,0.018950943911227567,0.6207629016331122,4.802631578947368,3.7865497076023393,1.5741112266814905,0.7960703792819113,684
sclmeet,social_trust,GR,0.10582774705814714,0.005597444634183418,0.1264072544188056,0.0009222471752343939,4.159356725146199,3.7982456140350878,1.6105572805604957,0.7730431723522387,684
sclmeet,social_trust,HR,0.050884773070482524,0.18409189096487014,0.025526467952824233,0.5054097328147293,5.3469985358711565,3.7584187408491947,1.5310861664098008,0.7764298060699611,683
sclmeet,social_trust,HU,0.03669102985043772,0.33762666250801243,0.07282437242344142,0.056774191544390826,3.367883211678832,3.7313868613138688,1.5223930025380452,0.8294428328613234,685
sclmeet,social_trust,IE,-0.0031854503924150708,0.9337743007436343,0.015892251486581868,0.67843636801593,4.212298682284041,3.7628111273792095,1.617452783226145,0.7420896652783612,683
sclmeet,social_trust,IL,0.050971402242172024,0.18366746940892137,0.0350772648856934,0.36037623215583503,5.425219941348973,3.8636363636363638,1.5407753149735088,0.739407015078572,682
sclmeet,social_trust,IS,0.05184994747931572,0.1755823282944216,0.010340631443713133,0.7871947377114146,5.283625730994152,3.9166666666666665,1.4032886537209597,0.7881349261301882,684
sclmeet,social_trust,IT,0.0537826910411336,0.16062250125403038,0.06476254491944233,0.0910367224295645,4.74633431085044,3.7609970674486806,1.5627434721448887,0.8500172944549098,682
sclmeet,social_trust,LT,0.06669590125266414,0.08221926724750694,0.047560362168965434,0.21547819743321095,4.355882352941176,3.748529411764706,1.5597460569849728,0.8615485334108195,680
sclmeet,social_trust,LV,0.08062969593904354,0.03513757187786016,0.076109598762787,0.046777420133450244,4.190336749633968,3.7379209370424595,1.6097468073563967,0.8141777491614587,683
sclmeet,social_trust,ME,0.06085260959445922,0.11208339330645949,0.04643573883948535,0.22551428454824843,4.802342606149341,3.786237188872621,1.6247337935933457,0.8326111891749354,683
sclmeet,social_trust,NL,0.017722354796607546,0.6435878003147331,-0.02504301686655618,0.5131991129650915,5.406432748538012,3.7844005847953213,1.2603955408267358,0.7168607893262468,684
sclmeet,social_trust,NO,0.05480986725783412,0.15186673588883012,0.019861156598316276,0.6038179023893346,5.648175182481752,3.8306569343065693,1.3411013950191728,0.719767063907421,685
sclmeet,social_trust,PL,0.024817573312503317,0.517615822804007,0.009518470405643154,0.8040371327699135,3.932551319648094,3.7888563049853374,1.4342656671517855,0.7544243537998343,682
sclmeet,social_trust,PT,-0.014037884968037019,0.7140032891077399,-0.004581172332569507,0.9048042264647803,5.628654970760234,3.6907894736842106,1.6078496878444402,0.8782819426816869,684
sclmeet,social_trust,RS,0.07415136474480857,0.0523974796833861,0.07467443875108609,0.05075140060396079,5.145985401459854,3.744963503649635,1.6074577017590435,0.8439110462182771,685
sclmeet,social_trust,SE,0.008047585250887017,0.833597344778669,0.006931760055259941,0.8563992543623883,5.435672514619883,3.8571637426900587,1.3818365729222142,0.8248828814874496,684
sclmeet,social_trust,SI,0.15120565486708523,7.360337927554084e-05,0.1627293539682845,1.9512400153819025e-05,4.640762463343108,3.8196480938416424,1.501339002709212,0.7879570002714812,682
sclmeet,social_trust,SK,0.08456906763808075,0.02710081071169175,0.06990812284829438,0.06786751818967454,4.559297218155198,3.724743777452416,1.5640520269192257,0.7997908727403982,683
sclmeet,social_trust,UA,0.0493903986492925,0.20200002115096793,0.04754304592950292,0.21941040293211805,4.322869955156951,3.6427503736920777,1.7697813093045198,0.8420261236937038,669
inprdsc,social_trust,AT,0.07680541509668244,0.04464168864107976,0.055772372984293515,0.14508789145715026,3.051169590643275,2.8333333333333335,1.1726564206989902,0.5662545511438021,684
inprdsc,social_trust,BE,0.09557363234949885,0.012329743442532971,0.09602140315962468,0.011925446100445016,3.3576642335766422,2.8817518248175182,1.3814626236939371,0.5533284424459115,685
inprdsc,social_trust,BG,0.08603936583680728,0.02464159692568892,0.0672987100102045,0.079040260759074,2.0234604105571847,2.8519061583577714,1.2626014641660956,0.5862378146467387,682
inprdsc,social_trust,CH,-0.003806581627885404,0.9207840178611215,0.0198618399246146,0.6038054494010611,3.5445255474452555,2.8496350364963505,1.2634608385888118,0.5817804000293998,685
inprdsc,social_trust,CY,0.00273420351184323,0.9432220553921554,-0.009524724091950357,0.8040524051543536,2.434654919236417,2.850220264317181,1.321397513277927,0.5433047933444969,681
inprdsc,social_trust,DE,0.0700584260584838,0.06707595465072148,0.03740679318429701,0.32863493508536484,3.5789473684210527,2.875730994152047,1.2272747380806737,0.5655263999866672,684
inprdsc,social_trust,EE,0.006312502435564064,0.8692020825520769,-0.01645299317679746,0.6677570246796567,2.5944363103953147,2.9004392386530014,1.364967455800747,0.5822771913853664,683
inprdsc,social_trust,ES,0.031722871675753175,0.40747131240299955,0.02340421399263774,0.5411573576691229,2.8859649122807016,2.891812865497076,1.3918320942419997,0.5491830109996971,684
inprdsc,social_trust,FI,0.025328958498965833,0.5080880379135072,0.026945283726069084,0.48139203815898046,3.2510948905109487,2.884671532846715,1.2766525117350722,0.5351518491052022,685
inprdsc,social_trust,FR,0.04465321728191177,0.24419457100325065,0.03578752145217692,0.35072688956242737,2.8592375366568916,2.870967741935484,1.447305868949354,0.581967347094469,682
inprdsc,social_trust,GB,0.07441775872087444,0.0522426755486945,0.06512243132302702,0.08948619277061684,3.0954478707782673,2.886930983847283,1.4270474910681292,0.558745556313743,681
inprdsc,social_trust,GR,0.03626253350053993,0.34365653535756563,0.04018946097379842,0.29390555331628965,2.2280701754385963,2.8625730994152048,1.1882914963427518,0.5585510843501602,684
inprdsc,social_trust,HR,0.028201130315651236,0.4631641989891335,0.03970078847159171,0.3015994099835423,2.3402061855670104,2.796759941089838,1.3944751770367632,0.6356573628887553,679
inprdsc,social_trust,HU,-0.010587748557756167,0.7828595564819513,0.0058520336054699905,0.8789322531140316,2.4544117647058825,2.8323529411764707,1.2187699711476547,0.5931472127932119,680
inprdsc,social_trust,IE,0.03613451905087381,0.34571803245696325,0.03302592946994602,0.388818146264795,2.6193265007320643,2.8389458272327963,1.3226123234154243,0.5254296398616778,683
inprdsc,social_trust,IL,0.0649543085557781,0.09079422703248971,0.05374202279377698,0.16186683677711586,2.508100147275405,2.9278350515463916,1.4077877838058608,0.514486193739286,679
inprdsc,social_trust,IS,0.08949413156768024,0.019410311062364783,0.10257370040732901,0.0073427540588795115,3.533724340175953,2.932551319648094,1.3228614138963495,0.589802426791184,682
inprdsc,social_trust,IT,0.07494651153673168,0.050929169345859525,0.07688966558356655,0.04519484566849712,2.2341678939617085,2.8689248895434463,1.281688198602417,0.5503207902907218,679
inprdsc,social_trust,LT,0.043680318574409585,0.2553332133799182,0.047294903465129504,0.21805351194254385,2.1073529411764707,2.8558823529411765,1.3789727640840457,0.5506409046499267,680
inprdsc,social_trust,LV,0.05242933508833462,0.17365110935052788,0.052652782375672835,0.17182226965072964,1.7362962962962962,2.8251851851851852,1.2977158321146354,0.6298365996140824,675
inprdsc,social_trust,ME,-0.007090345911872457,0.8542200035730085,0.004673195513061455,0.903612878689229,2.185459940652819,2.8560830860534123,1.177940825146115,0.5355699347870615,674
inprdsc,social_trust,NL,0.00645849008969526,0.866205280794396,0.009092834869357877,0.8124983649100004,3.724743777452416,2.8682284040995607,1.2666786586514633,0.5783743984846863,683
inprdsc,social_trust,NO,0.0023858793728529747,0.9503360311148533,-0.01344839513894592,0.7255180217850632,3.247076023391813,2.8684210526315788,1.438461513454827,0.5276510764441615,684
inprdsc,social_trust,PL,0.05517288614325886,0.15218170745084222,0.05629164514093076,0.14402977912701428,3.14962962962963,2.8518518518518516,1.3758662808789432,0.5269941429316374,675
inprdsc,social_trust,PT,0.03585199468752543,0.35199533241124126,0.05916796002514267,0.12432599224210361,2.2381656804733727,2.789940828402367,1.3945158859665305,0.6465539393535044,676
inprdsc,social_trust,RS,0.003427538242001649,0.9289109770812617,0.023403002238666246,0.5423678246474528,2.4779411764705883,2.8558823529411765,1.4275168289643811,0.5533090582792197,680
inprdsc,social_trust,SE,0.04031218399309661,0.2924326416770022,0.06569587012251328,0.08600065452677622,3.814327485380117,2.9166666666666665,1.2710422687563399,0.5548270805502011,684
inprdsc,social_trust,SI,0.07440036414064918,0.053173422252290256,0.0805065551117081,0.03637644986565622,2.8195266272189348,2.8328402366863905,1.3421829916198627,0.5579206723720604,676
inprdsc,social_trust,SK,0.08456475120369202,0.028615835015701037,0.0968620650423391,0.012126853315539116,1.7477611940298508,2.780597014925373,1.1613942202433745,0.5923626545371751,670
inprdsc,social_trust,UA,0.09749789895268966,0.011263514767728217,0.08210211102459701,0.032947416104201994,2.16,2.8,1.3902586058348725,0.5866972386603093,675
stfdem,political,AT,0.06525381252179391,0.09074392455473439,0.06654497471940256,0.08452220770934124,5.739970282317979,6.99777117384844,2.4849232284914757,0.8866122796721436,673
stfdem,political,BE,0.036922540983762665,0.33923109048651817,0.01913034174254959,0.620573870205846,5.206845238095238,7.137648809523809,2.3891984051627304,0.8593463404328153,672
stfdem,political,BG,0.09135281430489843,0.01828381175208102,0.10432498040427206,0.007004279148410956,3.3253373313343326,6.855322338830585,2.385643307924158,1.1636309318212619,667
stfdem,political,CH,0.1042098301264177,0.006982063220321186,0.0549884304458668,0.15540605362095344,7.565022421524664,7.187593423019432,1.6733296813689809,0.8850107626557763,669
stfdem,political,CY,0.12987989888880855,0.0007730091438952636,0.11283545435329188,0.003523013938780099,4.496251874062969,6.7053973013493255,2.3141880673226787,1.4662676411106128,667
stfdem,political,DE,0.08392155426666495,0.02841787464315775,0.12224600074251629,0.0013808800491928578,5.728739002932551,7.159530791788857,2.603740874712166,0.8522088858375041,682
stfdem,political,EE,0.09052867552558354,0.02117953537475622,0.12165594799167084,0.001919544090039201,5.24537037037037,7.256944444444445,2.5875657108071954,0.7663405383450452,648
stfdem,political,ES,-0.013319991011619098,0.7303454182891419,0.03494110306304805,0.36580094625480286,4.794642857142857,6.873214285714286,2.518385661533428,1.0660999421494468,672
stfdem,political,FI,0.11843729128412873,0.00205447206967905,0.08658503799218835,0.02447422297497068,6.783703703703703,7.228296296296297,1.9634723453490894,0.8787379174182239,675
stfdem,political,FR,-0.008651712732677426,0.8231229982720063,0.014288016014008831,0.7120052018159869,4.344776119402985,6.974626865671642,2.480825335331246,1.0891286795381678,670
stfdem,political,GB,0.0857564964561039,0.02980718501847743,0.056532058702431144,0.15250293244148988,4.3286604361370715,6.714953271028038,2.629976197959441,1.2702871348593923,642
stfdem,political,GR,0.029070824856007402,0.4494808153248386,-0.0015864299501309174,0.9670866588573855,4.148748159057438,6.917525773195877,2.2115199980939173,0.9366996629406097,679
stfdem,political,HR,-0.03376559288101541,0.3843009370621319,-0.010103318801925738,0.7946686600185696,4.465465465465465,6.82057057057057,2.514231883392466,1.202321178102198,666
stfdem,political,HU,-0.06275388789420117,0.10565378930176897,-0.044770486656629305,0.2485825666598989,4.454954954954955,6.741741741741742,2.6650476864214316,1.1666284430699514,666
stfdem,political,IE,0.02793476175876493,0.47439527730501185,0.04280227902475983,0.272922133103511,5.819148936170213,6.85790273556231,2.2847115206806707,1.2541947308106163,658
stfdem,political,IL,0.1744633882327174,7.811072584001445e-06,0.19368751862348782,6.629059150221396e-07,4.26040061633282,6.969645608628659,2.760220149074643,1.1066521770093827,649
stfdem,political,IS,0.12836734475465827,0.0008675574949445469,0.11041832452595246,0.004216082775742474,5.92089552238806,7.251492537313433,2.2882057587658675,0.9049552239438856,670
stfdem,political,IT,0.050741097884750515,0.19226469836089372,0.08118039013455924,0.03677802141002829,5.113293051359516,6.828549848942598,2.062746073395897,1.1398372948724418,662
stfdem,political,LT,0.09155680924864779,0.019750526357228196,0.08468724774478437,0.03112300001829046,4.614197530864198,6.983796296296297,2.3886482511823353,1.0349979736341304,648
stfdem,political,LV,0.027501983666066397,0.49148124711214025,0.053978385910670716,0.17670036983148904,4.264331210191083,6.784235668789809,2.439743044457697,1.2792129839269297,628
stfdem,political,ME,0.02665880800952229,0.4905741706500278,-0.0027246796980646233,0.9438372993352725,4.2011922503725785,7.014903129657228,2.5788575065528594,0.9983949572199025,671
stfdem,political,NL,0.10564879067909765,0.006274033485999826,0.07783687049385585,0.04432206341371696,5.919161676646707,7.2264970059880245,2.085012819284355,0.8441713048280369,668
stfdem,political,NO,0.06710040874454916,0.07992949483825994,0.0880933554612478,0.0214015924050784,7.236070381231672,7.314516129032258,2.027343432421702,0.77572029936862,682
stfdem,political,PL,0.017295473926413004,0.6598400686534505,0.0680719044079598,0.08288769143589376,5.127692307692308,6.9592307692307696,2.327699333825712,0.9523870063359852,650
stfdem,political,PT,0.06793514434931819,0.08162438159407759,0.08181143586839142,0.03589500475277029,4.732522796352583,6.651519756838906,2.368272017161993,1.3203612578409163,658
stfdem,political,RS,-0.09536698506874661,0.018670261762638415,-0.08361954189097048,0.03928111431180096,3.9407894736842106,6.778453947368422,2.9715477861808366,1.0706875854415514,608
stfdem,political,SE,0.06573908158021162,0.08907900480986282,0.044589792336577276,0.24907612034446786,6.63134328358209,7.349253731343284,2.0898865987375066,0.808007964842634,670
stfdem,political,SI,0.11126871616624066,0.0045400531814375035,0.11335754198229939,0.0038329041431748563,4.941448382126349,7.065485362095532,2.3378841331296782,0.9283488529447301,649
stfdem,political,SK,0.07207403921395356,0.061856456250148344,0.0812551276118372,0.03520996484015256,4.575892857142857,6.730654761904762,2.669619737788518,1.1868934716822108,672
stfdem,political,UA,-0.022731476335592603,0.5656525451327663,0.007529761273065697,0.8490983972236418,3.004680187207488,5.661466458658347,2.648403398582335,1.816391607318985,641
polintr,political,AT,-0.07836056812315559,0.040481917594923984,-0.07902108800901755,0.03881702655097822,2.4195906432748537,2.8084795321637426,0.8679906327129788,0.4958256475686756,684
polintr,political,BE,-0.08625492166073054,0.024074479644414015,-0.10532047915984408,0.005831267509916038,2.5657894736842106,2.8771929824561404,0.9215489806276004,0.43237268122586986,684
polintr,political,BG,-0.04967991188276832,0.19438245283506655,-0.046250701195642334,0.2270292194188915,2.81140350877193,2.824561403508772,0.8995452345691054,0.4793653815111102,684
polintr,political,CH,-0.11050587281196506,0.0037818537381834522,-0.10855644203669272,0.0044493058018742395,2.4029197080291973,2.913868613138686,0.9151056569745459,0.3502677509165497,685
polintr,political,CY,-0.0680831048024819,0.07517214997752784,-0.09503419289415503,0.012898824371607994,2.925438596491228,2.757309941520468,0.9506084731043086,0.5514700841590573,684
polintr,political,DE,-0.1327730699156798,0.0004985385333736286,-0.12531393602949786,0.0010221955380304724,2.2149122807017543,2.909356725146199,0.878745191104051,0.34729685480485084,684
polintr,political,EE,-0.02576065005695192,0.5011968513255934,-0.06609244548509938,0.08411934423781987,2.5921052631578947,2.8947368421052633,0.8480425902495052,0.4268119631364574,684
polintr,political,ES,-0.0788037851138935,0.03921411756733095,-0.09602031857817794,0.011926411039793807,2.7518248175182483,2.8510948905109488,1.0085962532226507,0.4472326847581248,685
polintr,political,FI,-0.04571184527318266,0.2321522538430533,-0.05401486745804687,0.15790477485065282,2.1854014598540146,2.8802919708029195,0.7737034188933265,0.4049834694587582,685
polintr,political,FR,-0.06997748847613972,0.06739301161138472,-0.07913546521087343,0.0385347076866655,2.6023391812865495,2.8947368421052633,0.9784173563197822,0.3984248867515498,684
polintr,political,GB,-0.12352629816216065,0.0012174813700995752,-0.1309064411254665,0.0006043679834237387,2.505124450951684,2.8448023426061493,1.002000977825154,0.45557647460923395,683
polintr,political,GR,-0.012083555473268046,0.7522371791676475,-0.03725266888436904,0.33027857825063567,2.9182481751824816,2.8248175182481754,0.9562214700175594,0.48210385396556604,685
polintr,political,HR,-0.04760697558211438,0.21334362132896595,-0.06064888165631134,0.11276331209954184,3.0452554744525546,2.7824817518248177,0.9173419205821063,0.5442277927328698,685
polintr,political,HU,-0.06270969152748293,0.10127896247691269,-0.06694144093173497,0.08020351284451924,2.8391812865497075,2.77046783625731,0.8894286760176449,0.5315292591035408,684
polintr,political,IE,-0.08756602555160282,0.022000403547047673,-0.09976102971958789,0.009032196943072317,2.5760233918128654,2.8128654970760234,0.9985690960415069,0.4900873672757703,684
polintr,political,IL,-0.03080060819002037,0.4209075444215528,-0.02379003682682383,0.5342077775121062,2.4715328467153284,2.8817518248175182,1.0236208026074045,0.4547055756654583,685
polintr,political,IS,-0.01947664721814776,0.6108434038702991,-0.013320277169452343,0.7278373720159147,2.2613138686131387,2.908029197080292,0.8854120010347647,0.3846579695420974,685
polintr,political,IT,-0.07149988578331458,0.06220680587106819,-0.09673048264101305,0.011551279714096443,2.9941262848751835,2.8076358296622614,0.8401474880494118,0.5084583008030491,681
polintr,political,LT,0.013300757586160884,0.7282204262498769,0.011667350076820317,0.7605059538386172,2.7503649635036496,2.8116788321167885,0.7782800883015527,0.5362673808073098,685
polintr,political,LV,-0.041917681991667975,0.2739715535757607,-0.03830052050684485,0.3175576784476554,2.890190336749634,2.8052708638360175,0.8057384686409317,0.5037993841670338,683
polintr,political,ME,0.023077852077093997,0.5476982630008216,0.018023568993127993,0.6387003404498243,2.910425844346549,2.8472834067547725,0.8344917231686422,0.434059961808098,681
polintr,political,NL,-0.11035056531986943,0.003831493262146698,-0.11817454987916418,0.0019474108318388449,2.28029197080292,2.894890510948905,0.8361215999082302,0.37741835565802045,685
polintr,political,NO,-0.06555708006871948,0.08643620292616652,-0.04958565814367083,0.19490380214719297,2.456934306569343,2.9197080291970803,0.7910127142461848,0.33461145663160125,685
polintr,political,PL,-0.038425671256467425,0.31668996911309577,-0.05339985405648868,0.16393615257941305,2.5844346549192365,2.841409691629956,0.8308349869277007,0.45515389558987634,681
polintr,political,PT,-0.19806649537303156,1.729437124278974e-07,-0.22173379783346692,4.466990203163342e-09,2.8656934306569344,2.7007299270072993,1.0084756283680514,0.5894412497403474,685
polintr,political,RS,0.011350447030676176,0.7668203000643109,-0.0026267550830672325,0.9452894570415256,3.0175182481751825,2.7605839416058395,0.9030404952143213,0.5524212605946259,685
polintr,political,SE,-0.06318313177119328,0.09896971449745398,-0.0691140391646152,0.07105977648994702,2.0775988286969254,2.9267935578330895,0.8094812629529728,0.34746606385413403,683
polintr,political,SI,-0.0071442779235804795,0.8522613625826901,-0.027391482134681965,0.4751320125254604,2.7082111436950145,2.834310850439883,0.8746167758196953,0.46346255727580893,682
polintr,political,SK,-0.061015671905353785,0.11059976108002524,-0.051276382685932854,0.18009511380348403,2.6773722627737224,2.794160583941606,0.8215831868138809,0.5100978038540596,685
polintr,political,UA,0.04433145304564102,0.24831014313639835,0.05218481368211485,0.1740717934773648,2.726470588235294,2.713235294117647,0.9139110869407551,0.6056689510625499,680
psppipla,political,AT,0.044545285444200104,0.24638230830755717,0.05384240410932422,0.16108343557767701,2.3475699558173786,3.410162002945508,0.8343417118155887,0.5318469546362603,679
psppipla,political,BE,0.09238267172955227,0.016119049385283822,0.11425786374284269,0.0028884334315934248,2.191740412979351,3.511873156342183,0.8923387576276055,0.5286991380448273,678
psppipla,political,BG,0.13430382051913572,0.0004861194146879733,0.16653414067854488,1.4502202763732223e-05,1.7123695976154993,3.3460506706408344,0.8923282746617875,0.520428976726617,671
psppipla,political,CH,0.10799511912039755,0.004972437148261774,0.10163515446637993,0.008229396590037083,2.9274074074074075,3.529185185185185,0.9831238914798386,0.5405240503792185,675
psppipla,political,CY,0.10527631861593155,0.006342145966033325,0.11348156540793239,0.0032439594460441507,1.8315946348733234,3.3714605067064083,1.020659863922315,0.5240143109351285,671
psppipla,political,DE,-0.00025188436911173723,0.9947650425595805,0.000880361778679852,0.9817047542329608,2.5462555066079293,3.4845080763582965,0.9336778569199983,0.5440440350440665,681
psppipla,political,EE,0.08109252617679161,0.03571679003388823,0.07147220035248902,0.06426931146847642,2.1296572280178836,3.476974664679583,0.8807390224212779,0.5548991552448894,671
psppipla,political,ES,0.09279229271591995,0.015729407130219367,0.10359501340705136,0.006981143484318625,1.8552437223042837,3.38685376661743,0.8459911423867126,0.5485834346725957,677
psppipla,political,FI,0.11715450183356116,0.0021480681900271762,0.12167615718541917,0.001431230946630691,2.7339181286549707,3.486330409356725,0.8414352754171046,0.5467522763775111,684
psppipla,political,FR,0.06548395709040908,0.0891319048755813,0.07096167757660334,0.06539551861785037,2.0562962962962965,3.456148148148148,0.9402480422319317,0.5630591321772235,675
psppipla,political,GB,0.09678173351748733,0.012661010607592633,0.1073005058554998,0.005681249638463368,2.0482654600301657,3.3819004524886873,0.830367284221561,0.5362505578273906,663
psppipla,political,GR,0.03340231566292635,0.3855375542406991,0.04126355090596981,0.283666960008107,1.9985228951255538,3.395568685376662,0.9783140634017249,0.5362339997145803,677
psppipla,political,HR,0.05364914782224815,0.16384212636585185,0.05700158863055266,0.1390326692266526,1.665185185185185,3.3569629629629625,0.7726134421154383,0.5359720004562804,675
psppipla,political,HU,0.06447970750518787,0.09270084031014898,0.07479456936365843,0.05105882935617062,1.8516886930983847,3.314610866372981,0.8575105538734312,0.5459168244656777,681
psppipla,political,IE,0.11032903559212562,0.0041901919928146285,0.11617424506580899,0.002559706690735458,2.168154761904762,3.4325892857142852,0.907000848594619,0.5512974733188205,672
psppipla,political,IL,0.11189858888784585,0.003915617971971434,0.13286179573912943,0.000604046399461978,2.076923076923077,3.3723227752639517,1.0172803941973485,0.5236616128595055,663
psppipla,political,IS,0.0654906126117198,0.08886198285322588,0.09941510145286607,0.009697897930996624,2.6420118343195265,3.4609467455621306,0.8583937315581119,0.5692021629833713,676
psppipla,political,IT,0.07343664434546729,0.058772850749465685,0.11259295932745358,0.003697283066440015,1.7888386123680242,3.356108597285068,0.7777469646254971,0.5251280381647513,663
psppipla,political,LT,0.0020835108634053583,0.9570708489020107,0.01177723419253908,0.7609088902924518,2.017910447761194,3.3692537313432838,0.943695210153398,0.5085614208556993,670
psppipla,political,LV,0.06900046660417355,0.07385714595974409,0.07856651578340307,0.041747023722242864,1.7306547619047619,3.325892857142857,0.8686015894353065,0.5094186866805787,672
psppipla,political,ME,0.023435803653821852,0.5466128900719871,0.02796675741802152,0.47187243042408106,2.0828313253012047,3.3862951807228914,0.916123610242357,0.5095842894272136,664
psppipla,political,NL,0.09149968739017494,0.016841103966982417,0.0877118934057988,0.021973704359077893,2.4545454545454546,3.5848240469208217,0.9205524972973222,0.5518496848979116,682
psppipla,political,NO,0.047368236220605445,0.21904485076914765,0.03276338384817073,0.3953983793469578,2.994074074074074,3.5438518518518523,0.9065998501397606,0.5346620236216915,675
psppipla,political,PL,0.07395577726075626,0.055887699283292194,0.08792919640254311,0.022939223455963716,2.1225710014947685,3.374289985052317,0.8279810755646273,0.4964813130681738,669
psppipla,political,PT,0.04447333379438734,0.24960722153251444,0.048295665086631474,0.21116601601288704,1.7931547619047619,3.3374255952380953,0.91212115170471,0.5015642391168822,672
psppipla,political,RS,0.04526588000586874,0.25357928941863267,0.05464557130951039,0.16801889619542115,1.9184952978056427,3.345219435736677,1.0207899759583756,0.5164604800365228,638
psppipla,political,SE,0.035578038934808036,0.3560470423400635,0.038359034319992054,0.3196798103057806,2.831111111111111,3.534592592592593,0.8973639822926496,0.5271554072445672,675
psppipla,political,SI,0.07566752757416068,0.05008686048589125,0.06562469566906831,0.08939794507707191,2.1207153502235467,3.4976900149031294,0.818828847525622,0.5525367814097056,671
psppipla,political,SK,0.05279014562509011,0.1710234727025468,0.061964776985365226,0.10799781045565827,1.927299703264095,3.3261869436201787,0.8648988684750155,0.5266596923704737,674
psppipla,political,UA,0.07848647934748208,0.042729611064214336,0.08349816493247002,0.031070099211088078,1.6806596701649175,3.161544227886057,0.9515125541780568,0.4053065970416982,667
psppsgva,political,AT,0.09990772706377628,0.009133750555658009,0.09648876644620781,0.011823593833964823,2.3088235294117645,3.6558823529411764,0.8223203089196762,0.5237109437084478,680
psppsgva,political,BE,0.05901218195047693,0.1256026973768182,0.0589921744296064,0.12573118321000154,2.2088888888888887,3.67,0.8863845367464309,0.631962700322896,675
psppsgva,political,BG,0.13189156278340253,0.0007215734416187474,0.12953077775929792,0.0008995107321792157,2.0749235474006116,3.5258409785932723,1.1498243731511566,0.6183430007342855,654
psppsgva,political,CH,0.05654148356165032,0.1413691028162881,0.06385654322385727,0.09664275869730411,3.21976401179941,3.6853244837758115,0.963326924020817,0.5854040488954401,678
psppsgva,political,CY,0.0514455615803795,0.18187578308085453,0.057949785029666925,0.13256766776323314,1.8962962962962964,3.5977037037037034,0.9931073590595881,0.6327591841097867,675
psppsgva,political,DE,0.008908114629638645,0.8173029676720005,-0.004153822280277783,0.9142178740320077,2.542222222222222,3.648740740740741,0.9509847049248421,0.6324044240306792,675
psppsgva,political,EE,0.023016479792675584,0.5520218690289829,0.022254596593401878,0.5652632083644401,2.2119402985074625,3.743358208955224,0.9374331885406496,0.5953142191117292,670
psppsgva,political,ES,0.09613510416251529,0.012926608912850138,0.08454920255210496,0.028884888265281225,2.094311377245509,3.5755988023952097,0.9695965738864041,0.6230604212869533,668
psppsgva,political,FI,0.10005961217728068,0.008826899329903742,0.08622561332922411,0.024122713828470758,2.4634502923976607,3.6973684210526314,0.7972190475799101,0.6081622259372469,684
psppsgva,political,FR,0.07871670285775034,0.041356565787729074,0.08271689588045708,0.032036886949569014,2.1324404761904763,3.6587053571428574,0.912908584081554,0.5780982409984273,672
psppsgva,political,GB,0.12967861074698186,0.000839901700681027,0.12034623220005998,0.0019538877443733126,2.1333333333333333,3.5957575757575753,0.8357224225947983,0.6143060795326016,660
psppsgva,political,GR,0.06836802862136017,0.075025286362166,0.0882690820688906,0.021429161166526635,1.9970544918998527,3.609057437407953,1.047538278025633,0.5667167209716171,679
psppsgva,political,HR,0.06568520755996429,0.08886360221108192,0.09481346174253476,0.013939789892241228,1.6428571428571428,3.5561011904761903,0.78575783261367,0.6544300316667275,672
psppsgva,political,HU,0.048556622015566854,0.20534004181316962,0.06780451720946831,0.07680841060349868,1.9824046920821115,3.509897360703812,0.9768155702608059,0.638343686418286,682
psppsgva,political,IE,0.0934121200399474,0.015043196576165273,0.09080000847267447,0.018124594184231443,2.2629246676514034,3.5760709010339733,0.9647633682632638,0.6559156712159515,677
psppsgva,political,IL,0.060643295147537954,0.12016893125732969,0.06392904336215782,0.1013310253553088,1.965045592705167,3.645060790273556,1.013002265547011,0.5720020749720072,658
psppsgva,political,IS,0.028954736812788626,0.45398231079205525,0.04448776425360824,0.24980734690700596,2.5767511177347244,3.727496274217586,0.8497561699763808,0.6162539621630194,671
psppsgva,political,IT,0.08155307132772714,0.03550037828675689,0.0672167006140022,0.08326373606161266,1.7759398496240602,3.5704511278195494,0.7699309912688556,0.5887651267614642,665
psppsgva,political,LT,0.03364387440175419,0.38352388361429746,0.04488810892953873,0.24486206838437724,2.236255572065379,3.6596582466567606,0.9830674812447819,0.5990471369738479,673
psppsgva,political,LV,0.06039446267209274,0.1188929399037532,0.07658874094184417,0.04785103275168904,1.8158682634730539,3.5358532934131732,0.9214679283834347,0.5916001395128266,668
psppsgva,political,ME,0.02766046913774239,0.47574347706865355,0.03711090474284123,0.3385819441887539,2.1934032983508245,3.605697151424288,0.9038215283584695,0.5924935230124404,667
psppsgva,political,NL,0.041936547177614844,0.2762370854357617,0.040273982534531294,0.29574117954241924,2.544378698224852,3.770044378698225,0.9250975036124607,0.594712378248871,676
psppsgva,political,NO,0.02865944327039116,0.45659134984089583,0.03119291270763967,0.41776045795321237,2.895125553914328,3.7596011816838995,0.8280885474977414,0.5878926263502076,677
psppsgva,political,PL,0.09627764024047272,0.013133888280094012,0.0917459830971351,0.018133779168503308,2.268476621417798,3.622247360482655,0.8847577726674779,0.5672911615592152,663
psppsgva,political,PT,0.08639393333133766,0.025225441425939292,0.12600381491974932,0.0010719798019124557,1.9910581222056631,3.5257078986587183,0.9650197962034397,0.620386300872813,671
psppsgva,political,RS,0.007069955532025182,0.8588733959539124,0.019592126872559675,0.6221676169900895,1.853543307086614,3.5365354330708665,1.0305885791593936,0.6381254313781416,635
psppsgva,political,SE,0.06879812202379225,0.07320733468076303,0.07055163430688828,0.06616400764941663,2.6671575846833577,3.79580265095729,0.8980293191323413,0.5538821658270653,679
psppsgva,political,SI,0.07698574092066526,0.04670384576551201,0.07264673133077779,0.06057720707984931,2.1497005988023954,3.6645209580838323,0.8527492711928171,0.5948607319488091,668
psppsgva,political,SK,0.015500485911362919,0.688350516401422,0.009582193018607348,0.8041792226101288,2.0297619047619047,3.53125,0.911431590313995,0.619749180071827,672
psppsgva,political,UA,0.02750434399604011,0.47923354381315436,0.01958395501851292,0.6144436027328579,1.7575301204819278,3.3373493975903616,0.9763124742401114,0.5512001644837714,664
vote,political,AT,-0.04272832688405127,0.26690833679976744,-0.05837874512749345,0.12915134352227836,1.2998522895125555,2.138847858197932,0.5654369222650558,0.6236800278303681,677
vote,political,BE,-0.025768006018511543,0.5020183376353806,-0.034527235697797115,0.36831456301233756,1.353891336270191,2.2422907488986783,0.6835377135329757,0.6171829102887786,681
vote,political,BG,-0.04751778596886049,0.21453944046159584,-0.061223117131058026,0.109650819755201,1.3859649122807018,2.1695906432748537,0.5702549623165922,0.6360652808887999,684
vote,political,CH,0.020947338803570668,0.5894514069025097,0.019889486443786318,0.6083893050740657,1.6711711711711712,2.2237237237237237,0.7975399077732456,0.6296737013510892,666
vote,political,CY,-0.019644347976742416,0.609886571416016,-0.017004487013923184,0.6587368007134629,1.3471196454948302,2.1654357459379616,0.5951317333519341,0.617150347135006,677
vote,political,DE,-0.08380272099815987,0.028294389398431243,-0.08036982226495724,0.03546220864925202,1.34014598540146,2.194160583941606,0.6663880836812058,0.6083923815799889,685
vote,political,EE,-0.0555809467909395,0.14706912265523636,-0.06331973171874887,0.09848810072892585,1.3709677419354838,2.2947214076246336,0.6379403823322093,0.603174418351499,682
vote,political,ES,-0.045708247896809946,0.23287441211138601,-0.059995209976270475,0.11723857840478026,1.390922401171303,2.210834553440703,0.6683280215653653,0.6380411558634521,683
vote,political,FI,-0.07713235723054424,0.045152791057857404,-0.07913046816469198,0.03985166812019648,1.1896296296296296,2.277037037037037,0.4649868499582924,0.5982095864399996,675
vote,political,FR,-0.073933557055207,0.05596163487066817,-0.09215210966315533,0.017119326077719082,1.4872944693572496,2.218236173393124,0.6276345705710873,0.6498934950567453,669
vote,political,GB,-0.10348356605960171,0.006958646483718261,-0.11739921106757693,0.0021831830622936555,1.3711340206185567,2.2061855670103094,0.6053768747466809,0.6347066549087711,679
vote,political,GR,-0.06876478656176238,0.0720836986807467,-0.07199076954817527,0.05967576812961481,1.186861313868613,2.2467153284671535,0.42933675189472303,0.6724585135674713,685
vote,political,HR,0.026035736594352567,0.5001306817810011,0.03910817647796447,0.31103369275787296,1.347696879643388,2.1827637444279344,0.5858435744254655,0.6081295232242148,673
vote,political,HU,-0.029089285055045183,0.4475219583853446,-0.014618519814272245,0.7027246883117721,1.2792397660818713,2.1447368421052633,0.5352373957481539,0.6248526064931295,684
vote,political,IE,-0.07019313745755915,0.06655096655245336,-0.06535621927376939,0.0876387558064827,1.317251461988304,2.1330409356725144,0.6051952152270625,0.6503668013973996,684
vote,political,IL,-0.04140671929261992,0.28523214463259816,-0.052845257991894906,0.17249902929440938,1.31437125748503,2.215568862275449,0.5584058965658902,0.60104616919148,668
vote,political,IS,-0.017763109950260682,0.6435574544183619,-0.025179968712180742,0.5118287917753986,1.2657856093979443,2.2290748898678414,0.6241379993273689,0.59193640007707,681
vote,political,IT,-0.07524687236905643,0.05155382596554411,-0.08699116795231823,0.024336429747783384,1.4119402985074627,2.201492537313433,0.6067685950755983,0.6420707664673715,670
vote,political,LT,-0.046051257885172656,0.23041254009339016,-0.052085628407048654,0.17489272611357076,1.4294117647058824,2.1544117647058822,0.5827816147282077,0.663354669712204,680
vote,political,LV,-0.015679002364841554,0.6827354692268047,-0.018899062960369337,0.6222315612999119,1.4120234604105573,2.156891495601173,0.6264148832123065,0.6109771788094494,682
vote,political,ME,-0.048842048033215145,0.2063795754593176,-0.045105209846593435,0.24328880330286623,1.195230998509687,2.1639344262295084,0.42920394761651304,0.6034319918830879,671
vote,political,NL,-0.01885770244664589,0.623762273631435,-0.01848593135698485,0.6306209169108694,1.2974963181148749,2.211374328394097,0.6215236579847957,0.5911548024718035,679
vote,political,NO,-0.0013284744358605253,0.9723750532818825,-0.0036858188208193986,0.9234575180786873,1.3064516129032258,2.2170087976539588,0.6581150639893231,0.5959761029949019,682
vote,political,PL,-0.07313942985267291,0.05679562602708212,-0.05897371331002839,0.12472978202557891,1.1973490427098674,2.2179675994108985,0.47590192012274535,0.6020378315115026,679
vote,political,PT,-0.08005605987410931,0.03758052420190204,-0.09251497455571277,0.016202902390177878,1.3466666666666667,2.185185185185185,0.5827388520880838,0.6466667006570329,675
vote,political,RS,0.014276508126087223,0.7126391178838266,-0.003626719788249879,0.9254588039438886,1.251497005988024,2.197604790419162,0.47697903516928547,0.6169958748178426,668
vote,political,SE,-0.11998953152084821,0.0016548366832005593,-0.12089993087566593,0.0015238104396706087,1.1284671532846715,2.281751824817518,0.4404524695582757,0.602894938393155,685
vote,political,SI,-0.01622183652291434,0.6723783811342517,-0.021723190644755648,0.571169393291527,1.310850439882698,2.2170087976539588,0.5962433876406844,0.6081708667414372,682
vote,political,SK,-0.08102122950586003,0.03399405733928354,-0.07474037245121568,0.050547012708905256,1.2452554744525548,2.178102189781022,0.47878543994453426,0.6000384159810875,685
vote,political,UA,-0.032025629965105135,0.41106048499550807,-0.023506592819551128,0.5463143751969968,1.37821482602118,2.1376701966717095,0.5441789666270188,0.6448772635194663,661
actrolga,efficacy,AT,0.14317398302465123,0.00020967805141954395,0.15417558395290007,6.462794406424066e-05,2.3363363363363363,3.174174174174174,1.0539297465997963,0.46823263255476616,666
actrolga,efficacy,BE,0.08391900125621894,0.028539547321832077,0.0914398306620908,0.016994344803392923,2.1674008810572687,3.276064610866373,1.0267856036304521,0.46982451848774137,681
actrolga,efficacy,BG,0.11256165146380373,0.0034559710491099366,0.15220795666745965,7.358181552442501e-05,1.9227340267459139,3.0772659732540864,1.1636752695756687,0.5455204065609152,673
actrolga,efficacy,CH,0.11137992666259029,0.0037627953743797167,0.11764046258169777,0.002203338499367622,2.3496296296296295,3.238888888888889,1.1279346211135373,0.4827002231614962,675
actrolga,efficacy,CY,0.18417218978269959,1.6496630259923576e-06,0.19754751315180924,2.6469077603390565e-07,2.031437125748503,3.1197604790419162,1.111706699020294,0.5454172737580955,668
actrolga,efficacy,DE,0.15474163774528382,5.139637996730296e-05,0.16285006430492843,2.0065136666184112e-05,2.2901325478645065,3.2739322533136965,1.060029976805696,0.5308319858236961,679
actrolga,efficacy,EE,0.1872973604614458,9.557319878190403e-07,0.19427876988231196,3.643492998179996e-07,2.065185185185185,3.2728888888888887,1.0386677239279896,0.5170302476195289,675
actrolga,efficacy,ES,0.19515624771212847,3.0309898941081595e-07,0.21775721394290443,1.0133752470480396e-08,1.8761061946902655,3.1430678466076696,1.0324090371653345,0.46932872468606124,678
actrolga,efficacy,FI,0.1041121805901074,0.00638520643505403,0.11866472528445238,0.0018640470500621766,2.4437956204379563,3.2923357664233577,1.0603749001783096,0.5380578334392369,685
actrolga,efficacy,FR,0.15495651250260292,5.146378654656467e-05,0.16238942570560524,2.179602606677381e-05,2.119645494830133,3.2511078286558344,1.1248331335278972,0.5063380380437386,677
actrolga,efficacy,GB,0.14914448035436487,0.00011183536901178114,0.1669561793946087,1.4845119716022886e-05,2.2162162162162162,3.1876876876876876,1.1244814108760588,0.5108433820271737,666
actrolga,efficacy,GR,0.10484888878344391,0.006600231307020933,0.10993957688055067,0.004385106811777176,2.1507462686567163,3.1432835820895524,1.0430026125204441,0.4309491317308991,670
actrolga,efficacy,HR,0.12775342588419838,0.0009271545874727091,0.15469129336894208,5.8738473025043945e-05,1.7877428998505231,3.062780269058296,1.0337562255196147,0.5544636895984814,669
actrolga,efficacy,HU,0.09273250165401796,0.015642696030901945,0.09398214532873542,0.014291018754183846,1.8865979381443299,3.0795287187039766,0.9853409643285633,0.5508179077851876,679
actrolga,efficacy,IE,0.16918264220132367,1.052582298171294e-05,0.16574420716056174,1.594159538406132e-05,2.2295081967213113,3.15946348733234,1.1174703159468111,0.5324365379539775,671
actrolga,efficacy,IL,0.08707458905866843,0.024628520016218604,0.09579152700267893,0.013393348059492759,2.1426426426426426,3.1981981981981984,1.1758528812821236,0.48718593174164443,666
actrolga,efficacy,IS,0.11509011133014116,0.0025739128058121547,0.10163256153876281,0.00781254560871133,2.652046783625731,3.340643274853801,1.095169170364703,0.5351894027962384,684
actrolga,efficacy,IT,0.14494918627092035,0.0001629556039037584,0.17839785659311813,3.265536284623984e-06,1.8616071428571428,3.0892857142857144,0.8804292614852455,0.4706637624271516,672
actrolga,efficacy,LT,0.10874189870946087,0.004899109210572114,0.10472713013753679,0.006746004499198415,1.9491017964071857,3.1137724550898205,0.9904108918774025,0.5271536726823112,668
actrolga,efficacy,LV,0.13843327565102245,0.00034663847160773157,0.1492698548003028,0.00011300796775856461,1.5060240963855422,3.125,0.7118644434468039,0.5663050039210878,664
actrolga,efficacy,ME,0.09454350336395409,0.015501278057644901,0.09591827364001848,0.01405678928949097,2.0931297709923666,3.114503816793893,0.9280862918343994,0.4533467355127736,655
actrolga,efficacy,NL,0.13404354498275323,0.00044811488474213155,0.14574645433907782,0.0001336578254957199,2.1099706744868034,3.3149560117302057,1.095144938686441,0.5249466075644915,682
actrolga,efficacy,NO,0.1266959446579405,0.0009212223569768063,0.12935448656971033,0.0007152753109441951,2.6930983847283407,3.34287812041116,1.078436751539429,0.5506519650324595,681
actrolga,efficacy,PL,0.10389859918922412,0.007197201974884678,0.11236885622931489,0.0036371700615723066,2.1077844311377247,3.1467065868263475,1.0157969087161305,0.48919778668681374,668
actrolga,efficacy,PT,0.17582515644424643,4.044196342282697e-06,0.19527187071355112,2.9222183311957907e-07,1.7025036818851251,3.070692194403535,0.9805676398764414,0.5755679184204016,679
actrolga,efficacy,RS,0.1019626150516019,0.008656754144227084,0.13650470422999003,0.0004282388637981632,1.904833836858006,3.069486404833837,1.170104493647702,0.49932424134970715,662
actrolga,efficacy,SE,0.2027333673016538,9.485361344512781e-08,0.21906650226581206,7.624283600059152e-09,2.679882525697504,3.433553597650514,1.0807230631020466,0.5471259134219226,681
actrolga,efficacy,SI,0.16968009507650794,1.0692759884729432e-05,0.16835525195217593,1.2550912753591833e-05,1.9744744744744744,3.1621621621621623,0.9875663610069859,0.5003554924018236,666
actrolga,efficacy,SK,0.12781583218841946,0.0008509298393740547,0.1299536599016109,0.0006939975657202572,1.8554572271386431,3.073746312684366,0.8913127492227471,0.49564228709716596,678
actrolga,efficacy,UA,0.12189670700250815,0.001718735002949167,0.12829991093174067,0.0009634588370103659,1.7450682852807284,2.956297420333839,1.009959125182678,0.5290660546000975,659
cptppola,efficacy,AT,0.0501544449320951,0.19476624051220248,0.06403416057093325,0.09770398603830549,2.68955223880597,3.1641791044776117,1.1975478593540263,0.4765664102299238,670
cptppola,efficacy,BE,0.054203635244799375,0.15675872986658063,0.07099505307513175,0.06349525088489073,2.0716374269005846,3.3523391812865495,1.0148889877783287,0.6051103227098242,684
cptppola,efficacy,BG,0.06394328262394992,0.11170189297757128,0.09118346520456855,0.023171202319706465,2.085483870967742,3.2048387096774196,1.098147474315381,0.5554626415490534,620
cptppola,efficacy,CH,0.16483745103138037,1.628588016624931e-05,0.18628809003339003,1.0560162269030683e-06,2.7178729689807977,3.3161004431314622,1.0638726685300108,0.5683393555195239,677
cptppola,efficacy,CY,0.10252537464956903,0.007772144823739874,0.10115628783642663,0.008637408831342728,2.0787518573551265,3.1872213967310548,1.0984473292151014,0.5956315475979086,673
cptppola,efficacy,DE,0.13644765220730953,0.0003816770496482641,0.14010970879755966,0.00026354972286203734,2.664688427299703,3.3456973293768546,1.0430692398792933,0.6172995427591279,674
cptppola,efficacy,EE,0.13232022160955237,0.0005570758733593748,0.1530897200675415,6.347282283934704e-05,1.8847858197932053,3.4180206794682424,0.9334460031224998,0.677949557948099,677
cptppola,efficacy,ES,0.16863880481619653,9.381827153435459e-06,0.1607246871085656,2.4409186123396988e-05,2.171303074670571,3.206442166910688,1.1519189270355241,0.5573971433930625,683
cptppola,efficacy,FI,0.13126909079730223,0.0005725805259228567,0.1443467353652947,0.00015011066789997807,2.3401459854014597,3.3985401459854017,0.9776343818141108,0.6167716128646414,685
cptppola,efficacy,FR,0.1324819159241645,0.0005483548637571141,0.13719068812940083,0.0003436743891663345,2.2319054652880355,3.2850812407680947,1.006334112548886,0.6129511024878427,677
cptppola,efficacy,GB,0.21970041594703626,1.0084798991059158e-08,0.23165441488330926,1.4525229281989235e-09,2.2867867867867866,3.2237237237237237,1.0776078518140602,0.5479492391357262,666
cptppola,efficacy,GR,0.12103932280859189,0.0017382065540530163,0.11742573697156486,0.0023854650048665267,2.28335832083958,3.1904047976011993,1.0536973921559336,0.5181663656002876,667
cptppola,efficacy,HR,0.11589458993151672,0.0025456848460956964,0.12471017663359153,0.0011574782248525877,1.8150887573964498,3.171597633136095,0.9411467352627001,0.5222383088154197,676
cptppola,efficacy,HU,0.05622000835016831,0.14424335156953702,0.07048750368154749,0.06701670300652916,1.856508875739645,3.149408284023669,0.9530313126461624,0.48367384681646397,676
cptppola,efficacy,IE,0.1443770659823161,0.0001582345851931023,0.15700497506966285,3.9193016585019235e-05,2.2044117647058825,3.2308823529411765,1.107337134642515,0.5979240850393593,680
cptppola,efficacy,IL,0.07592231550887688,0.050174637443536826,0.05046661146458801,0.19333615674025947,2.1366366366366365,3.27027027027027,1.184210701929987,0.541997629702876,666
cptppola,efficacy,IS,0.13858785678536123,0.0002832761166855843,0.13740025902882877,0.0003197812645796671,2.7565982404692084,3.4252199413489737,1.0150087403093573,0.6533391212494952,682
cptppola,efficacy,IT,0.11828699835473255,0.0022829655749100324,0.1404529361269579,0.00028599559100567066,2.055806938159879,3.1689291101055805,0.8629107833795074,0.5142676423400253,663
cptppola,efficacy,LT,0.12405488770623396,0.0013260418848829087,0.12239502280179511,0.0015401958433344544,1.944527736131934,3.235382308845577,0.957777963822151,0.590267636033872,667
cptppola,efficacy,LV,0.12114118320573884,0.001695087159038083,0.13442403213922566,0.0004899074458322797,1.5500747384155455,3.1689088191330343,0.8240150137641918,0.5525028835077532,669
cptppola,efficacy,ME,0.002860038524681948,0.9418497565259902,0.018675542913037687,0.6338182842414566,2.1562021439509955,3.196018376722818,1.0242963927396431,0.5267530587835744,653
cptppola,efficacy,NL,0.11288211470253497,0.003113494150125528,0.1303929721140077,0.0006294722561950174,2.128654970760234,3.35562865497076,1.082726320396843,0.5714739485810587,684
cptppola,efficacy,NO,0.0874632075014827,0.02215725534457889,0.10322245932317574,0.006894440584780838,2.690058479532164,3.391812865497076,1.0647365085281462,0.6298970982531015,684
cptppola,efficacy,PL,0.15183880020166043,7.385709708031157e-05,0.15305382106979562,6.453081521985384e-05,1.9511834319526626,3.205621301775148,0.9280717191750327,0.5339144598615642,676
cptppola,efficacy,PT,0.1945561797056239,3.046497923187113e-07,0.21477768038224637,1.4711278827125174e-08,1.7096774193548387,3.131964809384164,0.94838616228976,0.5581108884542543,682
cptppola,efficacy,RS,0.08932589790279125,0.02213336229096179,0.1091058604757481,0.00514998331722364,1.891768292682927,3.1463414634146343,1.1413903058109518,0.5299448617612668,656
cptppola,efficacy,SE,0.11596548250630864,0.002511460911572323,0.13177734708891853,0.0005873077193643031,2.691285081240768,3.463810930576071,1.07174481831764,0.6300692267299379,677
cptppola,efficacy,SI,0.08012164625634993,0.03799473875574613,0.10283346105997646,0.007678990899126316,1.9821162444113263,3.2280178837555886,0.966440920149137,0.5731729750966862,671
cptppola,efficacy,SK,0.032330564907000515,0.40062608071257305,0.010279973377214422,0.789324768970558,1.612094395280236,3.1283185840707963,0.867074425307997,0.4609352178083303,678
cptppola,efficacy,UA,0.07786657054302143,0.04360805956517946,0.11674942522992675,0.0024356089912867134,1.7172619047619047,2.9955357142857144,1.0432379391929856,0.5164746473116889,672
trstprl,inst_trust,AT,0.03613981014031894,0.3481403073093894,0.021443011648458177,0.5778345799021977,5.100591715976331,6.05103550295858,2.475707085920994,1.7722090317090156,676
trstprl,inst_trust,BE,0.08115489842883214,0.03655274351486302,0.057335640147481035,0.1399797030505442,4.697289156626506,6.423192771084337,2.2917502780793577,1.5778361336793008,664
trstprl,inst_trust,BG,0.07911172076935966,0.039604743363965605,0.0681977556471748,0.07618920867306614,2.511078286558346,5.48493353028065,2.158363022331934,2.013484983336012,677
trstprl,inst_trust,CH,0.12859770266427709,0.0009372639941590029,0.08787065415423273,0.024082561812111297,6.477996965098634,6.8019726858877085,1.8835518071784279,1.3231096715315107,659
trstprl,inst_trust,CY,0.07151819898186862,0.06330661346389385,0.08343357412597809,0.03020205665095367,3.934814814814815,5.645185185185185,2.4528587608483297,2.041582505650123,675
trstprl,inst_trust,DE,0.07419736525732365,0.053296661436960414,0.07307271986578377,0.057022506768211204,5.151693667157585,6.453313696612666,2.6327233766573697,1.5811435148109247,679
trstprl,inst_trust,EE,0.19195461805355937,5.451004821239045e-07,0.15233067858224003,7.441519089817938e-05,4.7168405365126675,6.668852459016394,2.584742748808577,1.3515381046601764,671
trstprl,inst_trust,ES,-0.01516035848934881,0.6961443074731666,-0.026207586421435104,0.49955885798724486,4.304804804804805,5.983483483483483,2.6383877010571553,1.8288902581671005,666
trstprl,inst_trust,FI,0.13684297266889192,0.000334984492237499,0.14594303652621124,0.00012937760111606653,6.5915080527086385,6.306734992679356,2.010613607156059,1.6817935802817607,683
trstprl,inst_trust,FR,0.11865666984596576,0.0020945217327854398,0.1080607705472996,0.0051092478113949555,4.280597014925373,6.2701492537313435,2.5059712727248127,1.697665232683999,670
trstprl,inst_trust,GB,0.13240592067778098,0.0006310216339138605,0.13012864944291888,0.0007833184182058396,3.579185520361991,5.631221719457014,2.5715127620662868,1.974759043164706,663
trstprl,inst_trust,GR,-0.0026928077913451923,0.9439980336760565,-0.005405456735253758,0.8878620990390745,3.156661786237189,5.85285505124451,2.140325429826275,1.7186496151010278,683
trstprl,inst_trust,HR,-0.023732067745902294,0.5397251538012166,-0.0038312381570752407,0.9211507133962358,2.9388059701492537,5.6626865671641795,2.4847790892222896,1.922165244969139,670
trstprl,inst_trust,HU,0.02976503240535629,0.44247093193654763,0.04264274634114737,0.2710847387609346,4.558383233532934,5.440119760479042,2.9116740301773683,1.969255748126174,668
trstprl,inst_trust,IE,0.045716504235569305,0.2415666148110717,0.03883466433741144,0.3199070251241709,5.0638297872340425,6.003799392097265,2.346446890956496,1.813924033153368,658
trstprl,inst_trust,IL,0.15131097136125818,9.88254186373581e-05,0.15008641584281815,0.00011265387185988581,3.8234398782343986,5.420091324200913,2.713875543622654,1.886672930781787,657
trstprl,inst_trust,IS,0.16367185805452655,1.8193766882098043e-05,0.13293926700784528,0.0005144333969148601,5.547864506627393,6.769661266568484,2.2998635343427924,1.4532310771369108,679
trstprl,inst_trust,IT,0.07754476471649391,0.04496658043295238,0.08466539294956683,0.028545210466461975,4.433482810164424,5.85949177877429,2.380148055907949,1.774230130421582,669
trstprl,inst_trust,LT,0.0316415198447664,0.410746135413043,0.03507330041555332,0.3618481118218673,3.725663716814159,5.743805309734514,2.533956525681425,1.828418767141914,678
trstprl,inst_trust,LV,0.06389691709994769,0.0989319413295163,0.07548626108915112,0.05116134024264133,3.0973053892215567,5.547904191616767,2.3952336321274927,1.913992924319529,668
trstprl,inst_trust,ME,-0.05158030252933746,0.1836777278230239,-0.05434137201156699,0.16127770615436057,4.192192192192192,5.946696696696697,2.4084436054432747,1.763394595758412,666
trstprl,inst_trust,NL,0.12832446528897584,0.0008181551936780421,0.09089467878439585,0.01800394861498846,5.2437223042836045,6.5050221565731166,2.1125105720099615,1.4693832606464945,677
trstprl,inst_trust,NO,0.16400865974947343,1.7475789482819154e-05,0.16734489000189248,1.167746568940141e-05,6.484536082474227,6.735640648011782,2.356684971389812,1.4633161798999905,679
trstprl,inst_trust,PL,0.08971492629738158,0.02086868471515097,0.08554856684360412,0.027619121113606173,3.9200603318250375,5.600301659125188,2.5993152705104188,1.8578973023839889,663
trstprl,inst_trust,PT,0.13581147155268758,0.0004360535111928887,0.12396831714724058,0.0013364958563981837,4.376311844077961,5.499250374812593,2.631680895367006,2.017286266661916,667
trstprl,inst_trust,RS,-0.1376792528202283,0.0005240837931296086,-0.1193309854461547,0.002679030360440895,4.1727416798732175,5.252773375594295,3.0953552394776302,1.944439628988794,631
trstprl,inst_trust,SE,0.09982541538563494,0.009243211841424733,0.05776801662596834,0.13263803358416734,6.278350515463917,6.835051546391752,2.216321779647531,1.3111310240535863,679
trstprl,inst_trust,SI,0.146614255543925,0.00013504169454341884,0.12267434817828872,0.001429721342223,4.188707280832095,5.918722139673106,2.472176773414355,1.8627952390797742,673
trstprl,inst_trust,SK,0.09492241438830638,0.013342842111639715,0.10416932347491198,0.006591667327042269,4.119293078055964,5.072901325478645,2.784103966764599,1.9622699908008712,679
trstprl,inst_trust,UA,0.0062983521230807705,0.8717944216984073,0.007450288208146072,0.8486071771584254,2.2336874051593325,4.062974203338391,2.570587711946576,1.9056931863786775,659
trstplt,inst_trust,AT,-0.023799778348762093,0.5367490189100153,-0.006474654872461079,0.8665587015095353,3.6420118343195265,5.8273668639053255,2.482342640241964,1.8575745687710135,676
trstplt,inst_trust,BE,0.140685930263819,0.00024579286452601663,0.12458244844818549,0.0011811563033303678,4.124444444444444,6.08,2.231932625397228,1.7495993606676545,675
trstplt,inst_trust,BG,0.10666696260370398,0.005466220868943378,0.11770079009514677,0.0021586303293673823,2.208271787296898,5.094239290989661,2.073941477348428,2.0529699705674136,677
trstplt,inst_trust,CH,0.10746049500020681,0.00560941113500204,0.0850842720382923,0.028476674707814193,5.604826546003016,6.4288084464555055,1.915300357856391,1.6120672953578539,663
trstplt,inst_trust,CY,0.08522984055527472,0.026924171637336465,0.10115521761119957,0.008588566279617862,2.6839762611275964,5.025222551928783,2.2574581504581874,2.1536696685044285,674
trstplt,inst_trust,DE,0.06057388950289485,0.11480658353672177,0.08345250077135606,0.029677995635287245,4.070692194403534,6.3976435935198825,2.3475986521687746,1.7104727864023606,679
trstplt,inst_trust,EE,0.08399031876650612,0.029354139698350743,0.09570358682586032,0.012996910964543576,3.5958395245170878,6.358543833580981,2.3248362559686737,1.7011784137684065,673
trstplt,inst_trust,ES,0.026707712680582606,0.4862283566886667,0.04402388405593076,0.2509119515880476,2.7448680351906156,5.3885630498533725,2.36208643619275,2.062542943721971,682
trstplt,inst_trust,FI,0.04724719667883942,0.21750192115757702,0.05240087139551384,0.17134654678297548,5.3850658857979505,6.341142020497804,2.0246746496663777,1.675033990649124,683
trstplt,inst_trust,FR,0.056524531154935484,0.14237563247869997,0.04902101433361755,0.20337042474831862,3.897777777777778,5.778518518518519,2.171417601840464,1.9367362641445018,675
trstplt,inst_trust,GB,0.06722917564865508,0.08228143891901331,0.07376359857580728,0.056529847882410736,2.920777279521674,5.082212257100149,2.3191474519560296,2.1637591781958507,669
trstplt,inst_trust,GR,0.006558243059725813,0.8652504723839863,0.008546986896336482,0.8249719211882435,2.668154761904762,5.221726190476191,2.075690864791044,1.9098391399319128,672
trstplt,inst_trust,HR,-0.030417405358578207,0.4304637006160161,0.007493607601901687,0.8460294749654849,2.0623145400593472,5.155489614243324,2.178301337093202,2.075056950981751,674
trstplt,inst_trust,HU,0.03642624838924557,0.3446888683307764,0.03248707929932281,0.3993978392623645,4.069629629629629,5.10562962962963,2.689061093743755,2.0756674974454947,675
trstplt,inst_trust,IE,-0.0015588606370070045,0.9680912526550405,-0.0016724347734260714,0.9657678477571431,4.299546142208775,5.2553706505295015,2.40916490744755,2.08313336041131,661
trstplt,inst_trust,IL,0.19976358458369517,2.1905005548536513e-07,0.2000699599549238,2.0971705087433567e-07,3.2416918429003023,5.0604229607250755,2.4963905275144294,2.0047534591636795,662
trstplt,inst_trust,IS,0.13013032079986556,0.0007549036837211415,0.13611724696752836,0.00042310417437484626,4.7901049475262365,6.381559220389805,2.2038100684492545,1.724728806819572,667
trstplt,inst_trust,IT,0.10429365161718247,0.006687745799732029,0.11567207805160769,0.0026143069312215186,3.3925925925925924,5.431111111111111,2.3216702530807436,1.9347849184119517,675
trstplt,inst_trust,LT,0.059783571224956686,0.12211596904058783,0.07216664393422026,0.06191080763342174,3.4686567164179105,5.478507462686567,2.3070833252017966,2.0087143883502083,670
trstplt,inst_trust,LV,-0.0613226009319984,0.11606523365195191,-0.03414535935673024,0.3818625172587401,2.606382978723404,5.194528875379939,2.1983296521442695,1.994131536383913,658
trstplt,inst_trust,ME,0.033436066682161834,0.3868246417045579,0.024177209143927226,0.531531721062874,3.6875,5.654017857142857,2.2471624763757068,1.9704633994628078,672
trstplt,inst_trust,NL,0.21052685633487458,3.5218237662632185e-08,0.18762344013256946,9.490364488011168e-07,4.842496285289747,6.253491827637445,2.0424456505565214,1.6624504531665623,673
trstplt,inst_trust,NO,0.050692753446328044,0.18737916153430262,0.04792983398357526,0.21260608853644763,5.277286135693215,6.572271386430678,2.063923142773427,1.5729239216554458,678
trstplt,inst_trust,PL,0.0496659609704974,0.20118602830294272,0.06726468363789291,0.08327609126665458,2.8644578313253013,5.203313253012048,2.3269038345476796,1.9615661205562989,664
trstplt,inst_trust,PT,0.07609387247357191,0.04796852120622528,0.080354297504422,0.03673260479846055,2.8801775147928996,4.947485207100592,2.358057700012865,2.0991658748539184,676
trstplt,inst_trust,RS,-0.11974966349660424,0.002298312792793838,-0.10871525581187363,0.005674585092176942,2.876160990712074,4.7592879256965945,2.850837733332738,2.0107537529381263,646
trstplt,inst_trust,SE,0.03932093341211926,0.3069680638657818,0.032739528557746714,0.39504108322023596,4.861152141802068,6.713884785819793,1.9973904207968007,1.569056119152292,677
trstplt,inst_trust,SI,0.10750554383029129,0.00527466609695242,0.10630534336348901,0.0058078139617400906,3.21875,5.741071428571429,2.285457084142585,1.989894899669551,672
trstplt,inst_trust,SK,0.08525485215816275,0.026653128968702464,0.09875936457498351,0.010191158343525424,3.8624260355029585,4.787721893491124,2.629802308103469,1.9906403554545984,676
trstplt,inst_trust,UA,0.009882192951804045,0.7990655389817212,0.027829507616897384,0.4733832464224186,2.015015015015015,3.780780780780781,2.3324612995846095,1.9044838244482292,666
trstlgl,inst_trust,AT,0.07645076715827334,0.04676476609544967,0.06434655622661456,0.09434945309576893,6.630723781388479,7.185081240768095,2.333725259706377,1.2790987723493745,677
trstlgl,inst_trust,BE,0.08659503196158899,0.024351688540417235,0.03644832876089572,0.34403784053883163,5.355029585798817,7.377218934911243,2.459386523748851,1.1371238387216611,676
trstlgl,inst_trust,BG,0.1258386114210395,0.0011764289750119923,0.12289823087117148,0.0015342052606576618,3.8549848942598186,6.710422960725076,2.9189968200522163,1.6206767611873265,662
trstlgl,inst_trust,CH,0.1268360397869832,0.0010276912611800163,0.07135176633075552,0.06552686663622505,6.938530734632684,7.5877061469265366,1.97904933653923,0.9456865805941799,667
trstlgl,inst_trust,CY,0.06448624294446363,0.09560299667585745,0.09353494787509847,0.015517613311583392,4.36322869955157,6.813901345291479,2.646525070562382,1.6861005918454393,669
trstlgl,inst_trust,DE,0.15463752270810918,5.200533528982305e-05,0.12818658351601434,0.0008142486212053818,6.325478645066274,7.452871870397644,2.34962785587877,1.0611758796591593,679
trstlgl,inst_trust,EE,0.15677858055283872,4.708282060874717e-05,0.1177420050082452,0.002303447034606046,6.333832335329341,7.5553892215568865,2.4588229254549754,0.8892584033618226,668
trstlgl,inst_trust,ES,-0.0036926993273394527,0.923766443428937,0.039165071472877164,0.3099692228947919,5.301186943620178,6.989614243323442,2.621167420922754,1.441750267258538,674
trstlgl,inst_trust,FI,0.09876742488266221,0.009854152840885646,0.1137677081019025,0.0029272747149243264,7.478005865102639,7.451612903225806,1.8804856466401407,1.1841483775434742,682
trstlgl,inst_trust,FR,0.016468370104570872,0.668846704231805,-0.0026020464438939,0.9461213853114557,5.2924667651403245,7.197932053175776,2.4513284589709055,1.3121964878002588,677
trstlgl,inst_trust,GB,0.16862798857268288,1.2517628686907913e-05,0.16189678944567665,2.7698099357281e-05,5.525602409638554,6.950301204819277,2.535290808906487,1.5729423772376914,664
trstlgl,inst_trust,GR,0.002503114349451653,0.9481286080922522,0.03715795737347312,0.3340024920313293,5.2492625368731565,7.057522123893805,2.540331870778,1.110083125401004,678
trstlgl,inst_trust,HR,-0.042770345147970436,0.26786045375769985,-0.036023517271586154,0.35077015226469466,3.176820208023774,6.786775631500743,2.460388082545899,1.5360994894693993,673
trstlgl,inst_trust,HU,-0.012122971575409537,0.7534010445981321,0.030263771447414323,0.43279693655092233,5.37240356083086,6.690356083086054,2.7886222629029875,1.6429268063867664,674
trstlgl,inst_trust,IE,0.07598076084500309,0.0501705985894567,0.10654348050730283,0.0059565685696156,5.697744360902256,6.973684210526316,2.431051205686691,1.563076146155727,665
trstlgl,inst_trust,IL,0.22626144581367394,4.37921798298265e-09,0.18705789124720668,1.3523133275822357e-06,4.513677811550152,7.037234042553192,2.8456960745484094,1.3992484207637372,658
trstlgl,inst_trust,IS,0.15568487064369396,4.800624696409606e-05,0.14918011076319534,9.888534340714397e-05,6.18491124260355,7.421597633136095,2.189498875415054,1.1878051184190688,676
trstlgl,inst_trust,IT,0.0437904470172008,0.25695877342599177,0.07842890601982798,0.04210751201022064,5.508928571428571,7.129910714285715,2.294926182401035,1.2304196966361234,672
trstlgl,inst_trust,LT,0.1257762503241473,0.0011729765755262313,0.10496252023505391,0.00682975984356686,5.313725490196078,6.935143288084465,2.5003761342542163,1.4649537083659105,663
trstlgl,inst_trust,LV,0.07287254804738431,0.0702457673950736,0.12189675335758042,0.0024013958610841868,4.03074433656958,6.775080906148867,2.612281136321007,1.6114643199226033,618
trstlgl,inst_trust,ME,-0.013154423975360456,0.7349130352383884,-0.022892447733113046,0.5556548459964403,4.323308270676692,6.955639097744361,2.1992224535748988,1.3515616544197975,665
trstlgl,inst_trust,NL,0.17259315616200577,6.596117658295618e-06,0.12464482978362829,0.0011843807763965305,6.422848664688427,7.653560830860534,2.063799684810752,1.0084018913367883,674
trstlgl,inst_trust,NO,0.06630479393589835,0.08403519757609913,0.059056897571891184,0.12392025571736395,7.488235294117647,7.573823529411764,1.9984920244158635,1.0968787279254935,680
trstlgl,inst_trust,PL,0.03351486877529437,0.39035817742879103,0.044652878525845964,0.2523423024426273,4.075872534142641,6.962822458270106,2.485277737102289,1.338487527221787,659
trstlgl,inst_trust,PT,0.18678693701496438,1.3507520801197373e-06,0.2038979361420913,1.2645518572803137e-07,4.425757575757576,6.6431818181818185,2.451769086977927,1.725563978611622,660
trstlgl,inst_trust,RS,-0.009941345552486883,0.8014999588000847,-0.00294685154501698,0.9405957136124268,4.188473520249222,6.531152647975078,3.0169036787126666,1.7045305084841842,642
trstlgl,inst_trust,SE,0.04034065663526469,0.30001573434543133,0.09277769237031536,0.016951810017436248,6.602719033232629,7.695619335347432,2.162293812628942,0.9183103737958318,662
trstlgl,inst_trust,SI,0.18916980254952762,8.614784208215542e-07,0.15961808633234323,3.454956329918003e-05,4.811094452773613,7.093703148425787,2.5421958247124468,1.4637222457309753,667
trstlgl,inst_trust,SK,0.0855294852885004,0.025835586564367952,0.09777855913496673,0.010794127729574148,5.014727540500736,6.498527245949926,2.7474452398565314,1.7795124316685886,679
trstlgl,inst_trust,UA,0.09742153808489842,0.013750869262430925,0.10114794086597896,0.010514866732943055,2.564945226917058,4.88341158059468,2.635974528195625,2.0299729613354036,639
trstprt,inst_trust,AT,-0.0491878069890006,0.20116577266549815,-0.028047664385295854,0.46626278005439026,3.5790251107828657,6.413293943870015,2.41758295249796,1.663344973463801,677
trstprt,inst_trust,BE,0.042928766412358,0.26788053965011344,0.02242665100873932,0.5628458755504104,3.937125748502994,6.712574850299402,2.140268335485471,1.5897980462852008,668
trstprt,inst_trust,BG,0.06373284440096204,0.09753980581303758,0.09479673750483802,0.01360456494922141,2.3057607090103396,5.928360413589365,2.13234721257182,2.0663103068298025,677
trstprt,inst_trust,CH,0.03240486523828818,0.40804702619456273,-0.002346742631036431,0.952235663008894,5.36085626911315,6.9882262996941895,1.8836110771272319,1.3091147907016254,654
trstprt,inst_trust,CY,0.12151018126111666,0.001575255459972147,0.12586250201615876,0.001058320041591182,2.5044510385756675,5.876112759643917,2.2091551526961415,2.106878783923979,674
trstprt,inst_trust,DE,0.05845375971324484,0.1295124044753485,0.07329103387623853,0.05720093317859269,4.0207715133531154,6.975964391691395,2.209566260413475,1.4660854587238177,674
trstprt,inst_trust,EE,0.07780584554495087,0.04424757771204678,0.09310347492734745,0.016002642512951918,3.711509715994021,7.040059790732437,2.1980262564247055,1.3876952835592296,669
trstprt,inst_trust,ES,0.02061159998664938,0.5918501983724983,0.06879009350560522,0.07324093787129876,2.7378497790868925,6.211782032400589,2.380270819684288,1.8578088974172526,679
trstprt,inst_trust,FI,0.10724657143500084,0.005084250934700128,0.11180651832031273,0.003483445991408157,5.47870778267254,6.861380323054332,1.8849018007066012,1.627292185384127,681
trstprt,inst_trust,FR,0.07817563838339785,0.04340294075823008,0.07961767322786145,0.039668260668040745,3.465568862275449,6.5696107784431135,2.1279210750630893,1.69752138683853,668
trstprt,inst_trust,GB,0.07506161808085265,0.05302135412132165,0.0853350399059246,0.027774249552558875,3.079699248120301,5.9526315789473685,2.3325796064133497,2.0128569782687302,665
trstprt,inst_trust,GR,0.016113577115158685,0.6742133648758298,0.0017018541169408418,0.9645893265583771,2.7833089311859442,6.288433382137628,2.136791837662425,1.6901381295469655,683
trstprt,inst_trust,HR,-0.015405555783974192,0.6890654734087275,-0.004549135407879158,0.9059513022615309,2.1610044313146233,6.0768094534711965,2.2372090459027496,1.9688798922753916,677
trstprt,inst_trust,HU,0.024508021194358263,0.5256198619463339,0.03904310464881688,0.3118400864548263,4.0460624071322435,5.939821693907875,2.613942716637352,2.052623458746811,673
trstprt,inst_trust,IE,0.005427406797381825,0.8895675258079174,-0.015225541058810643,0.6968762369807775,4.193302891933029,6.143074581430746,2.34470424727768,1.9560923392968852,657
trstprt,inst_trust,IL,0.23991352444884556,4.5551728097564033e-10,0.2607913389657545,1.0838737509643788e-11,3.3996960486322187,6.074164133738602,2.369221702417286,1.9349468901475997,658
trstprt,inst_trust,IS,0.1503334615887111,9.488510277194626e-05,0.10440772508760139,0.006874783401048293,4.666666666666667,6.944693572496263,2.2228625158725084,1.4992281757716162,669
trstprt,inst_trust,IT,0.10983997199977612,0.0043915283852472954,0.10770770937442394,0.005222951351584108,3.400894187779434,6.276453055141579,2.3312156406934834,1.8077230496637,671
trstprt,inst_trust,LT,0.0167093286084524,0.6678229356191935,0.012487489615362255,0.7484374246899053,3.3338368580060425,6.324773413897281,2.2516499428249714,1.8587299504668797,662
trstprt,inst_trust,LV,0.008004004864573078,0.8382404587566281,0.03964327102748759,0.3117793248907944,2.482388973966309,5.998162327718224,2.196988832065789,1.9518898325455187,653
trstprt,inst_trust,ME,-0.0033530690976393478,0.9306053183472661,-0.0327817502776914,0.39443149503428643,3.847858197932053,6.3677991137370755,2.334881303568967,1.722595236878808,677
trstprt,inst_trust,NL,0.10014498080558247,0.009225885573393053,0.06410369325481405,0.09609488453063061,4.995555555555556,6.968325925925925,1.9416513310058618,1.4140788533200572,675
trstprt,inst_trust,NO,0.12743744903548318,0.0008588585177367257,0.14277280274882423,0.00018540330160472443,5.458149779735683,7.082672540381791,1.954277837403969,1.3563768433373964,681
trstprt,inst_trust,PL,0.07783426582780503,0.04595582981850559,0.09788371167380135,0.012000623349613968,2.878419452887538,6.195440729483282,2.324599949619326,1.8653070399821787,658
trstprt,inst_trust,PT,0.0955107962264141,0.013181511602363997,0.10138871071122972,0.008484719960403717,2.849925705794948,5.564635958395245,2.319637471766771,2.1797697890030285,673
trstprt,inst_trust,RS,-0.08760182713098442,0.02621300919888703,-0.07046366394741993,0.07395123154340989,2.8027950310559007,5.846273291925466,2.7463973203035654,1.9717211717980496,644
trstprt,inst_trust,SE,0.0937294351060752,0.014628784819748771,0.0998711821942273,0.009262804752001577,4.980825958702065,7.263421828908555,1.9584874704802817,1.25708207144678,678
trstprt,inst_trust,SI,0.14012376120149092,0.0002716554578005798,0.12675176926254395,0.001000115042306875,3.1997019374068554,6.464977645305514,2.24978935676922,1.7952786233118294,671
trstprt,inst_trust,SK,0.10466357814183741,0.0064951372992156226,0.11581856479653842,0.0025814690140116997,3.888888888888889,5.702962962962963,2.6149157485297687,2.0368249547401795,675
trstprt,inst_trust,UA,0.05939179998477602,0.1260065671415348,0.058540299643982455,0.13153741120043744,1.9609022556390978,4.553383458646617,2.3627963123435802,2.139824226826569,665
trstplc,inst_trust,AT,0.10072123814235463,0.008531406311569166,0.07009153437338454,0.06755023100458488,7.370044052863436,7.495594713656388,2.1580045585047034,1.0392918857263918,681
trstplc,inst_trust,BE,0.17659285982023576,3.4875013863006656e-06,0.12691507975964653,0.0008944994106192745,6.56158357771261,7.576979472140763,2.089029273030226,1.0887278392454345,682
trstplc,inst_trust,BG,0.02452160886709925,0.5247732144996972,0.050125304740646276,0.19336197640231606,5.1466666666666665,7.183703703703704,2.8421582470868296,1.4117043284240887,675
trstplc,inst_trust,CH,0.00729505686929184,0.8492899844709785,-0.04408800063984616,0.2505706015958547,7.343612334801762,7.820851688693098,1.926439383046742,0.8288403539784809,681
trstplc,inst_trust,CY,0.04710872422266212,0.22021351001225548,0.03223158382663682,0.4017224200242335,5.082474226804123,7.053755522827688,2.569787430604729,1.6080952672402025,679
trstplc,inst_trust,DE,0.062105392988212535,0.10615852394993137,0.03623029258757191,0.3462189722803516,7.089970501474927,7.656342182890856,2.114699136130621,0.9499496438598094,678
trstplc,inst_trust,EE,0.07802526371644604,0.04240739808860805,0.08355130588747123,0.029725824279414115,7.5096011816839,7.731905465288035,2.109147305311215,0.8583826490062907,677
trstplc,inst_trust,ES,-0.019633691791692817,0.608495870480601,-0.020788403421602524,0.587575223670228,6.926793557833089,7.343338213762811,2.3975609789815517,1.2251860765208755,683
trstplc,inst_trust,FI,0.012327837034712765,0.7473971361502006,0.02193409510279462,0.5665832842144998,8.364963503649635,7.663941605839416,1.4000621979122192,0.9160519132102984,685
trstplc,inst_trust,FR,0.0171363560479226,0.6555451534964721,0.015173741741513187,0.6928594635946815,6.557352941176471,7.430882352941176,2.17962287319574,1.092046133577656,680
trstplc,inst_trust,GB,0.1350431849940888,0.0004345665857297825,0.13078680491947658,0.0006585352672835225,5.856296296296296,7.152592592592592,2.5547595486165404,1.4462593533511656,675
trstplc,inst_trust,GR,-0.013137199436070375,0.7320009014608307,-0.003331046909246101,0.9308055378925089,5.912023460410557,7.458944281524927,2.405549569986699,0.9973168407707849,682
trstplc,inst_trust,HR,-0.011228851601196568,0.7704002489321082,0.031143323915800422,0.41815664534024344,5.476401179941003,7.116519174041298,2.546791771860381,1.5307266428148583,678
trstplc,inst_trust,HU,-0.040662198366978736,0.2914650294635971,-0.035938592898985544,0.35119047585951985,6.343703703703704,7.2192592592592595,2.541133634712463,1.4627164830671204,675
trstplc,inst_trust,IE,0.045159354741693664,0.24166864238742997,0.042121407346780965,0.27483740834145864,6.544510385756676,7.346439169139466,2.3022583035632325,1.3127879739303634,674
trstplc,inst_trust,IL,0.2005464263101136,2.0446220622510308e-07,0.18019535333438524,3.181908115192939e-06,4.696969696969697,7.3128787878787875,2.808883031340764,1.2932300260619098,660
trstplc,inst_trust,IS,0.15153895141017568,7.179946239744986e-05,0.1504500255677109,8.101314305292865e-05,7.267254038179148,7.6020558002936856,2.056324449770181,1.0827233650000552,681
trstplc,inst_trust,IT,-0.027086973033459808,0.4816764854397744,-0.02610592425443248,0.49769800433820044,6.706056129985229,7.454209748892171,2.041907526299169,1.086210299126503,677
trstplc,inst_trust,LT,0.011190332040134518,0.7716604923613183,0.028171736774903953,0.4649552950315395,6.866666666666666,7.2155555555555555,2.3448915370385,1.3796349808968829,675
trstplc,inst_trust,LV,0.0836693580479168,0.03187868354891259,0.08361774703942586,0.031984831195987586,5.235562310030395,7.0638297872340425,2.5524894112888474,1.4796021252057936,658
trstplc,inst_trust,ME,0.015516410948989251,0.6876060619040167,0.017276591737994607,0.6543500328110289,5.394658753709199,7.298961424332345,2.19787171521517,1.240721446286967,674
trstplc,inst_trust,NL,0.14257513888609122,0.00020659163900533205,0.07755302702932156,0.04430546934541415,7.043090638930163,7.797622585438336,1.6482992549099345,0.8039857890615657,673
trstplc,inst_trust,NO,0.09765624324833913,0.010893723169180651,0.043119182907124014,0.26184741973909353,7.639175257731959,7.850515463917525,1.9073673102630426,0.7195923538601322,679
trstplc,inst_trust,PL,-0.013049671335510412,0.7358014739376756,-0.03083571184757912,0.4251848556695812,5.174366616989568,7.395678092399404,2.542357322435934,1.160415176903507,671
trstplc,inst_trust,PT,0.05767040153293832,0.13415863968047684,0.08773420945477103,0.02253258131393568,6.365384615384615,7.003698224852071,2.344655072160382,1.715610572421449,676
trstplc,inst_trust,RS,-0.07203502255034863,0.06458766570768645,-0.04912483296055681,0.2078679476819463,5.268588770864947,6.996965098634294,3.0565739078317486,1.552766885369404,659
trstplc,inst_trust,SE,0.05429473523372624,0.1575887483784365,0.05654114137474422,0.1410773309328569,7.095729013254786,7.825478645066274,2.0076467439720984,0.857097058626458,679
trstplc,inst_trust,SI,0.05308658609002832,0.16736673552994694,0.05343127650032101,0.16462232485737485,6.31858407079646,7.390117994100295,2.395584885458799,1.3558581200096014,678
trstplc,inst_trust,SK,0.1146904654008613,0.0028034213019937568,0.10042351436051022,0.008929908572050076,5.654357459379616,6.985967503692762,2.7291760372771803,1.6787554787765577,677
trstplc,inst_trust,UA,0.02525622967604494,0.5223103311498827,0.025591532571008227,0.516800774446037,3.4161490683229814,5.739130434782608,2.846096901616227,2.150870167517573,644
trstep,inst_trust,AT,0.05513329309867946,0.15650006500665614,0.07908170972354378,0.04194525100464147,4.212990936555891,6.61631419939577,2.6457422416015675,1.4582146704734016,662
trstep,inst_trust,BE,0.1082758902187232,0.005087120304006047,0.09909881799076259,0.010383426080273449,4.681137724550898,7.019461077844311,2.4344732844924706,1.1611186032342466,668
trstep,inst_trust,BG,0.04755018285360471,0.23558575047171995,0.07136455089556536,0.07484985248043259,4.5993589743589745,6.507211538461538,2.830083671062798,1.625794063589274,624
trstep,inst_trust,CH,0.05681620834844128,0.15698488061182625,0.06187075474191487,0.12321331370556847,4.943729903536977,6.934083601286174,2.1464236617280563,1.217357971593726,622
trstep,inst_trust,CY,0.08766411019563423,0.027420963101758636,0.09911014163222344,0.012603628894360978,4.60347551342812,6.4052132701421804,2.596697133467741,1.7947765261477449,633
trstep,inst_trust,DE,0.05384905311371742,0.16479517899096827,0.0447679741088611,0.2482529030142392,4.673163418290854,7.003748125937031,2.597859370922953,1.1947964190650837,667
trstep,inst_trust,EE,0.14350299653488047,0.0002795364525965232,0.13384271196022912,0.0007075118539749776,4.832025117739404,7.181318681318682,2.5510593087681013,1.0926481681455003,637
trstep,inst_trust,ES,0.03422033728679057,0.38669359150952337,0.0595947652485319,0.1314538214721562,4.633956386292835,6.833333333333333,2.577648964110948,1.3765739348948638,642
trstep,inst_trust,FI,0.05517285732749051,0.1568317073248722,0.03979682146970406,0.30731828467253275,5.8530303030303035,6.968939393939394,2.021411914870666,1.2447847243513186,660
trstep,inst_trust,FR,0.06462923552778069,0.10102388764424038,0.0885738081707503,0.024477195744109084,4.350387596899225,6.866356589147287,2.5123336764270143,1.4000997845897354,645
trstep,inst_trust,GB,0.14997765079192946,0.0002690081354683007,0.18282373515318434,8.434956768320662e-06,3.755972696245734,6.342150170648464,2.6512709726079304,1.7085250753108023,586
trstep,inst_trust,GR,0.04927453795672344,0.20510695807145243,0.059303403544731174,0.127146400203568,4.137254901960785,6.8054298642533935,2.375132307944983,1.2094794593839673,663
trstep,inst_trust,HR,0.0045140156448830755,0.9082718661446035,0.014063162688471796,0.7196153077608302,4.26605504587156,6.507645259938838,2.6331920729671108,1.6967502375443773,654
trstep,inst_trust,HU,-0.002802629052473628,0.9425794150963646,0.05236260981015306,0.1780918916622928,4.702865761689291,6.346153846153846,2.5951571662622674,1.72541325331777,663
trstep,inst_trust,IE,0.06142142040448287,0.1265777488765308,0.06697680745091236,0.09567061237530476,5.214516129032258,6.616935483870968,2.3691846940330685,1.52590563559973,620
trstep,inst_trust,IL,0.17497206746013153,2.9354986365668576e-05,0.19976559507301223,1.7362308784899473e-06,2.8173758865248226,6.759751773049645,2.556011865034175,1.3255223610894624,564
trstep,inst_trust,IS,0.058305292336005454,0.15582976352493924,0.0865665986216631,0.03491628736026591,5.739057239057239,7.072390572390573,2.1816936781588985,1.2689622145018342,594
trstep,inst_trust,IT,0.07337934572161875,0.06132053479046394,0.07374658240278388,0.0600308176261915,4.671274961597542,6.608294930875576,2.3316065249858795,1.4088266844179629,651
trstep,inst_trust,LT,0.14281526673501485,0.0003161544266178228,0.11299371980583833,0.004453595254482337,4.9604430379746836,6.689873417721519,2.575026679950213,1.5136542771709165,632
trstep,inst_trust,LV,0.021027405654993184,0.6036329835997495,0.0451693319740158,0.26454517955617823,4.132352941176471,6.436274509803922,2.6156645742368583,1.6860915136133061,612
trstep,inst_trust,ME,0.012294685148341776,0.7538350136645392,0.06902088208402067,0.07798936275615405,5.6049004594180705,6.812404287901991,2.3406465464511936,1.3644081872120524,653
trstep,inst_trust,NL,0.12002840330814922,0.0023534645477077823,0.08873475170434315,0.024776304459632123,5.1203125,7.13125,2.223693700514736,1.1104673408884966,640
trstep,inst_trust,NO,0.10644340046578417,0.00878796467133769,0.10978169084521162,0.006874531248053751,5.63305785123967,6.996363636363637,2.1035049759232294,1.2917414704537693,605
trstep,inst_trust,PL,0.2073023993015594,1.106559219958963e-07,0.1988190313493214,3.646846853800561e-07,4.010869565217392,6.65916149068323,2.6562886189434067,1.4654846741004424,644
trstep,inst_trust,PT,0.11767470962809602,0.0030725444356661373,0.13237207344002982,0.0008584262379768729,4.855784469096672,6.3415213946117275,2.61918331712593,1.7462668296725332,631
trstep,inst_trust,RS,0.10619900593187868,0.008776377545519813,0.13544616253157427,0.0008129307082886534,2.7302631578947367,6.605263157894737,2.7896499570479962,1.5223557342831122,608
trstep,inst_trust,SE,0.06228748592360659,0.11745531392459305,0.0611111380863386,0.12455752355811651,5.2559241706161135,7.153712480252765,2.1386069509012957,1.1842410481990422,633
trstep,inst_trust,SI,0.10317864288865797,0.008424951652941963,0.07967475158037714,0.042133186969867426,4.565284178187404,6.754992319508449,2.5642439048838352,1.4750078356827583,651
trstep,inst_trust,SK,0.09658732200068745,0.012978341893343058,0.10187772147848186,0.008763797487762,4.4114977307110435,6.251134644478063,2.9351765775303402,1.7513248876626022,661
trstep,inst_trust,UA,0.027991124938028675,0.4908797873828837,0.021901715319630276,0.5898880440549904,4.189144736842105,5.177631578947368,3.1317180454845817,2.096838362725299,608
trstun,inst_trust,AT,0.047891738740695314,0.22777897549850526,0.05462777856984762,0.16882856375239036,4.812893081761007,7.143867924528302,2.655771986681726,1.2458346883586022,636
trstun,inst_trust,BE,0.09309248819066063,0.016662517581528067,0.09759779620064642,0.012056782889435498,5.331316187594553,7.3131618759455375,2.3588780573119643,1.0826982929022495,661
trstun,inst_trust,BG,0.09971252640736512,0.016021044765440633,0.09008744454315071,0.029633690688433443,4.821612349914237,7.0771869639794165,2.843406699195412,1.4424984212209588,583
trstun,inst_trust,CH,0.028665397358380106,0.4701657776487244,0.0626815925546471,0.11400178190683717,5.282574568288854,7.344583987441131,2.287213767949032,0.9826432511605475,637
trstun,inst_trust,CY,0.03358399448149064,0.39119258151023023,0.06558779549237449,0.09375765807455985,4.154434250764526,6.9067278287461775,2.5956147907419744,1.6148290592466175,654
trstun,inst_trust,DE,0.0982446779183869,0.012077605711686739,0.08998355716922234,0.02156630868665787,5.0184049079754605,7.311349693251533,2.465048813824604,1.1529005778253978,652
trstun,inst_trust,EE,0.05527951939603444,0.17341908834461725,0.08267186330815406,0.0415710642735445,4.743421052631579,7.475328947368421,2.6541359611955784,1.0627975379192065,608
trstun,inst_trust,ES,0.030550301133447373,0.43967223567645636,0.04927393168386819,0.21246591941447523,4.900311526479751,7.190031152647975,2.6770008883364205,1.1571632694228249,642
trstun,inst_trust,FI,-0.007048895595806473,0.8563494646353992,0.004127030548907336,0.9155937516713831,6.45166163141994,7.3089123867069485,2.111832944287275,1.2058088207219064,662
trstun,inst_trust,FR,0.02954100306182233,0.4563530138031003,0.014783072214868671,0.7093801151205126,5.19435736677116,7.295454545454546,2.4385379483981113,1.228301029649371,638
trstun,inst_trust,GB,0.07329987049265853,0.07622889127668694,0.09819132259848197,0.0174241590133503,4.901023890784983,6.773890784982935,2.69163293165032,1.5758815354247653,586
trstun,inst_trust,GR,-0.015385533720987212,0.6963053786290552,-0.014952840230718082,0.7044395014380234,4.208978328173375,7.349071207430341,2.4210920483340463,1.0249102382511495,646
trstun,inst_trust,HR,0.004628039470271751,0.906109195652255,0.01405312596631993,0.7202192926863044,4.723926380368098,6.990030674846626,2.8753699417277576,1.5243468039724788,652
trstun,inst_trust,HU,-0.07560940590338165,0.0557121784671126,-0.02517280543244166,0.5246581988056966,5.2948517940717625,6.865054602184087,2.4815799563107337,1.5655356626651604,641
trstun,inst_trust,IE,0.0067482422753668446,0.8683294287682857,0.012309990368916925,0.7623306513437986,5.430693069306931,7.002145214521453,2.423230924592681,1.5101240774489728,606
trstun,inst_trust,IL,0.0800811958764934,0.04284633676359134,0.10660574715779914,0.006947306648833593,2.1875,6.9453125,2.487370289003346,1.4028731625947652,640
trstun,inst_trust,IS,0.07579519592994474,0.05361012772034774,0.07819024719255542,0.046465150374411686,6.325115562403698,7.458859784283513,2.219581978888691,1.080403128523806,649
trstun,inst_trust,IT,0.04433628276255469,0.2615991778863131,0.06644010492293866,0.0923105502878006,4.964230171073095,7.236391912908243,2.371355966167526,1.125025738188059,643
trstun,inst_trust,LT,0.16391338251649534,5.9779746689194665e-05,0.17364315765310306,2.0857692994485015e-05,5.037037037037037,7.089225589225589,2.6021087521765436,1.486743583106154,594
trstun,inst_trust,LV,0.08221320337943457,0.05226142673748454,0.08600432006928321,0.042274845778093394,3.7867383512544803,6.973118279569892,2.8289418135055007,1.4960131182241185,558
trstun,inst_trust,ME,0.012654171034853418,0.7483880670484498,0.07251774532645036,0.0656840477596284,5.412403100775194,7.19953488372093,2.333359471043496,1.2213231423802362,645
trstun,inst_trust,NL,0.08657828732138162,0.030583483492059617,0.03878641145204505,0.3333912895902305,5.842948717948718,7.438301282051282,2.043118259446827,1.0794108429284095,624
trstun,inst_trust,NO,0.0803693480443745,0.036977537842367604,0.03436762359156488,0.37301371216863116,6.9955489614243325,7.48813056379822,2.0833260949634913,0.9758640355676563,674
trstun,inst_trust,PL,0.11671701977356712,0.003224809354613898,0.12990056213672552,0.0010349384542109857,4.937007874015748,7.152755905511811,2.583458761401504,1.248142264426693,635
trstun,inst_trust,PT,0.10897528400147959,0.006181706673075704,0.13140278946384756,0.0009464514067636811,5.411111111111111,6.838095238095238,2.60625462136505,1.592153711434858,630
trstun,inst_trust,RS,0.03760642881878397,0.35499665229448957,0.040987317375593246,0.31337675294800355,2.8583196046128503,6.964579901153212,2.8277898067950002,1.4889518695244608,607
trstun,inst_trust,SE,0.039136535598970866,0.3157880968557057,0.056010222096088615,0.15093518409852968,6.283763277693475,7.553110773899848,2.224462049333047,1.0136913216621863,659
trstun,inst_trust,SI,0.03322108058164891,0.4093216392743507,0.0028044444758181363,0.944485871857541,4.794830371567044,7.236672051696284,2.605987460196359,1.3281112610492085,619
trstun,inst_trust,SK,0.13172642240128726,0.0008684596444743331,0.12868481129343287,0.0011441242430643135,4.852201257861635,6.663522012578617,2.985030082872191,1.7096270766594002,636
trstun,inst_trust,UA,-0.059884134206845054,0.14189100228930357,-0.06402056778965874,0.11631229406982817,3.5671641791044775,6.0497512437810945,3.1412034669070312,2.0091185248729486,603
happy,wellbeing,AT,0.15733775818902104,3.8222482681904545e-05,0.18931923746009344,6.725514413043689e-07,7.6539027982326955,7.294550810014727,1.6454402704909163,0.9241833180194231,679
happy,wellbeing,BE,0.03960685278792398,0.3013205180598365,0.09389942231209616,0.014091448692141125,7.789165446559298,7.516837481698389,1.4649571492459736,0.8952107576032284,683
happy,wellbeing,BG,0.28728751657429513,2.0892283937610605e-14,0.2627888016981136,3.2156392305235585e-12,6.301027900146843,7.251101321585903,2.093157367566258,1.072422816370381,681
happy,wellbeing,CH,0.07912390534813944,0.0387059247352699,0.04116789578329205,0.282653466181587,8.150805270863836,7.5666178623718885,1.482778489368937,0.707851740758292,683
happy,wellbeing,CY,0.20066119434662336,1.401571635549618e-07,0.1950051141973535,3.1594850964530396e-07,6.967503692762186,7.129985228951256,2.116882365314856,1.3159025632601036,677
happy,wellbeing,DE,0.060277351774298445,0.1160582422535415,0.08732188678826401,0.02267193152957669,7.756240822320118,7.518355359765051,1.681008090623853,0.798915218577608,681
happy,wellbeing,EE,0.13190436001908842,0.0005534014671704991,0.09256417087195486,0.015602463432637567,7.432551319648094,7.614369501466276,1.798758488760138,0.7040674557248837,682
happy,wellbeing,ES,0.157151102582357,3.7046972117740144e-05,0.07624456012216162,0.046387955261096486,7.881405563689604,7.32796486090776,1.5313890014275733,0.9600035672867661,683
happy,wellbeing,FI,0.1357881429425694,0.0003726679664377302,0.09199303199643986,0.016178305761756977,8.095168374816984,7.543631039531479,1.465544675521196,0.7859094466857957,683
happy,wellbeing,FR,0.1891297941255049,7.035098443144359e-07,0.19517115700215054,3.024582405733326e-07,7.457227138643068,7.486725663716814,1.5968301257640047,0.8809325418214257,678
happy,wellbeing,GB,0.07786214202475793,0.04284231132480962,0.05908514586443349,0.12457501517777231,7.481536189069424,7.295420974889217,1.9996372460829346,1.1467188882252954,677
happy,wellbeing,GR,0.12273064173142435,0.0013101023805202297,0.12808142094057579,0.0007936191334452852,6.775988286969254,7.402635431918009,1.584717246260588,0.7961373540685834,683
happy,wellbeing,HR,0.20211644666055456,1.0170378858297196e-07,0.17948358867159275,2.3935281479475874e-06,7.596774193548387,7.17741935483871,1.8616277055276031,1.1894866537126523,682
happy,wellbeing,HU,0.2542547446828366,1.652837907605853e-11,0.23514316896024523,5.220484378633087e-10,7.096916299559472,7.135095447870778,1.9687273898716886,1.257665448592029,681
happy,wellbeing,IE,0.08286825466561853,0.030110049080322786,0.04921593350094569,0.1982576586748501,7.664233576642336,7.232116788321168,1.6467111128615846,1.193362142316747,685
happy,wellbeing,IL,0.12316847955312996,0.001268822162842463,0.10034941365944697,0.008729930466434499,7.400293255131965,7.494134897360704,1.922018617840616,0.7946004819880788,682
happy,wellbeing,IS,0.1535410211899439,5.525543704719701e-05,0.09523534866066379,0.012708406654668542,8.036549707602338,7.5321637426900585,1.5190764789557039,0.8455311841664844,684
happy,wellbeing,IT,0.19365573058344532,3.531171714094787e-07,0.20502319383994455,6.742745351695185e-08,6.86784140969163,7.368575624082232,1.7540313762671904,0.9034146972617116,681
happy,wellbeing,LT,0.12151925677387923,0.0015487446964753122,0.08222426510396717,0.032557764723624906,7.396449704142012,7.3017751479289945,1.9405045083936827,1.0374026468005888,676
happy,wellbeing,LV,0.1454405342321167,0.00014128827600394205,0.14180171620140822,0.00020750945722877948,6.807352941176471,7.222058823529411,2.067977046592718,1.0728055779227559,680
happy,wellbeing,ME,0.04465797661850865,0.245886967982366,0.01186230098462893,0.758015116362417,6.511078286558345,7.316100443131463,1.9691281947634705,0.8516903703445715,677
happy,wellbeing,NL,0.1806409072442514,1.985429156543889e-06,0.1310904637550793,0.0005881252864824129,8.00438596491228,7.630847953216374,1.2226431548882588,0.7365575305986645,684
happy,wellbeing,NO,0.0010775404283775512,0.977608059783115,0.015608711157271884,0.6843010320953495,7.953010279001468,7.588839941262849,1.5370408587167663,0.7484053474217086,681
happy,wellbeing,PL,0.15235774204703956,6.801844809263808e-05,0.0884236953061633,0.02129697325141894,7.556047197640118,7.433628318584071,1.9260210729752083,0.8885562238700835,678
happy,wellbeing,PT,0.20372855521499258,7.831326786207436e-08,0.19222393044808708,4.155181153323512e-07,7.0175695461200585,7.021961932650073,2.0283146599806243,1.2622830936519058,683
happy,wellbeing,RS,0.16908550889345983,9.290671117878858e-06,0.12010806906396151,0.0017031496888745908,7.166176470588235,7.238235294117647,2.217955266744047,0.9899389921495751,680
happy,wellbeing,SE,0.12132652735404666,0.0015015716512716821,0.1275484157092184,0.0008423872449836043,7.728739002932551,7.728739002932551,1.619818845377235,0.559022531052164,682
happy,wellbeing,SI,0.1778735671028179,3.3778392290304716e-06,0.1269694439342252,0.0009545901137118972,7.753709198813056,7.363501483679525,1.7769849947661414,1.0640289970370571,674
happy,wellbeing,SK,0.1573563410429782,3.8140898460696355e-05,0.13599248158207075,0.0003799474097640836,6.636229749631812,7.03240058910162,2.0849045690825996,1.2767995496667248,679
happy,wellbeing,UA,0.13955017156292554,0.00028798157962592086,0.12864486932226463,0.000837636589288769,6.002980625931445,6.3725782414307,2.6344429411304104,1.6330794277611254,671
stflife,wellbeing,AT,0.21485347299268587,1.4894638952884285e-08,0.24250185423447065,1.4300562015347973e-10,7.709251101321586,7.446842878120411,1.689253105953353,0.8045968228468428,681
stflife,wellbeing,BE,0.26259039267969725,2.9965812052571545e-12,0.18520581206658365,1.076264991953601e-06,7.495614035087719,7.610818713450293,1.6961703665335,0.8028499214483648,684
stflife,wellbeing,BG,0.16308298501823495,2.0077291682111886e-05,0.20113147290934077,1.3085849504607863e-07,6.13589364844904,7.367503692762186,2.224626085310034,0.9854751964317525,677
stflife,wellbeing,CH,0.17286758002693958,5.52640696080784e-06,0.11340450438267183,0.002998472157736677,8.131771595900439,7.6654465592972185,1.5526632858200045,0.596058090714716,683
stflife,wellbeing,CY,0.15076553278224286,8.016089646453343e-05,0.13648553629914129,0.0003615878500153325,6.378497790868925,7.277614138438881,2.386579385201395,1.1914269319085815,679
stflife,wellbeing,DE,0.1615209573895376,2.160645612086894e-05,0.12896902193569415,0.0007158977024311132,7.689051094890511,7.635474452554745,1.7953676109634502,0.6738299050501848,685
stflife,wellbeing,EE,0.1793644897650354,2.349813235759937e-06,0.19598088509373673,2.386812577821818e-07,7.019005847953216,7.676608187134503,2.0024702621439907,0.6220752721400593,684
stflife,wellbeing,ES,0.07587807170103657,0.04745194379877645,0.06568112732987301,0.08630187458767444,7.5183016105417275,7.425768667642753,1.8165584222020117,0.8699331482805185,683
stflife,wellbeing,FI,0.14224010057140013,0.00018772457771626863,0.1331658304541044,0.0004749633422169562,7.957664233576643,7.635036496350365,1.5671015926595087,0.7307561613695224,685
stflife,wellbeing,FR,0.251570859160085,3.451673120038465e-11,0.23694224277830805,4.698044413584147e-10,6.786350148367952,7.563946587537092,2.2573092179508203,0.8951527898645599,674
stflife,wellbeing,GB,0.09073748506613233,0.01778013357055167,0.11813823778652098,0.0019991114786105583,6.969208211143695,7.448680351906158,2.196764866181473,0.9718533789549084,682
stflife,wellbeing,GR,0.0603519692131906,0.11533866896844493,0.08192859940781243,0.03241554891315802,6.394428152492669,7.535923753665689,1.9316130481192197,0.7852063414053952,682
stflife,wellbeing,HR,0.1799254131123949,2.1453455204433353e-06,0.19175247246840985,4.2708512150245675e-07,7.2846715328467155,7.37007299270073,2.0891984287520735,1.0358603060314864,685
stflife,wellbeing,HU,0.15139566487761907,7.385244564104904e-05,0.15466933730369842,5.116078658420197e-05,6.572058823529412,7.184558823529412,2.1540348540928083,1.2699586970699912,680
stflife,wellbeing,IE,0.012699419936114245,0.7411579020990856,0.06497105467221516,0.09071083715658106,7.347569955817378,7.379970544918999,1.833791907153599,1.192384635960675,679
stflife,wellbeing,IL,0.1502063256696746,8.322258751596493e-05,0.11109167137336357,0.0036994990363674665,7.145374449339207,7.6255506607929515,2.0646207205866203,0.8207021908296888,681
stflife,wellbeing,IS,0.1511704791765507,7.389175377709334e-05,0.12291769653418468,0.001298426480597986,7.7917888563049855,7.653665689149561,1.7637373621145547,0.6637629521506622,682
stflife,wellbeing,IT,0.15519502429208495,5.411373025876553e-05,0.17167153149140588,7.753829845623508e-06,6.7675111773472425,7.4572280178837556,1.864728279860286,0.8640087445256625,671
stflife,wellbeing,LT,0.18363890158054239,1.5900791128751933e-06,0.15896716729029733,3.386920533104176e-05,7.078635014836795,7.365727002967359,2.1151236160481055,1.0333217213168604,674
stflife,wellbeing,LV,0.22713791292871993,2.2074193527108678e-09,0.18290215222095915,1.6332830149944085e-06,6.315634218289086,7.312684365781711,2.2719320954879625,0.9849014635192495,678
stflife,wellbeing,ME,0.07483279575417608,0.05059962957769766,0.05346503368329728,0.1628022821411265,6.175695461200585,7.425768667642753,2.185300312430131,0.8133116036235383,683
stflife,wellbeing,NL,0.18494101209992833,1.2662198893865518e-06,0.15808009280829827,3.603639658724885e-05,7.943870014771049,7.771196454948302,1.2198233579084161,0.6472384794016679,677
stflife,wellbeing,NO,0.09670045199760888,0.011394828948361156,0.06001704749392523,0.11683624275952587,7.747076023391813,7.731725146198831,1.6867601526773168,0.5707891384711268,684
stflife,wellbeing,PL,0.11181350061345041,0.003505542123605138,0.15533783964934836,4.742229837871982e-05,7.294117647058823,7.5255882352941175,2.012178118712648,0.8063397222795703,680
stflife,wellbeing,PT,0.16805944896763936,1.0077292656905812e-05,0.19494704497707205,2.824281864665957e-07,6.5300146412884335,7.113469985358711,2.0392536081561055,1.2190184480708635,683
stflife,wellbeing,RS,0.09554779420485457,0.012809547173453579,0.08580749570612341,0.025463861340970593,6.6932153392330385,7.255899705014749,2.3391184917411567,1.115124570728382,678
stflife,wellbeing,SE,0.16221798880232305,2.0737533683122673e-05,0.17480526369988927,4.388285825108789e-06,7.813782991202346,7.770527859237537,1.8149932099737063,0.7324426676110974,682
stflife,wellbeing,SI,0.14561118145346244,0.00013873327741298117,0.13240951348523652,0.0005367385098338979,7.547058823529412,7.433088235294117,1.9205478007980714,1.0684975720246197,680
stflife,wellbeing,SK,0.11719005773353512,0.002291785837060805,0.14016690723380648,0.00025925300840488934,6.33925925925926,7.217037037037037,2.2345113545282715,1.1943574524176213,675
stflife,wellbeing,UA,0.0671575440362594,0.07989431189983794,0.06757235625387165,0.07804537584821027,5.0646108663729805,6.380323054331865,2.8109965581307503,1.6847046908827736,681
stfeco,wellbeing,AT,0.015284803379751497,0.692464453068648,0.009630189610351609,0.803218407753313,5.392857142857143,6.644345238095238,2.1515896158978634,0.9467951368456842,672
stfeco,wellbeing,BE,0.10570468535225017,0.005905413148458789,0.09116024383752103,0.017669257121643384,5.197932053175776,6.700147710487444,2.0717446499954293,0.9469118174273969,677
stfeco,wellbeing,BG,0.10304758256200665,0.007780741234081151,0.13279532060406138,0.0005907287059270568,3.096096096096096,6.262762762762763,2.08534083323366,1.267889440708228,666
stfeco,wellbeing,CH,0.0798071255550737,0.03861319065764472,0.033906298972318,0.38017836000716704,6.842261904761905,6.868303571428571,1.7771860080364688,0.6781614336290007,672
stfeco,wellbeing,CY,0.10082672600288048,0.008707457391398988,0.11541548228547799,0.002653211215203934,3.5828402366863905,6.330621301775148,2.303736400412603,1.3026219365988447,676
stfeco,wellbeing,DE,0.01119367299331494,0.7709348642920449,0.04053318248212181,0.2915689495002806,4.833578792341679,6.784977908689249,2.2876461874511103,0.9044357867928535,679
stfeco,wellbeing,EE,0.04730877012509213,0.21928202432042546,0.04667311348599091,0.22554467310024398,3.9763313609467454,6.816568047337278,2.236936165838725,0.8408588535889935,676
stfeco,wellbeing,ES,-0.05270476601632079,0.17044664937385828,-0.013796175412544312,0.719905573084022,4.216814159292035,6.35693215339233,2.228832257656058,1.2004568424333857,678
stfeco,wellbeing,FI,-0.029047997835298885,0.44950226223776696,0.009133401984660726,0.8120852704269624,5.654411764705882,6.733823529411764,1.9309840008771229,0.907197580686171,680
stfeco,wellbeing,FR,0.10373400037861212,0.007246177425992652,0.1278879838401324,0.0009155670213144093,3.672645739910314,6.6674140508221225,2.1912009042429283,0.9659236111704952,669
stfeco,wellbeing,GB,0.04915086853341305,0.20419900842690364,0.06242109694202882,0.10672760060075841,3.1494768310911807,6.443198804185351,2.143452751040814,1.1606326703344472,669
stfeco,wellbeing,GR,0.06718239877590501,0.079119471603671,0.052769949108414295,0.16803366787869026,3.491228070175439,6.33625730994152,2.0616228978157056,1.1735623700837128,684
stfeco,wellbeing,HR,0.006872409453523489,0.8598034496886591,-0.009621194804119909,0.8046974660857006,3.79788838612368,6.411764705882353,2.2091942741637376,1.111997356012879,663
stfeco,wellbeing,HU,0.042234820723678755,0.2728327270027574,0.01770980361728605,0.6457755161837757,4.261834319526627,6.220414201183432,2.5411153355968734,1.297380999480431,676
stfeco,wellbeing,IE,-0.012496775912254334,0.7447806005594375,-0.028066112560716353,0.4646501853740536,5.233480176211454,6.434654919236417,2.3262810044658817,1.169050736020985,681
stfeco,wellbeing,IL,0.09849078973342651,0.01092538752426659,0.07398127009037912,0.056171923776609754,4.6566716641679164,6.617691154422789,2.4782470468189297,1.0608450682477353,667
stfeco,wellbeing,IS,0.03631169814455346,0.3458508463764422,0.048068297900947146,0.2119635434722224,4.479289940828402,6.839497041420119,2.294828343187931,0.8800971570895795,676
stfeco,wellbeing,IT,0.0862191284960947,0.025195411953900237,0.05415014452782498,0.1602472577463125,4.1513353115727005,6.448071216617211,2.1297314420332714,1.0948226752832702,674
stfeco,wellbeing,LT,0.10393534015798508,0.006796521973878176,0.11369533163060186,0.0030524246269737106,4.531757754800591,6.413589364844904,2.461708890816285,1.1743026243752233,677
stfeco,wellbeing,LV,0.05720227435297797,0.1409053281201961,0.0542811382253052,0.16237694478512849,3.558734939759036,6.343373493975903,2.136979351830504,1.2413871257744107,664
stfeco,wellbeing,ME,0.014957567101148452,0.6968049549041472,0.020792346675739516,0.58805388434447,4.34654919236417,6.663729809104258,2.4138736231485765,0.9107157223247672,681
stfeco,wellbeing,NL,0.029251911658628706,0.44632497473548377,0.008971597063540213,0.8153538304548901,5.810294117647059,6.817647058823529,1.8755570370110568,0.7375757720932579,680
stfeco,wellbeing,NO,0.019250370028957256,0.6155132252431932,0.024357358954383446,0.5251088510873398,5.730600292825769,6.82796486090776,2.19718243124862,0.8266420352739805,683
stfeco,wellbeing,PL,-0.027245415407907918,0.49007091528813546,-0.03175151390941631,0.4211656896856992,5.226708074534161,6.431677018633541,2.058589946501043,1.1098272943837075,644
stfeco,wellbeing,PT,0.018835372624222316,0.625972848358856,0.022106101861314422,0.5672822090105673,3.7723214285714284,6.132440476190476,2.162602195089243,1.363355200711493,672
stfeco,wellbeing,RS,-0.14736984335862777,0.00014325713742876868,-0.17663464569943158,4.909066058352405e-06,4.1467473524962175,6.2269288956127085,2.6676415377541476,1.2564745446287966,661
stfeco,wellbeing,SE,-0.0005286965497737778,0.9890528315302989,-0.010079275171014418,0.793643101559924,4.819526627218935,6.955621301775148,1.9768970255580616,0.5871067024646333,676
stfeco,wellbeing,SI,0.1338101365420326,0.0005460061620577657,0.08732825731356006,0.024426583520291936,5.25,6.551957831325301,2.1957383651805586,1.054300576500729,664
stfeco,wellbeing,SK,0.06789201410284006,0.08020516648196727,0.06817719640698833,0.07894119616918911,3.669172932330827,6.206015037593985,2.4001813577037563,1.2968775870054754,665
stfeco,wellbeing,UA,0.04479696439875549,0.25299033466981413,0.04762396126471205,0.22423862560192248,2.660030627871363,4.937212863705972,2.435211659647135,1.5755151691360607,653
stfgov,wellbeing,AT,-0.04132929483690798,0.28397294468792583,-0.029538274718175547,0.4439132459421778,3.9970326409495547,6.88946587537092,2.562732703247464,1.1815289712187855,674
stfgov,wellbeing,BE,0.011105613765468807,0.7741630375122892,0.02149071619021221,0.5786902902930638,4.391044776119403,7.215373134328359,2.177321028001762,1.0244482686702594,670
stfgov,wellbeing,BG,0.15398578867893203,6.116610260746006e-05,0.16004519131242378,3.072603637918566e-05,2.7351190476190474,6.775744047619048,2.1655930204835117,1.330819267394428,672
stfgov,wellbeing,CH,0.02548539460090808,0.5117744854385261,0.0034154825266351635,0.9299469121547351,6.621052631578947,7.292932330827068,1.755587149558695,0.9296624451811808,665
stfgov,wellbeing,CY,0.032604371998861265,0.4066109804343367,0.038668773738624915,0.3249509451946744,4.003076923076923,6.666615384615385,2.302940388214603,1.538386861409109,650
stfgov,wellbeing,DE,-0.027245627940600068,0.48205956289589075,-0.018729506027974126,0.628944582952518,3.967065868263473,7.2187125748503,2.463915123291649,0.9734681910889672,668
stfgov,wellbeing,EE,0.1268299937004709,0.0010837829537866384,0.08401542463038289,0.03079116770388743,3.5597579425113466,7.337518910741301,2.2739931375895233,0.9788130807208938,661
stfgov,wellbeing,ES,-0.09587752503940812,0.01330998012227969,-0.10162523513885127,0.008677348530294452,3.7417417417417416,6.908408408408408,2.625376329509398,1.2919140738861592,666
stfgov,wellbeing,FI,0.04823443630333315,0.21072538682753245,0.06670688525045344,0.08330689008135014,4.881481481481481,7.218962962962963,2.3633321916833996,1.0531690724026184,675
stfgov,wellbeing,FR,0.10012865876486553,0.009501924800566261,0.09226962985970891,0.01689528941684572,3.7970149253731345,7.07089552238806,2.400919738394098,1.2102467738614728,670
stfgov,wellbeing,GB,0.023662126145449748,0.5421359781267017,0.05549238185686828,0.15257276930764385,2.9684684684684686,6.8141891891891895,2.4403678503186623,1.3371883936992024,666
stfgov,wellbeing,GR,-0.036559051845449844,0.34007709670645453,-0.019272128757707837,0.6151139459069788,3.6486090775988287,6.912591508052709,2.3095067387390564,1.0381094034234388,683
stfgov,wellbeing,HR,-0.0898817941038466,0.020440179455052405,-0.0852555352190602,0.027920418680489764,3.398496240601504,6.691428571428571,2.525591454121873,1.43121459437301,665
stfgov,wellbeing,HU,-0.01805118361402456,0.6401738312725689,-0.002707541700881265,0.9441066940408133,4.469539375928678,6.5732540861812785,2.7837821023675886,1.5235642018990951,673
stfgov,wellbeing,IE,0.018376609740277577,0.6354237697480422,-0.01845765793336978,0.6339332331513704,4.994011976047904,6.783682634730539,2.334146514655913,1.367864278623971,668
stfgov,wellbeing,IL,0.12624230582675688,0.0012585075050244373,0.11435315257590434,0.003506888841316404,3.893846153846154,6.994769230769231,2.8892434763022283,1.1563865771647754,650
stfgov,wellbeing,IS,0.06854330616931589,0.07689663827048536,0.06658819759029655,0.08572157723435739,4.187406296851575,7.244827586206897,2.394806133230013,1.0445839546905828,667
stfgov,wellbeing,IT,0.06734995208582954,0.08500635678286571,0.07869738118913601,0.04407510340120767,4.32824427480916,6.896641221374046,2.2478081341895013,1.1627452295926233,655
stfgov,wellbeing,LT,0.0700688175166774,0.0718184637329345,0.08445606540853262,0.02992141655808415,3.913767019667171,6.914523449319213,2.5447762061873567,1.2714347508172255,661
stfgov,wellbeing,LV,0.06683211535114984,0.08816778847938517,0.05203791227701733,0.1844753638806402,3.1763803680981595,6.75,2.273441214990274,1.3572641226443405,652
stfgov,wellbeing,ME,0.05230042895845738,0.17729883823869977,0.06155036600628035,0.1122534966257059,4.692653673163418,7.01424287856072,2.437813351845499,1.1472742816161128,667
stfgov,wellbeing,NL,0.07135636346294327,0.06450379316039134,0.021186485151274234,0.5835164631841427,4.596726190476191,7.356547619047619,1.9991476565367639,0.9196085398589477,672
stfgov,wellbeing,NO,0.011880250158681159,0.7576604018146234,0.025411000666076614,0.509215789945715,4.791728212703102,7.305908419497785,2.1646821097060798,0.9625197810324271,677
stfgov,wellbeing,PL,-0.05400277570139178,0.18213918867181192,-0.024141811675095902,0.5511075369580284,4.491830065359477,6.919117647058823,2.7649191055271984,1.1361824295162404,612
stfgov,wellbeing,PT,-0.08146291468615,0.03556584130468397,-0.06764860965637072,0.08106752667440151,3.59009009009009,6.5457957957957955,2.314743394925834,1.5590402041762546,666
stfgov,wellbeing,RS,-0.21521830526036098,4.2225559324576294e-08,-0.19141634082780398,1.1569239764771348e-06,4.382075471698113,6.673427672955975,3.188600675580246,1.3820337220682384,636
stfgov,wellbeing,SE,-0.0017419716989085768,0.9642104450366422,0.01327291163440089,0.7324221452056068,4.183183183183183,7.428678678678678,2.1783803225220693,0.9109709248492278,666
stfgov,wellbeing,SI,0.067472886977011,0.08419972620742558,0.033446920292637704,0.39240464647519957,4.286585365853658,6.913109756097561,2.491549672965445,1.319870023728951,656
stfgov,wellbeing,SK,0.07655367316368045,0.04812150588579455,0.061716267914882765,0.11128720220897309,4.179910044977511,6.537931034482759,2.7852061980164984,1.48340689402963,667
stfgov,wellbeing,UA,0.027476933208475267,0.48000408872247696,0.04241947587390526,0.27541375618635605,2.539969834087481,5.383861236802414,2.5630098194185824,1.8570748671732882,663
stfhlth,wellbeing,AT,0.03011238603847534,0.43170407344972406,0.027628202900136793,0.47067121152061075,6.5248538011695905,7.434210526315789,2.3514667817017383,0.6951404986484502,684
stfhlth,wellbeing,BE,0.07223706825559285,0.059177743422166904,0.08768267166467639,0.021920625524131983,7.257686676427525,7.609809663250366,1.7650264571255054,0.7437562935057145,683
stfhlth,wellbeing,BG,0.06817045039900804,0.07501165664476829,0.0938550694989478,0.014137169102006441,3.8638360175695463,7.2247437774524155,2.3692608538525666,0.8025361469107294,683
stfhlth,wellbeing,CH,0.004822532249192142,0.9001808062042195,-0.005132577386450802,0.8938001372732384,6.808541973490427,7.680412371134021,1.971444544930722,0.6909118045992809,679
stfhlth,wellbeing,CY,-0.0613710465188664,0.1095755718508511,-0.07151903372859332,0.06213663375325946,5.732745961820852,7.245961820851688,2.291082381324765,0.9855958148779421,681
stfhlth,wellbeing,DE,-0.010146102519660026,0.7915542712973377,0.005224228524533535,0.891756597952279,5.259911894273127,7.658590308370044,2.356778582375445,0.650081721894431,681
stfhlth,wellbeing,EE,0.0362504674003391,0.3441715069602313,0.009765975215318145,0.7989044579441144,5.7628111273792095,7.62489019033675,2.1523959924379845,0.6733695054401473,683
stfhlth,wellbeing,ES,0.013505827544352336,0.724199512516324,0.006795351099782765,0.8590932111786412,5.623357664233577,7.432116788321168,2.5145268808972334,0.7527662733969549,685
stfhlth,wellbeing,FI,0.040206236486333084,0.2940583784521924,0.04326745821367902,0.2588046152909743,6.417276720351391,7.6398243045387995,2.037793979547237,0.7095874425236884,683
stfhlth,wellbeing,FR,0.029864613073787943,0.43651709002273886,0.010159251854874303,0.7912903558153164,5.358296622613803,7.50337738619677,2.4164192103442916,0.7983275090976019,681
stfhlth,wellbeing,GB,-0.0804190331498328,0.036165445647592165,-0.07531414054954114,0.049799904376992436,4.80559646539028,7.399116347569956,2.5149519642812974,0.8482495161245417,679
stfhlth,wellbeing,GR,0.0835224513782212,0.029541020467018998,0.07857703413453543,0.040665519640054534,3.385861561119293,7.316642120765832,1.9936862994093196,0.8373842050318322,679
stfhlth,wellbeing,HR,0.010989400284507607,0.7753255373004356,-0.005101614325064054,0.8945922957696948,5.454948301329394,7.214918759231906,2.619870565479843,0.9405236805556957,677
stfhlth,wellbeing,HU,-0.017040903339390075,0.6582897637786084,-0.0019448448927463877,0.9597459165710249,3.5680473372781063,7.183431952662722,2.481298889988783,0.9788537800765277,676
stfhlth,wellbeing,IE,-0.06416977733029644,0.09452669653059777,-0.018908332973893074,0.6225738231350245,4.489705882352941,7.3522058823529415,2.417391558223036,0.8476743643331877,680
stfhlth,wellbeing,IL,0.09168286699140313,0.01744105839235192,0.03606845390002572,0.35052870647671536,6.523809523809524,7.423363095238095,1.887925018568345,0.7660874715174754,672
stfhlth,wellbeing,IS,0.026758604758049177,0.4860406273172931,0.03562141673148723,0.35367825663946006,5.370588235294117,7.665441176470588,2.0817644905860324,0.6823439931287221,680
stfhlth,wellbeing,IT,0.035424643889557864,0.35848361198473644,0.03376240239126297,0.38149476073760397,5.063798219584569,7.429970326409496,2.0908975146755684,0.7184002776999039,674
stfhlth,wellbeing,LT,0.10608902718019017,0.005584410707358723,0.058235145385205245,0.1289640423441407,4.3861967694566815,7.372246696035242,2.347536333626262,0.9365027735858132,681
stfhlth,wellbeing,LV,0.04514664855948008,0.2411014152137877,0.05042786292644257,0.1903544762662326,4.088757396449704,7.158284023668639,2.4993849780423445,0.9125167553753054,676
stfhlth,wellbeing,ME,-0.025041486400083825,0.5153964314113765,-0.02893660450445308,0.4522470971335686,4.813884785819793,7.346381093057607,2.320652543856923,0.8109126585276258,677
stfhlth,wellbeing,NL,0.11574347348189694,0.002598254920473611,0.10418576858285573,0.006744873765285962,6.608888888888889,7.737185185185186,1.7846803845991854,0.64655748038968,675
stfhlth,wellbeing,NO,0.06502994506139334,0.08947098874032175,0.058358710213435624,0.12759183686085762,7.073206442166911,7.7752562225475845,1.8682168321171781,0.6002832055974636,683
stfhlth,wellbeing,PL,-0.057458310337245036,0.1358890327345358,-0.022044044324280657,0.5675055525452287,4.1540740740740745,7.295259259259259,2.278129893252057,0.8773821576081113,675
stfhlth,wellbeing,PT,-0.0010856808299838892,0.9774389421491186,0.005708668064606795,0.8817897272333536,3.845814977973568,7.2055800293685754,2.523655895220506,1.0273601206407323,681
stfhlth,wellbeing,RS,-0.028707981887297385,0.4568326141664634,0.005653172480072288,0.8835317090065108,4.246290801186944,7.032640949554896,2.80551243806248,0.9301631126908264,674
stfhlth,wellbeing,SE,-0.016982357352610767,0.6596267240418632,0.010192624586794595,0.7915270248208799,5.6651851851851855,7.795555555555556,2.0865301552579982,0.6785027444917877,675
stfhlth,wellbeing,SI,-0.005038299798902551,0.8958162930120501,0.023402858715521432,0.5429668642932243,4.721238938053097,7.353244837758112,2.509748838202685,1.0205769658460635,678
stfhlth,wellbeing,SK,0.035816321498147334,0.3524750136244564,0.03674243736985136,0.3401557795994698,3.8476331360946747,7.120562130177515,2.4769474083496408,0.9838881194981866,676
stfhlth,wellbeing,UA,0.09048306317223685,0.019794834095857323,0.09298919005858403,0.016618921815783498,4.273001508295626,6.233031674208145,2.6065183011205333,1.4175457527822086,663
stfedu,wellbeing,AT,-0.06512528062009389,0.09869022035222207,-0.02131826297352129,0.5891920497790649,6.212732919254658,7.214285714285714,2.3189850001433285,0.9562177399216444,644
stfedu,wellbeing,BE,0.018177773358642985,0.6373293889296732,0.025086982887217866,0.5152573927650805,5.758518518518518,7.385925925925926,2.023467115359531,0.9844610933686119,675
stfedu,wellbeing,BG,0.024595176077943297,0.5348598870447894,0.06467640670319183,0.10237887055859954,4.05320813771518,7.205007824726135,2.3146632636322955,1.1296405335541018,639
stfedu,wellbeing,CH,-0.007306518112493558,0.8537480845466833,-0.04519329950196676,0.2539687075376635,6.677621283255086,7.440532081377151,1.9417819694420866,0.8562331105739566,639
stfedu,wellbeing,CY,-0.01613909919386368,0.680825828857605,-0.03549516722430084,0.36552370738751266,4.682515337423313,6.980828220858895,2.2512262147128803,1.457282339437615,652
stfedu,wellbeing,DE,-0.04414406722735265,0.25348814091384003,-0.019100357999774324,0.6213825322467875,4.286140089418778,7.4277198211624444,2.2734880502597816,0.8197600771379524,671
stfedu,wellbeing,EE,0.07159520341820497,0.0640096349886197,0.07426119013374166,0.054698006918522765,6.392537313432836,7.54776119402985,2.2323088540748146,0.7289360366843223,670
stfedu,wellbeing,ES,-0.0635633131699323,0.09994571117848793,-0.03442477840168325,0.373289092299515,5.0253353204172875,7.213114754098361,2.3149640723020117,1.0713533010949592,671
stfedu,wellbeing,FI,0.016499451689517202,0.6673356251795327,0.005338555440202913,0.8894028346293055,7.236417033773862,7.448604992657856,1.7493430941702628,0.9056206636262234,681
stfedu,wellbeing,FR,-0.07576234857804494,0.05014242228597936,-0.04737024265397117,0.22109234487709487,4.579970104633782,7.443198804185351,2.131518392552024,0.9312774969288118,669
stfedu,wellbeing,GB,0.021589927333365715,0.5850404393159649,0.025907307669945433,0.5122985541583664,5.297507788161994,7.129283489096573,2.2697137800755827,1.2513764467786015,642
stfedu,wellbeing,GR,0.007044757039866343,0.8572969083134635,0.021925986463600677,0.5756723691180089,3.830275229357798,7.281345565749236,2.039487876165762,1.0370121528009577,654
stfedu,wellbeing,HR,-0.020309795523560003,0.6030356865867181,-0.000833492907476374,0.9829746716685911,5.848024316109423,7.0820668693009114,2.2997592460888145,1.247870874131193,658
stfedu,wellbeing,HU,-0.06671552099052629,0.09589937007582224,-0.058102409121340126,0.14713871624363223,4.072115384615385,7.044871794871795,2.4884177312671203,1.2909386569317762,624
stfedu,wellbeing,IE,-0.08131154713264807,0.03690241803407054,-0.06438781595279072,0.09864156039051271,6.846737481031867,7.161608497723824,1.9738104746002514,1.2232168306895088,659
stfedu,wellbeing,IL,0.06711704720659782,0.08325752896429485,0.04812116503240083,0.21453861640823396,5.286356821589205,7.380809595202399,2.0824974348557728,0.9159697291792228,667
stfedu,wellbeing,IS,0.035787713320032846,0.35501347884808276,-0.00023158675440983334,0.9952260607483888,6.371641791044776,7.49179104477612,1.762616784299906,0.9015058410152188,670
stfedu,wellbeing,IT,0.09313609430952528,0.01677706375279087,0.0911062596021682,0.01932432272749999,5.068285280728376,7.148710166919575,1.97704423171944,1.0589941919311423,659
stfedu,wellbeing,LT,0.07341872613655365,0.06259571463612898,0.05365477162575932,0.1738489306370298,4.532608695652174,7.208074534161491,2.242774892479839,1.0307239845019718,644
stfedu,wellbeing,LV,-0.03401701637400849,0.3981848859373374,-0.03933792869656022,0.3285115918841082,4.0016155088852985,7.135702746365105,2.2458153767165063,1.1042730840618111,619
stfedu,wellbeing,ME,-0.07709482522789345,0.046065414652925685,-0.08327568620950968,0.031141700955792807,4.262686567164179,7.253731343283582,2.2316406467779317,0.896235001181046,670
stfedu,wellbeing,NL,0.02446415639591979,0.5338578636951868,-0.0006014764945007411,0.987798136531108,6.132511556240369,7.581664098613251,1.6548674959840122,0.74242242265627,649
stfedu,wellbeing,NO,0.06058374004042708,0.11636881942691278,0.03305769991142651,0.3918701754223057,7.335809806835067,7.510401188707281,1.666416789447851,0.9013277174725624,673
stfedu,wellbeing,PL,-0.14667205606019787,0.00018123621807467758,-0.1159306838734537,0.00314604054405097,4.97063369397218,7.216383307573416,2.3797527124521425,1.0040215859770787,647
stfedu,wellbeing,PT,0.030163805377841184,0.44371017550764347,0.006074256834117194,0.8774452364672041,4.406491499227203,6.841576506955178,2.24577096048795,1.4891306874404755,647
stfedu,wellbeing,RS,-0.05942802260026155,0.12692345447435704,-0.034391024320312845,0.3773561673929088,4.978819969742814,7.010590015128593,2.8714117211026102,1.1618466687380598,661
stfedu,wellbeing,SE,-0.018872718387131227,0.6291897758815406,0.0030430755837174803,0.9379459444930576,5.210045662100456,7.604261796042618,2.1043703430229956,0.8209416690857405,657
stfedu,wellbeing,SI,-0.025944635606241172,0.5058085637867172,-0.05579854220893318,0.15217562375853222,5.5227272727272725,7.2280303030303035,2.330330165705582,1.108616712742637,660
stfedu,wellbeing,SK,0.03963043589853866,0.3179619517742063,0.03620114670287593,0.36167391865680126,5.175824175824176,6.959183673469388,2.3865146859794812,1.322839270311755,637
stfedu,wellbeing,UA,-0.01664378826725112,0.6853599334842962,0.030586031380833812,0.45646589816903954,4.485714285714286,6.273109243697479,2.634473788150518,1.5906236986389917,595
imueclt,immigration,AT,0.035114831644345354,0.36377938876716726,0.03143683646484458,0.4162111730006828,4.903129657228018,7.465722801788376,2.520573089217864,1.134408666025577,671
imueclt,immigration,BE,0.11594683352047105,0.002496982831213799,0.08109067716766194,0.034767536838083646,6.20353982300885,7.660029498525073,2.210459727618245,0.8640076995543853,678
imueclt,immigration,BG,-0.00034532191950039363,0.9930379165113765,0.02265681905871425,0.5669299681122446,4.421216848673947,7.3697347893915754,2.951236883404258,1.270071882140311,641
imueclt,immigration,CH,0.0383495499228735,0.32015963073214276,0.04711396891230756,0.2218749001509917,6.367952522255193,7.675816023738872,2.228662327919627,0.9457151363642777,674
imueclt,immigration,CY,0.09779691833941499,0.011195111020929398,0.08286509784295709,0.03172928152611563,3.5967261904761907,7.4694940476190474,2.593616144659924,1.3409878179287718,672
imueclt,immigration,DE,0.12645725316798545,0.0009670921444631594,0.10113739313392406,0.008404806434776318,5.907079646017699,7.624631268436578,2.373893590594771,0.9636822059770808,678
imueclt,immigration,EE,-0.010144948066920054,0.7930838854503195,-0.01228231432812801,0.7508067581016324,5.536512667660209,7.658718330849478,2.3445253599919242,0.9185862740821545,671
imueclt,immigration,ES,0.08002423714114881,0.03837467112902505,0.09144879092123728,0.017902136205833308,6.601492537313433,7.636567164179104,2.387873733639764,0.9032031559528492,670
imueclt,immigration,FI,0.02428762103655029,0.5266002554595841,0.020668765590479882,0.5900007726147146,7.32258064516129,7.626539589442816,2.025908638644856,0.9896450908883251,682
imueclt,immigration,FR,0.0009313796688617613,0.9807018536344332,-0.02686153971764384,0.4853330825337513,5.595273264401772,7.675775480059084,2.6843577335162117,0.9836554198596096,677
imueclt,immigration,GB,0.050028130343394324,0.20203310888098397,0.0777623854813639,0.04716634410376365,6.438650306748467,7.574386503067485,2.555842081171338,1.1079535491056343,652
imueclt,immigration,GR,-0.0014658134465650374,0.9697229066175187,0.007418537125384285,0.8476651439619926,4.074294205052006,7.653789004457653,2.104517989204657,0.8149759327064958,673
imueclt,immigration,HR,0.07727947774473308,0.046033387402808885,0.08006304201025903,0.03871752463235023,4.992503748125937,7.3797601199400304,2.7182407197894864,1.3109018292896004,667
imueclt,immigration,HU,0.046396248028638676,0.23250219031313127,0.046517726456945886,0.2312802345711987,3.822289156626506,7.1129518072289155,2.4331267460648616,1.5208597901991796,664
imueclt,immigration,IE,0.06988124996673664,0.06961283204756698,0.04903031076321552,0.20328462722445118,6.148148148148148,7.520740740740741,2.618464787145523,1.1021355245994116,675
imueclt,immigration,IL,0.05374109318621599,0.17248804073999477,0.06786961121012967,0.08476977946528996,5.012383900928793,7.715170278637771,2.5831598127647957,0.8518937693257571,646
imueclt,immigration,IS,0.0304614319996589,0.4280842931839716,0.030047131627475437,0.4343962555857256,7.057437407952872,7.7901325478645065,2.15229860698808,0.7577951716843804,679
imueclt,immigration,IT,0.07710769179511101,0.047520509368296715,0.05374867397829253,0.16750769896803624,4.897125567322239,7.58018154311649,2.5775853566026856,0.9982942863422969,661
imueclt,immigration,LT,0.14179918559522472,0.0002841189738725665,0.13733504610444153,0.0004414260393207712,5.016897081413211,7.443932411674347,2.566894002217902,1.154391969843941,651
imueclt,immigration,LV,0.024619677883788854,0.5268469333830994,0.006821471888859484,0.8608319535108492,4.549019607843137,7.360482654600301,2.545702160613356,1.2842554860305597,663
imueclt,immigration,ME,-0.05299574125902473,0.17160030492069991,-0.03395045811821038,0.38134328344550017,5.1544227886056975,7.517991004497751,2.128420036320705,0.9564732107706742,667
imueclt,immigration,NL,0.1275253597894107,0.0009141693583767252,0.12192653440562407,0.001529651778134514,6.227340267459138,7.771224685618637,2.110848163385323,0.8815599217846461,673
imueclt,immigration,NO,0.08011150575340145,0.03605917627047194,0.06525113723838075,0.08791770708417165,6.356204379562044,7.75985401459854,2.2442539140397075,0.8911898096941634,685
imueclt,immigration,PL,0.08971441777426466,0.02227049775185134,0.10201258229894039,0.009306175653006005,5.546995377503852,7.38597842835131,2.3203396944883106,1.2304410554317384,649
imueclt,immigration,PT,0.13176157872722544,0.0007802977163286008,0.09447431367456535,0.016225708342130152,5.701700154559505,7.557959814528593,2.228935844688406,1.2159138971135142,647
imueclt,immigration,RS,0.07075106663321117,0.07667913861535833,0.05314611540717022,0.18382787326024427,4.81658692185008,7.23444976076555,3.076216997546633,1.2364510981672054,627
imueclt,immigration,SE,0.06383693588601144,0.09748940030288945,0.03249321022331476,0.3993088325963924,6.955555555555556,7.766814814814816,2.15726866912339,0.884566526855394,675
imueclt,immigration,SI,0.05989534972024536,0.12310478338167526,0.04808104240234879,0.21595974079744953,5.359939759036145,7.503012048192771,2.6014772452593844,1.1352662798875846,664
imueclt,immigration,SK,0.03805357218975444,0.3297444895418882,0.04469919910426357,0.2522115526762585,3.4148936170212765,7.085106382978723,2.6187864904816816,1.5161404790242081,658
imueclt,immigration,UA,0.06661121604654807,0.09352184186626256,0.08473422182500932,0.03277173667720741,5.233070866141732,6.711811023622047,2.8582454501546386,1.8569765364635278,635
imwbcnt,immigration,AT,0.0906230270750056,0.019978256923264017,0.08449868417469161,0.030088198919801478,4.437025796661609,5.389984825493172,2.3758334229783067,2.3129981266996067,659
imwbcnt,immigration,BE,0.0648652406342679,0.09147838377149929,0.07827236326149395,0.04160440743220955,5.441002949852507,6.06047197640118,2.04713299464779,2.095934254048366,678
imwbcnt,immigration,BG,-0.07326943399893396,0.061911961673378084,-0.05775537970970729,0.14132552346918037,3.9784615384615383,5.1461538461538465,2.8413896808148444,2.4124469814991802,650
imwbcnt,immigration,CH,0.02442314981231916,0.530152370936461,0.005936853992959611,0.8787297589144165,5.787330316742081,6.173453996983409,1.8627423399834773,2.073809049390444,663
imwbcnt,immigration,CY,0.01425261626175832,0.7112517192314968,0.029962548633282283,0.43637075551600363,3.781388478581979,5.324224519940916,2.4656352611189227,2.56716946267829,677
imwbcnt,immigration,DE,0.11932164969998527,0.00196035601440176,0.145002459551553,0.00016388363658625574,5.360655737704918,5.914307004470939,2.281895425637509,2.2049207698078335,671
imwbcnt,immigration,EE,0.0688392897713725,0.07763640349115533,0.04132891523389087,0.2897884992521135,4.886018237082067,6.173252279635259,2.098942028121367,2.18049651535092,658
imwbcnt,immigration,ES,0.11163694574924699,0.0037598788334610635,0.1031064170244282,0.007473365868107654,5.913690476190476,5.605654761904762,2.357407087940014,2.339481170877287,672
imwbcnt,immigration,FI,0.10906345354376261,0.004438493536705423,0.09657847076649516,0.011807121542596008,6.091310751104565,5.895434462444772,2.081785997686717,2.3092656275735353,679
imwbcnt,immigration,FR,0.04380467643395587,0.25930575845963805,0.042853536166892664,0.26980248706507765,5.166917293233083,5.758646616541354,2.2070779421778663,2.24766035718419,665
imwbcnt,immigration,GB,0.1853193004761064,1.8614631080482441e-06,0.16110098737640569,3.5355035239565006e-05,6.176110260336906,5.660796324655436,2.5736832716781675,2.2671014662220084,653
imwbcnt,immigration,GR,0.09185868750307911,0.017060155561059866,0.08357440940145382,0.030045731861731425,4.152818991097923,5.632789317507418,2.1830291140531624,2.258668412066234,674
imwbcnt,immigration,HR,0.11238564544601994,0.003683215861258772,0.1124606724798808,0.0036603267231791158,4.908408408408408,5.112612612612613,2.5242918795381257,2.5648151537710504,666
imwbcnt,immigration,HU,0.057782993800465136,0.13840174485981624,0.04535280311437624,0.24497576318671235,3.825493171471927,4.9165402124430955,2.2336646850199506,2.3950333968787776,659
imwbcnt,immigration,IE,0.12220705057862369,0.001553607891619816,0.14823952343786903,0.00012033455770256444,6.088323353293413,5.5553892215568865,2.5454751347052738,2.343433391025763,668
imwbcnt,immigration,IL,0.13785814461482215,0.00043262695977643473,0.13700702712963214,0.0004698148238304309,4.763888888888889,5.914351851851852,2.4860895844573765,2.3626068592166547,648
imwbcnt,immigration,IS,-0.0016964183973646367,0.9649103137584016,-0.003199737187151677,0.9338692360252572,7.028148148148148,6.373333333333333,2.0201012054094503,2.205139666677577,675
imwbcnt,immigration,IT,0.08370480571252154,0.03065452746631649,0.06994167334897504,0.07104955191778153,4.56671664167916,5.280359820089955,2.3556784341359007,2.387427251110306,667
imwbcnt,immigration,LT,-0.033564482816783,0.39365766334091196,-0.0140542555472237,0.7210245558293208,5.237654320987654,5.427469135802469,2.305628230482796,2.313387905277108,648
imwbcnt,immigration,LV,0.017688491588404562,0.6531133519211458,0.01754866364036055,0.6556782263291715,4.401234567901234,5.25462962962963,2.443070195877953,2.3532627588578743,648
imwbcnt,immigration,ME,0.07469699291158664,0.05510555188587027,0.06592789889668049,0.0905793922432155,4.713636363636364,5.546969696969697,2.260996487822859,2.3214850367846616,660
imwbcnt,immigration,NL,0.10039287115744618,0.009001804570491536,0.09805219189872612,0.01074797020656958,5.517751479289941,6.415680473372781,1.8835691031374728,1.9312992314644521,676
imwbcnt,immigration,NO,0.08990197745353735,0.019575447815516168,0.07072918434124335,0.0664869061991665,6.243323442136498,6.2707715133531154,1.9918462899103038,2.166485982839059,674
imwbcnt,immigration,PL,0.07857404631242142,0.04692566614423424,0.0630732411647863,0.11091162189878624,5.521875,5.39453125,2.084180578895699,2.3052063477596043,640
imwbcnt,immigration,PT,0.07387723844542674,0.05783643083501336,0.07969123215626771,0.04068952610849374,4.637878787878788,5.122727272727273,2.1359176491143628,2.407329189237571,660
imwbcnt,immigration,RS,0.07675084192633636,0.055533806134308146,0.07481448718059237,0.0620087648898035,4.815409309791332,4.964686998394863,2.9420370675971705,2.427476397891985,623
imwbcnt,immigration,SE,0.10752932483763245,0.005130769162733851,0.08063211725638571,0.03608495318586431,6.356508875739645,6.386094674556213,2.1295387645099897,1.8500167326333699,676
imwbcnt,immigration,SI,0.051286788992503655,0.1868527781414268,0.04199367257495024,0.27990219788667076,4.975903614457831,5.498493975903615,2.3698758194141587,2.413354778736048,664
imwbcnt,immigration,SK,0.0995478726453325,0.010558059216795758,0.09261324616778428,0.01740336048958556,3.3626707132018208,4.79969650986343,2.336547767633432,2.4820204349820836,659
imwbcnt,immigration,UA,-0.002956961878692645,0.941282827349066,-0.007973818468408488,0.8425524101460307,5.343499197431782,3.9125200642054576,2.825154342808667,2.266944890697283,623
imbgeco,immigration,AT,0.01948062549819207,0.6171139387601138,-0.004658172272277697,0.9048513452512585,5.614220877458396,6.9167927382753405,2.484078490120355,1.1203514063204263,661
imbgeco,immigration,BE,0.04765699934688454,0.21488476285554106,0.07496573579801895,0.050869591469217434,5.603829160530191,7.092047128129602,2.202984715808637,0.9308677831110445,679
imbgeco,immigration,BG,-0.020268733935294745,0.6057078455994173,-0.051802476390779,0.18681130735315246,3.956989247311828,6.789554531490015,2.911197400733596,1.3790570751920046,651
imbgeco,immigration,CH,0.11627334168475147,0.0024271413123444744,0.1154266300970047,0.0026120541669669593,6.480825958702065,7.092920353982301,1.9789328911525939,0.9867257956064028,678
imbgeco,immigration,CY,0.07210424450666648,0.06116667780534071,0.0849135155321295,0.02738299453644638,3.688888888888889,6.864444444444445,2.622847193150076,1.3967143867449978,675
imbgeco,immigration,DE,0.022062438936407518,0.5677591997052803,-0.0033038505697442822,0.9318239872756132,6.062407132243685,7.099554234769688,2.260352802623964,0.9196352362020127,673
imbgeco,immigration,EE,0.07427559155147136,0.055381054997296786,0.04804141127470413,0.21564577905665117,5.388888888888889,7.143393393393393,2.29490372880386,0.9471412713349903,666
imbgeco,immigration,ES,0.11037387557392564,0.0041747306730528086,0.13187753482177333,0.0006096790762117114,6.354166666666667,7.010416666666667,2.3116720399890127,1.1829180893705025,672
imbgeco,immigration,FI,-0.010305117003475034,0.7888216446514311,0.03854749861274904,0.3162291902926472,6.54424778761062,7.0825958702064895,2.0811358414348398,0.9282809442592234,678
imbgeco,immigration,FR,0.08699884932743067,0.024323813262360088,0.09994949521868765,0.00963158167038799,5.367164179104478,6.988059701492538,2.442057260811601,1.216727261188592,670
imbgeco,immigration,GB,0.08239067832977276,0.034187755826910374,0.10192516680908728,0.008732302668481426,6.229954614220877,7.027231467473525,2.5175285194853023,1.13851966192247,661
imbgeco,immigration,GR,-0.0030882817485692517,0.9366431099701609,-0.06526295299188596,0.09264616858490857,4.237593984962406,6.972932330827068,2.1975000001288225,1.0481716597224484,665
imbgeco,immigration,HR,0.053022982001299984,0.172674435729797,0.009377145779546885,0.8095552684059869,5.007541478129713,6.761689291101056,2.550683307717346,1.3982870984381428,663
imbgeco,immigration,HU,0.04168356844304607,0.28493220931792085,0.041301614261419504,0.2893728296437484,3.6196969696969696,6.675757575757576,2.517177387892088,1.3972725009460512,660
imbgeco,immigration,IE,0.04378084284702552,0.2581318715269084,0.047927390459118986,0.21570237919294658,5.992526158445441,6.865470852017937,2.6516751655926294,1.3323993354262575,669
imbgeco,immigration,IL,0.0835780719893564,0.03299839817021595,0.09322652066961826,0.017347482320666047,4.940092165898617,7.1551459293394775,2.670253112309781,0.8551475456467801,651
imbgeco,immigration,IS,-0.03180372764202352,0.4114902470248364,-0.019786286192669617,0.6094449370544968,6.772795216741405,7.21898355754858,2.1232477357863817,1.0245262588721007,669
imbgeco,immigration,IT,0.012392169525284739,0.7508433172056745,0.004212045645339173,0.9140570848688208,5.1380880121396055,6.9332321699544766,2.5121086671893647,1.1265396188703236,659
imbgeco,immigration,LT,0.14339271502208767,0.0002474240039117914,0.14508456385929003,0.00020839734056091194,5.560862865947612,6.901386748844376,2.568759943898049,1.197791661384982,649
imbgeco,immigration,LV,0.03031847116499612,0.4410215583352741,0.0372566384782756,0.3436913461777207,4.992283950617284,6.708333333333333,2.633443634917816,1.4042742216691555,648
imbgeco,immigration,ME,-0.041221176537016124,0.2895814270172685,-0.035889364946424245,0.35654822521105034,4.285498489425982,6.90785498489426,2.694489469829755,1.1521072938132608,662
imbgeco,immigration,NL,0.05645581530520409,0.14495918710002292,0.018147892787098337,0.6396379841745538,5.755988023952096,7.154940119760479,1.944980102226565,0.8431874429065271,668
imbgeco,immigration,NO,0.08396718565732994,0.028919459749265908,0.0869461985332521,0.023674077385544126,6.1063515509601185,7.0768094534711965,2.0052972334724584,0.9880992365204392,677
imbgeco,immigration,PL,0.030479948681882224,0.43297223686074066,0.09679369376958022,0.01258290085508589,5.530120481927711,6.872439759036145,2.4350995440399923,1.2274424031609255,664
imbgeco,immigration,PT,0.06891906832227698,0.07751843821108809,0.09374028143535502,0.016240266937365785,6.171993911719939,6.788432267884323,2.2126178788963218,1.4385757296481845,657
imbgeco,immigration,RS,0.05307452286535,0.18618679009770892,0.026918496147665436,0.5027836104449287,4.618971061093248,6.718649517684887,3.000455183256306,1.3380133238283234,622
imbgeco,immigration,SE,0.03334536935483733,0.3895358154770504,0.02170286423344311,0.5755196532711793,6.0359281437125745,7.184131736526946,2.0544089876852674,0.910007493261392,668
imbgeco,immigration,SI,0.1712110383220559,8.599960097787195e-06,0.15120940756090856,8.731761958556653e-05,5.514970059880239,6.7844311377245505,2.5387108781112664,1.4388891287330343,668
imbgeco,immigration,SK,0.0953703614577493,0.014466935800465786,0.10259962835814217,0.008494004796402228,3.6986301369863015,6.525114155251141,2.68984335360932,1.5983202007366546,657
imbgeco,immigration,UA,0.03450639878604736,0.3879933244197625,0.0272134330856044,0.4960397598030003,6.1210191082802545,5.765923566878981,2.7728469664723296,2.0967776463268346,628
imsmetn,immigration,AT,-0.04509447875662954,0.24164610076399984,-0.0493636152521449,0.19989166543608713,2.048816568047337,2.856508875739645,0.7957191513243553,0.5063761754192387,676
imsmetn,immigration,BE,0.0065261092112495304,0.8655082771313753,-0.0023191662818262885,0.9520068500461136,1.8831360946745561,2.9275147928994083,0.7115634861234331,0.4063354294943125,676
imsmetn,immigration,BG,0.03355280968232721,0.38623487206870766,0.04772681643267362,0.21763179112905578,2.2600896860986546,2.8176382660687596,1.0183528400875712,0.6015845698662663,669
imsmetn,immigration,CH,-0.062498699398222696,0.10629182413999012,-0.08197662180427924,0.03401178008827436,1.8460388639760836,2.899850523168909,0.6579113237090359,0.44836693873987343,669
imsmetn,immigration,CY,-0.09641042514128224,0.012145919658673822,-0.1016221968177913,0.008189990194763762,2.3653846153846154,2.826923076923077,0.8698658900466593,0.5343739847293798,676
imsmetn,immigration,DE,0.0007081504422846063,0.9854576496665532,-0.020296400976349577,0.6013469656052187,1.7593984962406015,2.8947368421052633,0.6958393555503131,0.4825752624792118,665
imsmetn,immigration,EE,-0.016828433895419485,0.662285076121265,-0.01580916207190141,0.6815835799718848,2.0502958579881656,2.977810650887574,0.7121068800641306,0.4012335788970543,676
imsmetn,immigration,ES,-0.13501525165355885,0.0004532925685208387,-0.13951918416811854,0.0002888891750923316,1.8926974664679583,2.8852459016393444,0.8179645447062829,0.4765609613574058,671
imsmetn,immigration,FI,-0.09750849058292932,0.011315332188848112,-0.08674537437521974,0.024315498185846704,1.9332344213649852,2.951038575667656,0.6764951510490699,0.45509216119520934,674
imsmetn,immigration,FR,-0.09746935974294145,0.012435742950405742,-0.09904214512837478,0.011083252126296447,1.9497716894977168,2.9071537290715375,0.6998937917613459,0.470690297227931,657
imsmetn,immigration,GB,-0.12710703851500815,0.0011237230744636352,-0.09484858695551376,0.015247972089788208,1.9755351681957187,2.885321100917431,0.7939362099686824,0.4830972726453516,654
imsmetn,immigration,GR,-0.08033212052679334,0.03622996833003881,-0.07336342906034776,0.055858016093149124,2.0676470588235296,2.8661764705882353,0.9391565759078011,0.5045041001562004,680
imsmetn,immigration,HR,-0.06209217911922999,0.10649217600228117,-0.05591846408034804,0.1461117085683565,2.0,2.8227474150664698,0.9003615315938174,0.5556723229432722,677
imsmetn,immigration,HU,0.003348565558161886,0.9310064401009541,-0.0018380115335086063,0.9620967906614712,2.8733233979135617,2.8017883755588673,0.882865491371537,0.5816059264276073,671
imsmetn,immigration,IE,-0.09444399992415121,0.01410147661594295,-0.09584392201901282,0.01273052118412345,2.08,2.8355555555555556,0.8644649809356623,0.5291876461023437,675
imsmetn,immigration,IL,-0.10958265450170182,0.004699442656733733,-0.10834046136010272,0.005194654238470089,1.8042168674698795,2.9201807228915664,1.1299756352710935,0.3700099430265915,664
imsmetn,immigration,IS,0.03368802361850389,0.38361021730979533,0.02473107275891577,0.522478939781474,1.602086438152012,2.976154992548435,0.6286173871147425,0.3970384392097469,671
imsmetn,immigration,IT,-0.011840155629402445,0.7582794138228474,-0.02260014535469844,0.556893770142972,2.1194690265486726,2.8451327433628317,0.8343821149870585,0.5166917518215663,678
imsmetn,immigration,LT,-0.04947241341398841,0.20023991713096428,-0.021197206692982824,0.5833259544333377,1.9181547619047619,2.8705357142857144,0.7916276803894686,0.5373343256857361,672
imsmetn,immigration,LV,0.0065818417986182095,0.8664818455033517,0.020586541084692194,0.5989437531421333,1.9038167938931299,2.833587786259542,0.9712538461506797,0.6018080158356076,655
imsmetn,immigration,ME,-0.04607295647974424,0.2326157299202935,-0.025350613127719784,0.5114801127638914,2.2199108469539377,2.8707280832095097,0.8429091441983768,0.5313859675292014,673
imsmetn,immigration,NL,-0.03972671221124106,0.30415942354516773,-0.05456964879357611,0.15795859016534416,2.098360655737705,2.9769001490312967,0.6927214304329424,0.37831510263347246,671
imsmetn,immigration,NO,-0.04683847226106899,0.22355984178554253,-0.05414031753219729,0.159392407657651,1.672082717872969,2.952732644017725,0.6192216475293267,0.4841992178401903,677
imsmetn,immigration,PL,-0.09363309631882283,0.015179640216692407,-0.09228227935343013,0.016716513518232702,2.2723214285714284,2.855654761904762,0.7751401763248688,0.5048180854634385,672
imsmetn,immigration,PT,-0.04075229734889363,0.29147482160094673,-0.05818498606515694,0.13186298381219028,2.3824404761904763,2.7782738095238093,0.7993223635448731,0.5955157786753745,672
imsmetn,immigration,RS,-0.0585321905740307,0.13305661359987833,-0.05533555976934046,0.15561070164612312,1.8833333333333333,2.815151515151515,0.9349207903175173,0.5610640293140468,660
imsmetn,immigration,SE,0.011357027103072643,0.7691935743286498,0.013277325873554829,0.7315620154999979,1.7164179104477613,2.97910447761194,0.6163194226778166,0.4334784096918891,670
imsmetn,immigration,SI,0.0024284873000394573,0.9497847369853503,-0.026860303296714242,0.48600092904690445,1.8681481481481481,2.85037037037037,0.7441813708617433,0.5606897609399155,675
imsmetn,immigration,SK,-0.010735531810570874,0.7813354375188698,-0.007160774737009334,0.853113849432046,2.684053651266766,2.773472429210134,0.8919368276845236,0.6272039460258193,671
imsmetn,immigration,UA,-0.026635549570542722,0.499840312686046,-0.01851859727432304,0.639014915967657,1.6832298136645962,2.6785714285714284,0.8883021374416928,0.6948648410306856,644
impcntr,immigration,AT,-0.006793862153898371,0.8605611791865425,-0.02337158351443312,0.545601992827337,2.761549925484352,2.752608047690015,0.882540420686507,0.6429095894244726,671
impcntr,immigration,BE,-0.06522251925312073,0.09041869396256973,-0.06023330801191782,0.11795230518351414,2.0903703703703704,2.877037037037037,0.8184513560781624,0.5697545857154026,675
impcntr,immigration,BG,0.022453900667264215,0.5623713606261929,0.0351617076330477,0.3642178460965652,2.803892215568862,2.769461077844311,0.9744178135284784,0.6029624591286564,668
impcntr,immigration,CH,-0.07551869109409444,0.051763879274700386,-0.058535221119759964,0.13186261386038708,2.180722891566265,2.8795180722891565,0.771194498663796,0.5579014841689411,664
impcntr,immigration,CY,-0.08283347214019315,0.03166732162104885,-0.08392384630303704,0.02948301417767317,3.026745913818722,2.676077265973254,0.7495222422277682,0.7231141770624502,673
impcntr,immigration,DE,-0.02828970883353385,0.46643190928860995,-0.027674874799340277,0.4761785763869394,2.1503759398496243,2.837593984962406,0.8056300441858758,0.5788180603192307,665
impcntr,immigration,EE,-0.11781376165752595,0.0022544881538599172,-0.11144331320014814,0.0038738716120535373,2.743283582089552,2.935820895522388,0.8609140830968232,0.5605894539550262,670
impcntr,immigration,ES,-0.060468303631349175,0.11955408089901169,-0.06885635575678818,0.07621779002206615,2.0150602409638556,2.75,0.878646804766819,0.6387440542325981,664
impcntr,immigration,FI,-0.07637757241045941,0.04813437418048702,-0.08107266643670842,0.035900728438908604,2.4134328358208954,2.8567164179104476,0.7984281123803074,0.6449119893598152,670
impcntr,immigration,FR,-0.10617650823360875,0.006132036722986479,-0.11708844406867581,0.0024932713796655018,2.22406015037594,2.8360902255639098,0.8210475214755,0.6319002640087409,665
impcntr,immigration,GB,-0.04175073738230148,0.28599461084845246,-0.04480417324516126,0.25218571433608306,2.1374045801526718,2.764885496183206,0.877543126296993,0.6610532398766359,655
impcntr,immigration,GR,-0.08450728729155037,0.02744043668065565,-0.06893119276647978,0.07223077271622974,3.066079295154185,2.806167400881057,0.7746217594243142,0.6352559661459072,681
impcntr,immigration,HR,-0.14033736701885666,0.00025475812305391195,-0.14237218924565376,0.00020644018629431402,2.299259259259259,2.762962962962963,0.9208672451173482,0.6672434036795111,675
impcntr,immigration,HU,-0.04062087287116767,0.29375707772559767,-0.030481125976335493,0.43087561866274565,3.273134328358209,2.680597014925373,0.781910979674284,0.6847121542818342,670
impcntr,immigration,IE,-0.08925625152007402,0.021239128689964637,-0.09439714898743992,0.014810808359631394,2.2522522522522523,2.7522522522522523,0.8991404597438064,0.6254281199831012,666
impcntr,immigration,IL,-0.06115693296021482,0.11789704490295691,-0.08131614288887361,0.037471192752165754,3.1587786259541986,2.848854961832061,0.8963799288875683,0.509896915320014,655
impcntr,immigration,IS,-0.030970290908504037,0.42700711704833516,0.004018153743502438,0.9179367991102754,1.8954545454545455,2.9242424242424243,0.7885623610874215,0.5111980055994582,660
impcntr,immigration,IT,-0.06869816479080679,0.07469973563826848,-0.0868419702833007,0.024156904184391603,2.2700296735905043,2.749258160237389,0.8831042433461301,0.6457365366079488,674
impcntr,immigration,LT,-0.10945483529818022,0.004472320923565171,-0.10858211464894386,0.00480282917383404,2.429420505200594,2.75037147102526,0.9119718579202073,0.6836335074571899,673
impcntr,immigration,LV,-0.055857808883565056,0.15142912084457266,-0.05519243081996539,0.1563695930445159,2.789712556732224,2.7216338880484114,0.9814723366219807,0.7100796321123211,661
impcntr,immigration,ME,-0.07075752753621119,0.06739716367717738,-0.04978121546659565,0.1984492195327166,2.3721973094170403,2.8624813153961135,0.8426530582508891,0.5462834158052905,669
impcntr,immigration,NL,-0.017983793253137224,0.6404301854162647,-0.023932024526056188,0.5341845141791921,2.3220088626292466,2.86410635155096,0.8138974717959836,0.5432449406995824,677
impcntr,immigration,NO,-0.057813273739631355,0.13119589644138027,-0.03094369624263185,0.4194343726755725,1.828696925329429,2.925329428989751,0.7008138756923742,0.5694981595938292,683
impcntr,immigration,PL,-0.0914585085261484,0.018324080277933787,-0.0948076226537432,0.014454237103471986,2.5278195488721806,2.7654135338345864,0.7700486394685641,0.6128696466070269,665
impcntr,immigration,PT,-0.1127114933549899,0.0034853954278453625,-0.1197729956466648,0.001898648091626161,2.470149253731343,2.6641791044776117,0.8118175966779573,0.7059858297373464,670
impcntr,immigration,RS,0.0006930089148799752,0.9858115812781343,-0.0056536813813027505,0.8846463357962939,2.552193645990923,2.7443267776096825,1.0656121581210132,0.6580402785590831,661
impcntr,immigration,SE,-0.016647123914886007,0.6664023461897407,-0.00512536188894736,0.8944171293124258,1.8291233283803863,2.9346210995542346,0.6828568127592801,0.5915115428526783,673
impcntr,immigration,SI,-0.10787215727945779,0.005022344980768159,-0.08553995082800837,0.02625975936292695,2.202962962962963,2.7985185185185184,0.8272026383285275,0.6218075958278863,675
impcntr,immigration,SK,-0.08393617425970093,0.029217977995043793,-0.07070023782597475,0.06639623357564556,2.977777777777778,2.6725925925925926,0.8356545318120886,0.6961562153756702,675
impcntr,immigration,UA,-0.02382196811903237,0.5490415430844491,-0.02650146381690894,0.5050167117469183,2.3874015748031496,2.525984251968504,1.076490392717305,0.7621996847106797,635
imdfetn,immigration,AT,-0.11568682781543714,0.0026302954945750705,-0.13452758054370104,0.00046180178461761444,2.5875370919881306,2.8026706231454006,0.8648109255542219,0.5622539982175732,674
imdfetn,immigration,BE,-0.11589749376799319,0.002563931942485968,-0.123067378318871,0.0013570018716939566,2.066666666666667,2.897777777777778,0.7875138357787923,0.47791999048961586,675
imdfetn,immigration,BG,0.07071587851528519,0.06694452434782117,0.06751637865310572,0.08029755278943464,2.7336309523809526,2.7842261904761907,0.9852261426319697,0.5428203623492721,672
imdfetn,immigration,CH,0.01846238653729783,0.6338463162601972,-0.00068951834651528,0.9858082115388767,2.1152694610778444,2.8982035928143715,0.7140948197121578,0.43648769251172337,668
imdfetn,immigration,CY,-0.07755962262941637,0.043971920578553515,-0.10614113244923756,0.005774521144705297,2.8903703703703703,2.7911111111111113,0.7527273924274933,0.5707336455512272,675
imdfetn,immigration,DE,-0.026861607011772117,0.48924019368744126,-0.014186003919683795,0.7149971624220665,2.081203007518797,2.8932330827067667,0.752120533944728,0.4647507896650071,665
imdfetn,immigration,EE,-0.1366518487870107,0.00035918592499187583,-0.13397410132118054,0.00046907898384784927,2.4705014749262535,2.9277286135693217,0.8143016595586721,0.4506006201228436,678
imdfetn,immigration,ES,-0.0515530793878443,0.1835793806975038,-0.050105596585506465,0.19620862035551878,2.0209895052473765,2.901049475262369,0.8748282945439865,0.419976521164343,667
imdfetn,immigration,FI,-0.04484437938723725,0.24461975797694918,-0.043749726496061604,0.2563384269191053,2.311111111111111,2.908148148148148,0.7956359704213284,0.528568394583426,675
imdfetn,immigration,FR,-0.07248922775201662,0.061922008899610366,-0.08006370748689381,0.039158053504498545,2.1716867469879517,2.8509036144578315,0.7944260104240488,0.4977164412134544,664
imdfetn,immigration,GB,-0.12412443813562671,0.0014213956815353206,-0.1437298546932125,0.00021636457410351576,2.0410334346504557,2.8069908814589666,0.8107835784332234,0.5412762441854116,658
imdfetn,immigration,GR,-0.08379936306243509,0.028885615283404012,-0.09410749262641153,0.01409008664557049,2.8970588235294117,2.875,0.7965260708304562,0.47989781681131355,680
imdfetn,immigration,HR,-0.168546526631067,1.0232920141219914e-05,-0.1661287924076968,1.3738446126735266e-05,2.3185840707964602,2.7507374631268435,0.9376310076522778,0.6183728484636439,678
imdfetn,immigration,HU,-0.07326903633298669,0.05821060572427454,-0.057739259667955914,0.13573063235298793,3.2630792227204783,2.7593423019431986,0.7598633433720781,0.5819826100516042,669
imdfetn,immigration,IE,-0.10306219304628354,0.007454603239546406,-0.08369645522943485,0.029927550315537624,2.2421991084695394,2.835066864784547,0.889356329338763,0.5214055266306821,673
imdfetn,immigration,IL,-0.0015505161375153505,0.9684310215726275,0.012232608022038275,0.7548559250185567,2.9281345565749235,2.9067278287461775,0.9819366464181382,0.3860317563715252,654
imdfetn,immigration,IS,-0.026347305598333464,0.4988994435158374,-0.028891035194081496,0.45836904613800405,1.8850226928895613,2.950075642965204,0.7951193208146419,0.34674350012009303,661
imdfetn,immigration,IT,-0.12108733143370112,0.001610177834209555,-0.10666619980590294,0.00550131832538332,2.363905325443787,2.789940828402367,0.8541656443925186,0.5632861224571348,676
imdfetn,immigration,LT,-0.09021273142627648,0.01942614373954963,-0.08289428419115842,0.031796585550214064,2.3472429210134127,2.834575260804769,0.9110371319692073,0.57124876818095,671
imdfetn,immigration,LV,-0.05020406793456257,0.20079605655715185,-0.059749722220606746,0.12777688421780808,2.509984639016897,2.7987711213517663,1.0127533679919616,0.6109752820092471,651
imdfetn,immigration,ME,-0.0431570690796829,0.2639101718300097,-0.030367500635866372,0.43190774535834947,2.3511904761904763,2.888392857142857,0.8343581804014111,0.44122418828802173,672
imdfetn,immigration,NL,-0.023288247375137235,0.5464367777413511,-0.02223134745708081,0.5647976441583207,2.1679049034175333,2.913818722139673,0.7237743600574117,0.4645169756433716,673
imdfetn,immigration,NO,-0.019521553397740067,0.6110700747356504,-0.011558587022558128,0.7633469719451482,1.7533039647577093,2.947136563876652,0.6736152092378931,0.4340251353177457,681
imdfetn,immigration,PL,-0.15719803226134949,4.2038458767991355e-05,-0.1653263053850871,1.6276801958056065e-05,2.649331352154532,2.8172362555720656,0.8066337672002105,0.5296563062318775,673
imdfetn,immigration,PT,-0.049991821912225065,0.19588455181187125,-0.05629296094000908,0.14521838839675016,2.5007451564828616,2.727272727272727,0.811990025875951,0.638434312813367,671
imdfetn,immigration,RS,-0.1517654558493951,8.84835505761808e-05,-0.1411941059275501,0.00026818279914319314,2.401812688821752,2.794561933534743,1.054575668601822,0.5610402362468624,662
imdfetn,immigration,SE,-0.03183225429364072,0.4110706565086871,-0.018649610380697276,0.6301522125593813,1.7757847533632287,2.9566517189835575,0.6638299699837521,0.4606408251947633,669
imdfetn,immigration,SI,-0.04227772559116104,0.27449172250068526,-0.043812272447054344,0.25743319618961424,2.2,2.8537313432835822,0.8065501651533021,0.5435663548503055,670
imdfetn,immigration,SK,-0.0961349952850473,0.012330778082476533,-0.10771745149170088,0.005020545070413765,2.9955686853766617,2.741506646971935,0.8257923450386621,0.6293648334001839,677
imdfetn,immigration,UA,-0.052240187365242524,0.18652255820493807,-0.04276267830399914,0.2796766948694901,2.2121684867394698,2.6037441497659906,1.0240430638248874,0.7041739553820331,641
gincdif,values,AT,-0.07394319772679808,0.05648469851749876,-0.05124676836280147,0.1865321165696734,1.8138138138138138,3.3573573573573574,0.8730836483475676,0.5517558424680863,666
gincdif,values,BE,0.03028213826171824,0.4291112112580504,0.03224716721705643,0.39976035284915284,2.232456140350877,3.3903508771929824,1.0109499133041553,0.5229384200838709,684
gincdif,values,BG,0.047195375241867676,0.21834589949805797,0.03411242174031225,0.3737478368750299,1.595307917888563,3.3885630498533725,0.834555625190917,0.531021225131511,682
gincdif,values,CH,0.09724263473245408,0.011603233867634094,0.08563340815441725,0.02631881577219119,2.2303120356612185,3.3372213967310547,1.0259299167855094,0.5396759720235781,673
gincdif,values,CY,0.044293944777587434,0.2529452336664348,0.021798037105051692,0.5738454838521155,1.8817365269461077,3.3652694610778444,0.9209026808351298,0.5460423940478067,668
gincdif,values,DE,0.0013101613202300066,0.9728963564734854,-0.00995448275501581,0.7962895233162214,2.3214814814814817,3.3756296296296298,1.012707478480877,0.546110617221863,675
gincdif,values,EE,0.08709818618891121,0.023949908416118732,0.09959650732502257,0.009781595054389228,2.4613095238095237,3.3898809523809526,0.98800107370282,0.5565638544745665,672
gincdif,values,ES,-0.03542425735477776,0.360284389721811,-0.026456368465809846,0.49452168170427757,2.218236173393124,3.3243647234678626,1.014961076127945,0.5561480748406066,669
gincdif,values,FI,0.02286904471795291,0.5525034973056447,0.015941725862686953,0.6788366631824141,2.295420974889217,3.3584933530280647,1.0095079100467599,0.5255085775879156,677
gincdif,values,FR,0.029676594880955344,0.44008663751031085,0.03804681710382943,0.32220266827899735,2.09720176730486,3.3321060382916055,1.0777890918387267,0.5340335857838869,679
gincdif,values,GB,-0.05376024514248695,0.1696912273419106,-0.06187342207758957,0.11392306218655003,2.197247706422018,3.308868501529052,0.9973587215265853,0.5096444466565474,654
gincdif,values,GR,0.018196560999934046,0.6354828460696152,0.03111399812897378,0.41756392541208354,1.6784140969162995,3.4148311306901613,0.8049229842814244,0.5369579422406724,681
gincdif,values,HR,0.016343558539679913,0.6714386030870375,0.01662077422735753,0.666199235328523,1.9082840236686391,3.36094674556213,0.9143413816370821,0.533234704884347,676
gincdif,values,HU,-0.013766657182073289,0.720281610877273,-0.033570847117863685,0.3824390557916191,1.8350515463917525,3.334315169366716,0.9293047589984477,0.5253323944994768,679
gincdif,values,IE,0.044286582405416296,0.2505434470150408,0.04251746403779658,0.26998912585339585,2.0933333333333333,3.303703703703704,0.9691992473216753,0.5484544520427295,675
gincdif,values,IL,-0.009246318152101312,0.8118835752401049,-0.028344164603305844,0.4655740067779081,2.257142857142857,3.417293233082707,1.031892467946382,0.5299055494090446,665
gincdif,values,IS,0.02935079136402986,0.44411760945004536,0.02864601141100446,0.455138848164391,2.0762463343108504,3.366568914956012,0.9800020907225712,0.5584194330716002,682
gincdif,values,IT,-0.008799523543029025,0.8194915252026426,0.006226631417518803,0.8717198037557234,1.8148148148148149,3.349185185185185,0.8507736502351836,0.5057342575365752,675
gincdif,values,LT,0.03409622549690511,0.3746789481587918,0.034035219970632594,0.37553463989688113,2.1323529411764706,3.376470588235294,0.9904464378429628,0.5284589112981576,680
gincdif,values,LV,-0.014081066307154404,0.7184495361781017,0.02021918167177775,0.6046541053935021,1.9407294832826747,3.264437689969605,0.9433645942897954,0.537041676663742,658
gincdif,values,ME,-0.013715896405196853,0.7238504259265581,-0.012473665336422236,0.7479714047120238,2.3633633633633635,3.343843843843844,1.1158907336395691,0.5119030684792149,666
gincdif,values,NL,0.03643200415251714,0.3435387466919055,0.014043370880422422,0.7151034673922114,2.327433628318584,3.4027286135693218,1.0163433561533994,0.5103904898114294,678
gincdif,values,NO,-0.021663660198093782,0.5713780447535404,0.004965932875209695,0.8967766217302292,2.28029197080292,3.3785401459854016,0.9644135429782612,0.5373948151479803,685
gincdif,values,PL,0.05750018827830218,0.14125542326607263,0.04847433795873484,0.21500869731467548,2.5945121951219514,3.312957317073171,1.1066352577720366,0.5025733212313944,656
gincdif,values,PT,0.010675025539290948,0.782536848089247,-0.01882704234847838,0.6263835528051789,1.7377049180327868,3.3070044709388973,0.74896552097052,0.566156297952539,671
gincdif,values,RS,0.10752849206020614,0.0060670984361841885,0.0953241555430223,0.015050605040664503,1.98,3.357307692307692,0.9982573413547066,0.5260220639908025,650
gincdif,values,SE,0.025601680830858026,0.5063570877222336,0.03462803955995658,0.3686886655978593,2.2618343195266273,3.41301775147929,0.8816275567412865,0.5838891875930927,676
gincdif,values,SI,0.05425626486381973,0.15973944053726571,0.04784017718088667,0.2151662421855062,2.0653789004457654,3.353937592867756,0.9505037263995256,0.5374820946337981,673
gincdif,values,SK,0.009637019652647105,0.8020762060254044,0.022452890652766424,0.5591767688566522,1.9896907216494846,3.2901325478645065,0.8298699431205507,0.5589759495708747,679
gincdif,values,UA,0.04122542621670755,0.2950832574724712,0.058242462650400575,0.13891107122551097,2.1313755795981453,3.188562596599691,1.105735872630492,0.5084355949405344,647
freehms,values,AT,-0.0033613257712679077,0.9306409278478721,0.0017716044727656434,0.9634106815486433,1.7845468053491829,3.6924219910846956,0.867535582136699,0.8158870356807141,673
freehms,values,BE,-0.039532459851614195,0.3032982115915586,-0.021233806832230966,0.5804321801872,1.4779411764705883,3.8955882352941176,0.842247080024681,0.7991036627240007,680
freehms,values,BG,-0.1766566143663427,6.071412651714784e-06,-0.18178047929741564,3.2038655809813614e-06,2.9691358024691357,3.506172839506173,1.2940135113741393,0.8037540480589903,648
freehms,values,CH,-0.04300074279992952,0.2642224356396234,-0.04215392412839291,0.2737532010006585,1.6908284023668638,3.838757396449704,0.8077248670686074,0.7976117650354646,676
freehms,values,CY,-0.14576295842448955,0.00015124875858639865,-0.1693402143063191,1.0325435064583679e-05,2.630402384500745,3.555886736214605,1.1732973000322475,0.8390241732343418,671
freehms,values,DE,-0.06904285395098825,0.07176913387924266,-0.05758242497983213,0.13331552750097456,1.5550660792951543,3.854625550660793,0.7196659989459486,0.8301381259229752,681
freehms,values,EE,-0.042600154758443635,0.2712042878773144,-0.01728511495051994,0.6553969066590866,2.2600896860986546,3.7533632286995515,1.048769163549076,0.8740306287671462,669
freehms,values,ES,-0.060726326070654875,0.11309607292647554,-0.06711575249049376,0.07986040119868996,1.530791788856305,3.804985337243402,0.7851909168907397,0.8439671457487767,682
freehms,values,FI,-0.0639477981240343,0.09494367066959782,-0.06108163000920969,0.11073702377244893,1.6559297218155198,3.9077598828696924,0.8460218141453248,0.8043037394598369,683
freehms,values,FR,-0.10095631152483754,0.008571963547744626,-0.12546213333138567,0.0010704318885955215,1.382570162481536,3.9615952732644018,0.7594710942971448,0.8113483892478134,677
freehms,values,GB,-0.07131472576167927,0.06386640943134675,-0.0836896855352216,0.029575993645316385,1.6035502958579881,3.82396449704142,0.7540031233749444,0.8589845642970748,676
freehms,values,GR,-0.16051259923320682,2.5723742362000683e-05,-0.15932364580332717,2.9566973143533927e-05,2.183553597650514,3.688693098384728,1.1669819043746021,0.8878285943952398,681
freehms,values,HR,-0.20574468399866644,1.2365017258109847e-07,-0.22730380098899167,4.7318625466069695e-09,2.5500770416024654,3.62557781201849,1.1225951636555536,0.8240364821725905,649
freehms,values,HU,-0.0658977189836045,0.0887867306930251,-0.09626547153077256,0.012804117740697783,2.75,3.5434131736526946,1.2542282311334385,0.8026763870047382,668
freehms,values,IE,-0.07630461362808648,0.046537207544371656,-0.09592424972013022,0.01226538519706947,1.6211453744493391,3.7944199706314246,0.8209172654880434,0.9165302182756181,681
freehms,values,IL,-0.1340961972107584,0.0005362842670129879,-0.14446586918935628,0.0001896655224394034,2.779788838612368,3.6289592760180995,1.4717116914584654,0.736124396238736,663
freehms,values,IS,-0.0859001605146342,0.024875768416613264,-0.12848189530732657,0.0007706832039152075,1.3255131964809383,3.7917888563049855,0.6722265263751905,0.8589461986020797,682
freehms,values,IT,-0.19311924029357475,4.638433080559646e-07,-0.2023224498782147,1.2510004667897829e-07,2.0640834575260807,3.706408345752608,1.0090962495151983,0.8836512144651683,671
freehms,values,LT,-0.18133298781215623,2.1554454658759005e-06,-0.17848283099059215,3.1228274875178305e-06,3.0044510385756675,3.669139465875371,1.1531896761801799,0.8314205792670986,674
freehms,values,LV,-0.17150036670931446,1.4121945200525e-05,-0.1336774144768395,0.0007396999317752049,2.4779179810725553,3.471608832807571,1.270761767120689,0.7603825417378269,634
freehms,values,ME,-0.08495025657462543,0.030860817362945162,-0.07290600920146156,0.06404104593676992,3.3560371517027865,3.430340557275542,1.172099061287195,0.7003491101507813,646
freehms,values,NL,-0.06512781417376709,0.08969609074162244,-0.08294917306375055,0.030556680759776706,1.4191176470588236,4.108823529411764,0.6902982969094629,0.8194497406806083,680
freehms,values,NO,-0.049393550687808326,0.1969694813869773,-0.058318211635850534,0.12757705080147358,1.4239766081871346,3.9649122807017543,0.6437522504197893,0.8667925212361522,684
freehms,values,PL,-0.048647021316696334,0.21478380275983214,-0.06494736996696743,0.09752907934317902,2.312883435582822,3.5598159509202456,1.0848572142599953,0.820875088411363,652
freehms,values,PT,-0.1676823338545092,1.2818864231950054e-05,-0.18871754343522198,8.655036537498333e-07,1.8850746268656717,3.7477611940298505,0.9344356715782379,0.9103060818303952,670
freehms,values,RS,-0.01761572427817092,0.6531992136341477,-0.037650949334245565,0.3367409933055527,3.1531393568147013,3.42572741194487,1.3422614286419137,0.8155390586946987,653
freehms,values,SE,-0.11557030433693027,0.002523526084293622,-0.11546509044707609,0.0025466919747301766,1.3906020558002936,3.923641703377386,0.6440906188037996,0.8828674610538563,681
freehms,values,SI,-0.06976217818702843,0.07461604151492555,-0.08471565752287853,0.030294362824970087,2.359327217125382,3.6896024464831805,1.0431414622297743,0.8429414122924311,654
freehms,values,SK,-0.004177442330677233,0.9148251334965858,-0.011755120425899789,0.763434574767181,2.8009118541033433,3.4908814589665655,1.2017994200779734,0.8169115174404996,658
freehms,values,UA,-0.006706195406998418,0.8663793078452416,-0.008173707410894494,0.8375092644001693,3.0063291139240507,3.2737341772151898,1.3859006371814477,0.6982477359076177,632
hmsfmlsh,values,AT,-0.005230079856557803,0.8938821038260232,0.0041864688627694545,0.9149667198654338,4.174578866768759,2.993874425727412,1.0391847391431608,0.36733056630658034,653
hmsfmlsh,values,BE,0.006104792567139802,0.8736536374460545,0.030712709575817645,0.42359809123808884,4.486049926578561,2.9853157121879588,0.9882526724287137,0.4535045838050326,681
hmsfmlsh,values,BG,-0.015057531705810014,0.7046797139739817,-0.0231644509499955,0.5598163789663091,2.790880503144654,2.9465408805031448,1.3228382198049595,0.483071520987467,636
hmsfmlsh,values,CH,-0.004234411081405329,0.9136680867617115,0.006500998256427427,0.8678066735039157,4.334346504559271,2.9908814589665655,0.906969269437028,0.3939135275732152,658
hmsfmlsh,values,CY,0.013171965825272155,0.7361201614830511,0.021266111583428192,0.586361135283479,3.2146118721461185,2.9771689497716896,1.1782710864188022,0.41440806713622785,657
hmsfmlsh,values,DE,0.04069040764552489,0.2914891387193249,-0.005499075748525058,0.8866847709535223,4.462908011869437,3.013353115727003,0.8837081641082895,0.44767821367494876,674
hmsfmlsh,values,EE,-0.04946780281250233,0.2023103302815685,-0.04590709578050302,0.23676095250877488,3.674174174174174,2.9864864864864864,1.2104158210479992,0.45036055460088714,666
hmsfmlsh,values,ES,0.01448803131517677,0.7069084090399685,0.015598034405610573,0.6856076371442236,4.550295857988166,2.997041420118343,0.8954948483656872,0.4682419172785014,676
hmsfmlsh,values,FI,0.013686058654137395,0.7214574312132662,0.020844858751760516,0.587111463798182,4.4566813509544785,2.97503671071953,0.8427651440462809,0.47985234261089604,681
hmsfmlsh,values,FR,-0.018000689332330816,0.6393735111061505,0.0022008059515661164,0.9543185820030529,4.6308823529411764,2.9705882352941178,0.8549875078437283,0.4193616101850866,680
hmsfmlsh,values,GB,-0.011757460879401386,0.7604330467095903,-0.005998624056643062,0.8763787771806832,4.383703703703704,2.9718518518518517,0.9046703259890504,0.5174480652923108,675
hmsfmlsh,values,GR,-0.012562103275961708,0.7486591401483733,0.0015782835274999517,0.9678906291767518,3.4073506891271057,3.021439509954058,1.329032073576625,0.43203727482877824,653
hmsfmlsh,values,HR,-0.009555564692302477,0.8112614202541103,0.0018845963759620279,0.9624366284383301,3.2998405103668262,2.996810207336523,1.2107281256874847,0.4695072878179572,627
hmsfmlsh,values,HU,-0.013195765276385387,0.7364400209567082,-0.02468754244003524,0.5288585467944149,3.223583460949464,3.001531393568147,1.305578412763201,0.46503260095235804,653
hmsfmlsh,values,IE,0.026006755146549643,0.5064144311507358,0.0382291611658809,0.32862559488372706,4.323664122137404,3.0061068702290075,1.0400123544511943,0.37906930232069985,655
hmsfmlsh,values,IL,0.004803867779501618,0.90181603551361,-0.003984346929099954,0.918501596036572,3.083081570996979,3.0,1.4782490120396894,0.4260787679410538,662
hmsfmlsh,values,IS,0.03489289272836063,0.3629079881713317,0.03786221144068213,0.3234873613097717,4.755131964809384,3.002932551319648,0.6251073777048536,0.436906316126254,682
hmsfmlsh,values,IT,0.03728577497420696,0.33923487090436527,0.01807211040349608,0.6433026350141638,3.8846737481031868,3.0075872534142643,1.0498481615904733,0.371806694989616,659
hmsfmlsh,values,LT,0.03172543119599159,0.4161710948235429,0.037460257248921124,0.3369779869580928,3.080424886191199,3.001517450682853,1.1634880224857849,0.4495835333043406,659
hmsfmlsh,values,LV,-0.04065322004398863,0.3121925457744325,-0.04655875554366946,0.24703057477750145,3.05,2.9741935483870967,1.3978115829126319,0.4321249609367757,620
hmsfmlsh,values,ME,0.02888200584595641,0.4714166831739914,0.0094041631210173,0.814635579891163,3.0560897435897436,3.014423076923077,1.1851386187721802,0.3983718717058727,624
hmsfmlsh,values,NL,0.011561022431803545,0.7632985947095108,0.016758281647791896,0.6624370184412812,4.559471365638767,2.988252569750367,0.8692808130284804,0.5086111720656599,681
hmsfmlsh,values,NO,0.005993977302926589,0.875747148555341,0.004288274711336773,0.9109295308513614,4.575402635431918,2.9912152269399708,0.7628342393010004,0.4657590710447505,683
hmsfmlsh,values,PL,-0.08042981908353611,0.04052497606878328,-0.06592420419162019,0.09333952050352079,3.8043143297380584,2.9922958397534667,1.1980874160927895,0.43205202161408035,649
hmsfmlsh,values,PT,0.01237188619212758,0.7525238481439064,0.008322055183503964,0.8320339401183061,3.9539877300613497,3.0061349693251533,1.15378202110718,0.45025246395158036,652
hmsfmlsh,values,RS,-0.052255328633869065,0.1895287636046327,-0.03482240489593253,0.3821434557640814,2.7199367088607596,3.0110759493670884,1.4116499643956977,0.4520116479475262,632
hmsfmlsh,values,SE,-0.0025080055684995254,0.9479506181558399,-0.009072948928925352,0.8133060807422838,4.591176470588235,3.0088235294117647,0.777393267798325,0.4132329857071907,680
hmsfmlsh,values,SI,0.03799146954750008,0.33090408510602387,0.03183253709621224,0.4153100999050049,3.7336377473363775,2.9954337899543377,1.1345372201646011,0.4668692780853256,657
hmsfmlsh,values,SK,-0.0038126765219153105,0.924823754541199,-0.021649483685128576,0.592055116798191,3.0276422764227644,3.008130081300813,1.2363456721366788,0.3932644417717492,615
hmsfmlsh,values,UA,0.0015574029646189327,0.9692792171600468,0.02425592146016498,0.5485718488270407,2.511400651465798,2.97557003257329,1.3645596935730617,0.5150801747703307,614
hmsacld,values,AT,0.039542412720695905,0.31301295077513513,0.030651773011633576,0.4342414267933012,2.3797856049004595,2.996937212863706,1.219607933824002,0.5648088259361836,653
hmsacld,values,BE,-0.03570898784888143,0.353207122652132,-0.04936204429641257,0.1992395098666615,1.8657817109144543,3.1268436578171093,1.156055366910982,0.5530784605256143,678
hmsacld,values,BG,0.006062406588361699,0.8777766325770698,-0.020328373360266206,0.606043450304613,3.7554179566563466,2.959752321981424,1.2284458178393465,0.5497759379705012,646
hmsacld,values,CH,-0.07568996857473606,0.050709250599375484,-0.10747734223136875,0.005459493955035021,2.530734632683658,3.101949025487256,1.2828973987738685,0.5735243059625544,667
hmsacld,values,CY,-0.03207910320633742,0.4085079163650975,-0.04217977782633218,0.27704941572241326,3.7837837837837838,2.9804804804804803,1.27489634835343,0.5813469532641787,666
hmsacld,values,DE,-0.018602165482652578,0.6297451436620565,-0.013799211137375015,0.7206423720891794,1.9821958456973294,3.121661721068249,1.083296349529511,0.5559668751188562,674
hmsacld,values,EE,0.005663035344014541,0.8843697373576204,-0.0058971447557424565,0.8796252199745115,3.096676737160121,3.1148036253776437,1.3606823335154044,0.520785692464271,662
hmsacld,values,ES,-0.07608850419755359,0.04815040072653665,-0.10209880588838983,0.007939580544591871,1.751111111111111,3.0325925925925925,1.0493651229321987,0.5857898912416926,675
hmsacld,values,FI,0.0353689151386841,0.3585260992235536,0.025008714201960304,0.5162577581127309,2.18491124260355,3.0976331360946747,1.194980920148042,0.5186252668678087,676
hmsacld,values,FR,-0.09365298451812332,0.01500711393580126,-0.08713449444601402,0.02368207539115675,2.1379821958456975,3.129080118694362,1.3376298347150037,0.5338052436497602,674
hmsacld,values,GB,-0.0112156937872018,0.7739886630597516,-0.044100616465483536,0.2586253518910127,1.993920972644377,3.092705167173252,1.0726825815150587,0.5856542021091845,658
hmsacld,values,GR,-0.059421730080360655,0.12411468697259354,-0.05195054263394449,0.17891338519495267,3.855439642324888,3.052160953800298,1.2560169485651287,0.5587490914440368,671
hmsacld,values,HR,-0.03550761350187891,0.36315015571169457,-0.0606241712901201,0.1202860783361855,3.5440729483282674,2.9954407294832825,1.254047865699297,0.6278497553995915,658
hmsacld,values,HU,-0.06400234230484705,0.09862844337991208,-0.045772418821372556,0.23778722693670235,3.36431784107946,2.982008995502249,1.2450929295959665,0.5394136900821934,667
hmsacld,values,IE,-0.06494236521851039,0.09729738182239478,-0.06923426306179409,0.07707174420984131,2.0673813169984685,3.0643185298621747,1.1531732839340514,0.590438411703552,653
hmsacld,values,IL,-0.13553583660315166,0.00048511120354664746,-0.1367243614343063,0.0004319881962310372,3.0197268588770867,3.080424886191199,1.477667363493776,0.5998194776960025,659
hmsacld,values,IS,0.002371682838804959,0.9507398089724284,-0.033605109516766186,0.3812505597743309,1.5976505139500734,3.196769456681351,1.0216453287124072,0.5552329834306164,681
hmsacld,values,IT,-0.08723456768933949,0.025917467186763257,-0.11428910438333226,0.003474880373420187,3.1319018404907975,3.0337423312883436,1.2764296173008816,0.5504608719973535,652
hmsacld,values,LT,-0.04812974061565945,0.2123992860331222,-0.03152307761389059,0.4142359117232753,3.9078751857355125,3.0341753343239226,1.0324268260099034,0.5953864882600242,673
hmsacld,values,LV,-0.06172794718089986,0.12049871713338992,-0.05061042333176912,0.20314625222254318,3.7539432176656153,3.001577287066246,1.2999059037253524,0.5464208152032782,634
hmsacld,values,ME,-0.014426781758451348,0.7137385519815459,-0.005525205565597896,0.8882752367713452,3.6656394453004624,3.0277349768875195,1.130691201001367,0.5658774057128755,649
hmsacld,values,NL,-0.09573104888418742,0.012903483900633164,-0.09756982401493232,0.011263765222715135,1.8071216617210681,3.164688427299703,1.044995016961138,0.588042796667749,674
hmsacld,values,NO,-0.017593404443610513,0.6462455963408766,-0.038270948150332544,0.3179317546050305,1.910688140556369,3.162518301610542,1.0773269683508253,0.5482048396528546,683
hmsacld,values,PL,0.008930881886118585,0.8203580995526029,-0.00140945052944947,0.971412150270849,3.6640986132511557,2.978428351309707,1.3116133087697386,0.566146271013611,649
hmsacld,values,PT,-0.036319010650329366,0.3504515242365292,-0.06558557755841793,0.09153042085148765,2.570135746606335,3.033182503770739,1.2668732400356546,0.5431111909505415,663
hmsacld,values,RS,-0.022739252755199075,0.5636988189797346,-0.011579286375947575,0.7687783091158279,4.060278207109738,2.982998454404946,1.1515564577658222,0.5519638216125442,647
hmsacld,values,SE,-0.06518203682996833,0.08966547578289812,-0.08045495014627525,0.0360820889576931,1.8203240058910162,3.173784977908689,0.9822011346494379,0.5943358165564739,679
hmsacld,values,SI,-0.002794084664888733,0.9430143328054309,-0.01537191922267036,0.6941081523653931,3.1598173515981736,3.041095890410959,1.2997532470334794,0.5520063335826887,657
hmsacld,values,SK,-0.06016015052864835,0.12605224775891802,-0.03963856839873526,0.31370367116358616,3.935185185185185,2.9737654320987654,1.1591166610694303,0.5785367839870583,648
hmsacld,values,UA,-0.14920131737763193,0.00019731306106382477,-0.15146499951657152,0.00015710306546113794,3.627831715210356,2.8770226537216828,1.3072552155331822,0.5674214782750625,618
euftf,values,AT,-0.0001827125364956727,0.9963047528471727,0.036906880964541304,0.34936626441028823,4.606201550387597,6.5922480620155035,3.013936365076494,1.604419962675158,645
euftf,values,BE,0.14712177455333517,0.00014036941325819806,0.12048826872796765,0.0018544500823445978,5.91578947368421,6.837593984962406,2.369257232790478,1.3864990964808013,665
euftf,values,BG,0.00024612702130870394,0.9951438176538905,0.005943901686853577,0.8831436621593654,5.627035830618892,6.749185667752443,2.595513510599765,1.439012821422518,614
euftf,values,CH,0.12476206737255734,0.0014005658805773507,0.08441708057209152,0.0310133943817886,5.0673813169984685,6.834609494640122,2.411957438291343,1.3724601894061648,653
euftf,values,CY,0.06515302393488998,0.09933736994762014,0.05596682720107026,0.15697743132443606,5.897035881435257,6.477379095163807,2.97521122363993,1.8096624326444988,641
euftf,values,DE,-0.03028237251724547,0.4345776417709827,-0.026617046106771913,0.49222809055823386,6.173652694610778,6.926646706586826,2.653349637531441,1.2966371500865765,668
euftf,values,EE,0.03874261451030632,0.3206874511818241,0.03396431664625247,0.3840306596230485,5.757207890743551,6.993930197268589,2.9123866226334854,1.279945691755544,659
euftf,values,ES,0.11107975046075722,0.00493678245430147,0.10817092747106659,0.00619882231346211,6.245696400625978,6.851330203442879,2.3636569301046078,1.3810610893394892,639
euftf,values,FI,-0.02588885695366294,0.5031904808038467,-0.029198162581337925,0.45019479795834766,5.57973174366617,6.713859910581222,2.087448042686622,1.53810365061889,671
euftf,values,FR,0.050084717908618494,0.2111548404257695,0.029003292580139842,0.46919891781986445,5.2544,6.8352,2.708767341951042,1.3844521271274397,625
euftf,values,GB,0.016324545186491825,0.7004006406022742,0.054833229301730436,0.1958933488908367,5.247311827956989,6.78673835125448,2.559830197936104,1.3503253572955172,558
euftf,values,GR,0.010927114457855179,0.7839556979213634,-0.01428612150609152,0.7200029638545912,5.1424050632911396,6.8924050632911396,2.325761311991123,1.2274485824947856,632
euftf,values,HR,0.012316652058615938,0.7574820180801081,0.0031401526983873477,0.9372525310610985,5.364500792393027,6.621236133122029,2.787775132054975,1.530885953584656,631
euftf,values,HU,0.049966265178683106,0.20504233438120742,0.060879264857465774,0.12244900249050275,4.488372093023256,6.446511627906977,2.7933936012746847,1.7839017234557606,645
euftf,values,IE,-0.028264103736548807,0.4845086556242196,0.003456112608928283,0.9318918466460444,5.250814332247557,6.542345276872964,2.5587308847061077,1.6358538998734962,614
euftf,values,IL,0.09036530579976701,0.04647151183207728,0.04307094334089848,0.34337835951400963,4.872427983539095,6.9300411522633745,2.4604460809949376,1.258063803781618,486
euftf,values,IS,-0.029648529629234723,0.45613780965680245,-0.026352770918911254,0.5077460364485132,5.7933753943217665,6.8698738170347005,2.383438174206011,1.4206303197453305,634
euftf,values,IT,0.04392146671523985,0.2623927039249574,0.04294875724748033,0.2731182941383811,4.76416539050536,6.712098009188361,2.70641180005921,1.3633426227269076,653
euftf,values,LT,-0.0008895484779113745,0.9819549923629494,0.011176076043515623,0.7762755847769146,6.081664098613251,6.593220338983051,2.776853124651181,1.5248002143427715,649
euftf,values,LV,0.0468957486010188,0.25500718324901134,0.05185010016781293,0.20814610363704344,4.7732656514382406,6.50761421319797,2.662233545923144,1.575079086548478,591
euftf,values,ME,-0.019902230379887528,0.6089716332363978,0.004576178443885815,0.906377228651886,6.069381598793363,6.6923076923076925,2.51905380933867,1.5018773595296078,663
euftf,values,NL,0.052992260633362966,0.17357552651558317,0.08763925883315035,0.02424209229165816,5.609682299546142,6.98714069591528,2.3098268442523224,1.2896092289945817,661
euftf,values,NO,-0.010371019326529554,0.7967825169155047,-0.004863749938256314,0.9038773199583308,5.197092084006462,6.820678513731825,2.0986799541043037,1.4960007717580563,619
euftf,values,PL,0.04444874429651024,0.2578013018800329,0.06229909048918303,0.11255662729365003,5.684615384615385,6.792307692307692,2.727575938263229,1.2381714850088275,650
euftf,values,PT,0.0434709366320275,0.289356760717429,0.019681807728458168,0.6315602864956482,6.258389261744966,6.402684563758389,2.2537393963606402,1.7838470865138196,596
euftf,values,RS,0.13125734129915784,0.0012475897639491868,0.12136778918953024,0.0028573092954711694,4.767441860465116,6.634551495016611,3.54937642116799,1.563732750391941,602
euftf,values,SE,0.01103462427559605,0.7798673814145015,0.0400059336336854,0.31074010902500204,5.1770186335403725,6.944099378881988,2.079979317016588,1.3126893421242203,644
euftf,values,SI,-0.012238599863374855,0.7589712173695089,-0.03315066914362096,0.40579702056627087,5.662440570522979,6.562599049128368,2.525771873699299,1.7030678842454579,631
euftf,values,SK,0.07060133732957054,0.07497458359249287,0.06753372036578059,0.08855478680475974,4.210361067503925,6.437990580847724,3.0338270082465404,1.668615509005077,637
euftf,values,UA,0.0018077461536612632,0.964990942295782,-0.003069835731765265,0.9405849811538153,6.405405405405405,5.538851351351352,3.3226655106922305,2.1622458161379234,592
atchctr,attachment,AT,0.040503025608630776,0.290506188173355,0.05300862830939633,0.16642668953353593,8.363103953147878,7.392386530014641,1.8499228087325175,1.0017143735379883,683
atchctr,attachment,BE,0.0029853704905298964,0.937879807743149,0.029153467822980304,0.44652008116913655,6.358187134502924,7.495614035087719,2.4179793095689104,0.8264362289760021,684
atchctr,attachment,BG,0.060999330588671144,0.11095707151933622,0.08364875519005004,0.028703682006817197,7.997076023391813,7.565789473684211,2.35066239443299,1.0377497573282597,684
atchctr,attachment,CH,0.038301477803972285,0.3182577750634472,0.04135159923560932,0.2812172611195366,7.800293685756241,7.5506607929515415,1.8346501274336817,0.7406299014662052,681
atchctr,attachment,CY,0.047420232974817206,0.2154830986595293,0.04601696862132704,0.22938854623884358,8.25438596491228,7.5548245614035086,2.109636553220515,0.9946372154005149,684
atchctr,attachment,DE,0.06366388487997927,0.09617854988767478,0.08678437683910438,0.02321738899471513,7.14766081871345,7.470029239766082,2.257275939408476,0.8917513649821855,684
atchctr,attachment,EE,0.055578194543647506,0.14679195845322351,0.07847300614280221,0.04034096451516265,7.856515373352855,7.650805270863836,2.1721843630367514,0.7503342921668333,683
atchctr,attachment,ES,0.013000313531997237,0.7344999796726366,0.034640680896828265,0.3660368137207016,7.720351390922401,7.512445095168375,2.3265606232852343,0.915125599676561,683
atchctr,attachment,FI,0.06834242605972211,0.07385412512676677,0.02724960211524172,0.47645237727205153,8.645255474452554,7.618248175182481,1.5535269626944588,0.8982779967090728,685
atchctr,attachment,FR,0.006405406978225915,0.8672947392799141,0.030687350903365114,0.42329894526967354,8.1303074670571,7.582723279648609,1.72501121396836,1.0135273721829166,683
atchctr,attachment,GB,0.02284624754218566,0.5549672350970176,0.026499130267157587,0.4935001514522687,6.61044776119403,7.53134328358209,2.688992917121262,0.916826422587788,670
atchctr,attachment,GR,0.10949596698139323,0.004198251784994849,0.11335866528078907,0.0030316885170478185,8.771260997067449,7.5791788856304985,1.6041048278986314,1.0019982532540466,682
atchctr,attachment,HR,-0.03670671155800786,0.3388398368736693,-0.02480348751439634,0.5181617848406193,7.790014684287812,7.466960352422907,2.3031219540176706,1.0998038648199127,681
atchctr,attachment,HU,-0.035440790952755506,0.35648106183555806,-0.013141365142667472,0.7324888888460983,8.185567010309278,7.395434462444772,1.9350129605189088,1.2328922795244048,679
atchctr,attachment,IE,0.011799945186492376,0.7580405701018448,-0.0064441710007106,0.8664020026691527,8.049707602339181,7.461988304093567,1.942930248991399,0.9446711884717341,684
atchctr,attachment,IL,0.06574955112186502,0.09096556333903291,0.054123466917307725,0.16424055954126765,7.5362537764350455,7.598942598187311,2.9882852234939747,0.8537265997605886,662
atchctr,attachment,IS,0.10395217191665913,0.00658549029150654,0.10174744198185658,0.007833169435695479,8.127565982404692,7.758064516129032,1.7693348757074512,0.8586440879901099,682
atchctr,attachment,IT,0.10051208932068102,0.008719576624903906,0.1085323103064852,0.00460639283912154,7.841176470588235,7.552941176470588,2.147316391695339,0.9567942591104187,680
atchctr,attachment,LT,-0.04572349601031034,0.2323754781114579,-0.020471912273326766,0.5930048367426812,7.771929824561403,7.4524853801169595,2.325119387237383,1.0385721804560712,684
atchctr,attachment,LV,0.03817902970844722,0.3201653839176457,0.09191328318664378,0.016508633017104778,8.185294117647059,7.463235294117647,2.262797980337191,1.0677222272528888,680
atchctr,attachment,ME,-0.009897313344783328,0.7961127082945245,0.0037611517808499024,0.9217835549168648,7.451754385964913,7.523391812865497,2.5077939693258067,0.898286746565035,684
atchctr,attachment,NL,0.03256568140203065,0.3951189333820284,0.03569103085532845,0.35132037226717955,7.014619883040936,7.664181286549708,1.9525310379423533,0.8325835547132887,684
atchctr,attachment,NO,0.07483164413454518,0.050773079415237246,0.10500106012866368,0.006057052556368034,8.419354838709678,7.7001466275659824,1.6982605405607227,0.7424905358294109,682
atchctr,attachment,PL,0.021707410616779166,0.5714490989636088,0.03615378774515276,0.34581538534726053,8.31524926686217,7.527126099706745,2.0511883334979677,0.8794840357263688,682
atchctr,attachment,PT,0.030576571346672663,0.4249754336480011,-0.019916559096167144,0.6033404209773552,8.383601756954612,7.503367496339679,1.94253829911175,1.0520767444370989,683
atchctr,attachment,RS,-0.029149286313172994,0.4465853146927093,-0.030606302423981338,0.42418497496507374,8.027777777777779,7.449561403508772,2.717136180298531,1.0267361958377699,684
atchctr,attachment,SE,-0.04038023877748001,0.29126424533782735,-0.059421920294695334,0.12024328560779322,7.835036496350365,7.677372262773723,2.1529115075154355,0.7139987776548916,685
atchctr,attachment,SI,0.027438970674698946,0.4743665429978571,0.05676887744382301,0.13860616289432684,7.818181818181818,7.470674486803519,2.246699176264226,1.0210080315519048,682
atchctr,attachment,SK,0.06665369769167244,0.08218770312153842,0.02011242517619686,0.6003187598751447,7.5506607929515415,7.397209985315712,2.394387494637251,1.1614549059211823,681
atchctr,attachment,UA,-0.056126119195490556,0.14581399215666876,-0.04131063276290049,0.2845494827428957,8.393759286775632,7.514858841010401,2.228286026207131,1.4151872938839858,673
atcherp,attachment,AT,0.040876470047466154,0.28572386869612026,0.021882706023577968,0.5677768673576378,6.470760233918129,7.282894736842105,2.4549872163263027,1.0345494831665307,684
atcherp,attachment,BE,0.037754819656167324,0.3245069069907401,0.0497061742616249,0.19447393910416133,5.7862371888726205,7.2269399707174236,2.4437335713423978,0.9794997709936122,683
atcherp,attachment,BG,0.09595453500454466,0.012894128311200919,0.05286477512017457,0.17137628810950595,4.5722801788375556,7.20193740685544,2.7590406107072636,1.209037782807202,671
atcherp,attachment,CH,-0.010245939736920381,0.7898541861139903,0.0014675441442936039,0.9695519152204337,6.101620029455081,7.411634756995582,2.2849992473574665,0.9073593615230746,679
atcherp,attachment,CY,0.08747240319848221,0.023041532765156858,0.08174104611017508,0.03372765645494677,5.214814814814815,7.227407407407408,2.6378470707983928,1.260471252697498,675
atcherp,attachment,DE,0.011962767436063327,0.7549822451315832,0.04610278759747411,0.2288619693408268,6.550512445095168,7.326939970717423,2.3983765650064557,0.9030611873629643,683
atcherp,attachment,EE,0.07540212566437625,0.050382087209589324,0.08215575643218363,0.03296293662631709,5.749258160237389,7.40727002967359,2.6366444491218135,0.9441730084670293,674
atcherp,attachment,ES,0.0033177048466247346,0.931233923902874,0.04025588766591032,0.29488523866134975,6.673048600883653,7.223122238586156,2.2809383223528497,0.9809746078267679,679
atcherp,attachment,FI,0.08482284068482533,0.026420554646393462,0.03861696071378214,0.31286282932295967,6.905109489051095,7.315328467153285,1.9197466164387307,1.1087695692708508,685
atcherp,attachment,FR,0.04912938825410376,0.20237186597119738,0.04938971939666268,0.19998774872575456,6.151111111111111,7.2192592592592595,2.4677704911184137,1.1030371005309925,675
atcherp,attachment,GB,0.07565137916038969,0.05188385277990322,0.09482546080958587,0.014734562362734935,4.697428139183056,6.8479576399394855,2.75666839649554,1.3629122911451133,661
atcherp,attachment,GR,0.05203551515654585,0.1765880993979747,0.05531237150730744,0.1508430456299345,5.208579881656805,7.4267751479289945,2.4213832094368706,0.897424603103533,676
atcherp,attachment,HR,0.02540567731668919,0.509618666383155,0.03187100953231043,0.4080540893966808,6.022189349112426,7.224112426035503,2.6955840869874055,1.236061227930685,676
atcherp,attachment,HU,0.015591952213119308,0.6850619840185193,-0.00974447335037368,0.799915828135312,7.247422680412371,7.016936671575847,2.3431419385275425,1.3788623566688818,679
atcherp,attachment,IE,0.1235267940083056,0.0012378642188746118,0.07064777273092533,0.0653964277420666,5.939794419970632,7.077826725403818,2.396238342270822,1.143636603863512,681
atcherp,attachment,IL,0.06240067536621432,0.10923863880469889,0.07289992623658645,0.0612378895765584,2.456060606060606,6.70530303030303,2.3687795329738366,1.408532119084106,660
atcherp,attachment,IS,0.0026585937099380588,0.9448302512717293,0.024616654818599232,0.5216266884177412,6.298529411764706,7.211029411764706,2.1852358147678212,1.1815763412031253,680
atcherp,attachment,IT,0.057188003264469656,0.1386239834868047,0.08004011316136331,0.038047469637026016,5.7663690476190474,7.279017857142857,2.281370133876559,1.071535349693093,672
atcherp,attachment,LT,0.057359209560942426,0.1404168178498368,0.03325746979196974,0.39293179090029745,5.879154078549849,7.285498489425982,2.7261085203224886,1.212666873585326,662
atcherp,attachment,LV,0.08134561514792617,0.0352793837260225,0.04866136378613016,0.2084056767529363,5.2432835820895525,7.058955223880597,2.822434355174035,1.333943023154847,670
atcherp,attachment,ME,-0.03468557480144916,0.36789311043774925,0.010246398155103342,0.7903005923505867,4.865384615384615,7.347633136094674,2.4125443768706867,0.9624861426748509,676
atcherp,attachment,NL,0.06505386125703978,0.08958855795122149,0.07471400541122526,0.05113879205707562,5.81524926686217,7.42307114529021,2.152320541099016,0.8782032472423268,682
atcherp,attachment,NO,0.011126764603539167,0.7716125944479778,0.04514399118088703,0.23869899444315476,6.679355783308931,7.404538799414349,2.1336498668863886,1.0495886149292837,683
atcherp,attachment,PL,0.10770687258266898,0.005257145346903002,0.0700005206140902,0.07017849596701005,6.867164179104478,7.3059701492537314,2.355916005955124,1.0292988306680555,670
atcherp,attachment,PT,0.045566412224432945,0.23709855930907403,0.00703909711865601,0.8551555043846252,6.751111111111111,7.1177777777777775,2.197984869746833,1.211582741648924,675
atcherp,attachment,RS,0.06322002928408056,0.10360438485566822,0.05491467303383369,0.15752267966274372,3.536144578313253,7.136295180722891,3.056810641390134,1.1510473204230396,664
atcherp,attachment,SE,0.028725776711410377,0.45388383095380086,0.04356563365665001,0.25588349232767016,6.609970674486804,7.384897360703812,2.2266086100216294,0.9041545834324586,682
atcherp,attachment,SI,0.05841087251270933,0.1286571635773515,0.031695240811347315,0.4099517280143623,6.002949852507375,7.292035398230088,2.663832408834302,1.0624356726728739,678
atcherp,attachment,SK,0.08219657864820451,0.03248766670279169,0.05228630874516403,0.17418946345395941,5.977843426883308,7.038404726735598,2.8086583299685723,1.298042151730803,677
atcherp,attachment,UA,-0.038834100564296724,0.3240086401049669,-0.05441745527735918,0.16681181428030487,5.622874806800618,6.354714064914992,3.1475533406584257,1.8610157027758638,647
health,health,AT,-0.13152741395961662,0.000558268838029019,-0.171666790994785,6.233011226977315e-06,2.102189781021898,3.353727321806854,0.9309860170434934,0.5886685801326513,685
health,health,BE,-0.08825860525910839,0.020874884856161242,-0.09356635003907947,0.014294773860758959,2.0934306569343066,3.463795620437956,0.8446775553136187,0.6958493604487481,685
health,health,BG,-0.14581449304126387,0.00012822234831456482,-0.1665486219759743,1.177720151284134e-05,2.051094890510949,3.331970802919708,0.8812634461104484,0.5827313176927841,685
health,health,CH,-0.1323309305712948,0.0005207615962590377,-0.15706555225383917,3.6925751236172244e-05,1.878654970760234,3.4845760233918126,0.7409071668089345,0.661993503224573,684
health,health,CY,-0.16681730226203892,1.1395621652682917e-05,-0.1928323722353996,3.6667254086722514e-07,2.0423357664233577,3.3378102189781025,0.9806402780491646,0.5907061827506669,685
health,health,DE,-0.09775951586976017,0.010521654217255426,-0.1097250667338106,0.0040644800298010415,2.31140350877193,3.541812865497076,0.8831189343283397,0.6954244435812446,684
health,health,EE,-0.20063815578087507,1.186569655642978e-07,-0.2301519355992658,1.0967497592550084e-09,2.370802919708029,3.4576642335766423,0.79270804858022,0.7505088554220035,685
health,health,ES,-0.143311508363959,0.0001676096235562694,-0.16435711136883474,1.5377244507762387e-05,2.2846715328467155,3.327226277372263,0.9578004247480268,0.6311651829730305,685
health,health,FI,-0.13756417000365445,0.0003050137064043193,-0.1657144529186167,1.3040947113227862e-05,2.2554744525547443,3.4529927007299275,0.8274281746561418,0.720224101092567,685
health,health,FR,-0.13621077160337314,0.0003607122316604948,-0.1535122967295868,5.684860490541977e-05,2.196480938416422,3.423680351906158,0.8984172362956573,0.6932494537783973,682
health,health,GB,-0.1843380543460701,1.2105449564094031e-06,-0.20163720831824242,1.0458362954556611e-07,2.236842105263158,3.3989035087719297,0.9677308736662305,0.6407772065627297,684
health,health,GR,-0.1432222427864084,0.0001710794410011133,-0.1701971325210737,7.613072563425223e-06,1.6666666666666667,3.3440058479532166,0.8026311052213302,0.6179364231852554,684
health,health,HR,-0.18939704082592534,6.052208750593825e-07,-0.2099291009900514,2.987130961324313e-08,2.1271929824561404,3.3286549707602333,1.0699777713693281,0.5949191445401713,684
health,health,HU,-0.1862730058869291,9.478908333766514e-07,-0.2165729283296303,1.0803825103736414e-08,2.206442166910688,3.280380673499268,0.9564502848084963,0.5829657980854243,683
health,health,IE,-0.16023195304728952,2.5170633220701945e-05,-0.1675092081855815,1.0466438370425391e-05,1.9372262773722628,3.383357664233577,0.8379701961292465,0.6534772905447397,685
health,health,IL,-0.05251553615429209,0.1710395229315345,-0.06269433360158698,0.1021176972834,1.7342143906020557,3.458590308370044,0.9843576620874414,0.6001130367738515,681
health,health,IS,-0.15223628060199837,6.321735283117133e-05,-0.1614540887775454,2.177890617000481e-05,2.0189781021897812,3.4427089876870896,0.9054362173404771,0.7747926233416685,685
health,health,IT,-0.10466174746712155,0.006110526005401871,-0.14319170048386012,0.0001697540806192944,2.1708029197080294,3.2770802919708033,0.8592598970926647,0.6294318432508481,685
health,health,LT,-0.14491048353910263,0.00014131825470817898,-0.18116437888852865,1.8203398437361254e-06,2.394160583941606,3.3462043795620433,0.810725473195796,0.6685719827958855,685
health,health,LV,-0.11278915330176162,0.003205146694891569,-0.12495471149380873,0.001084482317093249,2.7841409691629955,3.2491923641703373,0.8342562048870771,0.5652720008990644,681
health,health,ME,-0.10599334554695346,0.005522960784397386,-0.10289091586737982,0.0070774964529758495,2.1052631578947367,3.3921052631578945,0.8729051917810602,0.6129129837530598,684
health,health,NL,-0.1418930432945995,0.00019471153528801611,-0.1540211168391754,5.167168032967167e-05,2.1343065693430656,3.5893709998736902,0.73512917632062,0.7227488788927093,685
health,health,NO,-0.15054096339351605,7.64064539232075e-05,-0.14300559751102757,0.00017313629430021482,2.013138686131387,3.555109489051095,0.8941670564777502,0.6890880030927236,685
health,health,PL,-0.09498276814393503,0.012947906428923848,-0.11847068460157859,0.0019112998846881198,2.2002923976608186,3.36359649122807,0.8184905057092986,0.6179638229134756,684
health,health,PT,-0.18599948911379174,9.660660424145534e-07,-0.22783664729841166,1.6677409232480672e-09,2.4722222222222223,3.2792397660818713,0.8961216437099161,0.5709220467136158,684
health,health,RS,-0.17633196112669244,3.5480185222395513e-06,-0.19701344529369372,2.0992790746235424e-07,2.3865300146412882,3.338067349926793,1.0260221826350007,0.5737989482336067,683
health,health,SE,-0.1851211042172958,1.0887151149517063e-06,-0.2200734855975543,6.005684398688755e-09,2.077485380116959,3.5860380116959067,0.8460512661934425,0.7170983941541983,684
health,health,SI,-0.06110070065577566,0.11062548810560292,-0.0893954099287991,0.01945561019804898,2.1800878477306003,3.34407027818448,0.8970865148609475,0.6639695394413319,683
health,health,SK,-0.1288729732277782,0.0007356957969747827,-0.16749850862483,1.0797270342514644e-05,2.3938506588579793,3.2880673499267936,0.8790942525902717,0.5958744392600631,683
health,health,UA,-0.08172797462878507,0.032460139527378355,-0.07730713794722927,0.0431088501819266,2.756204379562044,3.196423357664234,0.8671103211501515,0.4517408452492285,685
rlgatnd,religion,AT,0.0815243508301635,0.03354301783480643,0.11104010012844083,0.0037409884954970117,5.411764705882353,3.086764705882353,1.2938656004306714,0.7219276298417499,680
rlgatnd,religion,BE,0.01462620806418903,0.7027836771364904,0.02052109578428008,0.592388597340668,6.168374816983895,3.2503660322108345,1.3306872609967235,0.6936953286079373,683
rlgatnd,religion,BG,-0.03507154470315847,0.36116242714222985,-0.04528967897802939,0.23822191487358194,5.304411764705883,3.138235294117647,1.2588343280774552,0.7210345643137451,680
rlgatnd,religion,CH,0.009224744388254096,0.8099670044751138,0.017404527595292568,0.650028863783686,5.717008797653959,3.2067448680351904,1.322116566083751,0.7105756323095156,682
rlgatnd,religion,CY,-0.005676620022346869,0.8822766619679049,0.02104127855343943,0.5830384242612884,4.320644216691069,3.0732064421669105,1.3874061309002539,0.7506982847969931,683
rlgatnd,religion,DE,-0.03161452463016222,0.4087322674251965,-0.026552772167286257,0.4878040942226574,6.0510948905109485,3.1868613138686133,1.2218835993892017,0.7395290027731946,685
rlgatnd,religion,EE,-0.050913089428769494,0.18352576244802443,-0.061961508648526745,0.10542666505310354,6.007309941520468,3.154970760233918,1.085619733334903,0.7092498041232782,684
rlgatnd,religion,ES,0.05657133407800404,0.139695670893251,0.07021756604336919,0.06665584016600483,5.844802342606149,3.1756954612005854,1.5170338053076198,0.7111559140579539,683
rlgatnd,religion,FI,0.04712827796628906,0.21832508001735637,0.034082042983311585,0.3734716126866038,5.847953216374269,3.2017543859649122,1.1480374331996788,0.6760468751203162,684
rlgatnd,religion,FR,0.11577109138526441,0.0024982049498703672,0.10341773472985188,0.00695307532255334,6.1647058823529415,3.164705882352941,1.2620861596922381,0.6708236218482165,680
rlgatnd,religion,GB,-0.00400267085377662,0.9169003792639879,0.0017589492383701425,0.9634290414127834,5.900293255131965,3.1744868035190614,1.5391226696690687,0.7472279367099124,682
rlgatnd,religion,GR,-0.018328257222884028,0.6332886104117427,-0.02312574993579262,0.5471629467402771,4.538235294117647,3.1279411764705882,1.1983087507320118,0.7259842921241374,680
rlgatnd,religion,HR,0.021370638017986582,0.5774339366929184,0.02055395374784866,0.5920683532542834,4.961876832844575,3.0835777126099706,1.4261089652252996,0.8274264103733374,682
rlgatnd,religion,HU,0.07045587418465594,0.06713964623601391,0.09064305396183249,0.018412735866608142,5.563609467455621,3.1272189349112427,1.4423565043971969,0.780369496145904,676
rlgatnd,religion,IE,0.049912231696874185,0.19295575097721418,0.05290291099312241,0.16758710274156366,4.8841642228739,3.187683284457478,1.6534789442565965,0.7086382668398066,682
rlgatnd,religion,IL,-0.03882806715891332,0.3116449511767757,-0.02364115232678775,0.5379660198648737,5.136563876651983,3.1248164464023493,1.9831271945618696,0.6991492751234093,681
rlgatnd,religion,IS,0.0034521860916678997,0.9282432144521222,0.019040904400753192,0.6193627810265,6.108345534407028,3.231332357247438,1.1639643241438242,0.6865373693140598,683
rlgatnd,religion,IT,0.05504907800120287,0.15158631657570612,0.052931207978872734,0.1679859730387416,4.695588235294117,3.114705882352941,1.619099353590773,0.68976628469783,680
rlgatnd,religion,LT,0.015660814288683628,0.6833041614780496,-0.014408050677515353,0.7074218199367897,5.12481644640235,3.052863436123348,1.184700633602654,0.7535181370036622,681
rlgatnd,religion,LV,0.018004532784763657,0.6388078744870144,0.02813350499782997,0.46324890708924776,5.790322580645161,3.0865102639296187,1.2256534287909395,0.7566599983160329,682
rlgatnd,religion,ME,0.0037431098285818417,0.9227289794211956,0.016851464602020482,0.6623228257184425,4.244807121661721,3.212166172106825,1.6796159368389938,0.7072751191638916,674
rlgatnd,religion,NL,0.04263262038733451,0.2655132226629634,0.055051797080742294,0.15036349287334091,6.165204678362573,3.252923976608187,1.4552031507234968,0.6707048717272655,684
rlgatnd,religion,NO,-0.01591524954143735,0.6784440813237707,-0.007649178173702283,0.8420679837744686,6.07488986784141,3.1262848751835537,1.183949408162513,0.7367850480038801,681
rlgatnd,religion,PL,-0.010928637235927914,0.7773426706960834,-0.021728125879485152,0.573928562068835,4.380952380952381,3.199404761904762,1.4843827795346862,0.6474526053404135,672
rlgatnd,religion,PT,0.018831255657347827,0.6232261587771516,0.031419470365317476,0.41231688350446566,5.265007320644217,3.0819912152269398,1.6721952816772423,0.7990174427526646,683
rlgatnd,religion,RS,0.0713677759964595,0.06288663010319857,0.04908228170136859,0.20113482867596047,5.08235294117647,3.1161764705882353,1.1812154166457225,0.7074420919317105,680
rlgatnd,religion,SE,-0.01751149573075823,0.6477811031118412,-0.031201287488489708,0.4155719475061912,6.039531478770132,3.2357247437774523,1.1801962223607125,0.6643943245927606,683
rlgatnd,religion,SI,0.012481576990861165,0.7447178755674847,0.025515949168313727,0.5055852235170327,5.427525622254758,3.16398243045388,1.3928822615631018,0.6845958713155059,683
rlgatnd,religion,SK,0.012629813452200659,0.743445938799194,0.027380896101997173,0.47791314401205126,4.713649851632048,3.0905044510385755,1.6756868239305578,0.7349068013473798,674
rlgatnd,religion,UA,0.029620857726415754,0.4423002427736247,0.0349498455935328,0.3646090227762713,4.952592592592593,3.0814814814814815,1.4659756187542288,0.8066107781060532,675
aesfdrk,safety,AT,-0.04579079924454782,0.23271806953170268,-0.045970079215933,0.23089221830129247,1.7738619676945668,2.6350954478707784,0.7408011789956982,0.5286931985842522,681
aesfdrk,safety,BE,-0.09067856154603182,0.017770673713262377,-0.0859776064593557,0.024639506126546445,1.9677891654465594,2.7086383601756956,0.753575408856066,0.513053983078518,683
aesfdrk,safety,BG,-0.03822038634373665,0.3214333818867565,-0.048885306810757756,0.20462587689126951,2.471111111111111,2.551851851851852,0.8580104882935643,0.5650361522862785,675
aesfdrk,safety,CH,-0.04086068196033865,0.285910149649287,-0.02588280070791834,0.4991687865973111,1.641812865497076,2.7309941520467835,0.6836772418903135,0.49300067857218294,684
aesfdrk,safety,CY,-0.043317731552571695,0.25930321360945235,-0.04932261486451265,0.19893487642867166,2.213235294117647,2.561029411764706,0.8068930597950521,0.5835462147085562,680
aesfdrk,safety,DE,-0.061255222067677556,0.10920449856209259,-0.04738773487399493,0.215461617362152,1.9138686131386862,2.71970802919708,0.7627265727752759,0.4861892960437164,685
aesfdrk,safety,EE,-0.0497041258230448,0.19547874041644453,-0.03914302981185001,0.3080899666008433,1.7529411764705882,2.715441176470588,0.6358162655092235,0.5035775803694494,680
aesfdrk,safety,ES,-0.061273319323142963,0.1093594595465058,-0.06156705871861475,0.10766689722782369,1.878654970760234,2.6396198830409356,0.7623347456218187,0.5300850800099746,684
aesfdrk,safety,FI,-0.0925429983619215,0.015398876710763268,-0.11030160847670915,0.003847262902334167,1.6379562043795621,2.6664233576642338,0.6261984284261259,0.5229076059552993,685
aesfdrk,safety,FR,-0.08082475275918173,0.03550496036989215,-0.05084167023799256,0.18641109099694242,1.9571639586410634,2.6853766617429837,0.8615365339956037,0.5231125962825128,677
aesfdrk,safety,GB,-0.1035980182678376,0.0069794939240105025,-0.10322989076284955,0.0071842021489544805,1.9881831610044314,2.638109305760709,0.7843754019193533,0.5624291933230637,677
aesfdrk,safety,GR,-0.07262661102743738,0.05763474442068323,-0.07288887225810005,0.05673593769365747,2.1973684210526314,2.6184210526315788,0.8368833479954749,0.5416853137356589,684
aesfdrk,safety,HR,-0.013871541977071593,0.7184402966519104,-0.017316695136929246,0.6526373651744592,1.6017699115044248,2.614306784660767,0.6250292472993628,0.5344708784623895,678
aesfdrk,safety,HU,-0.06755345869547974,0.07856912408377904,-0.058114687478243936,0.13032551206649318,1.865979381443299,2.5802650957290134,0.6057786180507879,0.5476896396865774,679
aesfdrk,safety,IE,-0.02401017209530441,0.5331537595199586,-0.009255113054008396,0.8101808359422298,1.9215976331360947,2.6479289940828403,0.8081480195884662,0.5466491875142134,676
aesfdrk,safety,IL,-0.13569587169162287,0.000379903943638435,-0.12851911131474128,0.0007679452814635826,2.001466275659824,2.658357771260997,0.8696198417692281,0.530836705112396,682
aesfdrk,safety,IS,-0.05010871197681094,0.190230260927016,-0.0599371794360455,0.11705619227117114,1.4394160583941606,2.7109489051094893,0.6497140243864535,0.49377393081643794,685
aesfdrk,safety,IT,-0.0920921556624978,0.01661782188089146,-0.10321285492130129,0.007236855220035808,2.230769230769231,2.6144970414201185,0.7831560082980487,0.5579299424945524,676
aesfdrk,safety,LT,-0.12249008841136137,0.001453770468433202,-0.14237088875255882,0.0002110192217655736,2.1069836552748886,2.613670133729569,0.6729213771251261,0.5449364242758157,673
aesfdrk,safety,LV,-0.04029290602947343,0.29876355715561587,-0.026833102252064877,0.48904683863286513,2.110944527736132,2.6221889055472265,0.7728405009192716,0.532419831687387,667
aesfdrk,safety,ME,-0.017981733635954355,0.6424572308238791,-0.010004009202186708,0.7961934315131893,1.9282511210762332,2.68609865470852,0.6595181213679148,0.5134139542866665,669
aesfdrk,safety,NL,-0.09320753588209107,0.014967189299366801,-0.10754817934656476,0.004960746133234512,1.8223201174743024,2.700293685756241,0.6614386439625711,0.523927393463862,681
aesfdrk,safety,NO,-0.04188696392223349,0.27361957999252623,-0.06265440763624275,0.10133038331962627,1.418978102189781,2.756204379562044,0.6102838049786345,0.4592870959764698,685
aesfdrk,safety,PL,0.03156537659511112,0.413261487796085,0.034070578340740044,0.3771615924315378,1.7626112759643917,2.6501483679525224,0.6021479681636399,0.5099966278523902,674
aesfdrk,safety,PT,-0.05613168334523751,0.143392439748353,-0.07029671661431451,0.06674906552779437,2.0176211453744495,2.5631424375917766,0.6793038675684042,0.5691646034831813,681
aesfdrk,safety,RS,-0.007807797197818845,0.8393066032383957,-0.003509715587789298,0.927372131969993,1.7031019202363369,2.568685376661743,0.7431377244271222,0.5594218935720475,677
aesfdrk,safety,SE,0.038464730100542105,0.3151304348245906,0.0292924736498145,0.44435460708378816,1.6491228070175439,2.759502923976608,0.7338195804809474,0.4554666022444516,684
aesfdrk,safety,SI,-0.11529288149380591,0.0026618254490725973,-0.09100286880083709,0.017866933747335507,1.58493353028065,2.651403249630724,0.6012392552261909,0.5325654763101637,677
aesfdrk,safety,SK,-0.050996175342822136,0.18704091177303636,-0.05867161083117628,0.12894273462687014,2.187779433681073,2.5923994038748135,0.6957652196180308,0.552836966817742,671
aesfdrk,safety,UA,-0.010723675581747855,0.786406686344572,-0.0048125984116193276,0.9032093643746906,2.0717628705148208,2.354134165366615,0.8165274298403865,0.5871162902028259,641
hincfel,income,AT,-0.14011174315389668,0.00024212894369282496,-0.10795763372075547,0.0047664393519593826,1.8533724340175952,2.806451612903226,0.7364410622593854,0.5316027533565354,682
hincfel,income,BE,-0.23507503254686624,5.130764183871179e-10,-0.20313212901444958,8.748117193132703e-08,1.7653958944281525,2.9149560117302054,0.8346949314850602,0.5433720903814525,682
hincfel,income,BG,-0.16663164609630754,1.2366639246739955e-05,-0.16078063762904612,2.4925360471218944e-05,2.534508076358297,2.8722466960352424,0.8570117888247959,0.520019036069928,681
hincfel,income,CH,-0.247732510313893,6.524485500518102e-11,-0.24691070466216486,7.573505144761694e-11,1.5754437869822486,2.8772189349112427,0.7150782053722363,0.5372207927329709,676
hincfel,income,CY,-0.27072244659961414,1.5017893953695036e-12,-0.25129081452381175,5.7958070862593394e-11,2.0954545454545452,2.699242424242424,0.880566071586041,0.6941656067164259,660
hincfel,income,DE,-0.2104620553930059,2.882573828224049e-08,-0.19048008486011966,5.40808082887837e-07,1.5733137829912023,2.9545454545454546,0.6602121214440657,0.5413732865369183,682
hincfel,income,EE,-0.14480779236552366,0.00014449969097181335,-0.14503963247880805,0.00014095522145863676,1.9269005847953216,2.9941520467836256,0.6869895594669845,0.5047020607377534,684
hincfel,income,ES,-0.160376675714452,2.5431455623667925e-05,-0.16870229141611512,9.30846111390927e-06,1.8506588579795022,2.8199121522693997,0.8147892550095673,0.6325125556334229,683
hincfel,income,FI,-0.2036523749304929,7.920923244865273e-08,-0.19901398961632508,1.5704464045454496e-07,1.7979502196193264,2.896046852122987,0.6677720763144989,0.5751696504805499,683
hincfel,income,FR,-0.2429048578132492,1.2502390236066043e-10,-0.2526800343528786,2.076495266410915e-11,1.7159590043923865,2.875549048316252,0.7274428425835165,0.5986564491801516,683
hincfel,income,GB,-0.1636022889496466,2.115401205631523e-05,-0.17631947539976311,4.475715791835636e-06,1.8071748878923768,2.780269058295964,0.8406989896655791,0.6459217425966878,669
hincfel,income,GR,-0.11121789783209647,0.0037109419591830803,-0.11960830568446801,0.0017951643013690882,2.4815905743740796,2.7893961708394697,0.7695532571591404,0.5020366374031385,679
hincfel,income,HR,-0.2241201442962401,3.6309328394965045e-09,-0.21543935997396824,1.461532441953924e-08,1.8348082595870205,2.808259587020649,0.775833782272995,0.5816923132430857,678
hincfel,income,HU,-0.2125720698897124,2.2860937691616574e-08,-0.20532890979460613,6.88469656529572e-08,2.218289085545723,2.7492625368731565,0.6999611883513801,0.604481822440436,678
hincfel,income,IE,-0.18622339827728238,1.0082803796908812e-06,-0.18249116101867788,1.665201173795508e-06,1.8455882352941178,2.7544117647058823,0.8484472213066517,0.5666047039895074,680
hincfel,income,IL,-0.18699513643929264,1.7669826505797588e-06,-0.13533868133558613,0.0005738233150596643,1.9627329192546583,2.8330745341614905,0.8967763158080527,0.5054993257250615,644
hincfel,income,IS,-0.23411739170909732,6.054536214356407e-10,-0.22940539503396246,1.3529967997811532e-09,1.4897360703812317,2.939882697947214,0.7254834354511831,0.5612750203611447,682
hincfel,income,IT,-0.18872670842214762,1.043594868822351e-06,-0.19373423045570512,5.29564889245439e-07,1.9015151515151516,2.812121212121212,0.7639432135031297,0.5600550459384129,660
hincfel,income,LT,-0.32164885494110984,1.0940413511749875e-17,-0.3140614972138385,6.793137804123397e-17,1.9881305637982196,2.8560830860534123,0.6958858556449861,0.5984626904809881,674
hincfel,income,LV,-0.2306554172087984,1.4493364158680458e-09,-0.21923958220763323,9.314096036064778e-09,2.5238095238095237,2.7842261904761907,0.7945596007813457,0.5696140843548824,672
hincfel,income,ME,-0.33180677237419026,8.247201895975044e-18,-0.34451315672698773,3.6685278184033406e-19,2.5676100628930816,2.8962264150943398,1.0133695001195735,0.5739090210159674,636
hincfel,income,NL,-0.2182178910822289,1.015426635317378e-08,-0.21729311329253934,1.1753838773581157e-08,1.394074074074074,2.9385185185185185,0.6296062264936781,0.48752770372247745,675
hincfel,income,NO,-0.08952315948967186,0.019193278502958763,-0.08886105978580272,0.02010582004952294,1.5116959064327486,2.926900584795322,0.6637512993080653,0.5523078549831472,684
hincfel,income,PL,-0.2464760161793574,6.980176707953006e-11,-0.2337432966329229,6.646419948945385e-10,1.935389133627019,2.8766519823788546,0.5546025628899502,0.4994684917928843,681
hincfel,income,PT,-0.263666269446679,2.7082833908601577e-12,-0.2608468984634996,4.691629458463032e-12,2.2980910425844345,2.682819383259912,0.8318013040060211,0.6746338732363313,681
hincfel,income,RS,-0.1990111547689542,1.7441342047210086e-07,-0.17500886344966785,4.562281284585193e-06,1.9646017699115044,2.809734513274336,0.7639886417503852,0.5495476214137055,678
hincfel,income,SE,-0.1122499211537719,0.003308865505175449,-0.0861143977744025,0.024411105580225002,1.363103953147877,3.0029282576866763,0.6053890676213879,0.49036784248684206,683
hincfel,income,SI,-0.29269661940067604,6.712352751456574e-15,-0.26563977978766323,1.906166312978988e-12,1.5294117647058822,2.8544117647058824,0.7295688043048776,0.5902830811690328,680
hincfel,income,SK,-0.3504881618432697,4.988698695170384e-21,-0.3425667763718445,4.202997094660884e-20,2.28023598820059,2.756637168141593,0.7958117491539157,0.6183376159525354,678
hincfel,income,UA,-0.21711637023277475,1.4744516243726452e-08,-0.222312323357073,6.4935964605290394e-09,2.9280359820089954,2.395802098950525,0.9042323965284474,0.8030611907517906,667
