variable,domain,cntry,r_pearson,p_pearson,r_spearman,p_spearman,human_mean,silicon_mean,human_sd,silicon_sd,n_valid
ppltrst,social_trust,AT,-0.02274597489993957,0.5523056181882035,-0.03394385738436828,0.37506336012496333,5.872992700729927,6.476204379562043,2.160230103675031,1.7129205128417735,685
ppltrst,social_trust,BE,0.0027043755471919486,0.9437166173278537,0.0016990265998246224,0.9646221722064373,5.6345029239766085,6.603216374269007,2.1244672852188344,1.6829664791090455,684
ppltrst,social_trust,BG,0.011929463018642828,0.7558165448704061,0.019412671606369516,0.6127989765766969,3.7052785923753664,6.403519061583578,2.3936286565533704,1.7334031758712984,682
ppltrst,social_trust,CH,-0.001370061931799438,0.9715106237955206,-0.012762956436835548,0.7393544083666095,5.853372434017595,6.636950146627566,2.116065824072765,1.6739907456735135,682
ppltrst,social_trust,CY,0.032882632748526826,0.3901852600600725,0.04528396181217604,0.2365566450402675,4.05985401459854,6.655912408759124,2.496941399577914,1.7344499417693473,685
ppltrst,social_trust,DE,-0.006544969779158381,0.8642338046952569,0.009695815696331937,0.8000315484446305,5.382481751824818,6.470802919708029,2.233382357743512,1.6953221063962765,685
ppltrst,social_trust,EE,0.0475845756383623,0.21355932792488866,0.042964538253393046,0.2614568460306347,5.716788321167884,6.64,1.9915967228071436,1.7086741209083691,685
ppltrst,social_trust,ES,0.08228437209324231,0.031543344499794866,0.07317648236494864,0.055943683823041504,5.338213762811128,6.525768667642752,2.1439653496533286,1.8015008696520298,683
ppltrst,social_trust,FI,0.03873969514550691,0.31168095550795444,0.008154339115284131,0.8314228121900467,7.002923976608187,6.650877192982457,1.8134014503084113,1.7047987879211808,684
ppltrst,social_trust,FR,0.038838843798986764,0.3115105705928995,0.024962934904976117,0.5154747078709505,4.546255506607929,6.5186490455212915,2.157338008212712,1.7790335930440535,681
ppltrst,social_trust,GB,0.04400291166233973,0.2507895336005276,0.048347595585168046,0.2069658119244915,5.440702781844802,6.426207906295755,2.2963532426547317,1.7139076095154586,683
ppltrst,social_trust,GR,0.004810194523933752,0.9000695084298976,0.01863562790645029,0.6265873821734308,4.516081871345029,6.5590643274853795,1.925715283972969,1.7308135855403537,684
ppltrst,social_trust,HR,-0.03786694649071023,0.3230710236206193,-0.042330955715710106,0.2692647226347629,4.689604685212299,6.567642752562225,2.3704548090724806,1.7815093376912106,683
ppltrst,social_trust,HU,0.0259249972913963,0.49878449646030687,0.030065313101921384,0.4327625711182334,4.483162518301611,6.454465592972181,2.485900525114219,1.829833365785446,683
ppltrst,social_trust,IE,-0.02453263260016965,0.5221307561226689,-0.025721749310404267,0.5021575675959737,5.411420204978038,6.589165446559297,2.476692206360271,1.743694053036015,683
ppltrst,social_trust,IL,0.07363068080699882,0.054611182944491056,0.07648386612874504,0.045863495538282874,5.2082111436950145,6.426099706744869,2.3778326542387984,1.7864046145051569,682
ppltrst,social_trust,IS,-0.006550948862989064,0.8641109800264446,0.0029847107784361144,0.9378480503736909,6.56058394160584,6.418978102189781,2.0515062810254276,1.7718367269437345,685
ppltrst,social_trust,IT,-0.050133723981115874,0.19163978979417515,-0.041316048969904526,0.28198630201955227,4.560294117647059,6.572647058823529,2.3202787721575597,1.6962712443632892,680
ppltrst,social_trust,LT,-0.004946556654510721,0.8974772315280872,0.002907616814089617,0.9396276483440147,5.135095447870778,6.481350954478707,2.4112393746284626,1.7242019283961834,681
ppltrst,social_trust,LV,-0.001631950242696731,0.9660678733476452,-0.009654966066242065,0.8012852999565653,3.86950146627566,6.34516129032258,2.56583953065288,1.7466347051774997,682
ppltrst,social_trust,ME,-0.030903581447444196,0.4200377594568554,-0.02762504800338734,0.47104760824240227,4.241581259150805,6.430453879941435,2.562743184152103,1.7833650353781783,683
ppltrst,social_trust,NL,0.03502177806503765,0.3611369982373086,0.03173632670723294,0.40796143063916773,6.252199413489736,6.6413489736070375,1.9639263995646945,1.6564712945589843,682
ppltrst,social_trust,NO,-0.027543685301255876,0.47170530000033534,-0.038844434632036004,0.3100188219388713,6.67007299270073,6.629197080291971,1.8915928559486508,1.675248108705829,685
ppltrst,social_trust,PL,-0.028595349621657565,0.45593696575171877,-0.028251822745056738,0.4613695073024557,4.542521994134898,6.538563049853373,2.334465907898342,1.7832866552644124,682
ppltrst,social_trust,PT,0.028924074156359444,0.4497745009723352,0.028473108986689956,0.45687501984968637,4.1197080291970805,6.442481751824818,2.37006919409621,1.8344469428929593,685
ppltrst,social_trust,RS,0.06107615483668802,0.11129469483270393,0.05336559971305149,0.16420710917486014,4.333333333333333,6.37826725403818,2.7757705165925213,1.719540959332805,681
ppltrst,social_trust,SE,0.07074655005449726,0.06442955795385968,0.07666744322502293,0.045027522736985,6.315789473684211,6.576023391812866,2.0217664288807113,1.687750538258974,684
ppltrst,social_trust,SI,0.023878089530822582,0.5335971855186691,0.008080883909038333,0.8331606640652307,4.687683284457478,6.52067448680352,2.3864757652149047,1.6828051932001766,682
ppltrst,social_trust,SK,0.00702429685878032,0.8546090297578965,0.005749935995350484,0.8807674860110081,4.061493411420205,6.38696925329429,2.7403301802259903,1.7784693187743166,683
ppltrst,social_trust,UA,0.02138464109784974,0.5774648400438223,0.015606573357694027,0.6843419455900291,3.9383259911894273,6.108516886930984,2.8287935725192828,1.8270961379032256,681
pplfair,social_trust,AT,0.037222704641980284,0.3313775336589376,0.03617842526437543,0.3451318898831524,6.341142020497804,6.704538799414348,1.9887933495293022,1.5279583726163515,683
pplfair,social_trust,BE,0.07240422631816718,0.05840611337849346,0.07573529415929295,0.04770842375398612,6.017543859649122,6.619590643274854,1.9778382218342525,1.6048232048603206,684
pplfair,social_trust,BG,0.025311812238010496,0.5099326746941638,0.012145020100789413,0.7519020394232614,4.310294117647059,6.563970588235295,2.2163962381536,1.6854253862349382,680
pplfair,social_trust,CH,0.04281395688344838,0.2638343098011359,0.04527685015313355,0.2373184006122487,6.4099560761347,6.8601756954612005,1.8802930367967179,1.554577376500033,683
pplfair,social_trust,CY,0.007750446188245747,0.8396565867897472,0.0159511968692878,0.6770870410290017,4.428362573099415,6.64751461988304,2.258379472540865,1.7129622843154675,684
pplfair,social_trust,DE,0.05018680961152862,0.1895395766960282,0.03784927330640286,0.3225870528872852,6.245255474452555,6.629635036496349,1.944702310496455,1.5866624321589171,685
pplfair,social_trust,EE,0.008508026370065687,0.8246086303991171,0.03451530804043365,0.3684801296404137,6.212922173274596,6.606607929515419,2.0551679067211146,1.5678480307495577,681
pplfair,social_trust,ES,-0.00034886496362450143,0.9927388474845111,0.014541408654680942,0.704425719392113,5.588579795021962,6.73601756954612,2.1753723254316526,1.6984182600882278,683
pplfair,social_trust,FI,0.0589798577390007,0.12330611916139919,0.046295265945819515,0.2265813438927887,7.16374269005848,6.705409356725146,1.7059283500345526,1.6253437457713922,684
pplfair,social_trust,FR,0.05477192462226315,0.15305461807847406,0.04629182348481554,0.22729867329289621,6.146627565982405,6.68592375366569,1.9953459960021371,1.5479534440532208,682
pplfair,social_trust,GB,0.08424536964785376,0.028156913995643535,0.09119591102914665,0.01745761723414356,5.945508100147276,6.397938144329898,2.183669545497061,1.5988736417934721,679
pplfair,social_trust,GR,0.04772314820329888,0.21357206317884597,0.049572160880548104,0.1963391804829182,4.930983847283406,6.547430249632893,2.001380494449328,1.5832477802702496,681
pplfair,social_trust,HR,0.014424250356144199,0.7079328799392132,0.026755468610068188,0.4870587618163503,5.192023633677991,6.604726735598227,2.4310117112570695,1.610911790421151,677
pplfair,social_trust,HU,0.042607522255838914,0.2661459736582732,0.05364752775115231,0.16136980195837256,5.1039531478770135,6.564568081991216,2.1153049760014926,1.6889595556501569,683
pplfair,social_trust,IE,0.05588419645752714,0.1448721547141488,0.055719694911216006,0.14606079312826895,6.145161290322581,6.66950146627566,2.1658913214281967,1.6259033998477934,682
pplfair,social_trust,IL,0.05691122599002205,0.1384893523313183,0.07135635802584162,0.06312345965088412,5.341678939617084,6.578939617083948,2.28588411857488,1.6936672071109249,679
pplfair,social_trust,IS,0.022633408005861635,0.5545650081183195,0.025359709780436092,0.5078841447830185,6.980994152046784,6.609502923976607,1.8377658965300543,1.7361745156368724,684
pplfair,social_trust,IT,0.03245375496287748,0.39848381975651137,0.017352190396781316,0.6517316842116626,4.634756995581738,6.632695139911635,2.2199882187973925,1.5457879623746467,679
pplfair,social_trust,LT,-0.022686000204448095,0.5565690324069898,-0.027098796121806754,0.4824616807603272,5.519287833827893,6.645845697329377,2.240465768997793,1.6179864616623398,674
pplfair,social_trust,LV,0.014607115827626551,0.7048209199693443,0.0067853704484000625,0.8603219253382666,5.632592592592593,6.596148148148147,2.231047099831404,1.5772633330983372,675
pplfair,social_trust,ME,-0.007421349554055107,0.8473837748112758,-0.014252592426432748,0.7116614182526505,4.354074074074074,6.353629629629629,2.3304131319199115,1.6486207738876992,675
pplfair,social_trust,NL,-0.04741157983366378,0.21556694681840838,-0.007361373743283221,0.8476048330459929,6.6154970760233915,6.835964912280702,1.6242469731723888,1.5217963797153131,684
pplfair,social_trust,NO,0.013544351777611707,0.7234449902509239,0.016607691456657227,0.6643603653040383,6.890510948905109,6.7070072992700736,1.845172427784769,1.563418789496324,685
pplfair,social_trust,PL,0.0009389886163856985,0.9806164593150706,-0.004067974255979779,0.9161710446447171,5.21875,6.492410714285714,2.249968951598991,1.7040021684052349,672
pplfair,social_trust,PT,-0.004327923657886086,0.910241096421745,-0.01040201569111983,0.7864222502367799,5.138032305433186,6.561086637298091,2.2119411767818464,1.665532416150357,681
pplfair,social_trust,RS,0.05080800378026314,0.18572637129516575,0.052873003616043975,0.16845474195583868,4.675,6.307647058823529,2.846379764088735,1.7148318746490563,680
pplfair,social_trust,SE,0.09165001404377944,0.016501855295149286,0.0870855944547532,0.022741670586744655,6.757309941520468,6.739181286549708,1.779052279615545,1.5445317236209648,684
pplfair,social_trust,SI,0.04762556295201483,0.21586717598246175,0.0488515163569575,0.20426718936622254,5.443131462333826,6.5930576070901035,2.2456600357146,1.6180460542452932,677
pplfair,social_trust,SK,-0.02222864136084871,0.5622447059855791,-0.025963927047740348,0.49845567978844646,4.854838709677419,6.460557184750733,2.504219356369087,1.7121612983895753,682
pplfair,social_trust,UA,0.11287545922557111,0.003511267984819924,0.11218289592835173,0.0037197178910947323,4.787106446776612,6.062368815592204,2.4247748774617794,1.7229093425103819,667
pplhlp,social_trust,AT,0.015404137600319699,0.6873510973586884,0.00246762031289418,0.9485992190221281,6.24963503649635,6.711532846715328,2.057049073308345,1.4869406612191245,685
pplhlp,social_trust,BE,-0.03279686547571285,0.39142334047809907,-0.03806878384419615,0.3197866624227065,5.2437956204379566,6.723065693430656,2.1392619551036502,1.580572644970468,685
pplhlp,social_trust,BG,0.08255735960296647,0.03135427067632929,0.08735132554667659,0.022726052115832965,3.5764705882352943,6.501617647058824,2.2910543615328987,1.6364443929552006,680
pplhlp,social_trust,CH,-0.0005870292434971641,0.9877820882099524,-0.007384478926513401,0.8472431983874401,5.91800878477306,6.910834553440702,1.8928049024528901,1.4426981810143993,683
pplhlp,social_trust,CY,-0.007310735039251888,0.8488600536986473,-0.02016402606673446,0.5991149840219541,4.140762463343108,6.7312316715542515,2.242457353695062,1.6658638736449216,682
pplhlp,social_trust,DE,-0.011115528523549398,0.771836844289713,-0.03262466929851907,0.3946100882590514,5.430453879941435,6.666617862371889,2.0012630027079528,1.5216805068411732,683
pplhlp,social_trust,EE,0.0436835962264452,0.25494708423817863,0.0552490488168695,0.14980251007423764,5.089574155653451,6.877533039647577,2.004236680467426,1.511206304047224,681
pplhlp,social_trust,ES,0.017422483282005213,0.6492112704163341,0.020397781828253986,0.5943445022564477,4.826023391812866,6.732456140350878,2.2959308276784456,1.5761860084898038,684
pplhlp,social_trust,FI,0.03713387939520143,0.3321785332032471,0.05174580913711056,0.17645244258205348,6.409356725146199,6.926754385964913,1.9175463660172243,1.4744681125211363,684
pplhlp,social_trust,FR,0.01433596187125388,0.7084096486051528,0.0045860707125863235,0.9047725328629839,4.635431918008785,6.761054172767204,2.1977803210435427,1.5265509593105167,683
pplhlp,social_trust,GB,-0.0017728647875896435,0.9631128291393302,-0.018444254450349352,0.630384947327597,6.062957540263543,6.595607613469985,1.9986406031745354,1.5357169096067849,683
pplhlp,social_trust,GR,-0.016501122507062586,0.6666135452046383,-0.011863547136640179,0.7567773733006704,4.353801169590644,6.693859649122808,1.9795366440095692,1.596332826423702,684
pplhlp,social_trust,HR,-0.0284281029973683,0.4582468579336596,-0.015613132827881772,0.6837764772326644,4.414348462664715,6.646412884333821,2.4040957796418834,1.5754991349700032,683
pplhlp,social_trust,HU,0.010073092516427849,0.7927221774860282,0.02423701436667888,0.5271586511086117,4.537335285505124,6.725622254758419,2.2961774783435684,1.6163305217785848,683
pplhlp,social_trust,IE,0.02994365714825486,0.43395330196263837,0.029543340617280995,0.4401265375272215,6.052554744525548,6.862773722627737,2.2549840928618674,1.5186658936002064,685
pplhlp,social_trust,IL,0.07189291578632823,0.06058975346001443,0.0599143025766057,0.11800460149710619,5.120234604105572,6.6558651026392965,2.327181137069749,1.5387417574650342,682
pplhlp,social_trust,IS,-0.020020661725554025,0.6014480257114979,-0.035871594671407644,0.3492412739819259,6.587115666178624,6.908638360175696,1.7901517071733222,1.5490792997592995,683
pplhlp,social_trust,IT,0.007291360304264116,0.8495849624985924,0.0146629802162432,0.702907198378261,4.2017673048600885,6.641973490427098,2.257520332570185,1.5635664528230167,679
pplhlp,social_trust,LT,-0.05638733267407703,0.14069844699151446,-0.05777780855490991,0.13114981232892742,5.057017543859649,6.566959064327484,2.3989920759890158,1.6160764784706756,684
pplhlp,social_trust,LV,-0.012447392309413809,0.7461163713171028,-0.008981078362216786,0.8152962101459563,4.9499263622974965,6.574521354933727,2.322868705096817,1.5592285076272725,679
pplhlp,social_trust,ME,0.012636976117198046,0.7422018826332573,0.011059629326747597,0.7734400841464036,4.269117647058824,6.658823529411765,2.193762569865506,1.6168693995235528,680
pplhlp,social_trust,NL,-0.01772316835960195,0.6435725711019201,-0.02282144566341123,0.5512793215317007,5.722222222222222,6.891812865497076,1.758152823349596,1.5062068518618497,684
pplhlp,social_trust,NO,0.021558075411152927,0.5732552575480209,0.01860598659195997,0.6268835184371632,6.160583941605839,6.936204379562044,1.9034962317083046,1.4542145502531345,685
pplhlp,social_trust,PL,0.10323421750594473,0.00701238206549891,0.10178612789365168,0.007855095685111588,4.525697503671072,6.672834067547724,2.3793845885283265,1.6351773740132152,681
pplhlp,social_trust,PT,-0.019855710761029186,0.6041823364649621,-0.028129282502003167,0.46265870022945765,4.073099415204679,6.755116959064328,2.1551616780025,1.5826345747313568,684
pplhlp,social_trust,RS,0.05434750110112415,0.15565970786806582,0.06402678334011533,0.09429344790747572,3.710526315789474,6.278947368421053,2.725263889200074,1.589873169202874,684
pplhlp,social_trust,SE,0.004703118803933778,0.9022114134028313,0.010097052980845471,0.7919423189693076,6.12992700729927,6.975328467153285,1.9046866238347855,1.3865546150192305,685
pplhlp,social_trust,SI,-0.044143449680340986,0.25032393731878966,-0.060700742620253434,0.11378020758841598,5.348529411764706,6.770588235294118,2.2588065355980205,1.6207199279908209,680
pplhlp,social_trust,SK,0.027182166693077076,0.4778673750493321,0.028088796541149416,0.4633032588767039,4.2105263157894735,6.513304093567252,2.552432368619824,1.6625708772960626,684
pplhlp,social_trust,UA,-0.017122248262808344,0.6558104776216578,-0.01197646143335279,0.7552347030445998,4.2632352941176475,6.232794117647059,2.6681674698299624,1.7043817268886956,680
sclmeet,social_trust,AT,0.03227041200644171,0.39907487809807335,0.020860125514431647,0.5857370663607255,4.910948905109489,4.999270072992701,1.1918141138149099,1.0056489823911479,685
sclmeet,social_trust,BE,0.04144868946761873,0.2790275679816787,0.03955844303594203,0.3015572677056406,5.175438596491228,5.029970760233918,1.3684091972859465,1.0171556237043518,684
sclmeet,social_trust,BG,0.03964690248914415,0.3011870178933976,0.03422241158245268,0.3722082161674918,4.969208211143695,4.8885630498533725,1.6740014984431886,1.1319228450515384,682
sclmeet,social_trust,CH,0.04499412167585642,0.24026312818676254,0.023444965592287613,0.5407502958716834,5.099560761346998,4.937042459736457,1.293583231975242,1.0147683856396235,683
sclmeet,social_trust,CY,0.06390070126014172,0.09470289995619655,0.054224998118709004,0.15629146345615139,4.005839416058394,5.064233576642335,1.7073870474296835,1.0953608464605078,685
sclmeet,social_trust,DE,0.03313313894921769,0.3869308606094563,0.017460096200341498,0.6485048142297025,4.837719298245614,4.9868421052631575,1.3970198578819977,0.9818123342367406,684
sclmeet,social_trust,EE,-0.007457628510138171,0.8455252135776842,-0.00918793272053053,0.8103015005878306,4.242335766423357,4.943065693430657,1.4817467676992966,0.998741578102219,685
sclmeet,social_trust,ES,-0.024114255631469097,0.5286491632660626,-0.04298586681067853,0.2612199320912435,5.246715328467153,4.943065693430657,1.4666393087007106,1.0490733602893114,685
sclmeet,social_trust,FI,0.018820849646677885,0.6229083251512015,0.006978237302065711,0.8553421140423398,4.8934306569343065,4.994160583941606,1.3589751674640431,0.9759360796102574,685
sclmeet,social_trust,FR,-0.03717752979078941,0.3316101140026916,-0.05094616719299753,0.18324085303307103,5.220760233918129,4.95906432748538,1.4233285410238439,0.9910683124565516,684
sclmeet,social_trust,GB,0.046300827941039686,0.22652549004111514,0.045098604525660696,0.23882705497410894,4.802631578947368,4.984649122807017,1.5741112266814905,1.0029888100734052,684
sclmeet,social_trust,GR,0.04792262992725112,0.2106550395585893,0.04999976364917342,0.19152237914646908,4.159356725146199,4.973684210526316,1.6105572805604957,1.0123876332922843,684
sclmeet,social_trust,HR,0.06264296349393626,0.10164353390893308,0.04731462031572149,0.2165080796906809,5.349415204678363,4.993421052631579,1.5312698517346435,1.046657088595933,684
sclmeet,social_trust,HU,-0.04158943210545006,0.27704478675725464,-0.04172251202854494,0.27550917459776886,3.367883211678832,4.846715328467154,1.5223930025380452,1.0592154146228405,685
sclmeet,social_trust,IE,0.025446044359220425,0.5067522968911744,0.02456280695943189,0.5216189355821962,4.212298682284041,4.993411420204978,1.617452783226145,1.0315551788845152,683
sclmeet,social_trust,IL,-0.0030852195669510848,0.9359005946572964,-0.016115512986222682,0.6744021944686079,5.425219941348973,5.133431085043989,1.5407753149735088,0.9869618247708782,682
sclmeet,social_trust,IS,0.07066595056878407,0.06473501200685482,0.04680661576795827,0.22148724395958083,5.283625730994152,4.994883040935672,1.4032886537209597,0.9965034703343468,684
sclmeet,social_trust,IT,0.07839022891717956,0.04070073834072786,0.056253368274344476,0.14223156345942384,4.74633431085044,4.929618768328446,1.5627434721448887,1.0407424922681776,682
sclmeet,social_trust,LT,0.08328966710001776,0.02987774127780244,0.06177905198619842,0.10749080735897303,4.355882352941176,4.859558823529412,1.5597460569849728,1.1051745126705739,680
sclmeet,social_trust,LV,0.04420338336654593,0.24863507258968948,0.04297528996465152,0.2620373420115208,4.190336749633968,4.8345534407027815,1.6097468073563967,1.071699761813579,683
sclmeet,social_trust,ME,-0.0018876990140656814,0.9607253947361856,-0.019029922371884785,0.619564897433099,4.802342606149341,5.002928257686676,1.6247337935933457,1.0062081076211626,683
sclmeet,social_trust,NL,0.03883146636249919,0.3105352208944424,0.04119271161613724,0.28200982558044346,5.406432748538012,4.996345029239766,1.2603955408267358,0.97271778365415,684
sclmeet,social_trust,NO,0.05179055708669925,0.17576135543550397,0.06357805881391343,0.09638444790527767,5.648175182481752,4.958394160583942,1.3411013950191728,1.0203085715862632,685
sclmeet,social_trust,PL,0.025840988961500142,0.5004922938620868,0.03407573447924634,0.3742622527755685,3.932551319648094,4.932551319648094,1.4342656671517855,1.0458626695223703,682
sclmeet,social_trust,PT,-0.016359262989174915,0.6690810797509203,-0.025596341323899756,0.5036189628336433,5.629197080291971,4.908759124087592,1.6067365759678425,1.0665346993855305,685
sclmeet,social_trust,RS,0.06195134467445139,0.10522864710229826,0.0434866694889213,0.2556996385800034,5.145985401459854,4.84963503649635,1.6074577017590435,1.0575628558588313,685
sclmeet,social_trust,SE,0.04288153320949252,0.26273014073565043,0.04236190175875735,0.2685630381901652,5.435672514619883,5.012426900584796,1.3818365729222142,1.0203955046274356,684
sclmeet,social_trust,SI,0.007562090164057059,0.8437293137707041,-0.008502143851804304,0.8246009169802321,4.640762463343108,4.878299120234604,1.501339002709212,1.0584245814811335,682
sclmeet,social_trust,SK,0.07820990316140203,0.04101826325099481,0.06441758322211,0.09253584725566842,4.559297218155198,4.892386530014641,1.5640520269192257,1.0741158882004163,683
sclmeet,social_trust,UA,0.05369452452845068,0.16505951164819624,0.05791686885018584,0.13423748451719,4.32089552238806,4.694776119402985,1.7691964272055045,1.1978004982089387,670
inprdsc,social_trust,AT,0.01828013103447475,0.6331820397349001,0.010973150564159265,0.7745190494187246,3.051169590643275,4.121345029239766,1.1726564206989902,1.1783977772735774,684
inprdsc,social_trust,BE,-0.0826348539089352,0.030578836785212636,-0.07340094460207533,0.054836593884345954,3.3576642335766422,4.241605839416058,1.3814626236939371,1.1614949491603122,685
inprdsc,social_trust,BG,-0.028088861979820197,0.4639591368285411,-0.01695492146330041,0.658489558285484,2.0234604105571847,4.156891495601173,1.2626014641660956,1.2218715393584094,682
inprdsc,social_trust,CH,0.06914380998650933,0.07052460118363953,0.060043116503972926,0.11640920413774042,3.5445255474452555,4.282481751824817,1.2634608385888118,1.156970851491776,685
inprdsc,social_trust,CY,0.06598663571147773,0.08530564594295124,0.07518174640391179,0.04986584673687032,2.434654919236417,4.084434654919236,1.321397513277927,1.2228793212442026,681
inprdsc,social_trust,DE,-0.014664246575504783,0.7018391932147053,-0.009993858935027838,0.7941682487665703,3.5789473684210527,4.178362573099415,1.2272747380806737,1.1903342826138563,684
inprdsc,social_trust,EE,-0.039467498977738324,0.30302586043450414,-0.04009646477622278,0.2953795385115386,2.5944363103953147,4.223279648609077,1.364967455800747,1.1881007377453148,683
inprdsc,social_trust,ES,0.00789320006706672,0.8367443514415882,-0.009347830173377508,0.8072032026713276,2.8859649122807016,4.117690058479532,1.3918320942419997,1.2234147721333437,684
inprdsc,social_trust,FI,0.020692983031899422,0.5887447406155161,0.0320683011653773,0.40203608181535283,3.2510948905109487,4.231386861313869,1.2766525117350722,1.2009835044234778,685
inprdsc,social_trust,FR,0.037001274064291545,0.33461948382659173,0.03618152096613722,0.345445281927152,2.8592375366568916,4.186217008797654,1.447305868949354,1.2168363930551962,682
inprdsc,social_trust,GB,-0.013177378569668512,0.7314030683760164,-0.01890960815451993,0.6222936925314442,3.0954478707782673,4.240822320117474,1.4270474910681292,1.2241474461248616,681
inprdsc,social_trust,GR,-0.00959544095463878,0.8022006182045657,-0.01910261306233315,0.617969684179176,2.2280701754385963,4.169590643274854,1.1882914963427518,1.150038184724841,684
inprdsc,social_trust,HR,0.06103523885673022,0.11206381289952581,0.05202804297690526,0.1756895772447373,2.3402061855670104,4.2341678939617085,1.3944751770367632,1.2460955569143894,679
inprdsc,social_trust,HU,0.038296945129872556,0.31867197755579296,0.02614638452204332,0.4960763575202969,2.4544117647058825,4.099264705882353,1.2187699711476547,1.2409018718661025,680
inprdsc,social_trust,IE,0.046508338848562064,0.22478897855180272,0.036889118371721555,0.335732283314495,2.6193265007320643,4.202635431918009,1.3226123234154243,1.1914992503855906,683
inprdsc,social_trust,IL,0.09666156336810706,0.011734364471190594,0.09809492590749534,0.01054026308502428,2.508100147275405,4.1668630338733434,1.4077877838058608,1.205618862283855,679
inprdsc,social_trust,IS,0.010205418649216043,0.7902131278367589,-0.017856414634321097,0.6415703722048358,3.533724340175953,4.234604105571847,1.3228614138963495,1.153404806534299,682
inprdsc,social_trust,IT,0.06826216646013405,0.07547834889623191,0.06582123622233883,0.08655737739099222,2.2341678939617085,4.103092783505154,1.281688198602417,1.1987478134649834,679
inprdsc,social_trust,LT,-0.013866390295867016,0.7181418182949274,-0.016059056083505007,0.6759285045814237,2.1073529411764707,4.266911764705882,1.3789727640840457,1.1926415988747594,680
inprdsc,social_trust,LV,-0.004252243754507401,0.9121934474605268,0.010726185369873313,0.7808849575417967,1.7362962962962962,4.066666666666666,1.2977158321146354,1.2457643370167528,675
inprdsc,social_trust,ME,-0.013632274852834938,0.7238830916053917,-0.01968123480247093,0.6100125433745093,2.185459940652819,4.256676557863502,1.177940825146115,1.1644785678798184,674
inprdsc,social_trust,NL,-0.0058105628658387904,0.8795198354959737,-0.014482551944491268,0.7055662205454466,3.724743777452416,4.204245973645681,1.2666786586514633,1.215586511513777,683
inprdsc,social_trust,NO,0.040580472670003406,0.28922991639362233,0.050581453350337924,0.18640036869675353,3.247076023391813,4.21125730994152,1.438461513454827,1.1486979825947943,684
inprdsc,social_trust,PL,0.0703835160212368,0.06762537613882552,0.06904366161945398,0.07303340836070923,3.14962962962963,4.1792592592592595,1.3758662808789432,1.216424217856899,675
inprdsc,social_trust,PT,0.044029649556903534,0.2529527747972031,0.04631623851712171,0.2291160411778594,2.2381656804733727,4.009615384615385,1.3945158859665305,1.2293855737273351,676
inprdsc,social_trust,RS,0.02066432197530147,0.5911770821424206,0.03660496667709288,0.3412510811560324,2.4749262536873156,4.0825958702064895,1.4282824519848945,1.2213479194832448,678
inprdsc,social_trust,SE,-0.008448028486049527,0.8254471682983254,-0.017284518672942763,0.6518052520789502,3.814327485380117,4.211988304093567,1.2710422687563399,1.1695638059561708,684
inprdsc,social_trust,SI,-0.000991940335012604,0.9794625455325122,-0.012150458898487792,0.7525043391548643,2.8195266272189348,4.06508875739645,1.3421829916198627,1.1785968397331517,676
inprdsc,social_trust,SK,-0.0029830502484840585,0.9385675942236793,-3.4149167856911355e-05,0.999296043494881,1.7477611940298508,4.13134328358209,1.1613942202433745,1.2093567642865048,670
inprdsc,social_trust,UA,0.04169072832675602,0.2794215784913996,0.03806981141791999,0.32334488720863114,2.16,4.108148148148148,1.3902586058348725,1.2496914664837684,675
stfdem,political,AT,0.04547310172599564,0.23876041375972362,0.031648304299869846,0.4123830926026389,5.739970282317979,6.907726597325408,2.4849232284914757,1.46116382882398,673
stfdem,political,BE,-0.0030506711373547383,0.9370840144891105,-0.022079781393090588,0.5677438357762159,5.206845238095238,6.797916666666667,2.3891984051627304,1.5561028757637647,672
stfdem,political,BG,0.0739392961932954,0.0559425306619397,0.07629024626353291,0.04855997384193649,3.3258594917787745,6.673991031390134,2.3860129569068325,1.6976857459892312,669
stfdem,political,CH,0.009007263335262267,0.8161169015851777,-0.025995980744149178,0.5020657616072282,7.565022421524664,7.03303437967115,1.6733296813689809,1.4414729348378905,669
stfdem,political,CY,0.08062793567301411,0.03735990029731572,0.07889181805761475,0.04166598398655769,4.496251874062969,6.7598200899550225,2.3141880673226787,1.7253032890060944,667
stfdem,political,DE,-0.008536970149700554,0.8238941834623336,0.004669016670420686,0.9031295103606002,5.728739002932551,6.916129032258064,2.603740874712166,1.5006716952497898,682
stfdem,political,EE,0.03346719710620311,0.3950309522865154,0.03866173351013885,0.32578745433928485,5.24537037037037,6.996296296296297,2.5875657108071954,1.4419049262159838,648
stfdem,political,ES,-0.004849135196042495,0.9001509480158068,0.012467616477850597,0.7469918345554056,4.794642857142857,6.857589285714285,2.518385661533428,1.6539260497396002,672
stfdem,political,FI,-0.0043001608850438185,0.91120804724192,0.012064832702076814,0.7543688156251324,6.783703703703703,6.953185185185185,1.9634723453490894,1.5525133503594393,675
stfdem,political,FR,0.018714382580229644,0.6287069679186433,0.0029132717446986715,0.9400018623892553,4.344776119402985,6.647611940298507,2.480825335331246,1.596975457393259,670
stfdem,political,GB,0.07750428200696877,0.04965686032137861,0.07016735671579527,0.07563304728252275,4.3286604361370715,6.766978193146417,2.629976197959441,1.6651703860267029,642
stfdem,political,GR,0.008851901204685028,0.8179060019904615,0.0030055127432750163,0.9376909065803726,4.148748159057438,6.958468335787924,2.2115199980939173,1.5064604273847138,679
stfdem,political,HR,0.01303370201607312,0.7370647968503683,0.019616054834357025,0.6133279738840853,4.465465465465465,6.7720720720720715,2.514231883392466,1.6179261489231311,666
stfdem,political,HU,0.11333374606351151,0.0034032992102263305,0.1381058302920632,0.000350842667640928,4.454954954954955,6.674024024024024,2.6650476864214316,1.6771711842793107,666
stfdem,political,IE,-0.018861380275560193,0.6291341222983579,-0.0074451246126701915,0.848824717296111,5.819148936170213,6.762462006079027,2.2847115206806707,1.5847363702174673,658
stfdem,political,IL,0.11087625377841732,0.0046853829146766,0.10994945149645066,0.0050453955907392095,4.26040061633282,6.86055469953775,2.760220149074643,1.644177061740039,649
stfdem,political,IS,0.0792097566731688,0.040395024783332206,0.06375730173426397,0.09916542940444181,5.92089552238806,6.890298507462687,2.2882057587658675,1.6303304846672766,670
stfdem,political,IT,0.036332311875248394,0.3506399724416694,0.04660770745353442,0.23108404076994016,5.113293051359516,6.910574018126889,2.062746073395897,1.5302724297781258,662
stfdem,political,LT,0.07810356078582419,0.04687918749862894,0.07447239784194275,0.05812827787127178,4.614197530864198,6.708796296296296,2.3886482511823353,1.6461466696430753,648
stfdem,political,LV,0.0865732533859872,0.029930819190313113,0.08025816378241839,0.04420861255019164,4.260731319554849,6.856120826709062,2.4394710921720306,1.5735315340222364,629
stfdem,political,ME,-0.06214587708853969,0.10775645684123357,-0.06508593985816673,0.09206430397375549,4.2011922503725785,6.70581222056632,2.5788575065528594,1.6696622825651255,671
stfdem,political,NL,0.02406615198625507,0.5346447313220495,0.001234864416143051,0.9745867537561478,5.919161676646707,6.980089820359281,2.085012819284355,1.5305216573588056,668
stfdem,political,NO,-0.04451238395318914,0.24568674432682386,-0.028798912789890878,0.4527348304779482,7.236070381231672,6.890469208211144,2.027343432421702,1.5518015913553507,682
stfdem,political,PL,0.034584215037469876,0.3786999796309231,0.06217261310111368,0.11328976013082717,5.127692307692308,6.695846153846154,2.327699333825712,1.706264531419243,650
stfdem,political,PT,0.014355241375502571,0.7132069964434212,0.018959846330732864,0.6273446790696066,4.732522796352583,6.808966565349544,2.368272017161993,1.5659898942702428,658
stfdem,political,RS,0.027904918644788838,0.49221653828462325,0.03299181327932906,0.41676421774171407,3.9407894736842106,6.4375,2.9715477861808366,1.797034441568807,608
stfdem,political,SE,-0.01574816664280102,0.6840849175554508,-0.013992685405764428,0.7177009883222245,6.63134328358209,6.871940298507464,2.0898865987375066,1.5092502408166093,670
stfdem,political,SI,0.026257077825623854,0.5043013256001593,0.013536878202517378,0.7306887989565122,4.941448382126349,6.702003081664099,2.3378841331296782,1.5731286138752159,649
stfdem,political,SK,0.09945075760091199,0.009889864305393683,0.0884871446206747,0.02178590538231892,4.575892857142857,6.597619047619048,2.669619737788518,1.7211649048309532,672
stfdem,political,UA,-0.013839103234247153,0.7265556145768555,-0.012804162221937632,0.7462741866601768,3.004680187207488,5.772386895475819,2.648403398582335,2.081135975874235,641
polintr,political,AT,-0.06664151232080452,0.08156964504041957,-0.06648454015700725,0.08229210596303509,2.4195906432748537,2.8910818713450293,0.8679906327129788,0.7401234507995493,684
polintr,political,BE,-0.04606256869916032,0.22892689164862734,-0.04843962371530566,0.20576873556370673,2.5657894736842106,2.9839181286549707,0.9215489806276004,0.7338531250188013,684
polintr,political,BG,-0.08686996060354689,0.02308135606610308,-0.08766933765609569,0.0218437697455301,2.81140350877193,2.9159356725146197,0.8995452345691054,0.7933806506108375,684
polintr,political,CH,0.04289491708584023,0.2622312172490916,0.04221928794623097,0.2698281232022619,2.4029197080291973,2.9445255474452554,0.9151056569745459,0.737856832896614,685
polintr,political,CY,-0.04130572105602125,0.28069056548543314,-0.03571430312655585,0.3510061967875156,2.925438596491228,2.9305555555555554,0.9506084731043086,0.7845986271297155,684
polintr,political,DE,0.02237020375297409,0.5591801124186603,0.02525517437254379,0.5096353406080403,2.2149122807017543,2.888888888888889,0.878745191104051,0.6951574345376068,684
polintr,political,EE,-0.0808275589072859,0.0345573516128058,-0.0822663829974077,0.03145589453084743,2.5921052631578947,2.978801169590643,0.8480425902495052,0.7671347853256361,684
polintr,political,ES,-0.08947369884305029,0.0191718209320334,-0.09387048163330161,0.013980365379863923,2.7518248175182483,2.924817518248175,1.0085962532226507,0.7578807230270059,685
polintr,political,FI,-0.04244202944690101,0.2673071047839602,-0.04794577561753294,0.2101001665183039,2.1854014598540146,2.9766423357664236,0.7737034188933265,0.736105483411166,685
polintr,political,FR,0.01588768843139675,0.678300648916581,0.012195190973436576,0.7502011742598065,2.6023391812865495,2.9590643274853803,0.9784173563197822,0.7408334916345004,684
polintr,political,GB,-0.058432923069465854,0.12710746030905393,-0.05817252568893258,0.1288133417128482,2.505124450951684,2.9194729136163984,1.002000977825154,0.7567593843229519,683
polintr,political,GR,-0.05576483604755668,0.1448475715078274,-0.06520825468539558,0.08812698564993057,2.9182481751824816,2.9160583941605838,0.9562214700175594,0.7457710771470782,685
polintr,political,HR,-0.09088733857412923,0.01734409531206859,-0.07836110340639144,0.040333781967203886,3.0452554744525546,2.9145985401459855,0.9173419205821063,0.7426580350439962,685
polintr,political,HU,-0.049212511012988555,0.19861794566796426,-0.03842831777829446,0.31558910270799717,2.8391812865497075,2.9159356725146197,0.8894286760176449,0.727433867093778,684
polintr,political,IE,0.01580177228564244,0.679943780044955,0.017322293386844333,0.6510946000534001,2.5760233918128654,2.992690058479532,0.9985690960415069,0.777580670295736,684
polintr,political,IL,-0.03719832093151574,0.3309850803334073,-0.032789966364593484,0.39152303483966794,2.4715328467153284,3.0445255474452555,1.0236208026074045,0.7825695892331701,685
polintr,political,IS,-0.05616021520395003,0.14201514913801394,-0.05499556324369086,0.1504819788338127,2.2613138686131387,2.9693430656934305,0.8854120010347647,0.7501035058981949,685
polintr,political,IT,-0.0703989623821896,0.06635275531883753,-0.07888478173233547,0.03958998909157524,2.9941262848751835,2.949339207048458,0.8401474880494118,0.7260916757091187,681
polintr,political,LT,-0.01746598290797264,0.6481538079398125,-0.013301574453403962,0.7282043946074879,2.7503649635036496,2.9364963503649637,0.7782800883015527,0.7914820571834752,685
polintr,political,LV,0.050272263693613074,0.18943507844283336,0.053785695680389246,0.16029159099631918,2.890190336749634,2.945095168374817,0.8057384686409317,0.7559064287680504,683
polintr,political,ME,-0.017051077302926883,0.6569129071697728,-0.008968433729815468,0.8152840495380822,2.910425844346549,2.881057268722467,0.8344917231686422,0.7498682617305286,681
polintr,political,NL,-0.04993580282548368,0.1917660217536583,-0.049746129672581504,0.193461122152035,2.28029197080292,2.883941605839416,0.8361215999082302,0.7604278551584801,685
polintr,political,NO,0.02332782627204857,0.5421827933743517,0.02046728542781888,0.5928173471862133,2.456934306569343,3.0153284671532847,0.7910127142461848,0.729083630454839,685
polintr,political,PL,-0.11269328808767043,0.003231378855238391,-0.10485675803933477,0.0061651449223277584,2.5844346549192365,3.0051395007342143,0.8308349869277007,0.7546249669902557,681
polintr,political,PT,-0.08190243595547542,0.03209072496340149,-0.08141482458324394,0.033132342602114534,2.8656934306569344,2.889051094890511,1.0084756283680514,0.7647839996358095,685
polintr,political,RS,0.03549671547238515,0.3535976869679843,0.03344326451808099,0.3821509971286255,3.0175182481751825,2.9029197080291973,0.9030404952143213,0.7372643449292853,685
polintr,political,SE,0.01073872315171098,0.779368034522122,0.012688283408265092,0.7406407532683652,2.0775988286969254,2.9619326500732064,0.8094812629529728,0.7620106226331254,683
polintr,political,SI,0.020879354960564624,0.586217042206158,0.021086346075214882,0.5825089432070827,2.7082111436950145,2.943548387096774,0.8746167758196953,0.7451030666204929,682
polintr,political,SK,-0.028670951709143494,0.45375224419747423,-0.025723187841622277,0.5015060968755269,2.6773722627737224,2.9094890510948903,0.8215831868138809,0.7759999408119694,685
polintr,political,UA,0.018071461202688655,0.6380567822917379,0.01575452823271372,0.6817344649453034,2.726470588235294,2.936029411764706,0.9139110869407551,0.7670182876734909,680
psppipla,political,AT,-0.019646703863682995,0.6093142441067821,-0.01501087528900905,0.6962044731067946,2.3475699558173786,3.817378497790869,0.8343417118155887,0.9358911435815161,679
psppipla,political,BE,0.011287321916504072,0.7692384337646995,0.016024482915965296,0.6770374028178171,2.191740412979351,3.825221238938053,0.8923387576276055,0.9123627488807766,678
psppipla,political,BG,-0.023793360656563154,0.5383742721948117,-0.03163332516572258,0.4133023212877705,1.7123695976154993,3.8002980625931446,0.8923282746617875,0.9520127463616477,671
psppipla,political,CH,-0.004014332580172022,0.9170879792958423,-0.0015960545430225538,0.9669850772540306,2.9274074074074075,3.745185185185185,0.9831238914798386,0.9345589193129752,675
psppipla,political,CY,0.10332547033895974,0.007391053505373818,0.09212880289201149,0.016981740600774266,1.8315946348733234,3.778688524590164,1.020659863922315,0.962261985226166,671
psppipla,political,DE,0.007224977112371225,0.8507207183458769,0.004010156089342504,0.9168066028420795,2.5462555066079293,3.8083700440528636,0.9336778569199983,0.9344251856472565,681
psppipla,political,EE,0.025539530583092714,0.5089703827776064,0.03859396625585737,0.31816627994417507,2.1296572280178836,3.8688524590163933,0.8807390224212779,0.8897920404308489,671
psppipla,political,ES,0.061517157777327525,0.10977936075263652,0.06178738437730165,0.10822474396520002,1.8552437223042837,3.821270310192024,0.8459911423867126,0.951776373725314,677
psppipla,political,FI,-0.04722776378992814,0.2173536507583999,-0.04764006353714633,0.21336081772548818,2.7339181286549707,3.909356725146199,0.8414352754171046,0.9025586834658758,684
psppipla,political,FR,0.029564772230722926,0.44316517341848144,0.05177546142060192,0.1790861756259409,2.0562962962962965,3.777037037037037,0.9402480422319317,0.9592545279372219,675
psppipla,political,GB,-0.020604042630828108,0.5964002516194784,-0.015614006778298188,0.688193717642412,2.0482654600301657,3.7187028657616894,0.830367284221561,0.9269285313401022,663
psppipla,political,GR,0.06798510628445174,0.07711167500025448,0.05029980396284436,0.19115469572284352,1.9985228951255538,3.7843426883308715,0.9783140634017249,0.9627023974518948,677
psppipla,political,HR,0.07757017769503645,0.043943081073742125,0.08890235926943622,0.02088562685666154,1.665185185185185,3.757037037037037,0.7726134421154383,0.9553488915369823,675
psppipla,political,HU,0.054825775148318594,0.152952842242396,0.05882359348559981,0.12513616058096236,1.8516886930983847,3.78928046989721,0.8575105538734312,0.945198195392848,681
psppipla,political,IE,-0.03188821954609383,0.4091967162467554,-0.037271907497488606,0.3346777021963663,2.168154761904762,3.849702380952381,0.907000848594619,0.954103179437998,672
psppipla,political,IL,0.05319186723941986,0.17130891226234274,0.048931596575873516,0.208281276856183,2.076923076923077,3.770739064856712,1.0172803941973485,0.9545188581380245,663
psppipla,political,IS,-0.017850693402020223,0.6431522082894747,-0.017902362198369565,0.6421912663330791,2.6420118343195265,3.850591715976331,0.8583937315581119,0.9336584856745073,676
psppipla,political,IT,0.1378619433880881,0.0003745495359253028,0.12460780106691537,0.0013156273116972305,1.7870090634441087,3.8104229607250755,0.7769059604126415,0.9289902132396244,662
psppipla,political,LT,0.040809023109603326,0.2915248733323846,0.03582180061929387,0.35455508446241957,2.017910447761194,3.776865671641791,0.943695210153398,0.977238274734494,670
psppipla,political,LV,0.012970890852707157,0.737148351651984,-0.0004284293607755861,0.9911552458909315,1.7306547619047619,3.753720238095238,0.8686015894353065,0.9819463468158434,672
psppipla,political,ME,-0.020910974584112427,0.5906587383938935,-0.017839338134853854,0.6463361581997434,2.0828313253012047,3.76355421686747,0.916123610242357,0.9444431527894993,664
psppipla,political,NL,0.03256022312290622,0.3958925588156474,0.024106423972962587,0.5296902691160069,2.4545454545454546,3.7734604105571847,0.9205524972973222,0.9419647301052408,682
psppipla,political,NO,0.03529149566840796,0.3599366862648306,0.04608086965253386,0.23184006475548094,2.994074074074074,3.8696296296296295,0.9065998501397606,0.8800689609203257,675
psppipla,political,PL,-0.01974585832897286,0.6101762311710227,-0.026790245882913146,0.4890887107138441,2.1225710014947685,3.7593423019431986,0.8279810755646273,0.9400074138235273,669
psppipla,political,PT,0.08715229245181295,0.023862252121080795,0.08254329518252489,0.03240044961709157,1.7931547619047619,3.7641369047619047,0.91212115170471,0.9882813360136419,672
psppipla,political,RS,-0.02569647393228177,0.5170543402039417,-0.028536493521645043,0.47181646313846715,1.9184952978056427,3.773510971786834,1.0207899759583756,0.9741738321754715,638
psppipla,political,SE,0.032300768792261916,0.4021083083064628,0.027143409755599767,0.48141462689404674,2.831111111111111,3.88,0.8973639822926496,0.9121500995747918,675
psppipla,political,SI,0.0299263261725122,0.43897242439684964,0.008977115788059088,0.8164515432626772,2.1207153502235467,3.773472429210134,0.818828847525622,0.9348699400642487,671
psppipla,political,SK,-0.023818187833999593,0.5370395624274452,-0.014861821646473284,0.7001333823838514,1.927299703264095,3.777448071216617,0.8648988684750155,0.9308300555933813,674
psppipla,political,UA,0.009563281174019774,0.8052743416355693,-0.008898656176868951,0.8185633043853391,1.6806596701649175,3.711394302848576,0.9515125541780568,0.9944994389548985,667
psppsgva,political,AT,0.025295724883503602,0.5102017423601303,0.03544166663904795,0.35611395688477354,2.3088235294117645,3.8625,0.8223203089196762,0.9469692372918063,680
psppsgva,political,BE,-0.0042445880862668605,0.912350896311968,0.008451615827891876,0.8265126703018265,2.2088888888888887,3.882222222222222,0.8863845367464309,0.9438121659260122,675
psppsgva,political,BG,0.04327278238361167,0.2691449158629446,0.03339195893910278,0.39390841365117185,2.0749235474006116,3.7515290519877675,1.1498243731511566,0.990284713919065,654
psppsgva,political,CH,0.017262272369175557,0.6536577801704673,-0.007850748672027143,0.83831666447957,3.21976401179941,3.9314159292035398,0.963326924020817,0.8633013826378072,678
psppsgva,political,CY,0.08074115060791047,0.0359711259829511,0.07099495579679631,0.06526903428506858,1.8962962962962964,3.8585185185185185,0.9931073590595881,0.9361979730197183,675
psppsgva,political,DE,0.020629724084788074,0.5926225440305284,0.03152096936937343,0.4135718415459886,2.542222222222222,3.852592592592593,0.9509847049248421,0.903818936006828,675
psppsgva,political,EE,0.04330119677015608,0.26303102469197026,0.04934894370158628,0.20204111003268868,2.2119402985074625,3.925373134328358,0.9374331885406496,0.887353985307601,670
psppsgva,political,ES,0.02789132461435278,0.47173398532513844,0.030396517260164572,0.4328470744719577,2.094311377245509,3.80688622754491,0.9695965738864041,0.951672026071659,668
psppsgva,political,FI,0.07040928689793281,0.06571566283708977,0.056674394856000135,0.13868466962057896,2.4634502923976607,3.8976608187134505,0.7972190475799101,0.8853255080546437,684
psppsgva,political,FR,-0.009734466469353062,0.8011319763386044,-0.021175971248684713,0.5837033105282184,2.1324404761904763,3.8816964285714284,0.912908584081554,0.9174942111687733,672
psppsgva,political,GB,0.019353047308594835,0.6196878440685973,0.012252646391108736,0.7533757559170712,2.1333333333333333,3.7848484848484847,0.8357224225947983,0.9788727877102846,660
psppsgva,political,GR,0.0271917565042768,0.47933161837323746,0.01498852720197225,0.6966343387504711,1.9970544918998527,3.842415316642121,1.047538278025633,0.941612906456662,679
psppsgva,political,HR,-0.05079526998919963,0.18845561978299122,-0.032617709978828305,0.3985586873708391,1.6428571428571428,3.799107142857143,0.78575783261367,0.9788215368604886,672
psppsgva,political,HU,-0.01010839065470446,0.7921618180273153,-0.007618194271129296,0.8425849937245921,1.9824046920821115,3.846041055718475,0.9768155702608059,0.9439772070738511,682
psppsgva,political,IE,0.0719840090855518,0.061215485364084055,0.053650378715750395,0.16320713634417838,2.2629246676514034,3.810930576070901,0.9647633682632638,0.9724755771389676,677
psppsgva,political,IL,0.0016425915989590242,0.9664549563274565,4.3904395597751157e-05,0.9991031199075848,1.965045592705167,3.911094224924012,1.013002265547011,0.8737234760319408,658
psppsgva,political,IS,0.02187439894542912,0.5716396376324774,0.03403772425958198,0.3786897356500106,2.5767511177347244,3.856929955290611,0.8497561699763808,0.9128152906190324,671
psppsgva,political,IT,0.09215875216985091,0.01744736967261968,0.09602334980967858,0.013238830549531427,1.7759398496240602,3.8413533834586464,0.7699309912688556,0.9521794767564336,665
psppsgva,political,LT,0.03439272279148791,0.3730207268074945,0.03149151478005183,0.41470368072300984,2.236255572065379,3.9338781575037145,0.9830674812447819,0.9248612975231065,673
psppsgva,political,LV,-0.011911627286719965,0.7586160939660429,-0.004924720307851481,0.8989046160836515,1.8158682634730539,3.8570359281437128,0.9214679283834347,0.9676916777130148,668
psppsgva,political,ME,-0.02625527427246028,0.49845508914446235,-0.015474557009621684,0.6899481084045506,2.1934032983508245,3.7983508245877062,0.9038215283584695,0.9166692759234334,667
psppsgva,political,NL,0.04005814430816194,0.2983391122050633,0.05464979371246364,0.15580405376622988,2.544378698224852,3.9090236686390534,0.9250975036124607,0.8786816350278763,676
psppsgva,political,NO,0.0006966778548242805,0.9855642463847216,0.0026608304994626833,0.9449060988621303,2.895125553914328,3.8995568685376663,0.8280885474977414,0.944988233748922,677
psppsgva,political,PL,0.02011540735180846,0.605140612966405,0.027832449508305233,0.4743383947902166,2.268476621417798,3.8582202111613877,0.8847577726674779,0.9537433799599754,663
psppsgva,political,PT,0.04383573670724837,0.256822097931566,0.051204905707053924,0.18524049182677232,1.9910581222056631,3.8479880774962743,0.9650197962034397,0.9557327296916803,671
psppsgva,political,RS,-0.003002707837029253,0.9398034190782164,-0.01867034684258984,0.6386466291370748,1.853543307086614,3.8078740157480313,1.0305885791593936,0.9519700889991187,635
psppsgva,political,SE,-0.022966619848548052,0.5502191327052818,-0.0065461302529658556,0.8648023911014895,2.6671575846833577,3.85419734904271,0.8980293191323413,0.8904322121406777,679
psppsgva,political,SI,-0.01531136971163275,0.6928318136712419,-0.01921435588767877,0.6200890939325109,2.1497005988023954,3.8592814371257487,0.8527492711928171,0.9103539479122891,668
psppsgva,political,SK,0.029492969265250368,0.44529175980853186,0.011267007850614845,0.7706385697340513,2.0297619047619047,3.831845238095238,0.911431590313995,0.9349151494487592,672
psppsgva,political,UA,0.0011595097879908685,0.9762088605589417,-0.018744431280420748,0.6297047226730795,1.7575301204819278,3.8772590361445785,0.9763124742401114,0.9842244433157439,664
vote,political,AT,-0.06018208154562431,0.11772000978734727,-0.04991917053647892,0.19453943900755596,1.2998522895125555,2.2267355982274744,0.5654369222650558,0.4359002207770663,677
vote,political,BE,0.03233425930238669,0.3995281438453854,0.04956531654051142,0.19640103807475986,1.353891336270191,2.2143906020558,0.6835377135329757,0.42130569469464446,681
vote,political,BG,0.031176928683308274,0.4155939446712941,0.03426795567259647,0.3708689107591521,1.3859649122807018,2.2002923976608186,0.5702549623165922,0.421876067790795,684
vote,political,CH,0.05509568748649434,0.15553170274493497,0.04520691081015829,0.24399560868701925,1.6711711711711712,2.220720720720721,0.7975399077732456,0.4222283422670902,666
vote,political,CY,-0.048227769255397616,0.21011126633764765,-0.04220753361702266,0.2727871799651635,1.3471196454948302,2.1986706056129983,0.5951317333519341,0.4477570722799403,677
vote,political,DE,0.03901255928691566,0.30792781462480173,0.04802318828155715,0.20936409173502937,1.34014598540146,2.2087591240875915,0.6663880836812058,0.41384561713028345,685
vote,political,EE,0.060574462020034484,0.11400165099961987,0.05766807656864564,0.13245295630253978,1.3709677419354838,2.2360703812316713,0.6379403823322093,0.4284189912265954,682
vote,political,ES,-0.02737481628473446,0.4750761770354701,-0.010504475225215054,0.7840604245461877,1.390922401171303,2.220351390922401,0.6683280215653653,0.4675497929575952,683
vote,political,FI,0.00511429690103142,0.8944876450707288,-0.014283938937224934,0.7110556463034252,1.1896296296296296,2.2444444444444445,0.4649868499582924,0.4436607003249877,675
vote,political,FR,-0.01715658302528142,0.6577958550975975,-0.027955970939511743,0.47037377631889365,1.4872944693572496,2.212257100149477,0.6276345705710873,0.44429095058375895,669
vote,political,GB,0.01711113102756383,0.6562572059363523,0.028206967843868645,0.4630715882556101,1.3711340206185567,2.2061855670103094,0.6053768747466809,0.43302806461837295,679
vote,political,GR,0.013479198186074454,0.7247212222539898,0.02285824614806185,0.5503451800175448,1.186861313868613,2.2131386861313866,0.42933675189472303,0.4340778890694307,685
vote,political,HR,0.042236637248763545,0.27388281430932343,0.0513457260017098,0.183378337033,1.347696879643388,2.237741456166419,0.5858435744254655,0.443137768493206,673
vote,political,HU,-0.0405947268917193,0.2890604172158188,-0.04140343458138487,0.27955324447992425,1.2792397660818713,2.212719298245614,0.5352373957481539,0.44672116370767395,684
vote,political,IE,-0.016129622485538054,0.673681917512894,-0.033018985266604586,0.38856967778297874,1.317251461988304,2.2207602339181287,0.6051952152270625,0.43571385810752417,684
vote,political,IL,-0.033097616692678584,0.3930701792260188,-0.0434460686917496,0.2621515283768474,1.31437125748503,2.269461077844311,0.5584058965658902,0.4532028382256096,668
vote,political,IS,-0.011243670493683118,0.7696102128999337,-0.010031198065608773,0.7938614876815797,1.2657856093979443,2.2268722466960353,0.6241379993273689,0.43249997940405005,681
vote,political,IT,-0.02267369058180543,0.5579606234153645,-0.020046992731732834,0.6044675766933684,1.4119402985074627,2.228358208955224,0.6067685950755983,0.4375177878593617,670
vote,political,LT,-0.02724086534424089,0.47821305405324444,-0.03135219274412649,0.41435048509451194,1.4294117647058824,2.2323529411764707,0.5827816147282077,0.44965743022535976,680
vote,political,LV,0.056330137318148545,0.14168711494221942,0.04994236891661922,0.19268679274183836,1.4120234604105573,2.225806451612903,0.6264148832123065,0.43897124168932594,682
vote,political,ME,-0.03619979381909883,0.349136266802986,-0.035393539277137356,0.3599817334430361,1.195230998509687,2.195230998509687,0.42920394761651304,0.4395125169209581,671
vote,political,NL,-0.05135892798041998,0.1813178669203687,-0.04709990846058812,0.22029995719750234,1.2974963181148749,2.2297496318114876,0.6215236579847957,0.43477023640338314,679
vote,political,NO,0.02427649742674517,0.5267896851007259,0.016328851907599293,0.670343787865678,1.3064516129032258,2.1847507331378297,0.6581150639893231,0.4032201652341362,682
vote,political,PL,-0.012145391632998178,0.7520718548626864,-0.018106152112555427,0.637660235219609,1.1973490427098674,2.2061855670103094,0.47590192012274535,0.41564894106717104,679
vote,political,PT,-0.0294372881558204,0.4451347713468184,-0.030368679756915793,0.4308600504778185,1.3466666666666667,2.214814814814815,0.5827388520880838,0.4555165520121637,675
vote,political,RS,-0.04150656358800303,0.2840711801971142,-0.04799650577467713,0.21538480703073354,1.251497005988024,2.2380239520958085,0.47697903516928547,0.4534627583259241,668
vote,political,SE,-0.047520664539405705,0.21417564101864653,-0.046653597379745726,0.22266376503395938,1.1284671532846715,2.229197080291971,0.4404524695582757,0.4309245778605908,685
vote,political,SI,0.07191836464110134,0.0604984454541647,0.06999649119611387,0.06772151476627884,1.310850439882698,2.2111436950146626,0.5962433876406844,0.41906704981851717,682
vote,political,SK,0.09084310738974076,0.01739888575612378,0.08670956038035486,0.023235661907164522,1.2452554744525548,2.202919708029197,0.47878543994453426,0.43393035893939397,685
vote,political,UA,0.026806154287812037,0.4914507084244808,0.036783625043324705,0.3450502508157256,1.37821482602118,2.2027231467473527,0.5441789666270188,0.4486260140795124,661
actrolga,efficacy,AT,0.04245530459688518,0.27392069109361317,0.03434202552580397,0.3762321476875512,2.3363363363363363,3.7004504504504503,1.0539297465997963,0.9779446490670596,666
actrolga,efficacy,BE,0.0219744125910051,0.5670107722194057,0.02691911264461963,0.4831051378468963,2.1674008810572687,3.7966226138032306,1.0267856036304521,0.9897134404133969,681
actrolga,efficacy,BG,0.05375310154227159,0.16365277693040428,0.03819604383355252,0.3224625200297867,1.9227340267459139,3.7273402674591383,1.1636752695756687,0.9949402792848328,673
actrolga,efficacy,CH,0.11056843953002087,0.004025568122263842,0.10669551413383029,0.005523270100166281,2.3496296296296295,3.6948148148148148,1.1279346211135373,0.9817563228851662,675
actrolga,efficacy,CY,0.07757909265355316,0.045032381057860824,0.08394193841597497,0.030059590327664105,2.031437125748503,3.779940119760479,1.111706699020294,1.019047382423101,668
actrolga,efficacy,DE,0.0005449369468113001,0.9886914800934528,0.01646836609434632,0.6683854408012685,2.2901325478645065,3.7061855670103094,1.060029976805696,0.9739482797611937,679
actrolga,efficacy,EE,0.05241887308138417,0.17373709157765937,0.06319508544348572,0.10091093753977272,2.065185185185185,3.725925925925926,1.0386677239279896,0.9826358124480729,675
actrolga,efficacy,ES,0.046928607568295956,0.2223265166452642,0.03993104176278223,0.2991595853320426,1.8761061946902655,3.752212389380531,1.0324090371653345,0.9812659364987837,678
actrolga,efficacy,FI,0.02467154450724188,0.519163791240603,0.011549556461327373,0.762851177807792,2.4437956204379563,3.7912408759124085,1.0603749001783096,0.9479490366599329,685
actrolga,efficacy,FR,0.08116492846342832,0.03473533778436235,0.06447739118748733,0.09368022674515465,2.119645494830133,3.7466765140324965,1.1248331335278972,0.9886972348121077,677
actrolga,efficacy,GB,0.0790720272326184,0.04135316285886742,0.0853090685213193,0.027704338700785088,2.2162162162162162,3.7334834834834836,1.1244814108760588,1.029594648552671,666
actrolga,efficacy,GR,0.02940505030139333,0.44732994381887825,0.03199063308965131,0.40839442064745707,2.1507462686567163,3.7686567164179103,1.0430026125204441,0.968210553393324,670
actrolga,efficacy,HR,0.059678372716667594,0.12305629819562337,0.08820139097341269,0.022518068560306862,1.7877428998505231,3.724962630792227,1.0337562255196147,0.9814088645309329,669
actrolga,efficacy,HU,0.07903450562917257,0.03950586193100817,0.07250958058595644,0.058967880960813034,1.8865979381443299,3.691458026509573,0.9853409643285633,0.9799693395313286,679
actrolga,efficacy,IE,0.022108104416626796,0.5675366817389687,0.0386715047246544,0.3171942520242554,2.2295081967213113,3.6646795827123695,1.1174703159468111,1.0052495837043336,671
actrolga,efficacy,IL,0.07047885181146221,0.06911150823335113,0.06564724148479614,0.09049342219223515,2.1426426426426426,3.81006006006006,1.1758528812821236,0.9352918386552049,666
actrolga,efficacy,IS,0.003228372688073891,0.9328348537430373,-0.0040866098260915066,0.9150399323549532,2.652046783625731,3.789473684210526,1.095169170364703,0.9916815145229018,684
actrolga,efficacy,IT,-0.0027590582456666762,0.94308741200987,-0.0068210299150795505,0.8599057305342541,1.8616071428571428,3.6495535714285716,0.8804292614852455,0.9764132377414311,672
actrolga,efficacy,LT,-0.03667031631857544,0.34398891849093544,-0.022522087725139982,0.5611848231596911,1.9491017964071857,3.655688622754491,0.9904108918774025,1.0198982687557587,668
actrolga,efficacy,LV,0.02287625656473705,0.5562328162308403,0.020045950808244017,0.6061152490040316,1.5060240963855422,3.7424698795180724,0.7118644434468039,1.021608430326125,664
actrolga,efficacy,ME,-0.07623283467715625,0.05115987134213222,-0.06889671823155888,0.07806969907630877,2.0931297709923666,3.713740458015267,0.9280862918343994,1.0057756267846427,655
actrolga,efficacy,NL,0.035602139712772464,0.3532295310000837,0.04641441446267821,0.22606890868569066,2.1099706744868034,3.7331378299120233,1.095144938686441,0.9421061519452161,682
actrolga,efficacy,NO,0.025705137966160516,0.5030624288814269,0.03579934623350035,0.3509223740065164,2.6930983847283407,3.8362701908957417,1.078436751539429,0.9697590106073921,681
actrolga,efficacy,PL,0.10018771428200962,0.00956714711859985,0.08202817115906577,0.034033239687638855,2.1077844311377247,3.645209580838323,1.0157969087161305,0.9950512260767109,668
actrolga,efficacy,PT,0.10290201883625978,0.007241017016640829,0.10704658742316331,0.0052007253128185,1.7029411764705882,3.700735294117647,0.9799117191813218,0.9573755488885402,680
actrolga,efficacy,RS,0.010781448676361969,0.7818694994856306,-0.005024362733030839,0.897333795015774,1.904833836858006,3.7439577039274923,1.170104493647702,1.0036626049286124,662
actrolga,efficacy,SE,0.05488081107790912,0.15254040055624446,0.0544403838994495,0.1558647325485909,2.679882525697504,3.8230543318649044,1.0807230631020466,0.9651486071110569,681
actrolga,efficacy,SI,-0.0320727660054299,0.40860055261842665,-0.026034123335840414,0.5024030079077805,1.9744744744744744,3.635135135135135,0.9875663610069859,1.0066230584042046,666
actrolga,efficacy,SK,0.03136852915280029,0.41479710411929616,0.022364126710246637,0.5610214329556975,1.8554572271386431,3.6755162241887906,0.8913127492227471,1.014382225223867,678
actrolga,efficacy,UA,0.05062183233685086,0.19432928279854003,0.05669816433953979,0.14597270309619892,1.7450682852807284,3.6585735963581185,1.009959125182678,1.0297099210705063,659
cptppola,efficacy,AT,0.013923614681286974,0.7190353717928276,0.020624097656825296,0.5941018468480825,2.68955223880597,3.797761194029851,1.1975478593540263,0.935391688571103,670
cptppola,efficacy,BE,-0.001670961760677708,0.9652061769299203,0.008705072019940021,0.8202254060512519,2.0716374269005846,3.8077485380116958,1.0148889877783287,0.9321560931851924,684
cptppola,efficacy,BG,-0.04027573421620835,0.31671069130825225,-0.0311606914879585,0.4386249453181295,2.085483870967742,3.767741935483871,1.098147474315381,0.9383714269470411,620
cptppola,efficacy,CH,0.04082030386053036,0.2892331073135477,0.03558604207798356,0.3555814014602492,2.7159763313609466,3.815828402366864,1.0635144085609483,0.9090659725028105,676
cptppola,efficacy,CY,0.06248873750821707,0.10530368813065039,0.04170761629481951,0.27994275519370393,2.0787518573551265,3.7592867756315007,1.0984473292151014,0.9161290016678216,673
cptppola,efficacy,DE,-0.006667005101861008,0.8628352366774479,0.0014743121924138008,0.9695247563659971,2.664688427299703,3.8241839762611276,1.0430692398792933,0.9047635215875243,674
cptppola,efficacy,EE,-0.0021386223453204235,0.9557062507044175,0.0008683568378666304,0.9820074550695505,1.8847858197932053,3.843426883308715,0.9334460031224998,0.8986374050996686,677
cptppola,efficacy,ES,0.021909022012600466,0.5675956463510031,0.013979691196665645,0.7153371382098296,2.171303074670571,3.6888726207906295,1.1519189270355241,0.9238890704746621,683
cptppola,efficacy,FI,0.0512951332450554,0.1799356940338688,0.0565678434644689,0.13913961562590946,2.3401459854014597,3.8423357664233575,0.9776343818141108,0.8814795698853862,685
cptppola,efficacy,FR,0.06166602383920154,0.10892076832357075,0.06652770760261802,0.08368082872423413,2.2319054652880355,3.7666174298375186,1.006334112548886,0.9449535490871696,677
cptppola,efficacy,GB,0.01960683459331803,0.6134948154084974,0.0180721982809404,0.6415371429667825,2.2867867867867866,3.8273273273273274,1.0776078518140602,0.9594348607874322,666
cptppola,efficacy,GR,0.00847522693858077,0.8270570980692783,0.016175263651850597,0.6766845310316242,2.28335832083958,3.8320839580209896,1.0536973921559336,0.8803778564444042,667
cptppola,efficacy,HR,0.006429477409017467,0.8674811793971509,0.0312545747253533,0.4171858014005515,1.8150887573964498,3.7226331360946747,0.9411467352627001,0.9374857731406452,676
cptppola,efficacy,HU,0.026367850671348704,0.4937135549717321,0.028012997360308732,0.4671446650054055,1.856508875739645,3.73594674556213,0.9530313126461624,0.9365946940184249,676
cptppola,efficacy,IE,0.04169996956144954,0.27753477475870975,0.042746330780925844,0.26564574386088635,2.2044117647058825,3.8147058823529414,1.107337134642515,0.9171520088453806,680
cptppola,efficacy,IL,-0.009601707583701078,0.804651867183816,-0.012808457813369792,0.7414451763388744,2.1366366366366365,3.8671171171171173,1.184210701929987,0.9135486989540836,666
cptppola,efficacy,IS,0.03579526059469307,0.35062265613492943,0.04137945289738946,0.28053882871507274,2.7565982404692084,3.8687683284457477,1.0150087403093573,0.8978721504343158,682
cptppola,efficacy,IT,0.044720495788625296,0.2501846722776097,0.03517960303941242,0.36578189031981273,2.055806938159879,3.7096530920060333,0.8629107833795074,0.988115344407584,663
cptppola,efficacy,LT,0.09360319404246044,0.015597288573973104,0.10717772809845164,0.005591845243795995,1.944527736131934,3.760119940029985,0.957777963822151,0.9567361860706081,667
cptppola,efficacy,LV,-0.021194837591573933,0.5842128325556221,-0.017975308439527382,0.6425760931186805,1.5500747384155455,3.7399103139013454,0.8240150137641918,0.9674681404174534,669
cptppola,efficacy,ME,-0.004085549070597021,0.9170090652129175,0.009713283105981638,0.8043338710243839,2.1562021439509955,3.7304747320061256,1.0242963927396431,0.9193418832024582,653
cptppola,efficacy,NL,0.022071343260208307,0.564442874641029,0.003235674580442289,0.9326833002278043,2.128654970760234,3.7953216374269005,1.082726320396843,0.8584648947166437,684
cptppola,efficacy,NO,-0.0017791765022001909,0.9629544282561708,0.012257329354086363,0.7489710220785317,2.690058479532164,3.89546783625731,1.0647365085281462,0.8971860599656994,684
cptppola,efficacy,PL,-0.021027632239646293,0.5852261252780429,-0.03426702400940971,0.37370486493601357,1.9511834319526626,3.835059171597633,0.9280717191750327,0.9066495894087288,676
cptppola,efficacy,PT,0.05771474718823992,0.13213944759810128,0.05839075318188675,0.12766246202027945,1.7096774193548387,3.775659824046921,0.94838616228976,0.9411274778858001,682
cptppola,efficacy,RS,-0.03699256177791806,0.34415434998628397,-0.0328579561619593,0.40079840918157994,1.891768292682927,3.7271341463414633,1.1413903058109518,0.9536246738725392,656
cptppola,efficacy,SE,-0.005242339935155266,0.8917023160373149,0.006840620490290323,0.858989371989132,2.691285081240768,3.8766617429837518,1.07174481831764,0.8629892108343442,677
cptppola,efficacy,SI,0.030986018232378048,0.42293055045368483,0.04467875153284944,0.24777816586994172,1.9821162444113263,3.7816691505216093,0.966440920149137,0.940993862139495,671
cptppola,efficacy,SK,0.012130739637880621,0.7525382794749519,0.013269504442138525,0.730173510673156,1.612094395280236,3.671828908554572,0.867074425307997,0.9396343706973754,678
cptppola,efficacy,UA,-0.034350591723943086,0.3739634697907394,-0.025218622867925557,0.5139960396474591,1.7172619047619047,3.7239583333333335,1.0432379391929856,0.975133657263489,672
trstprl,inst_trust,AT,-0.014929202242676042,0.6982010266434612,-0.017157852565801573,0.6558559967574354,5.100443131462334,6.270457902511079,2.473878284766869,1.854113114376438,677
trstprl,inst_trust,BE,0.008247117146572154,0.8316413224441541,-0.0028267068771458126,0.9419121802489593,4.695652173913044,6.218140929535233,2.2928330009241074,1.8567102938380504,667
trstprl,inst_trust,BG,0.001961202496384467,0.9593174125007451,0.002608488430414265,0.9459083043103045,2.5110456553755522,5.4969072164948445,2.159450368992675,2.0105780385005323,679
trstprl,inst_trust,CH,0.04032744476700232,0.3005408952821075,0.037218883032700927,0.3393681612935454,6.481089258698941,6.422844175491679,1.8833455144686804,1.7901519543383257,661
trstprl,inst_trust,CY,-0.02825367330291353,0.4633252242048979,-0.03005014621503151,0.4353708536584296,3.93491124260355,6.082100591715976,2.4510424372392023,2.0834065470370122,676
trstprl,inst_trust,DE,0.012453477019182549,0.7459965342574347,0.013976383000835998,0.716202936534609,5.151693667157585,6.0058910162002945,2.6327233766573697,1.8755987975742427,679
trstprl,inst_trust,EE,-0.023780963537967506,0.5382824233098684,-0.02693493245368371,0.4857653632151676,4.717261904761905,6.21860119047619,2.5828390904911678,1.7873781200802614,672
trstprl,inst_trust,ES,0.014275044253149993,0.7130802160787284,0.01062011083186435,0.7844183099814556,4.304804804804805,5.90990990990991,2.6383877010571553,2.0597447081005607,666
trstprl,inst_trust,FI,-0.049425467908232844,0.19667989724334095,-0.05348783862655613,0.16231427445542057,6.593567251461988,6.230409356725145,2.009862831907712,1.7737584012082048,684
trstprl,inst_trust,FR,0.03480609559360292,0.367657276973822,0.04407331539863116,0.25389558859181266,4.279761904761905,6.023214285714285,2.5028760690149308,1.9132130795714586,672
trstprl,inst_trust,GB,0.003018334160811441,0.9381218505275454,-0.004807102450727826,0.9016021510630932,3.5813253012048194,6.007530120481928,2.570164244546271,1.9429892340143349,664
trstprl,inst_trust,GR,-0.060560392535749345,0.11355474792297336,-0.07196820034396458,0.05994336531445035,3.1564327485380117,6.030555555555555,2.1387663881577557,1.9269649281683252,684
trstprl,inst_trust,HR,0.03227854286454335,0.40348388105641786,0.04669686199021514,0.22669092268142188,2.9404761904761907,5.823958333333333,2.488608636823257,1.9027332567255395,672
trstprl,inst_trust,HU,0.0532330722616436,0.1680899189073193,0.04577708337170017,0.23598198936305234,4.563988095238095,5.7334821428571425,2.905169992513696,2.0681160032646466,672
trstprl,inst_trust,IE,0.005128491755661679,0.8954553989682582,0.008011557944557322,0.8373553124394881,5.063732928679818,6.148103186646434,2.3446645170602705,1.8806021189400661,659
trstprl,inst_trust,IL,0.11504841225381994,0.003145817827207701,0.10212906527169555,0.008802233708541924,3.8234398782343986,6.189802130898022,2.713875543622654,2.04381938394829,657
trstprl,inst_trust,IS,0.09012615979922843,0.018827507814898583,0.07951802303401322,0.03831074954951518,5.547864506627393,6.088365243004418,2.2998635343427924,1.9370925531879286,679
trstprl,inst_trust,IT,0.03017861499979497,0.43512190279538254,0.01916928517399691,0.6201240686718715,4.432190760059613,5.984202682563338,2.3767105951521583,1.9140301111323068,671
trstprl,inst_trust,LT,-0.021376262969162407,0.5784564170599851,-0.020420819307933245,0.5955571477932453,3.725663716814159,6.09070796460177,2.533956525681425,1.846931048695814,678
trstprl,inst_trust,LV,0.09573326616490058,0.01331070194934442,0.1021586573035345,0.00823371524579424,3.0973053892215567,6.11751497005988,2.3952336321274927,1.9023874666425946,668
trstprl,inst_trust,ME,0.042370086951861646,0.2738033430409801,0.04715208969490199,0.2232288301613712,4.203288490284006,5.783258594917788,2.4101683188797,2.0109328786187763,669
trstprl,inst_trust,NL,-0.026057773693105517,0.4984915737735817,-0.028639168862053553,0.45691004888889636,5.2437223042836045,6.391875923190547,2.1125105720099615,1.7886581023402373,677
trstprl,inst_trust,NO,0.03749554296630195,0.3278430254463583,0.02537603502602876,0.5079225298435339,6.483162518301611,6.239385065885798,2.351936984513174,1.7724721960633687,683
trstprl,inst_trust,PL,-0.0023974916783383207,0.9507572454781824,0.004876405250718347,0.9000409485602886,3.9324324324324325,5.8602102102102105,2.6007400506811966,1.9994343450351455,666
trstprl,inst_trust,PT,-0.0024327769009013143,0.9499582993769092,-0.0015740790062462632,0.9676092049503932,4.381736526946108,5.836077844311378,2.6334422851675443,1.942309064921519,668
trstprl,inst_trust,RS,0.011625108611168831,0.7701757706277761,0.015501815117271441,0.6968479780773494,4.170347003154574,5.605047318611988,3.0894005522064676,2.012623608434177,634
trstprl,inst_trust,SE,0.03449460266299455,0.3691207426992369,0.02621491674637079,0.4949474970479457,6.277941176470589,6.218823529411765,2.2147148533524312,1.8187288844857912,680
trstprl,inst_trust,SI,-0.00462415517128673,0.9046902226997803,-0.007958658194037087,0.8367245896233065,4.188707280832095,6.024962852897474,2.472176773414355,1.974751575722987,673
trstprl,inst_trust,SK,-0.05525096947616934,0.14978832845828985,-0.05463782708493855,0.15436771581576378,4.118942731277533,5.800293685756241,2.7821293259698323,2.0303360853573453,681
trstprl,inst_trust,UA,0.05361889850681449,0.16724985076471285,0.0518445455591582,0.1817687024637467,2.2285714285714286,4.963157894736842,2.570469796395679,2.2247401934484303,665
trstplt,inst_trust,AT,0.029370299195807283,0.44515921726114793,0.02109973851647477,0.5833819811181103,3.646017699115044,5.420353982300885,2.482150235166556,1.9022644963951687,678
trstplt,inst_trust,BE,0.025163088618043828,0.5139833171077116,0.018682938341664946,0.6280029544213761,4.124444444444444,5.233185185185185,2.231932625397228,1.9288211725059423,675
trstplt,inst_trust,BG,-0.05104263122190588,0.1840244259416479,-0.04559537509624669,0.2354109363389964,2.2150220913107512,4.9908689248895435,2.0747842673753873,2.115082579381296,679
trstplt,inst_trust,CH,0.06599100522948476,0.08929700617103292,0.06491488875065976,0.09465235010925642,5.605421686746988,5.382379518072288,1.9139168346525357,1.908140788179293,664
trstplt,inst_trust,CY,-0.004480467123892043,0.9075013412092718,0.018932030849025564,0.623425774679287,2.6814814814814816,5.315851851851852,2.256713859990489,2.1411679004738424,675
trstplt,inst_trust,DE,-0.0005337320459470735,0.9889076295208218,0.0077758275568194386,0.8394882600177674,4.070484581497797,5.3252569750367105,2.346654922151738,1.8931010895716336,681
trstplt,inst_trust,EE,-0.016469985195101036,0.669047147779185,-0.022538984306900302,0.5585454438342538,3.600591715976331,5.27810650887574,2.323522155028665,1.9244685563018713,676
trstplt,inst_trust,ES,0.05237650613862138,0.17186113402695463,0.041343584762501856,0.2809563298412552,2.7448680351906156,5.053225806451613,2.36208643619275,2.0576557035757626,682
trstplt,inst_trust,FI,0.04108564912510233,0.2829105937028268,0.045026252508097275,0.23923763200658707,5.38978102189781,5.327299270072992,2.0243143619974178,1.9777488471521725,685
trstplt,inst_trust,FR,0.0173599157089579,0.651586863583571,0.020498377671781736,0.5938875409668872,3.901325478645066,5.29941089837997,2.1692367807633515,1.9489501615211815,679
trstplt,inst_trust,GB,0.027294591940927326,0.4799574321729368,0.04640240580079585,0.2296365773638972,2.9166666666666665,5.265476190476191,2.317346410549754,1.9501381538507452,672
trstplt,inst_trust,GR,0.0718706313498922,0.06162562827678138,0.06670715360501249,0.08284835640640728,2.6809453471196454,5.203397341211225,2.0765969099222374,1.9747526944689673,677
trstplt,inst_trust,HR,0.022899111120235644,0.5516865325335346,0.03023666417617691,0.43184269647281814,2.0722713864306783,5.149262536873156,2.176637977111622,2.133316857450223,678
trstplt,inst_trust,HU,-0.05846150849553195,0.12889215710720936,-0.04630567472838999,0.229222365081896,4.072485207100592,4.890828402366864,2.688093975664368,2.156472818385744,676
trstplt,inst_trust,IE,0.010872038416805178,0.7795967885489264,0.015241609182183143,0.6948160456214849,4.297744360902255,5.24390977443609,2.4063941606139627,1.9229894188736711,665
trstplt,inst_trust,IL,0.04298322564257045,0.26907803397751545,0.04311852729750906,0.2675724147000732,3.2458521870286576,5.29788838612368,2.4968034226972375,2.1485177366884627,663
trstplt,inst_trust,IS,0.078692342439735,0.04141968778486668,0.05580282475451538,0.14845577090770698,4.788690476190476,5.225744047619047,2.200119915313061,2.054330828631735,672
trstplt,inst_trust,IT,-0.049922236899258454,0.1951748180305808,-0.03957318644772729,0.3045908948435036,3.3925925925925924,5.514518518518518,2.3216702530807436,1.9310049191552972,675
trstplt,inst_trust,LT,-0.02124595113826433,0.5816164466005993,-0.021739951939862723,0.5728628209766347,3.474074074074074,5.081037037037037,2.3047803168729444,2.043146346734659,675
trstplt,inst_trust,LV,-0.03510865036854076,0.36675014990168914,-0.03183408264345108,0.4131575616019862,2.616892911010558,5.245550527903469,2.2063800647271083,2.0130482117439743,663
trstplt,inst_trust,ME,-0.04842226170463116,0.2092907247011643,-0.061395203647067076,0.11128226490597926,3.6899109792284865,5.003560830860534,2.2457459850149193,2.095460122815265,674
trstplt,inst_trust,NL,-0.03804803201297708,0.3239819922931788,-0.02808845595386615,0.46660819405633897,4.84272997032641,5.393471810089021,2.040936684722716,1.8176496735501309,674
trstplt,inst_trust,NO,0.08883491178637634,0.020326362500124075,0.05407500885606956,0.15835740139100402,5.277126099706745,5.374633431085044,2.0588347527525355,1.8602145512646693,682
trstplt,inst_trust,PL,0.017719281335322183,0.6478135503568602,0.018538298481353743,0.632707504142074,2.8530734632683656,4.9745127436281855,2.3280510348188614,2.034775266546128,667
trstplt,inst_trust,PT,-0.010989521172649999,0.7751611200520989,-0.012801366261340234,0.7393410541957939,2.8731563421828907,5.284660766961652,2.3582694771328736,1.9617315445405616,678
trstplt,inst_trust,RS,0.010235277815778387,0.7945136257294485,-0.00689912471032748,0.8606416803157317,2.8815384615384616,5.164461538461539,2.847938313445942,2.2076101258378458,650
trstplt,inst_trust,SE,0.035464752781435536,0.35615578817512966,0.036418325716409204,0.3433631491698436,4.865979381443299,5.270839469808542,1.996606310877584,2.0235204804891427,679
trstplt,inst_trust,SI,0.027308395278798626,0.47973528549441763,0.024489106520613074,0.5262483157594574,3.21875,5.292261904761905,2.285457084142585,2.0210220673162818,672
trstplt,inst_trust,SK,-0.007347076932568246,0.8482282734999769,-0.0064921875640868865,0.8657097117919528,3.857562408223201,5.018942731277533,2.628235695849541,2.129555890861685,681
trstplt,inst_trust,UA,-0.0461373505366438,0.23371136559027142,-0.03863400592986256,0.31875241781513625,2.0104790419161676,4.820958083832336,2.330595231479157,2.2189745280785425,668
trstlgl,inst_trust,AT,0.04148098938974119,0.2804231514039735,0.04329349695923231,0.2599219906919952,6.633284241531665,6.5893961708394695,2.330915659439005,1.7292314406306495,679
trstlgl,inst_trust,BE,0.02426261366929169,0.5288560714742083,0.015122853059927971,0.6946969781778944,5.355029585798817,6.533431952662722,2.459386523748851,1.8043668994844957,676
trstlgl,inst_trust,BG,0.03511478284423168,0.3670294242415266,0.04251443235800278,0.2747031052160753,3.8549848942598186,5.998640483383685,2.9189968200522163,1.9596260628639695,662
trstlgl,inst_trust,CH,0.05145633968935649,0.1844042295312938,0.03021318945687088,0.43597355399758125,6.938530734632684,6.962368815592203,1.97904933653923,1.6433803226252401,667
trstlgl,inst_trust,CY,0.04865733568307913,0.20810289975447874,0.052726561743586524,0.17250027353651817,4.362146050670641,6.528166915052161,2.6516675996878605,1.8353240574836855,671
trstlgl,inst_trust,DE,0.02140247453740795,0.5774281799523564,0.0026879783101873824,0.9442214640845545,6.326470588235294,6.656176470588236,2.348039488485476,1.7357770682515477,680
trstlgl,inst_trust,EE,0.061989277862046596,0.10864818978282996,0.050884013395621625,0.1880136834404975,6.330849478390462,6.514456035767511,2.457565661137453,1.686013480786147,671
trstlgl,inst_trust,ES,-0.022635611989187166,0.5574461598706721,-0.03019888276473746,0.4337845895106007,5.301186943620178,6.390207715133531,2.621167420922754,1.8810841342003788,674
trstlgl,inst_trust,FI,0.024320116521333625,0.526047072102332,0.0468605286445342,0.22163374974208766,7.478005865102639,6.621994134897361,1.8804856466401407,1.7348082316362583,682
trstlgl,inst_trust,FR,0.024358802073956826,0.5259990519942699,0.02924915975096016,0.44636776854375426,5.29264705882353,6.446617647058823,2.446109361674103,1.8073944910359638,680
trstlgl,inst_trust,GB,0.06844034315890764,0.07778927808604291,0.06372063872086703,0.1006357545693452,5.527819548872181,6.468270676691729,2.5340260772453456,1.819572516689362,665
trstlgl,inst_trust,GR,0.028180098799564,0.4625082874121968,0.03457229424604191,0.36733675217598016,5.2404692082111435,6.376246334310851,2.5374039046649175,1.792722763133341,682
trstlgl,inst_trust,HR,0.02393846677614964,0.535289428696344,0.03687541244404428,0.339487948455725,3.176820208023774,6.467904903417533,2.460388082545899,1.80698328990359,673
trstlgl,inst_trust,HU,-0.05108068641847973,0.18499845521600325,-0.04240060970866135,0.2713089620544846,5.376296296296296,6.166666666666667,2.7883875190849343,1.827436790302726,675
trstlgl,inst_trust,IE,-0.020705068609119064,0.5937645822207226,-0.02653605945237955,0.49419657722739685,5.696696696696697,6.35900900900901,2.4293731153185756,1.8529354666387434,666
trstlgl,inst_trust,IL,0.07842219809745253,0.04401098408296366,0.06175876218450754,0.11293973028034822,4.509090909090909,6.49939393939394,2.8473946386908335,1.9007544854409153,660
trstlgl,inst_trust,IS,0.035420617157696524,0.3571107277571487,0.004476058262131474,0.9073869952000815,6.182890855457227,6.466961651917403,2.1948380201951343,1.8087347320366933,678
trstlgl,inst_trust,IT,0.05226467398129448,0.1746876835726338,0.040092945825259546,0.29791919926906857,5.522189349112426,6.557840236686391,2.2993291001421405,1.70965382969794,676
trstlgl,inst_trust,LT,0.04177054264641612,0.2824675559503967,0.03320194784800329,0.393006451545721,5.305722891566265,6.451807228915663,2.506985189543673,1.8304273546474004,664
trstlgl,inst_trust,LV,0.02919026740540383,0.46813329019036587,0.03226188063941947,0.4226096422258519,4.035483870967742,6.234354838709677,2.609544849437484,1.8460621505103296,620
trstlgl,inst_trust,ME,-0.05335986502982941,0.16867119614125956,-0.04592960998882212,0.23617795362969263,4.331334332833583,6.239880059970015,2.206928454179595,1.8783015738718865,667
trstlgl,inst_trust,NL,0.012167308383311483,0.7521723522695383,0.00752760482447156,0.8451124743054031,6.421597633136095,6.836242603550296,2.0615868302358256,1.6106414899674202,676
trstlgl,inst_trust,NO,0.08040486189166719,0.03606093951585184,0.09050479384144064,0.018246364008773896,7.488235294117647,6.423823529411766,1.9984920244158635,1.82838608296236,680
trstlgl,inst_trust,PL,0.04517027987254465,0.24616355100727258,0.05894342558956857,0.13005655339894642,4.075642965204236,6.246596066565809,2.4821233126095246,1.9131620823279014,661
trstlgl,inst_trust,PT,0.024203671754079965,0.5341660043097969,0.027134425797772116,0.48582760666905145,4.425981873111782,6.3188821752265865,2.4482149821376398,1.888661114669877,662
trstlgl,inst_trust,RS,0.10934563379539197,0.005545851888586049,0.10954317670515624,0.005460529269062971,4.188473520249222,6.076479750778816,3.0169036787126666,1.906992978985036,642
trstlgl,inst_trust,SE,-0.04461701991252394,0.24949710666859046,-0.05129211525920749,0.1854800522623367,6.609281437125748,6.55434131736527,2.154811378426528,1.763972878224579,668
trstlgl,inst_trust,SI,0.044570936701631696,0.2492765221971335,0.03862029777704524,0.3181981986283986,4.798507462686567,6.611194029850746,2.550476524971075,1.692454919450994,670
trstlgl,inst_trust,SK,0.05011290768897784,0.1921527611497743,0.04483572613429976,0.24331261712153437,5.014727540500736,6.261855670103092,2.7474452398565314,1.905558575211724,679
trstlgl,inst_trust,UA,-0.012573364199365613,0.7503176043720092,-0.022389083368558788,0.5709205236955499,2.56298600311042,5.426283048211509,2.6322345987145264,2.0903225378592376,643
trstprt,inst_trust,AT,0.016557007594284284,0.6667076441505327,0.021101969355568188,0.5830636006114026,3.577319587628866,5.278645066273932,2.414829651201255,1.9430081722208654,679
trstprt,inst_trust,BE,-0.05003356613610075,0.19618079011203346,-0.037969839985961804,0.3267859561224599,3.9312406576980568,5.304932735426009,2.1440759040706405,1.9867803076781505,669
trstprt,inst_trust,BG,-0.06772763154702555,0.07824072544564131,-0.06075566282200196,0.11425508642145343,2.3057607090103396,5.0051698670605616,2.13234721257182,2.135371281778259,677
trstprt,inst_trust,CH,0.09345331004730258,0.016737825739230956,0.08245759229861727,0.03486717391653206,5.357251908396947,5.349618320610687,1.884429623321728,1.9786619380549237,655
trstprt,inst_trust,CY,0.023085892008039934,0.5490380506968053,0.0384088201263908,0.31869212662131224,2.497041420118343,5.318934911242604,2.210075944007769,2.2514185267124023,676
trstprt,inst_trust,DE,-0.013260346354300293,0.7311210137991712,-0.01414487918146099,0.7139479002410304,4.0207715133531154,5.209347181008902,2.209566260413475,1.9946030871142686,674
trstprt,inst_trust,EE,0.03944258974662209,0.30763371753299784,0.04052947258947119,0.29448415057247873,3.7078986587183307,5.398360655737705,2.1999824073614067,1.9192070022523613,671
trstprt,inst_trust,ES,0.05136981639278665,0.18122522222909954,0.04860876333256214,0.20585584322861936,2.7378497790868925,5.148159057437408,2.380270819684288,2.1733214791994193,679
trstprt,inst_trust,FI,0.04941395455562146,0.1971131218525748,0.06197996047356247,0.10557854393631622,5.46705710102489,5.4840409956076135,1.8961331173700537,2.046797099816775,683
trstprt,inst_trust,FR,-0.06801117180344536,0.07743746629764686,-0.05945560831084793,0.12278119273884264,3.466666666666667,5.190814814814815,2.1195710892475126,2.071905848603533,675
trstprt,inst_trust,GB,0.027150230124628503,0.4839241868835731,0.03991855546053427,0.3032791069017277,3.076461769115442,5.246176911544228,2.332400215535082,2.0070138842115854,667
trstprt,inst_trust,GR,0.0839219591521594,0.028184958343521044,0.0638415042825824,0.09525216705615494,2.7850877192982457,5.036988304093567,2.135733728124317,2.042496604779676,684
trstprt,inst_trust,HR,0.061164048055504655,0.11130730980695873,0.05429811209796457,0.15756287618698653,2.157584683357879,5.161855670103092,2.2347940581013135,2.1697443747373857,679
trstprt,inst_trust,HU,-0.004173424676507052,0.9137508240569996,-0.021001331299309835,0.5856956139884347,4.047337278106509,4.725591715976331,2.6174585375330364,2.1453644301708708,676
trstprt,inst_trust,IE,-0.005861417748813669,0.8804390628633022,0.010472767360279984,0.7881207169745106,4.190620272314675,5.231467473524962,2.3380845066279927,1.9640656181374176,661
trstprt,inst_trust,IL,0.09353653204425191,0.016229481021449402,0.08884326128899701,0.022453151738700952,3.389393939393939,5.364393939393939,2.3730037557596497,2.290580188238179,660
trstprt,inst_trust,IS,0.07858256588819178,0.04185802119552238,0.07077352200454946,0.06692556458911945,4.666169895678093,5.065871833084947,2.223759777316736,2.1135273144489664,671
trstprt,inst_trust,IT,0.04084660082447468,0.2896393948760605,0.03991422487032594,0.30079854131295936,3.3961424332344214,5.333086053412463,2.3336895550959125,2.049271309264127,674
trstprt,inst_trust,LT,0.08446787881778499,0.029527265193807543,0.07458925791949585,0.0547208649017494,3.335843373493976,5.063855421686746,2.2492187105771464,2.1574916060897285,664
trstprt,inst_trust,LV,0.03846254511792371,0.32605022728547917,0.042093531106880244,0.2824226995238625,2.481651376146789,5.165902140672783,2.1953869973578892,2.171600639628573,654
trstprt,inst_trust,ME,0.0064636141095083454,0.8664905397147227,0.01354419266769227,0.7246167183782284,3.8512518409425627,4.878055964653903,2.3322721257051033,2.2095805852344577,679
trstprt,inst_trust,NL,0.05525202736568054,0.1512898351482252,0.051529284265384716,0.18084069690132795,5.0014792899408285,5.478254437869823,1.9463159960827263,1.9413894757742307,676
trstprt,inst_trust,NO,-0.00979863621636756,0.7982463855785709,-0.00608500977740949,0.8738757241800152,5.4568081991215225,5.294143484626647,1.9515674735762905,1.8918394646552694,683
trstprt,inst_trust,PL,-0.0006002412910183522,0.9877200453465398,-0.009252872890181738,0.8124511465927058,2.8848484848484848,4.776515151515151,2.324001730588029,2.159134171733082,660
trstprt,inst_trust,PT,0.02818497979902981,0.46507755651030774,0.028735761173108495,0.4563969875543674,2.8456973293768546,5.001780415430267,2.3205114599465415,2.0466178614677624,674
trstprt,inst_trust,RS,0.0031970416488962088,0.9353119022242543,-0.004072732203842293,0.9176495474749924,2.7975270479134466,4.963523956723338,2.745803452452392,2.2609620015411145,647
trstprt,inst_trust,SE,-0.0015312276540562992,0.9682313147747196,-0.011799316293569246,0.7589146301133174,4.974963181148748,5.4698085419734905,1.9629963153405567,1.969281450762259,679
trstprt,inst_trust,SI,0.04820991158938594,0.21232036000134077,0.05611423072562185,0.14650203925440275,3.1997019374068554,5.1019374068554395,2.24978935676922,2.0289132012399653,671
trstprt,inst_trust,SK,0.0021480729847205204,0.955477784318981,-0.005124562532351236,0.8940429334807573,3.8952802359882006,4.815781710914454,2.6178471926959372,2.0805142017569316,678
trstprt,inst_trust,UA,0.014373401837662279,0.7111914859696902,0.005430177082238608,0.8887593598013483,1.957957957957958,4.337387387387387,2.3622414559003424,2.260806647598517,666
trstplc,inst_trust,AT,0.007402111441172503,0.8467718747157558,-0.0101077517761795,0.7918760506954035,7.35233918128655,6.60453216374269,2.178050445749879,1.6807740452989237,684
trstplc,inst_trust,BE,-0.031673610165304615,0.40820033411487094,-0.03536234817309358,0.3557765590379795,6.554093567251462,6.639766081871346,2.0933550791903484,1.6621434601876746,684
trstplc,inst_trust,BG,-0.004324428983519984,0.9107090335596979,-0.006485402418845258,0.8664376066765863,5.1466666666666665,6.336148148148148,2.8421582470868296,1.8081574080928153,675
trstplc,inst_trust,CH,0.11787428033789261,0.002062088799784958,0.1050690256224851,0.006061394688667979,7.343612334801762,6.8371512481644645,1.926439383046742,1.5653274762722031,681
trstplc,inst_trust,CY,0.016035524279718705,0.6766018520543666,0.01132248323038645,0.7683736520646373,5.082474226804123,6.516494845360826,2.569787430604729,1.8066638601132938,679
trstplc,inst_trust,DE,0.0783927682504718,0.04084246361982854,0.056722096384870024,0.13922322338727686,7.0881057268722465,6.719970631424376,2.114624725567603,1.5923938691260828,681
trstplc,inst_trust,EE,-0.039080891730358315,0.30921645515790364,-0.04795759896633411,0.21200286673523044,7.4977908689248896,6.68939617083947,2.125747026876995,1.6656000949058893,679
trstplc,inst_trust,ES,-0.02986533207166496,0.43515719962556804,-0.04238701075806769,0.2679283057981932,6.924087591240876,6.517372262773722,2.395186618968338,1.8025579899476905,685
trstplc,inst_trust,FI,-0.03701853283643943,0.33332920006613403,-0.033788330142214974,0.3772566612273743,8.364963503649635,6.599124087591242,1.4000621979122192,1.6722185925080086,685
trstplc,inst_trust,FR,0.07734734334376511,0.043306520421453894,0.07348130817988041,0.05492638118465807,6.547584187408492,6.333528550512444,2.1806949287557202,1.824339432210942,683
trstplc,inst_trust,GB,0.031749459573649434,0.40949784318871574,0.026807787554702197,0.48620716771246114,5.850812407680945,6.499261447562777,2.552969049212378,1.714172403143249,677
trstplc,inst_trust,GR,0.11031590608180367,0.003894794646353677,0.1103646409257402,0.003878943450477915,5.909224011713031,6.4568081991215225,2.4048984373011355,1.779780474236153,683
trstplc,inst_trust,HR,-0.004939750293937145,0.8976925854015857,-0.007317264307337503,0.8489467998309439,5.475,6.608529411764706,2.543748292491276,1.682496973810164,680
trstplc,inst_trust,HU,0.046520694834749486,0.2267204482293786,0.0639666431706912,0.0963144159084215,6.3412112259970455,6.392319054652881,2.5390967173837273,1.8030710402421894,677
trstplc,inst_trust,IE,0.013384556328137077,0.7285071722682555,0.014446649597179199,0.7079141916210645,6.534814814814815,6.595407407407407,2.3142994568640685,1.7270993173161269,675
trstplc,inst_trust,IL,0.11334978897455997,0.0034966902402664727,0.12092836716105455,0.001827168912958441,4.7024169184290034,6.464652567975832,2.806512884928297,1.8044711950130492,662
trstplc,inst_trust,IS,0.06823845383717533,0.07514924224383501,0.020525405366139136,0.5928553641575631,7.267254038179148,6.45418502202643,2.056324449770181,1.8208153363935395,681
trstplc,inst_trust,IT,-0.026615934572782694,0.4890120648299719,-0.01265530453047504,0.7422090312655303,6.707964601769912,6.692477876106195,2.041003963844513,1.6801173014053945,678
trstplc,inst_trust,LT,0.014972797527828586,0.69714994381432,0.009778881694300317,0.7993696409580962,6.871681415929204,6.529646017699116,2.341531863340674,1.7602261315066228,678
trstplc,inst_trust,LV,0.04632784780674639,0.2346104611241243,0.04109966445644533,0.2917394063844128,5.2318181818181815,6.42090909090909,2.5518988788712904,1.8162190606017916,660
trstplc,inst_trust,ME,-0.0286516577993436,0.45704762158376294,-0.04887630090145559,0.20437308849275276,5.390532544378698,6.28180473372781,2.1986188958775155,1.8060828077586206,676
trstplc,inst_trust,NL,0.019452771734484797,0.6144313774742378,-0.000601732146233895,0.9875684525145134,7.043090638930163,6.691381872213967,1.6482992549099345,1.6591601857901999,673
trstplc,inst_trust,NO,0.005586267388194519,0.8842216774968982,0.03557825431403647,0.353552799774715,7.642228739002933,6.508797653958944,1.9070561503332333,1.6742619361823188,682
trstplc,inst_trust,PL,-0.05782643883080119,0.13397404521653036,-0.05422169475735438,0.16000602874947797,5.1783060921248145,6.322734026745914,2.543257679907068,1.8175574634717895,673
trstplc,inst_trust,PT,0.05255439268071638,0.1719887043288599,0.034226940274341984,0.373909982408231,6.361890694239291,6.3612998522895134,2.3446832654440795,1.7729084085322504,677
trstplc,inst_trust,RS,0.049475778980127116,0.20428992809298058,0.05603438310966877,0.1504481037473225,5.265151515151516,6.164848484848485,3.0555301949338487,1.7792022580459022,660
trstplc,inst_trust,SE,0.016629431980593135,0.6648738380423214,-0.00011484870738190892,0.9976130654450229,7.101321585903084,6.46828193832599,2.007342701541125,1.7000064402420576,681
trstplc,inst_trust,SI,-0.013695293747290387,0.7212772957471663,0.0010857112948344523,0.9774383092407863,6.317180616740088,6.555212922173276,2.3983722993829097,1.774121155309052,681
trstplc,inst_trust,SK,0.14301698432791635,0.0001888198762952854,0.13930262478820332,0.0002773466691193963,5.654357459379616,6.397341211225997,2.7291760372771803,1.8342546065922907,677
trstplc,inst_trust,UA,0.019343004115788195,0.623620389516174,0.013736793827968705,0.7274783123025954,3.4071207430340555,5.524303405572756,2.8464386138291724,2.083984122799741,646
trstep,inst_trust,AT,-0.021092795973723624,0.5868687549119626,-0.01671354271249765,0.6667986433421328,4.208708708708708,6.032432432432432,2.64148212254855,1.9245776646207557,666
trstep,inst_trust,BE,-0.01990962185317684,0.6074860788945063,-0.026293695653001384,0.4975032783980256,4.681137724550898,5.95568862275449,2.4344732844924706,1.8632838381522927,668
trstep,inst_trust,BG,0.02300157218918082,0.5659920914095544,0.034431734723952785,0.39016123011400977,4.6016,6.022239999999999,2.828370011698774,2.028246394276947,625
trstep,inst_trust,CH,-0.043939318009644214,0.27349457523537085,-0.03741117041987997,0.35121628569685337,4.943820224719101,6.01123595505618,2.1446987315940005,1.9893613140414774,623
trstep,inst_trust,CY,0.03486452712020178,0.3811897435677481,0.024610698434681784,0.5365341918265912,4.60347551342812,6.02085308056872,2.596697133467741,2.03322277203515,633
trstep,inst_trust,DE,-0.027315426995632018,0.48126726586330043,-0.021778777303109773,0.5744718835695835,4.673163418290854,5.992353823088456,2.597859370922953,1.897291812813621,667
trstep,inst_trust,EE,0.006537507464562906,0.8690961840757185,-0.007336517298325733,0.8532684870218216,4.835423197492163,6.223040752351097,2.550500746763516,1.8565811918797157,638
trstep,inst_trust,ES,0.02463481724873433,0.5329197507703713,0.021319123365124107,0.5894674333187085,4.63452566096423,5.834836702954899,2.5756811186184865,1.975819423786222,643
trstep,inst_trust,FI,0.03173707975790878,0.41458320460922193,0.04106153722252729,0.2910893353420589,5.8521870286576165,5.829713423831071,2.0178636997049075,1.9627669620607773,663
trstep,inst_trust,FR,-0.03621863142943843,0.3565688971243671,-0.03277774122818978,0.4041190444889549,4.343076923076923,5.993846153846154,2.51849670417242,1.9160241419419655,650
trstep,inst_trust,GB,-0.023084310623439314,0.5754265998249538,-0.013271058883892458,0.7474851905021148,3.763113367174281,5.465482233502539,2.658161678840268,2.1277647368849957,591
trstep,inst_trust,GR,-0.00032000328166207796,0.9934133640057566,-0.007538807907281263,0.845797251575615,4.13622754491018,5.857784431137724,2.373202244999765,1.8920133255939329,668
trstep,inst_trust,HR,0.06288223382116404,0.10786573465369206,0.06458001231688314,0.09866481884947664,4.259541984732825,6.186106870229007,2.6364528408356147,1.9493994890135227,655
trstep,inst_trust,HU,-0.04390991916816912,0.2574445390731644,-0.03572344547238421,0.3569619478774451,4.718140929535233,5.755172413793103,2.5956218898607055,2.0779225791649756,667
trstep,inst_trust,IE,-0.026068978994589168,0.5153496811395882,-0.031244190250075674,0.435548945193605,5.2112,5.9911200000000004,2.3636271561592226,1.894130278734943,625
trstep,inst_trust,IL,0.034925088351828455,0.4069288216767415,0.028160473612884318,0.5037440227768765,2.8180212014134276,4.351060070671378,2.5577424309168695,2.679933417465599,566
trstep,inst_trust,IS,0.011144718162210484,0.7854683587050845,-0.021874265539691608,0.5931292482553342,5.737896494156928,5.633555926544241,2.1807341855280833,2.0964038032182466,599
trstep,inst_trust,IT,-0.0007081399080050585,0.985601234666335,-0.011897274941844109,0.7617250452829437,4.674846625766871,6.072239263803681,2.3315993616397828,1.8470001129721871,652
trstep,inst_trust,LT,0.044523387699729994,0.2633422248267051,0.05217947314013515,0.18982145759100763,4.955766192733018,6.133333333333333,2.5756778183089355,1.8727926528783438,633
trstep,inst_trust,LV,-0.00806255351626763,0.8419668036757583,-0.0064600332406318985,0.8730789625375596,4.127035830618892,6.117589576547231,2.616951642192142,1.9462055912002385,614
trstep,inst_trust,ME,-0.01426270791197658,0.7158079543997116,-0.001659256839837186,0.9662183050115434,5.603975535168196,5.756422018348624,2.3389732383051656,2.078883854852089,654
trstep,inst_trust,NL,-0.015725977972337334,0.6908450792127863,-0.03125033294949805,0.42925792012652975,5.113707165109035,6.050467289719625,2.2296748386329397,1.8635115476755018,642
trstep,inst_trust,NO,0.0038242269215578574,0.9252129359010538,0.010061665022167807,0.804924731257742,5.63305785123967,5.797685950413223,2.1035049759232294,1.97299515156449,605
trstep,inst_trust,PL,0.05956581365315709,0.13014206144467205,0.0586504780173312,0.13616030279461083,4.0092735703245745,5.790108191653786,2.656245738245513,2.067871841078345,647
trstep,inst_trust,PT,0.06362367217615124,0.10977709576236523,0.062312300019732314,0.11730898737448615,4.862559241706161,5.9399684044233805,2.618411760739546,1.927851660350608,633
trstep,inst_trust,RS,-0.039848044016618615,0.32622958374453137,-0.06068500243374265,0.13468438579327424,2.7389162561576357,5.74367816091954,2.7955226434216787,2.0723104640490377,609
trstep,inst_trust,SE,-0.03139032694301426,0.4297337144011339,-0.04367921308702768,0.27175174886705894,5.253543307086614,5.982992125984252,2.1358364549001703,1.9094057059148466,635
trstep,inst_trust,SI,-0.02217286768990461,0.5719707047727378,-0.02203500097626896,0.5743635953611507,4.567484662576687,6.0926380368098165,2.5628896765932114,1.8320766517885394,652
trstep,inst_trust,SK,0.029965001467450018,0.4407885338485041,0.025676016705140733,0.5089413889583112,4.40210843373494,5.845632530120482,2.93304804116022,2.028755324434502,664
trstep,inst_trust,UA,0.009511613296907527,0.8141923303045091,-0.0009800182453503067,0.9806814380733058,4.205546492659054,5.54274061990212,3.131147845952139,2.2008688850721434,613
trstun,inst_trust,AT,0.0027146691316056806,0.9453540501207036,0.0007910676326993725,0.9840645243663042,4.821875,6.5315625000000015,2.6571702240116313,1.756901186784617,640
trstun,inst_trust,BE,-0.008382608241292075,0.8295526628454808,-0.0026678841383800996,0.9453769936481529,5.327794561933535,6.522960725075529,2.3588339705340156,1.8043111076922633,662
trstun,inst_trust,BG,0.04528076308855246,0.27462436707537585,0.03871187607709061,0.3503758710949494,4.825342465753424,6.325856164383562,2.842396776761983,2.0008829834374673,584
trstun,inst_trust,CH,-0.01069457722219387,0.7876245923551133,-0.01016331390714828,0.7979406088304798,5.282574568288854,6.531868131868131,2.287213767949032,1.7507334837179322,637
trstun,inst_trust,CY,0.06036618959263833,0.12216005508141493,0.04145333604703218,0.2887057555539728,4.147640791476408,6.603348554033485,2.5953402319451357,1.8280056410612406,657
trstun,inst_trust,DE,0.01769906916203743,0.6504190406228885,0.00252061492387271,0.9485444415387984,5.0349544072948325,6.308662613981763,2.463182794762568,1.8643824180573838,658
trstun,inst_trust,EE,0.03931996555957728,0.3314939243320822,0.0518428243456286,0.200277973397629,4.741830065359477,6.32124183006536,2.649524908877196,1.8578113305139043,612
trstun,inst_trust,ES,0.004838448670961926,0.9026162467808071,0.007689065342917789,0.8458262190886449,4.900311526479751,6.30404984423676,2.6770008883364205,1.9462871050211432,642
trstun,inst_trust,FI,0.011115186414585043,0.7749642947427916,0.006536412217582938,0.866492019097312,6.453313253012048,6.488403614457831,2.1095747789254573,1.7683068346827453,664
trstun,inst_trust,FR,-0.001385859725423325,0.97206483085379,0.004077683735338349,0.9179331052583519,5.195007800312013,6.544929797191888,2.4330485073260584,1.8610925982138462,641
trstun,inst_trust,GB,0.03321548150769483,0.42024426096556233,0.030496600872534214,0.45930613596559744,4.9120135363790185,6.411421319796954,2.68499430416077,1.8500047668703454,591
trstun,inst_trust,GR,0.03443128403219243,0.38081306042490254,0.02357395276312293,0.5485417110948626,4.212307692307692,6.387692307692308,2.4206041403767675,1.7821670723438339,650
trstun,inst_trust,HR,0.04775903778403613,0.2225703843470199,0.05000588610043228,0.20154066984802008,4.724770642201835,6.566972477064219,2.8758003654822257,1.8091339655243233,654
trstun,inst_trust,HU,0.029665233277189316,0.45198633573954095,0.032797548754068956,0.4056559582294468,5.288372093023256,6.185736434108526,2.4823484893991967,1.9516153427233307,645
trstun,inst_trust,IE,-0.004253837450274037,0.9166342674244978,0.00017199885695039365,0.9966230745227731,5.434210526315789,6.310197368421053,2.4215426690324966,1.8859476777006208,608
trstun,inst_trust,IL,0.022774458924349532,0.565222597243617,0.024697920055118623,0.5328330640529659,2.1875,6.344687500000001,2.487370289003346,2.014937153654386,640
trstun,inst_trust,IS,0.04787355968890369,0.2218168723945848,-0.005386098021837655,0.8907360378217362,6.32312404287902,6.524349157733537,2.2198286657176745,1.8251493124868503,653
trstun,inst_trust,IT,-0.02172348618003131,0.5824255789023765,-0.00814671941212027,0.8366491738135899,4.964230171073095,6.353810264385692,2.371355966167526,1.7677264931539969,643
trstun,inst_trust,LT,0.02276214097015658,0.5791683276321745,0.02587924590958713,0.528320297788361,5.026845637583893,6.263926174496644,2.6062531364827777,1.9343226346824451,596
trstun,inst_trust,LV,0.01763067847515645,0.6769042000094455,0.010476072362428512,0.8044565084475048,3.7896613190730837,6.43048128342246,2.822479923897544,1.8659011467334508,561
trstun,inst_trust,ME,0.0030051877452193397,0.9391390060850441,0.0257803320160208,0.512402123904976,5.415123456790123,6.360648148148148,2.332927988311088,1.8707157247123094,648
trstun,inst_trust,NL,-0.04929042117980391,0.2188645398304233,-0.04408877918308242,0.2714786012730721,5.842948717948718,6.543269230769231,2.043118259446827,1.7685643309099568,624
trstun,inst_trust,NO,0.02507547597130195,0.5154501707769549,0.017762807617740965,0.6450337442102306,6.997037037037037,6.423851851851852,2.0821389916442494,1.757538230263727,675
trstun,inst_trust,PL,0.002382937336474789,0.9521360591536436,0.008225992953348615,0.8358455408132539,4.934065934065934,6.154160125588697,2.579926979986247,2.039569829039209,637
trstun,inst_trust,PT,-0.011118286207983821,0.7804420540378574,-0.0397322617292779,0.31901815384990495,5.415213946117274,6.316323296354992,2.6062239138406813,1.8611917457266947,631
trstun,inst_trust,RS,0.059418154159678084,0.1436914453570052,0.053824965318773246,0.185392718475267,2.8583196046128503,6.209225700164745,2.8277898067950002,1.9975514450717027,607
trstun,inst_trust,SE,-1.9731719498841e-05,0.9995966125298379,0.01021541483001185,0.7935150830544137,6.283763277693475,6.527010622154779,2.224462049333047,1.7653793219427167,659
trstun,inst_trust,SI,-0.013198806789491943,0.7423110153116639,-0.00017251770717240672,0.9965711904052251,4.79454253611557,6.416693418940611,2.6027753690205486,1.8234478438654216,623
trstun,inst_trust,SK,0.0882310304149933,0.025842188503119763,0.09604649202321083,0.015230081167235615,4.862068965517241,6.098119122257053,2.987641228170832,2.015511957410769,638
trstun,inst_trust,UA,-0.06386501048586139,0.1165954964071647,-0.07354239049427203,0.0706670682122664,3.5768595041322313,6.118347107438017,3.141707268038001,2.030726857078192,605
happy,wellbeing,AT,-0.01737361382898942,0.6508492732461278,-0.005407766132675059,0.887978395630232,7.650513950073422,7.117767988252569,1.6462177327747893,1.2942491619275678,681
happy,wellbeing,BE,0.05077349366020993,0.18440989652026654,0.02851864015690437,0.45615528434559677,7.792700729927008,7.217226277372261,1.4652722157177611,1.2919887713418419,685
happy,wellbeing,BG,0.1291907952023069,0.0007135610453980881,0.06126597137300152,0.10966259774145401,6.301610541727672,7.1311859443631045,2.0902890357058124,1.3725021243006417,683
happy,wellbeing,CH,0.05073855224222654,0.18535720809820228,-0.004927408594391794,0.8977223383791498,8.150805270863836,7.298389458272328,1.482778489368937,1.2427668900942428,683
happy,wellbeing,CY,0.080661730478478,0.035469412005726925,0.03561097534435642,0.35381945437553236,6.969117647058823,7.112058823529411,2.112572460640209,1.4420678970853662,680
happy,wellbeing,DE,0.05352674868816955,0.16170092159093474,0.031596187953237015,0.40900423921753304,7.760583941605839,7.196204379562043,1.6774806046513673,1.2712809142145918,685
happy,wellbeing,EE,0.0688216525652821,0.0722656974385909,0.050319422413667686,0.1890196833985853,7.430453879941435,7.251976573938507,1.7982748980454022,1.2667440608029101,683
happy,wellbeing,ES,0.07308337903922166,0.056076877945784045,0.054076709727616044,0.15773320649552008,7.881578947368421,7.101754385964911,1.5302742339028848,1.3241079732952792,684
happy,wellbeing,FI,0.19311624641154132,3.5921560329086407e-07,0.14138229853507944,0.00020765853506526144,8.096491228070175,7.128070175438597,1.4648800184466202,1.366596402964953,684
happy,wellbeing,FR,0.1149038817247359,0.0026542002287293486,0.10290360697610754,0.007154747949273764,7.464809384164223,7.2139296187683275,1.596460579108054,1.2334410807133585,682
happy,wellbeing,GB,0.11844620700684559,0.0019602027325975914,0.07826028254561243,0.04118539083495524,7.483113069016153,7.026872246696035,1.9956039187253292,1.3572778974874795,681
happy,wellbeing,GR,-0.006892676842031775,0.8572002093445168,-0.017467793307552503,0.6483602839148925,6.777777777777778,7.175292397660818,1.5842481495797571,1.2946293168748955,684
happy,wellbeing,HR,0.09656729551575988,0.011509035854588628,0.09822152753536458,0.010159714588587975,7.597953216374269,7.230555555555555,1.859815138447639,1.2913448724613967,684
happy,wellbeing,HU,0.12864375678118625,0.0007588408032120634,0.10563399171204371,0.005756926512306995,7.0982404692082115,7.098093841642228,1.9675852984933986,1.3855280549959337,682
happy,wellbeing,IE,0.09014984012621985,0.018277657173455697,0.04013288990941036,0.29423220835627467,7.664233576642336,7.1589781021897805,1.6467111128615846,1.3715239340115681,685
happy,wellbeing,IL,0.05396995850581184,0.1588621394139093,0.054150584876169056,0.15747026249675852,7.401171303074671,7.252708638360176,1.9207460759318333,1.3261759508151916,683
happy,wellbeing,IS,0.07376992796387523,0.05380125309172431,0.04925753386516943,0.1982070510273194,8.036549707602338,7.160087719298246,1.5190764789557039,1.3574588667865184,684
happy,wellbeing,IT,0.021560959715402513,0.5737664280871474,0.003945976587666972,0.9180131955177434,6.869692532942899,7.276427525622255,1.7536734112099184,1.2061125375840662,683
happy,wellbeing,LT,0.006552085956544448,0.8643837594247312,0.022255996022317596,0.5617636313104994,7.404692082111437,7.182697947214077,1.9367020825213035,1.2932195454076107,682
happy,wellbeing,LV,0.1267030864998387,0.0009046645176660773,0.13207617852751097,0.0005390474866053829,6.806734992679356,7.054612005856516,2.065102093232825,1.343853702774135,683
happy,wellbeing,ME,0.07104781798577732,0.06447265996627467,0.04994080410124683,0.19401555804476106,6.508849557522124,7.037020648967552,1.9685289451166295,1.3236295728977592,678
happy,wellbeing,NL,0.09689657370590006,0.011228445448290507,0.09853418610421026,0.009921095503278486,8.00438596491228,7.296637426900585,1.2226431548882588,1.206329249337239,684
happy,wellbeing,NO,-0.011329002275260859,0.7674138132242485,-0.022807641001320034,0.551520212892559,7.954678362573099,7.178508771929825,1.5341858592481814,1.2270344679651333,684
happy,wellbeing,PL,0.03430614161799065,0.3713910550867505,0.010192479726135417,0.7906235578378435,7.559471365638767,7.177092511013217,1.92271308376671,1.3115564637504546,681
happy,wellbeing,PT,0.02383948133095697,0.5339585670255106,0.024585477340876044,0.5212345677799505,7.0175695461200585,7.056808199121523,2.0283146599806243,1.3438989114784088,683
happy,wellbeing,RS,0.05210240339653227,0.1738020956987902,0.04991444296311419,0.19260881334539282,7.162518301610541,7.038213762811128,2.2153028392041496,1.3689115379794414,683
happy,wellbeing,SE,0.022445209684694316,0.5578630418009967,0.0025914212506727378,0.9460637646311483,7.728070175438597,7.183333333333333,1.6177189862110928,1.2983997358613868,684
happy,wellbeing,SI,0.06846743316553303,0.07524850035002624,0.10986211898174553,0.00423922161485431,7.7485207100591715,7.160946745562129,1.7802407330803904,1.2903223795182697,676
happy,wellbeing,SK,0.09211339304319834,0.01627390182240182,0.09455015911285908,0.013641860136883099,6.6382352941176475,7.033676470588235,2.0840250374998557,1.3931025169437694,680
happy,wellbeing,UA,-0.041701672095778235,0.27929527581976193,-0.051471572649929444,0.18165467424139578,6.0,6.594962962962963,2.6362008451827856,1.603336133437546,675
stflife,wellbeing,AT,0.12037827572137286,0.0016491624948100911,0.09569519984341679,0.012475254993531656,7.709251101321586,7.198384728340676,1.689253105953353,1.2560256081135532,681
stflife,wellbeing,BE,0.07703460982443545,0.04385206239317651,0.054490479905939436,0.15427106117229056,7.497810218978103,7.251240875912409,1.6959043867732362,1.2827530274066279,685
stflife,wellbeing,BG,0.13761562282798942,0.00032924221088287696,0.13010629678719332,0.0006901989119609491,6.13589364844904,7.172082717872969,2.224626085310034,1.3363834239728976,677
stflife,wellbeing,CH,0.06123500742777724,0.10984249307756215,0.03774815916304139,0.32459233074460825,8.131771595900439,7.4046852122986815,1.5526632858200045,1.1763586437936027,683
stflife,wellbeing,CY,0.04595977996687331,0.23168549908652275,0.07257554240221652,0.05873720963945391,6.378497790868925,7.173637702503681,2.386579385201395,1.3510610464160369,679
stflife,wellbeing,DE,0.11466227570734401,0.002652005128490358,0.08651342011718592,0.02355048726267667,7.689051094890511,7.222335766423357,1.7953676109634502,1.2837082288902908,685
stflife,wellbeing,EE,0.08507490333011614,0.025974379171097874,0.04880679279254635,0.2020179380313211,7.02043795620438,7.346423357664234,2.0013569477920097,1.192240836542315,685
stflife,wellbeing,ES,0.03476039977823513,0.36438154052035965,0.023465263479463958,0.5403998119798301,7.5183016105417275,7.24597364568082,1.8165584222020117,1.298643792648391,683
stflife,wellbeing,FI,0.09035915616414066,0.01800833399168094,0.07067427186567347,0.06450741980329983,7.957664233576643,7.315036496350365,1.5671015926595087,1.2795941905642265,685
stflife,wellbeing,FR,0.09048811250064688,0.018790089847784765,0.07582105677678705,0.04911312108959902,6.786350148367952,7.255489614243324,2.2573092179508203,1.2736935376986043,674
stflife,wellbeing,GB,0.11041206565596658,0.0038897467342837388,0.0998172727592432,0.0090946281929094,6.969208211143695,7.1063049853372435,2.196764866181473,1.3551137109837346,682
stflife,wellbeing,GR,0.11735247813275068,0.0021268391786327724,0.09531503292723613,0.01269896162623337,6.396778916544656,7.20878477306003,1.9311738463063015,1.2844132652749014,683
stflife,wellbeing,HR,0.11575177730132505,0.002411860104794894,0.10426996456707123,0.006305231078023307,7.2846715328467155,7.268175182481753,2.0891984287520735,1.3016443822800456,685
stflife,wellbeing,HU,0.0981172808793358,0.010465470792515376,0.08622479745629662,0.024543063648772356,6.572058823529412,7.140588235294119,2.1540348540928083,1.4062975154889945,680
stflife,wellbeing,IE,0.06979977324610138,0.06890750964232538,0.053018032729744306,0.16728851724731178,7.348529411764706,7.061323529411764,1.832611843782841,1.3950431968562966,680
stflife,wellbeing,IL,0.09093310307851567,0.017618109783165626,0.07502592046307748,0.05034314857315172,7.145374449339207,7.229809104258443,2.0646207205866203,1.4510568537851958,681
stflife,wellbeing,IS,0.04877385823117015,0.20265380512835074,0.028905669535982836,0.4503951822618843,7.792397660818714,7.206578947368421,1.7645112504339937,1.3309583259818847,684
stflife,wellbeing,IT,0.027245596791005956,0.4810742620446793,0.031310374550820474,0.4180896962967678,6.7675111773472425,7.266915052160955,1.864728279860286,1.261428658282851,671
stflife,wellbeing,LT,0.1523071598765384,7.188222864643084e-05,0.10716257185324576,0.005353407527605327,7.078635014836795,7.18887240356083,2.1151236160481055,1.274825713127475,674
stflife,wellbeing,LV,0.1419498447216275,0.00020212226472159247,0.11550188603862198,0.002538568381832281,6.306901615271659,7.10014684287812,2.270934493579623,1.3853275177179711,681
stflife,wellbeing,ME,0.01782024652626973,0.6420009450107317,0.040881325865316336,0.2860203380328174,6.175695461200585,7.041142020497804,2.185300312430131,1.3277292530996951,683
stflife,wellbeing,NL,0.09728316882233383,0.01132315820308926,0.08786924016691854,0.022225697101739824,7.943870014771049,7.346085672082718,1.2198233579084161,1.1798995337778553,677
stflife,wellbeing,NO,0.025641314791931283,0.5031823702749694,-0.019920576916020737,0.6030012698745758,7.747076023391813,7.2516081871345035,1.6867601526773168,1.2060901042912713,684
stflife,wellbeing,PL,0.10998778285049171,0.004057086987644681,0.09267434098638354,0.015555000948695476,7.293685756240822,7.163289280469899,2.0107296190949295,1.3514710025026475,681
stflife,wellbeing,PT,0.04688938238487771,0.22067047861856595,0.04976429727371265,0.1936248701131059,6.527777777777778,7.21140350877193,2.0385997771926374,1.3231307722429373,684
stflife,wellbeing,RS,0.11401223062425245,0.002949802652868058,0.0908777916849505,0.017940291224665266,6.6932153392330385,7.02905604719764,2.3391184917411567,1.4198100419421305,678
stflife,wellbeing,SE,0.1000296454206884,0.00889725476978624,0.08240814395245508,0.031287618654264805,7.814055636896047,7.360761346998535,1.813676078499441,1.2035677681709498,683
stflife,wellbeing,SI,0.11546047894314844,0.002566474537927667,0.10609832911249872,0.005615339079891763,7.547058823529412,7.281029411764706,1.9205478007980714,1.2357138137418417,680
stflife,wellbeing,SK,0.01269247152840481,0.742033126560055,0.007940145819664738,0.8368596991142587,6.33925925925926,7.138074074074074,2.2345113545282715,1.40100191803111,675
stflife,wellbeing,UA,0.0646752079351195,0.09171338130196113,0.07214566261611219,0.05987602343449253,5.0646108663729805,6.176651982378855,2.8109965581307503,1.7854554397226035,681
stfeco,wellbeing,AT,-0.06848899266137899,0.07602743469034755,-0.08079410334341719,0.03626466311395561,5.392857142857143,6.666369047619047,2.1515896158978634,1.5870094571561681,672
stfeco,wellbeing,BE,-0.006386538272236312,0.8682613187950413,-0.002230152816684468,0.9538126021570213,5.197932053175776,6.678581979320532,2.0717446499954293,1.635669089656648,677
stfeco,wellbeing,BG,0.15611827880053106,5.205410614687801e-05,0.1526737224171411,7.62600219435259e-05,3.096096096096096,6.728828828828829,2.08534083323366,1.6478495836561111,666
stfeco,wellbeing,CH,-0.010109261983197946,0.793644631004126,-0.01348188075364572,0.7271977966177526,6.842261904761905,6.842708333333333,1.7771860080364688,1.5655399885622157,672
stfeco,wellbeing,CY,0.12944885127493674,0.0007417974077636272,0.1210359425046341,0.001617634026657067,3.5828402366863905,6.618786982248521,2.303736400412603,1.7561116160112222,676
stfeco,wellbeing,DE,0.0008728476319601934,0.9818876318367783,-0.0077102914014956754,0.8410545958012353,4.833578792341679,6.8181148748159055,2.2876461874511103,1.5858831450066464,679
stfeco,wellbeing,EE,0.057398827933918206,0.13600432444923044,0.045184311415312754,0.24070872784821118,3.9763313609467454,6.979733727810651,2.236936165838725,1.5469982173711896,676
stfeco,wellbeing,ES,-0.06020992173415672,0.11727831640930807,-0.06666551742348338,0.0828129985811544,4.216814159292035,6.563569321533922,2.228832257656058,1.7682035556581372,678
stfeco,wellbeing,FI,0.07009085410293918,0.0677554015405021,0.0780573495552303,0.041866246552503664,5.654411764705882,6.739852941176471,1.9309840008771229,1.6742923176054159,680
stfeco,wellbeing,FR,0.08669384682317201,0.0249375266742723,0.08428790064718183,0.029263926185008747,3.672645739910314,6.566965620328849,2.1912009042429283,1.7373753090179254,669
stfeco,wellbeing,GB,0.09221020288960162,0.017049232458736067,0.08797729846837131,0.022864304337344193,3.1494768310911807,6.447234678624814,2.143452751040814,1.6903598561686477,669
stfeco,wellbeing,GR,0.04181730185027454,0.2747707902697025,0.04317368625968235,0.25948931198724234,3.491228070175439,6.626461988304094,2.0616228978157056,1.6305156591719157,684
stfeco,wellbeing,HR,0.004807575001244549,0.9015925273842946,-0.0007584312079143398,0.9844369839988943,3.7966867469879517,6.665361445783133,2.2077447358714926,1.6375971587599316,664
stfeco,wellbeing,HU,0.012153347672188682,0.7524474181455606,0.019585977801346084,0.6112136957226839,4.261834319526627,6.504881656804734,2.5411153355968734,1.7958280419752082,676
stfeco,wellbeing,IE,0.08357886398303566,0.02919213645374933,0.07625439091687812,0.04668199730754069,5.233480176211454,6.429955947136564,2.3262810044658817,1.7777418337509685,681
stfeco,wellbeing,IL,0.06237535095336385,0.10751293320425807,0.057564453785018274,0.13751139126125841,4.6566716641679164,6.681859070464768,2.4782470468189297,1.7488436740673137,667
stfeco,wellbeing,IS,0.009575422921020501,0.8037429716081347,-0.004500783439601466,0.9070150625695003,4.479289940828402,6.5928994082840235,2.294828343187931,1.8540869439679044,676
stfeco,wellbeing,IT,0.0018068111356578315,0.9626562787587609,-0.022276499547731858,0.5637167415853048,4.1513353115727005,6.760682492581602,2.1297314420332714,1.625807873728773,674
stfeco,wellbeing,LT,0.01938486168657632,0.6146167905847927,0.027573678390617886,0.4738332340220338,4.531757754800591,6.665435745937962,2.461708890816285,1.6319078012188426,677
stfeco,wellbeing,LV,0.01222614570075493,0.7531687361572676,0.011568400075799462,0.7660503729268245,3.558734939759036,6.610391566265059,2.136979351830504,1.6651871101785025,664
stfeco,wellbeing,ME,-0.08562360937415564,0.025454692227774443,-0.08495566119494985,0.026627380453819714,4.34654919236417,6.660205580029369,2.4138736231485765,1.741133661802831,681
stfeco,wellbeing,NL,0.0463055440945185,0.227845936105472,0.027510517021367285,0.4738664862558775,5.810294117647059,6.886764705882353,1.8755570370110568,1.566766828558291,680
stfeco,wellbeing,NO,0.0635045876980416,0.09726095486841783,0.07867255876585982,0.03983359348430239,5.730600292825769,6.586969253294289,2.19718243124862,1.6719411279757703,683
stfeco,wellbeing,PL,-0.015560613237052457,0.6932503939125472,0.004967401253575386,0.8998012551466578,5.2263565891472865,6.601395348837209,2.0570104105639504,1.7951317639600535,645
stfeco,wellbeing,PT,0.0061515269064873375,0.8735346006201246,0.012824370054186306,0.7400097796551319,3.7723214285714284,6.366220238095239,2.162602195089243,1.7399501506318218,672
stfeco,wellbeing,RS,0.010515825548202129,0.7872704387393955,0.002904227448644046,0.9405916240605176,4.1467473524962175,6.442965204236006,2.6676415377541476,1.7085080272244701,661
stfeco,wellbeing,SE,0.028219669652346315,0.4638637943620196,0.024389733563359207,0.5266986002830364,4.819526627218935,6.812573964497042,1.9768970255580616,1.6208105522771623,676
stfeco,wellbeing,SI,0.0013794320082014017,0.9716981743276843,-0.006023141707738932,0.87688873998936,5.25,6.772439759036144,2.1957383651805586,1.6308607724482955,664
stfeco,wellbeing,SK,0.043541525755875554,0.26218122043229863,0.05827366456320183,0.13330737685278915,3.669172932330827,6.4837593984962405,2.4001813577037563,1.8046061386124423,665
stfeco,wellbeing,UA,0.04502624243914825,0.2505671913154791,0.04498981375234662,0.25095110676131877,2.660030627871363,5.918529862174579,2.435211659647135,1.9458961806348605,653
stfgov,wellbeing,AT,0.0414977613635968,0.2816549867760941,0.022818497235082662,0.5539709847561429,3.9955555555555557,6.502370370370371,2.561118388246672,1.640400638354442,675
stfgov,wellbeing,BE,0.03941530660543635,0.3083308137911384,0.04121281193365764,0.286772837619976,4.391044776119403,6.486865671641792,2.177321028001762,1.6849924121089228,670
stfgov,wellbeing,BG,0.034834153034820466,0.3672710105911372,0.036056537486481355,0.35068799867062767,2.7351190476190474,6.3776785714285715,2.1655930204835117,1.8279438737610652,672
stfgov,wellbeing,CH,0.01326939756069187,0.7326842191324202,0.025387395022509866,0.5133995064446754,6.621052631578947,6.773383458646617,1.755587149558695,1.6222005020039525,665
stfgov,wellbeing,CY,0.10591136019954785,0.006879368178204558,0.105459481380403,0.007123131786204622,4.003076923076923,6.527538461538461,2.302940388214603,1.812079423193324,650
stfgov,wellbeing,DE,-0.041270182164076456,0.28682493934670933,-0.038364498239901644,0.32214254280861115,3.967065868263473,6.397005988023952,2.463915123291649,1.7230573277423848,668
stfgov,wellbeing,EE,0.044846887788375346,0.24956486195424926,0.03827616414366446,0.3258168371065263,3.5597579425113466,6.582753403933434,2.2739931375895233,1.6444043725961675,661
stfgov,wellbeing,ES,-0.015765197231239356,0.6846595515700898,-0.03929336242720357,0.3112851749088895,3.7417417417417416,6.260810810810811,2.625376329509398,1.8471303336301923,666
stfgov,wellbeing,FI,0.1495455648522463,9.616949759243993e-05,0.1435551420743134,0.0001824463320550182,4.881481481481481,6.415407407407407,2.3633321916833996,1.7939395845130166,675
stfgov,wellbeing,FR,0.018009075577631126,0.641701839016273,0.009680283541351736,0.8025054475363227,3.7970149253731345,6.328805970149254,2.400919738394098,1.8259277162791552,670
stfgov,wellbeing,GB,0.08861929973824141,0.022184066713103922,0.08374999436412484,0.030689797922828454,2.9684684684684686,6.154954954954954,2.4403678503186623,1.8221563069589966,666
stfgov,wellbeing,GR,0.03454918618319141,0.36730500085752,0.03247327031243249,0.39680889952880155,3.6486090775988287,6.4739385065885795,2.3095067387390564,1.726367920122042,683
stfgov,wellbeing,HR,0.1073700771358021,0.005577759796880762,0.08890717463626159,0.021851979755992894,3.398496240601504,6.648270676691729,2.525591454121873,1.6900490614885255,665
stfgov,wellbeing,HU,0.008148618345830184,0.8328841686806958,0.013017892280948679,0.7360416487335456,4.469539375928678,6.118424962852897,2.7837821023675886,1.9796928613020288,673
stfgov,wellbeing,IE,0.03801548077483637,0.3262043814370552,0.01766282426565887,0.648367836756721,4.9940209267563525,6.253961136023916,2.332398756140392,1.7493891162129869,669
stfgov,wellbeing,IL,0.07630968235178824,0.05182142489496435,0.0900604473246993,0.021655967615096985,3.893846153846154,6.551846153846154,2.8892434763022283,1.89865039433289,650
stfgov,wellbeing,IS,0.0683796412711706,0.07760585742917586,0.05883579298488065,0.12901983704349615,4.187406296851575,6.2743628185907045,2.394806133230013,1.848541184504056,667
stfgov,wellbeing,IT,0.03863645925054566,0.3234948084368192,0.03737737857436114,0.33952478422265914,4.32824427480916,6.574656488549618,2.2478081341895013,1.5977427204589918,655
stfgov,wellbeing,LT,0.027947626543681128,0.47318198232470815,0.034697135183379954,0.37312214872525856,3.913767019667171,6.303782148260212,2.5447762061873567,1.8090431694219868,661
stfgov,wellbeing,LV,-0.008967673956992887,0.8192199340041548,0.00044737356236419074,0.9909031584131883,3.1763803680981595,6.543865030674846,2.273441214990274,1.6910832657074002,652
stfgov,wellbeing,ME,-0.04550319534931989,0.24056137065438624,-0.03410438164594801,0.37918703049792635,4.692653673163418,6.282308845577211,2.437813351845499,1.8696530343985625,667
stfgov,wellbeing,NL,0.027377118540605386,0.4786301077541095,0.02664730158854375,0.49043731343899144,4.596726190476191,6.609672619047619,1.9991476565367639,1.6370920057937992,672
stfgov,wellbeing,NO,0.001867560012026523,0.9613156067647619,-0.005770857110949053,0.8808616628103768,4.791728212703102,6.316248153618908,2.1646821097060798,1.7531127305512884,677
stfgov,wellbeing,PL,0.03908423072603242,0.33440328273939485,0.017508713944303107,0.6655311760208574,4.491830065359477,6.2215686274509805,2.7649191055271984,1.934159842099811,612
stfgov,wellbeing,PT,-0.053985763030881505,0.164041415511965,-0.05509215391524556,0.15555825346309882,3.59009009009009,6.428528528528528,2.314743394925834,1.8063871465566426,666
stfgov,wellbeing,RS,-0.0034054410420333377,0.9316406046581586,0.0005896787791685158,0.9881489860454279,4.375196232339089,6.183516483516484,3.1908201910020777,1.8464298898607723,637
stfgov,wellbeing,SE,0.08742684769954832,0.024051479173516688,0.1025129931006098,0.008107527699449057,4.183183183183183,6.399099099099099,2.1783803225220693,1.7529607433163499,666
stfgov,wellbeing,SI,-0.14759892771894076,0.00014825991945658905,-0.1432743269115441,0.0002317519414061893,4.286585365853658,6.575000000000001,2.491549672965445,1.709591264038377,656
stfgov,wellbeing,SK,-0.043978685909661,0.2563417361802906,-0.04993232533237389,0.19742493498912053,4.179640718562874,6.165718562874251,2.7831262592220454,1.8984191936759574,668
stfgov,wellbeing,UA,-0.011254476800068214,0.7722214842065928,-0.0038947964624086178,0.9202068491947474,2.5421686746987953,5.492168674698796,2.5617028877154677,2.1857895906060723,664
stfhlth,wellbeing,AT,0.02907402663313944,0.44742737708246255,0.038122983504483274,0.3190976637544322,6.51970802919708,6.962919708029197,2.3536036639642797,1.523345694882443,685
stfhlth,wellbeing,BE,0.06070680740352944,0.1126829904926644,0.04198072541401498,0.27289778670699494,7.257309941520468,7.010087719298245,1.7637613915724977,1.5961155238121356,684
stfhlth,wellbeing,BG,-0.05358165768210712,0.16157778378644755,-0.056367948935862076,0.1408352307508939,3.861111111111111,6.921052631578948,2.3685981161760004,1.6197160254447003,684
stfhlth,wellbeing,CH,0.04326898054809162,0.2598402289005666,0.0664744743500938,0.08324342366143307,6.8088235294117645,7.185735294117647,1.970005965326498,1.4849424064407877,680
stfhlth,wellbeing,CY,-0.00327176045800508,0.9320340674250858,-0.015563159261985725,0.6849535366023718,5.733137829912024,6.99882697947214,2.2894224900186537,1.6297793430925507,682
stfhlth,wellbeing,DE,-0.05111837621087585,0.18240515929389928,-0.029109432240888158,0.4478747274471844,5.262463343108505,6.961436950146627,2.355989979505321,1.5618599325897176,682
stfhlth,wellbeing,EE,0.01816528716046831,0.6355669248315323,0.018508796584035314,0.6291886076878843,5.7628111273792095,7.065300146412885,2.1523959924379845,1.5292685146300136,683
stfhlth,wellbeing,ES,0.0037783679933645876,0.9213692437904324,0.010673455003470314,0.7803608617441635,5.623357664233577,6.941897810218978,2.5145268808972334,1.601839007489907,685
stfhlth,wellbeing,FI,-0.044513793205751724,0.24497812391543902,-0.043295270789228214,0.25814875938968157,6.419590643274854,7.082894736842105,2.0372006909045886,1.5046097388390944,684
stfhlth,wellbeing,FR,0.04346824771371655,0.2572991132087606,0.04778271864453797,0.2130004096124411,5.358296622613803,6.893538913362702,2.4164192103442916,1.5523376921971188,681
stfhlth,wellbeing,GB,-0.01639499058119898,0.6697755364467051,-0.0020486874511130536,0.9575043277804989,4.80559646539028,6.814727540500736,2.5149519642812974,1.6403075133464142,679
stfhlth,wellbeing,GR,0.006392477421216707,0.8674637633940818,0.007171136570265648,0.8514968217456655,3.388888888888889,6.951461988304094,1.9921351787365045,1.5878881515591476,684
stfhlth,wellbeing,HR,-0.024467474402336684,0.5241540381640415,-0.011890786446442534,0.7569303774391509,5.452941176470588,6.960147058823529,2.615940180968984,1.5537450529871555,680
stfhlth,wellbeing,HU,0.04512089569423408,0.24137018341947186,0.03422080097206544,0.3743501492318451,3.5680473372781063,6.817751479289941,2.481298889988783,1.689561408022594,676
stfhlth,wellbeing,IE,0.0038810121452067664,0.9194765354227049,-0.018904813048414255,0.6223819905228601,4.493392070484582,6.727900146842878,2.4175279864300068,1.7124500410102073,681
stfhlth,wellbeing,IL,0.0057462712047522185,0.8818027655391082,0.009329983888060186,0.8092328649311651,6.523809523809524,7.183630952380952,1.887925018568345,1.5608377610622954,672
stfhlth,wellbeing,IS,0.03905565479882128,0.30881512026514696,0.021289085555800932,0.5791671090115709,5.36417033773862,6.948458149779735,2.086964357569605,1.6631830224784911,681
stfhlth,wellbeing,IT,-0.005960973457950773,0.8770579443630524,0.010348378465718672,0.7882628409593551,5.068047337278107,7.065532544378697,2.097924838001593,1.5299125650562753,676
stfhlth,wellbeing,LT,0.0340262744178439,0.37530810401288395,0.02191809961757948,0.568005035572424,4.3861967694566815,7.017474302496328,2.347536333626262,1.5502381485931034,681
stfhlth,wellbeing,LV,-0.03286075126320327,0.3929419187801826,-0.04079973509423349,0.28876142798880483,4.094395280235989,7.051917404129795,2.498436350605697,1.5386754587846718,678
stfhlth,wellbeing,ME,0.02243342233165978,0.5600986971867231,0.03041476332016826,0.4294758460105665,4.813884785819793,6.892319054652879,2.320652543856923,1.589313451514826,677
stfhlth,wellbeing,NL,-0.06165717205262364,0.10949784624180209,-0.05262669460964738,0.1720350445667235,6.608888888888889,7.057777777777778,1.7846803845991854,1.509409982919843,675
stfhlth,wellbeing,NO,-0.04818107339837493,0.20820202276521502,-0.06457943902588657,0.09147953682099877,7.0774853801169595,7.0097953216374265,1.8701998682948657,1.5552981152965943,684
stfhlth,wellbeing,PL,-0.017207070084282072,0.6549325784983121,-0.024484964593672293,0.5247778375352726,4.158050221565731,6.9623338257016245,2.2890557167524648,1.6438560133228097,677
stfhlth,wellbeing,PT,-0.07399042840023637,0.053612869193444684,-0.06645463940026566,0.08310832474788248,3.845814977973568,6.923201174743025,2.523655895220506,1.6047692803928968,681
stfhlth,wellbeing,RS,0.019201418571118508,0.6187530365680182,0.015296678059557544,0.6918019141264579,4.246290801186944,6.925816023738872,2.80551243806248,1.5974491186752182,674
stfhlth,wellbeing,SE,-0.004954017956107565,0.897624875292927,-0.016204574444979906,0.6738434922641127,5.669128508124077,6.954062038404726,2.087538677606394,1.6292542533874343,677
stfhlth,wellbeing,SI,0.01045229889649709,0.7858783018882212,0.0012920845258205375,0.973210643471983,4.721238938053097,6.978318584070797,2.509748838202685,1.5316991671119764,678
stfhlth,wellbeing,SK,0.0696841730842025,0.06998919420296315,0.0637523491684042,0.09743710408301505,3.8537666174298377,6.780649926144756,2.480254238473112,1.7287836961561758,677
stfhlth,wellbeing,UA,0.020603719887652413,0.5964060056464078,0.022650240761650134,0.5604384598558709,4.273001508295626,6.6546003016591255,2.6065183011205333,1.735972467081539,663
stfedu,wellbeing,AT,0.04713603305812343,0.2311863598991556,0.03907704479560089,0.3209886178341749,6.21483771251932,6.874961360123648,2.316697218678731,1.7660166535132313,647
stfedu,wellbeing,BE,-0.013852983219274523,0.7193996747830989,-0.011740925137836557,0.7607597058439267,5.758518518518518,7.122814814814815,2.023467115359531,1.629243444535104,675
stfedu,wellbeing,BG,0.08712437528906747,0.027526085811504824,0.09276375968656435,0.018913401406611404,4.0515625,6.875156250000001,2.3132260523283446,1.7045713114532408,640
stfedu,wellbeing,CH,0.004606028985731755,0.9074170315666598,0.004630280871207367,0.9069317651178749,6.6765625,7.070937499999999,1.9404468603898612,1.5555440943854548,640
stfedu,wellbeing,CY,-0.07105135198324888,0.06939403411672113,-0.08628252811123163,0.027353586811995886,4.680428134556575,6.870795107033639,2.25421486456455,1.7851403771760102,654
stfedu,wellbeing,DE,0.006850427216265243,0.8593082211584905,0.01738057252982421,0.6528899194784921,4.285714285714286,7.025595238095238,2.271820129796879,1.626558526673,672
stfedu,wellbeing,EE,0.024166515032451936,0.5320199744950989,0.017267244837753177,0.6552474497899017,6.396423248882265,7.005067064083457,2.232912366287218,1.6388669056093805,671
stfedu,wellbeing,ES,0.060434979636935116,0.11754354090040134,0.08427406548548509,0.02892894698071581,5.026785714285714,6.842261904761905,2.313543954439806,1.763396567537637,672
stfedu,wellbeing,FI,0.005489727099688091,0.8862920078073661,0.03531719769166228,0.3574521979008306,7.236417033773862,6.838766519823788,1.7493430941702628,1.7393611757822485,681
stfedu,wellbeing,FR,0.002760118730445487,0.9431930611282057,-0.0038413606860270427,0.9210021128693745,4.579970104633782,6.971150971599402,2.131518392552024,1.6777128418975835,669
stfedu,wellbeing,GB,-0.04885850196341301,0.21635120435671662,-0.031828860361990896,0.4207602031249675,5.297507788161994,6.769781931464174,2.2697137800755827,1.7265359299552758,642
stfedu,wellbeing,GR,-0.034524916339393925,0.3769546826897988,-0.014251965476421696,0.715388049554789,3.8234398782343986,6.892085235920853,2.0375735157600605,1.6732830858544796,657
stfedu,wellbeing,HR,0.013843545617036792,0.7227994272218642,0.014490124770944636,0.7104221169663654,5.843702579666161,6.889226100151745,2.300687542837004,1.722104417592854,659
stfedu,wellbeing,HU,-0.016655861718890285,0.6774645293082275,-0.027723827129640694,0.48868825737306304,4.0718849840255595,6.864217252396166,2.4850803369609924,1.7970902999921508,626
stfedu,wellbeing,IE,-0.0413304095048105,0.2883042079958273,-0.01905182611138209,0.6246227209584246,6.847432024169184,6.847885196374623,1.9701212302259015,1.7978269111719085,662
stfedu,wellbeing,IL,0.046690440405697524,0.22849746069672555,0.026007612039744183,0.5025167542147897,5.286356821589205,6.988605697151423,2.0824974348557728,1.7924907609456742,667
stfedu,wellbeing,IS,0.04791979425055109,0.21508775197600333,0.05284069472383234,0.17157172132475193,6.374068554396423,6.894187779433681,1.7624223462713369,1.7806703971239928,671
stfedu,wellbeing,IT,-0.029439326819327996,0.45056968956812,-0.012446815647288518,0.7497811893584221,5.068285280728376,6.9496206373292875,1.97704423171944,1.6850439033358144,659
stfedu,wellbeing,LT,0.014267417384539889,0.716763950330771,-0.01794335515296365,0.648195052863046,4.539291217257319,7.043759630200308,2.2406348561468357,1.5777764214109542,649
stfedu,wellbeing,LV,-0.008618791995567494,0.8298689377552434,0.006432626425682625,0.8725924325128864,3.9935897435897436,6.941666666666667,2.250013147446645,1.66646494231332,624
stfedu,wellbeing,ME,-0.05790649567793058,0.13343543309065584,-0.047724427642531445,0.2162795192188232,4.263001485884101,6.9074294205052,2.2441885056975344,1.755612959746756,673
stfedu,wellbeing,NL,0.032523745058942496,0.4077729877770184,0.04726058736103501,0.22887320460280666,6.1292307692307695,7.085692307692307,1.655706206950957,1.6453309474847955,650
stfedu,wellbeing,NO,0.054074891008395944,0.15989789809974017,0.06162546973882419,0.10915413920944148,7.330871491875923,6.9824224519940925,1.6649381111424548,1.69298973457864,677
stfedu,wellbeing,PL,-0.07595682760428726,0.053469817609702715,-0.07098844433238358,0.07115903529641439,4.97063369397218,6.930911901081916,2.3797527124521425,1.7497022134865743,647
stfedu,wellbeing,PT,0.020849330877749903,0.5965559628782173,0.042432872986269424,0.281154647809542,4.406491499227203,6.838485316846986,2.24577096048795,1.7415749053944998,647
stfedu,wellbeing,RS,-0.05700070796167658,0.14291781163097725,-0.04207874893581929,0.27965615082771667,4.984894259818731,6.739728096676737,2.8734922225575312,1.7669709420992181,662
stfedu,wellbeing,SE,0.0019489518009145007,0.9602032330916681,0.001641662342950823,0.9664739224650484,5.211246200607903,6.988297872340426,2.102993726831368,1.7552703389755662,658
stfedu,wellbeing,SI,0.03784271855984055,0.3316967595996432,0.04720353627311551,0.22587348632435297,5.5227272727272725,6.926818181818183,2.330330165705582,1.6871446990346608,660
stfedu,wellbeing,SK,0.03842143057984238,0.33296149263617364,0.04793855058202683,0.22695778861369179,5.175824175824176,6.766091051805337,2.3865146859794812,1.7833205048849392,637
stfedu,wellbeing,UA,0.003841152981739658,0.9254444058694233,-0.008302710997073845,0.8397033320858849,4.478187919463087,6.689261744966443,2.6386641778783675,1.8174556391510612,596
imueclt,immigration,AT,0.01098415714922188,0.7762415107533093,0.032114388386962414,0.4058806430611055,4.903273809523809,6.508630952380953,2.518696939619741,1.7647863468953016,672
imueclt,immigration,BE,0.02042348191788181,0.5952369853952314,0.009904798492468737,0.7966953021352284,6.203240058910162,6.5472754050073645,2.208842804882684,1.823572484693457,679
imueclt,immigration,BG,0.012788440505472355,0.7465750497908442,-0.0044665895409549804,0.9101376998020775,4.421216848673947,6.52028081123245,2.951236883404258,1.9964720248533012,641
imueclt,immigration,CH,0.017571225973364205,0.6486036315408148,0.030918462395939327,0.42255982760948013,6.371851851851852,6.70162962962963,2.2293114747854474,1.7722674906649853,675
imueclt,immigration,CY,0.012362040082687816,0.7490620877602101,0.0055897650324277836,0.8849993518814319,3.5967261904761907,6.442410714285713,2.593616144659924,1.900788641191897,672
imueclt,immigration,DE,0.029761566149768364,0.4387779652250773,0.018556649621871504,0.6293137942905538,5.911634756995582,6.616494845360824,2.3751100224227883,1.806745496380219,679
imueclt,immigration,EE,-0.02312062819982017,0.5499251223165705,-0.02700187116932348,0.485007915890212,5.536512667660209,6.339791356184799,2.3445253599919242,1.9005370689446275,671
imueclt,immigration,ES,-0.021491555361240835,0.5786754581024656,-0.024906480739043904,0.5198450347369173,6.601492537313433,6.48,2.387873733639764,1.964320000477274,670
imueclt,immigration,FI,0.029921370010531197,0.43530744775490565,0.044388063134232915,0.24700925423745823,7.32258064516129,6.411290322580645,2.025908638644856,1.8705080562304714,682
imueclt,immigration,FR,-0.05871695647452447,0.12694428368125077,-0.04770803121077068,0.21507231382587777,5.595273264401772,6.605612998522895,2.6843577335162117,1.877647507818699,677
imueclt,immigration,GB,0.04553897690807336,0.2455700674646081,0.030138100349096652,0.44233697584889037,6.438650306748467,6.558588957055214,2.555842081171338,1.846947871240305,652
imueclt,immigration,GR,0.09288682317761111,0.01585558151035065,0.09738282924242003,0.011421637408817516,4.074183976261128,6.54673590504451,2.102955820162572,1.883918736393891,674
imueclt,immigration,HR,0.01787605688490972,0.6444133461158204,0.034999361935777386,0.36607827261437065,5.0,6.453662182361734,2.7210644271620006,1.8958051422035467,669
imueclt,immigration,HU,-0.021771416111525263,0.5754661412137638,-0.028709297032427413,0.46018321493995384,3.822289156626506,6.202710843373493,2.4331267460648616,2.02672012132879,664
imueclt,immigration,IE,0.03255963194809019,0.3983453082010119,0.03786167906637337,0.3259992135233215,6.148148148148148,6.416592592592592,2.618464787145523,1.8854094483105988,675
imueclt,immigration,IL,-0.0026392828820729058,0.9466202246746911,0.0037546336384854527,0.9241200094033825,5.012383900928793,6.691021671826625,2.5831598127647957,1.9393629281213625,646
imueclt,immigration,IS,-0.05255004772992214,0.17138979050941072,-0.04610076329389216,0.23025544434030273,7.057437407952872,6.20441826215022,2.15229860698808,1.9922292790527323,679
imueclt,immigration,IT,0.07160612349113211,0.06578798147238778,0.06184209110280568,0.11218088395211272,4.897125567322239,6.63661119515885,2.5775853566026856,1.7894869795885362,661
imueclt,immigration,LT,0.057255287803183515,0.14449870568371165,0.06626308569878986,0.09116374954542777,5.016897081413211,6.436559139784946,2.566894002217902,1.8789808581630785,651
imueclt,immigration,LV,-0.018081553754802464,0.6418675912441739,-0.022815540295561897,0.557281605671512,4.554216867469879,6.397439759036144,2.547304550255281,1.858641570628917,664
imueclt,immigration,ME,-0.006712546899323883,0.8626220929855928,0.012356472010073347,0.7500783347198946,5.1544227886056975,6.2479760119940035,2.128420036320705,1.9906556360369247,667
imueclt,immigration,NL,0.1025939802248567,0.007685394968490786,0.09403770744045623,0.014596311100822908,6.228486646884273,6.731157270029673,2.1094892998216754,1.742530523705861,674
imueclt,immigration,NO,-0.007312774395353799,0.8484890648806864,-0.009453577229709357,0.8049256912303976,6.356204379562044,6.490218978102189,2.2442539140397075,1.8273764736747296,685
imueclt,immigration,PL,0.01296940159981122,0.7415672214484819,0.004283883185367811,0.9132626989097039,5.546995377503852,6.380277349768874,2.3203396944883106,1.8769506520201567,649
imueclt,immigration,PT,0.04475332664255697,0.25565424397998315,0.04905218655922705,0.21275028945108598,5.701700154559505,6.569088098918083,2.228935844688406,1.918591524946096,647
imueclt,immigration,RS,-0.08389942027740335,0.03569798094661051,-0.07637007261337869,0.05596857860394116,4.81658692185008,6.403189792663477,3.076216997546633,1.9077836280012064,627
imueclt,immigration,SE,0.0252291200658341,0.5125660179664412,0.025722670120242635,0.5043492577316961,6.955621301775148,6.521449704142012,2.1556707778093385,1.8562482988803541,676
imueclt,immigration,SI,-0.012611993340903658,0.7454580879531276,-0.010410298111150233,0.7887310731316505,5.362406015037594,6.503157894736843,2.600295439185344,1.8810338129479203,665
imueclt,immigration,SK,0.0010720360347035468,0.9780864676609075,0.0006281089608977028,0.9871597412683394,3.4127465857359636,6.086342943854325,2.617376156826128,2.011984263994964,659
imueclt,immigration,UA,-0.006813648937637222,0.8639389445693084,0.005231817312576054,0.8953174657874671,5.233070866141732,6.531653543307087,2.8582454501546386,1.974919142927972,635
imwbcnt,immigration,AT,-0.038865572268181846,0.31804968105270925,-0.039371796580804,0.31178248226445665,4.438066465256798,5.979003021148036,2.3865992253505968,1.738823459320626,662
imwbcnt,immigration,BE,-0.05125320958367725,0.18254266938302421,-0.05957979216945184,0.12117059986078299,5.441002949852507,5.980825958702065,2.04713299464779,1.6931309383481303,678
imwbcnt,immigration,BG,0.007510833609849952,0.8483132136190215,0.025993069670708843,0.5079438456101045,3.978494623655914,6.060061443932412,2.839203280643569,1.8354130105498756,651
imwbcnt,immigration,CH,0.027090709493124848,0.48587078268077827,0.02182218660544729,0.5745754848718606,5.784638554216867,6.109939759036145,1.8626289475250806,1.7044234870516233,664
imwbcnt,immigration,CY,0.030939316323020258,0.4215576753847604,0.025792927860240882,0.5028684726449517,3.781388478581979,6.1293943870014775,2.4656352611189227,1.8819624387473894,677
imwbcnt,immigration,DE,-0.11296123389329392,0.0033653910648959455,-0.10211209608835721,0.008071902666321034,5.363095238095238,5.844642857142857,2.281071192499918,1.7212014979516461,672
imwbcnt,immigration,EE,0.0049329625388125934,0.8993435551465218,0.0048420030248872425,0.9011899868882473,4.881818181818182,5.984090909090909,2.0987682702415515,1.7968033301396662,660
imwbcnt,immigration,ES,-0.0027329005741374007,0.9436260794359131,0.02510466525068745,0.5159001603582861,5.913690476190476,5.822619047619048,2.357407087940014,1.847831205668986,672
imwbcnt,immigration,FI,-0.051315313077188,0.18136682143393323,-0.050186143150949235,0.19117517904904427,6.091176470588235,6.0369117647058825,2.0802554005228098,1.782339940164659,680
imwbcnt,immigration,FR,-0.08647828180468513,0.025521661551399042,-0.07191088154023571,0.06343715374646432,5.166416791604198,5.9823088455772115,2.2037804456093966,1.7816428142824818,667
imwbcnt,immigration,GB,-0.0926558327544281,0.017783549175299534,-0.08943501431410768,0.022174268651055005,6.178899082568807,5.75474006116208,2.5727005991075735,1.741010736790794,654
imwbcnt,immigration,GR,0.012405838124288679,0.7474775137158262,0.0010825556570664176,0.9775868883531745,4.159763313609467,5.967159763313609,2.1850487110868917,1.7568958091097775,676
imwbcnt,immigration,HR,0.012772785963539502,0.7419523385371076,0.021720211767597062,0.575501583309596,4.907046476761619,5.967616191904048,2.522641282739227,1.8216913360779956,667
imwbcnt,immigration,HU,0.021330714053638438,0.5843653841869353,0.026799221162256998,0.4918919232103001,3.827272727272727,5.91060606060606,2.2324374734132384,1.909073358696785,660
imwbcnt,immigration,IE,0.03642768743926813,0.34610864362578475,0.029346726208145057,0.4478920708442434,6.083457526080477,5.878837555886736,2.5519458126410055,1.8124196300425488,671
imwbcnt,immigration,IL,0.06310014815869257,0.10745676620619844,0.07096190689877284,0.07017673177712366,4.766871165644171,6.21978527607362,2.489475363202185,1.8922490336728184,652
imwbcnt,immigration,IS,-0.017062175565813065,0.6581282033951109,-0.004528232119425946,0.9065197295663421,7.028148148148148,5.891111111111111,2.0201012054094503,1.899666793625962,675
imwbcnt,immigration,IT,-0.0028811430949789605,0.9407511172327371,-0.009110446224724235,0.8141856785608942,4.559880239520958,6.059880239520958,2.360534076234912,1.7404547090721942,668
imwbcnt,immigration,LT,-0.04362591377938049,0.266356543116657,-0.0332881755969976,0.39647105213195766,5.236559139784946,6.049615975422427,2.3170172777394775,1.8422341803840145,651
imwbcnt,immigration,LV,0.01634447633298619,0.6774614175102077,0.028307754829861306,0.4712392192713522,4.396923076923077,5.991076923076923,2.446214599057865,1.7689795122824221,650
imwbcnt,immigration,ME,-0.05179154323515041,0.18320932542421595,-0.05615594850567327,0.14894580758263593,4.716012084592145,5.95845921450151,2.259493427188672,1.8281326618568035,662
imwbcnt,immigration,NL,0.07092815417894664,0.06532305551039713,0.0461391291122563,0.23090326886955825,5.517751479289941,6.05991124260355,1.8835691031374728,1.6692529243478316,676
imwbcnt,immigration,NO,-0.056843432004570135,0.13954605483930907,-0.060442664571407255,0.11613580038314816,6.242245199409158,5.9097488921713435,1.988231569538075,1.849458443567932,677
imwbcnt,immigration,PL,0.0038984317222613375,0.9214064065491923,0.008865411881451634,0.8224684886398314,5.513219284603421,5.939191290824262,2.084895104109927,1.8909080626400254,643
imwbcnt,immigration,PT,0.059848225244699335,0.12368437308338515,0.06123897277334056,0.11517971533034156,4.641025641025641,5.904072398190046,2.1346529828868173,1.86545921244621,663
imwbcnt,immigration,RS,-0.028460431928067326,0.47791522315683377,-0.024904838312071305,0.5346183146926444,4.809294871794871,5.983173076923077,2.9436402294695436,1.8681040410959602,624
imwbcnt,immigration,SE,-0.1251305333792582,0.001103896096877741,-0.11108813915468894,0.0038031028628688563,6.357459379615952,5.927769571639586,2.1281067891705563,1.806095011185119,677
imwbcnt,immigration,SI,-0.06575664967968674,0.09044205306093434,-0.05982448199618149,0.12354961523447444,4.975903614457831,5.977409638554217,2.3698758194141587,1.8095611430078928,664
imwbcnt,immigration,SK,0.020054205662086676,0.6067850977448647,0.009671707812470448,0.8039843086672708,3.3645990922844176,5.6520423600605145,2.3339171192080723,1.9312226237400312,661
imwbcnt,immigration,UA,-0.03617866302288691,0.3673225844665982,-0.038113924731211855,0.34223577202950595,5.343499197431782,6.028250401284109,2.825154342808667,1.8520792143691023,623
imbgeco,immigration,AT,-0.02745694841304143,0.4803236661759972,-0.02657074937589796,0.4946105609231051,5.6184012066365,6.339517345399699,2.481489023212641,1.6739268761305608,663
imbgeco,immigration,BE,-0.016788516630565332,0.6623335222953309,-0.01453192002738037,0.7054382932205027,5.603829160530191,6.400736377025037,2.202984715808637,1.6311358547690342,679
imbgeco,immigration,BG,0.016503842482108372,0.673786036378355,0.02207109446946688,0.5734418604736248,3.9617151607963246,6.546094946401226,2.9081129586197103,1.7784422002648865,653
imbgeco,immigration,CH,-0.0606521109237994,0.11460590720916933,-0.0498932955681773,0.19444055837735763,6.480825958702065,6.503097345132744,1.9789328911525939,1.6516512911494718,678
imbgeco,immigration,CY,0.029296479137948382,0.4473160126751473,0.039730727621450475,0.30266820117713295,3.688888888888889,6.320296296296298,2.622847193150076,1.8451765416733847,675
imbgeco,immigration,DE,0.012798288943459581,0.7403327715946512,0.01540950817776247,0.6898653666331541,6.062407132243685,6.416641901931649,2.260352802623964,1.6770037813275358,673
imbgeco,immigration,EE,0.020965506501708683,0.5888480108171155,0.007796203844306398,0.8407198219676151,5.388305847076462,6.642278860569714,2.2932296179168987,1.59428772734267,667
imbgeco,immigration,ES,-0.047155796291788135,0.22215366373247672,-0.03499250510803289,0.36509571328144713,6.354166666666667,6.331845238095238,2.3116720399890127,1.818024718658248,672
imbgeco,immigration,FI,-0.0017008823910084905,0.964713630467571,-0.00992748293482994,0.7962399065905622,6.5419734904270985,6.283946980854196,2.0804447545842994,1.7474781754248048,679
imbgeco,immigration,FR,-0.023454535342431616,0.5441767155611775,-0.027517117376758625,0.4767124961468057,5.3666169895678095,6.4152011922503736,2.4402753149563985,1.7873122269974813,671
imbgeco,immigration,GB,0.049987433813531414,0.19896105411234496,0.041028286980554,0.29184608151443076,6.231117824773414,6.242447129909365,2.515801491562191,1.7516178973077303,662
imbgeco,immigration,GR,-0.052745165168574464,0.174286769262895,-0.053223074332709834,0.17041091213460344,4.237593984962406,6.376390977443609,2.1975000001288225,1.7420124675982855,665
imbgeco,immigration,HR,0.006216650008907072,0.8728713125888398,0.0076441536692153245,0.8440182109737369,5.010526315789473,6.51609022556391,2.5480107749618126,1.7291955415055726,665
imbgeco,immigration,HU,-0.05929355604986557,0.1274979148504216,-0.05475611413219762,0.1593582621502598,3.623867069486405,6.287613293051359,2.5241175268622467,1.7597097946182412,662
imbgeco,immigration,IE,-0.016173777651283607,0.6760250155682044,-0.013582445870653654,0.7256389143547847,5.998507462686567,6.244925373134327,2.654211901550039,1.7533558454802909,670
imbgeco,immigration,IL,0.07056414979399794,0.07089817798885799,0.05582615991611807,0.15322441621165203,4.939024390243903,6.589481707317073,2.6740371672666203,1.7661176742673528,656
imbgeco,immigration,IS,-0.06268340565021015,0.10499952678937749,-0.05685411373810632,0.14154183871799692,6.771641791044776,6.334179104477611,2.1218703125693157,1.7719569795512429,670
imbgeco,immigration,IT,0.05193497277351966,0.1829949249405513,0.03741736199060122,0.3375319313461359,5.1380880121396055,6.468588770864947,2.5121086671893647,1.7910787819004552,659
imbgeco,immigration,LT,0.04912965986886892,0.2102637805832721,0.048554469807663585,0.2156584948298859,5.559815950920245,6.461656441717792,2.5642787716852635,1.7081810067532306,652
imbgeco,immigration,LV,0.04942122627435415,0.20897174804417135,0.03554977699032914,0.3662669714838669,4.992283950617284,6.492129629629629,2.633443634917816,1.7428812423401814,648
imbgeco,immigration,ME,-0.00030170418816258726,0.9938180636744475,0.0063364570875350055,0.8707337702495289,4.285498489425982,6.373716012084592,2.694489469829755,1.7350365932000469,662
imbgeco,immigration,NL,-0.07746618316277874,0.04502390568830556,-0.05216557240938868,0.17744318103509027,5.75820895522388,6.476417910447761,1.9426877390202766,1.684754200461216,670
imbgeco,immigration,NO,0.03851003742211125,0.31705854537422856,0.034057080495202625,0.37628720629279966,6.1063515509601185,6.327769571639586,2.0052972334724584,1.8428006133790977,677
imbgeco,immigration,PL,-0.00689547950378747,0.8592323791904608,-0.0037227514257440033,0.923720574148641,5.530120481927711,6.423644578313252,2.4350995440399923,1.762658924991705,664
imbgeco,immigration,PT,0.038289132113699546,0.32675735543842327,0.0450177318709078,0.24884395461573192,6.167173252279635,6.347872340425531,2.21438872285434,1.747310183869881,658
imbgeco,immigration,RS,-0.052303994298750475,0.19230972025266968,-0.05937595741928735,0.13877934546296314,4.622792937399679,6.425842696629214,2.9995595443784047,1.7853881438192831,623
imbgeco,immigration,SE,-0.061146728894654875,0.11408777708453749,-0.042276991857470664,0.2748598411538646,6.03288490284006,6.429147982062781,2.054379188588433,1.6867578715660656,669
imbgeco,immigration,SI,0.04611894279535633,0.2338981705737037,0.03444946561556614,0.3740209555998389,5.514970059880239,6.274700598802395,2.5387108781112664,1.7632949428986107,668
imbgeco,immigration,SK,0.06798089032460265,0.0814186993755387,0.05838702211811434,0.13461609098032368,3.702127659574468,6.110790273556231,2.6892924333172483,1.8991680422625912,658
imbgeco,immigration,UA,0.07682113353436375,0.05395290208957698,0.06893116206049987,0.0838486298615235,6.117460317460317,6.42031746031746,2.783470382676414,1.7293592813120107,630
imsmetn,immigration,AT,0.00031205447651140735,0.9935384813547736,0.009037649094844762,0.8145589572084986,2.048816568047337,2.8748520710059173,0.7957191513243553,0.7749145570172147,676
imsmetn,immigration,BE,-0.038639985530716806,0.31614561917542583,-0.045087366002635854,0.24207020670159066,1.8844444444444444,2.9265185185185185,0.711276975381054,0.78447029749608,675
imsmetn,immigration,BG,-0.04721921725734448,0.2225698511281083,-0.05195910497190377,0.17949303583383383,2.2600896860986546,2.8796711509715993,1.0183528400875712,0.7958194733803627,669
imsmetn,immigration,CH,-0.06492088606169784,0.09338399389495272,-0.06408984880924341,0.0976632641341183,1.8460388639760836,2.8853512705530644,0.6579113237090359,0.74684610561092,669
imsmetn,immigration,CY,-0.046624032148663216,0.2260334807042005,-0.04013397503972091,0.2974246496152935,2.3653846153846154,2.8579881656804735,0.8698658900466593,0.7825569333497823,676
imsmetn,immigration,DE,-0.04198770705533342,0.27997057816236665,-0.02723122451691007,0.4836105092043989,1.7605421686746987,2.8394578313253014,0.6957381626584112,0.7551794057511794,664
imsmetn,immigration,EE,0.031798413145015615,0.40947129706917296,0.022538421800836556,0.558847426767079,2.0503703703703704,2.8404444444444445,0.712632316213544,0.7676758506502678,675
imsmetn,immigration,ES,-0.013001022338576078,0.7367498696379414,-0.0207202928708421,0.592104819229188,1.8926974664679583,2.83725782414307,0.8179645447062829,0.7743736558023082,671
imsmetn,immigration,FI,0.03529055440555832,0.36066482146850115,0.02898835275210889,0.4527834295122413,1.9331352154531947,2.862258543833581,0.6769934021177774,0.7662149617303384,673
imsmetn,immigration,FR,-0.036551870598312136,0.3495685617017368,-0.030217031399285214,0.43938925104357796,1.9497716894977168,2.865296803652968,0.6998937917613459,0.7713710939082479,657
imsmetn,immigration,GB,-0.02591902124170634,0.5081755115955355,-0.023328767882344094,0.5514850900217634,1.9755351681957187,2.964525993883792,0.7939362099686824,0.771543076122496,654
imsmetn,immigration,GR,0.008968714049667875,0.8154120983914244,0.013620693582675758,0.7229288261782992,2.0676470588235296,2.8705882352941177,0.9391565759078011,0.7785903245793294,680
imsmetn,immigration,HR,0.009025457514630578,0.8146696399296014,0.018121375661680202,0.6378753694576375,2.0,2.852732644017725,0.9003615315938174,0.7827725763117224,677
imsmetn,immigration,HU,-0.052135368252179466,0.17737014333224438,-0.060370370670693174,0.11821179807117062,2.8733233979135617,2.869448584202683,0.882865491371537,0.7878590827633891,671
imsmetn,immigration,IE,-0.01674098395572168,0.6641665868014406,-0.02972939819010487,0.4406291102248497,2.08,2.8705185185185185,0.8644649809356623,0.7594736176086034,675
imsmetn,immigration,IL,-0.07331763688049371,0.0589929962349604,-0.08155623569620439,0.035632314047899474,1.8042168674698795,2.92394578313253,1.1299756352710935,0.7534828753937298,664
imsmetn,immigration,IS,0.015938072492744693,0.6802581053837347,0.0031118605619438514,0.9358725991757557,1.602086438152012,2.8994038748137108,0.6286173871147425,0.7658375198375524,671
imsmetn,immigration,IT,-0.0537511625712588,0.16210578519732513,-0.055990951779312015,0.14529061770910365,2.1194690265486726,2.823746312684366,0.8343821149870585,0.74839827425417,678
imsmetn,immigration,LT,-0.021701799897015837,0.5743928474270428,-0.012746767523309985,0.7415267501976397,1.9181547619047619,2.7955357142857142,0.7916276803894686,0.7673347986429593,672
imsmetn,immigration,LV,0.010258459592385886,0.7932830162700387,0.0020138406719420235,0.9589735043260944,1.9038167938931299,2.8112977099236645,0.9712538461506797,0.769125557871734,655
imsmetn,immigration,ME,0.004670440911279744,0.9038122821705464,0.005307665081099763,0.8907658342886042,2.2202380952380953,2.8337797619047618,0.8434942243812187,0.7946572707466187,672
imsmetn,immigration,NL,0.022838235539546167,0.5545139765532588,0.042681135758042485,0.26921801975084575,2.0982142857142856,2.908779761904762,0.6922154514393706,0.7560961381999233,672
imsmetn,immigration,NO,-0.06164122004529054,0.10906345635752247,-0.05476233896733933,0.15464671208210512,1.672082717872969,2.882274741506647,0.6192216475293267,0.7725958098204966,677
imsmetn,immigration,PL,-0.04806476005577944,0.21335951929951524,-0.036555172392382124,0.344061665542323,2.2723214285714284,2.859077380952381,0.7751401763248688,0.7764651339798999,672
imsmetn,immigration,PT,-0.04307187740335486,0.2655698174424578,-0.03400069417262199,0.3795656640974043,2.3835820895522386,2.8040298507462684,0.8002423054062098,0.7864882110578721,670
imsmetn,immigration,RS,0.04801386608822987,0.2179973209416761,0.061117098979045936,0.11673721332897438,1.8833333333333333,2.851212121212121,0.9349207903175173,0.7688244877891997,660
imsmetn,immigration,SE,-0.038787020479576016,0.31611197387011897,-0.039777156902976715,0.30390724706060274,1.7164179104477613,2.8519402985074627,0.6163194226778166,0.7585609828756787,670
imsmetn,immigration,SI,0.03529583815481206,0.3598775417870352,0.04483810118710037,0.24468588065914887,1.8681481481481481,2.8697777777777778,0.7441813708617433,0.7518359987002763,675
imsmetn,immigration,SK,-0.009310275768895242,0.8097676046071957,0.010573009237882715,0.7845636514901515,2.684053651266766,2.808196721311475,0.8919368276845236,0.7660763747755404,671
imsmetn,immigration,UA,0.04794458565931676,0.22435378190647445,0.036336841754199864,0.3572393100439832,1.6832298136645962,2.7590062111801243,0.8883021374416928,0.749948431586547,644
impcntr,immigration,AT,-0.004154548175398732,0.9144574972198934,0.0066277334033685974,0.8639372569459707,2.761549925484352,2.9137108792846496,0.882540420686507,0.7759768613939323,671
impcntr,immigration,BE,0.02743142830781166,0.47677297249055134,0.025055172431101943,0.5157904117503112,2.0903703703703704,2.944888888888889,0.8184513560781624,0.7310107090703049,675
impcntr,immigration,BG,0.0145804316056418,0.7068012048221655,0.008952378502001332,0.8173522979754029,2.803892215568862,2.9229041916167664,0.9744178135284784,0.7809381643856945,668
impcntr,immigration,CH,0.05284872708439956,0.1737662624123575,0.05748244098763596,0.13896623668800814,2.180722891566265,2.968524096385542,0.771194498663796,0.7392998946707063,664
impcntr,immigration,CY,0.025855741626904374,0.5030994251487927,0.018502467993985982,0.6318360028281522,3.026745913818722,2.901931649331352,0.7495222422277682,0.7882389662661201,673
impcntr,immigration,DE,-0.03253396041981385,0.4018915215268179,-0.04068775707643006,0.2944130494232053,2.15015015015015,2.8674174174174176,0.8050451675415065,0.7373014787815569,666
impcntr,immigration,EE,-0.02663106978369907,0.49135011674306567,-0.0285531102330285,0.4606060233855039,2.743283582089552,2.961194029850746,0.8609140830968232,0.7937452091600009,670
impcntr,immigration,ES,0.004273267190283225,0.9124827970188352,0.009739045237118117,0.8022078678255219,2.0150602409638556,2.9087349397590363,0.878646804766819,0.7683298937075806,664
impcntr,immigration,FI,0.06049003386432249,0.11775777653393031,0.05940018108976544,0.1245332186058031,2.4134328358208954,2.9044776119402984,0.7984281123803074,0.7570165727553636,670
impcntr,immigration,FR,-0.020523669359567107,0.5972800313307459,-0.017315841120123774,0.6557942986968641,2.22406015037594,2.9206015037593986,0.8210475214755,0.7390849921356439,665
impcntr,immigration,GB,0.0052027497836214754,0.8942721716458933,0.007477132960416161,0.8485262378425175,2.1374045801526718,2.936488549618321,0.877543126296993,0.8091392372742919,655
impcntr,immigration,GR,-0.07050174283918614,0.06615604566906236,-0.07000019231583642,0.06811253644258367,3.0661764705882355,2.9111764705882353,0.7751878092770402,0.7465335293817732,680
impcntr,immigration,HR,-0.029896179353317443,0.4380683325086123,-0.030670407304091988,0.4262931558882503,2.299259259259259,2.852,0.9208672451173482,0.7762658848845596,675
impcntr,immigration,HU,0.06263584363179381,0.10552513388048634,0.057322562711419826,0.13858115664206047,3.273542600896861,2.8804185351270553,0.7824245520779769,0.7600952142631573,669
impcntr,immigration,IE,-0.029196286711507622,0.4519230754569779,-0.02945816473282729,0.44787482449296656,2.2522522522522523,2.997147147147147,0.8991404597438064,0.7687746128631111,666
impcntr,immigration,IL,0.035248828275515794,0.3677590642970739,0.029879344150308636,0.44521837506330986,3.1587786259541986,2.9329770992366413,0.8963799288875683,0.7825385010278799,655
impcntr,immigration,IS,-0.0006248932943736912,0.9872157479088011,-0.008627571439871706,0.8249131255800638,1.8954545454545455,2.9716666666666667,0.7885623610874215,0.7852588824028123,660
impcntr,immigration,IT,-0.012882587461516376,0.7384969220649532,-0.013858392602383345,0.719494684960197,2.2700296735905043,2.883679525222552,0.8831042433461301,0.7614021580781567,674
impcntr,immigration,LT,0.03047465404321746,0.42993985437103693,0.02938331194543991,0.4466473064167353,2.429420505200594,2.9182763744427933,0.9119718579202073,0.7880668789172398,673
impcntr,immigration,LV,-0.017631517227686255,0.6509217168598566,-0.019631405932998735,0.6143912900939817,2.789712556732224,2.862481089258699,0.9814723366219807,0.7543103723928352,661
impcntr,immigration,ME,-0.02004026271320894,0.6048597133938437,-0.022098262719391797,0.5682890437421211,2.3721973094170403,2.8883408071748877,0.8426530582508891,0.7709635645141277,669
impcntr,immigration,NL,-0.015743421472209994,0.682613073205017,-0.01245540619120722,0.7463214052745978,2.3220088626292466,2.917282127031019,0.8138974717959836,0.7466570459394931,677
impcntr,immigration,NO,0.036566535625052174,0.33997818767506033,0.04801378793216552,0.21012214145815405,1.828696925329429,2.9389458272327964,0.7008138756923742,0.7756787218080049,683
impcntr,immigration,PL,0.02893514114609163,0.45632016735631725,0.0172185647488248,0.6576045475916495,2.5278195488721806,2.896691729323308,0.7700486394685641,0.7611547206328907,665
impcntr,immigration,PT,-0.057502630146183516,0.1370491929557185,-0.04930754315544861,0.20242028751622201,2.470149253731343,2.9008955223880597,0.8118175966779573,0.7583116549603338,670
impcntr,immigration,RS,0.011550117730554924,0.7669242861218936,0.010700708686025356,0.7836224028592306,2.552193645990923,2.9124054462934947,1.0656121581210132,0.7721067944467909,661
impcntr,immigration,SE,-0.04428150221452158,0.25130360374417177,-0.054237356151540336,0.15988521397432318,1.8291233283803863,2.9427934621099556,0.6828568127592801,0.7420687262518224,673
impcntr,immigration,SI,-0.056130899729144444,0.14518007263706909,-0.06510152177513148,0.09101926712774971,2.202962962962963,2.8851851851851853,0.8272026383285275,0.7595600904059308,675
impcntr,immigration,SK,-0.007964908851526791,0.8363580789836103,-0.014186797968514067,0.7129334878737594,2.977777777777778,2.8411851851851853,0.8356545318120886,0.7539363091383574,675
impcntr,immigration,UA,0.001167596465096089,0.976555344823453,0.008684855296597323,0.8269640066867119,2.3867924528301887,2.9080188679245285,1.0757521130933652,0.7865694514826047,636
imdfetn,immigration,AT,-0.09487667423544406,0.013734618372149782,-0.08733715870662569,0.023357865436331865,2.5875370919881306,2.8695845697329374,0.8648109255542219,0.7742767162984879,674
imdfetn,immigration,BE,0.06377774666701634,0.09830126842591595,0.04790417973213338,0.21455243857339218,2.0624071322436848,2.9491827637444277,0.7843131857124351,0.7447455327237573,673
imdfetn,immigration,BG,0.060741669118992606,0.11568979750340148,0.06151091453291594,0.11114105351163919,2.7336309523809526,2.804017857142857,0.9852261426319697,0.7774573097817694,672
imdfetn,immigration,CH,0.0015782015096102362,0.9675244203491727,-0.0008971674245267082,0.9815350147595033,2.1152694610778444,2.908383233532934,0.7140948197121578,0.7376499963260241,668
imdfetn,immigration,CY,-0.015586880382249419,0.6860413711936683,-0.008714413398380244,0.8212078271953627,2.8903703703703703,2.8011851851851852,0.7527273924274933,0.7855889055756696,675
imdfetn,immigration,DE,-0.037918655475299545,0.3292601103608463,-0.038806502841256585,0.3180536200420972,2.0798192771084336,2.796234939759036,0.75183995351821,0.7301321058066889,664
imdfetn,immigration,EE,0.07997121637308528,0.037359099909721256,0.08176841215137994,0.033274263526211205,2.4705014749262535,2.8553097345132743,0.8143016595586721,0.7588725651235014,678
imdfetn,immigration,ES,0.057888235495446215,0.13619408910990272,0.05094177909598657,0.18983889730603712,2.0180722891566263,2.881475903614458,0.8734245740021115,0.7732930441614638,664
imdfetn,immigration,FI,-0.03985990618660905,0.30145734921532197,-0.034088860576543346,0.37690548643627453,2.3100890207715135,2.8903560830860533,0.7957832728347315,0.7581428338533045,674
imdfetn,immigration,FR,-0.08385066170236832,0.030740552380075746,-0.09352575730192399,0.015920399885847283,2.1716867469879517,2.8954819277108435,0.7944260104240488,0.7468651889950609,664
imdfetn,immigration,GB,-0.048299783784946995,0.2166668417171876,-0.044442145133371795,0.25567831925716833,2.0411585365853657,2.881707317073171,0.8120172971423166,0.759309135372993,656
imdfetn,immigration,GR,-0.08571475950110698,0.025514683445878834,-0.08177251351530956,0.03313525419229447,2.8954344624447717,2.868630338733432,0.7959853606975484,0.7355910133764616,679
imdfetn,immigration,HR,-0.05974759555987988,0.11985040222398628,-0.05432739160173029,0.15733868288409017,2.318114874815906,2.8266568483063326,0.9370190503125431,0.7602665180931059,679
imdfetn,immigration,HU,-0.014287929251487301,0.71221306281866,-0.012440077170685414,0.7480787374295604,3.2630792227204783,2.799551569506727,0.7598633433720781,0.7888537366145492,669
imdfetn,immigration,IE,0.025176038413955222,0.5153358049245591,0.02588357901698577,0.5035970026087255,2.244776119402985,2.8997014925373135,0.8899511385605825,0.7638114836194726,670
imdfetn,immigration,IL,-0.037194695237172656,0.34263303905064774,-0.03813668884910535,0.3305400692050827,2.9295558958652372,2.9863705972434915,0.9820158708326354,0.7611630371973548,653
imdfetn,immigration,IS,0.015706892248646246,0.6871120540924857,0.008303267885106982,0.8313939434367587,1.8848484848484848,2.922121212121212,0.7957097449777982,0.7747700528248488,660
imdfetn,immigration,IT,0.028581407190032403,0.45815224149791856,0.033278956603181364,0.3876478520050328,2.363905325443787,2.851479289940828,0.8541656443925186,0.7485972271250723,676
imdfetn,immigration,LT,-0.03219304024570786,0.40543386969406664,-0.033561557861456384,0.38575487140421094,2.3447761194029852,2.8250746268656717,0.9094724208747095,0.7551900603870586,670
imdfetn,immigration,LV,0.003967538228466402,0.9195215612044603,-0.0024410371005435015,0.9504332418910026,2.509984639016897,2.8268817204301073,1.0127533679919616,0.7945773621554786,651
imdfetn,immigration,ME,-0.027557072644134255,0.4757427495406782,-0.02290003662213402,0.5534426334676317,2.3511904761904763,2.8693452380952382,0.8343581804014111,0.7820532720188269,672
imdfetn,immigration,NL,-0.08308248809403657,0.03128264370165811,-0.07422598661882125,0.054451313601551414,2.168154761904762,2.8397321428571427,0.7242844373633874,0.7452073914773926,672
imdfetn,immigration,NO,-0.028100882546059032,0.4640969237112079,-0.014949188353635182,0.6969663977545971,1.7533039647577093,2.850220264317181,0.6736152092378931,0.7507079667968649,681
imdfetn,immigration,PL,-0.038538344413829195,0.31850307040936104,-0.04069000063733306,0.29221366095830426,2.6488095238095237,2.8139880952380953,0.8071209229298109,0.7377903448830337,672
imdfetn,immigration,PT,0.040979690556567666,0.2898714941335221,0.03812479143716313,0.32481422821212197,2.502242152466368,2.884454409566517,0.8127415686687045,0.7831289210438389,669
imdfetn,immigration,RS,-0.06021290305326219,0.12169064857356036,-0.05656896571964072,0.1459748561354187,2.401812688821752,2.7794561933534743,1.054575668601822,0.7703866685676868,662
imdfetn,immigration,SE,-0.009180409118865583,0.8127850537092229,-0.011979283580738286,0.7572879461594584,1.7754491017964071,2.851946107784431,0.6642705926007071,0.7395321164183563,668
imdfetn,immigration,SI,0.10154075498388697,0.008582803524893124,0.10276844361473235,0.007809776455060907,2.200298953662182,2.8557548579970105,0.8071164948391394,0.7823180125432164,669
imdfetn,immigration,SK,0.04202190834359478,0.2749037703124779,0.041916903733872884,0.27610602592912736,2.9955686853766617,2.8456425406203842,0.8257923450386621,0.7902134809066177,677
imdfetn,immigration,UA,-0.030804383075793737,0.43623469603962867,-0.037037396915102445,0.3491686930779495,2.2106084243369737,2.8262090483619344,1.0236026013504556,0.7897979250925513,641
gincdif,values,AT,-0.005961859140881119,0.877948873261913,-0.014055595855034542,0.717300532067206,1.8138138138138138,3.8018018018018016,0.8730836483475676,0.8888091533250222,666
gincdif,values,BE,0.03370583167679069,0.3787728249952891,0.030517689627142276,0.42552831264021945,2.232456140350877,3.779970760233918,1.0109499133041553,0.8801833292791087,684
gincdif,values,BG,0.004146756563535761,0.9139204150040428,-0.010883770206018056,0.7766264358501879,1.595307917888563,3.7434017595307916,0.834555625190917,0.9245352905922506,682
gincdif,values,CH,0.002183134435398734,0.954919445430282,-0.011950307049058084,0.7569773242454786,2.2303120356612185,3.723625557206538,1.0259299167855094,0.8889988631216417,673
gincdif,values,CY,0.05113348377622676,0.18684540113259293,0.041354319265796566,0.2858427180851025,1.8817365269461077,3.7350299401197606,0.9209026808351298,0.941385864260284,668
gincdif,values,DE,0.017674789799868446,0.6466728403284909,0.02370773022639016,0.5386275568604536,2.3214814814814817,3.745925925925926,1.012707478480877,0.8814577690730244,675
gincdif,values,EE,0.07615476909690953,0.04845589636098895,0.05441744377017436,0.15881171572561367,2.4613095238095237,3.7663690476190474,0.98800107370282,0.8898499852439927,672
gincdif,values,ES,0.02156335528806775,0.5776923356820386,0.0246760635771803,0.5240266959363545,2.218236173393124,3.799701046337818,1.014961076127945,0.9058690373824049,669
gincdif,values,FI,-0.00031990852386455724,0.9933709403846666,0.01115741547226705,0.7719846757803245,2.295420974889217,3.810930576070901,1.0095079100467599,0.8525103148286035,677
gincdif,values,FR,0.05952155404007012,0.12125993152848795,0.07153627536631309,0.06245966805915771,2.09720176730486,3.776877761413844,1.0777890918387267,0.9018556589490705,679
gincdif,values,GB,0.007004253073814416,0.8581086728005545,0.007495058445338062,0.8482824763183556,2.197247706422018,3.8345565749235475,0.9973587215265853,0.8861180731258431,654
gincdif,values,GR,0.019437361971746083,0.6126089021828139,0.021440545119665574,0.5764700320623709,1.6784140969162995,3.7804698972099855,0.8049229842814244,0.885695347995086,681
gincdif,values,HR,-0.032287018526951775,0.40195914501102253,-0.04399618780074506,0.2533139440530186,1.9082840236686391,3.826183431952663,0.9143413816370821,0.9171829279592528,676
gincdif,values,HU,0.04627721240270101,0.22847448294558423,0.05629634855295343,0.14280942782957537,1.8350515463917525,3.7982326951399115,0.9293047589984477,0.9569323831343065,679
gincdif,values,IE,-0.03964402560536931,0.3037253474945345,-0.03785294591788091,0.326110896057085,2.0933333333333333,3.8533333333333335,0.9691992473216753,0.9367853359114002,675
gincdif,values,IL,0.03453192303551326,0.3739573624433913,0.030086015373071765,0.4385987124734646,2.257142857142857,3.8451127819548874,1.031892467946382,0.9080850171683555,665
gincdif,values,IS,0.029816074205982288,0.43692568095030454,0.03098046212876292,0.41922382968008715,2.0762463343108504,3.7954545454545454,0.9800020907225712,0.9114348703523141,682
gincdif,values,IT,-0.002126648532976967,0.9560192761537101,-0.010291499604500645,0.7895519324402052,1.8148148148148149,3.799259259259259,0.8507736502351836,0.8959599642901052,675
gincdif,values,LT,-0.0021591972612795707,0.9551813244786068,0.002780255891115599,0.9423098794162105,2.1323529411764706,3.797794117647059,0.9904464378429628,0.8962749709377205,680
gincdif,values,LV,0.013131226713986777,0.7367126239242547,0.02741969594209903,0.48258480531225145,1.9407294832826747,3.7203647416413372,0.9433645942897954,0.9331107957643632,658
gincdif,values,ME,0.009939442023027363,0.7979265791351916,-0.0005749135044171569,0.9881846318209495,2.3633633633633635,3.746996996996997,1.1158907336395691,0.9120076127452303,666
gincdif,values,NL,-0.06966215814926278,0.06987053785444386,-0.06904392169846073,0.07239555313978825,2.327433628318584,3.7249262536873156,1.0163433561533994,0.9374442347276203,678
gincdif,values,NO,0.04921515191781632,0.1982647929243625,0.05461145035689798,0.15335703099130724,2.28029197080292,3.805109489051095,0.9644135429782612,0.8907682117141752,685
gincdif,values,PL,0.02952790033326312,0.4502456592579028,0.035546756792542905,0.363354280550416,2.5945121951219514,3.7888719512195124,1.1066352577720366,0.8802400481443132,656
gincdif,values,PT,0.043088790383905215,0.26502429747655987,0.03580335790685289,0.3544428666183511,1.7377049180327868,3.7965722801788377,0.74896552097052,0.9109467899367868,671
gincdif,values,RS,-0.025756321687714568,0.5121428249632937,-0.03145749285337997,0.42332484851222674,1.98,3.7753846153846156,0.9982573413547066,0.9240879848635152,650
gincdif,values,SE,-0.0335331437573835,0.3840310343964143,-0.04144341585136962,0.2819286190494416,2.2618343195266273,3.8468934911242605,0.8816275567412865,0.8218348724214264,676
gincdif,values,SI,-0.026656409742161144,0.4899651584807396,-0.06665544808004832,0.0840062673526799,2.0653789004457654,3.8432392273402676,0.9505037263995256,0.8870024917460423,673
gincdif,values,SK,-0.01251702344363355,0.7447453678259064,0.015190203369297177,0.6927586310817343,1.9896907216494846,3.7466863033873343,0.8298699431205507,0.8907340483062978,679
gincdif,values,UA,-0.03860201739022648,0.3269108377580887,-0.04025388280762212,0.30661998259829476,2.1313755795981453,3.7302936630602783,1.105735872630492,0.945648535143266,647
freehms,values,AT,0.027201958970377183,0.481122451150357,0.028693638262849028,0.45739292052307795,1.7845468053491829,3.7682020802377414,0.867535582136699,0.9704254133689683,673
freehms,values,BE,-0.01464391251944709,0.703066421363821,-0.004819083183296249,0.9001785134273717,1.4779411764705883,3.888235294117647,0.842247080024681,0.9166323411412716,680
freehms,values,BG,-0.08621933871519884,0.02818968103892697,-0.09565742894762116,0.014853671077776676,2.9691358024691357,3.736882716049383,1.2940135113741393,1.007996239571274,648
freehms,values,CH,-0.012547050202225801,0.7447025061474507,-0.021541066239119874,0.5760961456830953,1.6908284023668638,3.8357988165680474,0.8077248670686074,0.9235789233267574,676
freehms,values,CY,-0.02689893660487235,0.4866744530039637,-0.02447951204267958,0.5267194609558098,2.630402384500745,3.716542473919523,1.1732973000322475,0.983540951760672,671
freehms,values,DE,-0.006731037738405793,0.8608185330064552,-0.002166932700551282,0.9549877812834084,1.5550660792951543,3.8230543318649044,0.7196659989459486,0.9455219901241922,681
freehms,values,EE,-0.054838975637715795,0.15653388289235873,-0.05894941530787318,0.12770814934991587,2.2600896860986546,3.889387144992526,1.048769163549076,0.9436318619633113,669
freehms,values,ES,-0.017457713303503104,0.6492719780580085,-0.021203390560842163,0.5806957142846245,1.5315712187958883,3.776798825256975,0.7855039772205152,0.9867306544691952,681
freehms,values,FI,0.009711921785043206,0.7999938700738741,0.015016964967688309,0.6952350929993676,1.6559297218155198,3.9275256222547585,0.8460218141453248,0.8866577977413929,683
freehms,values,FR,-0.005726996576943494,0.881760487424407,-0.02797967914606574,0.46734450022843355,1.382570162481536,3.84711964549483,0.7594710942971448,0.9876657102433022,677
freehms,values,GB,0.0062914296307257315,0.870396556375867,0.012485569758681647,0.7460924739619368,1.602962962962963,3.805925925925926,0.7544074984386134,0.9340860560374111,675
freehms,values,GR,-0.02536032040331316,0.5091218042438145,-0.00971131596073012,0.8004380774571449,2.1852941176470586,3.7566176470588237,1.1669560248913187,0.9372587332853398,680
freehms,values,HR,-0.03274368005682222,0.4049709740989645,-0.03957833546285824,0.31406559787136384,2.5500770416024654,3.7750385208012327,1.1225951636555536,0.9735353228046869,649
freehms,values,HU,-0.013047724342449728,0.7366014703686765,-0.011225451976415706,0.7722923511600375,2.7496251874062967,3.7736131934032984,1.2551320511847301,0.9908103216051224,667
freehms,values,IE,-0.011333096304165293,0.7678301158327587,-0.0024354045774347462,0.9494180467383007,1.6211453744493391,3.9596182085168867,0.8209172654880434,0.9355239965594419,681
freehms,values,IL,0.0032631261935935213,0.9331651880153612,0.013265110534458455,0.7331555487610574,2.779788838612368,3.883107088989442,1.4717116914584654,0.9227657751703859,663
freehms,values,IS,0.006673393543028976,0.8618978542534433,-0.01085884667592371,0.7771244520089927,1.3255131964809383,3.973607038123167,0.6722265263751905,0.9359243404526424,682
freehms,values,IT,-0.03842407675450793,0.320302826557073,-0.021670376249485226,0.5752329461856734,2.0640834575260807,3.7317436661698955,1.0090962495151983,0.941746440436859,671
freehms,values,LT,-0.009219344014992073,0.8111762281889973,-0.004877022626049451,0.899430655884942,3.0044510385756675,3.8405044510385755,1.1531896761801799,0.9813295924026653,674
freehms,values,LV,0.048154397134030545,0.22596957959100872,0.053767539223993376,0.17633098500300093,2.4779179810725553,3.745268138801262,1.270761767120689,0.9857682422933222,634
freehms,values,ME,-0.06332354982812086,0.10784353005912208,-0.062005112198512374,0.11539089308868199,3.3560371517027865,3.7260061919504643,1.172099061287195,1.0127122964151454,646
freehms,values,NL,-0.017947402601763005,0.6403656734811761,-0.021995091061212894,0.5669319241573514,1.4191176470588236,3.886029411764706,0.6902982969094629,0.9531880306708044,680
freehms,values,NO,0.00427414389773914,0.9111568880951261,0.0065015013678490375,0.8652247464373674,1.4239766081871346,3.885233918128655,0.6437522504197893,0.9483289322013849,684
freehms,values,PL,-0.035868220675162064,0.36050334674753876,-0.03452690696679746,0.37875595204329743,2.312883435582822,3.7415644171779143,1.0848572142599953,1.0176654741856135,652
freehms,values,PT,-0.08195761191247788,0.03391943599938322,-0.08776100201977605,0.02309979146960147,1.8850746268656717,3.7783582089552237,0.9344356715782379,0.9771960390317432,670
freehms,values,RS,-0.03689077303863534,0.34622374394282635,-0.030886592374241042,0.4303732954440135,3.1559633027522938,3.720183486238532,1.343176130706598,0.9567952970205755,654
freehms,values,SE,0.011721673979911841,0.7599381549752344,-0.004812228003062161,0.9001735182393947,1.3900293255131966,3.7976539589442817,0.6437913118215642,0.93870614732952,682
freehms,values,SI,-0.03717313524432789,0.3429130813228748,-0.046371441321867296,0.23667607670313173,2.3598774885145484,3.7993874425727414,1.04384611360789,0.9429425902420444,653
freehms,values,SK,-0.010217804785550693,0.7936216649961231,-0.0001724768951719526,0.996476648351882,2.8009118541033433,3.717325227963526,1.2017994200779734,0.9953640579790967,658
freehms,values,UA,0.005881694025845078,0.8826805117065077,-0.00113042428060844,0.9773732910260755,3.0063291139240507,3.6882911392405062,1.3859006371814477,1.0200784240308896,632
hmsfmlsh,values,AT,-0.03825788408633124,0.3290044632225507,-0.01946738370231024,0.6194987776725204,4.174578866768759,3.4525267993874427,1.0391847391431608,1.0642895112583588,653
hmsfmlsh,values,BE,-0.02449920488046621,0.5233096699923838,-0.02752826634478861,0.4732548974381136,4.486049926578561,3.44640234948605,0.9882526724287137,1.0483135516546123,681
hmsfmlsh,values,BG,-0.04051913333736322,0.30760398058339383,-0.0432801670503507,0.2757801755966682,2.790880503144654,3.382861635220126,1.3228382198049595,1.0306508851045395,636
hmsfmlsh,values,CH,-0.016018959428202393,0.6816918541828424,-0.01559978545592611,0.6895826368525981,4.334346504559271,3.377659574468085,0.906969269437028,1.056545587278652,658
hmsfmlsh,values,CY,0.014715881178970065,0.706545409884653,0.01889279905291391,0.6288249336953884,3.2146118721461185,3.406392694063927,1.1782710864188022,1.0724467343394368,657
hmsfmlsh,values,DE,0.02314466214922652,0.5483183960364865,0.0061854196858679026,0.8725615771172108,4.463703703703704,3.262962962962963,0.8832942964580953,1.030019787538656,675
hmsfmlsh,values,EE,0.002293897265109305,0.9528824749510091,0.009504990091713222,0.8065804807562568,3.674174174174174,3.3453453453453452,1.2104158210479992,1.0506500462356594,666
hmsfmlsh,values,ES,-0.03591645881028843,0.3511295591247109,-0.047728121384151174,0.2152192657545892,4.550295857988166,3.296597633136095,0.8954948483656872,1.0748175897306433,676
hmsfmlsh,values,FI,-0.028235283354670862,0.4619617764896337,-0.019134221626920946,0.6181637108374795,4.4566813509544785,3.42143906020558,0.8427651440462809,1.0547839127190366,681
hmsfmlsh,values,FR,-0.0219663637884887,0.5674386223358595,-0.0018167600970719114,0.9622835441632901,4.6308823529411764,3.320588235294118,0.8549875078437283,1.0611715569145923,680
hmsfmlsh,values,GB,-0.06417030283080954,0.0957491696090451,-0.06932690529883445,0.07186164944842699,4.383703703703704,3.419259259259259,0.9046703259890504,1.0756611586526084,675
hmsfmlsh,values,GR,0.04513171871691148,0.24945790343275195,0.042192824721171446,0.2816574582111066,3.4073506891271057,3.3813169984686064,1.329032073576625,1.0501621751630192,653
hmsfmlsh,values,HR,-0.11784395135530287,0.003124423476850502,-0.11942259036107482,0.00274358660972988,3.2998405103668262,3.386762360446571,1.2107281256874847,1.0828020445669564,627
hmsfmlsh,values,HU,0.03550219719572236,0.36505986587157335,0.03715752238576082,0.34311596748318757,3.223583460949464,3.372894333843798,1.305578412763201,1.044229123681158,653
hmsfmlsh,values,IE,0.02051748148132584,0.6001704358286348,-0.014936518777684225,0.7027870424257848,4.323664122137404,3.3877862595419845,1.0400123544511943,1.0597604383355061,655
hmsfmlsh,values,IL,0.024540299309321868,0.5281807498491522,0.019464621244536906,0.6168694705849728,3.0799396681749625,3.417043740573152,1.4793458164651498,1.0359383604266759,663
hmsfmlsh,values,IS,-0.04441853110190141,0.24668468034628424,-0.01893896320131293,0.621496532223895,4.755131964809384,3.3878299120234603,0.6251073777048536,1.0699945711019554,682
hmsfmlsh,values,IT,-0.03696398206583952,0.34342249024224936,-0.05068909490046353,0.1937364947636384,3.8846737481031868,3.420333839150228,1.0498481615904733,1.0203607492425477,659
hmsfmlsh,values,LT,-0.020856992750977237,0.5930223322457703,-0.021653541045119483,0.5789783086257269,3.080424886191199,3.4324734446130503,1.1634880224857849,1.0910279781315309,659
hmsfmlsh,values,LV,-0.008483661064052269,0.8330285390697124,-0.01057977574132707,0.7926199185905376,3.05,3.511290322580645,1.3978115829126319,1.0694169502474098,620
hmsfmlsh,values,ME,0.015506505437026096,0.6990531253844944,0.00561345624990529,0.8887042064211438,3.0560897435897436,3.395032051282051,1.1851386187721802,1.0633049113234554,624
hmsfmlsh,values,NL,-0.024415469992275785,0.5247308864155414,-0.05996776794241144,0.11794682811151203,4.559471365638767,3.4258443465491926,0.8692808130284804,1.0910768692259512,681
hmsfmlsh,values,NO,-0.0797869461445741,0.03709850270716638,-0.06947075809726266,0.06961086854257034,4.575402635431918,3.3023426061493413,0.7628342393010004,1.0436347013109017,683
hmsfmlsh,values,PL,-0.04750092591359467,0.22687105111332118,-0.05608343034966393,0.15354492867358033,3.8043143297380584,3.3728813559322033,1.1980874160927895,1.034335469752576,649
hmsfmlsh,values,PT,-0.01296851770372816,0.7410067950898721,-0.016331610615651616,0.6772317194629157,3.9539877300613497,3.339723926380368,1.15378202110718,1.1095875642251842,652
hmsfmlsh,values,RS,0.04902990495096082,0.21836290180917053,0.04850923300250572,0.22329769473571465,2.7199367088607596,3.4050632911392404,1.4116499643956977,1.046315547144873,632
hmsfmlsh,values,SE,0.05106397408478602,0.1835171303036177,0.053059550668996765,0.16695577539932796,4.591176470588235,3.3,0.777393267798325,1.053642255675762,680
hmsfmlsh,values,SI,-0.02284814304737854,0.5588133706853805,-0.02135802377284556,0.5847436196155921,3.7336377473363775,3.406392694063927,1.1345372201646011,1.0809415714654294,657
hmsfmlsh,values,SK,-0.03745324370094347,0.35379882678096225,-0.032135526643615436,0.426311481642834,3.0276422764227644,3.4504065040650405,1.2363456721366788,1.0255191728578243,615
hmsfmlsh,values,UA,-0.03892304936150208,0.33561040690226773,-0.038546352144073315,0.3403119641809841,2.511400651465798,3.454397394136808,1.3645596935730617,1.0959089927772143,614
hmsacld,values,AT,-0.04630761184270505,0.23768354014577758,-0.06001642424976968,0.1257900546759245,2.3803680981595092,3.5966257668711656,1.220453386868316,0.9910603304685559,652
hmsacld,values,BE,-0.031253413759879264,0.41651236624983057,-0.045735378855115326,0.23432063285054727,1.8657817109144543,3.573746312684366,1.156055366910982,1.013434632988674,678
hmsacld,values,BG,0.03783387218523141,0.33701135310643293,0.026016765442738468,0.5091980165049949,3.7554179566563466,3.4891640866873064,1.2284458178393465,1.0103527272685178,646
hmsacld,values,CH,0.04996949609983624,0.19742798366664252,0.04228352301473583,0.2755069523423273,2.530734632683658,3.63568215892054,1.2828973987738685,0.9947087978494288,667
hmsacld,values,CY,0.0028066618588673724,0.9424100903340793,0.001758850535038417,0.9638911207119598,3.781954887218045,3.5270676691729324,1.2749813716136293,1.020507183993656,665
hmsacld,values,DE,-0.029649269566086905,0.44220207909277154,-0.043997138862802564,0.25400962466587057,1.9821958456973294,3.550445103857567,1.083296349529511,0.9897580013025463,674
hmsacld,values,EE,-0.044102935147641485,0.2575134583627115,-0.04496488180871146,0.2483200703361236,3.098335854765507,3.625264750378215,1.3610424755914134,0.9602462426209761,661
hmsacld,values,ES,-0.011589479360287466,0.7637534496560358,-0.032318358479138005,0.4018519416778465,1.751111111111111,3.5481481481481483,1.0493651229321987,1.0261312677299306,675
hmsacld,values,FI,-0.002502935275748749,0.9482090466960922,-0.013466826932854701,0.7267099519894733,2.18491124260355,3.652810650887574,1.194980920148042,0.9912989307064362,676
hmsacld,values,FR,-0.0503806621110992,0.19143018810771475,-0.03478576749597901,0.3672228161340722,2.1379821958456975,3.5467359050445104,1.3376298347150037,1.0218837447589244,674
hmsacld,values,GB,-0.0935376439809052,0.016391324551494602,-0.1282506979581794,0.0009765580335693039,1.993920972644377,3.622340425531915,1.0726825815150587,1.0165312401340472,658
hmsacld,values,GR,-0.02471652853043987,0.5227236321004691,-0.022563123872813107,0.5595889214982257,3.855439642324888,3.53725782414307,1.2560169485651287,1.0041470386445115,671
hmsacld,values,HR,0.03209380084871863,0.4114903620441519,0.024513436408389325,0.5305108179030976,3.5449010654490105,3.5369863013698635,1.2548232667375172,1.0242421595191498,657
hmsacld,values,HU,-0.006620721273526682,0.8644831202220533,-0.0005457590298943386,0.9887753126771709,3.36431784107946,3.5067466266866565,1.2450929295959665,1.0271974468741294,667
hmsacld,values,IE,-0.10176736351085057,0.009313548426884187,-0.08542363916414857,0.029180872059925755,2.062883435582822,3.641871165644172,1.1483119107874746,1.022877268576879,652
hmsacld,values,IL,-0.0545500653143949,0.16189170426038732,-0.04627321764407265,0.23551968379312277,3.0197268588770867,3.6817905918057665,1.477667363493776,1.0079934981197929,659
hmsacld,values,IS,0.006110697394383587,0.8735324554651942,-0.01279051862235137,0.738997266923499,1.5976505139500734,3.679882525697504,1.0216453287124072,1.0100337724420958,681
hmsacld,values,IT,0.051630970360201006,0.18793627171714836,0.04411341924288343,0.26067759489450815,3.1319018404907975,3.559049079754601,1.2764296173008816,0.9887824056995373,652
hmsacld,values,LT,-0.03539547605888289,0.3592378069958949,-0.015966243331207434,0.6792721481204106,3.9078751857355125,3.5594353640416045,1.0324268260099034,1.0308648887255047,673
hmsacld,values,LV,0.05599500316067773,0.159059766235742,0.051364962412164906,0.19648283031295644,3.7539432176656153,3.5832807570977923,1.2999059037253524,1.0198989944919148,634
hmsacld,values,ME,-0.011968333881477954,0.7608824623783134,-0.007073708442029104,0.8572617209913111,3.6656394453004624,3.4707241910631743,1.130691201001367,1.00955600773937,649
hmsacld,values,NL,0.004632951190015739,0.9045097907677924,-0.018324199585169492,0.6351241467844307,1.8083209509658247,3.62258543833581,1.045307970877505,1.0181658793842996,673
hmsacld,values,NO,-0.0023520524132723134,0.9510751665839428,-0.014145803347488314,0.7121042256449842,1.910688140556369,3.5702781844802343,1.0773269683508253,0.9912569756163817,683
hmsacld,values,PL,-0.02829458325019409,0.4717882120282716,-0.023194121786986925,0.5553102420812571,3.6640986132511557,3.50462249614792,1.3116133087697386,0.9976717746459709,649
hmsacld,values,PT,-0.07035769359745178,0.07022591916778247,-0.0725649583381905,0.061846282127354726,2.570135746606335,3.5279034690799396,1.2668732400356546,1.0430562994584287,663
hmsacld,values,RS,-0.043163622868855465,0.272944783741916,-0.0498269388387821,0.2056050338449144,4.060278207109738,3.461360123647604,1.1515564577658222,1.0275116498335375,647
hmsacld,values,SE,-0.020971415457184756,0.5851198816046586,-0.021902713347271643,0.5685620735875163,1.8191176470588235,3.6602941176470587,0.981981608840254,1.021512307785855,680
hmsacld,values,SI,0.04299855030874157,0.2710927293464838,0.04497932070787619,0.24960976452714564,3.1598173515981736,3.504261796042618,1.2997532470334794,1.005190846891986,657
hmsacld,values,SK,-0.03623597327488856,0.35708237202513615,-0.03408081242734256,0.38641752805623125,3.935185185185185,3.548611111111111,1.1591166610694303,0.992022858028018,648
hmsacld,values,UA,-0.004120713544831618,0.918572245939228,-0.0004142522385597628,0.991800046319296,3.627831715210356,3.5614886731391584,1.3072552155331822,1.0102099773872872,618
euftf,values,AT,0.023147401568382363,0.5570251413539564,0.02269167734374734,0.564817404971359,4.6006191950464395,6.372291021671827,3.0149394821653304,1.682861170693008,646
euftf,values,BE,-0.014747777914800662,0.7042313238291207,-0.0004155443153110261,0.9914662061293493,5.91578947368421,6.2956390977443615,2.369257232790478,1.8035512798229476,665
euftf,values,BG,0.01649702563295128,0.683047266640553,0.02812471043211094,0.48631053252112316,5.624390243902439,6.421463414634146,2.5942287947758342,1.874540848418346,615
euftf,values,CH,0.0010864072887302803,0.9778944663113028,-0.004456939452320262,0.909495920223457,5.0673813169984685,6.249464012251149,2.411957438291343,1.7112189859272797,653
euftf,values,CY,-0.046080042913552735,0.24402090039068447,-0.07111315949766686,0.0719861668476498,5.897035881435257,6.3198127925117005,2.97521122363993,1.7390902693358377,641
euftf,values,DE,-0.06721546072191514,0.08257439126863156,-0.07208569938058039,0.06259764325426939,6.173652694610778,6.109131736526947,2.653349637531441,1.7212902209094432,668
euftf,values,EE,0.09120995188877618,0.019186458521487423,0.09158940463091073,0.01868924297678214,5.757207890743551,6.4386949924127475,2.9123866226334854,1.600153524973627,659
euftf,values,ES,-0.035404625792061176,0.3715884729684867,-0.03023431003075969,0.44549053828486146,6.245696400625978,6.092175273865414,2.3636569301046078,1.8050264529575981,639
euftf,values,FI,-0.02030470689131509,0.5995554887561646,-0.01979148644394624,0.6088145483754429,5.57973174366617,6.3575260804769,2.087448042686622,1.7845520752820356,671
euftf,values,FR,0.007679813102739068,0.8479242093432706,0.01412852153966513,0.7242334394466726,5.257188498402556,6.409105431309904,2.707498521294426,1.741658106077784,626
euftf,values,GB,-0.01790282186508416,0.6730349695019618,-0.003369779823485759,0.9366963800294513,5.247311827956989,6.175985663082438,2.559830197936104,1.7505875945480325,558
euftf,values,GR,0.0011758522971955006,0.9764642564206971,-0.0007301792048098435,0.9853835056668516,5.1424050632911396,6.380696202531645,2.325761311991123,1.7021867606404593,632
euftf,values,HR,0.017901652726889535,0.6532977428862955,0.01820636542920037,0.6477912948627197,5.367088607594937,6.464240506329114,2.786324835763588,1.6933316757018053,632
euftf,values,HU,0.004524632863707565,0.9086915421975414,-0.001253802623679649,0.9746467910826397,4.488372093023256,6.3787596899224805,2.7933936012746847,1.8048498362168053,645
euftf,values,IE,-0.011692956072208863,0.7724593208941977,-0.003652856637162063,0.9280249199075135,5.250814332247557,6.243485342019544,2.5587308847061077,1.7446019946357145,614
euftf,values,IL,-0.021974954094452704,0.6289127715389239,-0.020106580159452603,0.6583726762153257,4.872427983539095,6.299382716049383,2.4604460809949376,1.9539385627073,486
euftf,values,IS,-0.01599212405311034,0.6877558087118862,-0.008483321533280385,0.8311811957034781,5.7933753943217665,5.999211356466877,2.383438174206011,1.8859460294589463,634
euftf,values,IT,-0.06699580381373041,0.08714686533292355,-0.050369530356153824,0.19862245119447192,4.76416539050536,6.501837672281776,2.70641180005921,1.7587370829613875,653
euftf,values,LT,0.015118514693574628,0.7006591086371432,0.004631542529302897,0.906254704984296,6.081664098613251,6.442989214175655,2.776853124651181,1.6549451712806726,649
euftf,values,LV,-0.0275942916061883,0.5031523080635709,-0.04335239927959316,0.2927162480048284,4.7732656514382406,6.456345177664974,2.662233545923144,1.7038509252765304,591
euftf,values,ME,0.07965332953168291,0.0403288237816098,0.05574751243137699,0.151618701587285,6.069381598793363,6.025490196078431,2.51905380933867,1.8100254607906445,663
euftf,values,NL,-0.03330153071957691,0.39266393421349394,-0.03991868643478255,0.3054706777446368,5.609682299546142,6.361422087745839,2.3098268442523224,1.6832176362449205,661
euftf,values,NO,0.006406093419652688,0.8736206334264041,0.01857793891803701,0.6445695388525736,5.197092084006462,6.1518578352180935,2.0986799541043037,1.8021496349130703,619
euftf,values,PL,-0.0021477568479129,0.9564157602700492,0.0028499436844302718,0.9421881805675434,5.684615384615385,6.373846153846154,2.727575938263229,1.8836476532748379,650
euftf,values,PT,-0.04784378487738486,0.24352085949547883,-0.062080917977553704,0.13005955214625328,6.258389261744966,6.205536912751678,2.2537393963606402,1.8494022328317943,596
euftf,values,RS,-0.014419320423662877,0.7240352170401663,-0.024771742741005402,0.544102051565359,4.767441860465116,6.3146179401993345,3.54937642116799,1.9653958808840735,602
euftf,values,SE,0.03755201674176106,0.34137720364390767,0.0448240539107778,0.2560117903394473,5.1770186335403725,6.326086956521739,2.079979317016588,1.6750486816028367,644
euftf,values,SI,0.03654665813340697,0.35939029347879353,0.027331349592133975,0.493140499155333,5.662440570522979,6.395879556259906,2.525771873699299,1.718225961656833,631
euftf,values,SK,0.038778467297656986,0.32810437011766425,0.03136362780708968,0.42903484831129063,4.206896551724138,6.120376175548589,3.032707536224135,1.874297402518948,638
euftf,values,UA,0.029125486767229668,0.4793763569819436,0.04433318465903415,0.2815148226136414,6.405405405405405,6.201689189189189,3.3226655106922305,1.8060522010671165,592
atchctr,attachment,AT,0.06874051714821064,0.0726032806851352,0.025582850800372686,0.5044696124436507,8.363103953147878,7.019472913616399,1.8499228087325175,1.5447532095356926,683
atchctr,attachment,BE,-0.0025372359681722365,0.9471898812615122,-0.02389194857229523,0.5327578186409693,6.358187134502924,7.035087719298246,2.4179793095689104,1.6458643742465895,684
atchctr,attachment,BG,0.0020828546074345084,0.9566370802758638,-0.02348104564635609,0.5398298310420088,7.997076023391813,7.019590643274853,2.35066239443299,1.626535758300726,684
atchctr,attachment,CH,0.038367707688774795,0.3170647020596993,0.041014400004523416,0.2848076589596255,7.803519061583578,6.869061583577713,1.8352365855368886,1.6778146401892309,682
atchctr,attachment,CY,0.01566767729873799,0.6822912180658174,0.02034037149493351,0.5951130944915821,8.246715328467154,7.092408759124088,2.1176317421023496,1.6031951492169856,685
atchctr,attachment,DE,0.08189811265331676,0.03222612355125464,0.08522585978298505,0.025818882741388816,7.14766081871345,6.870467836257309,2.257275939408476,1.72957372108004,684
atchctr,attachment,EE,0.12177659066212913,0.0014296999212461904,0.14979540285666418,8.501079369448173e-05,7.856515373352855,7.089165446559297,2.1721843630367514,1.5594945343900948,683
atchctr,attachment,ES,0.0724217946826527,0.05852984827230174,0.06769784341186223,0.07705729445187984,7.720351390922401,7.011127379209371,2.3265606232852343,1.6553899487968764,683
atchctr,attachment,FI,0.043346156515615394,0.25724026899498664,0.036544240258573564,0.33956429861722137,8.645255474452554,7.155912408759124,1.5535269626944588,1.5433447740967545,685
atchctr,attachment,FR,-0.048107652162152494,0.2092311125219451,-0.02000591051397923,0.6017160131703282,8.1303074670571,7.052708638360175,1.72501121396836,1.5865095169087342,683
atchctr,attachment,GB,0.057701574624422956,0.13540059629805906,0.05974837293985541,0.12205678892748038,6.612518628912071,7.022950819672131,2.6875208693440706,1.5790921997114753,671
atchctr,attachment,GR,0.0009807649409839729,0.9795886445986216,0.003169395289981526,0.9341073271479607,8.773060029282577,7.215519765739384,1.6036177503860072,1.4968468767899932,683
atchctr,attachment,HR,-0.0021488038569716754,0.9553639655363523,0.030897214037795048,0.42081740309515875,7.790014684287812,7.2430249632892805,2.3031219540176706,1.4404193469139996,681
atchctr,attachment,HU,0.02469093094913602,0.5206786843455892,0.02481561208061231,0.5185747246898712,8.185567010309278,7.009278350515464,1.9350129605189088,1.664895022863597,679
atchctr,attachment,IE,-0.011733134883159297,0.7593681824038486,0.01869223292031536,0.6255400542244379,8.049707602339181,7.067543859649122,1.942930248991399,1.5668787569780638,684
atchctr,attachment,IL,0.1412085554640739,0.00026779029298546896,0.12681136368408527,0.0010761648262043555,7.5362537764350455,7.185347432024169,2.9882852234939747,1.5459516553116135,662
atchctr,attachment,IS,0.05366666062206973,0.16152833501667033,0.023726885406510852,0.5361923365959343,8.127565982404692,7.079618768328446,1.7693348757074512,1.6341917044794276,682
atchctr,attachment,IT,0.07179373107141479,0.061328156350349154,0.07711467353954897,0.04441012257987877,7.841176470588235,7.127352941176471,2.147316391695339,1.5691480739241996,680
atchctr,attachment,LT,0.008315869699760432,0.8281349522386715,-0.018048537141089806,0.6374939744143145,7.771929824561403,7.080263157894736,2.325119387237383,1.546338211161,684
atchctr,attachment,LV,0.03283544872637147,0.3926070827760577,0.030258423499960895,0.4308301640177081,8.185294117647059,6.976911764705881,2.262797980337191,1.6136692948329652,680
atchctr,attachment,ME,-0.05066293799526302,0.18569100591613874,-0.03290977255193832,0.39014150229429123,7.451754385964913,7.135380116959065,2.5077939693258067,1.481186952890738,684
atchctr,attachment,NL,0.029236016293476365,0.44523339453822525,0.02531344636481136,0.5086587689248064,7.014619883040936,7.2251461988304095,1.9525310379423533,1.4324351305354013,684
atchctr,attachment,NO,0.04193072292226394,0.2741749830729779,0.02749020036501061,0.4735415282566544,8.419354838709678,6.986656891495601,1.6982605405607227,1.6026082712994192,682
atchctr,attachment,PL,0.05146030971645245,0.17949326533660215,0.025786349968485348,0.5013988642810979,8.31524926686217,7.167595307917889,2.0511883334979677,1.5103334017014696,682
atchctr,attachment,PT,0.06203572977409927,0.1050092896823635,0.06182526268874041,0.10619624850647479,8.383040935672515,7.00921052631579,1.9411711287717186,1.5585366741566837,684
atchctr,attachment,RS,-0.01337772115402265,0.7269027502942047,0.003611268305014863,0.9248911189860494,8.027777777777779,7.078801169590642,2.717136180298531,1.590934519589315,684
atchctr,attachment,SE,-0.0009839337039820833,0.9794926489554018,-0.011878164263753887,0.7563142180692026,7.835036496350365,6.9218978102189785,2.1529115075154355,1.6740239072885312,685
atchctr,attachment,SI,0.004769938561936013,0.9010462629873891,0.0014067506407935933,0.9707480472195159,7.818181818181818,6.991642228739002,2.246699176264226,1.5707880121159146,682
atchctr,attachment,SK,0.06576777462300204,0.08634918130013255,0.048691343356577536,0.2044172854435813,7.5506607929515415,7.094126284875184,2.394387494637251,1.5763866468919563,681
atchctr,attachment,UA,-0.05839272794616571,0.12991380400355468,-0.06334922930338294,0.10033335700179417,8.393175074183976,6.757418397626113,2.2266815791420225,1.7303719498168681,674
atcherp,attachment,AT,0.06490774452464389,0.08984007603546779,0.03787824748174363,0.32257126199137515,6.470760233918129,7.234649122807017,2.4549872163263027,1.469598612439117,684
atcherp,attachment,BE,0.013043420188084298,0.7336529578126906,0.009473622285365007,0.8048012466830039,5.7862371888726205,7.125768667642752,2.4437335713423978,1.5761075663724144,683
atcherp,attachment,BG,0.024678553005882203,0.5221227096909711,0.01092353268473124,0.7769590271112661,4.564444444444445,7.048592592592591,2.7583019188925944,1.54722215089432,675
atcherp,attachment,CH,-0.009893825393342406,0.7969156144936326,0.0053732410928942625,0.8888520262349456,6.101620029455081,7.179970544918998,2.2849992473574665,1.4756167649119574,679
atcherp,attachment,CY,0.04751351447044124,0.2176333321750232,0.055767698809860634,0.14780497545084909,5.214814814814815,7.0820740740740735,2.6378470707983928,1.5850811773276916,675
atcherp,attachment,DE,-0.029322218730164135,0.44422653196346545,-0.03693491509684842,0.33513226982406236,6.550512445095168,7.056222547584187,2.3983765650064557,1.5312009423215884,683
atcherp,attachment,EE,-0.09180056410348636,0.017130584791498392,-0.08426181278724047,0.028713731508178835,5.749258160237389,7.1853115727002965,2.6366444491218135,1.4038498248433937,674
atcherp,attachment,ES,-0.006394606096805925,0.8679028006107429,0.004520564933449496,0.906401432055249,6.673048600883653,7.053460972017672,2.2809383223528497,1.5806953805244839,679
atcherp,attachment,FI,-0.01840849436295958,0.6305468969524404,-0.040025923489657896,0.2955219536853521,6.905109489051095,7.074306569343065,1.9197466164387307,1.5708081670562763,685
atcherp,attachment,FR,0.0036484048789756146,0.9245663922085459,-0.03719412052482813,0.3342486012218913,6.15680473372781,7.122189349112427,2.4703811966231872,1.5036681862911672,676
atcherp,attachment,GB,-0.013878618110364997,0.7213160938247083,-0.023438004244810604,0.5468785519446782,4.6968325791855206,6.790346907993967,2.7526596170605995,1.6108948462755233,663
atcherp,attachment,GR,-0.018873927187023964,0.6242346905221385,-0.0392811823835747,0.3078165698345214,5.208579881656805,7.175147928994083,2.4213832094368706,1.5072479140409814,676
atcherp,attachment,HR,-0.01813407356907556,0.6378892378724418,-0.026183149911239677,0.49674602911341287,6.022189349112426,7.258875739644971,2.6955840869874055,1.475456863614908,676
atcherp,attachment,HU,0.03200431581147436,0.40470460957324045,0.04932378401154589,0.19892421740090996,7.251470588235295,7.1004411764705875,2.343794026991256,1.5829587086884036,680
atcherp,attachment,IE,0.010941094527552696,0.7756421839126834,0.014901332578552194,0.697888751626512,5.939794419970632,7.070190895741557,2.396238342270822,1.5132380917518418,681
atcherp,attachment,IL,0.0363762976790818,0.35078829064774325,0.02107262381844505,0.5889216856095213,2.456060606060606,6.678636363636363,2.3687795329738366,1.8742924907848704,660
atcherp,attachment,IS,-1.9979970343653335e-05,0.9995850559035356,0.004036198739602216,0.9163298067825257,6.298529411764706,6.8302941176470595,2.1852358147678212,1.6766594624823994,680
atcherp,attachment,IT,0.045496487728797386,0.23886917434540578,0.03865434219072686,0.3170475452173676,5.7663690476190474,7.1379464285714285,2.281370133876559,1.4869137893960156,672
atcherp,attachment,LT,-0.001010360219366892,0.9792840868367138,0.01362727293397049,0.7261586807759333,5.880844645550528,7.092760180995475,2.7243965287044865,1.466300835533133,663
atcherp,attachment,LV,0.07294232380307121,0.059153065957187376,0.08019777334479275,0.03795546540952358,5.2432835820895525,7.019104477611941,2.822434355174035,1.5340555893125247,670
atcherp,attachment,ME,0.06458993118575274,0.09335047474555341,0.05615902137068279,0.1446797672531159,4.865384615384615,6.988905325443787,2.4125443768706867,1.6560760359806477,676
atcherp,attachment,NL,-0.004291204957208885,0.910868920751935,0.014298602356011542,0.7091349671301083,5.815519765739385,7.154319180087847,2.150753632658035,1.4704791837831308,683
atcherp,attachment,NO,-0.028272356549349485,0.4607141433530344,-0.0239619273201733,0.5318593917455775,6.679355783308931,6.945534407027819,2.1336498668863886,1.6122305089503712,683
atcherp,attachment,PL,0.005969251864188482,0.8774338176127422,-0.002924745492098548,0.9397660108126672,6.867164179104478,7.145970149253731,2.355916005955124,1.5084040207088287,670
atcherp,attachment,PT,0.0765123833404835,0.0469136219083289,0.05764762637847808,0.1346021310244584,6.751111111111111,6.870814814814814,2.197984869746833,1.6665121326313515,675
atcherp,attachment,RS,0.03632254206497586,0.3493128546927964,0.027454671782125187,0.47936488969026303,3.545045045045045,6.916366366366367,3.057629099850668,1.6838157555553848,666
atcherp,attachment,SE,0.04182238236140555,0.2747124307509561,0.03037875717171038,0.42763945887154364,6.612573099415204,7.010818713450292,2.2279772622998375,1.6304927178488793,684
atcherp,attachment,SI,0.03305224599296807,0.39018857775240723,0.00943891555367852,0.8062036132876023,6.002949852507375,7.018879056047196,2.663832408834302,1.5780428149058303,678
atcherp,attachment,SK,0.00472801558769698,0.9022712965148253,0.014783121497632447,0.7010114151656008,5.977843426883308,6.993353028064993,2.8086583299685723,1.6264365923982862,677
atcherp,attachment,UA,0.007617051011153734,0.8466637713745189,0.021916377824464178,0.5778977263360963,5.622874806800618,6.726738794435858,3.1475533406584257,1.7642333247718953,647
health,health,AT,-0.06433123268769822,0.09249568231198614,-0.07544516061411995,0.048404916227100976,2.102189781021898,3.7715328467153286,0.9309860170434934,0.8545499914466703,685
health,health,BE,-0.006459733989165475,0.8659851060449142,-0.01290845167749073,0.7359333205313967,2.0934306569343066,3.7759124087591243,0.8446775553136187,0.8462616059865,685
health,health,BG,-0.0815527621062684,0.032834797046682254,-0.09312606549309098,0.014760960127049357,2.051094890510949,3.754744525547445,0.8812634461104484,0.8526678808579229,685
health,health,CH,-0.06620231031299607,0.08337767643261915,-0.08307331497834237,0.029703282482680424,1.8773722627737226,3.797080291970803,0.7411261287413943,0.8207774810314521,685
health,health,CY,-0.07136430789075032,0.0619362196883165,-0.05596381765416649,0.1434167531259514,2.0423357664233577,3.7897810218978103,0.9806402780491646,0.8649514632913406,685
health,health,DE,-0.04772251091465635,0.2125687511342084,-0.03944429465296257,0.3029554384300551,2.31140350877193,3.75,0.8831189343283397,0.8424585786898956,684
health,health,EE,-0.004459300835883033,0.9072574782657866,-0.0016814803568198056,0.9649616299211389,2.370802919708029,3.8131386861313867,0.79270804858022,0.8425644437365895,685
health,health,ES,0.023136169169444526,0.5455069491429828,0.018736021008794134,0.6244764432576809,2.2846715328467155,3.797810218978102,0.9578004247480268,0.8858427739000068,685
health,health,FI,-0.0941604333405673,0.013686303823700403,-0.07303862669154652,0.056047645102703735,2.2554744525547443,3.7875912408759125,0.8274281746561418,0.8599644062634945,685
health,health,FR,-0.031245861939438343,0.41524873676144597,-0.039328464947650084,0.30508925939914583,2.196480938416422,3.8269794721407626,0.8984172362956573,0.827291085386383,682
health,health,GB,-0.049440340197877235,0.19654506763926666,-0.05114613574679507,0.18152542075023598,2.236842105263158,3.7448830409356724,0.9677308736662305,0.8467767589035159,684
health,health,GR,-0.05011398191083306,0.19050857556481693,-0.040808282551113455,0.2865289881651966,1.6666666666666667,3.847953216374269,0.8026311052213302,0.8432725196898199,684
health,health,HR,-0.11309647416949889,0.003056926434053999,-0.11358069773228036,0.0029325707335659513,2.1271929824561404,3.79312865497076,1.0699777713693281,0.8530178145359049,684
health,health,HU,-0.04971956842179854,0.19435359284972079,-0.041440951778422684,0.2794704024426337,2.206442166910688,3.833089311859444,0.9564502848084963,0.8314494477079212,683
health,health,IE,-0.021267196686733447,0.5784418875031943,-0.003025530463046829,0.9369997969457576,1.9372262773722628,3.8204379562043798,0.8379701961292465,0.8385048903785828,685
health,health,IL,-0.0578984425636259,0.13119478338421195,-0.05715789236834755,0.13620604746982343,1.7342143906020557,3.8947136563876654,0.9843576620874414,0.8581280663053015,681
health,health,IS,-0.02427350548928572,0.5259296829663801,-0.02826411177072468,0.46018690607235324,2.0189781021897812,3.8518248175182483,0.9054362173404771,0.8031464248769007,685
health,health,IT,-0.0673920390087142,0.07796775766953203,-0.05731905625372884,0.1339577832235486,2.1708029197080294,3.729197080291971,0.8592598970926647,0.8285088931063898,685
health,health,LT,-0.04970210677460985,0.1938561180413493,-0.0483012351551942,0.2067356663435722,2.394160583941606,3.8547445255474453,0.810725473195796,0.8265487680251745,685
health,health,LV,-0.08645843865810177,0.024051926227034955,-0.08392816906983415,0.02852213284329595,2.7841409691629955,3.707488986784141,0.8342562048870771,0.9276566033697974,681
health,health,ME,0.011756361248328857,0.7589065622267576,-0.00011637884470775278,0.9975759229213996,2.1052631578947367,3.745614035087719,0.8729051917810602,0.8297513625939962,684
health,health,NL,-0.07347731288843713,0.054584130211817745,-0.06168023655215128,0.10676321327683796,2.1343065693430656,3.7474452554744526,0.73512917632062,0.8462231442930711,685
health,health,NO,-0.024768715383331853,0.5175189108627312,-0.03686317639848618,0.3353633623071122,2.013138686131387,3.8875912408759126,0.8941670564777502,0.8243768917020227,685
health,health,PL,-0.04582345153062441,0.23135506454345023,-0.04360342163610651,0.25477267138220944,2.2002923976608186,3.790204678362573,0.8184905057092986,0.8688899797967853,684
health,health,PT,-0.02479552115343988,0.5173727945305184,-0.03359998956400534,0.3802725407249492,2.4722222222222223,3.6795321637426905,0.8961216437099161,0.9020015568873644,684
health,health,RS,-0.010520959212407208,0.7837299632809497,-0.00874469811090872,0.8195513656280708,2.3865300146412882,3.7569546120058566,1.0260221826350007,0.8606367975809535,683
health,health,SE,-0.008525548304849102,0.8238715535406667,-0.006826863117349729,0.8585492994113288,2.077485380116959,3.8399122807017543,0.8460512661934425,0.815049149895275,684
health,health,SI,-0.1012890480173189,0.008071067692473947,-0.08315554416515411,0.029780829045627195,2.1800878477306003,3.829428989751098,0.8970865148609475,0.8313668190628695,683
health,health,SK,0.019059043538241175,0.619029006011148,0.0332281985378504,0.38591819693271306,2.3938506588579793,3.7408491947291362,0.8790942525902717,0.8499010702020454,683
health,health,UA,-0.09735199176950188,0.010792397549070486,-0.10412465726301466,0.0063788494282582126,2.756204379562044,3.7518248175182483,0.8671103211501515,0.9083033304059086,685
rlgatnd,religion,AT,0.007519439302509318,0.8448254138966491,0.010305105080013643,0.7885169047758456,5.411764705882353,4.381617647058824,1.2938656004306714,1.23326513267191,680
rlgatnd,religion,BE,0.02880677060421287,0.4522790817877069,0.011515125940464103,0.7638734951983411,6.168374816983895,4.371156661786237,1.3306872609967235,1.2552889785633516,683
rlgatnd,religion,BG,-0.004019701682470168,0.9166092932420713,-0.002904096852326456,0.9397005960510025,5.3039647577092515,4.462555066079295,1.2579624603688822,1.2356798284779864,681
rlgatnd,religion,CH,-0.040158378163695295,0.2949889368251455,-0.05075005826853173,0.185580684280572,5.717008797653959,4.447214076246334,1.322116566083751,1.222104121070879,682
rlgatnd,religion,CY,-0.02258800431747094,0.5556500710279997,-0.015339267691224678,0.6890314619335739,4.320644216691069,4.606149341142021,1.3874061309002539,1.2514239237372993,683
rlgatnd,religion,DE,-0.017835033440367572,0.6412355136439015,-0.027635348489469184,0.4702310129182403,6.0510948905109485,4.286861313868613,1.2218835993892017,1.210264187379209,685
rlgatnd,religion,EE,-0.051761168603386455,0.17632390734168077,-0.032048815506822335,0.40266721331888794,6.007309941520468,4.22953216374269,1.085619733334903,1.21542276161307,684
rlgatnd,religion,ES,-0.02829876065006801,0.46029533703257974,-0.015382152574973827,0.6882075801149139,5.844802342606149,4.254758418740849,1.5170338053076198,1.2465036351814873,683
rlgatnd,religion,FI,-0.01614221928885213,0.6734417676029305,-0.029948505300056088,0.43421582551017796,5.847953216374269,4.22733918128655,1.1480374331996788,1.3317822124362355,684
rlgatnd,religion,FR,0.07432866922635582,0.05270024148168955,0.06800337719616587,0.07637789737572866,6.1647058823529415,4.307352941176471,1.2620861596922381,1.2493080472399725,680
rlgatnd,religion,GB,-0.01040765208179419,0.7861557309431713,-0.03368028489182351,0.3798348101156651,5.900293255131965,4.513196480938417,1.5391226696690687,1.246952956796434,682
rlgatnd,religion,GR,-0.044196198156095906,0.24975777808611668,-0.07712745564727547,0.044374777853455435,4.538235294117647,4.430147058823529,1.1983087507320118,1.152209879843005,680
rlgatnd,religion,HR,0.0545957103860843,0.15438251494300081,0.058253989700203915,0.12855857575778817,4.961876832844575,4.453812316715543,1.4261089652252996,1.1843913211973753,682
rlgatnd,religion,HU,-0.040510780431772656,0.2929084010257136,-0.053607363424244235,0.1638578595103401,5.563609467455621,4.421597633136095,1.4423565043971969,1.2075961273331184,676
rlgatnd,religion,IE,0.007822868892938581,0.8384132035177553,-0.005431226867406706,0.8874133032023033,4.8841642228739,4.416422287390029,1.6534789442565965,1.237113350730997,682
rlgatnd,religion,IL,-0.057644121878017485,0.1326140944119414,-0.05420613321696214,0.15734922582975855,5.134897360703812,4.578445747800586,1.9821484668197247,1.2494069973671502,682
rlgatnd,religion,IS,0.04531602600467661,0.23691238457793773,0.04724235577627444,0.21754910679314113,6.108345534407028,4.316983894582723,1.1639643241438242,1.3633358835634706,683
rlgatnd,religion,IT,0.06208640446090768,0.10574936978286147,0.07133328929891268,0.06301422605953892,4.695588235294117,4.4867647058823525,1.619099353590773,1.190525237951189,680
rlgatnd,religion,LT,-0.06863129684849585,0.07348264578052915,-0.08083439385304925,0.03494204175962513,5.12481644640235,4.340675477239354,1.184700633602654,1.2019979013393578,681
rlgatnd,religion,LV,0.018182875873194042,0.6354882891923913,0.0207177512546409,0.5891196291645023,5.790322580645161,4.453519061583578,1.2256534287909395,1.2620151206837262,682
rlgatnd,religion,ME,-0.06306689059137116,0.10186024124805018,-0.07023978490074805,0.06839471685968475,4.244807121661721,4.617210682492582,1.6796159368389938,1.162016715489667,674
rlgatnd,religion,NL,-0.009054029316966371,0.813149191623081,-0.00682737918689143,0.8585387190928494,6.165204678362573,4.347953216374269,1.4552031507234968,1.2022350674465172,684
rlgatnd,religion,NO,-0.03539019297842914,0.35645873612033513,-0.026969551389501592,0.4822853288606256,6.07488986784141,4.215124816446402,1.183949408162513,1.3326964121828357,681
rlgatnd,religion,PL,-0.06683464458213852,0.08340494106996242,-0.06864246129520551,0.07537085183381141,4.380952380952381,4.373511904761905,1.4843827795346862,1.2561316152105195,672
rlgatnd,religion,PT,-0.016998468670191315,0.6574324181368109,-0.008525087661321498,0.8240080580488938,5.265007320644217,4.281844802342606,1.6721952816772423,1.290328833233027,683
rlgatnd,religion,RS,-0.014769510308074095,0.700641911189982,0.004115568010718527,0.9146906954844082,5.08235294117647,4.497794117647059,1.1812154166457225,1.171423797381997,680
rlgatnd,religion,SE,0.014936925752484499,0.6967788553999843,0.03507929530620256,0.3599952100389216,6.039531478770132,4.182284040995608,1.1801962223607125,1.295749670856603,683
rlgatnd,religion,SI,0.014574238439275078,0.703789845093374,0.04098654739026427,0.28478097646675005,5.427525622254758,4.342606149341142,1.3928822615631018,1.2249424913511473,683
rlgatnd,religion,SK,0.010013088984383666,0.7952657674798305,0.021246234547522665,0.5818923841947725,4.713649851632048,4.353115727002967,1.6756868239305578,1.2532030029793713,674
rlgatnd,religion,UA,0.023246756695770834,0.5465549103155597,0.020374741034228025,0.5972043630987927,4.952592592592593,4.492592592592593,1.4659756187542288,1.2304633291553582,675
aesfdrk,safety,AT,-0.04054763032454549,0.2906847293454097,-0.039568623369098506,0.3024992022766135,1.7738619676945668,2.9434654919236416,0.7408011789956982,0.7689502215961288,681
aesfdrk,safety,BE,-0.05031727977263443,0.18903854219399763,-0.05692590373541818,0.1372269887754837,1.9677891654465594,2.8814055636896048,0.753575408856066,0.7776136993920544,683
aesfdrk,safety,BG,-0.015168295348810984,0.6940417217207817,-0.01705643766749291,0.6582358820567717,2.471111111111111,2.8414814814814813,0.8580104882935643,0.7513968382182937,675
aesfdrk,safety,CH,-0.03251004393051113,0.3959273365222618,-0.035044514391577984,0.36011933028210474,1.641812865497076,2.8735380116959064,0.6836772418903135,0.756437514304963,684
aesfdrk,safety,CY,0.008927796027360513,0.816239192887536,0.017134514198829807,0.6555797905622919,2.213235294117647,2.847058823529412,0.8068930597950521,0.7516247669875769,680
aesfdrk,safety,DE,-0.021637201828932213,0.5718481792279013,-0.026122828720975568,0.49488007288968994,1.9138686131386862,2.8510948905109488,0.7627265727752759,0.7782794027223933,685
aesfdrk,safety,EE,-0.036378883083520344,0.34281873903017435,-0.029478057359431084,0.4421437737884187,1.752199413489736,2.879032258064516,0.6356072874862875,0.7902398019753398,682
aesfdrk,safety,ES,-0.010455068305211711,0.784897141744718,-0.006332485189078113,0.8686962733971538,1.878654970760234,2.9115497076023393,0.7623347456218187,0.7975059561456341,684
aesfdrk,safety,FI,0.014361833548710476,0.7074983378975999,0.006110278196277788,0.8731719922279304,1.6379562043795621,2.9299270072992702,0.6261984284261259,0.7513501457029885,685
aesfdrk,safety,FR,0.007739718658307112,0.8406889263517897,0.019678292127327822,0.6092689930134628,1.9571639586410634,2.826440177252585,0.8615365339956037,0.7690929884560619,677
aesfdrk,safety,GB,0.05868914186901364,0.12712468035221866,0.05472710088395513,0.15491266587949806,1.9881831610044314,2.9416543574593796,0.7843754019193533,0.8044305449548024,677
aesfdrk,safety,GR,-0.00941413028018355,0.8058629331161897,-0.006608729784431266,0.8630236565342122,2.1973684210526314,2.837719298245614,0.8368833479954749,0.7604680323757157,684
aesfdrk,safety,HR,-0.04915452299386321,0.2011373788589152,-0.042729124239146175,0.26654514217932773,1.6017699115044248,2.919616519174041,0.6250292472993628,0.7790357827500611,678
aesfdrk,safety,HU,0.03580031065826075,0.3516203334076773,0.0339684534739677,0.37682496218389044,1.865979381443299,2.877761413843888,0.6057786180507879,0.7736956836116485,679
aesfdrk,safety,IE,-0.04252623161934057,0.2695344604780514,-0.04254818455093141,0.26928710174259113,1.9215976331360947,2.8476331360946747,0.8081480195884662,0.7791792576691541,676
aesfdrk,safety,IL,0.014611896396359743,0.703268609593278,0.02748749906565796,0.4735850109311893,2.001466275659824,2.9765395894428153,0.8696198417692281,0.8116485222603128,682
aesfdrk,safety,IS,-0.041160765200487635,0.28203069087558297,-0.0442105868982332,0.24786381188821094,1.4394160583941606,2.975182481751825,0.6497140243864535,0.7943312518744042,685
aesfdrk,safety,IT,0.07300891472461082,0.057794787819298594,0.06778592217466227,0.0782048327040467,2.230769230769231,2.885355029585799,0.7831560082980487,0.787273790949125,676
aesfdrk,safety,LT,0.02775311194385176,0.47227768698659534,0.019352724214613926,0.616253785330009,2.1069836552748886,2.8915304606240713,0.6729213771251261,0.7816551079447551,673
aesfdrk,safety,LV,-0.008970509185172481,0.8171240435615268,-0.004654269982658168,0.9045006060817562,2.110944527736132,2.838830584707646,0.7728405009192716,0.7739414817680399,667
aesfdrk,safety,ME,-0.09697157631047966,0.012093680542228445,-0.09657956037181822,0.012447167918609814,1.9282511210762332,2.896860986547085,0.6595181213679148,0.7712881053307991,669
aesfdrk,safety,NL,0.02678448013698544,0.4852970875673185,0.030327073195053032,0.42944458234865057,1.8223201174743024,2.8325991189427313,0.6614386439625711,0.7673639940420477,681
aesfdrk,safety,NO,-0.02071473026084865,0.5883530039378176,-0.02171867459538401,0.570401090664372,1.418978102189781,2.9051094890510947,0.6102838049786345,0.7825136779144991,685
aesfdrk,safety,PL,0.032164732062846264,0.4044440046226257,0.02693304351366445,0.4851451599076562,1.7626112759643917,2.856824925816024,0.6021479681636399,0.774245167890541,674
aesfdrk,safety,PT,0.024156072123883487,0.5291460809923931,0.03252547345915893,0.3967449393036038,2.0176211453744495,2.8627019089574155,0.6793038675684042,0.7749882622332365,681
aesfdrk,safety,RS,0.016066862086667213,0.6764577573879678,0.01840571211882009,0.6326090318885197,1.7031019202363369,2.8389955686853767,0.7431377244271222,0.760479563920095,677
aesfdrk,safety,SE,-0.01847256116055867,0.6296087026996244,-0.032823802847787215,0.39138151455361986,1.6491228070175439,2.89546783625731,0.7338195804809474,0.7655426598940863,684
aesfdrk,safety,SI,-0.04641757140553653,0.2277529130169271,-0.032254699635506756,0.40208159409515515,1.58493353028065,2.931314623338257,0.6012392552261909,0.7845174618242371,677
aesfdrk,safety,SK,-0.004289456251071825,0.9116908946985558,0.007227107773068998,0.8517688418629835,2.187779433681073,2.8614008941877795,0.6957652196180308,0.7684159740617247,671
aesfdrk,safety,UA,0.13099424581068939,0.0009028849415228206,0.1315902782455771,0.0008548505795300304,2.071987480438185,2.868544600938967,0.8177963507599977,0.7907753293067761,639
hincfel,income,AT,-0.05332217741317834,0.16424034380094615,-0.032300204834462505,0.39967800307792767,1.8533724340175952,2.777859237536657,0.7364410622593854,0.7371968124019328,682
hincfel,income,BE,-0.05673570504157642,0.13883729391395816,-0.06268819078155084,0.10189899994186966,1.7653958944281525,2.7910557184750733,0.8346949314850602,0.7265425535092642,682
hincfel,income,BG,-0.06421143068921517,0.09406973021636234,-0.06837639641058521,0.07456056100165741,2.534508076358297,2.7459618208516887,0.8570117888247959,0.7356983427202928,681
hincfel,income,CH,-0.06532647352902636,0.08966677439090126,-0.04428472816825479,0.2502113487911356,1.5754437869822486,2.747041420118343,0.7150782053722363,0.7325693827236123,676
hincfel,income,CY,-0.04107043113190835,0.2924503278064734,-0.03863920301278817,0.32198179081144035,2.095599393019727,2.7572078907435507,0.8812270719514106,0.7434141058007973,659
hincfel,income,DE,0.0036087034114224434,0.9250541965164119,0.0027802981714020723,0.9422240624321985,1.5733137829912023,2.7719941348973607,0.6602121214440657,0.7089682354305756,682
hincfel,income,EE,-0.04824009806167039,0.20764470033040275,-0.05265150197666377,0.16899166637295335,1.9269005847953216,2.807017543859649,0.6869895594669845,0.7355502275982747,684
hincfel,income,ES,-0.05496526286963809,0.15130686543538144,-0.054505046059589224,0.1547656734100403,1.8506588579795022,2.7972181551976574,0.8147892550095673,0.7426716400593858,683
hincfel,income,FI,-0.006526936061228331,0.8648008951420066,-0.007958915796231321,0.8355235496337223,1.7979502196193264,2.8389458272327963,0.6677720763144989,0.748688042145083,683
hincfel,income,FR,-0.12490873265355455,0.001070774836271069,-0.11397466880523359,0.00285518251780479,1.7159590043923865,2.7357247437774523,0.7274428425835165,0.7143771934789078,683
hincfel,income,GB,-0.06758058151204838,0.0806889569858812,-0.06799637067688388,0.07883705979221915,1.8071748878923768,2.7316890881913305,0.8406989896655791,0.7275463144818229,669
hincfel,income,GR,-0.03790729022797641,0.3243395643025421,-0.029995166089614403,0.4355313222556495,2.4837758112094397,2.74188790560472,0.7680102761222665,0.7275242649573024,678
hincfel,income,HR,-0.09144676396628844,0.017231580022142944,-0.08150593512314648,0.033845960084044266,1.8348082595870205,2.7622418879056045,0.775833782272995,0.7480288151646747,678
hincfel,income,HU,-0.0803264990374504,0.03665839765673933,-0.07165984332840847,0.06239418440786341,2.218611521418021,2.728951255539143,0.7004283292552306,0.7463050554472636,677
hincfel,income,IE,0.026222726985551868,0.4954564789321286,0.017432980741750644,0.650459209593677,1.8480825958702065,2.8023598820059,0.8484519810906153,0.7729895772530107,678
hincfel,income,IL,-0.02659455745164119,0.5008347358608742,-0.019522711399298634,0.6212144212285969,1.9626749611197511,2.8234836702954897,0.8974732608820422,0.7332930425548883,643
hincfel,income,IS,-0.08608093602236598,0.024572037990032592,-0.09595355977989393,0.01217504261011724,1.4897360703812317,2.812023460410557,0.7254834354511831,0.7316441039854499,682
hincfel,income,IT,-0.062432622678878065,0.10932661210741046,-0.07436501245246534,0.05638576167808861,1.9028831562974204,2.685887708649469,0.763714051186893,0.6885723255794268,659
hincfel,income,LT,-0.07003183602287713,0.06921883908480354,-0.07304360678058623,0.058048068582766045,1.9881305637982196,2.766320474777448,0.6958858556449861,0.758258616133856,674
hincfel,income,LV,-0.0777674774175769,0.043877097752671144,-0.07980586421658788,0.03861627263978955,2.5238095238095237,2.7291666666666665,0.7945596007813457,0.7275792635166656,672
hincfel,income,ME,-0.05751287784220035,0.14772285714991448,-0.05478127899830198,0.16796866108232442,2.5669291338582676,2.7244094488188977,1.0140227473750496,0.7244835575409369,635
hincfel,income,NL,-0.03833472139677144,0.3203469222282974,-0.028556015927262455,0.4592198210980248,1.3946587537091988,2.755192878338279,0.6298904024027971,0.7003573964784724,674
hincfel,income,NO,0.017820809818228964,0.6417458916428125,0.020512805537413158,0.5922664160249045,1.5116959064327486,2.809941520467836,0.6637512993080653,0.745206642129626,684
hincfel,income,PL,-0.04597829324774817,0.23080880770107157,-0.04839873009875319,0.20715354393868862,1.935389133627019,2.711453744493392,0.5546025628899502,0.7321911723933929,681
hincfel,income,PT,-0.09388567071326906,0.014319534014704125,-0.08751626907013538,0.022470047700943793,2.2985294117647057,2.7463235294117645,0.8323348721157007,0.7727795487475636,680
hincfel,income,RS,-0.023379307188022894,0.5436715460738124,-0.005708904314896833,0.8821312926462457,1.964549483013294,2.7695716395864105,0.7645522992783638,0.7473356776258478,677
hincfel,income,SE,-0.08053192264668133,0.03549552503719112,-0.08004049206141595,0.03663692026017134,1.3636363636363635,2.8057184750733137,0.6056733511141957,0.7321118828613192,682
hincfel,income,SI,-0.015208797627460462,0.692186059075141,-0.007990905497898054,0.8352310979567726,1.5294117647058822,2.8588235294117648,0.7295688043048776,0.7534379317311577,680
hincfel,income,SK,-0.1054058746680253,0.006048110066407507,-0.10454480289886481,0.006476809293688643,2.2806499261447564,2.6942392909896604,0.7963271030661064,0.7385291768251149,677
hincfel,income,UA,-0.03148674909846425,0.41722068169212234,-0.020097188892096718,0.6046496801364845,2.930930930930931,2.6936936936936937,0.9018133968516363,0.77266603540984,666
