variable,domain,cntry,r_pearson,p_pearson,r_spearman,p_spearman,human_mean,silicon_mean,human_sd,silicon_sd,n_valid
ppltrst,social_trust,AT,0.06765265660542628,0.08432478590241602,0.0258969958436977,0.509187570086855,5.846625766871166,7.006441717791411,2.164034526688311,1.20497748083392,652
ppltrst,social_trust,BE,0.02179702259836192,0.5776291535299604,0.0283299057273786,0.46918438281433505,5.647328244274809,7.178320610687023,2.1423117727213494,1.122886838100819,655
ppltrst,social_trust,BG,0.05611289396291503,0.15396595452530243,0.04200992802063373,0.2859820155857211,3.7078825347758886,6.669706336939722,2.408636999779518,1.2538524190911424,647
ppltrst,social_trust,CH,-0.07114380513121521,0.06924488807996694,-0.046907036368679336,0.23129935697321116,5.8131699846860645,7.5073506891271045,2.113064364709331,0.826427670345793,653
ppltrst,social_trust,CY,0.007111471190603324,0.8556325597112451,-0.03926872463997791,0.3148933100746507,4.059360730593608,7.193455098934551,2.503864370494858,1.1005416189627886,657
ppltrst,social_trust,DE,-0.03502406261589195,0.36863275673070367,-0.049906108062647246,0.20003490532153453,5.382753403933434,6.976096822995461,2.244239558326796,1.2944416895251791,661
ppltrst,social_trust,EE,0.0468839047077091,0.22797613570438427,-0.019253399849990072,0.6206974906348695,5.722473604826546,7.4028657616892914,1.9752758586986863,0.9448737148094182,663
ppltrst,social_trust,ES,0.02383982885859658,0.5443511275613591,0.00029010086914670226,0.9941146879899725,5.332819722650231,7.090292758089369,2.135137742364571,1.1125607518271152,649
ppltrst,social_trust,FI,0.013349828819640195,0.7319079227988842,0.07754563356928959,0.0462701835539351,6.992435703479576,7.483509833585477,1.801919085778556,0.9899879530840963,661
ppltrst,social_trust,FR,0.007881351796603717,0.8421426606562971,0.005560599099464826,0.888257505403876,4.5023400936037445,7.071450858034321,2.149944217975345,1.1520006718626161,641
ppltrst,social_trust,GB,-0.03827524861404163,0.3306506813475671,-0.04007676544260304,0.3083798668902164,5.449074074074074,7.051697530864198,2.3106230866587434,1.1367257765443497,648
ppltrst,social_trust,GR,0.005402003719469966,0.8916783503584288,0.014347944840903905,0.7175629125268501,4.523510971786834,7.076018808777429,1.939083008216067,0.9905860559989487,638
ppltrst,social_trust,HR,-0.0131858992309571,0.7356572559275748,0.025107629930465968,0.5202724907432007,4.683890577507599,6.968844984802431,2.360329556782995,1.2705607782812363,658
ppltrst,social_trust,HU,0.0451504720409393,0.25780500467874873,0.06631900972728522,0.09628853124454693,4.4714285714285715,6.727142857142858,2.490996733958947,1.2416499210563468,630
ppltrst,social_trust,IE,0.008955221373624514,0.8194666450066582,0.015830007477321138,0.6866115691877673,5.458588957055214,7.34723926380368,2.4444306119528245,0.9105163291647479,652
ppltrst,social_trust,IL,0.04753619758900474,0.22156365854834828,0.05208532193242602,0.1804039146590122,5.196078431372549,7.153544494720966,2.3871856427460525,0.8844145403658755,663
ppltrst,social_trust,IS,-0.03469627341398151,0.3738608456125832,-0.01303460307828129,0.7383869737226094,6.5402124430956,7.55690440060698,2.0649353523804534,0.93668568279571,659
ppltrst,social_trust,IT,0.013053371086181459,0.740730926700289,0.03031230552246369,0.4421780612855244,4.55968992248062,7.08031007751938,2.3068060041905807,1.0936575607677081,645
ppltrst,social_trust,LT,0.02574403104975887,0.5143049585573313,0.025510136268112812,0.5181354779793166,5.099378881987578,6.981055900621119,2.4090419846710693,1.0685733297721929,644
ppltrst,social_trust,LV,0.00038358813785016523,0.9922543466311243,7.975972673300616e-06,0.9998389416115956,3.891135303265941,6.8755832037325035,2.5621190458347165,1.2533734269983579,643
ppltrst,social_trust,ME,0.006122645633758301,0.8757186546203286,0.05634686665480387,0.1497334462111425,4.224427480916031,7.2090076335877855,2.576656309535663,1.1413528475329653,655
ppltrst,social_trust,NL,-0.06554755035277361,0.09471981389999,-0.06766944248051479,0.08448685980234222,6.2626728110599075,7.394316436251922,1.9556950168511826,0.8464304876853622,651
ppltrst,social_trust,NO,0.06797505216763162,0.08052098513143323,-0.035216822538189134,0.3656378271325391,6.670694864048339,7.645015105740181,1.905566128434651,0.9847387282206912,662
ppltrst,social_trust,PL,-0.011492077118420624,0.7723835060199467,-0.005363629256837477,0.8926115096679703,4.479559748427673,6.861635220125786,2.3121501316026545,1.1734087226987964,636
ppltrst,social_trust,PT,0.06592516185311334,0.09282958516500375,0.047441502410596824,0.22673577193299327,4.082949308755761,7.162826420890937,2.3760085267029045,1.131534288127653,651
ppltrst,social_trust,RS,-0.050538110561633716,0.20307877301454144,-0.0333235532745365,0.4014873502973114,4.3427672955974845,6.823584905660377,2.80080886223449,1.1875643216165288,636
ppltrst,social_trust,SE,0.05023697766019133,0.20189456296250619,0.0042917389972325975,0.9132382494950936,6.292117465224111,7.518856259659969,2.0291184466144623,0.9587707829774808,647
ppltrst,social_trust,SI,0.018672545606286,0.6333516900631418,0.03902165587258495,0.31869062237661305,4.683969465648855,7.0403053435114495,2.3719763238749696,1.2167007696602696,655
ppltrst,social_trust,SK,0.0748246605440022,0.057332773909048285,0.05727568947438327,0.1459119912258697,4.040247678018575,6.814396284829722,2.735625875518901,1.143146829467943,646
ppltrst,social_trust,UA,-0.023886340135664753,0.5445024300258138,-0.02885269727862265,0.46412730586622775,3.9365325077399382,5.714396284829721,2.8323704244717405,1.6203914325411755,646
pplfair,social_trust,AT,0.02592938737384543,0.5012465201514363,0.025344526988287906,0.5109524914514082,6.340740740740741,7.224148148148148,1.9909400243250401,0.7658090359242584,675
pplfair,social_trust,BE,0.015320575827622657,0.6900404837016084,0.0018904796838267565,0.9607543126705049,6.014705882352941,7.310735294117647,1.9732574912861085,0.6524358260757824,680
pplfair,social_trust,BG,-0.06882309498376374,0.07482110184243214,-0.057401644594759965,0.1374469835833092,4.295081967213115,6.992697466467959,2.2191748400888307,0.8780866390341491,671
pplfair,social_trust,CH,0.009836578799702258,0.7985038265876224,0.03047829012055848,0.4288548335902575,6.409763313609467,7.579585798816567,1.8799115669233262,0.6292832889985578,676
pplfair,social_trust,CY,-0.009105990205531971,0.8125031262949113,-0.010448596845279781,0.7854891109717268,4.418502202643172,7.301174743024964,2.2530132999550965,0.7551383396881856,681
pplfair,social_trust,DE,0.014003809487220865,0.7162739593336829,0.05621733998453315,0.14426242499512087,6.261834319526627,7.161390532544379,1.9201293650260236,0.778719074434428,676
pplfair,social_trust,EE,0.023775470665819393,0.5362600863877802,0.018405949253712382,0.6321006587783692,6.209131075110457,7.352282768777614,2.0568266746421875,0.7472604456353901,679
pplfair,social_trust,ES,0.02426681383860965,0.5297040362368488,-0.020836692719858753,0.5894699587672722,5.579494799405646,7.284546805349183,2.176031853017078,0.705272750742525,673
pplfair,social_trust,FI,0.018261866163317455,0.6347700374769552,0.04687193634083945,0.22254388801514458,7.156111929307806,7.380265095729013,1.7060763069202014,0.7144479811863093,679
pplfair,social_trust,FR,-0.03703301242093917,0.33634798099596563,-0.0394610861443242,0.30560459316632577,6.144970414201183,7.272633136094675,1.9895254969029896,0.7342859600573945,676
pplfair,social_trust,GB,-0.027547710112202188,0.4765524481637396,-0.0064065855368993195,0.8685328182241514,5.934328358208956,7.244179104477612,2.1826570277277595,0.6701318373151304,670
pplfair,social_trust,GR,-0.02295640553728601,0.5539537503838995,-0.010257290004553882,0.7914575625383282,4.935532233883058,7.134182908545728,2.006830635176706,0.8548928507795875,667
pplfair,social_trust,HR,-0.02158262690461844,0.578783728147058,-0.028278353293400543,0.46694744527107457,5.192771084337349,7.114307228915662,2.4232799099937288,0.782437388842696,664
pplfair,social_trust,HU,-0.017753657292194143,0.6449585060831571,-0.0010080887603264273,0.9791282787891883,5.10207100591716,7.051923076923077,2.1060607780585574,0.8194917123843698,676
pplfair,social_trust,IE,0.02875101945272758,0.4581771564438854,0.02136719004977307,0.5814427446084064,6.134730538922156,7.419910179640719,2.172429895628349,0.6290865734997758,668
pplfair,social_trust,IL,-0.05711343948206316,0.13855113489171278,-0.05893234859447088,0.12639800752311792,5.345697329376854,7.252967359050445,2.291029253522979,0.6977133797627781,674
pplfair,social_trust,IS,0.05510137351548388,0.15180213512394494,0.07089988359410251,0.06503205161987465,6.985250737463127,7.6126843657817105,1.8423270989162668,0.6537144345743542,678
pplfair,social_trust,IT,0.007146848909881276,0.8530714220028784,0.005895977633159734,0.878567285462481,4.623145400593472,7.2712166172106825,2.217812172997636,0.7770497051286653,674
pplfair,social_trust,LT,-0.004901915024615916,0.8992199857887708,0.006832721708283156,0.8598756736742963,5.520895522388059,7.164925373134328,2.246141838347911,0.7546821921603236,670
pplfair,social_trust,LV,-0.0062772561486995,0.8718348217488431,-0.0014934033812725013,0.9693840815646003,5.631975867269985,7.171644042232278,2.219864354342984,0.7500321322361174,663
pplfair,social_trust,ME,-0.021838003168663814,0.5725673405535657,-0.01716362821630072,0.6574239372469216,4.358208955223881,7.314029850746268,2.3293891020092468,0.6454950469289777,670
pplfair,social_trust,NL,-0.004260437881665973,0.9118947397601006,-0.008160869107554524,0.8321455624806364,6.61890694239291,7.406646971935007,1.627099459040994,0.7223606196573797,677
pplfair,social_trust,NO,-0.01948800787355662,0.6116830056323778,-0.017493130686427844,0.6486081897351645,6.882525697503671,7.647283406754773,1.8473359418522814,0.6052678968154811,681
pplfair,social_trust,PL,-0.008595982636602408,0.8256744579460165,0.005877253876345444,0.8802992878988264,5.238239757207891,7.063429438543247,2.2447494827489014,0.7843343154177188,659
pplfair,social_trust,PT,-0.003667627144016653,0.924170149888191,-0.036072943986889996,0.34903352169773133,5.136094674556213,7.266420118343196,2.2162628838390783,0.7856563537591101,676
pplfair,social_trust,RS,-0.014783976583387554,0.7020520470416732,-0.0193516771013093,0.6165359817830445,4.678571428571429,7.055505952380953,2.8485286364725066,0.7789323848532426,672
pplfair,social_trust,SE,-0.00033112722807230395,0.9931333906249441,-0.004731852117853176,0.9021202799394237,6.755162241887906,7.570648967551622,1.7842892788600555,0.6806959624424775,678
pplfair,social_trust,SI,-0.027456232287947906,0.47735955491886695,0.016879824969107754,0.6622625237543854,5.447916666666667,7.269791666666667,2.247096846479148,0.739332250817491,672
pplfair,social_trust,SK,0.03998393813043253,0.2999544227009577,0.021993925668862414,0.568674579128856,4.851632047477745,7.040949554896143,2.506207213786704,0.8495692399325809,674
pplfair,social_trust,UA,-0.0485728697954901,0.2133770296794786,-0.04328369323168388,0.26755932538927063,4.793313069908814,6.898328267477204,2.4244726952654405,1.105423299635164,658
pplhlp,social_trust,AT,0.03356982455363549,0.3877815995524152,0.03447671130354079,0.37508293130861864,6.266566265060241,7.106777108433734,2.0491022833299515,0.9735564810208134,664
pplhlp,social_trust,BE,-0.09705398574957634,0.012411923549904915,-0.11237696294869413,0.0037639866609051557,5.229260935143288,7.145701357466063,2.1291929799831193,0.8007787456592894,663
pplhlp,social_trust,BG,-0.0034448201631932297,0.9299878913008113,0.012176906600045775,0.756118135929493,3.549770290964778,6.93323124042879,2.2868094906527157,1.0766689727181469,653
pplhlp,social_trust,CH,0.009316373839109096,0.8090877050100879,0.004896363587140436,0.898959202988045,5.927407407407407,7.328592592592593,1.88836943265569,0.7675331046349907,675
pplhlp,social_trust,CY,0.03229323893382057,0.4053850523448332,-0.004781713596192952,0.9019721158161443,4.181681681681682,7.2250750750750745,2.228663754382887,1.0210058774924142,666
pplhlp,social_trust,DE,-0.013979001909687563,0.7191817741155596,0.029203160781233663,0.4524990919791918,5.442771084337349,7.087349397590361,2.0082128887003265,0.9230856305658227,664
pplhlp,social_trust,EE,0.05580103451476119,0.1490764763227236,0.03550034903585684,0.35889267931830293,5.092537313432836,7.380970149253732,2.0112771327899233,0.7535663780338907,670
pplhlp,social_trust,ES,0.003798499556062236,0.9224082761135279,0.01686566847419214,0.6653807439949725,4.827272727272727,7.113030303030303,2.2967645947740096,0.9888973484120674,660
pplhlp,social_trust,FI,-0.03332288541630589,0.3887893837134988,-0.02438314738664047,0.5283484976280809,6.414307004470939,7.168852459016394,1.9125752946868229,1.0126505905284782,671
pplhlp,social_trust,FR,-0.0012249945811261347,0.9750371685061916,-0.004334736805771534,0.9118325189059066,4.63206106870229,7.1299236641221375,2.2210856085861663,0.8364530255123084,655
pplhlp,social_trust,GB,-0.000376410064652997,0.9922465568493368,-0.019798669150201204,0.609221021230088,6.059790732436472,7.287892376681615,2.001349982523975,0.8260648437770686,669
pplhlp,social_trust,GR,-0.028826045410681303,0.4652351668751126,-0.019070717900547013,0.6290500862696587,4.375776397515528,7.031521739130435,1.9965219025373648,0.9006219629850072,644
pplhlp,social_trust,HR,0.06028120633524786,0.12268764294598289,0.05474292027240248,0.1610495945831344,4.420091324200913,7.047336377473364,2.4011096248758754,0.9671887211648216,657
pplhlp,social_trust,HU,0.016327872241155495,0.6745036508037281,0.021352392908189025,0.5828417141255594,4.521084337349397,6.782379518072289,2.3047281780671955,1.0740345837641057,664
pplhlp,social_trust,IE,0.015944771702932736,0.6824010235998986,0.006046116167747844,0.8767011980981764,6.063540090771558,7.380635400907715,2.2405800507727007,0.7427550405075838,661
pplhlp,social_trust,IL,-0.039670692475234554,0.3070227142411729,-0.006408752858655058,0.868977756307957,5.13984962406015,7.255037593984963,2.319376858877746,0.8350615229302208,665
pplhlp,social_trust,IS,-0.02712108998444399,0.4863728767155081,0.021947536946361472,0.5732515409093123,6.579425113464448,7.608774583963691,1.7943852587678908,0.6868340933863831,661
pplhlp,social_trust,IT,0.014044735572586006,0.7189401557524956,0.014395627236773775,0.7122264046084026,4.185128983308043,7.020940819423368,2.2729459025773555,1.0209440597251553,659
pplhlp,social_trust,LT,-0.034691536193130326,0.37031181189257506,-0.015196653821847166,0.6947999376424043,5.058295964125561,7.030642750373692,2.4009499297088053,0.8482297730745771,669
pplhlp,social_trust,LV,-0.03713414810269072,0.3423094911323941,-0.03597383690470224,0.35761438877001867,4.939024390243903,6.9211890243902445,2.324631129109973,0.9948842217046713,656
pplhlp,social_trust,ME,0.0006643508663991774,0.9864085888048071,-0.0031059512205711564,0.9365217768754382,4.242424242424242,7.266515151515151,2.2067671206434176,0.7841274253547391,660
pplhlp,social_trust,NL,-0.05694211062024054,0.14242291255647685,-0.05703484900514955,0.14177296312979593,5.738345864661654,7.290827067669173,1.7590010258988322,0.8374463164891095,665
pplhlp,social_trust,NO,0.007849377499134214,0.8402443822552513,0.013243184028122062,0.7337739739514678,6.110271903323262,7.5274924471299105,1.8939149916372338,0.7014784877513823,662
pplhlp,social_trust,PL,0.05114969971586409,0.19038863569906,0.025413975356048727,0.515514034313081,4.493150684931507,6.980517503805174,2.3833195676850925,0.914242509363848,657
pplhlp,social_trust,PT,-0.07409679742288264,0.05578777660904363,-0.06426539589058163,0.09724854497280219,4.067466266866567,7.140179910044978,2.159539218588801,1.0050496965367934,667
pplhlp,social_trust,RS,-0.008216198089983669,0.8327612645305592,0.018344560410413543,0.6372847795445592,3.6862745098039214,6.929260935143288,2.7119365490329392,0.9025913833091348,663
pplhlp,social_trust,SE,-0.028916865414669486,0.45933595923408715,-0.03262696381379364,0.4037602305362457,6.115677321156773,7.406544901065448,1.9211628384437387,0.7847069681103531,657
pplhlp,social_trust,SI,-0.0020564494320847717,0.9576913690806003,-0.023861834899731448,0.5381200349467693,5.335329341317365,7.1797904191616775,2.23937980931154,0.8376782816429323,668
pplhlp,social_trust,SK,0.028706768693368277,0.4626060238913473,0.030675777620041245,0.4324715485617386,4.205479452054795,6.926636225266362,2.5498864973462014,0.9767915576208612,657
pplhlp,social_trust,UA,0.004782498856736624,0.9035124255995887,0.004747787282090643,0.9042093575862015,4.235658914728682,6.7806201550387595,2.6604358691603465,1.3846472698906043,645
sclmeet,social_trust,AT,-0.019886020036016427,0.6044282714396245,-0.012542899297225785,0.7438715431363286,4.910425844346549,3.8286343612334806,1.1928315154590208,0.7906546337910229,681
sclmeet,social_trust,BE,0.018854148169585066,0.6251128611187965,0.029905129474505566,0.4382719600144747,5.182492581602374,3.843471810089021,1.365328154505085,0.678404162701604,674
sclmeet,social_trust,BG,-0.05400683712705648,0.16419461669460644,-0.05606994811031752,0.14864752266740316,4.9714285714285715,3.686466165413534,1.676582664831582,0.8641785181767686,665
sclmeet,social_trust,CH,0.06080617947384302,0.11341907964481251,0.047788388860789247,0.21362166358012263,5.095729013254786,3.8600883652430045,1.2902959883946452,0.7161314404267402,679
sclmeet,social_trust,CY,0.042599008010027174,0.2672981622199125,0.03355679835043232,0.3822868847358664,3.9941176470588236,3.8213235294117647,1.7076353141433127,0.805486350236656,680
sclmeet,social_trust,DE,0.08976544330210504,0.020039082641444668,0.09476082768076655,0.014064800785128189,4.831594634873324,3.8353204172876305,1.3982772949750755,0.7300101268059428,671
sclmeet,social_trust,EE,-0.036240668343085355,0.34823174996987066,-0.04776344172523466,0.21624653113446948,4.258928571428571,3.816220238095238,1.481604252260061,0.76389581085588,672
sclmeet,social_trust,ES,0.024116392616881668,0.5307342674227965,0.023426792571627022,0.5425542896684329,5.240412979351032,3.8908554572271385,1.4714479471260946,0.8237817681452536,678
sclmeet,social_trust,FI,-0.00512375260368706,0.893748234466985,-0.004287444432718461,0.9110118887739135,4.894428152492669,3.898826979472141,1.3604432782488793,0.6919073444114329,682
sclmeet,social_trust,FR,0.03744907442225577,0.3323837264827886,0.037188463434291004,0.3357616627111851,5.224702380952381,3.825892857142857,1.4231793820934109,0.7351403895706681,672
sclmeet,social_trust,GB,-0.002655675082627096,0.9450126755473948,0.002771391378421017,0.9426207404740324,4.803545051698671,3.8257016248153617,1.5731058356737018,0.7725244789674078,677
sclmeet,social_trust,GR,-0.005373467678659219,0.8897489315509466,-0.009046092024639359,0.8154745436092717,4.158682634730539,3.81811377245509,1.6147649142255158,0.815563402316669,668
sclmeet,social_trust,HR,0.032167910827611654,0.40334978830020535,0.02827529554989877,0.46265103264346835,5.345642540620384,3.797636632200886,1.5351501119162947,0.7894236331034501,677
sclmeet,social_trust,HU,0.05451607598407529,0.1568200718950211,0.030884839014988015,0.42272017389061056,3.366863905325444,3.8276627218934913,1.525592903069244,0.7880333769022654,676
sclmeet,social_trust,IE,-0.03371858380428872,0.3821133463678162,-0.04727200904847981,0.2203266535033779,4.20919881305638,3.850148367952522,1.617834742219923,0.7591590181274062,674
sclmeet,social_trust,IL,0.06520838225353252,0.09048869866135165,0.03917580706197205,0.30947653250690726,5.41925925925926,3.8896296296296295,1.5476360980644293,0.6944325089643624,675
sclmeet,social_trust,IS,0.03125870701913512,0.4199044363994712,0.048563915084762564,0.2100030207229137,5.282934131736527,3.8675149700598803,1.4107774548592436,0.8172843051580768,668
sclmeet,social_trust,IT,0.12934038638282394,0.0007632576770871143,0.11021853249294601,0.004171923808294687,4.734421364985163,3.8887240356083086,1.56458836039782,0.7715736247122464,674
sclmeet,social_trust,LT,-0.014459988232789175,0.7089041984113562,-0.00605473864010218,0.8757850553981383,4.343796711509716,3.733931240657698,1.558695310952201,0.8172355189715313,669
sclmeet,social_trust,LV,0.017365833323062164,0.6553523764891693,0.022264711857986487,0.5671333471259423,4.184012066365008,3.689291101055807,1.6088644772629526,0.8059390263697529,663
sclmeet,social_trust,ME,0.012009315464778486,0.7563448726663351,0.014728666760652655,0.7035365614891466,4.7970149253731345,3.870149253731343,1.6249153271492958,0.7920597970384836,670
sclmeet,social_trust,NL,-0.007090591111281917,0.8546450236301417,-0.004876917352393104,0.8997312059042896,5.41044776119403,3.8328358208955224,1.2659309870933613,0.6710739356550389,670
sclmeet,social_trust,NO,0.06778448694320663,0.07821115673554764,0.07075519916622601,0.06598356426927714,5.649408284023669,3.9615384615384617,1.3377204288078253,0.7169895913289636,676
sclmeet,social_trust,PL,-0.0014742332992648119,0.9695717795426642,0.023524365070081096,0.5426767851772835,3.9360119047619047,3.7886904761904763,1.4404464616222095,0.7623733899614954,672
sclmeet,social_trust,PT,0.04182753372886308,0.27642099303127854,0.01924843672963737,0.6165887073726762,5.636229749631812,3.7945508100147274,1.5988328837639971,0.7885517867265522,679
sclmeet,social_trust,RS,-0.002397563413986947,0.9502763106495163,-0.00904946212292672,0.8139154647102343,5.153166421207659,3.8365243004418264,1.6029428560297339,0.7669944765534396,679
sclmeet,social_trust,SE,0.03750842802868057,0.3316174814009776,0.03956823036089938,0.3057326588477176,5.434523809523809,3.857440476190476,1.369847233108573,0.7143231219358034,672
sclmeet,social_trust,SI,0.023349920729379917,0.5447758032569129,0.03715500505047227,0.335116608208832,4.645925925925926,3.862222222222222,1.50290337031326,0.8063055162646803,675
sclmeet,social_trust,SK,0.05314544691586167,0.16752511379424243,0.04372009614181016,0.2563076148766624,4.5517751479289945,3.731508875739645,1.5668736836381405,0.7498334244120816,676
sclmeet,social_trust,UA,-0.032667670499279725,0.40533775937515065,-0.004047033838655352,0.9179146863033257,4.311827956989247,3.6996927803379416,1.771439625203264,0.8517312130696086,651
inprdsc,social_trust,AT,0.0022966671410799317,0.952225839409904,0.01848467779947674,0.6296355550782862,3.0512445095168377,3.1127379209370423,1.1735141864073406,0.5735100293756843,683
inprdsc,social_trust,BE,-0.05990619073159825,0.11832532659077842,-0.05107724429409457,0.18308012436281956,3.3582966226138034,3.1284875183553598,1.3797781279879278,0.5044031740347521,681
inprdsc,social_trust,BG,0.04789521414766482,0.21327598397147646,0.04889013169939242,0.20390930828073967,2.014771048744461,3.06794682422452,1.2591982806253412,0.5229559335266764,677
inprdsc,social_trust,CH,0.017339004799885704,0.6507803107253453,0.04879638516919545,0.20244510293318133,3.543859649122807,3.1666666666666665,1.2642651385087251,0.534326795557692,684
inprdsc,social_trust,CY,-0.057587203596489424,0.13385669026516972,-0.056106231951469084,0.14416584785996284,2.434462444771723,3.1163475699558174,1.3230616025410527,0.5482723495512374,679
inprdsc,social_trust,DE,0.03930482046358948,0.30538033591204977,0.04579088600585744,0.23237323129316617,3.5762463343108504,3.099706744868035,1.227759674699875,0.4812488973978613,682
inprdsc,social_trust,EE,0.10702732980618093,0.005208863199885468,0.11269645240620661,0.0032532490520721965,2.5897058823529413,3.126470588235294,1.3657540609125323,0.5469469815315083,680
inprdsc,social_trust,ES,-0.004920340862292609,0.8978682398038608,-0.02538683261542835,0.5077419517411773,2.885797950219619,3.184480234260615,1.3928452704395493,0.5585321809792054,683
inprdsc,social_trust,FI,-0.02117819587501463,0.5811454889144382,-0.026060672408007423,0.49717293311194133,3.2525697503671074,3.184287812041116,1.2802561800951593,0.5259751162600419,681
inprdsc,social_trust,FR,-0.012899324090290003,0.7370455729031752,-0.017471231277696963,0.6492599750896291,2.8529411764705883,3.1191176470588236,1.44373825321978,0.5605481624249519,680
inprdsc,social_trust,GB,0.01032533912611401,0.7882642358298834,0.024883279311758176,0.5174346967521415,3.1001472754050075,3.1119293078055965,1.4262550676863424,0.5397111821956103,679
inprdsc,social_trust,GR,-0.005255284778084244,0.8914365486654836,-0.020082383785046704,0.6019383938763018,2.2319054652880355,3.1432791728212703,1.1908122395518683,0.5897320626140777,677
inprdsc,social_trust,HR,0.04574588269590963,0.23455965536542825,0.04195060268314361,0.27571979885047526,2.344165435745938,3.1019202363367797,1.3946269747233597,0.5159691055564292,677
inprdsc,social_trust,HU,0.003070411072131551,0.9364892738877811,0.02998550494243096,0.43635957237786765,2.455621301775148,3.1094674556213016,1.2206061876232157,0.5075714265139128,676
inprdsc,social_trust,IE,0.021629114088309757,0.5725556279875216,0.013809437589810913,0.7186559472671513,2.6193265007320643,3.1068814055636897,1.3226123234154243,0.5017530227964865,683
inprdsc,social_trust,IL,-0.008145929511500793,0.8323259769153156,-0.014807002669037317,0.7003405355662681,2.510324483775811,3.162241887905605,1.4076325645040484,0.5327576488916518,678
inprdsc,social_trust,IS,-0.00392967882553502,0.9185901202877261,0.005243186415675271,0.8915254616070718,3.531664212076583,3.204712812960236,1.325420409421643,0.5384136523712737,679
inprdsc,social_trust,IT,-0.03712248354523004,0.334822512442351,0.007428519179342086,0.8470139590077375,2.236336779911374,3.173559822747415,1.2826713267884937,0.5831163991446715,677
inprdsc,social_trust,LT,0.006886626556374799,0.8579469611277373,0.029266612798745838,0.44676843888696277,2.103244837758112,3.1253687315634218,1.378658212108883,0.5016128460203426,678
inprdsc,social_trust,LV,0.021354154500477927,0.5808232936729946,0.015563247487147845,0.6873764960448401,1.7377049180327868,3.1005961251862892,1.2985848012089933,0.4954415512162162,671
inprdsc,social_trust,ME,0.07791445461572939,0.04332214956535887,0.08403372652293237,0.029270243506057902,2.1842496285289745,3.1426448736998513,1.1783974729519469,0.5237031774229352,673
inprdsc,social_trust,NL,-0.008639643656960416,0.8216825853323199,0.0017765278972376685,0.9630366668966238,3.724743777452416,3.152269399707174,1.2666786586514633,0.5859598517349464,683
inprdsc,social_trust,NO,0.05002378898836814,0.1919615378461254,0.03524853603813916,0.3580343123789586,3.2419354838709675,3.231671554252199,1.4364055344044315,0.5675977852813715,682
inprdsc,social_trust,PL,-0.056418697405280285,0.14342323139923566,-0.04802819222641917,0.21302566750316076,3.1513353115727,3.106824925816024,1.3761737112500685,0.5147289789347351,674
inprdsc,social_trust,PT,-0.060977734658742094,0.1140085445700296,-0.020093771791695622,0.6028119638065157,2.237741456166419,3.12481426448737,1.3951240381647572,0.5767256736554776,673
inprdsc,social_trust,RS,0.0033077165643833253,0.9314404411380114,0.008407276966947522,0.8269040662042386,2.475699558173785,3.066273932253314,1.4273709989342729,0.49780887603861906,679
inprdsc,social_trust,SE,0.05307253116068041,0.1668518463035339,0.029125436065560485,0.4482941521563768,3.8088235294117645,3.163235294117647,1.2699930182125354,0.5729299452544614,680
inprdsc,social_trust,SI,-0.002834778288337414,0.9413976263348395,-0.008912096299984235,0.8172227475114652,2.819259259259259,3.127407407407407,1.3431602916939687,0.5674699994200441,675
inprdsc,social_trust,SK,0.0018221558688002913,0.9624516163458502,0.014967669388315995,0.698958514768662,1.7477611940298508,3.1223880597014926,1.1613942202433745,0.482835699345799,670
inprdsc,social_trust,UA,-0.03547553652806177,0.35886918917277516,-0.031673944138847415,0.41270249292958616,2.1609538002980626,3.055141579731744,1.3932764935269095,0.5421898130342341,671
stfdem,political,AT,0.005668109124324532,0.8839189041144856,0.003323645121347611,0.9317745880327337,5.738738738738738,6.938438438438438,2.48984117636439,0.8298708804141536,666
stfdem,political,BE,-0.05595650781809058,0.1488592632009253,-0.04334089375453835,0.26366842453112416,5.190404797601199,7.014992503748126,2.387661788208674,0.6732223561235638,667
stfdem,political,BG,0.06657567407745811,0.08915113676054706,0.059840719315121596,0.12661162486130947,3.2848392036753444,6.697549770290965,2.3838091096696794,0.9833865983885912,653
stfdem,political,CH,-0.050520236481144724,0.1928627294279385,-0.047606822178120074,0.2198316264347043,7.566066066066066,7.383483483483483,1.676728417216812,0.6030976657753175,666
stfdem,political,CY,-0.05930536875835983,0.12742195669315115,-0.0467477152539428,0.2296843060359312,4.486404833836858,7.091389728096677,2.3107253851560197,0.9044526946884088,662
stfdem,political,DE,-0.05957485155745935,0.12258739480651666,-0.042844278041778115,0.2670334110296219,5.723625557206538,6.977711738484398,2.6045388363509083,0.7590384699898305,673
stfdem,political,EE,-0.02546119084781609,0.5195912045033395,-0.01939673844361277,0.6237394589765916,5.253894080996885,7.2546728971962615,2.5911210642150415,0.7806263548852032,642
stfdem,political,ES,0.026494503522153028,0.4942237392686645,0.0494097663449533,0.2021616257930286,4.797904191616767,6.958083832335329,2.5194050682360447,0.7713248666632738,668
stfdem,political,FI,-0.06745073315858598,0.08081921699374604,-0.06342688470303907,0.10067733232722105,6.782414307004471,7.25037257824143,1.9608985485347656,0.6595310487474038,671
stfdem,political,FR,-0.035924555772090444,0.3560765556894442,0.01413691709255954,0.7165566462349847,4.324773413897281,6.924471299093655,2.4817560385368354,0.6916659326673035,662
stfdem,political,GB,-0.06793007387767601,0.08719427711729782,-0.02805938636185989,0.48030001806066713,4.325984251968504,6.930708661417323,2.627061683941635,0.7482378679948761,635
stfdem,political,GR,-0.05450531216294366,0.15876175874569176,-0.02756971068232383,0.47620030314462675,4.134328358208955,6.937313432835821,2.208798294767407,0.7369869213499068,670
stfdem,political,HR,0.053617092075300125,0.1701769956876014,0.03311079654108688,0.3971818913060913,4.466463414634147,7.009146341463414,2.5150727897201635,0.7494986843138028,656
stfdem,political,HU,-0.05405164016305704,0.1660884043697893,-0.05316371563484148,0.17316631243239045,4.451367781155016,6.786474164133739,2.670928036060831,0.8232260297044415,658
stfdem,political,IE,-0.05805281028169553,0.13867536971640493,-0.058087770728596846,0.13843740989062786,5.828220858895706,7.113496932515337,2.2902856147044517,0.823615746940336,652
stfdem,political,IL,0.010077411692294591,0.7988408899750502,-0.042512920926536336,0.28212070811588963,4.257009345794392,7.059190031152648,2.76556535421994,0.7407787558238116,642
stfdem,political,IS,0.06044558294826553,0.12110070257021925,0.020354482996530848,0.6019614783294512,5.918057663125948,7.523216995447648,2.290981099416954,0.7699078024477908,659
stfdem,political,IT,-0.015081339216620205,0.700701105894131,-0.003607061601338076,0.9267557826134994,5.105828220858895,6.905674846625767,2.068599952772267,0.7135392445828641,652
stfdem,political,LT,-0.021932411867791282,0.5796931684654337,-0.03692601505507087,0.3509984279012612,4.6265625,6.96953125,2.3866308772921805,0.7708051796660425,640
stfdem,political,LV,-0.05250609772248801,0.19311541603460336,-0.027700079550887928,0.4925660726470056,4.259740259740259,6.8855519480519485,2.4489724270978352,0.811684399737168,616
stfdem,political,ME,0.0325935234714446,0.4024531136961566,0.0024609995351063166,0.9496069465778265,4.191842900302115,7.209214501510574,2.583737090922765,0.6275010973232511,662
stfdem,political,NL,-0.013623032424627741,0.7268379547552654,-0.03345006397590877,0.3909151954719716,5.925757575757576,7.181969696969698,2.0895585934948406,0.7347596092944895,660
stfdem,political,NO,-0.02335838781191537,0.5440322496724802,-0.02345123058013444,0.5424323092384976,7.233382570162481,7.5964549483013295,2.0290514128449137,0.5692976726222766,677
stfdem,political,PL,-0.04342295129130452,0.2738193067593982,-0.07460758938629054,0.05984477817745357,5.1130298273155415,6.832025117739404,2.339119684849907,0.8963822182133655,637
stfdem,political,PT,-0.0228352823213798,0.5608418473598468,-0.03218455649516511,0.41232238374268687,4.731182795698925,7.009984639016897,2.361862690351153,0.8772203475895982,651
stfdem,political,RS,-0.10826043233703656,0.007847977539922373,-0.08078261123483511,0.047571506847944464,3.9401993355481726,6.843853820598007,2.975733015885303,0.7469541692826094,602
stfdem,political,SE,0.025158304213428122,0.5175250871805337,0.012666014898112274,0.7445919562038146,6.632530120481928,7.472289156626506,2.0915463508740575,0.6431799305401753,664
stfdem,political,SI,0.006756953714628074,0.8643227615647594,0.009015308145214937,0.8196564863444555,4.9392523364485985,7.0412772585669785,2.334249785483973,0.7526926729955863,642
stfdem,political,SK,0.018462116831009772,0.6341063025765377,0.007297008798023015,0.8507950660576609,4.565217391304348,6.839580209895052,2.6655158111999913,0.853657633388936,667
stfdem,political,UA,0.019464230688853678,0.6263670645060629,-0.010862218593023791,0.785874137571139,2.9856687898089174,6.203821656050955,2.641489303443153,1.2977165739331258,628
polintr,political,AT,0.010930905753833852,0.7755242589986029,0.03272182265541814,0.3932029833933969,2.4187408491947293,2.9692532942898975,0.8683419643511633,0.2770665333460937,683
polintr,political,BE,-0.03814503393444344,0.3191724225447458,-0.028672240793556982,0.4540628927843612,2.5657894736842106,2.9590643274853803,0.9215489806276004,0.33978246673313534,684
polintr,political,BG,-0.0009933386474291646,0.9793574174944082,-0.013010924626201193,0.7346674508277866,2.8120411160058736,2.951541850220264,0.9009319218002839,0.3329919647883872,681
polintr,political,CH,-0.03652311288952316,0.34019780434835245,-0.045420955681049646,0.23548342262851688,2.4035087719298245,2.9941520467836256,0.9156453523843964,0.235802136162796,684
polintr,political,CY,-0.010306791123439227,0.787874518978433,-0.01568847623747291,0.6821128665756182,2.925438596491228,2.97953216374269,0.9506084731043086,0.30542544144470835,684
polintr,political,DE,0.03615707235763077,0.3454168695531645,0.04716483122196033,0.2183057611998223,2.213762811127379,2.95900439238653,0.8788744381137721,0.32231776771136617,683
polintr,political,EE,0.05162162498747924,0.17781255836337312,0.05468500510464027,0.15340610518515072,2.5900439238653004,2.9707174231332356,0.8469475107965102,0.29515726824035615,683
polintr,political,ES,-0.0450100136738352,0.23940728024272023,-0.045334976448119596,0.23602845542700715,2.7518248175182483,2.951824817518248,1.0085962532226507,0.3925665641364878,685
polintr,political,FI,-0.0269311377301082,0.4816223288255581,-0.014550412807731875,0.7038375172764871,2.1854014598540146,2.9985401459854013,0.7737034188933265,0.26764770242071906,685
polintr,political,FR,0.038792770194766346,0.3110179916675609,0.04040384975161644,0.2913357094102921,2.6023391812865495,2.9722222222222223,0.9784173563197822,0.32574325917257635,684
polintr,political,GB,-0.018355254307217152,0.632286657352399,-0.00847364856693572,0.8251792802020409,2.502932551319648,2.964809384164223,1.0010964142810053,0.3140270039454606,682
polintr,political,GR,0.005391672665828989,0.8882278500387176,0.014313713279333841,0.709045819074639,2.9208211143695015,2.967741935483871,0.9570239143573755,0.3580218177681501,682
polintr,political,HR,-0.042293496087909666,0.2693374553753317,-0.04996509059925867,0.19183091999732976,3.043859649122807,2.9590643274853803,0.9172849766798916,0.3310522758204531,684
polintr,political,HU,-0.007623463591805332,0.842363186744436,0.0014671865954185227,0.9694695118270611,2.837481698389458,2.950219619326501,0.8889682877358696,0.33008367164857527,683
polintr,political,IE,-0.04306292809994808,0.2610647513035225,-0.0518276468015433,0.17608566848890725,2.575402635431918,2.985358711566618,0.9991688366036869,0.28100570097760513,683
polintr,political,IL,0.029093643379998806,0.44712084168408583,0.0367439169872905,0.3369302879932954,2.4715328467153284,3.0233576642335764,1.0236208026074045,0.3660007457176573,685
polintr,political,IS,-0.01506455697916171,0.6943177553119981,-0.020305256959297007,0.5962882989532802,2.260614934114202,3.020497803806735,0.8862012753773589,0.29090069136832836,683
polintr,political,IT,-0.0803623286775912,0.0360225512199166,-0.08633917930819429,0.024248130371040115,2.9941262848751835,2.9383259911894273,0.8401474880494118,0.39743606890616046,681
polintr,political,LT,0.07043351424223544,0.06562257671804335,0.07444765045785287,0.051630855159242005,2.75,2.956140350877193,0.7787909689723265,0.36034027055029166,684
polintr,political,LV,-0.011433936936932234,0.7659918554242902,-0.008796925753717242,0.8188859001621984,2.888235294117647,2.9441176470588237,0.8045396623327417,0.359750507942658,680
polintr,political,ME,0.044262733751821326,0.24904491309042634,0.04497787728957605,0.24147238248643457,2.911764705882353,2.9352941176470586,0.8343737188627928,0.3237140440146185,680
polintr,political,NL,-0.008594814929471312,0.8223362532838752,-0.016888411124776848,0.6590419956366687,2.28029197080292,2.962043795620438,0.8361215999082302,0.348373704296437,685
polintr,political,NO,0.019843358477373174,0.6041422971898927,0.017453138462094762,0.6483951436522487,2.456934306569343,2.9678832116788323,0.7910127142461848,0.28432085557279585,685
polintr,political,PL,-0.05430187292694572,0.157227427347611,-0.055846324144238686,0.14573844866181737,2.583823529411765,2.9661764705882354,0.8312933823363708,0.31229602196724765,680
polintr,political,PT,-0.08236912768858494,0.031120151261953707,-0.08465991156289138,0.026712457690389692,2.8656934306569344,2.9430656934306567,1.0084756283680514,0.3561891418086622,685
polintr,political,RS,0.016269378461484543,0.6710194236136207,0.017293106936956917,0.651643654154888,3.0190058479532165,2.9473684210526314,0.9028610162184654,0.3672246892744689,684
polintr,political,SE,-0.0388475368013713,0.31069011812431857,-0.04896021574005511,0.20126276272804208,2.0775988286969254,2.986822840409956,0.8094812629529728,0.2938305154238856,683
polintr,political,SI,0.014087643060332692,0.7136386763020979,0.015117711466730589,0.6937219123194446,2.709251101321586,2.948604992657856,0.8748375631255226,0.33694382221370067,681
polintr,political,SK,-0.10189764883737448,0.007607834681894335,-0.0963093641673482,0.011671681276767093,2.6773722627737224,2.9547445255474454,0.8215831868138809,0.3143662526063113,685
polintr,political,UA,0.003171803919027826,0.9342995191393694,0.016334250152846543,0.6711561467835981,2.728613569321534,3.0530973451327434,0.9144053905406891,0.3921091993155977,678
psppipla,political,AT,0.006298432546937405,0.8698717097314883,0.014748433670957368,0.7012586477655424,2.3475699558173786,3.5729013254786453,0.8343417118155887,0.5038807866759074,679
psppipla,political,BE,-0.03684970695824536,0.33803072405536927,-0.04001914784894822,0.29809374641678216,2.191740412979351,3.561946902654867,0.8923387576276055,0.49651403726394405,678
psppipla,political,BG,0.04474227161930389,0.2474596654108814,0.04700664443383569,0.22431399396787033,1.7119402985074628,3.307462686567164,0.8929255904232982,0.4991213304318141,670
psppipla,political,CH,-0.013881059572382545,0.7188550393818284,-0.020134120858874997,0.6015427761297605,2.9274074074074075,3.642962962962963,0.9831238914798386,0.48867603195251724,675
psppipla,political,CY,0.014389462857762844,0.7104674436521786,0.021263287569528583,0.583281888945629,1.8308383233532934,3.495508982035928,1.021423243854789,0.5092642883233429,668
psppipla,political,DE,-0.013142035726099673,0.732095785084443,-0.005697942825240544,0.8820101924642666,2.5462555066079293,3.562408223201175,0.9336778569199983,0.5052629637332573,681
psppipla,political,EE,0.034091187537541076,0.37794090850678463,0.03923227443296431,0.3102223011117232,2.1296572280178836,3.526080476900149,0.8807390224212779,0.5085736443453959,671
psppipla,political,ES,0.06512049168274109,0.09092489865123494,0.07180845144837068,0.06223916912065799,1.854814814814815,3.5155555555555558,0.8454555177069608,0.5261509450840686,675
psppipla,political,FI,0.07172269854302851,0.0608235388467852,0.0625861975169052,0.10195449728918952,2.7339181286549707,3.512061403508772,0.8414352754171046,0.5263384853895132,684
psppipla,political,FR,-0.03380853594125488,0.38084415787179254,-0.04104448184147314,0.28730730402047094,2.0578635014836797,3.5192878338278932,0.9400636406661155,0.5260654061338889,674
psppipla,political,GB,0.015847305236737164,0.6837843849440268,0.005685794457729521,0.8838209539842262,2.0482654600301657,3.425339366515837,0.830367284221561,0.5038436832629228,663
psppipla,political,GR,0.09664971937572421,0.011932638606270406,0.09497414870790957,0.013498317484707733,1.9985207100591715,3.4718934911242605,0.9790384706322145,0.5083975935067923,676
psppipla,political,HR,0.04281387930111815,0.2666609335123195,0.044813970725825075,0.2449401417918803,1.665185185185185,3.474074074074074,0.7726134421154383,0.4996976775867613,675
psppipla,political,HU,0.09054285150138809,0.018197387384230303,0.08528648250059549,0.026151072640906745,1.8514705882352942,3.2963235294117648,0.8581228695367811,0.5199139059004328,680
psppipla,political,IE,-0.045685446945801796,0.23692216005522315,-0.034060213685144135,0.3780182246978964,2.168154761904762,3.488095238095238,0.907000848594619,0.5090898952715556,672
psppipla,political,IL,0.04564719883514438,0.2404935995178634,0.05715735461145519,0.14151913491422857,2.076923076923077,3.5731523378582204,1.0172803941973485,0.5129767867133579,663
psppipla,political,IS,-0.04835020415978376,0.20929253483913657,-0.049135615080327565,0.20197939797465972,2.6420118343195265,3.655325443786982,0.8583937315581119,0.47871870407697265,676
psppipla,political,IT,0.07752664127908246,0.04599337979588011,0.07567654321468971,0.05145137647529588,1.7888386123680242,3.497737556561086,0.7777469646254971,0.5181692825126166,663
psppipla,political,LT,-0.017271191078207862,0.6556566141826401,-0.008765754722051938,0.8209627319139127,2.0194319880418536,3.412556053811659,0.9435785051824248,0.49266252242277686,669
psppipla,political,LV,0.03737779192652222,0.3333054784173108,0.02177112439594604,0.5731706213783894,1.7306547619047619,3.3913690476190474,0.8686015894353065,0.49748988483031553,672
psppipla,political,ME,0.047929242192043725,0.2174146064396632,0.06081926257174096,0.11741897795114851,2.0828313253012047,3.569277108433735,0.916123610242357,0.504599139039325,664
psppipla,political,NL,0.055084218804101116,0.15072258593339255,0.05796025979966528,0.13049966005715238,2.4545454545454546,3.54574780058651,0.9205524972973222,0.515989090001939,682
psppipla,political,NO,0.026398720612277212,0.49352881926211595,0.01585124595171742,0.6810065539711073,2.994074074074074,3.660740740740741,0.9065998501397606,0.47380903268140534,675
psppipla,political,PL,0.07078909181017772,0.06748038688628216,0.0688433829321048,0.07539027560053924,2.124251497005988,3.3922155688622753,0.8274589684392388,0.4977302620197616,668
psppipla,political,PT,0.08958592720943,0.020289777766010136,0.0826840270681153,0.03223421357203791,1.7928464977645306,3.4664679582712368,0.9127665533308652,0.5081360862807822,671
psppipla,political,RS,-0.08939281801688709,0.023943334645392576,-0.07965625999897029,0.044297819560937465,1.9184952978056427,3.365203761755486,1.0207899759583756,0.48186503759862503,638
psppipla,political,SE,0.026554380498045725,0.4909832430237519,0.028959033481810132,0.45256791237789484,2.831111111111111,3.632148148148148,0.8973639822926496,0.5021502505844201,675
psppipla,political,SI,0.00926070492789173,0.8107612436243621,0.013634962057049308,0.7244232891988258,2.1207153502235467,3.5230998509687033,0.818828847525622,0.5174448594316273,671
psppipla,political,SK,0.04277529074599004,0.26780507557943106,0.04196723463795441,0.27695755599129934,1.9271916790490342,3.390787518573551,0.865537604986025,0.4882897793866937,673
psppipla,political,UA,0.0739182700881426,0.05675471024267348,0.06790424166866066,0.08015063749055297,1.6827067669172933,3.2030075187969924,0.9522098013317929,0.42439536182215004,665
psppsgva,political,AT,0.038614689450076206,0.3146704183651968,0.033157514315108536,0.38797869439055965,2.3088235294117645,3.6852941176470586,0.8223203089196762,0.4678987296125149,680
psppsgva,political,BE,-0.02909555007458428,0.450439035571179,-0.018291238549028598,0.6352295114145052,2.2088888888888887,3.7125925925925927,0.8863845367464309,0.48759532730446037,675
psppsgva,political,BG,0.07632219924308765,0.05124355002535863,0.09212596996003157,0.018538994687838192,2.0750382848392035,3.467075038284839,1.1507020556706506,0.508429123682419,653
psppsgva,political,CH,0.020864823098526768,0.5878582774890508,0.022468596716757754,0.5594835522766426,3.2230428360413588,3.7621861152141802,0.960245693841455,0.4363511366116882,677
psppsgva,political,CY,-0.043857393346559796,0.2555224691694137,-0.03717239308596648,0.33524992423131356,1.8961424332344214,3.608308605341246,0.9938368550184089,0.491523198532405,674
psppsgva,political,DE,0.06816764162503616,0.07675649271483027,0.07391398351677951,0.05493265853802019,2.542222222222222,3.72,0.9509847049248421,0.46872514770914037,675
psppsgva,political,EE,0.07685404209271153,0.046751474878100496,0.06950926265669397,0.07217412604702415,2.2119402985074625,3.7059701492537314,0.9374331885406496,0.47205323767270907,670
psppsgva,political,ES,0.027469406599695705,0.4784672131042218,0.027927496895772,0.4711591613014107,2.094311377245509,3.6736526946107784,0.9695965738864041,0.481838507141389,668
psppsgva,political,FI,0.09532913966088682,0.012620474127497654,0.09522300855690001,0.012720016143351833,2.4634502923976607,3.6739766081871346,0.7972190475799101,0.46909898312338655,684
psppsgva,political,FR,-0.02645591090956029,0.49388226314059835,-0.012157486381615781,0.7532567966288513,2.1326378539493294,3.682563338301043,0.9135752556625916,0.47847080894462385,671
psppsgva,political,GB,-0.003875779161607652,0.9208348170358293,-0.008602348269807804,0.825416759634639,2.1333333333333333,3.625757575757576,0.8357224225947983,0.4997148218784789,660
psppsgva,political,GR,0.0380084100918318,0.3230496349172037,0.0385750682876285,0.3158829375087613,1.9970501474926254,3.603244837758112,1.0483116483683907,0.48958557423665816,678
psppsgva,political,HR,0.00379803348947072,0.9217152489302669,0.005156902444806322,0.8938499998863965,1.6428571428571428,3.5833333333333335,0.78575783261367,0.49937865018869415,672
psppsgva,political,HU,0.002213593202884896,0.9539857605995739,-0.0019330958321894154,0.95981121481711,1.9824046920821115,3.563049853372434,0.9768155702608059,0.5138162425790087,682
psppsgva,political,IE,0.018887370079336184,0.6237303830674411,0.002828691220311363,0.9414365032574842,2.2629246676514034,3.709010339734121,0.9647633682632638,0.4705451907310824,677
psppsgva,political,IL,0.06825745926206842,0.08018411656533914,0.07646298436010064,0.049933568556551934,1.965045592705167,3.7416413373860182,1.013002265547011,0.4415260435315518,658
psppsgva,political,IS,0.0572710206924744,0.13864091473335993,0.06881812473632867,0.07505999276662559,2.5776119402985076,3.743283582089552,0.8500981910264038,0.440554033781013,670
psppsgva,political,IT,0.03510394186338881,0.36608994770413933,0.050534931171491486,0.19306879712870026,1.7759398496240602,3.657142857142857,0.7699309912688556,0.4967190113614019,665
psppsgva,political,LT,0.013254753159323108,0.731615123193806,0.005767329513867811,0.8813728020148371,2.2351190476190474,3.5863095238095237,0.9833571792544873,0.4988721222569945,672
psppsgva,political,LV,0.05251395211619533,0.17585937001881874,0.056726528249078687,0.1436404421517444,1.8168168168168168,3.5525525525525525,0.9222819457444087,0.5095489095455299,666
psppsgva,political,ME,0.02190709583096117,0.5722188325291788,0.026416144769672408,0.49582617168830406,2.1934032983508245,3.6806596701649177,0.9038215283584695,0.46977809237315965,667
psppsgva,political,NL,0.026265497572135508,0.4953927972981731,0.02700849883121949,0.4832722692648658,2.544378698224852,3.7189349112426036,0.9250975036124607,0.453133343364057,676
psppsgva,political,NO,-0.004107460455177727,0.9150461134105262,0.0005672579342038593,0.9882457207987965,2.895125553914328,3.7607090103397343,0.8280885474977414,0.4304168539431729,677
psppsgva,political,PL,0.004286979254216366,0.9124016119291282,-0.002835454044695289,0.9419959356509596,2.270801815431165,3.59606656580938,0.8846557925370898,0.5209981286988793,661
psppsgva,political,PT,0.060476827033397,0.11756332391588577,0.06044604612996225,0.11775053748095092,1.9910581222056631,3.6110283159463488,0.9650197962034397,0.5029441535449738,671
psppsgva,political,RS,-0.028750586840040462,0.46954840754829036,-0.043018617514626004,0.2790747102059957,1.853543307086614,3.5291338582677168,1.0305885791593936,0.5211777242208739,635
psppsgva,political,SE,0.03863319125659046,0.3151537742051431,0.03930053748020288,0.3068609209231739,2.6666666666666665,3.7470501474926254,0.8986011340024711,0.43966735830636366,678
psppsgva,political,SI,0.09188927862467001,0.01752415029486423,0.09070675922422135,0.01903606465521922,2.1497005988023954,3.6392215568862274,0.8527492711928171,0.49895301958851096,668
psppsgva,political,SK,-0.00577458985600568,0.8812245701638107,-0.005761392354018917,0.8814940220005781,2.0297619047619047,3.543154761904762,0.911431590313995,0.5275544792920496,672
psppsgva,political,UA,-0.01387031019294576,0.7220829468105913,0.007079273786569842,0.8559536595253263,1.7545454545454546,3.2954545454545454,0.9701433365900846,0.46645657398281026,660
vote,political,AT,-0.0692778171873922,0.07227560308367272,-0.043461574972325015,0.2598413546186876,1.301186943620178,2.298219584569733,0.5663404727917623,0.5884700281231261,674
vote,political,BE,-0.06947060156219555,0.07022968189645826,-0.09093124978416917,0.017704086294381586,1.3544117647058824,2.322058823529412,0.6839058370641178,0.5460652095029875,680
vote,political,BG,-0.04433292513986822,0.2479456076401102,-0.040532234395128375,0.29086809393626534,1.3847283406754773,2.3627019089574155,0.567762863121341,0.5858787122116839,681
vote,political,CH,0.0006830817328722276,0.9859618169680539,-0.008222410655323779,0.8322626598001372,1.6711711711711712,2.27027027027027,0.7975399077732456,0.5222152803438334,666
vote,political,CY,-0.06740429063728719,0.07967758445442223,-0.06403773551855013,0.09594425218937991,1.3471196454948302,2.3456425406203842,0.5951317333519341,0.5614853050378232,677
vote,political,DE,-0.05058076540825712,0.18640636605500924,-0.03092391632467537,0.4193904365169881,1.340643274853801,2.2792397660818713,0.6667485372656782,0.5671138880748584,684
vote,political,EE,-0.04014909067353309,0.2951007173509203,-0.02733350029168756,0.47606754035272886,1.3709677419354838,2.3577712609970676,0.6379403823322093,0.5455786946588563,682
vote,political,ES,-0.10373489448823253,0.006699995303013852,-0.07523524498487505,0.049534948821918307,1.3900293255131966,2.2917888563049855,0.6684105672140597,0.5848478567614445,682
vote,political,FI,-0.09255567786711481,0.01623514200351584,-0.0907544977579635,0.01844234608291816,1.1899109792284865,2.3382789317507418,0.46527467906797104,0.5624088548389282,674
vote,political,FR,-0.14305751334538513,0.00020759288526537223,-0.1406701421364205,0.000265259969336673,1.4880239520958083,2.317365269461078,0.6278209998249812,0.5752498484287663,668
vote,political,GB,-0.16548252963667667,1.5071446756473726e-05,-0.16483405150630376,1.6292520054028496e-05,1.3707533234859675,2.3205317577548006,0.6056207581235563,0.62663349679107,677
vote,political,GR,0.044801873200169,0.24158923692797626,0.04602315994899543,0.22898447009547115,1.186861313868613,2.367883211678832,0.42933675189472303,0.6012820497068008,685
vote,political,HR,-0.08105179591032556,0.03567186843314546,-0.08053349015645356,0.03687267629116385,1.3482142857142858,2.3660714285714284,0.5861260541305399,0.5853991321497257,672
vote,political,HU,-0.02030383794049192,0.5960442113063408,-0.025882181167122313,0.4991790618332328,1.2792397660818713,2.3625730994152048,0.5352373957481539,0.572786811218153,684
vote,political,IE,-0.13622171212845172,0.0003639413908094402,-0.1382541259212508,0.0002961554439732038,1.3186490455212923,2.381791483113069,0.6061609632882414,0.5850266640361261,681
vote,political,IL,-0.12254265819297652,0.001519933341485254,-0.1307592826075808,0.0007111481862736938,1.3148425787106446,2.2998500749625186,0.5586919763434745,0.5256627234359066,667
vote,political,IS,-0.045642094839686384,0.23527722270267634,-0.037944573832363625,0.3238635693442248,1.2640117994100295,2.3333333333333335,0.6217879208155218,0.5551779448679044,678
vote,political,IT,-0.03168520240150395,0.4132363152351571,-0.03132309313463769,0.4185978188031844,1.4110612855007474,2.279521674140508,0.6067955323622217,0.6126528245562196,669
vote,political,LT,-0.060327590907333424,0.11602280190922723,-0.05672449670650155,0.139498159715903,1.4294117647058824,2.336764705882353,0.5827816147282077,0.5586129497411155,680
vote,political,LV,0.00930369565342883,0.8085103333844977,-0.00780317846216261,0.8389313737327433,1.4126284875183555,2.3582966226138034,0.6266758649546667,0.584827304929855,681
vote,political,ME,-0.007109251287869774,0.8541588634244776,-0.007511516842509296,0.8460069185404058,1.195230998509687,2.336810730253353,0.42920394761651304,0.5489212962680807,671
vote,political,NL,-0.10543712261378356,0.005995729789139943,-0.11315244635596063,0.0031740777552699594,1.2979351032448379,2.3171091445427727,0.6218772613070741,0.5419227407139876,678
vote,political,NO,-0.07148765043259238,0.06244476836883307,-0.08199466177417417,0.03253085589458318,1.3073529411764706,2.3161764705882355,0.658873089898366,0.5653495521247648,680
vote,political,PL,-0.09556907916929648,0.012989998332957615,-0.07635216736751027,0.047377922592876154,1.1955555555555555,2.3777777777777778,0.47518021985895287,0.5510533030741058,675
vote,political,PT,-0.06258205679485539,0.10452521692472377,-0.06165352398996177,0.1097830374363267,1.3471810089020773,2.351632047477745,0.58301828260848,0.5816194084851015,674
vote,political,RS,0.011935948492122816,0.75831468239771,0.0018601095819065284,0.9617562802904345,1.2488755622188905,2.347826086956522,0.4724968129477087,0.601929265428846,667
vote,political,SE,-0.033506324195741656,0.38195227320319813,-0.0339652038818329,0.37546366203619314,1.1288433382137628,2.349926793557833,0.44104279627760706,0.574848566492389,683
vote,political,SI,-0.03277493285334005,0.39278308114881616,-0.022760998626805033,0.5529182180728778,1.310850439882698,2.346041055718475,0.5962433876406844,0.5531040572669034,682
vote,political,SK,-0.03054076676909564,0.4258583966582399,-0.0011504167385076988,0.976076479039086,1.2448680351906158,2.303519061583578,0.4787818581865714,0.5711769468639122,682
vote,political,UA,-0.03743582865535422,0.33876956255462853,-0.05092993089978514,0.19298362930278767,1.3755725190839694,2.3725190839694656,0.5440941751341384,0.5735043618627605,655
actrolga,efficacy,AT,-0.012893925971692336,0.7405392889893302,-0.026806938011572867,0.49110924436023706,2.3323262839879155,3.4025679758308156,1.0500977675992276,0.5100586339304837,662
actrolga,efficacy,BE,0.07021516242975041,0.06767349186745344,0.0935471020146777,0.014823178709323788,2.162241887905605,3.476401179941003,1.0241928711993817,0.5257370417275122,678
actrolga,efficacy,BG,0.05196092966067139,0.17817777788589517,0.05897214434091164,0.1264241482507673,1.9227340267459139,3.322436849925706,1.1636752695756687,0.4864705301817371,673
actrolga,efficacy,CH,0.012249655610581087,0.7509088768800468,0.017573639195277022,0.648802421655477,2.350148367952522,3.5311572700296736,1.1286917206405402,0.49939889175859514,674
actrolga,efficacy,CY,0.0747406396226693,0.05368668374177496,0.09339994636338064,0.015824813765390255,2.032983508245877,3.4025487256371814,1.1118217896406808,0.499497746489785,667
actrolga,efficacy,DE,-0.02271260382954095,0.5558122677003632,-0.024429622528983987,0.5263298878163004,2.2933333333333334,3.422222222222222,1.0618275494670126,0.5290754865095543,675
actrolga,efficacy,EE,0.05635170632647703,0.14419866889900834,0.06511520982274513,0.09143310814396577,2.0668647845468056,3.450222882615156,1.039395918808041,0.5269273953888913,673
actrolga,efficacy,ES,0.0733601650819424,0.05641469026557188,0.07093800574833274,0.06508623260672843,1.8759231905465288,3.448301329394387,1.0331613660473198,0.5105261042778495,677
actrolga,efficacy,FI,0.08187103664758336,0.03228338337873459,0.09148257150884453,0.01670105180328545,2.4444444444444446,3.448830409356725,1.061014797043139,0.531867430734633,684
actrolga,efficacy,FR,-0.05102942108297772,0.1851137877140364,-0.05279306981525607,0.17036381910122322,2.1183431952662723,3.4319526627218937,1.125155162553278,0.5046007919507696,676
actrolga,efficacy,GB,0.037921299790310434,0.3292263590518877,0.04086619203448996,0.2930275058790315,2.2183734939759034,3.414156626506024,1.1251518036501365,0.5283899785177173,664
actrolga,efficacy,GR,0.06895801620283276,0.07534274226072017,0.05704640616695617,0.14139189458876267,2.15015015015015,3.385885885885886,1.0426866576986753,0.5314575324171238,666
actrolga,efficacy,HR,0.0510803715917562,0.18763590826478715,0.06252263405484101,0.10668349617508453,1.785607196401799,3.347826086956522,1.0342061332027286,0.5041931499649732,667
actrolga,efficacy,HU,0.08755636468172022,0.02280856815090105,0.08237646437094806,0.03223656677360887,1.8846153846153846,3.3838757396449703,0.985073789302289,0.5057217000187182,676
actrolga,efficacy,IE,-0.012119236964682926,0.7541861454940351,-0.0038965110775727447,0.9198118396487354,2.2298507462686565,3.4328358208955225,1.1182699275683743,0.5136079651969483,670
actrolga,efficacy,IL,-0.030291113489239862,0.4358292006569125,-0.04124205182638326,0.2886069724959184,2.1355421686746987,3.5843373493975905,1.1701421223314779,0.49320741804568036,664
actrolga,efficacy,IS,0.06318053767473697,0.09998109610888868,0.05857725532210085,0.12728864763108624,2.6524300441826214,3.593519882179676,1.095696523147002,0.4915382625413498,679
actrolga,efficacy,IT,0.04139318763059547,0.2839466291430292,0.03948912946304673,0.3067013152226068,1.8616071428571428,3.4449404761904763,0.8804292614852455,0.506239456101194,672
actrolga,efficacy,LT,-0.001650145722026374,0.966172573294008,0.009391505183551575,0.8092692393143126,1.9502262443438914,3.4072398190045248,0.9904052285362828,0.5186044031746282,663
actrolga,efficacy,LV,-0.008783419565714101,0.8218028895759624,-0.001239584541074325,0.9746433895622292,1.509090909090909,3.33030303030303,0.7129258087055369,0.48025337804415447,660
actrolga,efficacy,ME,0.029832030538935003,0.44663765650161924,0.020300095352637822,0.6045940726303516,2.0949464012251147,3.4433384379785603,0.9285133271291842,0.5267441408172343,653
actrolga,efficacy,NL,0.07144376540851051,0.0628002535650422,0.061359855166307126,0.1101650345904761,2.1089837997054492,3.499263622974963,1.0970160646270626,0.5091343104080125,679
actrolga,efficacy,NO,0.01893887292401342,0.6222690860832706,0.02140115172130483,0.5777327430225333,2.696612665684831,3.6008836524300443,1.0777326584474378,0.4900777582763184,679
actrolga,efficacy,PL,0.0326041702095924,0.4005212910116404,0.03900099132419837,0.3145375904294067,2.106446776611694,3.3553223388305846,1.0159702819988188,0.4882840667844925,667
actrolga,efficacy,PT,0.08532541650544322,0.026193067222195388,0.10784438772771604,0.004905115704708319,1.7025036818851251,3.4086892488954343,0.9805676398764412,0.4945704214936399,679
actrolga,efficacy,RS,-0.023694659991074958,0.5446428905935718,-0.011459518096024336,0.7695552281245436,1.9070121951219512,3.3467987804878048,1.170455475968692,0.5144526142156532,656
actrolga,efficacy,SE,0.0638444148156021,0.09670624142049919,0.06555537183118891,0.08807429296587323,2.678466076696165,3.5648967551622417,1.0815394716942783,0.5165568068198094,678
actrolga,efficacy,SI,-0.018732155525533815,0.6296704541406576,-0.01730915660510036,0.6559186287260591,1.974436090225564,3.386466165413534,0.9883092334204961,0.5230790955427852,665
actrolga,efficacy,SK,0.008801201016501035,0.8191940778863166,0.020283548597006276,0.598303931730129,1.8567208271787297,3.34711964549483,0.8913638245998274,0.5035772672253447,677
actrolga,efficacy,UA,0.053840789317118255,0.16839904388745436,0.04500520008216186,0.24969913489292425,1.7469512195121952,3.368140243902439,1.0113809638832345,0.5218056306513781,656
cptppola,efficacy,AT,0.005445798960937661,0.8881078604598658,0.006009499562270627,0.8766139970803202,2.68955223880597,3.3761194029850747,1.1975478593540263,0.511771609256997,670
cptppola,efficacy,BE,-0.07068230338686002,0.06506674566235447,-0.059048243286498825,0.12342191003933115,2.0747800586510263,3.3914956011730206,1.0147127780999656,0.5316290792970134,682
cptppola,efficacy,BG,-0.032841724877982384,0.4146940003242254,-0.020858352222918902,0.6044881428818232,2.087237479806139,3.302907915993538,1.0981664448522652,0.5095444468216195,619
cptppola,efficacy,CH,-0.0215998553266697,0.5750550417522835,-0.02559671981707,0.5064395056937531,2.717455621301775,3.4571005917159763,1.064604968412394,0.5601004105214671,676
cptppola,efficacy,CY,0.0469126192613372,0.22420386157813094,0.0757520284021085,0.04948980281487769,2.0787518573551265,3.4234769687964337,1.0984473292151014,0.564723204286707,673
cptppola,efficacy,DE,-0.03479326215352876,0.36711953479535675,-0.031900367689930854,0.40831930647336473,2.664688427299703,3.4094955489614245,1.0430692398792933,0.5099008272405281,674
cptppola,efficacy,EE,0.05850352047264027,0.12833366247461564,0.0671590036113851,0.08078180389821109,1.8847858197932053,3.4519940915805023,0.9334460031224998,0.6028652100623326,677
cptppola,efficacy,ES,0.1042079502552431,0.006413909951286275,0.1160981845825812,0.0023747095473843215,2.171303074670571,3.4363103953147878,1.1519189270355241,0.585728989352606,683
cptppola,efficacy,FI,-0.037015629053098735,0.3333671477923303,-0.043225033162212795,0.2585734536981932,2.3401459854014597,3.499270072992701,0.9776343818141108,0.5789302938533072,685
cptppola,efficacy,FR,-0.025272045889294326,0.5115354491329801,-0.022915897496867378,0.5516896191013785,2.2319054652880355,3.3892171344165436,1.006334112548886,0.5297248435588916,677
cptppola,efficacy,GB,-0.02420857436451761,0.5328457064331982,-0.028109687769791745,0.4689390121661885,2.2867867867867866,3.406906906906907,1.0776078518140602,0.5602472980119283,666
cptppola,efficacy,GR,0.0017766441608671627,0.9634985756488306,-0.007455691390520699,0.8477029799967244,2.2837837837837838,3.4144144144144146,1.0544320103536517,0.5423724292979769,666
cptppola,efficacy,HR,0.005744638064704326,0.8815736129006408,0.010914807377691287,0.7771324848565723,1.8162962962962963,3.4029629629629627,0.9413204476028784,0.5398016919005951,675
cptppola,efficacy,HU,-0.01695665441473661,0.6601095659304569,-0.037951630626194055,0.32485032570833233,1.854814814814815,3.311111111111111,0.9527189358357883,0.5061442462596613,675
cptppola,efficacy,IE,-0.003683552570349127,0.9236167506550502,0.018492230871200797,0.6302518743445612,2.2044117647058825,3.4573529411764707,1.107337134642515,0.5676129321876167,680
cptppola,efficacy,IL,0.008195475378758263,0.832804030500125,-0.007272705121664434,0.851396858820281,2.1366366366366365,3.5525525525525525,1.184210701929987,0.5760386639339917,666
cptppola,efficacy,IS,0.010298352480386089,0.7883478901777574,-0.006059597031463248,0.8744896379308735,2.7565982404692084,3.667155425219941,1.0150087403093573,0.6669723398255759,682
cptppola,efficacy,IT,0.017696211901765724,0.6494781084034297,0.04634915847238021,0.23368476807662095,2.054380664652568,3.416918429003021,0.8627808328981941,0.5936253824573875,662
cptppola,efficacy,LT,-0.01273407892988535,0.7432675994022856,-0.009996362224919605,0.7970943818725992,1.9427710843373494,3.3855421686746987,0.959060391422985,0.5371580498014353,664
cptppola,efficacy,LV,-0.005787140687178726,0.881321808439766,-0.009445206382140964,0.8074893788924019,1.5508982035928143,3.3473053892215567,0.8243569672247942,0.5683099826966634,668
cptppola,efficacy,ME,0.010031589444575342,0.7980580337109969,0.016100493905245167,0.6813158542891655,2.1562021439509955,3.453292496171516,1.0242963927396431,0.561856886802402,653
cptppola,efficacy,NL,-0.009477116349698434,0.804730704861414,-0.0027079476488320858,0.9436836928390759,2.130307467057101,3.459736456808199,1.0826562828215691,0.5596956029662934,683
cptppola,efficacy,NO,-0.017849321408889913,0.6414577370881983,0.004143375231001509,0.9139273139313933,2.6910688140556367,3.588579795021962,1.0651886508157122,0.6022817347207675,683
cptppola,efficacy,PL,-0.028561098873273568,0.4591398614363426,-0.02653376859044731,0.4916422648317362,1.9525222551928783,3.350148367952522,0.928723350179245,0.49268796831327316,674
cptppola,efficacy,PT,0.028013570204451024,0.46548693606614583,0.05150529281023703,0.1794329999132041,1.7077826725403817,3.433186490455213,0.947790582351099,0.5651782453294663,681
cptppola,efficacy,RS,0.045530278540708374,0.24529720780438022,0.05830312868574806,0.13667655199608167,1.894333843797856,3.333843797856049,1.1429357817746437,0.5610327517797897,653
cptppola,efficacy,SE,0.004294137525394262,0.9112007026243818,0.018377623789360188,0.6331284489946571,2.691285081240768,3.5258493353028064,1.07174481831764,0.6115235080806039,677
cptppola,efficacy,SI,-0.018734713180110645,0.6280768511433599,-0.015813338285537007,0.682623846173198,1.9821162444113263,3.3785394932935917,0.966440920149137,0.5323153715432567,671
cptppola,efficacy,SK,0.01703499709683168,0.6579261107228559,0.03426186682147252,0.3730683034213219,1.612094395280236,3.3185840707964602,0.867074425307997,0.47877527270604553,678
cptppola,efficacy,UA,0.0013584021242001659,0.9720243788167905,-0.0009463102887398541,0.980509155407405,1.71898355754858,3.375186846038864,1.044782380586088,0.5644510099036101,669
trstprl,inst_trust,AT,-0.04021318550800538,0.29863301265506265,-0.022396297623538185,0.5627889884768907,5.095522388059702,7.1,2.4791768268239673,0.7256768398772488,670
trstprl,inst_trust,BE,-0.016642772494645963,0.668595887642593,-0.02172885586706764,0.5762132679430662,4.698795180722891,7.151355421686747,2.2889857054590235,0.6029574924804264,664
trstprl,inst_trust,BG,-0.03674311136617447,0.34194578073909254,-0.01868726156886052,0.6289478653396935,2.4932935916542474,6.578241430700447,2.161991833541967,1.1441886422644236,671
trstprl,inst_trust,CH,-0.0024041453308949745,0.9509189722469358,0.010536659079124846,0.7873335031018425,6.477203647416413,7.370516717325228,1.8864888724619473,0.5846957661805942,658
trstprl,inst_trust,CY,-0.06705630941092777,0.0830741037750418,-0.057366871039642095,0.13827588520202597,3.9476831091180866,7.020179372197309,2.456559381581936,0.8660060247153698,669
trstprl,inst_trust,DE,-0.03666064589935722,0.34267031869291315,-0.0369348289284595,0.33907026865635137,5.154761904761905,7.058035714285714,2.6398033057695143,0.6935261711993184,672
trstprl,inst_trust,EE,-0.028713753827168474,0.4604528582523262,-0.051322431141613695,0.18687957339297603,4.69079939668175,7.223227752639517,2.584994427033489,0.6560919412411328,663
trstprl,inst_trust,ES,0.03915190152775698,0.31449479722896645,0.029503082980636003,0.4485552450023959,4.305135951661631,7.053625377643504,2.6449971438014117,0.7475085183548711,662
trstprl,inst_trust,FI,-0.0707883230834002,0.06545653794526796,-0.07530689797126333,0.04999120411486547,6.587020648967552,7.191740412979351,2.0163166696786003,0.6138164823639801,678
trstprl,inst_trust,FR,-0.04905144393138963,0.2061393828948668,-0.03304404236205833,0.3945486385323288,4.276276276276277,6.963963963963964,2.5062823815739956,0.732320583005446,666
trstprl,inst_trust,GB,-0.03377363115755864,0.38743179707978004,-0.03919511718332648,0.3158019722659144,3.5814307458143073,6.959665144596651,2.5738759845789536,0.7731992516957599,657
trstprl,inst_trust,GR,-0.0474068918367582,0.2169643916235351,-0.016746047616411873,0.6629015537155819,3.161764705882353,6.875,2.14297698125732,0.9096722936778525,680
trstprl,inst_trust,HR,-0.05558490748718214,0.15250749583856996,-0.040384815912875315,0.29875492849108853,2.933734939759036,6.904367469879518,2.4785913923274556,0.9273596817808525,664
trstprl,inst_trust,HU,-0.00857964779861793,0.8258700839637477,-0.0024921180288706803,0.9490479350040711,4.583333333333333,6.707575757575758,2.9089409204562937,0.9981486057539835,660
trstprl,inst_trust,IE,-0.010314257188911925,0.7928076970364696,0.04242906952858461,0.27970984936072196,5.067588325652841,7.096006144393241,2.339304996614716,0.6519197873917907,651
trstprl,inst_trust,IL,0.02984042598153084,0.4451153805967782,0.030189608005786548,0.43980478259084393,3.8234398782343986,6.850837138508371,2.713875543622654,0.860181170272751,657
trstprl,inst_trust,IS,0.036808562695596875,0.33928683614208394,0.006768983629335674,0.8605533013132515,5.545857988165681,7.460059171597633,2.302841530504775,0.650836040834472,676
trstprl,inst_trust,IT,0.03658525945027492,0.3461996774013091,0.014523819692503421,0.708516318305365,4.439097744360902,6.9563909774436095,2.377030982789769,0.8266416109357906,665
trstprl,inst_trust,LT,-0.054484198910578326,0.15861162006511004,-0.044379563842341416,0.2509620696045674,3.721311475409836,6.852459016393443,2.5365640310142545,0.8271452818868568,671
trstprl,inst_trust,LV,-0.041446959304113205,0.289887792385743,-0.05538232397014595,0.15715878431688685,3.0902140672782874,6.876146788990826,2.4026776060167085,0.8564393416666772,654
trstprl,inst_trust,ME,-0.03905151630364427,0.3161053136687142,-0.04142302363215053,0.28758999547481695,4.211800302571861,7.018154311649017,2.414083663798355,0.7480096299212106,661
trstprl,inst_trust,NL,-0.029986045272079126,0.43771681136452345,-0.05977273632656442,0.1216256696697707,5.2336309523809526,7.209077380952381,2.1131621936674523,0.654429625011493,672
trstprl,inst_trust,NO,0.0073683021415503975,0.8479059878508882,0.016109375645529573,0.6749709767178302,6.5,7.442647058823529,2.337502411928851,0.6413158822421904,680
trstprl,inst_trust,PL,0.03143713388809031,0.42255333044417115,0.0598853063041843,0.12632859251606215,3.9540581929555896,6.715160796324655,2.5961928667794236,0.8353940954166683,653
trstprl,inst_trust,PT,0.0172750388028149,0.6563109013869054,0.008656487309856263,0.8235492948930755,4.372372372372372,7.0908408408408405,2.6316899432438663,0.8590553730864883,666
trstprl,inst_trust,RS,-0.21779645232232425,3.519482722527609e-08,-0.19845854411405606,5.347691170626019e-07,4.17515923566879,6.444745222929937,3.0910511583084155,1.2464128172727014,628
trstprl,inst_trust,SE,-0.01669581972596818,0.6643167229178115,0.006887447820420024,0.8579302003745244,6.281710914454277,7.276253687315634,2.2168927165294954,0.6051815704268559,678
trstprl,inst_trust,SI,0.07817161430096811,0.04372995344900782,0.07583352253264988,0.05044453848854663,4.181681681681682,7.006756756756757,2.480909521710144,0.738031923219531,666
trstprl,inst_trust,SK,0.03651144887683988,0.3446394949186054,0.028472670259279534,0.461200651029792,4.129464285714286,6.539434523809524,2.784280070305417,1.1371684086999725,672
trstprl,inst_trust,UA,-0.023195583809938667,0.5552853072821969,-0.023686873284415183,0.5469374088710808,2.23728813559322,5.573959938366718,2.578237993855662,1.4035063690707705,649
trstplt,inst_trust,AT,-0.07437838426823709,0.05541096856549402,-0.02977936046394108,0.44362601514813566,3.6686746987951806,6.4352409638554215,2.4949748692909863,1.3268405421156624,664
trstplt,inst_trust,BE,0.007906952420087437,0.8389682230154574,0.014255416385326252,0.7140773302630983,4.126696832579186,6.17948717948718,2.22840677986106,1.365102956201011,663
trstplt,inst_trust,BG,0.002669190941278464,0.9455160036853338,0.006906406275756771,0.859645836435703,2.208206686930091,5.123100303951368,2.071211560193334,1.6891311949878807,658
trstplt,inst_trust,CH,-0.05039575872772117,0.19735680827403254,-0.02801088464577866,0.47386725779830297,5.612804878048781,6.844512195121951,1.9188309254981073,0.9471856616913324,656
trstplt,inst_trust,CY,-0.08009491564975053,0.03849379261511641,-0.05879177028861362,0.12901904455320307,2.681137724550898,5.459580838323354,2.2554555998761106,1.6939386971780288,668
trstplt,inst_trust,DE,-0.004454099330540031,0.908315956951417,0.017727858838450232,0.6466676896404805,4.0774962742175855,6.497764530551416,2.3493315002613886,1.2671195721568764,671
trstplt,inst_trust,EE,0.050172860141560506,0.19628195698938325,0.06137126702665576,0.11384819699966679,3.5849624060150376,6.525563909774436,2.3094389946413623,1.1964841904399082,665
trstplt,inst_trust,ES,0.10510555161424474,0.0065890664105324554,0.09938362633074807,0.01022098101226271,2.7751124437781107,6.0389805097451275,2.3551957980382805,1.4790765455335595,667
trstplt,inst_trust,FI,-0.06354227975092701,0.09854776583028094,-0.039960973425187285,0.2991551581930859,5.372230428360414,6.528803545051699,2.0221400038931368,1.1657643014840664,677
trstplt,inst_trust,FR,0.02122534110602829,0.5848031839137247,0.010935503754984453,0.7783436373065783,3.8857142857142857,5.71578947368421,2.175062070058198,1.4320893251225615,665
trstplt,inst_trust,GB,-0.03389066835498995,0.38578809610450254,-0.031326862078242715,0.4227622867430545,2.894977168949772,5.343987823439878,2.300501477891902,1.745315486149415,657
trstplt,inst_trust,GR,-0.03607550129052056,0.35369322989334323,-0.03751578391620305,0.3347939883551645,2.6817496229260933,5.611613876319758,2.0719130098288865,1.5450146770156794,663
trstplt,inst_trust,HR,-0.08996128913028544,0.02032860781932523,-0.08618673988646924,0.02624925849349781,2.069172932330827,5.630075187969925,2.184563190434458,1.6551300754404206,665
trstplt,inst_trust,HU,-0.033731556971849444,0.3880237374149493,-0.033027656388652425,0.3980082408187503,4.059360730593608,5.463470319634703,2.689944274602684,1.588892124225449,657
trstplt,inst_trust,IE,-0.06906037754849574,0.07781885125864738,-0.08912576104374438,0.022745750097140374,4.3062787136294025,5.277182235834609,2.4105927590132126,1.6946007797203257,653
trstplt,inst_trust,IL,-0.010140152063376083,0.7965351254408316,-0.018888835725577327,0.6310017590743465,3.2496147919876734,6.023882896764253,2.5103373942295644,1.4470488353696573,649
trstplt,inst_trust,IS,-0.044304190414556244,0.25679459638892344,-0.006952143843298267,0.8588327327748788,4.783866057838661,6.882039573820395,2.2021708317648865,1.0898003194330617,657
trstplt,inst_trust,IT,-0.010905720469937584,0.7786068994461195,-0.005914299249295283,0.878824488010654,3.3898050974512746,5.610944527736132,2.318696263929013,1.5940439559669752,667
trstplt,inst_trust,LT,-0.027555230689273395,0.4790862381328658,-0.02284103408427111,0.5574380570688096,3.4531722054380665,5.52416918429003,2.2997889590635987,1.5099835653749716,662
trstplt,inst_trust,LV,-0.015364925384900347,0.6955746329083666,-0.0007872163838071504,0.9840058848162614,2.600614439324117,5.417050691244239,2.202152707002949,1.6398971531199937,651
trstplt,inst_trust,ME,-0.06015270161018644,0.12291687267671382,-0.1043752927585553,0.0073258144525093615,3.6661608497723823,6.136570561456753,2.2389734495582196,1.4212930504871464,659
trstplt,inst_trust,NL,0.08366580487324878,0.03111214354495349,0.06847383297144845,0.07786801282870356,4.843373493975903,6.495481927710843,2.040210722922228,1.1533847139248177,664
trstplt,inst_trust,NO,0.0034380484812599303,0.9289038186059433,0.03896145399598348,0.3117737633149458,5.291420118343195,7.103994082840237,2.045986219383152,0.7609732715180838,676
trstplt,inst_trust,PL,-0.04515103279347863,0.250349625620835,-0.0441796397664765,0.26069692184416315,2.8584615384615386,5.735384615384615,2.341090859456727,1.4918815504676686,650
trstplt,inst_trust,PT,-0.045929416400369995,0.23582765903811578,-0.05565192032219527,0.1507798416268494,2.8667664670658684,5.947604790419161,2.353071365455759,1.6045130166149362,668
trstplt,inst_trust,RS,-0.2120367897461483,6.887435701473394e-08,-0.18319819396896458,3.372297045502511e-06,2.9023622047244095,5.234645669291338,2.858918873301814,1.6403997528087861,635
trstplt,inst_trust,SE,0.08350441270180693,0.031439705406945566,0.057035410604966585,0.14207004884007224,4.840361445783133,6.795180722891566,1.990580500479296,0.9826124706316341,664
trstplt,inst_trust,SI,0.031705904835404065,0.4182385583010366,0.04484373329513543,0.2521304202431961,3.206422018348624,5.909785932721713,2.276833534905583,1.5523915107998174,654
trstplt,inst_trust,SK,-0.01446960524978102,0.7089280413461789,-0.005042306913214524,0.8965041759169227,3.8532934131736525,5.221556886227545,2.6076875032639912,1.719981163750248,668
trstplt,inst_trust,UA,-0.07275342557669155,0.06336761229001728,-0.04575717724636263,0.24331285502971597,2.0061349693251533,4.315184049079755,2.3325570774130493,1.6181002296429836,652
trstlgl,inst_trust,AT,-0.0634601244045655,0.0994866877677938,-0.04659789404785629,0.22663911477697246,6.657777777777778,7.508148148148148,2.306598284893447,0.7715308928827034,675
trstlgl,inst_trust,BE,-0.0481041991423926,0.21332575027665088,-0.03694713721053008,0.339270208302715,5.35618479880775,7.552608047690015,2.455536489723904,0.5872182537075775,671
trstlgl,inst_trust,BG,0.02672881395905858,0.4950103460776204,0.028925343035978764,0.4602352751420753,3.86697247706422,7.039755351681957,2.9193935170963154,0.9313876430289034,654
trstlgl,inst_trust,CH,0.025598126316714324,0.5092704383034283,0.038905215374696954,0.3157283613548951,6.938530734632684,7.790854572713643,1.97904933653923,0.6053740968504246,667
trstlgl,inst_trust,CY,-0.00046039908810739704,0.9905379577107297,0.008453754697243127,0.8276161824611646,4.34984984984985,7.382882882882883,2.6560995160338337,0.8751926661051886,666
trstlgl,inst_trust,DE,-0.01851835402921277,0.6307813697386491,0.00014116922665504731,0.9970768709592507,6.331360946745562,7.6079881656804735,2.353177567375337,0.6183812367252224,676
trstlgl,inst_trust,EE,0.041213534040483155,0.29003687967949565,0.0035004680829818675,0.928424937026372,6.329803328290469,7.642965204236006,2.464322045326019,0.631544269183828,661
trstlgl,inst_trust,ES,0.02082116511586617,0.5911378447297702,0.008737363258817816,0.821664534072672,5.311377245508982,7.408682634730539,2.6207663175787954,0.7279282391260733,668
trstlgl,inst_trust,FI,0.03029331235819352,0.4313213762739124,-0.004537842863894486,0.906183686165519,7.474150664697193,7.689069423929099,1.8790331914745464,0.618739788316996,677
trstlgl,inst_trust,FR,0.0044837898306432575,0.9072277438850093,0.0017625503249582971,0.9634621669028439,5.303834808259587,7.398082595870206,2.440854279798776,0.6876495485255139,678
trstlgl,inst_trust,GB,0.04846764640812752,0.21472148071158662,0.06025018184577864,0.12288068921203327,5.50076103500761,7.3561643835616435,2.530379327668887,0.7373501648604817,657
trstlgl,inst_trust,GR,-0.06834065460482315,0.07579145398972612,-0.030768955536466053,0.42446356260285345,5.2485207100591715,7.289940828402367,2.5322361719795348,0.8279126789106097,676
trstlgl,inst_trust,HR,-0.02427230213451943,0.5317675140681235,-0.03918827253656279,0.31258204479868795,3.175675675675676,7.353003003003003,2.4679741002119964,0.8937031129666646,666
trstlgl,inst_trust,HU,0.020015299566064827,0.6063944099313835,0.01853060045233982,0.6333610199589379,5.374436090225564,7.220300751879699,2.784900501546655,0.8144736823812065,665
trstlgl,inst_trust,IE,-0.06423335959070847,0.09894026229467541,-0.07402720943897319,0.057139530483226265,5.694402420574886,7.557488653555219,2.433437924990488,0.6435171245924932,661
trstlgl,inst_trust,IL,-0.07319279476311247,0.06118523660413579,-0.07240949968486729,0.06401634847706748,4.508396946564885,7.420000000000001,2.8472057810463385,0.6688664014561816,655
trstlgl,inst_trust,IS,-0.007234991155491865,0.851828591103281,-0.0010484038450120257,0.9784068550435241,6.18236173393124,7.771300448430493,2.1913520381673552,0.5758474211194996,669
trstlgl,inst_trust,IT,0.07357766641655568,0.05604942682697099,0.05545831752317565,0.15006932454478514,5.518518518518518,7.528296296296297,2.299051061666988,0.6770830488979594,675
trstlgl,inst_trust,LT,-0.012389045918997223,0.7520073888084384,-0.009381914810003097,0.8108806300649747,5.309341500765697,7.329249617151608,2.504447888914916,0.6677396772341503,653
trstlgl,inst_trust,LV,0.010424894023489055,0.7978678921634482,0.0017465293384089553,0.9657767099922202,4.021452145214521,7.257095709570957,2.6085432184457904,0.7572072310963077,606
trstlgl,inst_trust,ME,-0.021239298682810232,0.5876919774891276,0.013157175848258717,0.7369878325535004,4.319571865443425,7.4610091743119265,2.2227452502152034,0.7250238776708567,654
trstlgl,inst_trust,NL,-0.013768189899021871,0.7216423478882323,-0.0029890011519211526,0.938353320675203,6.427083333333333,7.675297619047619,2.0603513812472984,0.683518926523133,672
trstlgl,inst_trust,NO,-0.017957253186751534,0.6406761873199317,-0.0161028580465368,0.6755474932935582,7.489675516224189,7.8355457227138645,1.9983108556097604,0.510471366846522,678
trstlgl,inst_trust,PL,-0.04850396100599962,0.21543119586801093,-0.019436815024695096,0.6197801948558372,4.077981651376147,7.191590214067278,2.477161510937625,0.7720061435787829,654
trstlgl,inst_trust,PT,-0.005306620810415708,0.8920099822696272,0.012957082604841581,0.7402686769358484,4.424657534246576,7.433028919330289,2.4508959747783594,0.7987731374282886,657
trstlgl,inst_trust,RS,-0.018635690876313064,0.6387404829031648,-0.01622274191438031,0.6827846407583191,4.180533751962323,7.1020408163265305,3.007390952901155,0.876283736589156,637
trstlgl,inst_trust,SE,-0.014275988811187107,0.7134757388347615,-0.029137295862999273,0.45351969855786745,6.609939759036145,7.758734939759036,2.1581423208186568,0.5623819968054777,664
trstlgl,inst_trust,SI,0.08610750645851971,0.026049366618367605,0.06195676571598548,0.109630997482929,4.799401197604791,7.490269461077844,2.554098261961095,0.7648448427156939,668
trstlgl,inst_trust,SK,-0.068907849004242,0.07489802189515812,-0.05372789533030619,0.16511336279032013,5.013452914798206,7.124813153961136,2.7377596187740525,0.9055948037446049,669
trstlgl,inst_trust,UA,0.051397821959730916,0.1976190304947022,0.05187232667006041,0.19350677460798613,2.580952380952381,6.224603174603175,2.632610529726423,1.1784152077674899,630
trstprt,inst_trust,AT,-0.10859449034369709,0.004925483058133278,-0.08492649103165865,0.028057021034052783,3.57847533632287,6.842301943198804,2.428353611963279,1.1579023304654914,669
trstprt,inst_trust,BE,-0.02759849046959323,0.48006858429744753,-0.0345512815317493,0.37659019916314135,3.9315068493150687,6.936834094368341,2.1448739971729682,0.8972592201276589,657
trstprt,inst_trust,BG,-0.07370050404537835,0.05805780070735165,-0.05879890123451049,0.1307103034788779,2.311178247734139,6.148791540785498,2.1360309599054,1.625531000514859,662
trstprt,inst_trust,CH,-0.02619105477489257,0.5040601970885575,-0.007180430295603532,0.8546893045560255,5.352220520673813,7.241960183767228,1.8851165853212108,0.8123569161079582,653
trstprt,inst_trust,CY,0.004520383303893006,0.9070963501148767,0.02576893770300503,0.50580841730141,2.485799701046338,6.692077727952167,2.2088265699478753,1.360569630155039,669
trstprt,inst_trust,DE,0.04286330916164593,0.2696931750075486,0.07706624732716578,0.04697013630296513,4.010526315789473,6.977443609022556,2.2113229684438407,0.8922876161658073,665
trstprt,inst_trust,EE,0.08693780157216405,0.02496491996037114,0.06748266714308064,0.08204807688434851,3.7082706766917295,7.136842105263158,2.2012470833153897,0.7991405100800377,665
trstprt,inst_trust,ES,0.00889042881431195,0.817925890305602,-0.027483768968759453,0.4765888307654831,2.74888558692422,6.631500742942051,2.37940120524495,1.2467888422014923,673
trstprt,inst_trust,FI,-0.025286532942392324,0.5100435637831356,0.010059696743404855,0.7932890816455233,5.472834067547724,7.127019089574156,1.8941657445994968,0.8412725381578682,681
trstprt,inst_trust,FR,-0.08427433628535938,0.02977952107382517,-0.05644035069027055,0.14597910463461405,3.475187969924812,6.726315789473684,2.117710957864618,1.025421947888361,665
trstprt,inst_trust,GB,0.010431084704612991,0.7889440723502268,0.020925175899299285,0.5912502420991681,3.074130105900151,6.632375189107413,2.3372373048987654,1.1195014927873852,661
trstprt,inst_trust,GR,-0.014574894079361814,0.7056505213474593,-0.009971270959579233,0.7961019474909427,2.7759643916913945,6.629821958456973,2.140381790645236,1.2573058880161743,674
trstprt,inst_trust,HR,-0.03164308634512568,0.411416557734848,-0.03323210657637631,0.38831673296731534,2.1568047337278107,6.565828402366864,2.2368558284722218,1.3914131564679524,676
trstprt,inst_trust,HU,-0.03553663226334915,0.36057058097509653,-0.0210198469484263,0.5887262632835333,4.031626506024097,6.469126506024097,2.6122855821781714,1.3136463784068753,664
trstprt,inst_trust,IE,-0.06226842336738864,0.111628804279322,-0.05015005602341814,0.20024240911444807,4.192660550458716,6.678134556574924,2.3413601793611365,1.1338433766150218,654
trstprt,inst_trust,IL,-0.003785891382612968,0.9229587063186303,-0.0070274303697287,0.8575361013844309,3.4091603053435113,6.9961832061068705,2.368997335668315,0.933770478133541,655
trstprt,inst_trust,IS,0.06427460676091794,0.09720050805413585,0.06892706363378352,0.07525433652251229,4.667166416791604,7.324287856071964,2.2273588719234136,0.9071343328279702,667
trstprt,inst_trust,IT,0.02976077386616838,0.44356645330608274,0.0346615892986615,0.37216487640447427,3.380451127819549,6.762406015037594,2.338373528765798,1.1277310561049225,665
trstprt,inst_trust,LT,0.042930252478467885,0.27075946286075675,0.027065099928678425,0.4876043664270859,3.334848484848485,6.640909090909091,2.251621733827316,1.2144148472254197,660
trstprt,inst_trust,LV,-0.03584484014690939,0.36529114910416777,0.009375698297796704,0.8128662459914869,2.5078125,6.52265625,2.203270061346041,1.3051130245486922,640
trstprt,inst_trust,ME,-0.00963050162118144,0.8033561691586053,-0.01032943750720129,0.7894086750466983,3.85096870342772,6.824143070044709,2.338227696719383,1.1324579543216524,671
trstprt,inst_trust,NL,0.10450342978697581,0.006865256434604678,0.06319055242507965,0.10272666801410281,5.001497005988024,7.082784431137725,1.9510495783711872,0.9405985693178702,668
trstprt,inst_trust,NO,0.0053731397730913824,0.8890174602207982,-0.004698442787567794,0.9028795394402401,5.4460856720827175,7.329394387001477,1.95408922133999,0.7076766842952189,677
trstprt,inst_trust,PL,-0.07761194004880688,0.047940041627911524,-0.04080272071760793,0.2989444468239059,2.8953846153846152,6.601538461538461,2.3324884883529777,1.1924250268211034,650
trstprt,inst_trust,PT,0.0005431463820650094,0.9887870976543026,0.009318954668204295,0.809454045922617,2.8392857142857144,6.622023809523809,2.3184103633161084,1.3948457641763148,672
trstprt,inst_trust,RS,-0.16400531611207708,3.100953709523891e-05,-0.12544103388639133,0.0014865069714105152,2.7699530516431925,6.401408450704225,2.7398095884321045,1.3150257351108035,639
trstprt,inst_trust,SE,-0.06659785205639646,0.08450672959042686,-0.06457978968405698,0.09438062098631701,4.9836309523809526,7.270535714285715,1.9535667790411366,0.7895145626422785,672
trstprt,inst_trust,SI,0.00925489036751184,0.8121312482282079,0.059386851677339036,0.1268989611016583,3.193353474320242,6.740181268882175,2.2469514581315972,1.255433683677298,662
trstprt,inst_trust,SK,2.4961014918397176e-05,0.9994850642576799,0.010852318459581687,0.7790179997645476,3.894187779433681,6.310730253353205,2.615535484210426,1.413930027494477,671
trstprt,inst_trust,UA,0.00759917672987652,0.8463175457831563,0.01166078950993418,0.7661478278054615,1.9433384379785605,5.738131699846861,2.3520332941689306,1.5712722565172914,653
trstplc,inst_trust,AT,0.03517105863160317,0.36193667178491307,0.04578918852519336,0.23515952529135647,7.335311572700297,7.748516320474778,2.185396480724709,0.5574345773758543,674
trstplc,inst_trust,BE,-0.00856345316924672,0.8242541361668776,0.010182397454898061,0.7917313948491637,6.546666666666667,7.745185185185186,2.0996255141580042,0.5754263699193783,675
trstplc,inst_trust,BG,0.031286687274369486,0.42229710629825107,0.0073573750520232965,0.8503603646355892,5.142424242424243,7.403030303030303,2.8425052857047897,0.9318947521720768,660
trstplc,inst_trust,CH,0.04365539134959819,0.2556047868935369,-0.004361737163906344,0.9096092138116133,7.347058823529411,7.877941176470588,1.9257552570955918,0.47835185509316613,680
trstplc,inst_trust,CY,-0.026290374390622536,0.49562558331779105,-0.03159418750926485,0.4128350512059489,5.089020771513353,7.628338278931751,2.570451233711188,0.7739717704444258,674
trstplc,inst_trust,DE,-0.033079375047807356,0.39120666899290574,-0.024148952120012415,0.5313996795924709,7.091988130563799,7.769287833827893,2.1022512294340148,0.5490424707712558,674
trstplc,inst_trust,EE,-0.014973239256712142,0.7003583390597096,-0.01720611056742033,0.6583204709249645,7.500754147812971,7.798642533936651,2.127275615712637,0.48132618011329037,663
trstplc,inst_trust,ES,-0.015324620048535149,0.6908321047176372,-0.007095659142130017,0.8538973299049186,6.928994082840236,7.6982248520710055,2.3940022946170294,0.625315173655399,676
trstplc,inst_trust,FI,0.023177836028859124,0.5468534397892169,0.003513862107963523,0.9272328315766472,8.364306784660767,7.8325958702064895,1.404264566317142,0.44696519955545017,678
trstplc,inst_trust,FR,-0.029593158549693285,0.444428122542416,-0.045859605376281004,0.2358381286508995,6.537313432835821,7.6805970149253735,2.1707965116601855,0.582053168681301,670
trstplc,inst_trust,GB,-0.058999915844822344,0.12824116711699535,-0.06258901902742098,0.10657481929994067,5.84984984984985,7.425675675675675,2.5508320874419166,0.8536264488664992,666
trstplc,inst_trust,GR,-0.04723766789884218,0.22135110798830074,-0.01177872493862971,0.760532521527223,5.9226190476190474,7.622023809523809,2.4021774121901673,0.6390124268725432,672
trstplc,inst_trust,HR,-0.06959763812345494,0.07310089627093923,-0.029601375166689148,0.4463562288120298,5.492469879518072,7.588855421686747,2.537787527460945,0.8245456997895575,664
trstplc,inst_trust,HU,0.003204072525157559,0.9340259074152805,0.03291705477955497,0.39494914452322166,6.323880597014925,7.544029850746269,2.5401758088137822,0.8164518366071756,670
trstplc,inst_trust,IE,0.005997226663194899,0.8769555104367772,0.008423068781289875,0.8278503424901226,6.539611360239163,7.749626307922272,2.3170160383102485,0.580125433701898,669
trstplc,inst_trust,IL,-0.0025261105767844156,0.9485897699588113,0.003602304485094097,0.9267398902780604,4.717125382262997,7.793577981651376,2.799220028019579,0.4738701037484301,654
trstplc,inst_trust,IS,0.01383972762645165,0.7196568610639453,0.019937390837613856,0.6051003499341197,7.271111111111111,7.8933333333333335,2.0575498474827674,0.4439170131230153,675
trstplc,inst_trust,IT,-0.008216478250774957,0.8321332063753083,-0.02197578407565957,0.5707249474345917,6.706586826347305,7.7312874251497,2.0461288340042123,0.6391946920105092,668
trstplc,inst_trust,LT,0.038228854742175064,0.325316074076182,0.03529021311084059,0.3639127699541643,6.864457831325301,7.655120481927711,2.3443398684989343,0.6304521951577728,664
trstplc,inst_trust,LV,-0.04478199265819526,0.25608830739450955,-0.027277743123428084,0.4892176660985009,5.2155038759689925,7.623255813953488,2.5577324491488653,0.6931913357334077,645
trstplc,inst_trust,ME,0.016001968467573065,0.6831600128397847,0.05236875133971092,0.18136065964699796,5.382848392036753,7.652373660030628,2.2016056264330666,0.648959550512085,653
trstplc,inst_trust,NL,-0.03310393106916066,0.3947633289211003,-0.011843929621904677,0.7608216319191249,7.034690799396682,7.813423831070891,1.6444551672209895,0.5496641763866583,663
trstplc,inst_trust,NO,0.01193765378669738,0.7567011700008061,-0.00827427528457324,0.8299726131566424,7.640532544378698,7.9267751479289945,1.9065770795907455,0.3714343964257029,676
trstplc,inst_trust,PL,-0.032747554317553315,0.40058947973963094,-0.009296060267520518,0.8114516237613182,5.18910741301059,7.492435703479576,2.542773948583806,0.7652115755328005,661
trstplc,inst_trust,PT,-0.019818079129634184,0.6091389345705595,-0.00927211910184598,0.8109499674398816,6.347305389221557,7.734281437125748,2.351249356785028,0.5744235818705792,668
trstplc,inst_trust,RS,-0.03945516932418717,0.31632479945702624,-0.0028708886176788346,0.9418988849403669,5.221020092735703,7.387944358578053,3.0540523064131913,0.8539889700610465,647
trstplc,inst_trust,SE,-0.011522480616689245,0.7659283420713606,0.011413504708696409,0.7680785238917129,7.107462686567164,7.830597014925373,2.015731362214369,0.5343545359550247,670
trstplc,inst_trust,SI,-0.0007382509495924748,0.9847483392615192,-0.0018713591791606787,0.9613519922573636,6.3343239227340264,7.687964338781575,2.3953629302335315,0.6664499400074313,673
trstplc,inst_trust,SK,-0.020362901051256845,0.5979630482598698,-0.022624425989986797,0.557934451701478,5.650817236255572,7.457652303120357,2.7268893762704702,0.7758857176054489,673
trstplc,inst_trust,UA,-0.05433331455972806,0.17147834660979694,-0.06354530404269038,0.10965332396132679,3.4299212598425197,6.879527559055118,2.8505441110086305,1.1977462130846181,635
trstep,inst_trust,AT,0.01932750164287838,0.6209491821995857,0.03058651060670795,0.43381270636378905,4.210045662100456,6.923135464231355,2.6500729679985553,0.7918875460473432,657
trstep,inst_trust,BE,-0.012038178541395493,0.758271861099179,0.03492866343846123,0.37176256784808004,4.6935975609756095,7.0251524390243905,2.4103508058498906,0.681080175702171,656
trstep,inst_trust,BG,-0.05798441222850019,0.15159994517475775,-0.03100315434905943,0.4435457016466561,4.624796084828711,6.84747145187602,2.8341126666107455,0.8459714035387021,613
trstep,inst_trust,CH,0.07037140405196075,0.08194856365624542,0.061377186897006344,0.12933897368071412,4.944444444444445,7.026143790849673,2.1415196858375993,0.5743874547670669,612
trstep,inst_trust,CY,0.03882455585444017,0.3360467521755742,0.04635447082623111,0.250651449479263,4.633116883116883,6.979707792207792,2.6061479581581812,0.7860535857554625,616
trstep,inst_trust,DE,0.013486879738552558,0.7296583391775665,0.026577226073006867,0.4958152406419055,4.673748103186647,6.959028831562974,2.5879237438983242,0.6614594006295137,659
trstep,inst_trust,EE,-0.02207086148500503,0.5830316741346329,-0.04269203834091541,0.28813537394005123,4.835748792270532,7.030595813204509,2.575081075081813,0.7344283266695945,621
trstep,inst_trust,ES,0.03244305902148956,0.41552718655024096,0.0205908596155694,0.60538220929514,4.640822784810126,7.056962025316456,2.565610300839087,0.5508232810863207,632
trstep,inst_trust,FI,-0.033362363035216426,0.39360315378586624,-0.003431278859237827,0.9301021883915287,5.8567073170731705,7.039634146341464,2.018438096101465,0.6750397355509565,656
trstep,inst_trust,FR,0.10481960136271783,0.007811355929433163,0.08724357647209807,0.026953605727047362,4.342146189735614,6.936236391912908,2.5242524072198873,0.8125626667119292,643
trstep,inst_trust,GB,-0.0028940347321267496,0.9445539264804765,-0.008232056117501116,0.8431782138527602,3.7655172413793103,6.858620689655172,2.65198148125214,0.8388318390166503,580
trstep,inst_trust,GR,-0.04319670037674728,0.27332238488525035,-0.004260691655876536,0.9139966877557129,4.1178294573643415,6.9837209302325585,2.3659872997434,0.7104795311866192,645
trstep,inst_trust,HR,-0.06036935957511772,0.126503888869317,-0.03077011722678722,0.43638656403699827,4.2601246105919,6.929906542056075,2.6311345939002524,0.8377275874368508,642
trstep,inst_trust,HU,0.0067221783569396095,0.8636625172575237,-0.013373780583694001,0.7326246577562737,4.702290076335878,6.883969465648855,2.5993843557421257,0.7327858110920185,655
trstep,inst_trust,IE,0.023224775402858347,0.5663387227327873,0.01441706602618466,0.721879611918827,5.2254901960784315,7.049019607843137,2.3661837322776824,0.647327897702196,612
trstep,inst_trust,IL,0.05478172419055084,0.19591207519600812,0.04877986331270833,0.24956153313943025,2.813953488372093,6.967799642218247,2.555705951048958,0.7251503286983612,559
trstep,inst_trust,IS,0.009263577445627044,0.8235315127641322,0.017142330284883944,0.6798305299581785,5.737113402061856,7.173539518900344,2.187737044157999,0.6413364228028355,582
trstep,inst_trust,IT,-0.0026199390351761918,0.9472581316571204,-0.010800890160702509,0.7850706844595128,4.6640625,7.065625,2.338616901113165,0.610604961825009,640
trstep,inst_trust,LT,0.036190650841562644,0.3691012618907985,0.041615645130886426,0.30164997504230323,4.970873786407767,6.972491909385114,2.575748928288776,0.6694688894472075,618
trstep,inst_trust,LV,0.00922060156717423,0.8222626296069755,0.02283478372337708,0.5779577061920153,4.129194630872483,6.850671140939597,2.6093084867186325,0.7682893051291545,596
trstep,inst_trust,ME,-0.051741255163986165,0.19322006460117916,-0.04991372405945418,0.2094432946536692,5.600946372239748,7.037066246056782,2.3318792915360937,0.708645486335988,634
trstep,inst_trust,NL,-0.01876335331979913,0.638578070582998,-0.025364981835350294,0.5254366927089003,5.133545310015898,7.0651828298887125,2.2199092603388095,0.5724952423446553,629
trstep,inst_trust,NO,0.04790554420873183,0.24291219526806698,0.05903700234867915,0.15000694852332513,5.630872483221476,7.158557046979865,2.1146912865696628,0.5787066992864314,596
trstep,inst_trust,PL,0.0016956783085839402,0.9660378444952512,0.03389942965050482,0.39451866351787845,4.025276461295419,6.89652448657188,2.667074078502577,0.7541786061989515,633
trstep,inst_trust,PT,0.015294012744109794,0.7041208228040704,-0.008298942433173735,0.8367428770974573,4.875605815831987,6.993537964458804,2.619142145626168,0.8080042053643439,619
trstep,inst_trust,RS,-0.02610720125767555,0.5275002147933958,-0.015377027745962259,0.7098171616247637,2.6785714285714284,6.789965986394558,2.779901705516564,0.9083286778011916,588
trstep,inst_trust,SE,0.07440190911304735,0.06475903876843762,0.07977474744145546,0.0476245947801351,5.2641815235008105,7.039222042139384,2.1258834724472315,0.6990146434239755,617
trstep,inst_trust,SI,0.06409433466060657,0.1052389727885067,0.06725373640765296,0.08913112043725709,4.5546875,6.996875,2.5539824183558384,0.7562920728994298,640
trstep,inst_trust,SK,-0.018201026950443042,0.6437469885390728,0.009040480638714756,0.8183299960159758,4.425925925925926,6.771604938271605,2.934747446128389,0.8814572124668831,648
trstep,inst_trust,UA,0.010554575751661199,0.7969064420472125,0.0011824344894491407,0.9769997187138012,4.206030150753769,6.603015075376884,3.123750298161475,1.0091149794342866,597
trstun,inst_trust,AT,-0.034777941138077306,0.38388804787484415,0.0005341798690032403,0.9893321898820215,4.833068362480128,7.135135135135135,2.6623920623617345,0.8738172292766686,629
trstun,inst_trust,BE,-0.016527685287001628,0.6735786073618435,-0.003964780317575325,0.919515541628973,5.357361963190184,7.282208588957055,2.3449572206070726,0.6640582068207064,652
trstun,inst_trust,BG,0.022019482549169557,0.60308114183952,0.022355186139234515,0.5975658498598986,4.848214285714286,7.110714285714286,2.8461121881038336,1.0107965599779087,560
trstun,inst_trust,CH,-0.03621575115569463,0.36452461550177817,-0.009782016567393581,0.8065728903705435,5.27027027027027,7.3155802861685215,2.289568581609861,0.87663161179338,629
trstun,inst_trust,CY,0.07477686400355295,0.05847053395340359,0.06896745975909484,0.08102205304175708,4.171606864274571,7.246489859594384,2.588171182553969,0.9194551734112091,641
trstun,inst_trust,DE,-0.021382685106747432,0.5871955721677978,-0.010155850124097376,0.7965355623138896,5.003091190108192,7.15919629057187,2.463980085165573,0.8907877180473414,647
trstun,inst_trust,EE,0.020904318802597775,0.6114288991839152,0.00792939775560185,0.8472024910552566,4.7318718381112985,7.370151770657673,2.650971144802186,0.711870497566191,593
trstun,inst_trust,ES,0.056015903215377756,0.15989729327061095,0.05764534471994396,0.14807449527711394,4.919175911251981,7.292393026941363,2.6657373295724307,0.8547750901894849,631
trstun,inst_trust,FI,-0.05872062742393293,0.1335860755206839,-0.01239240840305728,0.7517579645893862,6.45565749235474,7.259938837920489,2.1183274005506965,0.744361549048693,654
trstun,inst_trust,FR,0.04101226007634556,0.3059842105728058,0.024755020451033782,0.5367524842523523,5.2016,7.2576,2.4299804789761437,0.7484239851437563,625
trstun,inst_trust,GB,0.12387459732019374,0.002925951371189964,0.11860371136586167,0.0044010644295275,4.897391304347826,6.98695652173913,2.696928853084599,0.8616411028336626,575
trstun,inst_trust,GR,0.06830022201315532,0.08498881297497865,0.044259238894006625,0.26467677648241267,4.194662480376766,7.349293563579278,2.41453338475368,0.7549961286330945,637
trstun,inst_trust,HR,-0.028544749676305096,0.4709915900812722,0.0012461850093056497,0.9748989864253638,4.7390625,7.209375,2.8808969427655136,0.9141076101885897,640
trstun,inst_trust,HU,-0.04489044476108906,0.25866831701686677,-0.04137434225902844,0.29787919329772133,5.275590551181103,7.1070866141732285,2.485532794105328,0.8869169211252347,635
trstun,inst_trust,IE,-0.0699877331433618,0.08806649549276409,-0.035785755340988254,0.38356204485142525,5.443697478991597,7.302521008403361,2.4207519859926245,0.7687567234245365,595
trstun,inst_trust,IL,0.05032820861373909,0.20676042559958335,0.056322062759760164,0.15762318393365865,2.198098256735341,7.1117274167987325,2.4932409321776037,0.8226681495661651,631
trstun,inst_trust,IS,0.012132769864684707,0.7595221290100356,-0.018597256997550406,0.6389052793540325,6.348982785602504,7.460876369327074,2.1990225952252858,0.7475371361731519,639
trstun,inst_trust,IT,0.04314446363940475,0.2803444702003367,0.015308002179604721,0.7018120038294636,4.9665605095541405,7.365445859872612,2.3822502097226277,0.747542678430694,628
trstun,inst_trust,LT,0.06466978327555598,0.12041661691816498,0.06501924885870733,0.11842059273312872,5.024221453287197,7.166089965397924,2.6163268534161355,0.8673305760285619,578
trstun,inst_trust,LV,0.02533557325503868,0.5576191469039519,0.07119441234813889,0.09902581154888143,3.7676579925650557,7.115241635687732,2.8152144667172054,0.9243801270815573,538
trstun,inst_trust,ME,-0.07552435438512906,0.059361206290930044,-0.09341213655302462,0.019603018234758105,5.415064102564102,7.350961538461538,2.3318227005153456,0.691776301391433,624
trstun,inst_trust,NL,0.0220923820406144,0.586653645447643,0.015187885897013451,0.7085913959568192,5.850328947368421,7.314144736842105,2.05580302704662,0.7467649673182114,608
trstun,inst_trust,NO,-0.01869821482649484,0.6300332650522397,-0.02454985051645777,0.527084649504881,6.993993993993994,7.421171171171171,2.0911471025432795,0.6466937154741912,666
trstun,inst_trust,PL,-0.02693596354580332,0.503196933398138,0.007087221023718063,0.8602024383355843,4.922580645161291,7.080645161290323,2.5862454216891297,0.8842251903756216,620
trstun,inst_trust,PT,-0.004446369627547042,0.9120910951235096,0.00015017761455871838,0.997024836269132,5.408723747980614,7.306946688206785,2.6130097996764854,0.7879350436905214,619
trstun,inst_trust,RS,-0.04409505995878391,0.28329442158758894,-0.03075044386769319,0.45442902802365825,2.8535353535353534,7.158249158249158,2.8273112665401468,0.9229366752110045,594
trstun,inst_trust,SE,0.06953653527697493,0.07830694598540922,0.05905077334173876,0.13501873257021665,6.314641744548287,7.383956386292835,2.2183613183013007,0.6972251115165018,642
trstun,inst_trust,SI,0.022900185297021643,0.572409281052769,-0.010004233089497978,0.805228873649945,4.798360655737705,7.295081967213115,2.608624813289923,0.805242720500439,610
trstun,inst_trust,SK,0.021745346647240017,0.5873986560712314,0.014384319631096222,0.7196649015740323,4.8416,7.024,2.9928650196159907,0.9696020859755846,625
trstun,inst_trust,UA,-0.05308916592311115,0.1989975271244834,-0.06279879408379585,0.1285734360876937,3.5928449744463373,6.582623509369676,3.1519239340702647,1.20595985859336,587
happy,wellbeing,AT,0.03906816677363146,0.312977030671239,0.029461173197577035,0.4468037902647348,7.650224215246637,7.49103139013453,1.650690504385674,0.8333847983177259,669
happy,wellbeing,BE,0.038448163462581675,0.31927651838824544,0.007235719323517731,0.8513750100449587,7.7964338781575035,7.576523031203566,1.4633984019733592,0.607871314963195,673
happy,wellbeing,BG,0.021737654873323544,0.5772147238219624,0.00010596837394001342,0.997831977725427,6.3,7.347727272727273,2.0943597933149705,0.9549381208921689,660
happy,wellbeing,CH,0.04992362637669717,0.1948306379383951,0.0895006382982703,0.019944925690951902,8.150887573964496,7.71819526627219,1.4850411978101863,0.6842851887863521,676
happy,wellbeing,CY,-0.03655130548229325,0.3477419380369082,-0.007106881839585789,0.8551807342125596,6.981873111782478,7.575528700906345,2.0981161773621135,0.6528461659699074,662
happy,wellbeing,DE,0.02776865185292647,0.47136956139607283,0.026682750532235927,0.4888892575313714,7.754074074074074,7.434074074074074,1.6812706690935129,0.8916163233675094,675
happy,wellbeing,EE,-0.09180862575869002,0.01788103440894347,-0.07732305918882675,0.04623854464639117,7.421052631578948,7.619548872180451,1.8111540549550065,0.7288647145258196,665
happy,wellbeing,ES,-0.009569482609226188,0.804290677543753,0.013010573305864909,0.7361845325446188,7.8736998514115895,7.560178306092125,1.5315455192823708,0.749814241483219,673
happy,wellbeing,FI,0.029458547098378744,0.44514470201845496,0.06130548710645443,0.11180671363191767,8.089020771513352,7.563056379821958,1.472208494398634,0.744040317351704,674
happy,wellbeing,FR,-0.008368195982209713,0.8293339119439953,0.02941554060615214,0.4485323269065487,7.463963963963964,7.596846846846847,1.5996405306414563,0.7218432737424278,666
happy,wellbeing,GB,0.009753455648721498,0.8016282992492617,0.02697159437350753,0.4871341671447872,7.475975975975976,7.393093093093094,2.008296931441044,0.9127568982102618,666
happy,wellbeing,GR,-0.0032254293962026507,0.934285726597392,0.027317260089299203,0.484890053147783,6.765243902439025,7.554878048780488,1.5880505890069136,0.7596949872513394,656
happy,wellbeing,HR,0.013349919179496449,0.7301513445271731,0.025854049940402885,0.5040840868928023,7.591044776119403,7.511940298507462,1.8541539308234136,0.8618335492915756,670
happy,wellbeing,HU,0.0513584353434351,0.18590459640647375,0.05596649563313481,0.149399403952865,7.097744360902255,7.373684210526315,1.963003682789876,0.720179731671168,665
happy,wellbeing,IE,-0.02859055049217218,0.45867671218254835,-0.046722172649797125,0.2257466414837667,7.664688427299703,7.523738872403561,1.6409595571816191,0.8118917227392551,674
happy,wellbeing,IL,-0.02039910589479022,0.597312094721118,0.010693617516501237,0.781850253678826,7.419019316493314,7.612927191679049,1.9124578087273016,0.7379160785863784,673
happy,wellbeing,IS,0.02601804658871937,0.500422040052876,0.048244012360530344,0.21131443671344557,8.032689450222882,7.726597325408618,1.5281489892922242,0.6929641171600498,673
happy,wellbeing,IT,-0.0493521449535315,0.20336875440184277,-0.014205324802939802,0.7144200815635389,6.882882882882883,7.6058558558558556,1.7561341963489758,0.7849976410693565,666
happy,wellbeing,LT,0.044420051640841215,0.25446502222926864,-0.0248894953386408,0.523272219553674,7.38939393939394,7.444696969696969,1.9434047675158344,0.8738586220558417,660
happy,wellbeing,LV,0.03746025566687603,0.3388246851965788,0.02074623692612137,0.596393204709846,6.799694189602446,7.371559633027523,2.070266400520455,0.9414001897521632,654
happy,wellbeing,ME,0.01216303894172303,0.7560247641011384,0.0206968114908577,0.5969874114818837,6.516030534351145,7.626717557251909,1.9767693964579303,0.7103240880136141,655
happy,wellbeing,NL,0.02737803422360738,0.4763250263091738,0.03552573886527531,0.3553287654777217,8.004418262150221,7.639911634756996,1.2247368901798774,0.707324088951688,679
happy,wellbeing,NO,0.0536828021853645,0.16515192077526533,0.012737896216299121,0.7420725784153962,7.95820895522388,7.628358208955224,1.5391404871169538,0.9152921021901235,670
happy,wellbeing,PL,0.08085468333489763,0.03768758456064643,0.03233641886784218,0.4065329758400108,7.558245083207262,7.363086232980333,1.938058839951961,0.9477719519249536,661
happy,wellbeing,PT,-0.025839488784229876,0.5036864089626218,0.009477920080742564,0.806267615361781,7.025297619047619,7.504166666666667,2.0268576474960933,0.884144431671454,672
happy,wellbeing,RS,0.021355161726055324,0.5813718822769675,0.0009098748983571784,0.9812594628047683,7.149476831091181,7.414050822122571,2.2256844190204017,0.7116522925117276,669
happy,wellbeing,SE,0.013228338538930693,0.7313612686790584,0.013710740670063117,0.7219631987936774,7.714497041420119,7.659467455621302,1.6211097840192952,0.6547257365114078,676
happy,wellbeing,SI,-0.008748058384064583,0.8223756710108502,-0.019942990187817068,0.6087818004954088,7.757942511346445,7.577155824508321,1.7620884655222084,0.8015752038955014,661
happy,wellbeing,SK,-0.010352892878627874,0.7909559170526306,0.017270469018663966,0.6583413938131664,6.613981762917933,7.314589665653496,2.0994858281105566,0.9519506043566798,658
happy,wellbeing,UA,0.06926056115625617,0.0771866425295779,0.03602149927037556,0.35845317691816453,6.042944785276074,7.353527607361963,2.6247075898908285,0.8458463494368882,652
stflife,wellbeing,AT,0.00952627203002735,0.8057270119540005,-0.019705411755642836,0.6109082524611169,7.713004484304933,7.559940209267564,1.6931072226368684,0.7061814299375048,669
stflife,wellbeing,BE,0.009409770025249179,0.8073518071401102,-0.0010851843941588931,0.9775658529401358,7.502967359050445,7.678189910979229,1.7015394067059986,0.5469480251233402,674
stflife,wellbeing,BG,0.07776398914128618,0.04516695189930606,0.052059016478475696,0.18029473387014372,6.141566265060241,7.42816265060241,2.22107442478384,0.690337708287591,664
stflife,wellbeing,CH,-0.028500622117025927,0.46042598685834374,-0.03811416465234081,0.3235016524930625,8.13521545319465,7.8612184249628525,1.5568088706584517,0.5188669559659286,673
stflife,wellbeing,CY,0.031962554714020375,0.40740573120799267,0.03832576819484255,0.32046004011683576,6.379821958456973,7.718545994065282,2.3876743858222715,0.5481268590409125,674
stflife,wellbeing,DE,-0.08247651887665469,0.03280162768506634,-0.0764264534619397,0.04799094190825817,7.667164179104478,7.610597014925374,1.801335500223423,0.7992286651415232,670
stflife,wellbeing,EE,-0.02718458908793638,0.4804234508611084,-0.03261130241100029,0.3972460772270539,7.007396449704142,7.737721893491124,2.0084868148827235,0.4880924194756507,676
stflife,wellbeing,ES,-0.01705487920333248,0.6596965745747542,0.02227671419476384,0.5651683205888174,7.5291479820627805,7.697907324364723,1.819999347876839,0.5864194997795712,669
stflife,wellbeing,FI,-0.019359869373625258,0.6145495292185569,0.0217895495819959,0.5708465794947417,7.955817378497791,7.743740795287187,1.5725683674915394,0.5710711593111726,679
stflife,wellbeing,FR,0.007014908016402878,0.8561795374655251,0.02397705594017903,0.5355469230335347,6.771641791044776,7.724179104477612,2.2550594813925886,0.5574449217800175,670
stflife,wellbeing,GB,0.0017050127211914088,0.9647326591271548,-0.02193446219605343,0.5694333266138182,6.997037037037037,7.498518518518519,2.169383014092018,0.8010550521749505,675
stflife,wellbeing,GR,0.07543599475026357,0.052021454217455396,0.05311254483738616,0.17162504738322718,6.38855421686747,7.629367469879518,1.93941144687085,0.9373732870323617,664
stflife,wellbeing,HR,0.049672968589555784,0.19775058293617556,0.04832425371633521,0.21021518094476482,7.268545994065282,7.622106824925816,2.088813044110325,0.5570573933961416,674
stflife,wellbeing,HU,0.036358573221819845,0.34883469833606545,0.03519568436110838,0.36447611644993266,6.578078078078078,7.443093093093093,2.155754648649248,0.687015150403944,666
stflife,wellbeing,IE,-0.00701057061976051,0.8557360605211827,-0.0023172956981721516,0.9520810849001039,7.340740740740741,7.712296296296296,1.8350485038058055,0.6490896852490016,675
stflife,wellbeing,IL,-0.017250608384513387,0.6553173157616249,-0.030457739404644597,0.4305400741827384,7.144345238095238,7.810863095238095,2.0699390229486054,0.43630117744942937,672
stflife,wellbeing,IS,-0.08225699655006041,0.03223202716959756,-0.08659641489793234,0.02413888744444257,7.787610619469026,7.865929203539824,1.7701846823860274,0.6462515077186369,678
stflife,wellbeing,IT,-0.011447577849675972,0.7696174800906181,0.026963197852091825,0.49023798285088716,6.768645357686453,7.7753424657534245,1.8589082220487703,0.4905518109076395,657
stflife,wellbeing,LT,-0.0460960315068884,0.23731971862291446,-0.04165708013097629,0.28560529489613,7.091047040971168,7.590591805766312,2.1175691379538915,0.6404567960388327,659
stflife,wellbeing,LV,0.01036386656719092,0.7888776675047651,0.04611078170594863,0.23327953163277135,6.3104477611940295,7.476865671641791,2.280556295937719,0.7153990784315417,670
stflife,wellbeing,ME,0.0019605565964215944,0.9595113964902189,0.011900517099204241,0.7579582132192884,6.188707280832095,7.715601783060921,2.1777535168062045,0.5292714293717327,673
stflife,wellbeing,NL,0.0336624972640244,0.3850400161127343,-0.01927738203719001,0.6189419495323975,7.950598802395209,7.782634730538921,1.2203728879837097,0.5557098501849512,668
stflife,wellbeing,NO,0.0002726410524802716,0.9943629644342556,0.028855507721279636,0.4545218268788042,7.7373887240356085,7.872106824925816,1.6910382631275733,0.5250282781722742,674
stflife,wellbeing,PL,0.010685384531838864,0.7829669624684837,-0.02784186934666946,0.4728534074112566,7.299850074962519,7.4790104947526235,2.0134793459551137,0.7954507919112013,667
stflife,wellbeing,PT,0.03263076026398562,0.3962642479085672,0.041678169640308675,0.27849666170693177,6.51622418879056,7.641297935103245,2.0327167223081317,0.6557367093054477,678
stflife,wellbeing,RS,0.0402755352989899,0.3011639943166534,0.022888717588392178,0.5569147765832614,6.711043872919818,7.45249621785174,2.3367321716473293,0.6878693291613062,661
stflife,wellbeing,SE,-0.003884117720095855,0.9200063817152881,-0.03343695185139368,0.38716690758219086,7.816691505216095,7.84843517138599,1.823745962581469,0.5357041076380055,671
stflife,wellbeing,SI,-0.004844922400957928,0.9003855858765252,-0.02385815255174227,0.5375727672447446,7.544776119402985,7.574925373134329,1.9246480533268295,0.7771000730732743,670
stflife,wellbeing,SK,0.10997798979329686,0.004551029241280806,0.05217555933367517,0.17932001047605942,6.341867469879518,7.441415662650603,2.2233493154445405,0.7642572171280362,664
stflife,wellbeing,UA,0.03245177848850592,0.40237422010782425,0.050130790173542494,0.1956473679384681,5.070359281437126,7.310329341317366,2.8054597428005352,0.935601633233563,668
stfeco,wellbeing,AT,0.01626358102880446,0.6747893258284959,0.046314518702881766,0.23191882556754148,5.390718562874252,6.869760479041916,2.1568976746348696,0.5552923263751306,668
stfeco,wellbeing,BE,-0.03186072501561274,0.40820546032674754,-0.02744637306491505,0.47620519775086867,5.199704142011834,6.8483727810650885,2.072765174324851,0.707324861253244,676
stfeco,wellbeing,BG,0.06369997776976113,0.10256323035683404,0.05809004311172443,0.13661347292271558,3.1094224924012157,6.358662613981763,2.084267947636549,1.010866095717322,658
stfeco,wellbeing,CH,-0.0112549297324388,0.7715439881753973,-0.009494915267305943,0.8064962246718502,6.842814371257485,7.059880239520958,1.7821770916157895,0.42698480958335633,668
stfeco,wellbeing,CY,-0.037715686387574845,0.32822937848798805,-0.0419061876846012,0.2772995193257802,3.578635014836795,6.853115727002967,2.3058593058781103,0.7298134844602358,674
stfeco,wellbeing,DE,-0.02150821593721182,0.5775284046763653,0.004706312286849218,0.903005133739508,4.824665676077266,6.827637444279346,2.294309260929611,0.7339613891334452,673
stfeco,wellbeing,EE,-0.04374593825166423,0.25851196656912234,-0.06428098962268139,0.09666542836221487,3.9880418535127053,6.943198804185351,2.2313445957163336,0.513065161668894,669
stfeco,wellbeing,ES,-0.0023011927961193368,0.9524844072874497,-0.005952422848920873,0.8775044652721312,4.222882615156018,6.753789004457652,2.2329271600242815,0.7727625517369572,673
stfeco,wellbeing,FI,0.019244766100351605,0.6176996321736662,0.033194910885123996,0.38920062621989726,5.654814814814815,6.939259259259259,1.9246071131115419,0.5146368452963143,675
stfeco,wellbeing,FR,0.07060893125377184,0.06818293594213269,0.060157025502293175,0.12035262494972487,3.6691616766467066,6.807634730538922,2.1909876499805288,0.6104181265057532,668
stfeco,wellbeing,GB,-0.054630973977482004,0.15936750841457006,-0.017979814869781816,0.6434924706571172,3.1488721804511277,6.838345864661654,2.1362694281108205,0.5871005184393031,665
stfeco,wellbeing,GR,-0.01689084870811267,0.6620556138299457,0.0021570355987346438,0.9554910036001614,3.4970238095238093,6.376488095238095,2.053673981450079,0.9343171848705897,672
stfeco,wellbeing,HR,-0.006585932012381669,0.8659946332729948,0.01141381858157315,0.7699369647967708,3.793626707132018,6.6980273141122915,2.1962710979796185,0.7426513697580888,659
stfeco,wellbeing,HU,-0.004386213781322595,0.909640093730162,-0.037103382122471044,0.336869210640825,4.279761904761905,6.5599702380952385,2.536001512028056,0.9746207175497252,672
stfeco,wellbeing,IE,-0.060427164158815154,0.1165004691761266,-0.04942305146111018,0.1993500180489455,5.238165680473373,6.915680473372781,2.326865742977589,0.5839758835485367,676
stfeco,wellbeing,IL,-0.005300897177413795,0.8913911598760539,0.0013596982450672758,0.9720607629351451,4.648648648648648,6.905405405405405,2.471425811050068,0.5894314076052357,666
stfeco,wellbeing,IS,0.0011404656530060598,0.976511255335341,-0.022558094708720444,0.5602643585693663,4.490284005979073,7.017937219730942,2.28938805660178,0.6402010740497193,669
stfeco,wellbeing,IT,-0.019150268694998855,0.6207326938390114,-0.0017078597814001299,0.964805291025961,4.1447761194029855,6.6940298507462686,2.132023858814887,0.7439603548381991,670
stfeco,wellbeing,LT,-0.0554346032383935,0.15238345690546207,-0.042960396239492965,0.26752780125779496,4.519461077844311,6.655688622754491,2.4643627912705015,0.8507941287559151,668
stfeco,wellbeing,LV,-0.034959145838843735,0.369521520275229,-0.01839292225714011,0.6369086131761825,3.5552193645990924,6.638426626323752,2.129601788495642,0.8812731524501121,661
stfeco,wellbeing,ME,-0.030758355944931755,0.42531178834171396,-0.06134988808473259,0.11154691977892993,4.345697329376854,6.882789317507418,2.4067921849380225,0.6561406773959074,674
stfeco,wellbeing,NL,0.0047483811532439135,0.9018524580013422,0.002251713428718412,0.9533665780915412,5.8124076809453475,6.935007385524372,1.8776069748202306,0.6215321840922906,677
stfeco,wellbeing,NO,-0.059201830742378996,0.12299887510090486,-0.06309819467597458,0.10017395470172828,5.7367647058823525,7.059558823529412,2.1964896624031938,0.4851823027814802,680
stfeco,wellbeing,PL,-0.022514543797608588,0.5699735616387599,-0.02265811514515607,0.5675157632929821,5.22378716744914,6.712050078247262,2.0560326540161085,0.7727908288792235,639
stfeco,wellbeing,PT,-0.01180662422408413,0.760504553817274,-0.008721899990895803,0.8218434074923275,3.774289985052317,6.765321375186846,2.1656400181558046,0.728129685001334,669
stfeco,wellbeing,RS,-0.11006243391853707,0.004834579960696186,-0.09695826479963335,0.013114000955854875,4.162079510703364,6.341743119266055,2.6670295869296434,1.0367448268026453,654
stfeco,wellbeing,SE,0.003198030157789715,0.9341008463888538,0.008529315690580573,0.8254563633118868,4.824143070044709,6.976154992548435,1.98172579781093,0.5148807714192443,671
stfeco,wellbeing,SI,0.09527905711348335,0.014866027384440096,0.098154563585983,0.01209073546532923,5.252679938744257,6.808575803981623,2.1914879284758135,0.6727290536298427,653
stfeco,wellbeing,SK,0.010926433392923148,0.7793383224224423,0.014213787568832986,0.7154958467663126,3.646969696969697,6.546969696969697,2.3926873734489686,0.8964133044717146,660
stfeco,wellbeing,UA,-0.04774025386394296,0.22815545644339763,-0.06229983719308433,0.11565206750777628,2.6697965571205007,5.338028169014085,2.4499142949478885,1.228569213632218,639
stfgov,wellbeing,AT,-0.0022293901968023482,0.9541027037343022,0.04301840148958256,0.2665227052837941,4.0,7.035127055306427,2.5606417608765404,0.7867013241082927,669
stfgov,wellbeing,BE,-0.053001428188421726,0.17123225608183715,-0.045910415344064454,0.2360217186733354,4.395209580838324,7.088323353293413,2.179248137492755,0.5882264683304472,668
stfgov,wellbeing,BG,-0.03258812876995552,0.4014629836392267,-0.01118721645627902,0.7733791492567392,2.735338345864662,6.630075187969925,2.1688580183412567,1.046363824572696,665
stfgov,wellbeing,CH,0.0026484263047126177,0.9458158271486513,0.048059632095332344,0.21720895688568181,6.627836611195159,7.43963691376702,1.7470528457922854,0.6715219178481524,661
stfgov,wellbeing,CY,-0.05082804428076595,0.19697963720355305,-0.009925462101358487,0.8012045986940525,4.004643962848297,6.983746130030959,2.303682952222125,0.9725530490027446,646
stfgov,wellbeing,DE,0.027288915938316324,0.4836785564250099,0.03506184143125328,0.36811614537128606,3.9788199697428137,7.024962178517398,2.463584318899574,0.8079511349371049,661
stfgov,wellbeing,EE,-0.008408569732604102,0.8296722521601797,0.005111917188176635,0.8959492963938905,3.567732115677321,7.223896499238966,2.2756786447084867,0.6702461608249098,657
stfgov,wellbeing,ES,0.026687829554090776,0.49402295653311634,0.03218720112158134,0.4094155488225232,3.748103186646434,6.9848254931714715,2.627937675635841,0.7471813854028857,659
stfgov,wellbeing,FI,0.016817501557488384,0.6631970037599105,0.01132707839536442,0.7692829288764075,4.884101040118871,7.171619613670134,2.3663564144591347,0.63142876372743,673
stfgov,wellbeing,FR,0.042072444893126094,0.2782747773915776,0.03155707382313712,0.4161806137976728,3.795795795795796,6.974474474474475,2.399946186184974,0.7599624704485907,666
stfgov,wellbeing,GB,-0.03859556404611749,0.32326719341319754,-0.05256945691333271,0.1783587405089953,2.9726027397260273,7.057077625570776,2.4362314864690537,0.6075109015396148,657
stfgov,wellbeing,GR,-0.028505403553062227,0.4603507157749092,-0.02147768436104525,0.5780688670986014,3.649331352154532,6.8618127786032685,2.3085123917707335,0.8505500569747777,673
stfgov,wellbeing,HR,-0.06221058266724532,0.11086757262071363,-0.035986930518229585,0.35670464443802496,3.405775075987842,6.916413373860182,2.5237556436841846,0.8985043682645212,658
stfgov,wellbeing,HU,-0.11101908869868876,0.004012330911064315,-0.1183421279378692,0.00215295914628267,4.483582089552239,6.737313432835821,2.779198678745695,0.8763349109797862,670
stfgov,wellbeing,IE,-0.06612967750971421,0.08886629573673606,-0.048598295720270225,0.211400265006312,4.989441930618401,7.013574660633484,2.337441888549944,0.7026899416958889,663
stfgov,wellbeing,IL,-0.01020447107587236,0.79573811024016,-0.042512179618244085,0.2806290781142215,3.8993808049535605,6.9907120743034055,2.890899849801869,0.7675030211750961,646
stfgov,wellbeing,IS,0.03851433018573331,0.32391806993770045,0.03675460907680158,0.34653233916249165,4.177811550151976,7.417629179331307,2.4043960400800954,0.6876553390521118,658
stfgov,wellbeing,IT,-0.02207800549146916,0.5730272109983621,-0.040689339794300054,0.29880220641797667,4.325688073394495,6.994648318042813,2.248575673173851,0.7514470665952216,654
stfgov,wellbeing,LT,-0.05028475574865859,0.20076744475233907,-0.06854122691282333,0.08101850912256822,3.9075500770416025,6.946070878274268,2.556899708288261,0.8670160271095418,649
stfgov,wellbeing,LV,0.004564362003652836,0.9082508446068914,0.010248153462752433,0.7958204020943148,3.1828125,6.79765625,2.2758206958354856,1.0054985639418894,640
stfgov,wellbeing,ME,-0.0718228673527585,0.06497224954845704,-0.07915297642272646,0.041915548570574925,4.706505295007564,7.233434190620272,2.425577727879911,0.6550168912780291,661
stfgov,wellbeing,NL,0.03406605985603455,0.3815219528992818,0.037166480325279104,0.3396826610426341,4.596676737160121,7.250151057401813,2.002008329331747,0.6696974556764989,662
stfgov,wellbeing,NO,-0.0250795078413112,0.5153826196789663,-0.013572961909120045,0.7248393704546,4.792592592592593,7.515111111111112,2.1635512360430997,0.6558183628297761,675
stfgov,wellbeing,PL,-0.06316666029690306,0.120346971832086,-0.029512444718023136,0.4683490943553204,4.488448844884489,6.87953795379538,2.765615063751625,0.7885610607245407,606
stfgov,wellbeing,PT,-0.09592650699965985,0.01340213743098376,-0.112516278143135,0.0036948578424346114,3.5963855421686746,6.9352409638554215,2.3139133650130748,0.8925832841950431,664
stfgov,wellbeing,RS,-0.14309240587234742,0.00031109073077335283,-0.11063890384315901,0.005398293172632147,4.378763866877971,6.7334389857369255,3.1893860273498142,0.9564355431786701,631
stfgov,wellbeing,SE,0.06921461962239828,0.07535996881797907,0.0679629960217934,0.08080483357180553,4.177004538577912,7.343419062027231,2.175027157262147,0.6392987077707109,661
stfgov,wellbeing,SI,-0.04162174618356326,0.2897142581637251,-0.04088985816803124,0.29828618951425506,4.283513097072419,7.0423728813559325,2.4906719772708232,0.8231645742501807,649
stfgov,wellbeing,SK,0.04131644309733045,0.2881020522122631,0.020860330467853627,0.591839011025812,4.155354449472097,6.781297134238311,2.7725996645486974,0.8508819704224331,663
stfgov,wellbeing,UA,-0.0018515925598614764,0.9622762997869749,0.019457303152259256,0.6191424892298373,2.549618320610687,6.152671755725191,2.56896836842171,1.2735445157830814,655
stfhlth,wellbeing,AT,0.01723246892484012,0.6537387210594066,0.033396975531414005,0.3845590068468448,6.522058823529412,7.558088235294117,2.352471553887812,0.6495217621057948,680
stfhlth,wellbeing,BE,-0.06182650934046747,0.106961606129051,-0.05695253469877162,0.13762147944218234,7.255506607929515,7.533186490455213,1.7671603385342893,0.6295773387474193,681
stfhlth,wellbeing,BG,-0.03696038785629898,0.33622337034440153,-0.05366907148262377,0.1624379653687374,3.8483063328424154,7.009720176730487,2.3666112687072682,0.6070090205935778,679
stfhlth,wellbeing,CH,-0.015751113902225805,0.6833581525078299,-0.02325652352801029,0.5469835726001315,6.800891530460624,8.0,1.9735299928205015,0.47871355387816905,673
stfhlth,wellbeing,CY,0.05610170581269483,0.14629062399908827,0.024081435434440746,0.5331594530659924,5.742559523809524,7.365327380952381,2.282069940980697,0.6367556178040777,672
stfhlth,wellbeing,DE,0.044994776367157464,0.24409332354311883,0.038343079897201524,0.32096307025225346,5.248511904761905,7.636011904761904,2.3563019195495025,0.6042429608566422,672
stfhlth,wellbeing,EE,-0.025178886376648283,0.5124696596363045,-0.021389641138873684,0.577937415585502,5.759941089837997,7.541237113402062,2.1561021306293484,0.5944003210206178,679
stfhlth,wellbeing,ES,-0.006477219702239788,0.8672941435226336,0.00421347679786699,0.9134430064560136,5.62874251497006,7.498502994011976,2.5141065708605197,0.5865796762867783,668
stfhlth,wellbeing,FI,-0.0015113213814011745,0.9686441005763727,-0.004766270823315671,0.9013393580628931,6.424153166421208,7.752577319587629,2.0401008882706155,0.5942608875684902,679
stfhlth,wellbeing,FR,-0.026577648176173294,0.4918959958958595,-0.020622271694329983,0.5938583290916972,5.360655737704918,7.451713859910582,2.422137119587308,0.5706967841982145,671
stfhlth,wellbeing,GB,0.01713344826950728,0.6575086852932643,0.025030655073807563,0.5171387510397413,4.799107142857143,7.248660714285715,2.5190420743032176,0.5790412892609106,672
stfhlth,wellbeing,GR,0.03902296728879852,0.31353763354957087,0.02560018562735449,0.5085996469291191,3.391629297458894,7.1741405082212255,2.0050061313933196,0.6577072210422495,669
stfhlth,wellbeing,HR,-0.02795302739608781,0.4690917203973179,0.0008102843581202386,0.9832603961512962,5.448736998514116,7.2579494799405655,2.6266948685021227,0.5958686764604956,673
stfhlth,wellbeing,HU,0.03894537723077616,0.3141387480199643,0.025396651507482892,0.5116604678889863,3.5611940298507463,7.121641791044776,2.48191998728458,0.5375805206553876,670
stfhlth,wellbeing,IE,-0.04421090332127751,0.2510026346623466,-0.04635894994950087,0.22868651023999148,4.489644970414201,7.393491124260355,2.4230154200126566,0.5634961775765004,676
stfhlth,wellbeing,IL,0.07856227927499079,0.04284152215193153,0.06401522841810453,0.09906877887723173,6.526315789473684,7.463609022556391,1.8939462346872098,0.6218406150460747,665
stfhlth,wellbeing,IS,0.008059493766747625,0.8345640587239168,0.019395832352657925,0.6152049484920065,5.370919881305638,8.069881305637983,2.0877019186534906,0.5589719263251863,674
stfhlth,wellbeing,IT,-0.044153061396586216,0.25303661975010966,-0.04085496533807583,0.2902599148524455,5.072916666666667,7.508333333333334,2.099402754945186,0.6351987066422758,672
stfhlth,wellbeing,LT,0.005242005757091827,0.892188946880406,0.011104264796129613,0.7740252371186952,4.400894187779434,7.217585692995529,2.338247673859519,0.5564177653400805,671
stfhlth,wellbeing,LV,0.04122300031966671,0.28737673671062064,0.06564485815091275,0.09002073418351465,4.088323353293413,7.210778443113773,2.5063005829164964,0.623457491087223,668
stfhlth,wellbeing,ME,-0.024070982925116117,0.536719557875337,-0.013473648727612322,0.7295182190791264,4.795763993948563,7.381391830559759,2.3366085690210956,0.5687321352717243,661
stfhlth,wellbeing,NL,-0.06878031033301106,0.07522056225854402,-0.06943036313055205,0.07249891882283552,6.616417910447761,7.837462686567164,1.7861865764184297,0.5885424302275265,670
stfhlth,wellbeing,NO,-0.07574444168388536,0.048504814728181966,-0.06049879782131539,0.11525795661399295,7.075110456553755,7.977172312223859,1.875619609211799,0.4810512254159054,679
stfhlth,wellbeing,PL,-0.03016343425525957,0.4367299735544511,-0.03217551043171948,0.40674691174809624,4.139430284857571,7.150824587706148,2.2931000377317634,0.5259155415767958,667
stfhlth,wellbeing,PT,-0.03728122376994391,0.3331170880318078,-0.01700065310701387,0.659045893465677,3.844674556213018,7.44008875739645,2.520050213609764,0.6747549290910559,676
stfhlth,wellbeing,RS,-0.0642489313463228,0.09809315624721589,-0.03847584747331261,0.3221976989096605,4.239457831325301,7.068524096385542,2.804576685409547,0.5390234083160083,664
stfhlth,wellbeing,SE,0.03567479719334698,0.357256086196469,0.04483833168351044,0.2471540815702308,5.682634730538922,7.947604790419161,2.085402453392407,0.49155715565777985,668
stfhlth,wellbeing,SI,-0.02218432384804813,0.5664921618452635,-0.015748146644978065,0.6840852971129796,4.714925373134329,7.483582089552239,2.51469544741042,0.633305092972467,670
stfhlth,wellbeing,SK,0.06588581795030479,0.08765403804910381,0.06862818144063917,0.07521395761709761,3.851411589895988,7.147845468053492,2.4794216032356546,0.59014649100562,673
stfhlth,wellbeing,UA,0.08710320310486765,0.026028209708388386,0.09261815369959539,0.017918042887656117,4.304747320061256,6.5451761102603365,2.6049608416765926,0.932883668951549,653
stfedu,wellbeing,AT,0.012036465561789115,0.761191190886905,0.02029905528979115,0.608245903951518,6.209375,7.58671875,2.3087042718179576,0.6408585660520706,640
stfedu,wellbeing,BE,0.05322550752719616,0.17136220280946896,0.05128099645081658,0.18757031885777256,5.761329305135952,7.611933534743203,2.0166815773154747,0.6171229487314718,662
stfedu,wellbeing,BG,0.06228786474631284,0.12040183626399045,0.06996532394015798,0.08099114704210343,4.043338683788122,7.325521669341894,2.3220700708737847,0.6648310539659426,623
stfedu,wellbeing,CH,-0.017066250275141463,0.6682429421830641,-0.002885011756693391,0.9422500720879946,6.665086887835703,7.868088467614534,1.9426095020783618,0.5471956512699022,633
stfedu,wellbeing,CY,0.000941440133891764,0.9810359046008765,-0.008572562149171098,0.82863653177985,4.665625,7.590625,2.2616223040130703,0.6569047612970319,640
stfedu,wellbeing,DE,0.02522233740704547,0.5183676647175184,0.02370917872617416,0.5437810781487907,4.302431610942249,7.611398176291794,2.2804897166343516,0.6015258549322051,658
stfedu,wellbeing,EE,-0.04006954600223075,0.3021810006210437,-0.03743176246998033,0.3351477735463611,6.380451127819549,7.761203007518796,2.2349718552517728,0.5748743152239403,665
stfedu,wellbeing,ES,-0.0015413172461322064,0.9684741177400055,0.013808006260166351,0.7232800145565926,5.007575757575758,7.668939393939394,2.307526157368095,0.5737204640137566,660
stfedu,wellbeing,FI,-0.010948617125302504,0.7759756521981466,-0.0238514037112432,0.5352608145886876,7.231563421828908,7.774336283185841,1.7505620716994768,0.5834667585956932,678
stfedu,wellbeing,FR,-0.0036394020158869514,0.9257049433725003,0.0014129649963266916,0.9711201956063371,4.585735963581183,7.625948406676783,2.1366344007334677,0.6090082154229323,659
stfedu,wellbeing,GB,-0.024718224586835466,0.535403775624969,-0.02019209976310949,0.6126701633150132,5.32012678288431,7.344532488114104,2.2675538844360945,0.6795407378656835,631
stfedu,wellbeing,GR,0.09787685146818215,0.013386003669338275,0.08499988814291422,0.03182041758779226,3.8197492163009406,7.4358934169279,2.0412816332489676,0.6460944625643228,638
stfedu,wellbeing,HR,-0.01078084514202599,0.7848043199987161,-0.027281249573928558,0.48950009515676035,5.84472049689441,7.617701863354037,2.3124761525194453,0.6256793493042764,644
stfedu,wellbeing,HU,0.05962821964182083,0.1393427219649492,0.07745473596348827,0.054686521634136294,4.071428571428571,7.371103896103897,2.482084471108695,0.6533785234296461,616
stfedu,wellbeing,IE,0.040409310596222284,0.30325860793516984,0.05229849420188969,0.18262102297156377,6.841781874039938,7.570353302611367,1.9747262840614777,0.5908505196102407,651
stfedu,wellbeing,IL,-0.03286284039096327,0.4010889866986715,-0.03358797870221061,0.3907730447177263,5.2854961832061065,7.629770992366412,2.0844598350374834,0.5974838496004871,655
stfedu,wellbeing,IS,0.028260196328903104,0.4675704620886382,0.04243604857665431,0.2752260661445485,6.375565610859729,7.969834087481146,1.760374583737614,0.5013526744254078,663
stfedu,wellbeing,IT,-0.01688130071202536,0.667492010685637,-0.010044398204324708,0.7982624548027363,5.073846153846154,7.661538461538462,1.96677149536233,0.6150882301555638,650
stfedu,wellbeing,LT,0.02753582705255688,0.48784564721878354,0.0320427869187385,0.4194693061801156,4.532182103610675,7.541915227629513,2.239086132538116,0.6016106048320384,637
stfedu,wellbeing,LV,0.01943632722937863,0.6321463570282067,0.02376919480776953,0.5582438176171955,3.980295566502463,7.496715927750411,2.247719438821192,0.6197057767701839,609
stfedu,wellbeing,ME,0.0829003311902917,0.03431222467896702,0.059316422281241676,0.13027232978952713,4.271472392638037,7.626993865030675,2.225722198160437,0.5854415377517476,652
stfedu,wellbeing,NL,-0.03497152953198341,0.3770968024123818,-0.04754898893039805,0.2296609048542084,6.1328125,7.79265625,1.6481178801737324,0.5993939092865624,640
stfedu,wellbeing,NO,0.016504533188573197,0.6718896913358794,0.0012664474920563592,0.974074392962879,7.329803328290469,7.929727685325265,1.673366627596159,0.4975521154115851,661
stfedu,wellbeing,PL,-0.017188616450029053,0.6647662806003328,-0.02367346906722724,0.5505933819384874,4.984326018808777,7.41833855799373,2.3712840086309432,0.6053340073007444,638
stfedu,wellbeing,PT,-0.02478255392690113,0.5327204700426865,0.007409098650627704,0.8520641678134363,4.410377358490566,7.665094339622642,2.247620442301571,0.6245188312721874,636
stfedu,wellbeing,RS,0.028163248115391757,0.4728244656926359,0.02930387444978254,0.4550766796309881,4.9969325153374236,7.356288343558282,2.883821566602918,0.6300515885924595,652
stfedu,wellbeing,SE,0.0007802959832222233,0.984244546604877,0.002922692902385547,0.9410358654596017,5.208398133748056,7.887713841368585,2.1158335925583516,0.6098017390729075,643
stfedu,wellbeing,SI,0.01185826016694307,0.7623056622351091,0.002378292389011106,0.9516314156698208,5.535987748851455,7.662480857580399,2.330908709257534,0.5732947252862014,653
stfedu,wellbeing,SK,-0.07707536505005187,0.05316091998311659,-0.07346232077621535,0.06537016939338483,5.177777777777778,7.42984126984127,2.3830645487905957,0.5941406857091334,630
stfedu,wellbeing,UA,0.03645071785157931,0.38007237615765305,0.05127999415265821,0.2167313709169195,4.518900343642612,6.90171821305842,2.630187553838085,0.8434400931205512,582
imueclt,immigration,AT,0.010220954073150199,0.7921793835021095,0.013828317968542515,0.7214795858534232,4.904047976011994,7.640929535232384,2.5255032711262957,0.9027424214091446,667
imueclt,immigration,BE,-0.011254111925820659,0.7705613941854789,-0.01038476174613132,0.787844329384401,6.186943620178042,7.704005934718101,2.20577558231807,0.7604635951892205,674
imueclt,immigration,BG,0.04095101386996514,0.3024722454678318,0.018850917605477992,0.6351369725857825,4.4245283018867925,7.442295597484277,2.9583399682426084,1.1215654473288683,636
imueclt,immigration,CH,-0.053893040160898596,0.16193187171260728,-0.0138984639347824,0.7185174946710985,6.371851851851852,7.833333333333333,2.2293114747854474,0.8047522058122263,675
imueclt,immigration,CY,0.029200333184599615,0.4511794613259772,0.02015961414933809,0.6029825342564887,3.6017964071856285,7.669161676646707,2.595139570769014,1.0287360919278403,668
imueclt,immigration,DE,0.02937067152772138,0.44515344458623857,0.04056291980975778,0.29157167860264516,5.9174041297935105,7.623893805309734,2.3720973496966495,1.079959050836182,678
imueclt,immigration,EE,-0.041055663395127395,0.289702139787404,-0.04209494503767991,0.2776557526504116,5.5367316341829085,7.620389805097451,2.3422769635159706,1.0242720249802633,667
imueclt,immigration,ES,-0.01258030757291643,0.7455211520261135,-0.004904337157507445,0.8993208169246032,6.604790419161676,7.708532934131737,2.390531256048528,0.755133716601371,668
imueclt,immigration,FI,0.0031178083030456217,0.9353201883739757,-0.005462907250998952,0.8869266402532135,7.317647058823529,7.684264705882353,2.0261138449398697,0.8157160559150928,680
imueclt,immigration,FR,0.01697837006678335,0.6611278831846966,0.06711737022601588,0.08279341188774579,5.575485799701046,7.656203288490284,2.6815621193388193,0.932550713293074,669
imueclt,immigration,GB,-0.04090990998243172,0.29917283344373197,-0.054105485171888394,0.16959181136825718,6.431888544891641,7.641640866873065,2.5598277243314973,0.881146065447092,646
imueclt,immigration,GR,0.006164387846181702,0.8738367882780204,-0.012329418488532012,0.7507888550535456,4.07057057057057,7.64039039039039,2.094634457022547,0.8037725882872298,666
imueclt,immigration,HR,0.05361679027760232,0.16726656989225291,0.04469684134271597,0.249719555056097,5.009022556390978,7.530075187969925,2.723156462908144,1.0502427259899882,665
imueclt,immigration,HU,0.038410891247891606,0.3255895442341584,0.029854617525768845,0.4448988372570437,3.806697108066971,7.439878234398782,2.4189453370812983,0.8919313026041695,657
imueclt,immigration,IE,0.004908929334486247,0.8992270474574432,0.016887325869733315,0.6630701400912735,6.155688622754491,7.6706586826347305,2.6249318926649763,0.9018928206497108,668
imueclt,immigration,IL,-0.04314092116555344,0.27506589840284723,-0.06615785728440322,0.09396215458371465,5.031152647975078,7.706386292834891,2.5759529224583138,0.7809189116962745,642
imueclt,immigration,IS,0.08611623431095733,0.025700186292844606,0.052129130970726974,0.17742206108206562,7.076005961251863,7.704172876304024,2.1360878231065574,0.9662423878917388,671
imueclt,immigration,IT,-0.028928176967094734,0.4608807081942644,0.020253118407875786,0.6057080128374089,4.889570552147239,7.734662576687117,2.584382101098271,0.7110026517272935,652
imueclt,immigration,LT,0.02029260823160523,0.6075174450986771,0.031416179829249574,0.4264504698977387,5.01710730948678,7.587869362363919,2.5518949710549212,0.9785753051079095,643
imueclt,immigration,LV,-0.02181356439672328,0.5770487920575142,-0.008812975943023008,0.8217488509831523,4.551829268292683,7.454268292682927,2.5437358488090123,1.0027656783973697,656
imueclt,immigration,ME,0.014009079111589984,0.7208539283620814,-0.018827184078611905,0.6310651995920928,5.147013782542113,7.565849923430322,2.1176611551933084,1.069063328692628,653
imueclt,immigration,NL,-0.006524118438346015,0.8665413665550146,0.013993749302156687,0.7184914959187111,6.24024024024024,7.741741741741742,2.10747383310812,0.8944940852463593,666
imueclt,immigration,NO,-0.05266065185804452,0.16985835172970626,-0.020641663565896612,0.5907620210964504,6.352422907488987,7.68575624082232,2.2457209317364395,0.9336454764996189,681
imueclt,immigration,PL,0.07391241240374852,0.060846741944598375,0.02734890864507448,0.4884232947751014,5.535714285714286,7.444565217391305,2.3224439356546487,0.9850444474193588,644
imueclt,immigration,PT,0.05815286941732688,0.14168855014133003,0.05266774468917181,0.18328140340998128,5.696875,7.63671875,2.2319327645372096,0.9467737073113222,640
imueclt,immigration,RS,-0.025334916203829872,0.5279162590744391,0.021665685770968317,0.5893679667121143,4.810593900481541,7.4242375601926165,3.081333197974576,0.9522895180096648,623
imueclt,immigration,SE,0.03925356579388536,0.3117758711850985,0.01269246455844664,0.7437042010879059,6.9474474474474475,7.774774774774775,2.160186799448666,0.8001092183117208,666
imueclt,immigration,SI,-0.01277800643786047,0.74260114902469,-0.02002983525737372,0.6066771412611403,5.357466063348416,7.590497737556561,2.602659731549099,0.8833557752112697,663
imueclt,immigration,SK,0.04796889148795032,0.21913089357838744,0.0236761216261989,0.5443430962333426,3.411854103343465,7.4034954407294835,2.619266962064005,1.0315583226548763,658
imueclt,immigration,UA,0.006742463567561343,0.8659809488688697,-0.011220775219315159,0.7788141851037766,5.235294117647059,7.232114467408585,2.8617776730524103,1.3325370226799154,629
imwbcnt,immigration,AT,0.03688316332523666,0.3515580921574054,0.012774481248819917,0.747033753548458,4.4546875,6.69765625,2.382344401512477,1.2641972991699049,640
imwbcnt,immigration,BE,-0.004735375673915587,0.9046066800034531,-0.03494759990736824,0.3763034538610649,5.458786936236392,6.845256609642302,2.027712157758107,1.1924300646038082,643
imwbcnt,immigration,BG,0.029412209114791955,0.4618776249759517,0.040162919413432,0.31495455286038065,3.968152866242038,6.246815286624204,2.834443836409906,1.6057828264627683,628
imwbcnt,immigration,CH,-0.05924288529459296,0.1313444408798342,-0.07883054830918065,0.0445316852760539,5.775384615384615,7.053846153846154,1.8599692468281879,1.078659346383224,650
imwbcnt,immigration,CY,0.02836069005959482,0.4673416415163654,0.005780351301359765,0.8822584046217552,3.793626707132018,6.5804248861911985,2.48213471714524,1.5638573039832253,659
imwbcnt,immigration,DE,0.09950673345001365,0.011326330551958065,0.08832857560090931,0.024653374369260208,5.367851622874807,6.74806800618238,2.2828107551644354,1.2672555638460028,647
imwbcnt,immigration,EE,0.021417317710495414,0.5895081931438519,0.0026531548681742226,0.946716086531139,4.9010989010989015,6.8171114599686025,2.0909994415904314,1.2105040045800393,637
imwbcnt,immigration,ES,0.05534177424659227,0.15842272524776677,0.011074269320753673,0.7779264093458628,5.900153609831029,6.907066052227343,2.3285882103306275,1.2112469710431313,651
imwbcnt,immigration,FI,-0.008846261819293929,0.8189475232486142,-0.03637844631504381,0.3464009889238794,6.087797619047619,6.833333333333333,2.0874402426729577,1.2240348449043392,672
imwbcnt,immigration,FR,0.01638850702407472,0.6794837220419673,-0.007536959961422434,0.8493068608724293,5.128526645768025,6.820532915360501,2.2086816056020115,1.1586823423615447,638
imwbcnt,immigration,GB,0.1179645218504306,0.002865033208634628,0.051514562383552016,0.19412335323345634,6.197802197802198,6.813971742543171,2.556615823749578,1.25091516906885,637
imwbcnt,immigration,GR,0.01093499752668891,0.7808123640837911,-0.0006047855451670735,0.9877215283256914,4.163076923076923,6.7069230769230765,2.174482155434909,1.3651048747950778,650
imwbcnt,immigration,HR,0.06247650374096306,0.1104349376703931,0.08242807163976325,0.03507228118464786,4.896024464831804,6.4495412844036695,2.527923584125919,1.5084422267973951,654
imwbcnt,immigration,HU,0.04225209973591135,0.2854633168351061,0.023080052740704803,0.5597065546993077,3.854914196567863,6.402496099843994,2.2407821668312087,1.4759297949937829,641
imwbcnt,immigration,IE,0.020394926125905353,0.6040237766004773,-0.0054487809503344095,0.8898107046052075,6.070878274268105,6.980739599383667,2.5612073973776903,1.0897312819972726,649
imwbcnt,immigration,IL,0.02284794417455916,0.562747783120923,0.019530270606824513,0.620806937987897,4.754658385093168,6.722049689440993,2.4964161013813295,1.3110648233739437,644
imwbcnt,immigration,IS,0.08668497024357681,0.02652311965574947,0.07992364867697899,0.04086980863210079,7.016793893129771,7.116030534351145,2.02688929767738,1.2072548784634805,655
imwbcnt,immigration,IT,-0.0017431290611201276,0.9644574088101607,-0.037031968828351365,0.3436402443869246,4.548780487804878,6.8620426829268295,2.363345740824251,1.236076569928014,656
imwbcnt,immigration,LT,0.028715113659662284,0.47079974885215936,0.003219316044311854,0.9355720021947893,5.243285939968405,6.641390205371248,2.3196102511326333,1.4306741222297403,633
imwbcnt,immigration,LV,0.020747331621951994,0.6046671141354283,0.03607310475271217,0.36795245985325964,4.3536,6.4432,2.4274255646249734,1.513154711021705,625
imwbcnt,immigration,ME,0.017814160854205282,0.6541143683301148,-0.0017775188247142527,0.9643433684017223,4.718110236220473,6.788976377952756,2.26359953580382,1.3779029205396347,635
imwbcnt,immigration,NL,-0.030961428547142077,0.42749122753370017,-0.06316519972358098,0.10522085406535393,5.502276176024279,6.905918057663126,1.8917299562998557,1.1899189773285221,659
imwbcnt,immigration,NO,0.019202792832548197,0.624001636009959,-0.002870315322719014,0.9415964208584121,6.255351681957187,6.964831804281346,1.9855358552891509,1.1596793739566582,654
imwbcnt,immigration,PL,0.026827812347342272,0.5038802991714653,-0.029117987994793763,0.46815865350074054,5.508828250401284,6.540930979133226,2.0864366169688178,1.3363013816831397,623
imwbcnt,immigration,PT,0.036005194728809066,0.36314872064144016,0.0319348402575175,0.41994248501542886,4.665625,6.7515625,2.1268253690029986,1.4271558315774888,640
imwbcnt,immigration,RS,0.017735590433640723,0.6635562867255614,-0.018912740220082942,0.6427294777391989,4.781456953642384,6.2864238410596025,2.9397353018443866,1.6478785173030412,604
imwbcnt,immigration,SE,0.07319689532649619,0.06156884303059085,0.09330604862126254,0.01708066597244215,6.358346094946401,6.8644716692189895,2.1536625295244187,1.1209492462951904,653
imwbcnt,immigration,SI,0.010426716919043632,0.7907585581416336,0.029436579442250217,0.4537328724611856,5.009230769230769,6.775384615384615,2.3604159277344183,1.2738970901815887,650
imwbcnt,immigration,SK,0.005671664930122378,0.8858635270878021,0.01043328236375734,0.791738466141932,3.3716951788491447,6.231726283048212,2.333610859860121,1.5437406444408919,643
imwbcnt,immigration,UA,0.05690051679275671,0.16605642677565063,0.04280375961720926,0.2976444445571071,5.331649831649831,6.1506734006734005,2.8217610730531293,1.620778200154899,594
imbgeco,immigration,AT,0.08628719409382156,0.0274639029018042,0.0537845430010784,0.16982590783425186,5.629402756508423,7.093415007656968,2.485021221433327,0.869826233028181,653
imbgeco,immigration,BE,-0.06592744156725125,0.08936439615862683,-0.07192394299487843,0.06378821171610204,5.622556390977444,7.2,2.196746517523589,0.6946438803314455,665
imbgeco,immigration,BG,-0.05560105500721716,0.1593837713550418,-0.043594885853407706,0.2700416032142381,3.957943925233645,6.942367601246106,2.9233218144001976,1.070719064702103,642
imbgeco,immigration,CH,-0.007735743294153061,0.8414700212867045,-0.04330991714255245,0.2625775629972518,6.482861400894188,7.330849478390462,1.9863537832932499,0.7960269025279453,671
imbgeco,immigration,CY,-0.025673570412161076,0.5102655700916433,-0.03884885583354473,0.3189929395797804,3.66969696969697,7.1462121212121215,2.627620865023999,0.970068384792039,660
imbgeco,immigration,DE,0.03217324455681744,0.4081957523488549,0.01817668025754303,0.640369039169694,6.055806938159879,7.1523378582202115,2.2605693823590864,0.7552573802703338,663
imbgeco,immigration,EE,-0.02511862590645053,0.5191363465161964,-0.0341375841748154,0.38088392876982324,5.390317700453858,7.143721633888048,2.2940298118597697,0.8698192469673812,661
imbgeco,immigration,ES,-0.025415519507341548,0.5126149705333852,-0.018828009861387808,0.6276591527186628,6.346846846846847,7.262762762762763,2.315322734735381,0.7589233732670264,666
imbgeco,immigration,FI,0.0014835620788877324,0.9693564787636101,0.020060512823837372,0.6034124164152419,6.554234769687964,7.194650817236256,2.0824773590014263,0.6720401850562453,673
imbgeco,immigration,FR,-0.022128297598929803,0.5709761989803225,-0.0010423731456988177,0.978708892411508,5.372340425531915,7.203647416413374,2.4300805793508213,0.7612287253508311,658
imbgeco,immigration,GB,0.007590296392431046,0.8471957296076827,-0.031363375098328504,0.4257890037200916,6.21483771251932,7.153013910355487,2.5183959579812276,0.8690156907122191,647
imbgeco,immigration,GR,-0.03993609940143931,0.3100823300831724,-0.0509916738979335,0.1948468753254528,4.2592592592592595,7.216049382716049,2.2031467043744613,0.7781334286593433,648
imbgeco,immigration,HR,-0.04465518182108956,0.2552284059380077,-0.012697000800325414,0.7464297159377898,4.99231950844854,7.110599078341014,2.5488946616560746,0.8575787618992717,651
imbgeco,immigration,HU,-0.009524423752733883,0.8086430182418518,0.0030567852472651916,0.938048295953273,3.6409861325115562,7.003081664098613,2.532306617260189,0.8498309896169215,649
imbgeco,immigration,IE,0.01005880232372838,0.7969140967197843,-0.02740632053089444,0.4831325700638534,5.9969558599695585,7.225266362252664,2.6480532171836146,0.8270029071993443,657
imbgeco,immigration,IL,0.041515020219561334,0.2924512294228604,0.053936218325558616,0.17126543635042532,4.951937984496124,7.21860465116279,2.6747932170379225,0.7519919140510813,645
imbgeco,immigration,IS,0.006085141359473729,0.8762861786338874,0.006779549590116625,0.8623019898776428,6.751902587519026,7.3744292237442925,2.1308420848332106,0.7091415401897704,657
imbgeco,immigration,IT,0.01821049732972201,0.6422927634933387,-0.03532654345672153,0.367438681211495,5.122511485451761,7.162327718223583,2.5150464634756755,0.8711402705441016,653
imbgeco,immigration,LT,0.007077122935195467,0.8576312946391375,-0.011524264333374752,0.7701933464997609,5.555038759689922,7.114728682170543,2.565083305958654,0.7636034196384331,645
imbgeco,immigration,LV,-0.055036195570376686,0.16532768931462746,-0.05325255437794271,0.17948368072809354,4.996860282574568,7.003139717425432,2.64871919937071,0.9598821669733764,637
imbgeco,immigration,ME,-0.011496200358851101,0.7696994249009348,-0.018723890721076306,0.6334631207772394,4.291858678955453,7.182795698924731,2.697162854385059,0.7309080883267556,651
imbgeco,immigration,NL,-0.07478185700839167,0.05482907025626917,-0.05334956373460601,0.17101426081129192,5.746969696969697,7.213636363636364,1.9433337825188752,0.880472070172575,660
imbgeco,immigration,NO,0.07963695024308667,0.04052183390491736,0.040740192122691976,0.2952505674999817,6.113293051359516,7.256797583081571,2.000190241008079,0.7383430061081941,662
imbgeco,immigration,PL,0.0051261625136185315,0.8957402756071431,-0.01865373097904371,0.6334340858267027,5.527439024390244,7.041158536585366,2.4242748494951267,0.7075262997967742,656
imbgeco,immigration,PT,0.052737819482430275,0.17930354588695893,0.024553360918389982,0.5320500516081801,6.176923076923077,7.247692307692308,2.194914224575,0.8055293682509975,650
imbgeco,immigration,RS,0.04146621582777602,0.30655417170086446,0.0018411981949077159,0.9638036200541242,4.618032786885246,7.032786885245901,3.0002741088086093,0.787154946737012,610
imbgeco,immigration,SE,-0.01005346204528237,0.796716459365245,0.008225711024775872,0.8330707527761262,6.0121396054628224,7.30804248861912,2.0495024539502684,0.624314061049559,659
imbgeco,immigration,SI,0.006306547948846796,0.8714353439763453,-0.026440753789672197,0.4973776109338454,5.515885022692889,7.042360060514373,2.53433489190674,1.000616414793369,661
imbgeco,immigration,SK,0.03796887535228526,0.3349136465502183,0.01726180004094891,0.6611991841214253,3.687789799072643,6.867078825347759,2.6820506281288288,1.0663504925838934,647
imbgeco,immigration,UA,0.03849033809886093,0.3425987156321281,0.008732674098077594,0.8295779786309655,6.091803278688524,6.886885245901639,2.795979701280539,0.9968711988708877,610
imsmetn,immigration,AT,0.04432382209650893,0.2508504186188596,0.05745063466374173,0.1365248581830991,2.0490341753343237,2.9182763744427933,0.7956184628411045,0.36698822600638287,673
imsmetn,immigration,BE,0.05523550797975124,0.1520210526863808,0.058118814625180544,0.13172717976469567,1.8842729970326408,2.9718100890207717,0.7117912587900784,0.25703877660124297,674
imsmetn,immigration,BG,-0.007005207710455054,0.8572302150828859,0.012385207405436232,0.7504292311830035,2.2613293051359515,2.9123867069486407,1.0185793183910516,0.3907369758172802,662
imsmetn,immigration,CH,0.005241786647024919,0.8923538293806286,0.014127910872007134,0.7152952354839494,1.8460388639760836,2.9671150971599403,0.6579113237090359,0.2660324260365121,669
imsmetn,immigration,CY,-0.018359998217560108,0.6339584116202572,-0.02527668537910363,0.5120846556706856,2.3644444444444446,2.9555555555555557,0.8701671679044848,0.2847943363999704,675
imsmetn,immigration,DE,0.014431642937835677,0.7109097740511883,0.035240318538489274,0.3653178593732126,1.758308157099698,2.9274924471299095,0.6950541779903443,0.36179004757010674,662
imsmetn,immigration,EE,0.018246261601037667,0.6360615418357942,0.03941501797338144,0.3065293652952639,2.0503703703703704,2.954074074074074,0.712632316213544,0.2922751647898977,675
imsmetn,immigration,ES,0.05250283296014817,0.17465389120984115,0.048744547187140566,0.2076280710992545,1.8925373134328358,2.9388059701492537,0.818565121932757,0.3336867590691245,670
imsmetn,immigration,FI,0.012875237772561696,0.7386406689393947,0.01810880901613754,0.6388567469474028,1.9332344213649852,2.9332344213649852,0.6764951510490699,0.3404296493457592,674
imsmetn,immigration,FR,0.014005949668612445,0.7205029484350841,-0.01239937525459855,0.7514387313285226,1.949618320610687,2.9206106870229007,0.7009576286890377,0.3707001304771361,655
imsmetn,immigration,GB,0.009340656725769062,0.8116966902457613,-0.006097257313099676,0.8764181550424089,1.9754977029096479,2.9586523736600308,0.7945442449144146,0.2766018990637557,653
imsmetn,immigration,GR,-0.004539948986764686,0.905932812352374,-0.014145265897932503,0.7127217277622834,2.0676470588235296,2.9338235294117645,0.9391565759078011,0.3301761453029912,680
imsmetn,immigration,HR,-0.08125615746350154,0.03453137266926656,-0.06184710633436496,0.10788351978112816,2.0,2.942392909896603,0.9003615315938174,0.3235192107324845,677
imsmetn,immigration,HU,-0.042108250082557655,0.276781893544787,-0.027454401646143066,0.4783774004641453,2.874439461883408,2.9402092675635276,0.8835259678840562,0.32280667241910455,669
imsmetn,immigration,IE,0.013129017059492059,0.7342555181562341,0.028274204608689422,0.4646654140784118,2.0804769001490313,2.9642324888226526,0.8652962976198127,0.2537526699565251,671
imsmetn,immigration,IL,0.05173837174688137,0.1833280169724694,0.06017672637881775,0.12163268886420946,1.803921568627451,2.97737556561086,1.1308031287070301,0.2080721227945589,663
imsmetn,immigration,IS,0.006252925490257227,0.8720402060393161,0.006509352271947976,0.8668406091403111,1.6036036036036037,2.9684684684684686,0.6292988715239207,0.2582120066101708,666
imsmetn,immigration,IT,0.05372617667315215,0.162612513427234,0.041441108780140325,0.28159846059349286,2.1181683899556867,2.917282127031019,0.8343109412867641,0.38339768605353985,677
imsmetn,immigration,LT,-0.04331902880439325,0.2631921432279236,-0.06779818290147004,0.0797154259817345,1.9192825112107623,2.9327354260089686,0.7925941410729361,0.3327734438409319,669
imsmetn,immigration,LV,-0.00873287502002917,0.8238747576433558,-0.0018574618003784757,0.9622438421860043,1.9033742331288344,2.901840490797546,0.9718879410849242,0.3952828449517166,652
imsmetn,immigration,ME,0.021760266600825705,0.5730757606095622,0.03147389466629705,0.4149649506414708,2.2199108469539377,2.9375928677563152,0.8429091441983768,0.34369079673243974,673
imsmetn,immigration,NL,0.07275004691083739,0.05944551397690636,0.058815702897595516,0.1277193006705938,2.0982142857142856,2.9404761904761907,0.6922154514393706,0.35301352785418727,672
imsmetn,immigration,NO,0.01914134636834615,0.6203728383497151,0.008126184151599724,0.8334600214649676,1.6726190476190477,2.943452380952381,0.6176444248780979,0.32264552505472593,672
imsmetn,immigration,PL,-0.02225316254390355,0.5652882747213819,-0.03097916582679734,0.42338024251945017,2.271641791044776,2.943283582089552,0.7757162600066089,0.3184528558581157,670
imsmetn,immigration,PT,-0.057054354450801925,0.13955021465545028,-0.052550741652492836,0.17361640543979892,2.3824404761904763,2.9479166666666665,0.7993223635448731,0.28151464752475774,672
imsmetn,immigration,RS,-0.004477008529273011,0.9086736795643245,-0.017752187076040496,0.6491905408898261,1.8831562974203337,2.936267071320182,0.935619875548736,0.32923235989433386,659
imsmetn,immigration,SE,-0.026853513676209785,0.488062822343115,-0.02629662771856683,0.4971323809050778,1.7174887892376682,2.9566517189835575,0.6161564526972658,0.2888727312607624,669
imsmetn,immigration,SI,0.002602469485448802,0.9461924691798459,-0.020680400830536166,0.5917138472293704,1.8681481481481481,2.9325925925925924,0.7441813708617433,0.38360882601819113,675
imsmetn,immigration,SK,-0.10369609375798804,0.00731151179547208,-0.11646466913262615,0.0025720141582269125,2.688622754491018,2.9266467065868262,0.8907601094654441,0.3450347930715347,668
imsmetn,immigration,UA,-0.06125659968761359,0.12130449185952309,-0.04446362041735877,0.2609758226038213,1.6848673946957877,2.8985959438377535,0.8894724680679317,0.41534762614708876,641
impcntr,immigration,AT,-0.04755047763331774,0.21864801123284372,-0.05164350163656956,0.18149908183745192,2.761549925484352,2.901639344262295,0.882540420686507,0.45302992672606096,671
impcntr,immigration,BE,-0.02554509767274679,0.5095125658417134,-0.01959491650192537,0.6129100253350702,2.0896860986547083,2.9581464872944694,0.8195029474987615,0.3209923368333833,669
impcntr,immigration,BG,0.03668735577564012,0.34558380143031575,0.04036124352434336,0.29940283814426905,2.8009049773755654,2.9049773755656108,0.9753142316575092,0.44145730695960445,663
impcntr,immigration,CH,0.004470963317312339,0.908727326050579,-0.004907327379055189,0.8998638812464782,2.1818181818181817,2.9696969696969697,0.773402527257418,0.27926290198991544,660
impcntr,immigration,CY,0.006992035222192764,0.8570689419744587,0.013943944038730085,0.7194510799903621,3.0345345345345347,2.9474474474474475,0.7441053625226041,0.34935097861124215,666
impcntr,immigration,DE,-0.061734927507063234,0.11390428477421317,-0.07025238735777041,0.07193886905925462,2.1491628614916287,2.9421613394216135,0.8052628335255844,0.3781415782457719,657
impcntr,immigration,EE,-0.016885680818929348,0.6635763798391768,-0.006631962301183451,0.8643564465679249,2.74024024024024,2.945945945945946,0.8601989292233133,0.34696114504582476,666
impcntr,immigration,ES,0.006553972231612991,0.8666388349046009,-0.0036674353524772467,0.9251343406628729,2.01062215477997,2.9317147192716235,0.8794562123019224,0.38969858660256274,659
impcntr,immigration,FI,-0.09021237224569069,0.019793546940907313,-0.0828907193042207,0.03231976686027905,2.4107946026986506,2.9580209895052474,0.7992510372288333,0.38520808250353006,667
impcntr,immigration,FR,-0.017113303600297863,0.6607720593895537,-0.02675841659005536,0.4925517190325734,2.2196969696969697,2.966666666666667,0.8200299222805326,0.3424154729200969,660
impcntr,immigration,GB,-0.04637304744931205,0.2377438022933302,-0.04847717200246237,0.21709967535578825,2.1338461538461537,2.913076923076923,0.8789223200646543,0.4323919321399651,650
impcntr,immigration,GR,0.009064374399667056,0.8136144454318526,-0.001854640158722998,0.961526149804995,3.066273932253314,2.9617083946980856,0.773851487974543,0.3623188556906915,679
impcntr,immigration,HR,0.06129379091460896,0.11267912429102657,0.05081279725487554,0.18863326573901648,2.301043219076006,2.9433681073025335,0.9200821424609827,0.38215412237733937,671
impcntr,immigration,HU,0.018972819989875492,0.6257983899711245,0.02455148280977333,0.5279927270859849,3.2745098039215685,2.9064856711915534,0.7773601774258472,0.4116911397915854,663
impcntr,immigration,IE,-0.010983579739763582,0.7783786004610155,-0.004060669014059248,0.9171344748426296,2.2534142640364188,2.952959028831563,0.8997465177535292,0.32973630869714593,659
impcntr,immigration,IL,-0.05110157978043249,0.19354026204156258,-0.056213404344800114,0.15259251806459273,3.152542372881356,2.958397534668721,0.8974400364135428,0.2988577364910927,649
impcntr,immigration,IS,-0.021853325499382244,0.5775240558551371,-0.0322266506714077,0.41135067973382666,1.8987730061349692,2.9493865030674846,0.7890563093347229,0.3866627362237872,652
impcntr,immigration,IT,0.03058428918986705,0.4289713205472038,0.04425189495806788,0.25232933498790877,2.2652757078986587,2.9463487332339793,0.8816376586700074,0.36255427673212065,671
impcntr,immigration,LT,-0.044736474912410014,0.24823052135851392,-0.05773236695662221,0.13607126417063686,2.434131736526946,2.934131736526946,0.911447928270071,0.40071487170627346,668
impcntr,immigration,LV,-0.11012441281763191,0.004714291407059651,-0.1043092516032458,0.0074536130692469706,2.7899543378995433,2.9048706240487063,0.9823237279269903,0.4456846165660925,657
impcntr,immigration,ME,0.01959476438698733,0.613446180845565,0.01941447810111741,0.6167148395503614,2.373313343328336,2.9355322338830585,0.8436701046691052,0.36807242003693935,667
impcntr,immigration,NL,0.03197045231471358,0.4076392624480689,0.031302119567254406,0.41751710270837405,2.322436849925706,2.945022288261516,0.8156132694523361,0.3384264723408404,673
impcntr,immigration,NO,-0.12107660794720934,0.0015734107270738177,-0.08258033061059634,0.03143212757196058,1.8306332842415316,2.9617083946980856,0.7013712103877174,0.3370101454626616,679
impcntr,immigration,PL,-0.07538252956224174,0.053631743987912435,-0.053989829103257204,0.16722221660840608,2.5304878048780486,2.9451219512195124,0.7710310771872018,0.31264542324766825,656
impcntr,immigration,PT,-0.02318922493330191,0.5493402993110976,-0.012975945871243424,0.7376177307101754,2.4708520179372195,2.9417040358744395,0.8122210385687361,0.3685350051198087,669
impcntr,immigration,RS,-0.0007448534105632906,0.9848548181514838,0.005638724551369565,0.8857328751451472,2.553680981595092,2.9064417177914113,1.0684133876398818,0.43518971053503785,652
impcntr,immigration,SE,0.06455964949911748,0.09572327494495311,0.07472805440843269,0.053727113161658596,1.8275862068965518,2.9580209895052474,0.6791316812888245,0.3483650955520938,667
impcntr,immigration,SI,0.08473330607510131,0.027713684408657315,0.07111351394829374,0.06482005184808493,2.202962962962963,2.968888888888889,0.8272026383285275,0.32306641577389184,675
impcntr,immigration,SK,-0.06212490787852779,0.10761242646885642,-0.06131668825215372,0.11227605069509093,2.9791666666666665,2.9017857142857144,0.8330973336962633,0.44272199823826147,672
impcntr,immigration,UA,-0.025585974933978583,0.521833644220998,-0.029823638204272727,0.4552740498997855,2.3863275039745626,2.8807631160572336,1.0730651499966026,0.4654585330896228,629
imdfetn,immigration,AT,-0.04524512464279499,0.24253388863558475,-0.04788939429308605,0.2160669345153359,2.5814648729446934,2.9417040358744395,0.8623965393336537,0.28094807786092296,669
imdfetn,immigration,BE,0.00037518310734225007,0.9922602433111651,-0.00820952439109355,0.8319011789707745,2.0685543964232487,2.955290611028316,0.7887705318325217,0.2856224371669848,671
imdfetn,immigration,BG,0.05554788272697859,0.15309196912293557,0.05526217038840753,0.15521939444134555,2.73604826546003,2.9110105580693815,0.9807886080799644,0.3722829522891103,663
imdfetn,immigration,CH,-0.028025973237951796,0.4695962009999368,-0.046676782091315025,0.22828390846058735,2.1152694610778444,2.964071856287425,0.7140948197121578,0.24223387088152265,668
imdfetn,immigration,CY,-0.03161604522111515,0.41285991959670276,-0.03134594280249278,0.4168651226653191,2.8915304606240713,2.9524517087667164,0.7530510595253932,0.2794511379699513,673
imdfetn,immigration,DE,-0.013509169876492434,0.7280433708411687,-0.013946049671102112,0.7196130942580846,2.081203007518797,2.930827067669173,0.752120533944728,0.33567510897340924,665
imdfetn,immigration,EE,-0.05695365535608911,0.1399553883522031,-0.051240925213184116,0.18427533279674,2.4695393759286777,2.959881129271917,0.8143299513419521,0.26702948854664865,673
imdfetn,immigration,ES,0.01508161130008626,0.6976447656291738,0.007794258852491001,0.8408772910188037,2.0195195195195197,2.9279279279279278,0.874661048202374,0.33479999762071067,666
imdfetn,immigration,FI,0.00022686733231771714,0.9953093546459748,-0.026313887201008405,0.49524003085192686,2.311572700296736,2.956973293768546,0.796136410520858,0.2929387541770348,674
imdfetn,immigration,FR,-0.07113942610140689,0.06695105787078272,-0.08031922940594839,0.03853426990902903,2.1716867469879517,2.9427710843373496,0.7944260104240488,0.279585184014445,664
imdfetn,immigration,GB,-0.09048416183471565,0.02036066012260006,-0.10877269161010432,0.00525391512975697,2.041095890410959,2.9619482496194824,0.8113997343484705,0.227823430775894,657
imdfetn,immigration,GR,-0.07438376064829216,0.05305024327398202,-0.0705673355785675,0.06650534536629955,2.8980797636632203,2.9379615952732645,0.7975252993452948,0.3062330468716071,677
imdfetn,immigration,HR,-0.04570966255752892,0.23458406817508962,-0.04897847875947756,0.20275766530161368,2.3171091445427727,2.9410029498525074,0.937344006853199,0.2866815123160908,678
imdfetn,immigration,HU,-0.06559641148355798,0.09050091717020654,-0.07216255812580524,0.06251459858989136,3.260869565217391,2.929535232383808,0.7599279794903416,0.32347622903980483,667
imdfetn,immigration,IE,-0.009349583291579313,0.8086999097085561,0.004882265619718251,0.8993977071042412,2.2421991084695394,2.959881129271917,0.889356329338763,0.26139731689000617,673
imdfetn,immigration,IL,-0.04107281094528588,0.2950098490933787,-0.021700268837896622,0.5801929816806474,2.9279141104294477,2.978527607361963,0.9818725356050031,0.19079986258463513,652
imdfetn,immigration,IS,-0.13335158515322018,0.000604708149512171,-0.11568088713786055,0.002961272041337888,1.8829787234042554,2.974164133738602,0.7957166167032123,0.22935549389040402,658
imdfetn,immigration,IT,-0.10924762549222752,0.004579125802182716,-0.09800238145608514,0.01102505327883675,2.363095238095238,2.950892857142857,0.8557726848203284,0.27127634593794947,672
imdfetn,immigration,LT,-0.027210189376442328,0.4832884151144764,-0.02265750562293852,0.5594233565918711,2.34984984984985,2.93993993993994,0.909006716423887,0.30434842912717136,666
imdfetn,immigration,LV,-0.015249986934775486,0.6986273519362736,-0.01895250055711891,0.6303811043151427,2.5131375579598147,2.935085007727975,1.0120315915764815,0.34585911859339885,647
imdfetn,immigration,ME,-0.0006472021568312423,0.9866590879422119,0.007768260910321173,0.8409300229372234,2.3537313432835822,2.9582089552238804,0.8338554462820021,0.26457470948722994,670
imdfetn,immigration,NL,-0.009413838153428755,0.8076927031125959,0.007318086570690865,0.8499248025101187,2.1698956780923995,2.9672131147540983,0.7234163276637782,0.276650241291872,671
imdfetn,immigration,NO,-0.04752881134119805,0.21612225242721414,-0.06345374551413831,0.09851971968912034,1.7540500736377025,2.9690721649484537,0.6739203780529339,0.23783225622310641,679
imdfetn,immigration,PL,-0.04260592364793274,0.2700634659707265,-0.028764248554822895,0.4566221892753961,2.6473214285714284,2.943452380952381,0.8055463277164815,0.27798291576071604,672
imdfetn,immigration,PT,-0.05973713449632681,0.12240678708987925,-0.07275730952373201,0.059801425145947835,2.5,2.9328358208955225,0.8123670409781305,0.32341972234488425,670
imdfetn,immigration,RS,0.04810204553684074,0.21680295338753702,0.03462795553263214,0.37407644133385276,2.4009077155824508,2.9228441754916794,1.055117008713604,0.3417092795674985,661
imdfetn,immigration,SE,-0.019475014121322427,0.6153508420276461,-0.04527463930399996,0.24258003488196267,1.7754491017964071,2.964071856287425,0.6642705926007071,0.2768903261220899,668
imdfetn,immigration,SI,-0.07442240510343336,0.05435369766152312,-0.05930142889374494,0.12544501030294375,2.200298953662182,2.9327354260089686,0.8071164948391394,0.323651264440073,669
imdfetn,immigration,SK,0.0211159172568357,0.5847710899880424,0.022241694579730555,0.5649069361324245,3.0,2.9464285714285716,0.8261739152872374,0.25628152765645507,672
imdfetn,immigration,UA,-0.009918250622959505,0.8021032088111562,-0.015637176662137212,0.6927298883457894,2.2121684867394698,2.9141965678627146,1.0240430638248874,0.35855789985817077,641
gincdif,values,AT,-0.028115694346255386,0.46884398833740404,-0.007833900204371056,0.8400788711873369,1.8138138138138138,3.315315315315315,0.8730836483475676,0.48400550513209156,666
gincdif,values,BE,0.03551494677257495,0.35370326455405204,0.04598228104115843,0.22974016521747206,2.232456140350877,3.318713450292398,1.0109499133041553,0.5025855081727555,684
gincdif,values,BG,0.014492077913327062,0.705794639214039,0.034835160488669845,0.3640562934622462,1.5947136563876652,3.2863436123348015,0.835024629051175,0.4898424050211781,681
gincdif,values,CH,-0.06126111295915074,0.11233430526403856,-0.05486693211437705,0.15508534808866778,2.2303120356612185,3.3937592867756314,1.0259299167855094,0.4979926804964727,673
gincdif,values,CY,-0.0036574221062384963,0.924829627121061,-0.0348946568465651,0.3678745273721618,1.8817365269461077,3.3652694610778444,0.9209026808351298,0.5090989946487156,668
gincdif,values,DE,-0.008951941545984617,0.8164200761879367,-0.020408020303900976,0.5966054528461816,2.3214814814814817,3.3733333333333335,1.012707478480877,0.4931579339060466,675
gincdif,values,EE,0.01659842297142713,0.6675529679145693,0.02085318223112306,0.5894532241045066,2.4613095238095237,3.2886904761904763,0.98800107370282,0.5003635751440352,672
gincdif,values,ES,-0.00892095566908875,0.8178478554302042,-0.021784229488988442,0.5738006737483135,2.218236173393124,3.328849028400598,1.014961076127945,0.4979797715991673,669
gincdif,values,FI,-0.012677519594091895,0.7419569942224149,-0.0016959546892383228,0.964867807902586,2.295420974889217,3.3057607090103396,1.0095079100467599,0.47993394089763236,677
gincdif,values,FR,-0.09699402731595771,0.01144720893905179,-0.08859221160487032,0.02095520042813353,2.09720176730486,3.318114874815906,1.0777890918387267,0.4937473154996129,679
gincdif,values,GB,-0.00420655512114407,0.9145602943717173,-0.010996167235083194,0.7791210174098907,2.194486983154671,3.2618683001531394,0.9956193567764593,0.46042878234330975,653
gincdif,values,GR,-0.053354152927783914,0.1642977298306088,-0.04069865057600526,0.2888902009539152,1.6784140969162995,3.3715124816446402,0.8049229842814244,0.5355142417833563,681
gincdif,values,HR,-0.04104847632730644,0.2865437090467562,-0.0616291017610098,0.1093961487874941,1.9082840236686391,3.3180473372781063,0.9143413816370821,0.48476007427150414,676
gincdif,values,HU,0.07518135542035825,0.050205346222538985,0.059544447440310885,0.12111658874639686,1.8350515463917525,3.260677466863034,0.9293047589984477,0.46856979464761767,679
gincdif,values,IE,-0.06378238747624827,0.0977765385110195,-0.05420000658131864,0.1595514994140533,2.0933333333333333,3.294814814814815,0.9691992473216753,0.4937770791911045,675
gincdif,values,IL,-0.03130779110548033,0.4202247995079973,-0.033504756756053564,0.38834435142152474,2.257142857142857,3.4977443609022556,1.031892467946382,0.5181155272817752,665
gincdif,values,IS,0.05599413449439335,0.14408190735102966,0.04537057424783176,0.23669252036158545,2.0762463343108504,3.4208211143695015,0.9800020907225712,0.5115757525777407,682
gincdif,values,IT,0.011218506963783206,0.7711015640686699,0.013346830609449231,0.729242349937075,1.8148148148148149,3.3214814814814817,0.8507736502351836,0.495137361450369,675
gincdif,values,LT,0.01942939366300136,0.613016576228739,0.013780498975156865,0.7198140299530633,2.1323529411764706,3.277941176470588,0.9904464378429628,0.4580632816818256,680
gincdif,values,LV,-0.03708540211721589,0.34220647549268485,-0.05108356117352409,0.19062461112142068,1.9407294832826747,3.265957446808511,0.9433645942897954,0.46237005547687715,658
gincdif,values,ME,-0.021607728236501603,0.5777682232605686,-0.020111239126386873,0.6043970814900285,2.3633633633633635,3.385885885885886,1.1158907336395691,0.5229001361368352,666
gincdif,values,NL,0.034135413857366015,0.3748360089633218,0.05425051322672516,0.15823546482547654,2.327433628318584,3.355457227138643,1.0163433561533994,0.5146807937334462,678
gincdif,values,NO,0.09353760002998628,0.014324814903479336,0.11214033038679933,0.003293710765101687,2.28029197080292,3.397080291970803,0.9644135429782612,0.4985273057094529,685
gincdif,values,PL,0.039223696064978095,0.31581895182688186,0.04671379959803902,0.23215441624947278,2.5945121951219514,3.2865853658536586,1.1066352577720366,0.5005675423529481,656
gincdif,values,PT,0.023554828113558034,0.542455956567829,0.012038428157959002,0.7555959034970061,1.7377049180327868,3.324888226527571,0.74896552097052,0.522871472773456,671
gincdif,values,RS,0.07424993917191418,0.05849391197602464,0.08514108081047683,0.029973202055681537,1.98,3.286153846153846,0.9982573413547066,0.4723076884469255,650
gincdif,values,SE,-0.046863423391896315,0.22365647334953706,-0.052711988717810854,0.17102205850899382,2.2618343195266273,3.3594674556213016,0.8816275567412865,0.5244389005601853,676
gincdif,values,SI,0.03844893319752386,0.31926682293121406,0.035169638358184784,0.3623137669730724,2.0653789004457654,3.3432392273402676,0.9505037263995256,0.48444822946353566,673
gincdif,values,SK,-0.06480352853794796,0.09154783312274895,-0.07090654031194821,0.06480851477493922,1.9896907216494846,3.2665684830633284,0.8298699431205507,0.44249077880753784,679
gincdif,values,UA,0.02200289458998802,0.5763969897019156,0.021625904401126193,0.5829497046678151,2.1313755795981453,3.2797527047913446,1.105735872630492,0.45944636294374924,647
freehms,values,AT,0.04834423655313739,0.21104777999480348,0.051019543641127194,0.1868387080547266,1.7839046199701938,3.4619970193740683,0.8687494614156416,0.745915168633185,671
freehms,values,BE,-0.012189575817337667,0.7513774889332678,0.0006576336526965137,0.9863630977303419,1.4793510324483776,3.5368731563421827,0.8430889557911854,0.7881865683991284,678
freehms,values,BG,-0.026372890750438582,0.5040793765297438,-0.02819904984070395,0.4750024448767091,2.968944099378882,3.2732919254658386,1.2944305160144325,0.6621288785550019,644
freehms,values,CH,-0.017748863066035524,0.6452933097033311,-0.03032603268017935,0.4315078254841511,1.691851851851852,3.5585185185185186,0.8078850885481761,0.7065174742510862,675
freehms,values,CY,-0.02298940036918687,0.5530857040303173,-0.03284398377536651,0.3967084393426152,2.6317365269461077,3.3877245508982035,1.17278432241809,0.7573521115476044,668
freehms,values,DE,-0.07724276656859724,0.04452810011466942,-0.08849162435132166,0.021293056423282275,1.552437223042836,3.5096011816838995,0.718920622744724,0.7083479324254308,677
freehms,values,EE,-0.026410337966841266,0.49689518682828065,-0.018929754185972005,0.6263219664178263,2.2605421686746987,3.4743975903614457,1.0492590252124876,0.7114287443410814,664
freehms,values,ES,-0.06499633725825207,0.09034703888475924,-0.03843303837625333,0.3169540147999536,1.5323529411764707,3.4911764705882353,0.7858170567489867,0.6864425152126734,680
freehms,values,FI,-0.05799252806392773,0.13028531558094994,-0.03918115194300082,0.3069057569187612,1.656891495601173,3.5249266862170088,0.846269007725743,0.7230993074401517,682
freehms,values,FR,-0.0147459339183694,0.7025709637668652,-0.009718249479629466,0.8013112419133095,1.3833580980683506,3.5572065378900444,0.7609259814551742,0.7638089353490813,673
freehms,values,GB,0.004937855306045383,0.8981076243473072,-0.011776894199436774,0.7600492011681674,1.6044444444444443,3.617777777777778,0.7542035186716227,0.7755410351048827,675
freehms,values,GR,-0.12119520550654522,0.0015318346347478998,-0.12066618164827564,0.001606903060367529,2.183553597650514,3.408223201174743,1.1669819043746021,0.6865450052440988,681
freehms,values,HR,0.012928774137175053,0.7431181382745139,0.014738361997541423,0.7087002869613968,2.5565891472868216,3.365891472868217,1.1223204777829636,0.7111027351971125,645
freehms,values,HU,-0.016164855127235388,0.6766515571078919,-0.019234446372801257,0.6197233249338239,2.75,3.2919161676646707,1.2542282311334385,0.6840179680883756,668
freehms,values,IE,-0.016185235774838075,0.6737555469495081,-0.046575128632512494,0.2254897680788993,1.6215022091310751,3.547864506627393,0.8216521127074685,0.7984077106779004,679
freehms,values,IL,0.007529388043167872,0.8469045019179187,0.009094472456036068,0.8156036505647682,2.7803030303030303,3.481818181818182,1.4705732365295083,0.6665447996398189,660
freehms,values,IS,0.004339943697995517,0.9101250539078602,-0.01618070269687522,0.6738416614003879,1.3225331369661266,3.681885125184094,0.665594908786408,0.8512416638447269,679
freehms,values,IT,-0.01866795953214688,0.6300725467101305,-0.027167468952066717,0.4833176993855525,2.061377245508982,3.4895209580838324,1.010057024036413,0.721200322453704,668
freehms,values,LT,-0.10837853885054108,0.004947233854515007,-0.1115252580270601,0.003821220746303087,3.0014903129657227,3.450074515648286,1.1518955887119635,0.6868460214092369,671
freehms,values,LV,0.04493024660864319,0.25975675505917917,0.04440179315646749,0.26540872494575746,2.480190174326466,3.340729001584786,1.2733547599662476,0.6591760906668106,631
freehms,values,ME,0.040372236050645154,0.3082196748875009,0.06085059333428949,0.1243861258669118,3.3583724569640063,3.403755868544601,1.1750626658105876,0.7447106967212956,639
freehms,values,NL,-0.09460224908259782,0.013659278240035537,-0.08538132559305243,0.026094705867421828,1.4197349042709868,3.72459499263623,0.6906193538140173,0.7790578074125972,679
freehms,values,NO,0.04607851379338474,0.230480713516755,0.013973489285647964,0.716259157875751,1.4256259204712813,3.768777614138439,0.6449189985768509,0.8349819257045605,679
freehms,values,PL,0.061751135762372004,0.11575999677107578,0.04457180424301027,0.25648459508380106,2.312307692307692,3.3046153846153845,1.0861230995886229,0.6470106128951861,650
freehms,values,PT,-0.037146907657922015,0.33738729469707396,-0.05982469618932971,0.12213864597568906,1.8849028400597907,3.515695067264574,0.9351242501936871,0.7882797933635826,669
freehms,values,RS,0.023620459183508843,0.5468269638591904,0.005916660748456896,0.8800505042264397,3.1562021439509955,3.2833078101071975,1.3441918805869522,0.6812430616860259,653
freehms,values,SE,-0.02130905592849257,0.5799324776513097,-0.04947381958762557,0.19855513082546106,1.3914327917282128,3.657311669128508,0.6450428982019297,0.7735420598772462,677
freehms,values,SI,0.0015243275383715373,0.9689639586965796,-0.006435578803966477,0.86952123934387,2.359327217125382,3.481651376146789,1.0431414622297743,0.7819555888284795,654
freehms,values,SK,-0.001036712215665354,0.9788568146428236,0.013541613717442388,0.7292007227742855,2.7972560975609757,3.2667682926829267,1.2005310917476646,0.6376430224603322,656
freehms,values,UA,-0.005013235602031299,0.9004595965211944,-0.008785070245563728,0.826501010756429,3.0112,3.2352,1.3861272372869375,0.6103088751418606,625
hmsfmlsh,values,AT,0.01542790600697152,0.6939423215462474,0.017384653011856124,0.6574565925526007,4.174578866768759,2.9479326186830015,1.0391847391431608,0.5678364236659635,653
hmsfmlsh,values,BE,-0.007067143951717535,0.8540512582412815,-0.026452540833844566,0.49104399221864253,4.485294117647059,2.8970588235294117,0.9887831449670567,0.6384744770163211,680
hmsfmlsh,values,BG,-0.014290726372582266,0.7192780831227598,-0.014952676012903949,0.7068617365241967,2.790551181102362,2.921259842519685,1.3238549644933115,0.6229863360958411,635
hmsfmlsh,values,CH,-0.03007003607685727,0.44161921721910086,-0.03464199792447013,0.3753377556581336,4.334855403348554,2.9512937595129376,0.9075662739215997,0.5186188863168536,657
hmsfmlsh,values,CY,-0.0078910988446055,0.8401290369226895,-0.014989355391849101,0.7015683931814911,3.214939024390244,2.975609756097561,1.1791403244199756,0.5842849823561815,656
hmsfmlsh,values,DE,-0.017516534057798978,0.6498674118386658,-0.02991440892496881,0.438129801191778,4.462908011869437,2.964391691394659,0.8837081641082895,0.5654035109138845,674
hmsfmlsh,values,EE,-0.026055917854545058,0.5023675627317812,-0.030696321794825447,0.42936351093279673,3.6721804511278195,2.9714285714285715,1.210232066231654,0.4885082142474816,665
hmsfmlsh,values,ES,0.027722312359384178,0.47211006691693047,0.011562877344673171,0.7642796774283459,4.54962962962963,2.9644444444444447,0.8959912431079468,0.5490032330966221,675
hmsfmlsh,values,FI,-0.03203710090719329,0.40422323309372865,-0.02817669619280595,0.4632217098609583,4.455882352941177,2.9941176470588236,0.8431273491792758,0.5003334243042793,680
hmsfmlsh,values,FR,-0.023779045477235566,0.5361987897404742,-0.05785517664666871,0.13205365685467685,4.630338733431517,2.9779086892488955,0.8555001832591888,0.47452604881195065,679
hmsfmlsh,values,GB,0.04124860128117643,0.28527391352916753,0.04676952727641583,0.22562183000424682,4.381872213967311,2.961367013372957,0.9053896499133618,0.5550036764513807,673
hmsfmlsh,values,GR,-0.02439307488512551,0.5347317688667227,-0.02309783818476725,0.5566486909381928,3.4046153846153846,2.976923076923077,1.3303301685055424,0.613979223703847,650
hmsfmlsh,values,HR,0.031285250083002154,0.43420875910698054,0.022857343184789155,0.5678100663056435,3.2998405103668262,2.9808612440191387,1.2107281256874847,0.48913161450378173,627
hmsfmlsh,values,HU,-0.030877396681505184,0.43192935113709474,-0.01956664788312017,0.618525568685407,3.2184615384615385,2.936923076923077,1.306012209525854,0.5747831991011448,650
hmsfmlsh,values,IE,0.011639323477721413,0.7662176945401468,-0.01474067429404697,0.7065024980685359,4.323664122137404,2.980152671755725,1.0400123544511943,0.5314885690020565,655
hmsfmlsh,values,IL,0.04033610757368046,0.30007028287904786,0.03503255645931876,0.36815320441562527,3.080060422960725,3.0317220543806647,1.480461144569336,0.4894249873495086,662
hmsfmlsh,values,IS,-0.03894401892585042,0.3102010789077069,-0.055634210511225364,0.14697897819778868,4.7547723935389135,2.9441997063142438,0.6254962614749312,0.622943190734329,681
hmsfmlsh,values,IT,-0.014920317311277076,0.7024448687746025,0.009867636224234444,0.8005428190998026,3.884498480243161,2.9680851063829787,1.0506371803705534,0.5268004385253549,658
hmsfmlsh,values,LT,-0.0637006680688489,0.10282195554869321,-0.07199397099855923,0.06514964192428155,3.0791476407914766,2.9817351598173514,1.1647020991194954,0.514693879416546,657
hmsfmlsh,values,LV,-0.07267532324272555,0.07101053047415973,-0.07396667482029841,0.06612469671957515,3.0501618122977345,2.98705501618123,1.3954341986004264,0.5369589020087423,618
hmsfmlsh,values,ME,0.026820540972293902,0.5043398153531512,0.016240244136142598,0.6860344371271621,3.053054662379421,2.932475884244373,1.1844736263692741,0.5691533774391083,622
hmsfmlsh,values,NL,0.020976163962545924,0.5850348923695112,0.0385148520091125,0.31592416920974603,4.5588235294117645,2.9676470588235295,0.8697561647903193,0.5080909942713732,680
hmsfmlsh,values,NO,0.04302662536572904,0.26322685133736995,0.06818764817296638,0.07601539293083515,4.579646017699115,2.966076696165192,0.7582136308204709,0.5130782417375152,678
hmsfmlsh,values,PL,0.034684095141188614,0.37917210211623303,0.03329697265782919,0.39853975759490173,3.8015503875968992,2.9689922480620154,1.1969153220750486,0.5248185799543305,645
hmsfmlsh,values,PT,-0.0007301064940462691,0.985188954490676,-0.012054561857300848,0.7592126644790913,3.952234206471495,2.958397534668721,1.1557153070668422,0.529786722513822,649
hmsfmlsh,values,RS,0.005482806128374702,0.890585185525229,0.004722370926467466,0.9056840106182908,2.7199367088607596,2.9525316455696204,1.4116499643956977,0.5319818362649517,632
hmsfmlsh,values,SE,-0.07816835250182487,0.04157496010106419,-0.06168492110068184,0.10802865553287444,4.591176470588235,2.9529411764705884,0.777393267798325,0.5594207471854524,680
hmsfmlsh,values,SI,-0.010432794643177366,0.7895372635800557,-0.01239327531858276,0.7511890955759428,3.7336377473363775,2.929984779299848,1.1345372201646011,0.5476937510050013,657
hmsfmlsh,values,SK,0.07942305609624245,0.049354701015846214,0.08690132491457012,0.03145605972386569,3.0309951060358893,2.964110929853181,1.235643763960276,0.5441465711942276,613
hmsfmlsh,values,UA,0.0008838974376556511,0.9826473851017329,-0.003650833764961642,0.9284174993535556,2.5115131578947367,3.008223684210526,1.36677412624853,0.6033389816833437,608
hmsacld,values,AT,-0.0016036550197732343,0.967475151092923,-0.002271404873338029,0.9539448577767978,2.3759630200308166,3.0600924499229585,1.2211264172989762,0.52212823393721,649
hmsacld,values,BE,-0.08514652234393712,0.026621837619178853,-0.044863497635215716,0.24336908553335734,1.8657817109144543,3.106194690265487,1.156055366910982,0.530257291441486,678
hmsacld,values,BG,-0.06756748238936383,0.08641262212273772,-0.07849587551207045,0.04628810033377682,3.7534883720930234,3.0449612403100774,1.2284190789313696,0.42750199598351324,645
hmsacld,values,CH,-0.018264302228087517,0.6379976712568733,-0.006410942325368239,0.8688354125056277,2.5285285285285286,3.15015015015015,1.2825948545191637,0.5040959823048754,666
hmsacld,values,CY,0.05155554984298785,0.18388844624209993,0.06246447447089345,0.10727478093996837,3.7837837837837838,3.0465465465465464,1.27489634835343,0.5422829173888987,666
hmsacld,values,DE,-0.005235113087324485,0.8920899966985564,0.009957298236149251,0.796381393779992,1.9821958456973294,3.083086053412463,1.083296349529511,0.5247898907503199,674
hmsacld,values,EE,0.017791346213168465,0.6479697410634342,0.03616932988736725,0.3531719445534129,3.098335854765507,3.066565809379728,1.3610424755914132,0.4175525813146933,661
hmsacld,values,ES,-0.049844729146252015,0.19653618225028818,-0.07890840435429414,0.04071236851953363,1.7518573551263001,3.0787518573551265,1.0504818751879308,0.5356712405169163,673
hmsacld,values,FI,0.005405099624496477,0.8884438751797555,-0.010273958326401184,0.7897497484756497,2.18491124260355,3.113905325443787,1.194980920148042,0.40410722805239485,676
hmsacld,values,FR,-0.01784389717072726,0.6440189384604209,-0.021297554455128372,0.5812623035372119,2.136701337295691,3.0906389301634474,1.3382110242743035,0.5196596660716617,673
hmsacld,values,GB,0.014943336841711188,0.7024409215578602,-0.01092736752322508,0.7799749054069274,1.9954268292682926,3.0655487804878048,1.073615764556876,0.49452174820617556,656
hmsacld,values,GR,-0.0006066894016196247,0.9875128631601069,-0.018387800609495814,0.6352178734305596,3.8532934131736525,2.997005988023952,1.256839014982323,0.5769095298755613,668
hmsacld,values,HR,-0.01787742366433644,0.6473847978628827,-0.04649570483615299,0.23398638033367639,3.5433789954337898,2.9817351598173514,1.2548768879891585,0.5761796249786704,657
hmsacld,values,HU,-0.0021116298848056947,0.9566551437437647,0.009110567495057306,0.8145949054213856,3.3639097744360904,3.0240601503759397,1.244223904438911,0.4714995266226669,665
hmsacld,values,IE,-0.030558889371102838,0.4363424948399445,-0.038559704655126606,0.3259452090178832,2.0691244239631335,3.078341013824885,1.154182628477606,0.4591038231748237,651
hmsacld,values,IL,0.056908290020821255,0.14509506742140674,0.0850905095730308,0.02919495287628153,3.0228310502283104,3.1293759512937593,1.4778122912125218,0.5267292139682471,657
hmsacld,values,IS,0.009495082823042695,0.8049321872758316,0.025011587797965525,0.5152765710678149,1.5935198821796759,3.1281296023564065,1.0145050433641005,0.5150432072189176,679
hmsacld,values,IT,-0.10317284241763837,0.008632848194372189,-0.1061444277870597,0.006885597251535283,3.125193199381762,3.0370942812983,1.2754282658690879,0.517659858871991,647
hmsacld,values,LT,-0.02739694470932294,0.47929896678042505,-0.029794857448663743,0.4416709232096899,3.913303437967115,3.031390134529148,1.0302110121930612,0.48686459769565615,669
hmsacld,values,LV,-0.043314341277838175,0.27692178388307165,-0.03523239286256563,0.37656141603840576,3.75,3.0205696202531644,1.300067046911784,0.4151119126912352,632
hmsacld,values,ME,0.05089058660329095,0.19573448348120573,0.03725020481614486,0.34377474029134797,3.6666666666666665,3.0200617283950617,1.1312615545449003,0.4921944011126625,648
hmsacld,values,NL,-0.007055904833549571,0.8552411212023735,-0.023333843210945993,0.5462510572432558,1.8062593144560357,3.157973174366617,1.0429677166762081,0.49963396081701594,671
hmsacld,values,NO,0.01701347376563991,0.6576213267568978,0.00444073050268293,0.9079118015577105,1.908957415565345,3.1806167400881056,1.075362701989872,0.4982087634852231,681
hmsacld,values,PL,-0.05520681499905121,0.16073445799807445,-0.05289289721469673,0.17903469661227422,3.6661514683153014,3.0587326120556413,1.3119412961858976,0.43416080530559187,647
hmsacld,values,PT,0.06286667639758578,0.10608105849258485,0.0369549847596449,0.34243983710192893,2.5709969788519635,3.039274924471299,1.2676369321779082,0.4585362027848689,662
hmsacld,values,RS,0.10567909893539086,0.007136354548453911,0.06340388188055017,0.10712386562226332,4.060278207109738,2.990726429675425,1.1515564577658222,0.5006873890721962,647
hmsacld,values,SE,-0.11002813475628175,0.004125705774657985,-0.0856088339647404,0.025807242550846512,1.8200589970501475,3.1755162241887906,0.9829019807447844,0.44508404484344394,678
hmsacld,values,SI,-0.01735739775216668,0.6569766069071034,0.0009997271243291324,0.9795953482099785,3.1598173515981736,3.0593607305936072,1.2997532470334794,0.4887217827717146,657
hmsacld,values,SK,-0.0015994036039705904,0.9675864133434644,0.015329460335023104,0.6969108793762081,3.935185185185185,3.009259259259259,1.1591166610694303,0.5094841535280609,648
hmsacld,values,UA,-0.03180246034163313,0.4303725467980214,-0.035709394613680605,0.3758941877026222,3.6320907617504052,3.004862236628849,1.3040176447130452,0.5048231870133225,617
euftf,values,AT,0.001839149576325793,0.9630788024883165,0.002601430516968218,0.9477945100811025,4.6069182389937104,6.976415094339623,3.011194222442836,0.8825930179303263,636
euftf,values,BE,-0.05924521998966197,0.1286791604270537,-0.038027822411079534,0.3297034761623813,5.91350531107739,6.9878603945371776,2.3738922557355147,0.8287234141726783,659
euftf,values,BG,-0.02441522510683726,0.54924963538119,-0.04300565509133079,0.2913231275744625,5.637417218543046,6.927152317880795,2.5869920715399366,0.9965069190823663,604
euftf,values,CH,0.015291255050273062,0.697629050087858,0.017397720501025556,0.6584515409538815,5.063271604938271,7.043981481481482,2.4108224126004485,0.8887033847091359,648
euftf,values,CY,-0.07043403607887125,0.07613133550271003,-0.06630515357659085,0.09504157561200213,5.886614173228346,7.083464566929134,2.969305705545477,0.8973993075970362,635
euftf,values,DE,0.001559020364380642,0.9681122120079975,0.027034743280741222,0.4880928773455813,6.16060606060606,7.041666666666667,2.6491833876708144,0.7654371504967913,660
euftf,values,EE,-0.04803574688139414,0.2209639393009284,-0.03398224961926799,0.38669272915102654,5.7480798771121355,6.910906298003072,2.9180301838071916,0.9725719789729452,651
euftf,values,ES,-0.07193797625242335,0.07162355675190611,-0.087275002552644,0.02874820108915944,6.240445859872612,7.032643312101911,2.358835125686876,0.9345237442417886,628
euftf,values,FI,0.016600140488278733,0.668455902023737,0.013076701340672795,0.7358471281720074,5.583832335329341,7.017964071856287,2.090280710122155,0.8638885894368018,668
euftf,values,FR,0.007701966427169914,0.8482175087764032,-0.007829136780173492,0.8457424946868239,5.253225806451613,7.017741935483871,2.7061957119992504,0.9467270707771537,620
euftf,values,GB,0.04522945120706413,0.28878737717426856,0.046908458167520956,0.2712421022359664,5.260869565217392,6.913949275362318,2.568988156828489,0.9276578928712731,552
euftf,values,GR,0.06566207141966272,0.10209974658883643,0.08123496960274215,0.04300804337138926,5.154589371980676,7.095008051529791,2.3214148287023413,0.7817417742119014,621
euftf,values,HR,-0.010646834551778771,0.7908411611219055,-0.035874468387609694,0.3713673293569832,5.370786516853933,6.930979133226324,2.780660217529006,0.9805439322645646,623
euftf,values,HU,0.07051038056554225,0.07535130257731577,0.04760248627492997,0.23023532015500522,4.47723704866562,6.912087912087912,2.796257589178853,0.9308453950533447,637
euftf,values,IE,-0.00815234557982305,0.8411351681393456,-0.03819783515993274,0.3474755044466451,5.253706754530477,6.969522240527183,2.5643304570088232,0.8924751075373754,607
euftf,values,IL,-0.0360534590214292,0.43112803052400395,-0.05616232720695195,0.21984905427491605,4.853862212943633,7.068893528183716,2.4502456349010355,0.9041125397072733,479
euftf,values,IS,0.023405568310605654,0.5591881108080744,0.014750910168439891,0.7128325564551489,5.8,7.0656,2.395909976477542,1.0345090499164202,625
euftf,values,IT,0.02417520998135326,0.5409081162223223,0.0022038155264844017,0.9555561779879824,4.76791277258567,7.0693146417445485,2.711971208618054,0.923911425442383,642
euftf,values,LT,-0.08826898165819093,0.025316218365928792,-0.06240675174446097,0.11417483975899077,6.0607476635514015,6.922118380062305,2.7717740567020233,0.9562226770565443,642
euftf,values,LV,0.040285041861003,0.33154590823564967,0.01975688564728948,0.6340313366093814,4.770154373927959,6.834476843910807,2.670701635710521,0.9872703660424653,583
euftf,values,ME,-0.04355027586205733,0.26498570078941497,-0.00032903652380122673,0.993283640387914,6.06544901065449,6.9969558599695585,2.522516193396576,0.8446332655251121,657
euftf,values,NL,-0.0365605745244385,0.35204372456879024,-0.03039025244359458,0.4392325689650647,5.621538461538462,7.078461538461538,2.3052490720837033,0.8354606799993979,650
euftf,values,NO,-0.0037290265859229645,0.9265882091603073,-0.01690462195416513,0.6761559726245479,5.194127243066884,7.027732463295269,2.1003807848338085,0.8970982161128787,613
euftf,values,PL,0.019699273940116738,0.6188854082897606,-0.012228472238205414,0.7575000046090279,5.6890625,6.8703125,2.7307795918356774,0.9946932254097524,640
euftf,values,PT,-0.09653946584169386,0.01880208306546692,-0.1134356496141823,0.005725547076220421,6.256756756756757,6.925675675675675,2.2503893150582215,1.1581607229214719,592
euftf,values,RS,-0.026914389494683888,0.5119506366246982,0.009068727853698283,0.82514256238168,4.771812080536913,6.859060402684563,3.554844355456042,1.048136460601797,596
euftf,values,SE,0.016613334026025946,0.6765426041935758,0.013287531265589264,0.7386350111974495,5.178515007898894,7.073143759873618,2.0900713921348735,0.780805576293666,633
euftf,values,SI,-0.009035875876091776,0.8212077301064944,-0.014894186633892087,0.7095025219584261,5.6687898089171975,6.893312101910828,2.5273963884586017,0.9910701052265298,628
euftf,values,SK,0.008596452833497994,0.8296323861782596,0.008580593922265806,0.8299418877121673,4.216216216216216,6.869634340222576,3.0297344365016348,0.9005571664414549,629
euftf,values,UA,-0.013094496235341343,0.7529967355346531,-0.023639003639450654,0.5699305199388524,6.406896551724138,6.747413793103449,3.330907341828938,1.044969957414677,580
atchctr,attachment,AT,0.058833438715831264,0.12732019851690554,0.06655966174335891,0.08445346827014934,8.36106983655275,7.137147102526003,1.8585628847589994,1.0856417638155555,673
atchctr,attachment,BE,-0.027666641246034067,0.47037981153404573,-0.007640530430460949,0.8420149145139911,6.355783308931186,7.251098096632504,2.418933338980361,0.8438901302577952,683
atchctr,attachment,BG,-0.031243426902281043,0.41873849646978173,-0.02626591488796854,0.49666911138847647,7.986607142857143,7.194196428571429,2.357370868837251,0.956121828495785,672
atchctr,attachment,CH,0.0279016365382022,0.46858795381378765,0.0024418459969905728,0.9494339550123534,7.794682422451994,7.327621861152142,1.8383089962145518,0.8894296018026402,677
atchctr,attachment,CY,0.00992641978480607,0.7964085726299206,0.018621285958503007,0.628374240713308,8.240412979351033,7.360619469026549,2.1245601454114857,0.9608884212457803,678
atchctr,attachment,DE,-0.02301140986266256,0.5494415064316203,-0.049662702843435456,0.19618213759115571,7.150220913107511,7.140058910162003,2.2579513605048396,0.944874699160923,679
atchctr,attachment,EE,-0.0026355312490885146,0.945429113543013,0.0014770262323448226,0.969400590641286,7.865583456425406,7.421418020679469,2.1712102583577884,0.8404171254934681,677
atchctr,attachment,ES,-0.03969506922562446,0.3031026833606952,0.0013658658121665486,0.9717444543171395,7.725925925925926,7.402962962962963,2.3348400768394972,0.7916422419748972,675
atchctr,attachment,FI,-0.035749759823014524,0.35123575726670814,-0.025580921784232706,0.5048150789418473,8.643695014662757,7.25967741935484,1.5558226990944997,0.9371913620456016,682
atchctr,attachment,FR,0.03626716306368769,0.3475194356161014,0.03308557458497181,0.3914708066709805,8.12927191679049,7.34517087667162,1.7207389328594778,0.8720245373120983,673
atchctr,attachment,GB,-0.08265948709813145,0.03414794172038063,-0.0543014311932899,0.16445895988001183,6.636225266362253,6.983713850837138,2.6835252338826683,1.102253607639736,657
atchctr,attachment,GR,0.004539568658281229,0.9066342004631026,0.01801812308551614,0.6415344375020768,8.773134328358209,7.455671641791045,1.6050724983092728,0.833324467302188,670
atchctr,attachment,HR,0.02852998427424687,0.45929541164496074,0.04420055250844538,0.2514658868652258,7.794074074074074,7.377629629629629,2.3022296947101495,0.8739658640158643,675
atchctr,attachment,HU,-0.04088075624944094,0.29031576189898867,-0.005179551153726002,0.8934657458759976,8.183308494783905,7.219821162444113,1.9387844534469865,0.9516885061539372,671
atchctr,attachment,IE,-0.039547725461596725,0.3027548201716381,-0.04968988614335583,0.19527743442032044,8.046989720998532,7.285609397944199,1.9465264420500608,0.9100735038994291,681
atchctr,attachment,IL,-0.06593132797326394,0.09154922277499136,-0.07606979258893172,0.05148153401866732,7.5426829268292686,7.516158536585366,2.9953666199416618,0.7835218197365988,656
atchctr,attachment,IS,0.05115762432198472,0.18401079889602998,0.028880550220093074,0.45345889420404994,8.142011834319527,7.602514792899409,1.7555697034192193,0.8158483200095024,676
atchctr,attachment,IT,-0.01948348239385921,0.6128171180989124,-0.04288641109270203,0.2651411741107596,7.83751846381093,7.470605612998522,2.149765031545729,0.7958333168404674,677
atchctr,attachment,LT,-0.0663474804374881,0.0863891601703372,-0.06977030721249078,0.07131996039271296,7.766816143497758,7.283258594917788,2.3239263564403583,0.9816981622835793,669
atchctr,attachment,LV,0.00822696810476977,0.8322957072232996,0.015577423224453907,0.6884401081642971,8.17593984962406,7.11203007518797,2.2689679191348717,1.0401602629345617,665
atchctr,attachment,ME,-0.043849028600959704,0.2559674581757434,-0.008662256064810738,0.8225201214368874,7.460624071322437,7.371619613670134,2.4979773180283273,0.8056607154530095,673
atchctr,attachment,NL,-0.008984487945103242,0.8154957569444835,-0.02650209619656505,0.4911942471047124,7.017725258493353,7.325406203840473,1.9504920092765308,0.9036440144618333,677
atchctr,attachment,NO,0.040311446343724994,0.2949335634094373,0.033363786157687356,0.386086173544138,8.426883308714919,7.415509601181684,1.6991255686091777,0.8318788433665187,677
atchctr,attachment,PL,-0.019275508289128607,0.6176619221725924,-0.02109813101920599,0.584807360042468,8.315007429420506,7.2319465081723635,2.046053992911479,0.9762226385366758,673
atchctr,attachment,PT,-0.03383146281380115,0.3776984733747965,-0.020968470075241302,0.5846192691944799,8.382697947214076,7.3159824046920825,1.9423088414313487,1.0161369013735906,682
atchctr,attachment,RS,-0.00080945035343944,0.9832527053555058,-0.003140370993085955,0.9350934608742442,8.038518518518519,7.249333333333333,2.7163092756326566,0.9330140050026887,675
atchctr,attachment,SE,0.008617996968457041,0.8228947413247609,0.019069840725696403,0.6203809100033959,7.824224519940916,7.2992614475627775,2.1600469525198265,0.9148266162268526,677
atchctr,attachment,SI,-0.02265329729269626,0.5559662520454327,-0.0203695955707599,0.5964804246624943,7.811209439528024,7.255309734513275,2.2514839381114813,0.9910499668847496,678
atchctr,attachment,SK,0.023399720678054292,0.543618693160433,0.04677707552489513,0.2245117892460099,7.550295857988166,7.167603550295858,2.40039809686841,0.9429665700460509,676
atchctr,attachment,UA,0.003369969866030612,0.9311387284654172,-0.027373701105723743,0.4826532136783146,8.406060606060606,7.447727272727272,2.2005571640920074,1.1272905132341686,660
atcherp,attachment,AT,-0.021829349974702057,0.5695736890368459,-0.052763993509754685,0.16902092790738354,6.4801762114537445,7.31424375917768,2.451284890820054,0.9414880552301989,681
atcherp,attachment,BE,-0.0025136307758687197,0.9481038517690957,0.01800322605234001,0.641062579120944,5.781575037147102,7.346210995542347,2.450367905582601,0.8714492906239113,673
atcherp,attachment,BG,0.09362393480785884,0.016373833221160507,0.053274072320722336,0.1726021988802649,4.550989345509893,7.1506849315068495,2.7763542775700354,1.1608989051414296,657
atcherp,attachment,CH,0.0641869668009417,0.09590982694525989,0.07133987272071474,0.06416783850973612,6.114243323442136,7.460682492581602,2.2700986959368397,0.8160792051169955,674
atcherp,attachment,CY,-0.02785908191743072,0.4722466881719269,-0.018283681674563818,0.637134601260591,5.223053892215569,7.3163173652694615,2.6391598800856104,0.9732957201171929,668
atcherp,attachment,DE,-0.0016312999746136425,0.9661813071929602,0.028046179606830157,0.4659561128797627,6.532448377581121,7.242772861356933,2.396694589786276,0.9599972204389913,678
atcherp,attachment,EE,-0.0014119391107514428,0.9708787134980577,-0.0028089903371265245,0.9421024397245918,5.740685543964233,7.472578241430701,2.6392217545379797,0.8697018185547848,671
atcherp,attachment,ES,-0.009540496154572801,0.8050141667309572,-0.0016871466878904766,0.9651798495667586,6.663690476190476,7.425595238095238,2.285832099458233,0.8416148712518766,672
atcherp,attachment,FI,0.011180025746393046,0.7707137955201426,-0.013387590495199402,0.7270945913338077,6.903225806451613,7.370967741935484,1.9227415965302297,0.9894043368053158,682
atcherp,attachment,FR,0.030047838652926647,0.43745851496575405,-0.0063333123876772365,0.8700230104492866,6.164179104477612,7.345223880597016,2.462860240813709,0.8932898136705909,670
atcherp,attachment,GB,0.10097036516658812,0.009604106946100425,0.10026637143856881,0.010122451642501005,4.691019786910198,6.892694063926941,2.7509081141237313,1.1811430823382758,657
atcherp,attachment,GR,0.07059764065075602,0.06864313175293345,0.06009700007376648,0.12128341883666904,5.211711711711712,7.414114114114114,2.423924813546677,0.9579327109394011,666
atcherp,attachment,HR,0.004894070499119525,0.8994554055798429,0.010915807587550966,0.7780829583493789,6.026905829596412,7.384902840059791,2.7065886828265735,0.8557112798356873,669
atcherp,attachment,HU,-0.05501896702246263,0.15363611308626804,-0.023561211970813144,0.5414419020035743,7.250741839762611,7.165430267062314,2.3487294244931913,1.0976163050354035,674
atcherp,attachment,IE,0.05155493429191938,0.18127204567645813,0.02709366834024014,0.4825445769946048,5.936201780415431,7.344955489614243,2.4030245542354205,0.861551046682468,674
atcherp,attachment,IL,0.0841444512202054,0.03143186782581847,0.07485715495062614,0.05569983610719952,2.4724770642201834,6.961773700305811,2.3710235792604055,1.1998240953944859,654
atcherp,attachment,IS,0.06016076169501366,0.119773672262859,0.04034195301258479,0.297087164143427,6.285074626865671,7.385522388059702,2.1920329808970243,0.9993342830174594,670
atcherp,attachment,IT,0.011066802330547236,0.7754237560615745,0.06604511430864923,0.08831280183892903,5.773613193403298,7.440779610194903,2.2802242896515605,0.8067012822990371,667
atcherp,attachment,LT,0.009197887596064625,0.8149425679438578,-0.014885600614209717,0.7048361240578208,5.890769230769231,7.347076923076924,2.732344815376524,0.9651711697859067,650
atcherp,attachment,LV,0.026635875879741127,0.493226009355198,0.03617290152279923,0.3520300815432774,5.239457831325301,7.3128012048192765,2.8238710433393863,1.0300032873170433,664
atcherp,attachment,ME,-0.015815444998859243,0.683483306799452,-0.038100918238800394,0.3258444853751992,4.866566716641679,7.414542728635682,2.4183744937175318,0.8481820654284463,667
atcherp,attachment,NL,0.046967821266478166,0.2226254720683711,0.05361616060952558,0.16378860724906225,5.812130177514793,7.369526627218935,2.1544580937775337,0.8305573751186699,676
atcherp,attachment,NO,0.007093643137362717,0.8532965578219507,0.015345143424234186,0.6891352681048962,6.686217008797654,7.357038123167156,2.127662171039263,0.9346104255731429,682
atcherp,attachment,PL,-0.024240557356141775,0.5341641026927616,-0.015332561486789508,0.6941887013040643,6.872727272727273,7.331212121212122,2.348056081318185,0.9858459854281862,660
atcherp,attachment,PT,0.029854886031581884,0.44143758806969274,0.04692793907879447,0.22613669257182722,6.739130434782608,7.4352323838080965,2.1942487942914566,0.8808455865917606,667
atcherp,attachment,RS,-0.03187508049374092,0.4154005665793131,-0.0520179956676838,0.18363285534473642,3.5816793893129772,7.1740458015267174,3.06339245316823,0.9757446608406072,655
atcherp,attachment,SE,-0.008823418926332259,0.8184817072680299,-0.021275038805943707,0.5799770426529841,6.609720176730486,7.320029455081002,2.225348683968709,1.0660679547228078,679
atcherp,attachment,SI,-0.026086279622671876,0.49929872207106446,-0.030279322578815486,0.4329033119547328,6.0,7.354829123328381,2.6681543469311553,0.8936838598147707,673
atcherp,attachment,SK,-0.0748518955735833,0.05261798817701454,-0.06335670273320765,0.10105535054892117,5.9746646795827125,7.242175856929955,2.812172183098396,0.9599412476182742,671
atcherp,attachment,UA,-0.06021581501940789,0.13110119805375187,-0.03350572132364722,0.40115933221568695,5.64920634920635,6.86031746031746,3.1636535305947833,1.505267875693919,630
health,health,AT,-0.07229732692775451,0.05952692099074911,-0.07907956046109321,0.039247922322290414,2.1058823529411765,3.7581914799542466,0.9308779887970583,0.48307450453780487,680
health,health,BE,0.019792541103320824,0.6063942413079076,0.03184061077197024,0.407113369202567,2.1,3.7970588235294116,0.8435844693897474,0.46308359692646717,680
health,health,BG,-0.18596392019829325,1.0636838629050464e-06,-0.2086486797592237,4.079424035605319e-08,2.0530191458026508,3.650079346041481,0.8825507002835309,0.5226043274242311,679
health,health,CH,-0.0631859689674324,0.09920284338384582,-0.07990406292462471,0.036959269357633315,1.8753665689149561,3.829645765108744,0.7414774297256902,0.4803179948321113,682
health,health,CY,-0.2088157328171213,3.7982708597978496e-08,-0.20141494143808333,1.1524444564110966e-07,2.0381791483113068,3.7341491271006686,0.9799514860019903,0.47462753981232675,681
health,health,DE,-0.09987277485276343,0.009106951716775561,-0.0976532562630688,0.010779337504771211,2.311306901615272,3.7968873143024524,0.8845096155976206,0.45984580135503544,681
health,health,EE,-0.17018872078501085,8.104383142510437e-06,-0.16002308069803334,2.7619051038806205e-05,2.3779411764705882,3.7545588235294125,0.790098069682394,0.4750333181820015,680
health,health,ES,-0.15731016798645772,3.7345013301029165e-05,-0.15704070707761578,3.8522330954316986e-05,2.287812041116006,3.800660792951542,0.9576233140845767,0.4381146147433606,681
health,health,FI,-0.0950786173439739,0.012922704908819518,-0.0911532715381675,0.017180457931278873,2.2562225475841875,3.7028555817304536,0.8285246879913089,0.5050511940264222,683
health,health,FR,-0.06778352254077863,0.07821540639589597,-0.0750657911682597,0.05107469743422881,2.198224852071006,3.806089141094213,0.9005659700453276,0.4613029768258487,676
health,health,GB,-0.03892243194534039,0.310113265716303,-0.02838928484087206,0.4591913597578103,2.2390029325513194,3.6958944281524926,0.9679462810136961,0.492302726128884,682
health,health,GR,-0.1533901920910274,6.535923337439851e-05,-0.12669308458063497,0.0009968383716224159,1.6741071428571428,3.736094576719576,0.8057445245708333,0.4986167871162055,672
health,health,HR,-0.15737079216914848,3.80775677771942e-05,-0.19149845975669713,4.971718840053388e-07,2.1325478645066274,3.710830375758468,1.0712594882390485,0.5190572881974839,679
health,health,HU,-0.23493154075421188,5.908967581026423e-10,-0.259084907946919,7.331717039520041e-12,2.2079646017699117,3.6666748607014092,0.9582703762296393,0.5117796079306179,678
health,health,IE,-0.07590543959582226,0.04769848782327672,-0.07683668831569458,0.04502629274396781,1.9397944199706314,3.7646108663729807,0.838881933797105,0.45152864849437857,681
health,health,IL,-0.16204309404643483,2.4011763155328192e-05,-0.14201032993775817,0.00021905289650040575,1.7295690936106984,3.8573608723974093,0.9780185074670804,0.39677671518219587,673
health,health,IS,0.009573399949194546,0.8034984217626917,0.002006836171404017,0.958402400057005,2.017699115044248,3.839472485105065,0.9060665476678634,0.4460773834239367,678
health,health,IT,-0.26258342878442414,3.000674261962249e-12,-0.26618652819098854,1.472888966395732e-12,2.1710526315789473,3.797592537497596,0.8598638270287896,0.4459128078008279,684
health,health,LT,-0.24280835077756566,1.440550849407868e-10,-0.2536768240341428,1.9721752913072748e-11,2.393225331369661,3.6828424153166415,0.8128837523739785,0.5060440216291523,679
health,health,LV,-0.1336360753532706,0.00051393846424485,-0.14807745316000673,0.00011681350458407909,2.7901785714285716,3.6465113677949033,0.8328350827559998,0.5074645783960189,672
health,health,ME,-0.09141244474688168,0.016865521063090846,-0.09889244968820497,0.009707170482331945,2.105417276720351,3.7903448836830975,0.8735356041539106,0.43527784758508054,683
health,health,NL,-0.08068209582184345,0.035152829419918596,-0.1006915278741632,0.008502408021892458,2.131964809384164,3.7831641176293838,0.7332297021511269,0.46144790292796883,682
health,health,NO,-0.05937304843068187,0.12082134207486477,-0.05372121436451781,0.16048690925465142,2.010233918128655,3.8409356725146195,0.891581222048593,0.4380156257359535,684
health,health,PL,-0.20356318985588448,8.570948542463157e-08,-0.19382879197320807,3.514782806824928e-07,2.2014705882352943,3.7033961558322837,0.8189566707639392,0.49653728143617293,680
health,health,PT,-0.2813322345807754,8.098511090176288e-14,-0.27312798811981787,4.418006583326947e-13,2.4742268041237114,3.723048600883652,0.8968142313730106,0.46428774612711005,679
health,health,RS,-0.12637234688517582,0.0009497290889655444,-0.12276659214020787,0.0013274484405063288,2.3891336270190897,3.7298190739290438,1.026042933426866,0.47005472885784205,681
health,health,SE,-0.024347359495253854,0.5271108563448317,-0.06105222761112052,0.11249526589974886,2.0782865583456425,3.768124490485078,0.8468972367395948,0.48417060233017545,677
health,health,SI,-0.17527914155697508,4.266616955389525e-06,-0.18831631417977704,7.576499073999017e-07,2.1808823529411763,3.7245588235294114,0.8973463337488714,0.48569350937315886,680
health,health,SK,-0.15159784382119532,7.310553697270214e-05,-0.16946386029065552,9.002532120393273e-06,2.3961708394698085,3.7054491899852726,0.8794860092050056,0.49300391317182785,679
health,health,UA,-0.10987546352472374,0.00429164803014008,-0.12187421803946855,0.001524442980704716,2.7596439169139466,3.520925533418114,0.869716965232804,0.5451537115197541,674
rlgatnd,religion,AT,-0.0162157877479625,0.6731752653314655,-0.020058648402848645,0.6018302974961336,5.412371134020619,3.365243004418262,1.294722714060493,0.6510936283194282,679
rlgatnd,religion,BE,0.027469094217379596,0.47355615207593815,0.013329274923479136,0.7280442978453017,6.168374816983895,3.392386530014641,1.3306872609967235,0.59671683597858,683
rlgatnd,religion,BG,0.009697718898924552,0.8008556489743908,0.01771412232122152,0.6449609766874571,5.300441826215022,3.322533136966127,1.2578425760382717,0.6291414328149059,679
rlgatnd,religion,CH,-0.009063856587254162,0.8132197222937011,-0.022357596040103647,0.559978575684721,5.717008797653959,3.3475073313782993,1.322116566083751,0.6042443642945361,682
rlgatnd,religion,CY,-0.042105187579772385,0.2718291192704824,-0.0302201541436344,0.43039548056009913,4.320644216691069,3.4055636896046853,1.3874061309002539,0.6229469011177222,683
rlgatnd,religion,DE,0.043073685295029134,0.26059549030770307,0.017745610826701553,0.6431525259632631,6.052631578947368,3.327485380116959,1.222115190573537,0.645565201025967,684
rlgatnd,religion,EE,0.009005442936815053,0.8144014879785147,0.009982637891947428,0.7946893377319723,6.011730205278592,3.2551319648093844,1.0837920580973848,0.595636406309703,682
rlgatnd,religion,ES,0.02645701157762942,0.49097070879182536,0.043645164071689266,0.2557162674849555,5.8426470588235295,3.4205882352941175,1.5187406782778432,0.6232034736124746,680
rlgatnd,religion,FI,0.04432794280607789,0.2473029613548365,0.03908958138817309,0.3076827950823643,5.8477306002928255,3.398243045387994,1.1488640203644884,0.587850964183603,683
rlgatnd,religion,FR,-0.07757453061424242,0.04330775757722677,-0.04294310672818816,0.26380227384630067,6.164948453608248,3.374079528718704,1.2630006955366537,0.6156558721866378,679
rlgatnd,religion,GB,-0.04402485393832127,0.2519503120066138,-0.05020283189989631,0.19135525782901036,5.895434462444772,3.410898379970545,1.540780864949925,0.6267857697511674,679
rlgatnd,religion,GR,0.013752744729223191,0.7207504191856626,0.005867708333271486,0.8787883949947551,4.541297935103245,3.3805309734513274,1.195970374675144,0.569825971579996,678
rlgatnd,religion,HR,-0.027320353170943827,0.4766044826411035,-0.023052105857498922,0.5481451524205847,4.961820851688693,3.395007342143906,1.4271564396213903,0.630992478005051,681
rlgatnd,religion,HU,-0.011173965905793363,0.7721501164863077,-0.006515469104394823,0.865923098559669,5.5652818991097925,3.3605341246290803,1.443141074575884,0.5863608366699532,674
rlgatnd,religion,IE,-0.008097403290120007,0.8329458651365282,-0.011887821300633435,0.7568154622127521,4.886930983847283,3.3876651982378854,1.6531136778801607,0.5657587145038565,681
rlgatnd,religion,IL,-0.01881424749028205,0.6237952523571516,-0.005637337183417821,0.8831707751079826,5.134897360703812,3.3475073313782993,1.9821484668197247,0.5894829144320118,682
rlgatnd,religion,IS,0.0543287962470172,0.15641050772221174,0.02142042932194461,0.5765472350787961,6.108504398826979,3.271260997067449,1.1648111998967892,0.6712216442108778,682
rlgatnd,religion,IT,0.017141684873083672,0.6561594493761751,0.010431128750104957,0.7864558770486376,4.697193500738552,3.432791728212703,1.6139758819181032,0.5733118047743362,677
rlgatnd,religion,LT,0.0031434120099887164,0.9348863164604189,-0.023967885455605752,0.5332686811203158,5.123893805309734,3.28023598820059,1.1855810985096098,0.5787410089610945,678
rlgatnd,religion,LV,-0.01499528822815476,0.6975723916064587,-0.015990474253342796,0.6785864747854109,5.8026706231454,3.3486646884273,1.2182095312092993,0.620434346993738,674
rlgatnd,religion,ME,-0.020097893025616397,0.602737578334239,-0.03041260206128358,0.43087999535615557,4.2436849925705795,3.399702823179792,1.6806123375704716,0.5529681013207971,673
rlgatnd,religion,NL,0.055148318787417515,0.14994754113693332,0.06731064596525273,0.07876685124542664,6.1654465592972185,3.3938506588579793,1.4562558641717551,0.6115388176273913,683
rlgatnd,religion,NO,-0.011685136741523036,0.761005337951484,-0.035778251735052474,0.351561671207042,6.073529411764706,3.3941176470588235,1.1842881131386895,0.6072420943099766,680
rlgatnd,religion,PL,0.029479576166926726,0.44754474673099254,0.030098924969622666,0.4380567970349102,4.387387387387387,3.3933933933933935,1.4878222739555542,0.5658594247849383,666
rlgatnd,religion,PT,0.03484410334050544,0.3639330841401678,0.029093814971361362,0.4484526569060192,5.267254038179148,3.3538913362701908,1.6721594725223339,0.6459286383354498,681
rlgatnd,religion,RS,-0.03312352662746619,0.3888158980452092,-0.03567755793749156,0.35327522740724415,5.082474226804123,3.362297496318115,1.1820819611929752,0.5759112516460183,679
rlgatnd,religion,SE,-0.06579626740793368,0.08667713696994707,-0.045862024060111334,0.23268076681001873,6.0338733431516935,3.410898379970545,1.1813577216619242,0.5778090956493076,679
rlgatnd,religion,SI,-0.032137022880261795,0.4020647223737516,-0.020318549171879644,0.5963179622206456,5.425219941348973,3.3196480938416424,1.392599602181222,0.6135004826455693,682
rlgatnd,religion,SK,-0.013797530398097576,0.720874331515393,-0.010521738318983993,0.7852701679448524,4.711738484398217,3.323922734026746,1.6761977176486895,0.5893206894157598,673
rlgatnd,religion,UA,-0.04459291618671508,0.24868871136050522,-0.0360780592845684,0.35076039530717495,4.95230998509687,3.3129657228017884,1.469325116438044,0.637482453035217,671
aesfdrk,safety,AT,-0.058659396034866924,0.12619527275634032,-0.07696015121819551,0.04468166095026924,1.7738619676945668,2.922173274596182,0.7408011789956982,0.3040781235568894,681
aesfdrk,safety,BE,-0.003315839547830979,0.9311712246437531,0.017858996994822837,0.6417675435924385,1.9691629955947136,2.9280469897209986,0.7537674228866161,0.3006715583889057,681
aesfdrk,safety,BG,-0.012754919071490697,0.7408093249910797,-0.022474745185514233,0.5599590068874382,2.471111111111111,2.83037037037037,0.8580104882935643,0.41454885457564744,675
aesfdrk,safety,CH,0.010972531664450735,0.7748535704146999,-0.0031656726229893906,0.9342328131740213,1.6422287390029326,3.0219941348973607,0.6841007606232714,0.26733603941198597,682
aesfdrk,safety,CY,0.01685412260784763,0.6613309917768292,0.02515058228497273,0.5132556344987568,2.2168141592920354,2.9321533923303833,0.8053810153510228,0.3235673024016069,678
aesfdrk,safety,DE,0.00711379729137229,0.8526706165667277,0.012443916263298502,0.7452810051738366,1.9137426900584795,2.9327485380116958,0.7632776079217086,0.2783196618732998,684
aesfdrk,safety,EE,-0.011380667584198942,0.7668836659166892,-0.002176338526243883,0.9547926087601797,1.7533039647577093,2.9676945668135097,0.6354191137482492,0.2902566827266788,681
aesfdrk,safety,ES,0.04658826861441005,0.2236523245392982,0.07760746367861553,0.04245348951403143,1.878654970760234,2.9371345029239766,0.7623347456218187,0.32081700157619175,684
aesfdrk,safety,FI,-0.00559792901223835,0.8837276771321085,-0.011743085806040393,0.7589992432953193,1.6379562043795621,3.0065693430656935,0.6261984284261259,0.36318208254561535,685
aesfdrk,safety,FR,0.005852669120910136,0.8793633934351112,-0.01954288455062247,0.6122626104026291,1.9525925925925927,2.9407407407407407,0.8582666291834808,0.32599910257661163,675
aesfdrk,safety,GB,-0.03927880838253816,0.30748696713396767,-0.0253610470191863,0.5100490640915074,1.9881831610044314,2.9446085672082716,0.7843754019193533,0.26134840738913556,677
aesfdrk,safety,GR,0.028833018033071808,0.4515349086527123,0.031019225986599397,0.4179579164038191,2.1973684210526314,2.8801169590643276,0.8368833479954749,0.37523948554602765,684
aesfdrk,safety,HR,-0.026782539855834325,0.4866180235195391,-0.029615648095646298,0.4417028101598859,1.601181683899557,2.8892171344165436,0.6253035412639838,0.34549356916330065,677
aesfdrk,safety,HU,-0.016480632732588266,0.6683838692747749,-0.03714793097634269,0.33413302950500656,1.8672566371681416,2.8606194690265485,0.6053102008143799,0.37672016073237796,678
aesfdrk,safety,IE,-0.034105026492607535,0.37596940297608017,-0.030716381399069716,0.42525588580452695,1.9215976331360947,2.9363905325443787,0.8081480195884662,0.28871309069708656,676
aesfdrk,safety,IL,0.024388621870699425,0.5248818504194958,0.02721979362940699,0.4779051007380664,2.001466275659824,2.964809384164223,0.8696198417692281,0.2793831710574292,682
aesfdrk,safety,IS,0.061825918809807236,0.10722380835807516,0.06105450423948052,0.11168573203652231,1.4338235294117647,3.0220588235294117,0.6456174435317964,0.31334838922442493,680
aesfdrk,safety,IT,-0.033539345077724575,0.384296315102758,-0.03319891075527991,0.38914345588421834,2.2311111111111113,2.903703703703704,0.7836862853638935,0.33742949750644086,675
aesfdrk,safety,LT,-0.04522416150344787,0.24204682608623884,-0.03750108858455514,0.33207353864918193,2.105812220566319,2.874813710879285,0.6730276128594802,0.3487383480402188,671
aesfdrk,safety,LV,0.014069300387065628,0.7168327452974258,0.010415510087299363,0.7883165740357685,2.110944527736132,2.8845577211394304,0.7728405009192716,0.3511263397953823,667
aesfdrk,safety,ME,0.013650689879741459,0.7249113610728093,0.010319721529868842,0.7902177639138145,1.9250374812593702,2.9505247376311843,0.657883440828365,0.2551785465186033,667
aesfdrk,safety,NL,-0.025845285886666895,0.5010522401801665,-0.026166242437244632,0.49574911764394153,1.8220588235294117,2.9573529411764707,0.6618903593394734,0.2720760616982243,680
aesfdrk,safety,NO,0.029104451534259224,0.44761858039096064,0.037745838432277634,0.32462209856843033,1.418740849194729,3.020497803806735,0.6105621143659214,0.258897478397691,683
aesfdrk,safety,PL,-0.055460849752389206,0.15126843838147824,-0.02545711940238037,0.5103389882398011,1.7630402384500745,2.874813710879285,0.6026352550401084,0.35299222373968303,671
aesfdrk,safety,PT,-0.022981760174268603,0.5493670918513638,-0.02052746364667724,0.59281827331234,2.0176211453744495,2.9001468428781205,0.6793038675684042,0.35812006143953884,681
aesfdrk,safety,RS,0.016551210696608337,0.6677445950607981,0.024205770254707753,0.5301279209270506,1.7051851851851851,2.85037037037037,0.7432503919815913,0.38880362684571107,675
aesfdrk,safety,SE,-0.022823763983605236,0.5527029462415235,-0.024428659036247392,0.5251187293734655,1.6494845360824741,3.008836524300442,0.7353057273448366,0.2545948857148342,679
aesfdrk,safety,SI,-0.09045627348832362,0.01856860046426177,-0.09758483579270077,0.011070825564852659,1.58493353028065,2.927621861152142,0.6012392552261909,0.28119954168397315,677
aesfdrk,safety,SK,-0.030688081809884214,0.4274058218524783,-0.0388714012789298,0.314697304977957,2.187779433681073,2.866616989567809,0.6957652196180308,0.3630554839516154,671
aesfdrk,safety,UA,-0.0022363519522257892,0.955077181703364,0.004541881952905505,0.9089148801053245,2.073783359497645,2.7668759811616956,0.8179705117084265,0.4668762162091907,637
hincfel,income,AT,0.011813177365249764,0.758467420615967,0.004338895725881977,0.9100805601233305,1.8544117647058824,2.9441176470588237,0.7367751695898329,0.24834198529772022,680
hincfel,income,BE,0.002189212158496781,0.9546260188667273,-0.01482770904651988,0.6999417677779517,1.7640117994100295,2.93952802359882,0.8351950637683335,0.26213713463064664,678
hincfel,income,BG,0.017303021963985015,0.6528936732770317,-0.013419993435703185,0.727234566519247,2.532448377581121,2.9188790560471976,0.8566243182338935,0.3273327779753645,678
hincfel,income,CH,-0.0013724396041496028,0.9715874278717044,-0.017812143064337572,0.6438695599904786,1.5754437869822486,2.9822485207100593,0.7150782053722363,0.1429166151526734,676
hincfel,income,CY,-0.07605792439094246,0.0511622348081875,-0.08109826544482321,0.03754715961820707,2.094224924012158,2.943768996960486,0.8811902621450768,0.2614776325811454,658
hincfel,income,DE,0.059129608806086045,0.12401258344458453,0.049549202843562914,0.19753909409669032,1.5722713864306785,2.949852507374631,0.6611823057635434,0.24396704517126375,678
hincfel,income,EE,-0.04907670421880599,0.1998611305471432,-0.027870926267981322,0.46678043275983483,1.9269005847953216,2.966374269005848,0.6869895594669845,0.20329139479178698,684
hincfel,income,ES,0.06131094904339658,0.10966261277585679,0.058173772469702664,0.12908644721378354,1.848973607038123,2.9266862170087977,0.8141951707675587,0.3073602994397908,682
hincfel,income,FI,-0.002698524982413004,0.9439205116419862,-0.007711468902331404,0.8406832649846901,1.7976539589442815,2.9545454545454546,0.6682172639178168,0.22209425408123856,682
hincfel,income,FR,-0.004214625673486664,0.9125171694109379,0.009511693576931001,0.8041738210888297,1.715542521994135,2.9457478005865103,0.7278952512008827,0.25126016792336275,682
hincfel,income,GB,-0.02401233250767847,0.5358657668495953,0.006879180124759067,0.8592468913133414,1.8095952023988007,2.9625187406296853,0.8407941608252576,0.20527198874414448,667
hincfel,income,GR,-0.04307376364385541,0.26412152237242437,-0.020425247864840203,0.5965687663497038,2.479228486646884,2.9020771513353116,0.7692156507795744,0.3305564941456875,674
hincfel,income,HR,-0.07374485283600597,0.05531067470708351,-0.057167646418573075,0.13759085491938494,1.831360946745562,2.945266272189349,0.772466130557042,0.24029257497200246,676
hincfel,income,HU,0.02272473355442978,0.555307459998617,0.017991920313356113,0.6405270704077545,2.217455621301775,2.923076923076923,0.700300489650972,0.3079201435678004,676
hincfel,income,IE,-0.044005538916399335,0.2521586314205116,-0.017998037685930196,0.6396701812085756,1.8438880706921945,2.96759941089838,0.8479127030863035,0.2148168838079865,679
hincfel,income,IL,0.08801990221046312,0.025503345225507113,0.10198370096038054,0.009603628277142794,1.9627329192546583,2.970496894409938,0.8967763158080527,0.2027779124914345,644
hincfel,income,IS,-0.0019965769227591307,0.9585231479781389,0.028736207161781227,0.45405228576903683,1.4889867841409692,2.973568281938326,0.725752551495036,0.20118848740192202,681
hincfel,income,IT,-0.011343091872470937,0.7711535983303865,0.009792468557609029,0.8017350849748799,1.9015151515151516,2.925757575757576,0.7639432135031297,0.3197165882961766,660
hincfel,income,LT,-0.01878193505784355,0.6274682710046455,-0.04411433030175769,0.2541637955199253,1.98955223880597,2.934328358208955,0.6947667562197003,0.28175843251226723,670
hincfel,income,LV,-0.053357508438122724,0.16709642469173464,-0.06764520007992816,0.07972105245742434,2.5238095238095237,2.950892857142857,0.7945596007813457,0.23602351636388355,672
hincfel,income,ME,-0.03930397159727245,0.3231146630608949,-0.038717783405938413,0.33038931196376753,2.5646687697160884,2.9810725552050474,1.01322111639735,0.16756254007984714,634
hincfel,income,NL,0.05024438984339053,0.1923046279490985,0.04817457799168955,0.2112928581590097,1.394074074074074,2.96,0.6296062264936781,0.21762134648306874,675
hincfel,income,NO,0.001435019248283305,0.9701166399145588,0.009534627503017276,0.803428517176967,1.5116959064327486,2.991228070175439,0.6637512993080653,0.1078701596081995,684
hincfel,income,PL,-0.06144044231542115,0.10943549836380227,-0.055460214162762714,0.14854871074955514,1.9352941176470588,2.9382352941176473,0.5550052623196112,0.24694266729782985,680
hincfel,income,PT,-0.07335010011018343,0.05590269894794889,-0.06752151805411474,0.07849011528665718,2.3,2.9411764705882355,0.8309194297129664,0.24164098670519596,680
hincfel,income,RS,0.029186005184496534,0.4486945762301343,0.03684927052925616,0.33875260748013863,1.9644970414201184,2.912721893491124,0.7631784694863516,0.32625959152292466,676
hincfel,income,SE,0.03870959281314723,0.31276846081632104,0.020787604049692605,0.5878641813736267,1.3636363636363635,2.966275659824047,0.6056733511141957,0.2106710492860214,682
hincfel,income,SI,-0.017250703086445676,0.6536354061271455,-0.011251093774111718,0.7697928223331421,1.5301914580265095,2.9528718703976438,0.7298230632850254,0.2382702533827637,679
hincfel,income,SK,-0.0820143308909697,0.032746133638262585,-0.08410281731638648,0.02854270729756189,2.28023598820059,2.9292035398230087,0.7958117491539157,0.2839939092474816,678
hincfel,income,UA,-0.03577082137587645,0.3577758045409424,-0.036319840658772556,0.350440507040239,2.923076923076923,2.9110105580693815,0.9040667795069349,0.3054134509501657,663
