variable,domain,cntry,country_name,survey_mean,survey_sd,silicon_mean,silicon_sd,model
ppltrst,social_trust,AT,Austria,6.071829184018286,2.0976862462724717,6.850757575757576,1.2984463817931358,qwen
ppltrst,social_trust,BE,Belgium,5.458173187943939,2.195522494698598,7.051724137931035,1.0262804331124404,qwen
ppltrst,social_trust,BG,Bulgaria,3.728913646176717,2.3711881162028385,6.269578313253012,1.4764340279216657,qwen
ppltrst,social_trust,CH,Switzerland,5.855593288087151,2.1151913454264175,7.310401188707281,1.0427807316422273,qwen
ppltrst,social_trust,CY,Cyprus,4.092466358118389,2.456123517842882,7.043219076005961,1.2138790952579337,qwen
ppltrst,social_trust,DE,Germany,5.213421360673227,2.329440069370058,6.902098950524738,1.2109467305328034,qwen
ppltrst,social_trust,EE,Estonia,5.597881429421257,1.9956320359719784,7.307726597325409,0.8879985367838283,qwen
ppltrst,social_trust,ES,Spain,5.30377052791885,2.170845887878443,6.893253373313343,1.1262894780020467,qwen
ppltrst,social_trust,FI,Finland,6.920840954305089,1.8140828898597425,7.272378138847857,1.0512696403870367,qwen
ppltrst,social_trust,FR,France,4.472588263453334,2.150595521187708,6.767933130699088,1.2307905349943118,qwen
ppltrst,social_trust,GB,United Kingdom,5.418093170478824,2.2752091003472237,6.872563718140929,1.3342721447362933,qwen
ppltrst,social_trust,GR,Greece,4.5659732232376244,1.9203750141942668,6.752994011976048,1.2057732263686063,qwen
ppltrst,social_trust,HR,Croatia,4.710634171131117,2.3881561272203213,6.875565610859729,1.216070738332392,qwen
ppltrst,social_trust,HU,Hungary,4.5774672280159825,2.4378724365986537,6.528443113772455,1.3258244476643477,qwen
ppltrst,social_trust,IE,Ireland,5.414850386746617,2.381842777024013,7.196212121212121,1.0548971933188434,qwen
ppltrst,social_trust,IL,Israel,5.174017172464776,2.389764509965967,6.9156626506024095,1.031390506902263,qwen
ppltrst,social_trust,IS,Iceland,6.354200470157306,2.061858353889841,7.4563165905631665,0.9261086682842813,qwen
ppltrst,social_trust,IT,Italy,4.498938379325662,2.3475202051401065,6.854191616766467,1.198811420032017,qwen
ppltrst,social_trust,LT,Lithuania,5.1342718600800605,2.4545179848769294,6.776923076923078,1.2299982334112305,qwen
ppltrst,social_trust,LV,Latvia,3.853969529445196,2.5315340747124133,6.668188736681888,1.2991349986864216,qwen
ppltrst,social_trust,ME,Montenegro,4.214523037104412,2.5013155012698616,7.1683976261127595,0.898766588739521,qwen
ppltrst,social_trust,NL,Netherlands,6.1705777782591795,1.958424103278812,7.194887218045113,0.9958669231007398,qwen
ppltrst,social_trust,NO,Norway,6.4876535997464035,1.9510974667031853,7.534684684684685,0.8241913638143396,qwen
ppltrst,social_trust,PL,Poland,4.5337215889785645,2.3334421200904445,6.740121580547113,1.2116637556405498,qwen
ppltrst,social_trust,PT,Portugal,4.15405019735004,2.4020558131627445,7.022692889561271,1.1399492324265899,qwen
ppltrst,social_trust,RS,Serbia,4.4015442985461535,2.769641531820987,6.647368421052631,1.1681374158009148,qwen
ppltrst,social_trust,SE,Sweden,6.173553003500404,2.0369372146641576,7.463813813813814,0.9088519676587393,qwen
ppltrst,social_trust,SI,Slovenia,4.671985358795646,2.386686330953043,6.899405646359584,1.1334863531973984,qwen
ppltrst,social_trust,SK,Slovakia,4.032077870148862,2.846323197813735,6.617734724292101,1.3277738955046032,qwen
ppltrst,social_trust,UA,Ukraine,3.823509033700963,2.792401452672258,5.398461538461539,1.5720000223177863,qwen
pplfair,social_trust,AT,Austria,6.356658702906922,2.007590140567435,7.1546783625731,0.7851802949128456,qwen
pplfair,social_trust,BE,Belgium,5.898274055320637,2.038526524185433,7.267647058823529,0.6521610561379991,qwen
pplfair,social_trust,BG,Bulgaria,4.28774413732007,2.2021907496756565,7.031710914454277,0.8477690031064558,qwen
pplfair,social_trust,CH,Switzerland,6.400660288273514,1.8848948256164268,7.459736456808199,0.6732670298573956,qwen
pplfair,social_trust,CY,Cyprus,4.423461465515083,2.2078122491415186,7.258064516129032,0.759743991545257,qwen
pplfair,social_trust,DE,Germany,6.186403696050097,1.9898562079629318,7.157079646017699,0.7677212321212699,qwen
pplfair,social_trust,EE,Estonia,6.111731028208338,2.0677934266941755,7.302046783625731,0.6654814025019958,qwen
pplfair,social_trust,ES,Spain,5.541573467263106,2.1802436948843513,7.201470588235294,0.6933287503985796,qwen
pplfair,social_trust,FI,Finland,7.084249691343838,1.7336838763693212,7.301174743024964,0.7063358851532779,qwen
pplfair,social_trust,FR,France,6.088517879920214,1.9971480895774854,7.1475,0.7260113052264697,qwen
pplfair,social_trust,GB,United Kingdom,5.981753215098941,2.1060601678344897,7.14485294117647,0.7980849550178221,qwen
pplfair,social_trust,GR,Greece,4.935914237527794,2.005204614994723,7.110898379970545,0.7911189864489953,qwen
pplfair,social_trust,HR,Croatia,5.182213320213709,2.439485398002121,7.163676470588236,0.7718088930166023,qwen
pplfair,social_trust,HU,Hungary,5.124484568640466,2.073835982532519,6.995588235294117,0.8653761853260287,qwen
pplfair,social_trust,IE,Ireland,6.168494894931351,2.106787750467679,7.386873156342183,0.6323541291048326,qwen
pplfair,social_trust,IL,Israel,5.314318458840991,2.3022335286898072,7.239411764705882,0.6949891817488858,qwen
pplfair,social_trust,IS,Iceland,6.576929478670769,1.9072991814569054,7.543923865300147,0.7231836221733448,qwen
pplfair,social_trust,IT,Italy,4.588315451551168,2.2539241028190062,7.261094674556213,0.6865553199267672,qwen
pplfair,social_trust,LT,Lithuania,5.4409183956236085,2.235114984941725,7.200441826215022,0.7568272029473728,qwen
pplfair,social_trust,LV,Latvia,5.663738367059401,2.247497646406504,7.091310751104565,0.84520051680995,qwen
pplfair,social_trust,ME,Montenegro,4.36938040692145,2.2653311034681702,7.249413489736071,0.7417730528683728,qwen
pplfair,social_trust,NL,Netherlands,6.542182923142853,1.634480715869356,7.279735682819383,0.6877717136039309,qwen
pplfair,social_trust,NO,Norway,6.757639034501647,1.8971193298633304,7.5504411764705885,0.648051193962073,qwen
pplfair,social_trust,PL,Poland,5.225422873831028,2.2838780429825127,7.013696612665685,0.8488779871241258,qwen
pplfair,social_trust,PT,Portugal,5.2347667924699675,2.2103944076408926,7.260709010339734,0.7865688913382353,qwen
pplfair,social_trust,RS,Serbia,4.739201854594089,2.8499587721633626,7.035714285714286,0.7755992415683479,qwen
pplfair,social_trust,SE,Sweden,6.592569867878159,1.8020303379041651,7.4628865979381445,0.6807560674751203,qwen
pplfair,social_trust,SI,Slovenia,5.418600199352892,2.258280124051613,7.128655834564254,0.7946977364518392,qwen
pplfair,social_trust,SK,Slovakia,4.8643116719235655,2.5431197557800247,7.076911764705883,0.8056021766473652,qwen
pplfair,social_trust,UA,Ukraine,4.693212458739193,2.43492351369049,6.810930576070901,1.2045274023137322,qwen
pplhlp,social_trust,AT,Austria,6.318627057316925,2.061005753294836,6.790881913303439,1.2464166480698,qwen
pplhlp,social_trust,BE,Belgium,5.060544624005849,2.1956473479694956,6.938059701492537,1.0617549547208858,qwen
pplhlp,social_trust,BG,Bulgaria,3.550500715225844,2.3080899941553548,6.57370820668693,1.2214316225178474,qwen
pplhlp,social_trust,CH,Switzerland,5.8985149650676005,1.884854676878496,7.105943536404161,1.0726137870141481,qwen
pplhlp,social_trust,CY,Cyprus,4.108040391083219,2.1954327810505894,6.896251874062969,1.1963788140862954,qwen
pplhlp,social_trust,DE,Germany,5.359509661907016,2.0965802980361574,6.893665158371041,1.1432538193973831,qwen
pplhlp,social_trust,EE,Estonia,5.026836971472983,2.0167271854085875,7.0995522388059715,1.0639983434411462,qwen
pplhlp,social_trust,ES,Spain,4.799287732107402,2.2984435948613826,6.790743550834598,1.1777919269512878,qwen
pplhlp,social_trust,FI,Finland,6.367163416606128,1.957104421735069,6.909239940387482,1.1548746215916317,qwen
pplhlp,social_trust,FR,France,4.606344443975376,2.24002307315973,6.896641221374046,1.201548828889803,qwen
pplhlp,social_trust,GB,United Kingdom,5.990719000699621,1.942504544742161,6.8106060606060606,1.2555344898482153,qwen
pplhlp,social_trust,GR,Greece,4.337120313457906,1.9778120001939348,6.856606606606607,1.1016432912923857,qwen
pplhlp,social_trust,HR,Croatia,4.343355311541862,2.4112502202938684,6.888989441930618,1.090088290810185,qwen
pplhlp,social_trust,HU,Hungary,4.605214910806596,2.2470109750370364,6.598950524737631,1.3520473105557198,qwen
pplhlp,social_trust,IE,Ireland,5.939084968682108,2.240485078040839,7.074962742175857,1.055489823383674,qwen
pplhlp,social_trust,IL,Israel,5.100096960518647,2.336648940608769,6.984730538922156,1.0359246147002386,qwen
pplhlp,social_trust,IS,Iceland,6.299077774742755,1.791363854697011,7.303647416413374,0.9894967789212848,qwen
pplhlp,social_trust,IT,Italy,4.184164039738798,2.273457502775936,6.825263157894737,1.1930620085502834,qwen
pplhlp,social_trust,LT,Lithuania,5.032521343524122,2.3988190229998003,6.80579268292683,1.1206854417025718,qwen
pplhlp,social_trust,LV,Latvia,4.838484340024971,2.2962432351850475,6.704242424242424,1.2007888916814713,qwen
pplhlp,social_trust,ME,Montenegro,4.194717188555699,2.2559179621884984,7.097901049475262,0.9200772436802447,qwen
pplhlp,social_trust,NL,Netherlands,5.65817291172352,1.7643307067812635,7.143862275449102,0.94027400017033,qwen
pplhlp,social_trust,NO,Norway,6.003298800640809,1.9932155036957901,7.370746268656716,0.8736523911411188,qwen
pplhlp,social_trust,PL,Poland,4.546993964205541,2.4182053882140755,6.728310502283105,1.1901868990460596,qwen
pplhlp,social_trust,PT,Portugal,4.213744814045952,2.1791089434587874,6.942365269461078,1.1770105850640005,qwen
pplhlp,social_trust,RS,Serbia,3.72835672703553,2.720929475579113,6.780211480362538,1.1268090315732395,qwen
pplhlp,social_trust,SE,Sweden,5.946359746894595,1.936482154823752,7.114220877458396,1.0521452283037067,qwen
pplhlp,social_trust,SI,Slovenia,5.349566794505421,2.236529461060724,6.891337386018237,1.0941108600014284,qwen
pplhlp,social_trust,SK,Slovakia,4.195429337358618,2.5609256122451742,6.749392097264439,1.2823024127267282,qwen
pplhlp,social_trust,UA,Ukraine,4.165704117573958,2.6358905892713516,6.520186335403727,1.5517198493562179,qwen
sclmeet,social_trust,AT,Austria,4.97855907049627,1.1862131472556947,3.7191176470588236,0.901113262205634,qwen
sclmeet,social_trust,BE,Belgium,5.115008561601236,1.4064923799551072,3.691851851851852,0.9450049732062512,qwen
sclmeet,social_trust,BG,Bulgaria,4.99618382149749,1.6848498871293636,3.5180722891566263,1.080321116253593,qwen
sclmeet,social_trust,CH,Switzerland,5.120404033218849,1.3015620048223844,3.7496318114874816,0.8786532735679805,qwen
sclmeet,social_trust,CY,Cyprus,4.063565729120625,1.6808260299062987,3.7098674521354935,0.9835249711297772,qwen
sclmeet,social_trust,DE,Germany,4.750274005473209,1.4910419350395807,3.6557377049180326,0.918690997566131,qwen
sclmeet,social_trust,EE,Estonia,4.268464111365069,1.5064569734447395,3.6078286558345645,0.965475408022988,qwen
sclmeet,social_trust,ES,Spain,5.250413100298126,1.4669300296384136,3.71165191740413,0.9865251296303517,qwen
sclmeet,social_trust,FI,Finland,4.91015506669888,1.3723429550400144,3.6967455621301775,0.8767218742537971,qwen
sclmeet,social_trust,FR,France,5.227998279869101,1.4417715646805522,3.662202380952381,1.0083998483056593,qwen
sclmeet,social_trust,GB,United Kingdom,4.825888880970069,1.545839796639787,3.682422451994092,0.8827076646717814,qwen
sclmeet,social_trust,GR,Greece,4.23068100764633,1.5663897051020776,3.7066666666666666,1.0263010126400511,qwen
sclmeet,social_trust,HR,Croatia,5.355922756611965,1.5433309288591155,3.6920236336779912,1.0885613759743216,qwen
sclmeet,social_trust,HU,Hungary,3.4073398053512745,1.5184246921707605,3.5914454277286136,1.000613093801589,qwen
sclmeet,social_trust,IE,Ireland,4.3086014206280145,1.5764076371688671,3.705357142857143,0.9531973915154325,qwen
sclmeet,social_trust,IL,Israel,5.37946729389215,1.566948729077005,3.6568047337278107,0.963311186385062,qwen
sclmeet,social_trust,IS,Iceland,5.278807458651748,1.4394663497959697,3.685496183206107,1.0544881606489058,qwen
sclmeet,social_trust,IT,Italy,4.706546679320957,1.5752412935391051,3.704579025110783,1.0567588923409408,qwen
sclmeet,social_trust,LT,Lithuania,4.364283230788744,1.5622693395152705,3.687593423019432,0.9299628360122055,qwen
sclmeet,social_trust,LV,Latvia,4.3429616960030435,1.6424937139788904,3.568862275449102,0.9931039096219281,qwen
sclmeet,social_trust,ME,Montenegro,4.834985214387212,1.6015829359800529,3.7866868381240546,0.9002717133408414,qwen
sclmeet,social_trust,NL,Netherlands,5.398005102386256,1.2576971589608217,3.7459138187221397,0.8552631722178918,qwen
sclmeet,social_trust,NO,Norway,5.688076208039842,1.3525075883274424,3.762536873156342,0.8937402830891117,qwen
sclmeet,social_trust,PL,Poland,3.896722824683607,1.4430229733040592,3.6346153846153846,1.002773930432755,qwen
sclmeet,social_trust,PT,Portugal,5.685409759425016,1.576563523208556,3.6325478645066274,1.020852420285883,qwen
sclmeet,social_trust,RS,Serbia,5.185660516605247,1.5942757921749648,3.690828402366864,1.0127945468920794,qwen
sclmeet,social_trust,SE,Sweden,5.514484949240079,1.3608053671737674,3.6463595839524516,0.9416247206581764,qwen
sclmeet,social_trust,SI,Slovenia,4.631734240685188,1.4881140484001878,3.695588235294118,0.9693284229888058,qwen
sclmeet,social_trust,SK,Slovakia,4.72857259415562,1.5838908117692216,3.6335311572700295,0.939857246159511,qwen
sclmeet,social_trust,UA,Ukraine,4.403961647625363,1.7492302415514074,3.4375,1.0238402620845088,qwen
inprdsc,social_trust,AT,Austria,3.118780630553028,1.1742953866443435,3.031111111111111,0.5871354120533376,qwen
inprdsc,social_trust,BE,Belgium,3.249005581858395,1.392119874792085,3.033724340175953,0.5686684090364563,qwen
inprdsc,social_trust,BG,Bulgaria,2.077287035540825,1.2654833628886588,2.988970588235294,0.6514595366194114,qwen
inprdsc,social_trust,CH,Switzerland,3.5672430918798415,1.2546165765107025,3.066813509544787,0.5398937604039393,qwen
inprdsc,social_trust,CY,Cyprus,2.429658750415173,1.2914148054142078,3.052052785923754,0.5891856124369069,qwen
inprdsc,social_trust,DE,Germany,3.508134966369809,1.1978906541310246,2.9926686217008798,0.6307855195482952,qwen
inprdsc,social_trust,EE,Estonia,2.5808046896837573,1.3664122962604637,3.064610866372981,0.5465898584426321,qwen
inprdsc,social_trust,ES,Spain,2.889223323462987,1.3851422121984767,3.0439882697947214,0.5455471218177038,qwen
inprdsc,social_trust,FI,Finland,3.2591695206650804,1.2740084057461003,3.041176470588235,0.5830788461519936,qwen
inprdsc,social_trust,FR,France,2.834623969006955,1.4605348263872133,2.998531571218796,0.5517332736493171,qwen
inprdsc,social_trust,GB,United Kingdom,3.16034956015881,1.3832269727107982,3.0278184480234263,0.6503680995695927,qwen
inprdsc,social_trust,GR,Greece,2.3001774709007434,1.208559756779504,3.072378138847858,0.5723581853196896,qwen
inprdsc,social_trust,HR,Croatia,2.2941152783671246,1.422859648476235,3.002932551319648,0.6480447661534314,qwen
inprdsc,social_trust,HU,Hungary,2.598329752384808,1.230743088053047,2.9977941176470586,0.5577763171691695,qwen
inprdsc,social_trust,IE,Ireland,2.7380058098736266,1.332686531536047,3.0994152046783627,0.5691427965052948,qwen
inprdsc,social_trust,IL,Israel,2.4812293357499633,1.4132878598805871,3.0628654970760234,0.6244139666876679,qwen
inprdsc,social_trust,IS,Iceland,3.671481858006674,1.317456305642698,3.138438880706922,0.6011134521210362,qwen
inprdsc,social_trust,IT,Italy,2.183433433926192,1.2779320478931364,3.0412979351032448,0.657693541409883,qwen
inprdsc,social_trust,LT,Lithuania,2.1369766166296262,1.3544109428510231,3.0212922173274595,0.5915349709327419,qwen
inprdsc,social_trust,LV,Latvia,1.8116237136593292,1.2881659791877138,3.0486725663716814,0.6308113053588915,qwen
inprdsc,social_trust,ME,Montenegro,2.1663481487525504,1.1666499399605834,3.1088235294117648,0.5480546112231512,qwen
inprdsc,social_trust,NL,Netherlands,3.7088828570517682,1.283208311296253,3.0719530102790014,0.5602970620918148,qwen
inprdsc,social_trust,NO,Norway,3.227762827620148,1.4498231395247019,3.0647058823529414,0.7067452636643795,qwen
inprdsc,social_trust,PL,Poland,3.1281270388376403,1.4096043170643204,3.0162721893491122,0.5641394704321759,qwen
inprdsc,social_trust,PT,Portugal,2.2558309190788615,1.3613593845490315,3.0584795321637426,0.5873991844759919,qwen
inprdsc,social_trust,RS,Serbia,2.567237857631098,1.4134188192546682,3.0102489019033674,0.5639828225877207,qwen
inprdsc,social_trust,SE,Sweden,3.8066124907958425,1.2668089879502242,3.06140350877193,0.5969922815528222,qwen
inprdsc,social_trust,SI,Slovenia,2.795537682887412,1.3412053782065898,3.025,0.6218588221598899,qwen
inprdsc,social_trust,SK,Slovakia,1.9473222705088136,1.1682652569916379,3.04860088365243,0.5368379105848485,qwen
inprdsc,social_trust,UA,Ukraine,2.211819332304769,1.3882518522667766,3.0205580029368577,0.593732198443833,qwen
stfdem,political,AT,Austria,5.795551925183848,2.5244039995514704,6.973333333333334,0.8677540162056004,qwen
stfdem,political,BE,Belgium,5.182805903196197,2.3865646291443854,7.009672619047619,0.8218215455447706,qwen
stfdem,political,BG,Bulgaria,3.345957593389132,2.389999712039281,6.732732732732733,1.091612883010973,qwen
stfdem,political,CH,Switzerland,7.56247036533076,1.683445748396554,7.281065088757397,0.730902671877164,qwen
stfdem,political,CY,Cyprus,4.406779475086675,2.347149478693197,7.067746686303387,0.8927631466590192,qwen
stfdem,political,DE,Germany,5.545818977658347,2.7185355902907555,7.004424778761062,0.7580067206645983,qwen
stfdem,political,EE,Estonia,5.22721288753493,2.5582260200437856,7.163958641063515,0.7982975513775729,qwen
stfdem,political,ES,Spain,4.778082098901733,2.5349581336364486,6.975,0.7564888664133557,qwen
stfdem,political,FI,Finland,6.741465913056558,1.9636296674315314,7.193548387096774,0.7950393306641049,qwen
stfdem,political,FR,France,4.305012268811358,2.514246595893705,6.8871681415929205,0.7947560431614175,qwen
stfdem,political,GB,United Kingdom,4.494947856238885,2.617061205631026,6.9219440353460975,0.8368918422146334,qwen
stfdem,political,GR,Greece,4.182779495226115,2.157520501595945,6.854814814814815,0.8882449035498445,qwen
stfdem,political,HR,Croatia,4.472592596383696,2.5378221319688405,7.031157270029674,0.7497852068150305,qwen
stfdem,political,HU,Hungary,4.382887230671318,2.6638131065423503,6.723625557206538,0.9687024593868067,qwen
stfdem,political,IE,Ireland,5.78448915317907,2.27866079594196,7.130338733431517,0.6480228860940316,qwen
stfdem,political,IL,Israel,4.252040313322515,2.747872552070624,6.972017673048601,0.8994166708315998,qwen
stfdem,political,IS,Iceland,5.8824026600111425,2.272405652680811,7.428931750741841,0.728761524352598,qwen
stfdem,political,IT,Italy,5.130815160709393,2.0846916209904416,6.895007342143906,0.8649575176267068,qwen
stfdem,political,LT,Lithuania,4.574857355022262,2.410861600256052,6.940779610194903,0.881841162420868,qwen
stfdem,political,LV,Latvia,4.246869083229774,2.4390267760652473,6.912121212121212,0.9580764668819842,qwen
stfdem,political,ME,Montenegro,4.176534491636248,2.5802896568015807,7.123703703703704,0.8005198058486718,qwen
stfdem,political,NL,Netherlands,5.936205591465354,2.078408741443333,7.170839469808542,0.6834350829011717,qwen
stfdem,political,NO,Norway,7.2146975468472805,2.082614524813177,7.429733727810651,0.804075131988903,qwen
stfdem,political,PL,Poland,5.138550427476645,2.3767364162321356,6.827433628318584,0.9436170818786126,qwen
stfdem,political,PT,Portugal,4.685337986277323,2.3915689544469387,7.107511045655375,0.7918758708215057,qwen
stfdem,political,RS,Serbia,3.8520056691404525,3.0167915835283035,6.8207407407407405,0.9965144221313462,qwen
stfdem,political,SE,Sweden,6.567043743724975,2.175495957021821,7.366372980910426,0.8183016318452873,qwen
stfdem,political,SI,Slovenia,4.919733489476906,2.3452548113037253,7.053676470588235,0.845407596463602,qwen
stfdem,political,SK,Slovakia,4.9175346771760795,2.678245139306602,6.824408284023669,0.9709462839882197,qwen
stfdem,political,UA,Ukraine,2.92444960662641,2.63422996055466,5.586567164179105,1.5399411324128203,qwen
polintr,political,AT,Austria,2.4547384937785983,0.9451535772834191,2.8817518248175182,0.517842320898153,qwen
polintr,political,BE,Belgium,2.6600712960145447,0.9266514161485133,2.9167883211678833,0.46556407073245326,qwen
polintr,political,BG,Bulgaria,2.9004839639486617,0.8905590486262941,2.7386196769456683,0.6680462102019512,qwen
polintr,political,CH,Switzerland,2.4221674153798274,0.9169166691677192,2.9401459854014598,0.4092247437995493,qwen
polintr,political,CY,Cyprus,2.9759581549872625,0.9464163962391792,2.9167883211678833,0.48100913400673423,qwen
polintr,political,DE,Germany,2.335726481029816,0.9106218676205067,2.937042459736457,0.4129374526932088,qwen
polintr,political,EE,Estonia,2.6443262976892985,0.850185551151809,2.9062957540263543,0.48436391195548334,qwen
polintr,political,ES,Spain,2.7485941425241296,1.0134610620130429,2.85985401459854,0.5704030397709255,qwen
polintr,political,FI,Finland,2.2407843653101502,0.7790287075638991,2.886131386861314,0.5202314039986505,qwen
polintr,political,FR,France,2.658759358424714,0.9653820372660329,2.884333821376281,0.5331563347238751,qwen
polintr,political,GB,United Kingdom,2.5110910387053975,0.9914488060551393,2.8802919708029195,0.5017279230623575,qwen
polintr,political,GR,Greece,2.9002046633846286,0.9639196736010638,2.906158357771261,0.5281977432205299,qwen
polintr,political,HR,Croatia,3.0240396648267,0.9305850782478338,2.8607038123167157,0.5550024304031768,qwen
polintr,political,HU,Hungary,2.7535411258208278,0.9198558225391383,2.8802919708029195,0.5328176531145767,qwen
polintr,political,IE,Ireland,2.6359165070327637,0.9657476643159857,2.9167883211678833,0.46869380256747567,qwen
polintr,political,IL,Israel,2.447442839207694,1.0230894939105857,2.9444444444444446,0.4715770384622382,qwen
polintr,political,IS,Iceland,2.405532385956208,0.9176495535120655,2.8932748538011697,0.5373448420238279,qwen
polintr,political,IT,Italy,3.00708233065885,0.8432736383469229,2.777859237536657,0.6903952713270735,qwen
polintr,political,LT,Lithuania,2.7693064441571806,0.7601246187742123,2.906020558002937,0.4850489904186574,qwen
polintr,political,LV,Latvia,2.9474422149150334,0.8112785985044871,2.8766519823788546,0.5280914115943762,qwen
polintr,political,ME,Montenegro,2.956087586463116,0.846965603333293,2.8773722627737226,0.5068237148008095,qwen
polintr,political,NL,Netherlands,2.3430692690137467,0.8498537288249974,2.908029197080292,0.4732706892943135,qwen
polintr,political,NO,Norway,2.514350938533622,0.7965049246631382,2.9239766081871346,0.4295913540988035,qwen
polintr,political,PL,Poland,2.5559100924678884,0.8306258933227216,2.8812316715542523,0.5383661656666834,qwen
polintr,political,PT,Portugal,2.8194495263177086,1.0126034640312167,2.8642335766423357,0.5439375106918327,qwen
polintr,political,RS,Serbia,3.0522158755558984,0.8908439581576322,2.8715328467153283,0.5523671686940625,qwen
polintr,political,SE,Sweden,2.1705131773500685,0.8234276538579621,2.922514619883041,0.4573993498383063,qwen
polintr,political,SI,Slovenia,2.7169428484465956,0.8737747745474248,2.8567251461988303,0.5356391679063807,qwen
polintr,political,SK,Slovakia,2.779801422127224,0.8472630479734179,2.846715328467153,0.5708630860334978,qwen
polintr,political,UA,Ukraine,2.7396657538670346,0.9256292617482332,2.9252199413489737,0.569908946289999,qwen
psppipla,political,AT,Austria,2.3485664758821696,0.8566886458081991,3.5433576642335765,0.5410114490203921,qwen
psppipla,political,BE,Belgium,2.13617152706481,0.9075557836275948,3.5559291747888238,0.5560544736476574,qwen
psppipla,political,BG,Bulgaria,1.6942362499739123,0.87775771429061,3.314327485380117,0.5510798538635067,qwen
psppipla,political,CH,Switzerland,2.925982779006587,0.9852906409289107,3.5872262773722627,0.5275325021540929,qwen
psppipla,political,CY,Cyprus,1.8534503490367205,1.0127843077196175,3.4773722627737227,0.5171040453080655,qwen
psppipla,political,DE,Germany,2.487903050233573,0.9385560771030744,3.5653284671532846,0.5138989978228117,qwen
psppipla,political,EE,Estonia,2.1195243542575155,0.8833491059661029,3.49956204379562,0.5263382673306545,qwen
psppipla,political,ES,Spain,1.854915319379539,0.8454162917878774,3.47007299270073,0.5415978314566494,qwen
psppipla,political,FI,Finland,2.719963352443456,0.8283100335192526,3.562043795620438,0.530658228970282,qwen
psppipla,political,FR,France,2.040170208005676,0.9328773538672157,3.44963503649635,0.5481393417297611,qwen
psppipla,political,GB,United Kingdom,2.0858582660203373,0.8307741434463174,3.3766423357664235,0.5681948915247039,qwen
psppipla,political,GR,Greece,2.0439646230330513,0.976032462119943,3.397080291970803,0.6021333425888526,qwen
psppipla,political,HR,Croatia,1.646717445797756,0.7626765159029129,3.4262773722627737,0.529159942351626,qwen
psppipla,political,HU,Hungary,1.8850817858135287,0.8625218071784286,3.3649635036496353,0.5253224073909324,qwen
psppipla,political,IE,Ireland,2.1853015288609527,0.9155474991392569,3.497810218978102,0.5424208182283075,qwen
psppipla,political,IL,Israel,2.0573491368573285,1.018262378135492,3.5716374269005846,0.545834439958321,qwen
psppipla,political,IS,Iceland,2.641453267592207,0.8256936225348067,3.5795620437956206,0.5579225624508506,qwen
psppipla,political,IT,Italy,1.7604583386620682,0.7721640887631731,3.497810218978102,0.550447339781044,qwen
psppipla,political,LT,Lithuania,2.0074403120569206,0.932473464394509,3.4408759124087593,0.5142067564520403,qwen
psppipla,political,LV,Latvia,1.8076589637221125,0.9176440352175285,3.375730994152047,0.5196534695432915,qwen
psppipla,political,ME,Montenegro,2.1042526405745456,0.8978556808468559,3.473684210526316,0.5336774210472898,qwen
psppipla,political,NL,Netherlands,2.4346389167639173,0.9230480100889776,3.54029197080292,0.5666253101598977,qwen
psppipla,political,NO,Norway,2.9425643516761286,0.914134339029534,3.634671532846715,0.5512997018408771,qwen
psppipla,political,PL,Poland,2.1159541509433017,0.8349147296022332,3.386861313868613,0.5136751991971201,qwen
psppipla,political,PT,Portugal,1.8339098330735701,0.9171098485792573,3.448175182481752,0.6014240155324808,qwen
psppipla,political,RS,Serbia,1.9334856238883207,1.0320658031992804,3.3332116788321167,0.5652031336781015,qwen
psppipla,political,SE,Sweden,2.827382571754578,0.8860823668252509,3.640437956204379,0.5016127041752121,qwen
psppipla,political,SI,Slovenia,2.1128622969847135,0.8172903125787805,3.4773722627737227,0.5255173864854781,qwen
psppipla,political,SK,Slovakia,1.9541371691670721,0.8752626607263215,3.4072992700729925,0.5261627386635678,qwen
psppipla,political,UA,Ukraine,1.6709499625586026,0.956887839658614,3.2222222222222223,0.4264707944738124,qwen
psppsgva,political,AT,Austria,2.3193966188741926,0.8703880846344457,3.7135766423357666,0.5368629602143485,qwen
psppsgva,political,BE,Belgium,2.1530505361912753,0.877857985500819,3.745985401459854,0.4953016976716268,qwen
psppsgva,political,BG,Bulgaria,2.0502500126245597,1.1437354898071712,3.576642335766423,0.5396911036753793,qwen
psppsgva,political,CH,Switzerland,3.209170347803247,0.9722550592682613,3.7153284671532845,0.5291075061485193,qwen
psppsgva,political,CY,Cyprus,1.85783217801057,0.9686134761632819,3.691970802919708,0.5072656884497984,qwen
psppsgva,political,DE,Germany,2.493363160809412,0.9732761550528409,3.7372262773722627,0.5111344021744848,qwen
psppsgva,political,EE,Estonia,2.222444075016699,0.941670031874551,3.698830409356725,0.5189795488026298,qwen
psppsgva,political,ES,Spain,2.079969878203989,0.9585821864542219,3.667153284671533,0.5216244152290281,qwen
psppsgva,political,FI,Finland,2.463346166400832,0.8097329921150951,3.7510948905109487,0.4788077280055446,qwen
psppsgva,political,FR,France,2.1188535078790895,0.8996060982621074,3.6783625730994154,0.5179639241945477,qwen
psppsgva,political,GB,United Kingdom,2.1788336277011933,0.8723528492925318,3.6481751824817517,0.5355903707962113,qwen
psppsgva,political,GR,Greece,2.037766829714706,1.0304042697617966,3.6374269005847952,0.5412445277925154,qwen
psppsgva,political,HR,Croatia,1.6457884669787406,0.7858366327570453,3.681751824817518,0.5388718693116277,qwen
psppsgva,political,HU,Hungary,2.0079709396734056,0.9855327170227215,3.551824817518248,0.5637829345913254,qwen
psppsgva,political,IE,Ireland,2.272287546382416,0.9500184958503455,3.708029197080292,0.5347648543413094,qwen
psppsgva,political,IL,Israel,1.962432274318939,1.026544621885484,3.7153284671532845,0.4737079242604559,qwen
psppsgva,political,IS,Iceland,2.5959422073897698,0.8513607807991915,3.78029197080292,0.5132512203718715,qwen
psppsgva,political,IT,Italy,1.733402885908017,0.7654992145531224,3.696642335766423,0.5501226303643404,qwen
psppsgva,political,LT,Lithuania,2.2035638846258188,0.9667174956064883,3.628654970760234,0.5352553919956973,qwen
psppsgva,political,LV,Latvia,1.8709990652235167,0.9648869301716746,3.5833333333333335,0.5600799984691582,qwen
psppsgva,political,ME,Montenegro,2.1775768149696137,0.8816083473708743,3.6695906432748537,0.5209062456991376,qwen
psppsgva,political,NL,Netherlands,2.520502740655418,0.9263930468303992,3.713868613138686,0.5379165028132199,qwen
psppsgva,political,NO,Norway,2.8546836195152268,0.8551573318979147,3.8386861313868614,0.46405884368988765,qwen
psppsgva,political,PL,Poland,2.259208424818116,0.9025109685040982,3.616058394160584,0.5270786719358869,qwen
psppsgva,political,PT,Portugal,2.0314592692315667,0.9777170630242956,3.643795620437956,0.5985925639223483,qwen
psppsgva,political,RS,Serbia,1.8554453058006242,1.0459064012863455,3.5474452554744524,0.5795088023857058,qwen
psppsgva,political,SE,Sweden,2.688588773731168,0.8934600691065927,3.7843065693430655,0.5533573705681021,qwen
psppsgva,political,SI,Slovenia,2.138670135863047,0.8468801031590536,3.6175182481751826,0.5821288077929349,qwen
psppsgva,political,SK,Slovakia,2.02825644229242,0.9418627230925746,3.5569343065693433,0.5668466716730687,qwen
psppsgva,political,UA,Ukraine,1.7997523689337624,1.0063426365249366,3.301169590643275,0.4958968749467673,qwen
vote,political,AT,Austria,1.4202873512065668,0.6806730157849747,2.0875912408759123,0.6740214105734844,qwen
vote,political,BE,Belgium,1.413311668096829,0.7089552675012378,2.1271929824561404,0.6192781545384941,qwen
vote,political,BG,Bulgaria,1.4058867101339767,0.5828174405368405,2.115497076023392,0.6446942264921082,qwen
vote,political,CH,Switzerland,1.6999926450149614,0.8052753904767375,2.103649635036496,0.6161103179208662,qwen
vote,political,CY,Cyprus,1.4236270426582018,0.6575703228270299,2.072992700729927,0.6626527904618501,qwen
vote,political,DE,Germany,1.4305384836356427,0.7306502543828278,2.1124087591240874,0.6559940957999052,qwen
vote,political,EE,Estonia,1.4174322919734064,0.6684332691569346,2.14014598540146,0.6381465135916297,qwen
vote,political,ES,Spain,1.4089006433180842,0.6866424014985538,2.026470588235294,0.6945225730209125,qwen
vote,political,FI,Finland,1.2529287707994166,0.5442255754737033,2.0995607613469986,0.6777029819273355,qwen
vote,political,FR,France,1.554019677771938,0.6616693323123516,2.0471281296023562,0.6590552591331316,qwen
vote,political,GB,United Kingdom,1.4672826493792912,0.6932364331852772,2.0146627565982405,0.6831874122705285,qwen
vote,political,GR,Greece,1.232173417380769,0.4933527832093489,2.16812865497076,0.6926356019783491,qwen
vote,political,HR,Croatia,1.3539780715927674,0.5915865530678587,2.167883211678832,0.6728805046031949,qwen
vote,political,HU,Hungary,1.2924385527277875,0.5615534844061386,2.111273792093704,0.667141659501886,qwen
vote,political,IE,Ireland,1.4484250557271259,0.7020988432406423,2.067448680351906,0.6778403130681167,qwen
vote,political,IL,Israel,1.2961812404391788,0.5421408039889731,2.171303074670571,0.6326381251978699,qwen
vote,political,IS,Iceland,1.4089402091609768,0.7380294053147957,2.1361639824304537,0.6202080220906869,qwen
vote,political,IT,Italy,1.4355640139885806,0.6264534338962391,2.0395314787701317,0.693426032727312,qwen
vote,political,LT,Lithuania,1.4429952465372058,0.5931433860880534,2.101024890190337,0.6361878798288706,qwen
vote,political,LV,Latvia,1.4710760530067304,0.6572433744685899,2.0998531571218795,0.6611153513701098,qwen
vote,political,ME,Montenegro,1.198507287997163,0.4255208007070601,2.154744525547445,0.6301362985996148,qwen
vote,political,NL,Netherlands,1.3596921163576228,0.675726359077966,2.108187134502924,0.6823374605168423,qwen
vote,political,NO,Norway,1.4074217859684182,0.740602560367155,2.102489019033675,0.6462453805545068,qwen
vote,political,PL,Poland,1.1775046661209774,0.4509355592446268,2.1478770131771596,0.6521613307106995,qwen
vote,political,PT,Portugal,1.3813554891435997,0.6147119517505549,2.033625730994152,0.7119834010550683,qwen
vote,political,RS,Serbia,1.2796658373067689,0.515551203038103,2.177159590043924,0.6448120160769735,qwen
vote,political,SE,Sweden,1.2362824552327312,0.6038970756726667,2.1474452554744525,0.6399333266589816,qwen
vote,political,SI,Slovenia,1.3025095754173568,0.587194935817487,2.1524926686217007,0.6504722812228592,qwen
vote,political,SK,Slovakia,1.3356493718574676,0.5944632166755749,2.1390922401171304,0.6739673726068072,qwen
vote,political,UA,Ukraine,1.3967110796934978,0.5634271961748842,2.121522693997072,0.6816764056292097,qwen
actrolga,efficacy,AT,Austria,2.360062191223054,1.0669795296795501,3.353801169590643,0.5706076966048491,qwen
actrolga,efficacy,BE,Belgium,2.115275861331064,1.0246591138385353,3.370424597364568,0.5592236145982105,qwen
actrolga,efficacy,BG,Bulgaria,1.9029019506952891,1.17280912478623,3.2294721407624634,0.5491116975120843,qwen
actrolga,efficacy,CH,Switzerland,2.338362606230354,1.110605461537031,3.4538799414348462,0.5486550045434324,qwen
actrolga,efficacy,CY,Cyprus,2.0119500942718256,1.0928138722798841,3.297356828193833,0.5396557212579104,qwen
actrolga,efficacy,DE,Germany,2.1704045969903616,1.0348641553008593,3.4062957540263543,0.5340364308441409,qwen
actrolga,efficacy,EE,Estonia,2.0453270269830695,1.0188764821747993,3.37683284457478,0.568577531749023,qwen
actrolga,efficacy,ES,Spain,1.8949374822903193,1.0498830321174317,3.3711566617862374,0.5182332187051357,qwen
actrolga,efficacy,FI,Finland,2.4156188644937275,1.0507217265960367,3.3870967741935485,0.5758304373076858,qwen
actrolga,efficacy,FR,France,2.075695473266248,1.094205195368371,3.3133235724743777,0.5006575668587342,qwen
actrolga,efficacy,GB,United Kingdom,2.2689636323061086,1.0995314617436351,3.2986822840409955,0.5258268367549026,qwen
actrolga,efficacy,GR,Greece,2.185392249640713,1.0278805398620388,3.361764705882353,0.535906431220486,qwen
actrolga,efficacy,HR,Croatia,1.784089368311354,1.0468308823450982,3.312316715542522,0.5260840002460576,qwen
actrolga,efficacy,HU,Hungary,1.9633041840322543,1.0113249410044443,3.2719298245614037,0.5430528269086159,qwen
actrolga,efficacy,IE,Ireland,2.3037648462898677,1.1069928781223484,3.38506588579795,0.5545435787173852,qwen
actrolga,efficacy,IL,Israel,2.11740885990875,1.1727991176975374,3.474340175953079,0.5745469428546124,qwen
actrolga,efficacy,IS,Iceland,2.6080921197716784,1.087945761044902,3.5764705882352943,0.599488649812855,qwen
actrolga,efficacy,IT,Italy,1.822327627454578,0.877476527617054,3.331858407079646,0.5730684704271858,qwen
actrolga,efficacy,LT,Lithuania,1.963838594140131,0.9733989143686933,3.3117647058823527,0.5586459043703103,qwen
actrolga,efficacy,LV,Latvia,1.5356942878819717,0.7097815735878821,3.315058479532164,0.5523209350694454,qwen
actrolga,efficacy,ME,Montenegro,2.1225811349452295,0.9421551463710266,3.347730600292826,0.5118306836493937,qwen
actrolga,efficacy,NL,Netherlands,2.0780062524434406,1.0888467240634798,3.406020558002937,0.5726426302063864,qwen
actrolga,efficacy,NO,Norway,2.6076304127676564,1.0947123476303535,3.513950073421439,0.5315314642649774,qwen
actrolga,efficacy,PL,Poland,2.090930901431472,1.0154541129838304,3.2932551319648096,0.5597211567244275,qwen
actrolga,efficacy,PT,Portugal,1.7593740788367676,1.018211503462485,3.278832116788321,0.5457746596205827,qwen
actrolga,efficacy,RS,Serbia,1.9132144482547229,1.1688216569656082,3.2624633431085046,0.5632127549319431,qwen
actrolga,efficacy,SE,Sweden,2.6423151680584636,1.0918545427669148,3.497076023391813,0.5688267857799654,qwen
actrolga,efficacy,SI,Slovenia,1.9712686705573756,0.9928447281360491,3.2947214076246336,0.5982856038957086,qwen
actrolga,efficacy,SK,Slovakia,1.868476483742559,0.9199427236111426,3.3083700440528636,0.4988844772986597,qwen
actrolga,efficacy,UA,Ukraine,1.748233991574511,1.0118794778870175,3.28928046989721,0.5137974930534541,qwen
cptppola,efficacy,AT,Austria,2.722022452632956,1.199636203824149,3.502189781021898,0.6502886396114426,qwen
cptppola,efficacy,BE,Belgium,2.0443776544450745,1.0290845112164275,3.4289897510980967,0.628392263747898,qwen
cptppola,efficacy,BG,Bulgaria,2.1144918277283926,1.121158813098891,3.347953216374269,0.6112502303267945,qwen
cptppola,efficacy,CH,Switzerland,2.7075158443151643,1.0614031466929674,3.4846715328467153,0.6364754134238925,qwen
cptppola,efficacy,CY,Cyprus,2.0561790016847135,1.0973285271190274,3.4583941605839414,0.6579076278243604,qwen
cptppola,efficacy,DE,Germany,2.5743790612120034,1.0734208741676388,3.4137426900584797,0.628636790847779,qwen
cptppola,efficacy,EE,Estonia,1.877113993648144,0.9196848483145372,3.5321637426900585,0.6954068062296629,qwen
cptppola,efficacy,ES,Spain,2.214110323875781,1.1775444561554924,3.4948905109489052,0.6723791623738956,qwen
cptppola,efficacy,FI,Finland,2.2865465020469147,0.9576168280041062,3.576642335766423,0.6723728138738518,qwen
cptppola,efficacy,FR,France,2.180147948320813,0.9874977948773156,3.386861313868613,0.6583713644631386,qwen
cptppola,efficacy,GB,United Kingdom,2.3165698562125576,1.0783771745967745,3.4204379562043794,0.6316620013403824,qwen
cptppola,efficacy,GR,Greece,2.315689573550337,1.0390720058075422,3.425438596491228,0.6900223524516773,qwen
cptppola,efficacy,HR,Croatia,1.8203510539105203,0.9374764043066067,3.4364963503649637,0.6403667526016149,qwen
cptppola,efficacy,HU,Hungary,1.9002890329608977,0.9599319264575873,3.3576642335766422,0.6038040506161996,qwen
cptppola,efficacy,IE,Ireland,2.249292472554973,1.1144628393846572,3.489051094890511,0.6723093255762859,qwen
cptppola,efficacy,IL,Israel,2.110375003285951,1.1794141012883828,3.5197080291970804,0.6454790387628566,qwen
cptppola,efficacy,IS,Iceland,2.7486483449941344,1.0369140807170711,3.71303074670571,0.7442388959493248,qwen
cptppola,efficacy,IT,Italy,2.0131524448099043,0.8602533569512344,3.435036496350365,0.6356365369813171,qwen
cptppola,efficacy,LT,Lithuania,1.9640952699623115,0.9666747400226601,3.4005847953216373,0.6717906907544134,qwen
cptppola,efficacy,LV,Latvia,1.6006501763635819,0.8271079292850201,3.404970760233918,0.6658618732761897,qwen
cptppola,efficacy,ME,Montenegro,2.160782232706074,1.0329913248927622,3.3854014598540147,0.6378119745741266,qwen
cptppola,efficacy,NL,Netherlands,2.101668153905468,1.0765970118124921,3.473684210526316,0.6956530115148524,qwen
cptppola,efficacy,NO,Norway,2.6187482792528947,1.0727982194528864,3.6627737226277373,0.7225490229296282,qwen
cptppola,efficacy,PL,Poland,1.9300081759179204,0.9226357826378481,3.375730994152047,0.5982369589123305,qwen
cptppola,efficacy,PT,Portugal,1.7280164727772018,0.9490430688999286,3.435036496350365,0.7457081136552909,qwen
cptppola,efficacy,RS,Serbia,1.8995170692372243,1.1386062417072487,3.358187134502924,0.6750566941613426,qwen
cptppola,efficacy,SE,Sweden,2.6529324090450634,1.057827280494317,3.6023391812865495,0.6581355462461445,qwen
cptppola,efficacy,SI,Slovenia,1.9722416237706597,0.9637675445306043,3.396778916544656,0.6424304492592808,qwen
cptppola,efficacy,SK,Slovakia,1.621899790036209,0.8634200998321819,3.3167883211678832,0.5852186754615915,qwen
cptppola,efficacy,UA,Ukraine,1.7252724626659504,1.0353239048795415,3.3985401459854017,0.6646884467234111,qwen
trstprl,inst_trust,AT,Austria,5.242175927592053,2.4357773830496763,7.0382916053019144,0.857901344678286,qwen
trstprl,inst_trust,BE,Belgium,4.628179646810118,2.363716331922886,7.152941176470589,0.675245133743058,qwen
trstprl,inst_trust,BG,Bulgaria,2.4551554799166544,2.142437615449954,6.346326836581709,1.3392316052187743,qwen
trstprl,inst_trust,CH,Switzerland,6.496425585697865,1.876302887388109,7.3766519823788546,0.5458921011139146,qwen
trstprl,inst_trust,CY,Cyprus,3.8560576559990563,2.4132199456623815,6.980797636632201,0.9716775962222878,qwen
trstprl,inst_trust,DE,Germany,4.800677929707122,2.7016964652482187,7.12240356083086,0.7466136589745669,qwen
trstprl,inst_trust,EE,Estonia,4.665463052878149,2.5884915895988727,7.113737075332349,0.7828054588399717,qwen
trstprl,inst_trust,ES,Spain,4.285837270813649,2.644755321087217,7.020740740740741,0.7942762878299628,qwen
trstprl,inst_trust,FI,Finland,6.529776970284798,2.021074645456615,7.136363636363637,0.7213120100800551,qwen
trstprl,inst_trust,FR,France,4.252820714733623,2.5048193897715083,7.040680473372781,0.6929606765415774,qwen
trstprl,inst_trust,GB,United Kingdom,3.8178911865183927,2.554935518140703,6.910635155096012,0.9293404695843508,qwen
trstprl,inst_trust,GR,Greece,3.1793160783535845,2.134711582927409,6.661481481481482,1.139979253363276,qwen
trstprl,inst_trust,HR,Croatia,2.9156645471949654,2.495127922675425,6.76044776119403,1.0678071250513252,qwen
trstprl,inst_trust,HU,Hungary,4.585530523962645,2.91040181403758,6.564349112426036,1.1674288390459815,qwen
trstprl,inst_trust,IE,Ireland,4.970725946358056,2.320439923925165,7.06973293768546,0.6956909955297637,qwen
trstprl,inst_trust,IL,Israel,3.8246940387324297,2.716653532252178,6.5861561119293075,1.1564299321543439,qwen
trstprl,inst_trust,IS,Iceland,5.359657982892509,2.2975318085254752,7.385355029585799,0.6980024565306443,qwen
trstprl,inst_trust,IT,Italy,4.445538313930969,2.391832372995066,6.919354838709677,0.9433782797745635,qwen
trstprl,inst_trust,LT,Lithuania,3.7015054407031442,2.5598784163179604,6.701780415430267,0.9575366670778922,qwen
trstprl,inst_trust,LV,Latvia,3.085455968220223,2.4264638758674892,6.8216939078751855,0.9422327119927115,qwen
trstprl,inst_trust,ME,Montenegro,4.129466068560609,2.4463912606990545,6.878698224852071,0.8110836413350282,qwen
trstprl,inst_trust,NL,Netherlands,5.233150010344147,2.1241407487756607,7.206360946745562,0.7002249881065943,qwen
trstprl,inst_trust,NO,Norway,6.3778614703226735,2.448114306931588,7.452205882352941,0.5662275899475201,qwen
trstprl,inst_trust,PL,Poland,3.925013781281735,2.6525205010712836,6.542035398230088,1.1251469565270318,qwen
trstprl,inst_trust,PT,Portugal,4.406812631092893,2.6392617809490924,7.074780058651027,0.8067139496058623,qwen
trstprl,inst_trust,RS,Serbia,4.139536965942952,3.11180706192086,6.255223880597015,1.3453439146761763,qwen
trstprl,inst_trust,SE,Sweden,6.243150550294175,2.1840669503513883,7.232937685459941,0.6408908911026506,qwen
trstprl,inst_trust,SI,Slovenia,4.143335995733991,2.44690284252444,6.9098966026587885,0.9198691802750009,qwen
trstprl,inst_trust,SK,Slovakia,4.244871028022013,2.6559370223511354,6.384955752212389,1.240935553033961,qwen
trstprl,inst_trust,UA,Ukraine,2.154783571969598,2.560212225230448,4.880239520958084,1.5994841567615181,qwen
trstplt,inst_trust,AT,Austria,3.759807007815198,2.5517147541887493,6.341317365269461,1.369062560634239,qwen
trstplt,inst_trust,BE,Belgium,4.0912119142117565,2.3030896924496074,6.116138763197586,1.4417476990949551,qwen
trstplt,inst_trust,BG,Bulgaria,2.1475325125405034,2.043033768354063,4.7771739130434785,1.7690419055641096,qwen
trstplt,inst_trust,CH,Switzerland,5.589920851708134,1.9233925096008715,6.743323442136498,1.2043105809829457,qwen
trstplt,inst_trust,CY,Cyprus,2.6828211384739284,2.2422617403612857,5.3408071748878925,1.7459516750714985,qwen
trstplt,inst_trust,DE,Germany,3.8328900242318618,2.416750373184652,6.512743628185907,1.293400712905623,qwen
trstplt,inst_trust,EE,Estonia,3.568793977242785,2.3163644674991177,6.499251497005988,1.250337061451485,qwen
trstplt,inst_trust,ES,Spain,2.703188652290895,2.356131769882449,5.980392156862745,1.589830359206987,qwen
trstplt,inst_trust,FI,Finland,5.356354939762621,2.0401590612951246,6.511851851851852,1.2364429125286824,qwen
trstplt,inst_trust,FR,France,3.870814232958948,2.173635778622873,5.545045045045045,1.6546351612258472,qwen
trstplt,inst_trust,GB,United Kingdom,3.0158032274748607,2.323845033474665,5.312781954887218,1.7745444661446177,qwen
trstplt,inst_trust,GR,Greece,2.6916226846109907,1.9888520315402693,5.375,1.704012211485854,qwen
trstplt,inst_trust,HR,Croatia,2.0635325844053702,2.1869972012597643,5.7477203647416415,1.7228527458217546,qwen
trstplt,inst_trust,HU,Hungary,4.097236675778126,2.7014218276436006,5.246596066565809,1.6845127166783784,qwen
trstplt,inst_trust,IE,Ireland,4.236359300463853,2.3611316025918088,5.15990990990991,1.7197305238258516,qwen
trstplt,inst_trust,IL,Israel,3.2341115093976076,2.4973458568954587,5.794161676646707,1.6331219495669345,qwen
trstplt,inst_trust,IS,Iceland,4.523770015731723,2.220347967941023,6.608108108108108,1.4151257104105581,qwen
trstplt,inst_trust,IT,Italy,3.3494548812045486,2.3317383487922063,5.626854599406528,1.6062674108541137,qwen
trstplt,inst_trust,LT,Lithuania,3.400487282096519,2.327756603157886,5.414264036418817,1.6204927756561878,qwen
trstplt,inst_trust,LV,Latvia,2.6659860661685597,2.240002528040905,5.5068285280728375,1.6689181066920231,qwen
trstplt,inst_trust,ME,Montenegro,3.465533384712255,2.179659795186121,5.941842900302115,1.5980372566427237,qwen
trstplt,inst_trust,NL,Netherlands,4.811463308692996,2.0572352003160677,6.400746268656716,1.3964773249436317,qwen
trstplt,inst_trust,NO,Norway,5.179298822506107,2.121172112973884,7.026785714285714,1.04447867553178,qwen
trstplt,inst_trust,PL,Poland,2.8747644511024646,2.3577784249730933,5.5474006116207955,1.5896056803654677,qwen
trstplt,inst_trust,PT,Portugal,2.8960445194558364,2.364964383248404,5.861194029850746,1.6366920614459455,qwen
trstplt,inst_trust,RS,Serbia,2.807561355103738,2.856745406722904,5.009803921568627,1.758529612073817,qwen
trstplt,inst_trust,SE,Sweden,4.848564291664028,2.0135710530862836,6.751588502269289,1.1525011221138408,qwen
trstplt,inst_trust,SI,Slovenia,3.1784893447640648,2.269207551701215,5.862670713201821,1.6138749172560662,qwen
trstplt,inst_trust,SK,Slovakia,3.9693729450476685,2.584523458368587,5.196536144578313,1.7505017738437345,qwen
trstplt,inst_trust,UA,Ukraine,1.962396981919774,2.3376603746548095,4.080123266563945,1.6570712627907984,qwen
trstlgl,inst_trust,AT,Austria,6.5286971443572615,2.377865984466505,7.523617339312407,0.7653292176804862,qwen
trstlgl,inst_trust,BE,Belgium,5.266169731715172,2.4785467994055304,7.482222222222222,0.7432052911858784,qwen
trstlgl,inst_trust,BG,Bulgaria,3.875565887842884,2.91515080536421,7.0201492537313435,1.1218565017750388,qwen
trstlgl,inst_trust,CH,Switzerland,6.9523468665135075,1.982959865644012,7.750441176470589,0.6190874890254474,qwen
trstlgl,inst_trust,CY,Cyprus,4.2943830474763836,2.632961859588091,7.466617210682492,0.8058099643977287,qwen
trstlgl,inst_trust,DE,Germany,6.025063268339777,2.3793754390666955,7.610074074074074,0.6284684132346462,qwen
trstlgl,inst_trust,EE,Estonia,6.267710745689831,2.4762551301101157,7.634763313609468,0.6027751403487749,qwen
trstlgl,inst_trust,ES,Spain,5.272403732506698,2.624309538411468,7.441089837997055,0.771107690331462,qwen
trstlgl,inst_trust,FI,Finland,7.3772855276226155,1.9124758052898003,7.681029411764706,0.6754099605016697,qwen
trstlgl,inst_trust,FR,France,5.277578722328512,2.5140756806538884,7.436,0.7402934697570857,qwen
trstlgl,inst_trust,GB,United Kingdom,5.6163780941442445,2.521011371523573,7.366071428571429,0.8243196432058412,qwen
trstlgl,inst_trust,GR,Greece,5.246702680608762,2.5025338591575808,7.366218236173393,0.781309100411295,qwen
trstlgl,inst_trust,HR,Croatia,3.1060360867847785,2.470375641568366,7.392857142857143,0.9795112031759081,qwen
trstlgl,inst_trust,HU,Hungary,5.413927522391459,2.801304195804185,7.192537313432836,0.9797369209796011,qwen
trstlgl,inst_trust,IE,Ireland,5.69203320764676,2.396033627315256,7.504123711340206,0.9720492400521233,qwen
trstlgl,inst_trust,IL,Israel,4.48102706718821,2.8574560576316346,7.4413533834586465,0.8388287714208331,qwen
trstlgl,inst_trust,IS,Iceland,5.826511704694114,2.290303931244154,7.683035714285714,0.7165143802763886,qwen
trstlgl,inst_trust,IT,Italy,5.530528680908423,2.3101433585918305,7.52179675994109,0.7868924429327357,qwen
trstlgl,inst_trust,LT,Lithuania,5.333041524038505,2.53083676667906,7.381831610044313,0.8888248747607201,qwen
trstlgl,inst_trust,LV,Latvia,4.138967022176612,2.66581072788196,7.388199697428139,0.7802174887539268,qwen
trstlgl,inst_trust,ME,Montenegro,4.23413572231689,2.1759236559663613,7.455869242199109,0.8064835085379126,qwen
trstlgl,inst_trust,NL,Netherlands,6.388762659695479,2.0597908065345725,7.592762186115214,0.7748014965404801,qwen
trstlgl,inst_trust,NO,Norway,7.3011783937619,2.191185770067164,7.742268041237113,0.5597050782828374,qwen
trstlgl,inst_trust,PL,Poland,4.021643146743594,2.525457601316737,7.256637168141593,0.8192163391046806,qwen
trstlgl,inst_trust,PT,Portugal,4.435887011208429,2.4930759270446927,7.482352941176471,0.9018784482054297,qwen
trstlgl,inst_trust,RS,Serbia,4.272382534026924,3.0329847425670975,7.090814814814815,1.0012033204104784,qwen
trstlgl,inst_trust,SE,Sweden,6.422212816009448,2.215417878073363,7.696587537091988,0.6412077100228415,qwen
trstlgl,inst_trust,SI,Slovenia,4.782517309791612,2.5380693623732102,7.467994100294986,0.8172760463018542,qwen
trstlgl,inst_trust,SK,Slovakia,5.15859064611645,2.6736842426754746,7.293768545994065,0.8673830668656455,qwen
trstlgl,inst_trust,UA,Ukraine,2.62570472401749,2.7208794816359383,5.828767123287672,1.43028347723762,qwen
trstprt,inst_trust,AT,Austria,3.6963347780733735,2.4576851742054227,6.897473997028232,1.100544850043272,qwen
trstprt,inst_trust,BE,Belgium,3.901528783790737,2.198950818680616,6.961654135338346,0.9676796402847267,qwen
trstprt,inst_trust,BG,Bulgaria,2.2674519398970117,2.1398152506421457,6.154833836858006,1.5659382747625126,qwen
trstprt,inst_trust,CH,Switzerland,5.365733608710456,1.8908503187585053,7.1866666666666665,0.9316237699118075,qwen
trstprt,inst_trust,CY,Cyprus,2.482863307998946,2.1835126229241606,6.736998514115899,1.2770575933465096,qwen
trstprt,inst_trust,DE,Germany,3.887155565743618,2.2491886771250265,6.959701492537313,1.0264891769237343,qwen
trstprt,inst_trust,EE,Estonia,3.6893980783220424,2.206886268768,7.116417910447761,0.900439523125119,qwen
trstprt,inst_trust,ES,Spain,2.6973428924841145,2.389649147738557,6.7429420505200595,1.1342404729623732,qwen
trstprt,inst_trust,FI,Finland,5.434923773302382,1.9347737916257004,7.1454948301329395,0.8957648208365749,qwen
trstprt,inst_trust,FR,France,3.47647353131399,2.0911343205670136,6.66965620328849,1.193479051720784,qwen
trstprt,inst_trust,GB,United Kingdom,3.1850148949940458,2.348263095051111,6.593796159527327,1.230044223882671,qwen
trstprt,inst_trust,GR,Greece,2.822445362838009,2.0601598484600308,6.5787106446776615,1.2643279091254087,qwen
trstprt,inst_trust,HR,Croatia,2.1587417100304584,2.2333583748636854,6.718424962852898,1.3183071816121665,qwen
trstprt,inst_trust,HU,Hungary,4.075109341052381,2.6270031356835526,6.410714285714286,1.4060985210445045,qwen
trstprt,inst_trust,IE,Ireland,4.1739986092793675,2.2933948015392263,6.729508196721311,1.1603883406222748,qwen
trstprt,inst_trust,IL,Israel,3.3813375609355893,2.3700459503345623,6.918918918918919,1.1152541917486636,qwen
trstprt,inst_trust,IS,Iceland,4.525464685011454,2.1950486298837695,7.240444444444445,1.0232213827035481,qwen
trstprt,inst_trust,IT,Italy,3.3610208793207383,2.3497735806666395,6.680029806259315,1.2865506350018618,qwen
trstprt,inst_trust,LT,Lithuania,3.2821173428708135,2.2763117265865733,6.6568627450980395,1.3158264346820834,qwen
trstprt,inst_trust,LV,Latvia,2.525386270481844,2.2211609129739815,6.6072507552870094,1.3077131801488355,qwen
trstprt,inst_trust,ME,Montenegro,3.711090386615508,2.31307033299726,6.847181008902077,1.0265854218746333,qwen
trstprt,inst_trust,NL,Netherlands,4.98058333512499,1.96243459082431,7.047999999999999,0.9456795399525499,qwen
trstprt,inst_trust,NO,Norway,5.3671595304269255,2.048502318553941,7.297747747747748,0.8852565335867777,qwen
trstprt,inst_trust,PL,Poland,2.91436556509795,2.379831825361464,6.544494720965309,1.3174046430585213,qwen
trstprt,inst_trust,PT,Portugal,2.902951409350657,2.3264527645400332,6.638438880706922,1.335904643726164,qwen
trstprt,inst_trust,RS,Serbia,2.7175046698677487,2.7055050189578025,6.200892857142857,1.4556941304133886,qwen
trstprt,inst_trust,SE,Sweden,4.999524367908062,1.9794609607411369,7.217159763313609,0.8433275772711444,qwen
trstprt,inst_trust,SI,Slovenia,3.164576009060389,2.239666440421617,6.7907324364723465,1.2457728171041147,qwen
trstprt,inst_trust,SK,Slovakia,3.9660866445286804,2.5627466267439947,6.443870014771049,1.3466301687847382,qwen
trstprt,inst_trust,UA,Ukraine,1.91796145354318,2.3487551677241822,5.371621621621622,1.745143055363135,qwen
trstplc,inst_trust,AT,Austria,7.048198702400107,2.3299292139289602,7.7295522388059705,0.5599151997394919,qwen
trstplc,inst_trust,BE,Belgium,6.481846683689832,2.1348624084842096,7.702702702702703,0.7214596056670297,qwen
trstplc,inst_trust,BG,Bulgaria,5.184958703759927,2.8147241541045096,7.352631578947369,0.9752647885247412,qwen
trstplc,inst_trust,CH,Switzerland,7.32249972900217,1.9502362133668902,7.786558345642541,0.7337063253186821,qwen
trstplc,inst_trust,CY,Cyprus,5.093593287394825,2.602201706540397,7.617474302496329,0.8433145876978302,qwen
trstplc,inst_trust,DE,Germany,7.004467206225458,2.112825816430906,7.713432835820895,0.5714679710793288,qwen
trstplc,inst_trust,EE,Estonia,7.451618857814621,2.145865473139831,7.707280832095097,0.6516169493610067,qwen
trstplc,inst_trust,ES,Spain,6.882325569432233,2.402605682884896,7.634074074074074,0.6158349333449963,qwen
trstplc,inst_trust,FI,Finland,8.36650961396084,1.4188422090457942,7.7414307004470935,0.7143395096981388,qwen
trstplc,inst_trust,FR,France,6.521489045769595,2.2468552023670956,7.582212257100149,0.6855854679916975,qwen
trstplc,inst_trust,GB,United Kingdom,5.84353719624166,2.528930687537436,7.4,0.9123290051565015,qwen
trstplc,inst_trust,GR,Greece,5.851565485960466,2.389356055870539,7.528443113772455,0.8107778307970864,qwen
trstplc,inst_trust,HR,Croatia,5.391691659108795,2.572495577309672,7.61136023916293,0.8083153751983063,qwen
trstplc,inst_trust,HU,Hungary,6.323114992395225,2.5514012895441174,7.492559523809524,0.8802881908699944,qwen
trstplc,inst_trust,IE,Ireland,6.34225194768484,2.417847478632362,7.709388971684054,0.561621917597556,qwen
trstplc,inst_trust,IL,Israel,4.731499091666773,2.803993866551745,7.658170914542729,0.6970152674487625,qwen
trstplc,inst_trust,IS,Iceland,6.880903752638397,2.286741214103045,7.8316023738872405,0.5892005683229085,qwen
trstplc,inst_trust,IT,Italy,6.735453139431022,2.03696389366766,7.652694610778443,0.7953435979697595,qwen
trstplc,inst_trust,LT,Lithuania,6.840907731460925,2.3620641004973,7.540118870728083,0.8393385917274437,qwen
trstplc,inst_trust,LV,Latvia,5.345565623059908,2.565313030311234,7.522526636225266,0.6777232844460073,qwen
trstplc,inst_trust,ME,Montenegro,5.33831741989394,2.289400230773549,7.652238805970149,0.6305283354064595,qwen
trstplc,inst_trust,NL,Netherlands,7.031936952279682,1.6731356506046635,7.714925373134329,0.7034516080201207,qwen
trstplc,inst_trust,NO,Norway,7.497281115481987,2.131882331185733,7.887801204819277,0.46748128064253625,qwen
trstplc,inst_trust,PL,Poland,5.144209820314441,2.6126205890611636,7.512121212121212,0.7647418463160457,qwen
trstplc,inst_trust,PT,Portugal,6.35140123530796,2.37199949180341,7.674778761061947,0.665169225604673,qwen
trstplc,inst_trust,RS,Serbia,5.298439353393637,3.0755522567357465,7.3727409638554215,0.8329531061183046,qwen
trstplc,inst_trust,SE,Sweden,7.010517082776527,2.0695476008677933,7.779017857142857,0.607864689755652,qwen
trstplc,inst_trust,SI,Slovenia,6.298202965670212,2.39963246963771,7.671921921921922,0.6174954749338811,qwen
trstplc,inst_trust,SK,Slovakia,5.715810942457989,2.5968965560218478,7.49103139013453,0.8059901006999763,qwen
trstplc,inst_trust,UA,Ukraine,3.346869383787289,2.882555307976165,6.542617960426179,1.4344448961970313,qwen
trstep,inst_trust,AT,Austria,4.441713049182769,2.7027869412924757,6.991479820627803,0.8179694398065571,qwen
trstep,inst_trust,BE,Belgium,4.644375709423029,2.482058348908749,7.038461538461538,0.7478363853539485,qwen
trstep,inst_trust,BG,Bulgaria,4.590907637406625,2.8154598161996414,6.845632530120482,1.0119402792230137,qwen
trstep,inst_trust,CH,Switzerland,4.9804047024318026,2.142752152560394,7.023774145616642,0.7609514072212396,qwen
trstep,inst_trust,CY,Cyprus,4.494442682400129,2.6253215046817244,7.027861445783133,0.860771132802665,qwen
trstep,inst_trust,DE,Germany,4.6553069483283815,2.6988466506724818,7.00983358547655,0.8386371354713067,qwen
trstep,inst_trust,EE,Estonia,4.867659024996451,2.5389822170035377,7.0967016491754125,0.7372670331164952,qwen
trstep,inst_trust,ES,Spain,4.617834338361529,2.58207626029311,7.091044776119403,0.6751474053263173,qwen
trstep,inst_trust,FI,Finland,5.884698971541353,2.0478526383413707,7.080476900149031,0.6225300417038598,qwen
trstep,inst_trust,FR,France,4.358218524618483,2.5065079834216193,7.00975975975976,0.7546214123866507,qwen
trstep,inst_trust,GB,United Kingdom,3.9659348201020137,2.634761088291623,6.918236173393124,0.8708670731567983,qwen
trstep,inst_trust,GR,Greece,4.325553876401601,2.3648784897283908,7.012102874432678,0.7213236748826913,qwen
trstep,inst_trust,HR,Croatia,4.181384694167215,2.639162523655762,6.973880597014926,0.8538954179668345,qwen
trstep,inst_trust,HU,Hungary,4.842041979022309,2.559677185813506,6.851656626506024,0.7889108685638861,qwen
trstep,inst_trust,IE,Ireland,5.190912190718104,2.301815167988883,7.030257186081695,0.731224436256983,qwen
trstep,inst_trust,IL,Israel,2.7966407305118883,2.5564369022191045,6.915545590433482,0.8374454364739804,qwen
trstep,inst_trust,IS,Iceland,5.5923851198663295,2.243165922829671,7.089529590288316,0.8430997898126003,qwen
trstep,inst_trust,IT,Italy,4.647829420068639,2.3531593011282976,7.0788690476190474,0.6095611043241717,qwen
trstep,inst_trust,LT,Lithuania,5.023996321399762,2.632139279336537,6.935993975903615,0.8279886621806508,qwen
trstep,inst_trust,LV,Latvia,4.251592920932756,2.6260011177629847,7.001506024096385,0.7291583755366452,qwen
trstep,inst_trust,ME,Montenegro,5.54537932736838,2.362639500661553,7.013533834586466,0.7433218702853162,qwen
trstep,inst_trust,NL,Netherlands,5.1357615968982495,2.242656739308697,7.075958702064897,0.7426032365788194,qwen
trstep,inst_trust,NO,Norway,5.627393518801301,2.178716230468213,7.13984962406015,0.7872228762371514,qwen
trstep,inst_trust,PL,Poland,3.957651671025209,2.697137928277827,6.908814589665654,0.7407767483102086,qwen
trstep,inst_trust,PT,Portugal,4.892394298430099,2.617896802698862,7.059523809523809,0.7736524245085192,qwen
trstep,inst_trust,RS,Serbia,2.7730792127220054,2.825146464333168,6.868618618618618,0.8274011574696697,qwen
trstep,inst_trust,SE,Sweden,5.2806213736007015,2.1710305492664226,7.08939393939394,0.6811194899568102,qwen
trstep,inst_trust,SI,Slovenia,4.528745064461624,2.5517164807944748,7.004511278195489,0.7554884183421456,qwen
trstep,inst_trust,SK,Slovakia,4.626454297072137,2.9537924517663043,6.791981845688351,0.8787452347231872,qwen
trstep,inst_trust,UA,Ukraine,4.195768145519062,3.0947491383522934,6.342424242424243,1.2917457815710323,qwen
trstun,inst_trust,AT,Austria,4.9381208805276975,2.66672198274972,7.171898355754858,0.8748239250458469,qwen
trstun,inst_trust,BE,Belgium,5.238178968574235,2.396333746412237,7.234186746987952,0.8604200812418219,qwen
trstun,inst_trust,BG,Bulgaria,4.799013115669446,2.799354120493202,7.083333333333333,0.9949925207446967,qwen
trstun,inst_trust,CH,Switzerland,5.327174304085703,2.2798633759460833,7.305803571428571,0.7247049515992504,qwen
trstun,inst_trust,CY,Cyprus,4.104515544764862,2.5993390491532526,7.2833583208395805,0.8431362848536503,qwen
trstun,inst_trust,DE,Germany,4.795974606838823,2.5178768647535934,7.273264401772526,0.7012732351961604,qwen
trstun,inst_trust,EE,Estonia,4.795070493223868,2.662819868529023,7.3343373493975905,0.7803942891297883,qwen
trstun,inst_trust,ES,Spain,4.869911326639016,2.6935501723222925,7.205052005943537,0.8033623752219851,qwen
trstun,inst_trust,FI,Finland,6.488996062898592,2.117560252132273,7.289085545722714,0.8092333051439079,qwen
trstun,inst_trust,FR,France,5.187570945898971,2.439297260904272,7.251497005988024,0.7445438749329472,qwen
trstun,inst_trust,GB,United Kingdom,5.068956337890133,2.6334564888091543,7.0292792792792795,0.889943019257353,qwen
trstun,inst_trust,GR,Greece,4.380066069687555,2.3779031168488247,7.248114630467572,0.7404325747265174,qwen
trstun,inst_trust,HR,Croatia,4.641931114635581,2.8824633999834313,7.219548872180451,0.869449577181752,qwen
trstun,inst_trust,HU,Hungary,5.431164439172593,2.492506117115492,7.096870342771982,0.9640581419574029,qwen
trstun,inst_trust,IE,Ireland,5.348305834138985,2.419858286145188,7.258333333333334,0.8228564986679641,qwen
trstun,inst_trust,IL,Israel,2.158735877721266,2.499463206769922,7.04954954954955,0.9820684514868664,qwen
trstun,inst_trust,IS,Iceland,6.129719684805683,2.275120220593933,7.423308270676691,0.8538438263676041,qwen
trstun,inst_trust,IT,Italy,4.959247795419568,2.407398237329906,7.330827067669173,0.78887028908508,qwen
trstun,inst_trust,LT,Lithuania,5.113734704134614,2.6384547194832537,7.145427286356822,0.8408610926974174,qwen
trstun,inst_trust,LV,Latvia,3.944849335449868,2.8572210133988953,7.080495356037152,1.0190543126970526,qwen
trstun,inst_trust,ME,Montenegro,5.477883219043625,2.3384144117845906,7.324734446130501,0.8402008268110494,qwen
trstun,inst_trust,NL,Netherlands,5.837135196439165,2.0616843339052084,7.3283582089552235,0.7696224241015178,qwen
trstun,inst_trust,NO,Norway,7.004010109627948,2.20650915385233,7.355421686746988,0.761161771719102,qwen
trstun,inst_trust,PL,Poland,4.925437491650594,2.585202291044782,7.142537313432836,0.772894397525757,qwen
trstun,inst_trust,PT,Portugal,5.468309186576956,2.6214498499165084,7.268148148148148,0.851308283786374,qwen
trstun,inst_trust,RS,Serbia,2.8935428453296557,2.870760992698354,7.113808801213961,0.9520928314718318,qwen
trstun,inst_trust,SE,Sweden,6.378675272276728,2.1906130537695097,7.375753012048193,0.8039304123082116,qwen
trstun,inst_trust,SI,Slovenia,4.75708153743771,2.593813931582263,7.237237237237237,0.813898551359158,qwen
trstun,inst_trust,SK,Slovakia,5.006831482621015,3.0015706587559183,7.04647676161919,0.9376662778586746,qwen
trstun,inst_trust,UA,Ukraine,3.6013180121383064,3.107175118929105,6.467473524962179,1.3487090801985917,qwen
happy,wellbeing,AT,Austria,7.76090373708049,1.6476809008987041,7.535179640718563,0.8213084949291278,qwen
happy,wellbeing,BE,Belgium,7.693888917247725,1.5948426862606622,7.503692762186115,0.8366960665810207,qwen
happy,wellbeing,BG,Bulgaria,6.2599013533973995,2.1058326813703254,7.371234939759036,0.8453051849661251,qwen
happy,wellbeing,CH,Switzerland,8.143443693353284,1.4784609167560088,7.747407407407407,0.4478484054979616,qwen
happy,wellbeing,CY,Cyprus,6.987720510210006,2.0375544046536445,7.581737849779087,0.8459634759032635,qwen
happy,wellbeing,DE,Germany,7.770826781915745,1.6481961735890556,7.456973293768546,0.8681693481782956,qwen
happy,wellbeing,EE,Estonia,7.392975022060044,1.8125399321856848,7.541853512705531,0.9356768513360345,qwen
happy,wellbeing,ES,Spain,7.9068639433129615,1.5083333876993539,7.532738095238095,0.7276524140175559,qwen
happy,wellbeing,FI,Finland,8.056294696497618,1.4941446726890395,7.594674556213017,0.8785011042825892,qwen
happy,wellbeing,FR,France,7.484937725116078,1.5824931766151542,7.571214392803598,0.7820886376555368,qwen
happy,wellbeing,GB,United Kingdom,7.58670240724883,1.8928609716961053,7.458020989505247,0.80755124950668,qwen
happy,wellbeing,GR,Greece,6.842498028815976,1.5533308312932954,7.493233082706767,0.7685649560544446,qwen
happy,wellbeing,HR,Croatia,7.57452763307812,1.8953856307718508,7.501501501501502,0.772164712743832,qwen
happy,wellbeing,HU,Hungary,7.213928510077665,1.949751769688737,7.287425149700598,1.0294132848524504,qwen
happy,wellbeing,IE,Ireland,7.656938166322823,1.5969945819593403,7.4933135215453195,0.8488612039210255,qwen
happy,wellbeing,IL,Israel,7.378506798276478,1.9589332675006683,7.61044776119403,0.6513489115607646,qwen
happy,wellbeing,IS,Iceland,7.795136804185614,1.6901819986040958,7.6600910470409715,0.8305163685962782,qwen
happy,wellbeing,IT,Italy,6.866632272435569,1.7736600966317824,7.584281437125749,0.7705650831442145,qwen
happy,wellbeing,LT,Lithuania,7.462256314361242,1.9640572400944816,7.484567901234568,0.6600146115805023,qwen
happy,wellbeing,LV,Latvia,6.942492161894379,2.010490673099773,7.42579185520362,0.8303977128124429,qwen
happy,wellbeing,ME,Montenegro,6.598538405658492,1.9929676150976603,7.536036036036036,0.7848520143401155,qwen
happy,wellbeing,NL,Netherlands,7.967482570449453,1.2594481552897474,7.655786350148368,0.6023017183540783,qwen
happy,wellbeing,NO,Norway,7.874301227891386,1.6412667294737115,7.641802067946824,0.9169564732214389,qwen
happy,wellbeing,PL,Poland,7.580291683668927,1.9297359190706487,7.4329359165424735,0.8625561770538475,qwen
happy,wellbeing,PT,Portugal,7.18890332891691,1.9345513767482962,7.543446244477172,0.6408746049534364,qwen
happy,wellbeing,RS,Serbia,7.293745610623994,2.1956271452212994,7.332835820895522,0.9539294956761346,qwen
happy,wellbeing,SE,Sweden,7.653675579018058,1.651322113708472,7.625,0.8912557493392418,qwen
happy,wellbeing,SI,Slovenia,7.741530514531192,1.7814239483325474,7.524849397590361,0.9819947569997003,qwen
happy,wellbeing,SK,Slovakia,6.821599780133437,2.1340105043999387,7.356296296296296,0.8496471084009852,qwen
happy,wellbeing,UA,Ukraine,6.148338386295668,2.6702456732390303,7.308801213960546,0.9162572150505899,qwen
stflife,wellbeing,AT,Austria,7.78814385622568,1.663509124198267,7.6903988183161,0.6584988220922088,qwen
stflife,wellbeing,BE,Belgium,7.309428021722151,1.8917094461027428,7.73426883308715,0.6972313835292229,qwen
stflife,wellbeing,BG,Bulgaria,6.042474309791918,2.2120628343463418,7.559587020648967,0.6875262147447709,qwen
stflife,wellbeing,CH,Switzerland,8.117545251532318,1.5615082032326784,7.850884955752212,0.6103422642316829,qwen
stflife,wellbeing,CY,Cyprus,6.3500031076829355,2.4105596498933695,7.751911764705882,0.6343592487030858,qwen
stflife,wellbeing,DE,Germany,7.5174226887125135,1.8370147717535326,7.678338278931751,0.7435944776624618,qwen
stflife,wellbeing,EE,Estonia,6.995530555906337,2.0155902024685055,7.7730486008836515,0.5556053720878492,qwen
stflife,wellbeing,ES,Spain,7.498474456930226,1.8224070220472202,7.685819793205318,0.7195123574798624,qwen
stflife,wellbeing,FI,Finland,7.884236327112843,1.6106494607761095,7.806056129985229,0.6149579889762478,qwen
stflife,wellbeing,FR,France,6.770231955192009,2.2774602348290798,7.769791666666667,0.6331347163528213,qwen
stflife,wellbeing,GB,United Kingdom,7.076060810502419,2.0857563950905624,7.631044776119404,0.7537988184387765,qwen
stflife,wellbeing,GR,Greece,6.412675488700161,1.9600409763547444,7.731390134529148,0.6230608326319443,qwen
stflife,wellbeing,HR,Croatia,7.254634337219264,2.1096005755584524,7.6906389301634475,0.530934465482275,qwen
stflife,wellbeing,HU,Hungary,6.621330451773505,2.1411539701501248,7.569264705882354,0.731942794099028,qwen
stflife,wellbeing,IE,Ireland,7.264586614245971,1.746506935243767,7.764977645305515,0.5630765365975446,qwen
stflife,wellbeing,IL,Israel,7.100674068580728,2.0995398201582294,7.752225519287834,0.6961170822182999,qwen
stflife,wellbeing,IS,Iceland,7.616733195317123,1.8741151012792872,7.912259970457903,0.3617598386168562,qwen
stflife,wellbeing,IT,Italy,6.739670239629779,1.903152675906479,7.802658788774003,0.5508938596910264,qwen
stflife,wellbeing,LT,Lithuania,7.1356614539550485,2.0928346239824207,7.675338345864662,0.5342706277937833,qwen
stflife,wellbeing,LV,Latvia,6.395823933792753,2.2344529567249887,7.607451564828614,0.5869002078665643,qwen
stflife,wellbeing,ME,Montenegro,6.107432602015085,2.2377777283887044,7.690222222222221,0.5854256949541605,qwen
stflife,wellbeing,NL,Netherlands,7.911109433699263,1.2395781286526681,7.786558345642541,0.7906701533125371,qwen
stflife,wellbeing,NO,Norway,7.694714604104831,1.7955247906018192,7.871428571428571,0.477959209892552,qwen
stflife,wellbeing,PL,Poland,7.330899994057487,2.0169033095979096,7.5704918032786885,0.7431836896585557,qwen
stflife,wellbeing,PT,Portugal,6.56427821284171,2.0566130251835895,7.699115044247788,0.6784501725782197,qwen
stflife,wellbeing,RS,Serbia,6.842770538058628,2.31384027899869,7.510830860534125,0.607421822140131,qwen
stflife,wellbeing,SE,Sweden,7.761426256173515,1.765214803913871,7.816393442622951,0.6137962033934554,qwen
stflife,wellbeing,SI,Slovenia,7.542574813136172,1.9244888595960155,7.676696165191741,0.6232470832265585,qwen
stflife,wellbeing,SK,Slovakia,6.4957221910406595,2.193641926033914,7.511094674556213,0.7861455806569241,qwen
stflife,wellbeing,UA,Ukraine,5.135055056810102,2.8746660557095858,7.404833836858006,0.8675565455000739,qwen
stfeco,wellbeing,AT,Austria,5.54995975100486,2.122906575697393,6.723781388478582,0.8998250320106573,qwen
stfeco,wellbeing,BE,Belgium,4.98606815137708,2.140962305023091,6.726872246696035,0.812764199475598,qwen
stfeco,wellbeing,BG,Bulgaria,3.031413845159043,2.0478322235714828,5.96301775147929,1.249637247386132,qwen
stfeco,wellbeing,CH,Switzerland,6.845506079176042,1.794737285619912,6.87701317715959,0.82985804785608,qwen
stfeco,wellbeing,CY,Cyprus,3.621005068769763,2.2862779112800453,6.66813509544787,0.9322636363200774,qwen
stfeco,wellbeing,DE,Germany,4.603022073123684,2.2304373073135833,6.702503681885125,0.9168254706161334,qwen
stfeco,wellbeing,EE,Estonia,3.9325211402685727,2.2100479528054375,6.807467057101025,0.8449712535747708,qwen
stfeco,wellbeing,ES,Spain,4.237300941743682,2.24737885886348,6.483113069016153,1.0318856242861227,qwen
stfeco,wellbeing,FI,Finland,5.621461226119554,1.9579719138360596,6.816886930983848,0.831065758258357,qwen
stfeco,wellbeing,FR,France,3.660295890775978,2.2237287051207018,6.435935198821797,1.0818038996096024,qwen
stfeco,wellbeing,GB,United Kingdom,3.2607008909458353,2.1312607908213446,6.664212076583211,0.8769755224928352,qwen
stfeco,wellbeing,GR,Greece,3.469009875643056,2.0401583899106384,6.011816838995569,1.1053296552955558,qwen
stfeco,wellbeing,HR,Croatia,3.81438187157306,2.2290589463333133,6.491124260355029,1.1319905414878564,qwen
stfeco,wellbeing,HU,Hungary,4.222210680856891,2.5543458274354554,6.24519940915805,1.1391999282168843,qwen
stfeco,wellbeing,IE,Ireland,5.177761758303079,2.237107840768206,6.702503681885125,0.9546545991862636,qwen
stfeco,wellbeing,IL,Israel,4.637346340378427,2.4778551747260322,6.701624815361891,0.9418980370946185,qwen
stfeco,wellbeing,IS,Iceland,4.354133278700258,2.301638119156402,6.89766081871345,0.8015689750920225,qwen
stfeco,wellbeing,IT,Italy,4.1676646263709225,2.127827664975726,6.489766081871345,0.9550117187640785,qwen
stfeco,wellbeing,LT,Lithuania,4.544519559488827,2.4391149388673945,6.636229749631812,0.8851018208505427,qwen
stfeco,wellbeing,LV,Latvia,3.5572163109068264,2.1520775282363993,6.528189910979228,1.0202004229360924,qwen
stfeco,wellbeing,ME,Montenegro,4.329125358977915,2.4212189501351213,6.7562776957163955,0.8709528718705362,qwen
stfeco,wellbeing,NL,Netherlands,5.750090162399542,1.8883487420818466,6.824304538799415,0.749307152757077,qwen
stfeco,wellbeing,NO,Norway,5.638977511362683,2.2999889990969327,6.9985337243401755,0.6865591639801626,qwen
stfeco,wellbeing,PL,Poland,5.266828562831059,2.084401474654986,6.340675477239354,1.1561620645610644,qwen
stfeco,wellbeing,PT,Portugal,3.7597087439710393,2.2173779023902607,6.556047197640118,0.9687664471293975,qwen
stfeco,wellbeing,RS,Serbia,4.08009767411611,2.6670196884026667,6.048672566371682,1.2402612087947307,qwen
stfeco,wellbeing,SE,Sweden,4.727544972683704,2.003617018275472,6.941002949852507,0.6426957144557323,qwen
stfeco,wellbeing,SI,Slovenia,5.256003164705521,2.198909115847543,6.6573529411764705,0.9187646467582006,qwen
stfeco,wellbeing,SK,Slovakia,3.90539600420454,2.4802603822382823,6.458149779735683,0.9243895193128233,qwen
stfeco,wellbeing,UA,Ukraine,2.582621884597501,2.473376037105537,4.838235294117647,1.2740793449586576,qwen
stfgov,wellbeing,AT,Austria,4.039162360697896,2.542751952796585,7.120294117647059,0.7367883388223185,qwen
stfgov,wellbeing,BE,Belgium,4.327179766206084,2.2310383559273848,7.095716395864106,0.6747096433886695,qwen
stfgov,wellbeing,BG,Bulgaria,2.6719832241253285,2.1518931725478994,6.609955423476968,1.1635992617983204,qwen
stfgov,wellbeing,CH,Switzerland,6.603606802594606,1.7563173900139182,7.384536082474227,0.7955699881198509,qwen
stfgov,wellbeing,CY,Cyprus,3.9267792705867395,2.318596254151223,7.023935389133627,0.8863340337303475,qwen
stfgov,wellbeing,DE,Germany,3.8478023210079932,2.565662571285465,7.051911764705882,0.6777089477268152,qwen
stfgov,wellbeing,EE,Estonia,3.531555568247472,2.262874109890977,7.221323529411765,0.732116998970744,qwen
stfgov,wellbeing,ES,Spain,3.7614892720866218,2.6222085393506376,7.0143279172821265,0.6811613594711845,qwen
stfgov,wellbeing,FI,Finland,4.804454929568028,2.3543226465867253,7.227606461086637,0.7986394667436275,qwen
stfgov,wellbeing,FR,France,3.787785280082554,2.442793733642136,6.907851851851852,0.8822418715178537,qwen
stfgov,wellbeing,GB,United Kingdom,3.036843581975516,2.394408469716829,6.9874074074074075,0.7960799385055768,qwen
stfgov,wellbeing,GR,Greece,3.644471747398687,2.2863689257464532,6.7455489614243325,0.949396967348803,qwen
stfgov,wellbeing,HR,Croatia,3.4080005877444512,2.537664144424585,6.93219584569733,0.9370937258554738,qwen
stfgov,wellbeing,HU,Hungary,4.349290035814571,2.773293843461117,6.671344165435746,0.991923059630636,qwen
stfgov,wellbeing,IE,Ireland,4.870906010407424,2.2837559034048587,7.072164948453608,0.7930969853738602,qwen
stfgov,wellbeing,IL,Israel,3.8927885655775873,2.9003886880694987,6.971114369501467,0.8396567310279929,qwen
stfgov,wellbeing,IS,Iceland,4.095360338555398,2.3793164587301976,7.347283406754772,0.8172024321737729,qwen
stfgov,wellbeing,IT,Italy,4.305847880343379,2.240831516737721,6.987976539589443,0.814463065226208,qwen
stfgov,wellbeing,LT,Lithuania,3.891877946823288,2.5420418151357658,6.950892857142857,0.9048465829779361,qwen
stfgov,wellbeing,LV,Latvia,3.1240201091808486,2.2787685267851967,6.880208333333333,0.9245829372205094,qwen
stfgov,wellbeing,ME,Montenegro,4.613987966891826,2.4855582034040724,7.131911764705882,0.7630625013785803,qwen
stfgov,wellbeing,NL,Netherlands,4.609865988308238,2.0062529772022137,7.2453194650817245,0.6620312316343068,qwen
stfgov,wellbeing,NO,Norway,4.785794047937997,2.2175501497089307,7.455212922173275,0.6917411898355663,qwen
stfgov,wellbeing,PL,Poland,4.541712539383122,2.823730378695335,6.833333333333333,0.9211323729436766,qwen
stfgov,wellbeing,PT,Portugal,3.513193931375951,2.3111842226430293,7.022401171303075,0.9071621682639869,qwen
stfgov,wellbeing,RS,Serbia,4.258255990476471,3.198497977514989,6.620029455081001,1.1027370074889529,qwen
stfgov,wellbeing,SE,Sweden,4.269263904955265,2.167209026362757,7.288053097345133,0.8018932822839185,qwen
stfgov,wellbeing,SI,Slovenia,4.249594291009816,2.4941118540650034,7.088235294117647,0.79829151362518,qwen
stfgov,wellbeing,SK,Slovakia,4.46334706353566,2.686925975312871,6.724368499257058,0.987360867694201,qwen
stfgov,wellbeing,UA,Ukraine,2.4743529805980655,2.565480033331153,5.561746987951807,1.495830491387735,qwen
stfhlth,wellbeing,AT,Austria,6.474907116097822,2.438472434018327,7.5751098096632505,0.6616172165962667,qwen
stfhlth,wellbeing,BE,Belgium,7.220810024616674,1.8327609518478543,7.532444444444444,0.6750749674455514,qwen
stfhlth,wellbeing,BG,Bulgaria,3.832171344870384,2.3748257579878462,7.157988165680473,0.6923570732626182,qwen
stfhlth,wellbeing,CH,Switzerland,6.831041864274515,1.9622858222787356,7.898379970544919,0.5998871796186309,qwen
stfhlth,wellbeing,CY,Cyprus,5.576021271821681,2.3253109754011057,7.511922503725782,0.6370461451106106,qwen
stfhlth,wellbeing,DE,Germany,5.1952004418832605,2.4462601761167653,7.631804733727811,0.6455387623268238,qwen
stfhlth,wellbeing,EE,Estonia,5.793017380383871,2.1660633774564113,7.5752562225475835,0.613929020228217,qwen
stfhlth,wellbeing,ES,Spain,5.640440850707488,2.522739885428595,7.488938053097345,0.7046658545827346,qwen
stfhlth,wellbeing,FI,Finland,6.4186579536005794,2.06315131322013,7.748609077598829,0.599885349045622,qwen
stfhlth,wellbeing,FR,France,5.439891110440975,2.4415300288512802,7.459117647058823,0.619781270016355,qwen
stfhlth,wellbeing,GB,United Kingdom,4.797421449561588,2.4325170399551603,7.322189349112426,0.5640687635561146,qwen
stfhlth,wellbeing,GR,Greece,3.396290051453136,2.0119449650003913,7.241839762611276,0.6114073098236057,qwen
stfhlth,wellbeing,HR,Croatia,5.3548541416674444,2.682053424056007,7.362962962962963,0.6030019783272511,qwen
stfhlth,wellbeing,HU,Hungary,3.4347744313772854,2.4617765778736294,7.219236417033774,0.5476661753413532,qwen
stfhlth,wellbeing,IE,Ireland,4.433855064113273,2.3508293625680494,7.432748538011696,0.590191214948882,qwen
stfhlth,wellbeing,IL,Israel,6.530300993284543,1.8914696286324908,7.490787518573551,0.5958473390984043,qwen
stfhlth,wellbeing,IS,Iceland,5.112267027203692,2.1491014425562263,7.94357459379616,0.538028052824162,qwen
stfhlth,wellbeing,IT,Italy,5.10968527191663,2.096107535799735,7.594395280235989,0.6570363410187791,qwen
stfhlth,wellbeing,LT,Lithuania,4.4780529748809945,2.3439135030424465,7.35,0.6302394523551029,qwen
stfhlth,wellbeing,LV,Latvia,4.2972221458723485,2.5047000700024427,7.278603268945022,0.6192736325353954,qwen
stfhlth,wellbeing,ME,Montenegro,4.806435046611185,2.3092924712702363,7.404277286135693,0.605632835363651,qwen
stfhlth,wellbeing,NL,Netherlands,6.629094750304629,1.781841136689458,7.793333333333333,0.6125783423524601,qwen
stfhlth,wellbeing,NO,Norway,7.06508411422838,1.940954250732358,7.899412628487519,0.5686151456821302,qwen
stfhlth,wellbeing,PL,Poland,4.202687158652689,2.329430701915596,7.19423076923077,0.67295644017304,qwen
stfhlth,wellbeing,PT,Portugal,3.8254868131229243,2.5085001345712525,7.478645066273932,0.6215647224704139,qwen
stfhlth,wellbeing,RS,Serbia,4.238355203962294,2.794463373118979,7.101335311572701,0.6685114624024217,qwen
stfhlth,wellbeing,SE,Sweden,5.69363952596369,2.1003606930097036,7.8691176470588236,0.5499383692718676,qwen
stfhlth,wellbeing,SI,Slovenia,4.722807877332366,2.500698766976185,7.503097345132744,0.6274417538453821,qwen
stfhlth,wellbeing,SK,Slovakia,4.139320334932395,2.4686825909138355,7.252000000000001,0.6050784092211835,qwen
stfhlth,wellbeing,UA,Ukraine,4.3160230699847775,2.6234838094057635,6.34219910846954,1.19116386244781,qwen
stfedu,wellbeing,AT,Austria,6.08971976844328,2.38046437739405,7.63134328358209,0.6491822970286929,qwen
stfedu,wellbeing,BE,Belgium,5.750874806842748,2.0937724621583906,7.642666666666667,0.6475830434929443,qwen
stfedu,wellbeing,BG,Bulgaria,4.100957477790751,2.3502352553952877,7.43776758409786,0.7282919040522764,qwen
stfedu,wellbeing,CH,Switzerland,6.656270184332477,1.9459891470846695,7.841176470588235,0.5384304069491587,qwen
stfedu,wellbeing,CY,Cyprus,4.587313251616586,2.2128597138691415,7.651940298507463,0.616868602187398,qwen
stfedu,wellbeing,DE,Germany,4.233299683415836,2.351668087490688,7.641891891891892,0.5872597460644596,qwen
stfedu,wellbeing,EE,Estonia,6.393672568840203,2.229592946471987,7.805185185185185,0.5130519779948317,qwen
stfedu,wellbeing,ES,Spain,5.012136266255524,2.334332636268724,7.689169139465875,0.5991957645186496,qwen
stfedu,wellbeing,FI,Finland,7.233358833554501,1.7644323642522501,7.799853587115666,0.5525600050465076,qwen
stfedu,wellbeing,FR,France,4.601790502520427,2.1644715997236985,7.605497771173848,0.6379721153858575,qwen
stfedu,wellbeing,GB,United Kingdom,5.308284191408358,2.2556840404889704,7.502242152466367,0.6028210089398942,qwen
stfedu,wellbeing,GR,Greece,3.7855746517544375,1.9766209943690236,7.474474474474475,0.6800774680176975,qwen
stfedu,wellbeing,HR,Croatia,5.816350566373938,2.309736824795834,7.604041916167665,0.5948543556092762,qwen
stfedu,wellbeing,HU,Hungary,3.9900899154478,2.4913239593329175,7.399556868537666,0.6887406686623562,qwen
stfedu,wellbeing,IE,Ireland,6.762298407137079,1.9802964933214715,7.557964601769911,0.5955422676362057,qwen
stfedu,wellbeing,IL,Israel,5.264336488030869,2.077408346152148,7.657910447761195,0.6375554427977655,qwen
stfedu,wellbeing,IS,Iceland,6.324844854759572,1.8284320314772442,7.902529761904762,0.5354298235840546,qwen
stfedu,wellbeing,IT,Italy,5.083092027671306,1.9801848982095867,7.6829629629629625,0.593178425119134,qwen
stfedu,wellbeing,LT,Lithuania,4.6526346854447445,2.267229560508824,7.575222551928783,0.6061549297307296,qwen
stfedu,wellbeing,LV,Latvia,4.108276020925814,2.2667826388568875,7.506849315068493,0.6273968408089091,qwen
stfedu,wellbeing,ME,Montenegro,4.359771069180318,2.237590857279682,7.68107302533532,0.6297945974346307,qwen
stfedu,wellbeing,NL,Netherlands,6.163150882846764,1.6663731337868324,7.826183431952662,0.5841442658623878,qwen
stfedu,wellbeing,NO,Norway,7.199044068958358,1.8551553739170237,7.911242603550296,0.4863690965649027,qwen
stfedu,wellbeing,PL,Poland,5.05428653345802,2.3976918855549516,7.489894419306184,0.6075087713481027,qwen
stfedu,wellbeing,PT,Portugal,4.477459151602673,2.299564384881257,7.762536873156342,0.5781195469822065,qwen
stfedu,wellbeing,RS,Serbia,5.00073893907496,2.8413549190837095,7.408955223880597,0.7395977865600186,qwen
stfedu,wellbeing,SE,Sweden,5.389646077291931,2.1151413881845356,7.829542097488922,0.5262476834482479,qwen
stfedu,wellbeing,SI,Slovenia,5.530632460507522,2.3221475576997714,7.654654654654655,0.5759210610206695,qwen
stfedu,wellbeing,SK,Slovakia,5.401373334803658,2.4041600037068336,7.4671111111111115,0.6819089397977294,qwen
stfedu,wellbeing,UA,Ukraine,4.466432443709682,2.5979428831754627,6.858220211161387,0.9678929523164026,qwen
imueclt,immigration,AT,Austria,5.315172390064883,2.5730849170674883,7.552941176470588,1.0000693036714452,qwen
imueclt,immigration,BE,Belgium,6.1379240168747735,2.3033707467646853,7.478613569321534,1.2003445447979662,qwen
imueclt,immigration,BG,Bulgaria,4.3822668131494416,2.959049168036001,7.332544378698225,1.2573835406899454,qwen
imueclt,immigration,CH,Switzerland,6.375870738527658,2.220136533492237,7.602489019033675,0.978002759133826,qwen
imueclt,immigration,CY,Cyprus,3.5214000548356443,2.523698455719429,7.494152046783626,1.234554120841677,qwen
imueclt,immigration,DE,Germany,5.779437891976539,2.331576961352071,7.433530280649926,1.3342932789253177,qwen
imueclt,immigration,EE,Estonia,5.480215407140887,2.365476916842202,7.556534508076358,1.0236708896669668,qwen
imueclt,immigration,ES,Spain,6.6260562145120625,2.3924314712251236,7.557437407952872,1.0644842679765976,qwen
imueclt,immigration,FI,Finland,7.225142432125029,2.0684223789959995,7.495594713656388,1.0679053054385383,qwen
imueclt,immigration,FR,France,5.529569032667339,2.7050910367326035,7.471935007385524,1.1785601768447242,qwen
imueclt,immigration,GB,United Kingdom,6.569074059332347,2.475974794584905,7.514074074074074,1.1050976407955244,qwen
imueclt,immigration,GR,Greece,4.050831083263721,2.084305513053689,7.477843426883308,1.0818347139141262,qwen
imueclt,immigration,HR,Croatia,5.02874341086001,2.7210579344664114,7.534660766961652,1.1237568033134246,qwen
imueclt,immigration,HU,Hungary,3.9425759331519634,2.476597140402959,7.218382352941177,1.3231930300151824,qwen
imueclt,immigration,IE,Ireland,6.296974033797106,2.5958015849501503,7.6375,0.876290338298661,qwen
imueclt,immigration,IL,Israel,5.041758655711063,2.5863937276299773,7.555555555555555,1.138883433111161,qwen
imueclt,immigration,IS,Iceland,6.897344321807305,2.245228123872818,7.594117647058823,1.1519187237300537,qwen
imueclt,immigration,IT,Italy,4.905544540377028,2.569233998960108,7.62683284457478,1.0907964723622312,qwen
imueclt,immigration,LT,Lithuania,4.984868415465608,2.6008663349692376,7.408357771260997,1.130943987795075,qwen
imueclt,immigration,LV,Latvia,4.627373721269217,2.526015536644707,7.399116347569956,1.1635057072017587,qwen
imueclt,immigration,ME,Montenegro,5.168439134667183,2.093806458714853,7.476331360946745,1.1209264037526498,qwen
imueclt,immigration,NL,Netherlands,6.205126662609896,2.1187354477389713,7.428885630498534,1.2418905541260774,qwen
imueclt,immigration,NO,Norway,6.238422215272888,2.2541110468704337,7.583333333333333,1.110272742960798,qwen
imueclt,immigration,PL,Poland,5.498733975167413,2.3334251431778825,7.221649484536083,1.3637163740800724,qwen
imueclt,immigration,PT,Portugal,5.722458315562678,2.2507075625574586,7.567208271787297,1.0371730065962717,qwen
imueclt,immigration,RS,Serbia,4.877342073718054,3.0710413542742394,7.258823529411765,1.2753740153281585,qwen
imueclt,immigration,SE,Sweden,6.8122445898666175,2.2672137388256846,7.575513196480938,1.0891677772327646,qwen
imueclt,immigration,SI,Slovenia,5.355770107952107,2.6083091129330294,7.431286549707602,1.238280621965542,qwen
imueclt,immigration,SK,Slovakia,3.8467151318694572,2.7131866439546606,7.292521994134898,1.2451915516296126,qwen
imueclt,immigration,UA,Ukraine,5.1239211172083206,2.8308581148632705,7.077826725403818,1.386847453098954,qwen
imwbcnt,immigration,AT,Austria,4.840919058547187,2.4527294866543006,6.498482549317147,1.5707714416195224,qwen
imwbcnt,immigration,BE,Belgium,5.358485242127184,2.1346963974577657,6.743939393939394,1.3458900274436683,qwen
imwbcnt,immigration,BG,Bulgaria,3.956518004842652,2.85827404247127,6.079632465543645,1.8234410569097446,qwen
imwbcnt,immigration,CH,Switzerland,5.814854504443784,1.845154843550574,6.955639097744361,1.2092398746206967,qwen
imwbcnt,immigration,CY,Cyprus,3.740407078146568,2.40767595128739,6.6345864661654135,1.6474718269517366,qwen
imwbcnt,immigration,DE,Germany,5.269177671086836,2.3771917248699403,6.644376899696049,1.4146355003952433,qwen
imwbcnt,immigration,EE,Estonia,4.849486247852013,2.1075366589514086,6.615384615384615,1.4916297565748384,qwen
imwbcnt,immigration,ES,Spain,5.9073130429923815,2.36952875171434,6.784313725490196,1.4134960529693625,qwen
imwbcnt,immigration,FI,Finland,6.013981245125915,2.1083433275445627,6.6523378582202115,1.4249152602777633,qwen
imwbcnt,immigration,FR,France,5.115717521574483,2.229765989025632,6.462518740629685,1.611968639790887,qwen
imwbcnt,immigration,GB,United Kingdom,6.345731092544239,2.463997886085941,6.717754172989378,1.4082919207345173,qwen
imwbcnt,immigration,GR,Greece,4.102898458435573,2.2185870335870215,6.6118721461187215,1.4908396089875084,qwen
imwbcnt,immigration,HR,Croatia,4.943828288889388,2.5165256668371816,6.420539730134933,1.6690472213729903,qwen
imwbcnt,immigration,HU,Hungary,3.863870207165531,2.1606799294968244,6.112121212121212,1.718286469702334,qwen
imwbcnt,immigration,IE,Ireland,6.173427287195578,2.568885902556146,6.937308868501529,1.229381039004445,qwen
imwbcnt,immigration,IL,Israel,4.77581453687835,2.514904982885558,6.720211161387632,1.5499484303074074,qwen
imwbcnt,immigration,IS,Iceland,6.9623407745959796,2.0342840285249113,6.976993865030675,1.3813298140783914,qwen
imwbcnt,immigration,IT,Italy,4.578901303697609,2.3773137202145906,6.8274809160305345,1.3899515664407691,qwen
imwbcnt,immigration,LT,Lithuania,5.224923260700287,2.3357141831373007,6.501524390243903,1.544257263902013,qwen
imwbcnt,immigration,LV,Latvia,4.589096531490459,2.463691135380754,6.263846153846154,1.7768414283939318,qwen
imwbcnt,immigration,ME,Montenegro,4.695807747965913,2.2889881687702163,6.653555219364599,1.527110633424746,qwen
imwbcnt,immigration,NL,Netherlands,5.492398377595162,1.896279430992423,6.759878419452887,1.3219035155887742,qwen
imwbcnt,immigration,NO,Norway,6.212088062951394,1.9985317121611983,6.797276853252647,1.361168781607932,qwen
imwbcnt,immigration,PL,Poland,5.508572016196226,2.1384570518633192,6.2607361963190185,1.6773886362158115,qwen
imwbcnt,immigration,PT,Portugal,4.6418732065777135,2.165342872973786,6.682634730538922,1.518609481378577,qwen
imwbcnt,immigration,RS,Serbia,4.82965163040081,2.965475322083407,6.0717522658610275,1.8754088882942013,qwen
imwbcnt,immigration,SE,Sweden,6.259593141286771,2.200494516774948,6.681470137825421,1.3451490832761939,qwen
imwbcnt,immigration,SI,Slovenia,4.963030999588137,2.377905047032816,6.495433789954338,1.5835406749311418,qwen
imwbcnt,immigration,SK,Slovakia,3.5309623603239166,2.3151891466772065,6.058295964125561,1.785975998037913,qwen
imwbcnt,immigration,UA,Ukraine,5.317326172753119,2.8360849591577106,5.528417818740399,2.157000863147826,qwen
imbgeco,immigration,AT,Austria,5.930470260348815,2.499139626004691,6.992559523809524,1.0508408368587066,qwen
imbgeco,immigration,BE,Belgium,5.483701091221589,2.339388956973316,7.124260355029586,0.9914913048889497,qwen
imbgeco,immigration,BG,Bulgaria,3.9249717897549425,2.9157517131191772,6.875375375375375,1.2413042838268349,qwen
imbgeco,immigration,CH,Switzerland,6.48445283213619,1.9625326083363415,7.146449704142012,1.0530389738416817,qwen
imbgeco,immigration,CY,Cyprus,3.6828782273570484,2.5969415991911684,7.105185185185185,1.133213081031344,qwen
imbgeco,immigration,DE,Germany,6.017000040531877,2.2911062141897083,7.0265486725663715,1.0033342669551304,qwen
imbgeco,immigration,EE,Estonia,5.317774342421363,2.2944430795613218,7.083086053412463,1.019386510293497,qwen
imbgeco,immigration,ES,Spain,6.313687149498994,2.344351933188753,7.135014836795253,1.0012723331188622,qwen
imbgeco,immigration,FI,Finland,6.432967495105742,2.095123340746024,7.139673105497772,0.8971438875039658,qwen
imbgeco,immigration,FR,France,5.321947182331542,2.47236650436905,7.0460624071322435,0.984683343906162,qwen
imbgeco,immigration,GB,United Kingdom,6.376894945797732,2.4281824626662245,7.002967359050445,1.1317346317902057,qwen
imbgeco,immigration,GR,Greece,4.236081165215293,2.186585793193556,7.044910179640719,1.0423223225107316,qwen
imbgeco,immigration,HR,Croatia,5.043247114389215,2.5862925583713934,7.020958083832335,1.103155204192616,qwen
imbgeco,immigration,HU,Hungary,3.6517531630383213,2.5155489846881656,6.8664688427299705,1.1512524324482338,qwen
imbgeco,immigration,IE,Ireland,6.125966412675849,2.6587736473754444,7.158753709198813,0.9138307862875408,qwen
imbgeco,immigration,IL,Israel,4.957305921928851,2.6777145342066095,7.058295964125561,1.0372742214466237,qwen
imbgeco,immigration,IS,Iceland,6.763693051791229,2.158027222781135,7.198211624441132,1.0640936539618984,qwen
imbgeco,immigration,IT,Italy,5.143774492178013,2.5286434557028725,7.092814371257485,1.020219505573814,qwen
imbgeco,immigration,LT,Lithuania,5.600116432947033,2.6201160644142694,7.066765578635015,0.9235209040782864,qwen
imbgeco,immigration,LV,Latvia,5.152410156212118,2.633014371248394,6.94081942336874,1.182889639380389,qwen
imbgeco,immigration,ME,Montenegro,4.2132053258244015,2.7540876643589,6.986646884272997,1.0534594690047387,qwen
imbgeco,immigration,NL,Netherlands,5.739189778032886,1.9402534025455624,7.184249628528975,0.821178963426256,qwen
imbgeco,immigration,NO,Norway,5.971415024050874,2.0597516430305314,7.231343283582089,0.9207310014588941,qwen
imbgeco,immigration,PL,Poland,5.516269816646318,2.4460787671796043,6.922038980509745,1.0945853816114106,qwen
imbgeco,immigration,PT,Portugal,6.145828753645978,2.2198235960337978,7.061764705882353,1.1749758762622091,qwen
imbgeco,immigration,RS,Serbia,4.6659923199193525,3.0616903539340887,6.857355126300148,1.1471406560267774,qwen
imbgeco,immigration,SE,Sweden,5.945250039445946,2.0805169005604247,7.158610271903323,1.0424760480784068,qwen
imbgeco,immigration,SI,Slovenia,5.501060923277956,2.54407463650426,7.007451564828614,1.1203429260294655,qwen
imbgeco,immigration,SK,Slovakia,3.94990465806269,2.7485725170956266,6.9375,1.0454464458961825,qwen
imbgeco,immigration,UA,Ukraine,6.176947417577988,2.81877924059916,6.569044006069802,1.4760543075135195,qwen
imsmetn,immigration,AT,Austria,1.9848903594679843,0.802259529957706,2.7518248175182483,0.6664585409536672,qwen
imsmetn,immigration,BE,Belgium,1.9048137548184112,0.7044253089373982,2.830383480825959,0.5822257759686886,qwen
imsmetn,immigration,BG,Bulgaria,2.2584295318744276,1.0266249994343912,2.7695716395864105,0.6390326173665962,qwen
imsmetn,immigration,CH,Switzerland,1.8323559975393269,0.6536016814694029,2.8550512445095166,0.5424097330289338,qwen
imsmetn,immigration,CY,Cyprus,2.3744432028480555,0.8830584763563025,2.7941176470588234,0.6249317731105183,qwen
imsmetn,immigration,DE,Germany,1.762261807972097,0.6899154737487135,2.831625183016105,0.5623016379431127,qwen
imsmetn,immigration,EE,Estonia,2.0564161789601294,0.713834294629291,2.838235294117647,0.5590412083958963,qwen
imsmetn,immigration,ES,Spain,1.8990792529080591,0.817962435672302,2.8161764705882355,0.5769531198791934,qwen
imsmetn,immigration,FI,Finland,1.945990096143163,0.6764863006766781,2.875912408759124,0.5413495086930179,qwen
imsmetn,immigration,FR,France,1.9617420516802728,0.7071034326966054,2.7988252569750367,0.6080816752967774,qwen
imsmetn,immigration,GB,United Kingdom,1.8744748593233793,0.7748312328624263,2.8682284040995607,0.5082033161163672,qwen
imsmetn,immigration,GR,Greece,2.0069010704420394,0.9318933493678764,2.7910557184750733,0.6016075380043849,qwen
imsmetn,immigration,HR,Croatia,2.007848082038974,0.9097033377657038,2.816446402349486,0.5916773269742726,qwen
imsmetn,immigration,HU,Hungary,2.8666734173836588,0.8804998783990738,2.84287812041116,0.5559675705787932,qwen
imsmetn,immigration,IE,Ireland,2.0050826600753324,0.846812763013551,2.8487518355359764,0.5469453127036903,qwen
imsmetn,immigration,IL,Israel,1.7927284968003243,1.1274068781525866,2.831130690161527,0.568253295542546,qwen
imsmetn,immigration,IS,Iceland,1.5944948628437006,0.6105481222791607,2.8385185185185184,0.5833985644842746,qwen
imsmetn,immigration,IT,Italy,2.099682499728239,0.8415914705542806,2.7833089311859442,0.6173561568194912,qwen
imsmetn,immigration,LT,Lithuania,1.9148544359816146,0.7838305143103949,2.8581979320531756,0.5250908648855451,qwen
imsmetn,immigration,LV,Latvia,1.861880713866723,0.9756875974062875,2.7860326894502228,0.6305570893879703,qwen
imsmetn,immigration,ME,Montenegro,2.1930207464010523,0.8437025464438357,2.7888563049853374,0.6291911549157476,qwen
imsmetn,immigration,NL,Netherlands,2.09184325558409,0.6975747306932476,2.8548387096774195,0.556141828246097,qwen
imsmetn,immigration,NO,Norway,1.6704486013714808,0.61393824957152,2.8117647058823527,0.6090939241797338,qwen
imsmetn,immigration,PL,Poland,2.2737578360377912,0.7748541968957734,2.801470588235294,0.5972427187610206,qwen
imsmetn,immigration,PT,Portugal,2.407053493784501,0.7853713456635332,2.8211143695014664,0.6181018182133723,qwen
imsmetn,immigration,RS,Serbia,1.8383213518091834,0.9222608093941408,2.7580645161290325,0.6470089831826722,qwen
imsmetn,immigration,SE,Sweden,1.7306353858655772,0.6354810763112095,2.8451327433628317,0.5735928618167896,qwen
imsmetn,immigration,SI,Slovenia,1.874171812683402,0.7460745822384444,2.809941520467836,0.6041491453607665,qwen
imsmetn,immigration,SK,Slovakia,2.668491306572592,0.8979077213435557,2.799705449189985,0.585921281334033,qwen
imsmetn,immigration,UA,Ukraine,1.6070585920919498,0.8563087408079539,2.779911373707533,0.6275324960142538,qwen
impcntr,immigration,AT,Austria,2.624895307919512,0.9325443380468,2.851632047477745,0.5654269051465077,qwen
impcntr,immigration,BE,Belgium,2.1057834615457693,0.8236762083891918,2.827485380116959,0.6021475413652233,qwen
impcntr,immigration,BG,Bulgaria,2.802638021347716,0.9885390707940974,2.726597325408618,0.7025611182055725,qwen
impcntr,immigration,CH,Switzerland,2.1668625229304874,0.7680681584421224,2.877761413843888,0.5221554450299253,qwen
impcntr,immigration,CY,Cyprus,3.01573825997671,0.7437966965961555,2.84375,0.5707653632193957,qwen
impcntr,immigration,DE,Germany,2.172601577227967,0.8087067600829588,2.8409425625920472,0.5859991300948232,qwen
impcntr,immigration,EE,Estonia,2.753210304141824,0.8685915970027777,2.84070796460177,0.5658896607025882,qwen
impcntr,immigration,ES,Spain,2.0156059548711043,0.8778687415693935,2.810930576070901,0.6223156718812779,qwen
impcntr,immigration,FI,Finland,2.4102001234500756,0.8058288145550183,2.7856093979442,0.6910126542850984,qwen
impcntr,immigration,FR,France,2.232715812578728,0.8225389980837455,2.831111111111111,0.590159997752793,qwen
impcntr,immigration,GB,United Kingdom,2.0219395846800894,0.848430285355126,2.8117647058823527,0.601796380989638,qwen
impcntr,immigration,GR,Greece,3.040483689666175,0.7907982393692867,2.787923416789396,0.655654969899634,qwen
impcntr,immigration,HR,Croatia,2.3126614395024476,0.9299349153544375,2.8200589970501473,0.5929761175481261,qwen
impcntr,immigration,HU,Hungary,3.2467126616393696,0.7895514146457082,2.7985294117647057,0.6084802399205195,qwen
impcntr,immigration,IE,Ireland,2.1726471210594567,0.8902763127314905,2.828655834564254,0.6009411711126512,qwen
impcntr,immigration,IL,Israel,3.170063969761885,0.8960326441496079,2.8854166666666665,0.48244453799420006,qwen
impcntr,immigration,IS,Iceland,1.8270792549310613,0.7537421933977912,2.8288690476190474,0.5921995933676286,qwen
impcntr,immigration,IT,Italy,2.259939683854844,0.8845466728919402,2.789940828402367,0.6579109448157476,qwen
impcntr,immigration,LT,Lithuania,2.432967734905435,0.9073005874422578,2.7884615384615383,0.6403124237432849,qwen
impcntr,immigration,LV,Latvia,2.704574812297274,1.01408941043032,2.725663716814159,0.7034137600060016,qwen
impcntr,immigration,ME,Montenegro,2.3313039240519635,0.8445580009466589,2.8156342182890857,0.612468040689295,qwen
impcntr,immigration,NL,Netherlands,2.3225956942431747,0.8131809005001652,2.8533333333333335,0.5534890679751069,qwen
impcntr,immigration,NO,Norway,1.830581823036069,0.6959909901689839,2.848529411764706,0.5735948822746513,qwen
impcntr,immigration,PL,Poland,2.5409953996613295,0.7673873645334611,2.8165680473372783,0.5853197136732642,qwen
impcntr,immigration,PT,Portugal,2.4760723365670385,0.8107473607252478,2.8308823529411766,0.5964443868543544,qwen
impcntr,immigration,RS,Serbia,2.5251294720870754,1.0817646195376982,2.7908689248895433,0.6498279637711738,qwen
impcntr,immigration,SE,Sweden,1.8384383959626223,0.7041014027599896,2.8350515463917527,0.6090828895688987,qwen
impcntr,immigration,SI,Slovenia,2.1997549182309015,0.8258467324868838,2.8370044052863435,0.5927347995753445,qwen
impcntr,immigration,SK,Slovakia,2.8906624441759146,0.852134052987886,2.8073529411764704,0.5991688343350853,qwen
impcntr,immigration,UA,Ukraine,2.328579534630941,1.0934683992270489,2.74739970282318,0.6513012952561145,qwen
imdfetn,immigration,AT,Austria,2.4517622019493235,0.8802061273251262,2.8874269005847952,0.5052171029858193,qwen
imdfetn,immigration,BE,Belgium,2.0919372892883823,0.8073378444642432,2.873529411764706,0.4931392771861007,qwen
imdfetn,immigration,BG,Bulgaria,2.7328627261284333,0.987963184314789,2.781524926686217,0.6064354024312463,qwen
imdfetn,immigration,CH,Switzerland,2.1007438940066754,0.7119868597103385,2.907624633431085,0.411259217244089,qwen
imdfetn,immigration,CY,Cyprus,2.880309130017844,0.7480132622807513,2.8452380952380953,0.5430838173292872,qwen
imdfetn,immigration,DE,Germany,2.1155225248243354,0.7415870792779439,2.897510980966325,0.4639903564001312,qwen
imdfetn,immigration,EE,Estonia,2.482137790581076,0.8231709958675449,2.8841642228739004,0.46908692763545445,qwen
imdfetn,immigration,ES,Spain,2.020768220216837,0.871571042977701,2.8839941262848754,0.5113930455376493,qwen
imdfetn,immigration,FI,Finland,2.3173999200612294,0.7958721225569396,2.8799414348462666,0.5111013891550077,qwen
imdfetn,immigration,FR,France,2.1846977597098185,0.8005322694530923,2.8932748538011697,0.48583005350578806,qwen
imdfetn,immigration,GB,United Kingdom,1.9310717703886444,0.7847687411676028,2.8814055636896048,0.49542459448972154,qwen
imdfetn,immigration,GR,Greece,2.8650876952628623,0.8124512890397037,2.831130690161527,0.5280096219162493,qwen
imdfetn,immigration,HR,Croatia,2.319903488882591,0.9429217058981054,2.8676470588235294,0.523509505358277,qwen
imdfetn,immigration,HU,Hungary,3.2389901160797776,0.768225077208008,2.882005899705015,0.48395293784707427,qwen
imdfetn,immigration,IE,Ireland,2.1791032143283253,0.8894551469869207,2.9030837004405288,0.4530996582837763,qwen
imdfetn,immigration,IL,Israel,2.928104329006959,0.988690987686415,2.909090909090909,0.41336631783677413,qwen
imdfetn,immigration,IS,Iceland,1.8098389980877778,0.7528171498365184,2.902941176470588,0.46305974391173715,qwen
imdfetn,immigration,IT,Italy,2.343602730831374,0.8587056770844878,2.856515373352855,0.5249472904535424,qwen
imdfetn,immigration,LT,Lithuania,2.3379386305133734,0.8970813904785923,2.887905604719764,0.4698923883825165,qwen
imdfetn,immigration,LV,Latvia,2.4385633393195496,1.0373280123666098,2.8620178041543025,0.5259501495967532,qwen
imdfetn,immigration,ME,Montenegro,2.284846733970834,0.8193283772273464,2.868035190615836,0.5085512045879442,qwen
imdfetn,immigration,NL,Netherlands,2.166043221464122,0.7310213203390152,2.9,0.4687588978046036,qwen
imdfetn,immigration,NO,Norway,1.7362368862212043,0.6723635799431303,2.9180087847730602,0.4455852060782469,qwen
imdfetn,immigration,PL,Poland,2.660975103502025,0.8066234522048692,2.865979381443299,0.47783330382144223,qwen
imdfetn,immigration,PT,Portugal,2.525527473334346,0.8079625437610874,2.878299120234604,0.47692546137883307,qwen
imdfetn,immigration,RS,Serbia,2.3673391689506214,1.0400754281561135,2.874815905743741,0.4646173164229735,qwen
imdfetn,immigration,SE,Sweden,1.7725604395730519,0.6786479470000785,2.86094674556213,0.5483024227462368,qwen
imdfetn,immigration,SI,Slovenia,2.202717709087987,0.809141524736039,2.878654970760234,0.5002610776263199,qwen
imdfetn,immigration,SK,Slovakia,2.955207288230443,0.8221506042981189,2.844574780058651,0.5520285999505047,qwen
imdfetn,immigration,UA,Ukraine,2.139831627748936,1.0299020627035194,2.7684365781710913,0.6108866389372059,qwen
gincdif,values,AT,Austria,1.8357850585925592,0.8482865431523864,3.3416058394160584,0.5594277485196856,qwen
gincdif,values,BE,Belgium,2.1720802640896064,0.9949910736596599,3.345985401459854,0.544780469565943,qwen
gincdif,values,BG,Bulgaria,1.5765544452850997,0.8410492045798288,3.2583941605839417,0.5914402007616344,qwen
gincdif,values,CH,Switzerland,2.2268630321551566,1.0099093629053904,3.3854014598540147,0.5047349118937736,qwen
gincdif,values,CY,Cyprus,1.9201601100983492,0.9436877140159126,3.356204379562044,0.5475705666116358,qwen
gincdif,values,DE,Germany,2.245756485033962,0.9697362603064524,3.3255474452554745,0.5466577338113082,qwen
gincdif,values,EE,Estonia,2.4714217506623983,0.9958313547948203,3.3270072992700728,0.5471221425198689,qwen
gincdif,values,ES,Spain,2.2390640373900483,1.0350336504377626,3.318248175182482,0.5522705628370423,qwen
gincdif,values,FI,Finland,2.2839959243441132,1.0050396138626976,3.283211678832117,0.5554842657124041,qwen
gincdif,values,FR,France,2.1055804270824057,1.0722848192788625,3.3153284671532846,0.5268923720990424,qwen
gincdif,values,GB,United Kingdom,2.1757216244786504,0.9963492209249417,3.2992700729927007,0.495077575344423,qwen
gincdif,values,GR,Greece,1.7002968943187178,0.798982811770745,3.4,0.557248881371218,qwen
gincdif,values,HR,Croatia,1.9352503863717316,0.9033262886377711,3.32992700729927,0.5317912139637807,qwen
gincdif,values,HU,Hungary,1.8453483315603791,0.9304015630107489,3.240875912408759,0.545121203396661,qwen
gincdif,values,IE,Ireland,2.0458435789120073,0.9407137721299345,3.324087591240876,0.5461890226440923,qwen
gincdif,values,IL,Israel,2.254488633535265,1.0402877437796958,3.448175182481752,0.5399401891531344,qwen
gincdif,values,IS,Iceland,2.1414361386261214,0.9982674413562134,3.3883211678832117,0.5782441780501784,qwen
gincdif,values,IT,Italy,1.8017486793566568,0.8447168535948194,3.3313868613138684,0.5719761354590984,qwen
gincdif,values,LT,Lithuania,2.121179547383133,0.9805559841016092,3.2777777777777777,0.5454754963908495,qwen
gincdif,values,LV,Latvia,1.9796661004482587,0.944902861842144,3.3007299270072994,0.529881420913015,qwen
gincdif,values,ME,Montenegro,2.293288828528572,1.0921740290493038,3.3649635036496353,0.5655292042236296,qwen
gincdif,values,NL,Netherlands,2.3307843275086677,1.0063788590941443,3.3445255474452553,0.5280051429658811,qwen
gincdif,values,NO,Norway,2.2834812388590824,0.9777834109203098,3.4014598540145986,0.5415465995753963,qwen
gincdif,values,PL,Poland,2.5549544515394365,1.0972876335817574,3.3021897810218976,0.53042892735167,qwen
gincdif,values,PT,Portugal,1.739313170854453,0.7659278870837078,3.3474452554744527,0.5531779918245178,qwen
gincdif,values,RS,Serbia,1.9827876444054082,0.9714746764454562,3.3021897810218976,0.5625322802023799,qwen
gincdif,values,SE,Sweden,2.3279505976838246,0.9073903127600642,3.3576642335766422,0.5398887999725979,qwen
gincdif,values,SI,Slovenia,2.041077543530936,0.937292547544402,3.308029197080292,0.5722708425867415,qwen
gincdif,values,SK,Slovakia,2.0097256652350133,0.8452932908204515,3.3138686131386863,0.558713863746609,qwen
gincdif,values,UA,Ukraine,2.089412928826519,1.080375501658059,3.2850877192982457,0.564192493262405,qwen
freehms,values,AT,Austria,1.8048403829960766,0.9115840436715983,3.5358711566617864,0.9716442790836227,qwen
freehms,values,BE,Belgium,1.4898664420721157,0.869878861423761,3.582966226138032,1.0301073674930836,qwen
freehms,values,BG,Bulgaria,2.936348653180641,1.2945841023392308,3.275256222547584,0.9047381226727331,qwen
freehms,values,CH,Switzerland,1.681711327728691,0.8015227077583311,3.6207906295754024,0.9738402178400422,qwen
freehms,values,CY,Cyprus,2.5601500385869453,1.130945762975391,3.4408759124087593,0.9618873644201905,qwen
freehms,values,DE,Germany,1.530034629573154,0.69406445606028,3.5747800586510263,0.9834804516807519,qwen
freehms,values,EE,Estonia,2.28474033252233,1.0679866161702931,3.559941520467836,0.8896199837359767,qwen
freehms,values,ES,Spain,1.5241104285026639,0.783908853768037,3.5994152046783627,0.9636434688786873,qwen
freehms,values,FI,Finland,1.6470933615759245,0.8292731727594597,3.6354319180087846,0.9972267613068507,qwen
freehms,values,FR,France,1.4007917808708183,0.7859407229370496,3.6125730994152048,0.9787881108553201,qwen
freehms,values,GB,United Kingdom,1.5388997373585795,0.7322417028973582,3.6798245614035086,1.010111092963501,qwen
freehms,values,GR,Greece,2.17310224200268,1.1699956257615467,3.4656934306569345,0.9338061111634761,qwen
freehms,values,HR,Croatia,2.565495668237443,1.1255267816775996,3.3938506588579793,0.9860122690277839,qwen
freehms,values,HU,Hungary,2.690709609447177,1.2543735068448747,3.348462664714495,0.8840936225468882,qwen
freehms,values,IE,Ireland,1.555016083388427,0.7829197773686,3.6915204678362574,1.007955775013367,qwen
freehms,values,IL,Israel,2.7719260476232255,1.4744816242172984,3.4685212298682284,0.8195496281639723,qwen
freehms,values,IS,Iceland,1.3194521636061314,0.7057087260493001,3.7994143484626646,1.011314122688807,qwen
freehms,values,IT,Italy,2.092037298307339,1.0159876456686558,3.56259204712813,0.9257778663441705,qwen
freehms,values,LT,Lithuania,3.0050030857827386,1.141480316899656,3.3529411764705883,0.974863849598189,qwen
freehms,values,LV,Latvia,2.468777846308473,1.2558480344950962,3.4126284875183552,0.8719917995831205,qwen
freehms,values,ME,Montenegro,3.3321808808026123,1.2184330113663548,3.3830409356725144,0.8954441995868014,qwen
freehms,values,NL,Netherlands,1.445133996683743,0.7036742854321734,3.872992700729927,0.9365470712213613,qwen
freehms,values,NO,Norway,1.4441179088078822,0.6852131508943449,3.8638360175695463,1.071037503439607,qwen
freehms,values,PL,Poland,2.3225344510924515,1.0934718813624278,3.384502923976608,0.8841169925449975,qwen
freehms,values,PT,Portugal,1.8773637836038686,0.9176823894987853,3.598240469208211,1.0065263455238285,qwen
freehms,values,RS,Serbia,3.1265715118957917,1.3386531295813646,3.2783505154639174,0.9091405327154516,qwen
freehms,values,SE,Sweden,1.425785553832825,0.698236634958843,3.7510980966325036,1.0286844062514964,qwen
freehms,values,SI,Slovenia,2.3629947482756473,1.0407782454388308,3.4963503649635035,1.0311244613734576,qwen
freehms,values,SK,Slovakia,2.6065690910874335,1.1808278344003713,3.344574780058651,0.9386660065145259,qwen
freehms,values,UA,Ukraine,2.9931284831475167,1.381845135679538,3.1478770131771596,0.7977832389120575,qwen
hmsfmlsh,values,AT,Austria,4.147308028861745,1.1220901785126633,2.8475073313782993,0.8184193447625496,qwen
hmsfmlsh,values,BE,Belgium,4.405791777554618,1.087304254204888,2.8638360175695463,0.7408649435396004,qwen
hmsfmlsh,values,BG,Bulgaria,2.815351952556245,1.3390006883319725,2.7063142437591776,0.9101251115932903,qwen
hmsfmlsh,values,CH,Switzerland,4.338163551741064,0.9071354553573259,2.8669590643274856,0.7248903333564047,qwen
hmsfmlsh,values,CY,Cyprus,3.223456992817589,1.1377698274401407,2.861111111111111,0.7783730785571161,qwen
hmsfmlsh,values,DE,Germany,4.476295645274503,0.8271109613357113,2.8625730994152048,0.7508724757792847,qwen
hmsfmlsh,values,EE,Estonia,3.6581727531774,1.2219923136330886,2.8773722627737226,0.7211297890264514,qwen
hmsfmlsh,values,ES,Spain,4.564413348405986,0.8773885200685794,2.7953216374269005,0.8002058933802826,qwen
hmsfmlsh,values,FI,Finland,4.466912225808951,0.8301666166291634,2.8364963503649636,0.7962701715025324,qwen
hmsfmlsh,values,FR,France,4.607616902636518,0.8956009678608612,2.853801169590643,0.7665978126646539,qwen
hmsfmlsh,values,GB,United Kingdom,4.421650390697318,0.9237562317333435,2.808759124087591,0.8110597403522655,qwen
hmsfmlsh,values,GR,Greece,3.409401943597352,1.3401954676674963,2.8669590643274856,0.8161019325758444,qwen
hmsfmlsh,values,HR,Croatia,3.2644572705160075,1.2071891711249758,2.8111273792093705,0.8056212261336466,qwen
hmsfmlsh,values,HU,Hungary,3.293985811219156,1.3048496503964033,2.803519061583578,0.7868892212243097,qwen
hmsfmlsh,values,IE,Ireland,4.363610254415526,1.0362110130763555,2.875912408759124,0.7457996951588369,qwen
hmsfmlsh,values,IL,Israel,3.092598797312127,1.4837062096008957,2.896350364963504,0.7390930865021114,qwen
hmsfmlsh,values,IS,Iceland,4.749361652255945,0.6745042977261939,2.843338213762811,0.8088922848885567,qwen
hmsfmlsh,values,IT,Italy,3.8375576432386036,1.060070225951727,2.845255474452555,0.8143424501755094,qwen
hmsfmlsh,values,LT,Lithuania,3.0973628167924105,1.1617294783378334,2.8506588579795022,0.8039192883375527,qwen
hmsfmlsh,values,LV,Latvia,3.084096141517945,1.3840300717145457,2.8600883652430045,0.7754610339591002,qwen
hmsfmlsh,values,ME,Montenegro,2.9981544280044723,1.1686757899030416,2.8512518409425627,0.8018934413934626,qwen
hmsfmlsh,values,NL,Netherlands,4.526722688061487,0.9001308315486732,2.837481698389458,0.7648437907342108,qwen
hmsfmlsh,values,NO,Norway,4.562125366986062,0.781905796814241,2.896046852122987,0.7441061934476646,qwen
hmsfmlsh,values,PL,Poland,3.766829360736546,1.209928337992963,2.9251101321585904,0.7447666598062463,qwen
hmsfmlsh,values,PT,Portugal,3.960362500463685,1.14824218850779,2.7850877192982457,0.8343011512846593,qwen
hmsfmlsh,values,RS,Serbia,2.723069707108146,1.4182508498135005,2.858394160583942,0.8031955854608908,qwen
hmsfmlsh,values,SE,Sweden,4.587711797305787,0.7815274095803415,2.904692082111437,0.7458204495271028,qwen
hmsfmlsh,values,SI,Slovenia,3.725860891266949,1.1407292114608247,2.835036496350365,0.8274874993204225,qwen
hmsfmlsh,values,SK,Slovakia,3.140008514024636,1.2251609120289109,2.832116788321168,0.8090256852782626,qwen
hmsfmlsh,values,UA,Ukraine,2.4866616182198324,1.3712752707286429,2.912280701754386,0.8231077434950765,qwen
hmsacld,values,AT,Austria,2.3283595156863424,1.28402390834034,3.0219298245614037,0.6915840588399579,qwen
hmsacld,values,BE,Belgium,1.8758176179656545,1.1706599407282337,3.0437956204379564,0.654143486444667,qwen
hmsacld,values,BG,Bulgaria,3.7089479531413008,1.2535944355507374,2.8799414348462666,0.7830266843179419,qwen
hmsacld,values,CH,Switzerland,2.508597984239608,1.278082604057314,3.064233576642336,0.6479541833530841,qwen
hmsacld,values,CY,Cyprus,3.716198939903026,1.2720113850934618,3.0014619883040936,0.6638528762501203,qwen
hmsacld,values,DE,Germany,1.9107101931485644,1.0429038893935523,3.037956204379562,0.6914400798652415,qwen
hmsacld,values,EE,Estonia,3.0847703715488484,1.3700731885725446,2.992679355783309,0.5717742576652228,qwen
hmsacld,values,ES,Spain,1.735098497487845,1.0477927104779508,3.02046783625731,0.651289351115256,qwen
hmsacld,values,FI,Finland,2.13443652053681,1.1925924458743113,3.033625730994152,0.5441376755355573,qwen
hmsacld,values,FR,France,2.1379974437669227,1.3368024660251876,2.98978102189781,0.6632902074860653,qwen
hmsacld,values,GB,United Kingdom,1.891252942041102,1.0373934649471324,3.0598540145985402,0.610035452667225,qwen
hmsacld,values,GR,Greece,3.864890146669234,1.2614793048487902,3.0029282576866763,0.680686801134307,qwen
hmsacld,values,HR,Croatia,3.5825735883876977,1.2332019349605594,2.9883040935672516,0.640171134637483,qwen
hmsacld,values,HU,Hungary,3.3170250072457623,1.259370001644766,2.9590643274853803,0.6156259550247477,qwen
hmsacld,values,IE,Ireland,1.9511084635234233,1.1206117655581447,3.007309941520468,0.6061706246567672,qwen
hmsacld,values,IL,Israel,3.004916357312073,1.4805841885094917,3.007320644216691,0.6817299419506796,qwen
hmsacld,values,IS,Iceland,1.6136432116387014,1.1099785778643343,3.039473684210526,0.6692735627495564,qwen
hmsacld,values,IT,Italy,3.189110426066679,1.2746065593696327,2.995614035087719,0.639118676333402,qwen
hmsacld,values,LT,Lithuania,3.8929680058979232,1.0254374314810153,2.9794117647058824,0.6208357765323349,qwen
hmsacld,values,LV,Latvia,3.691122363824701,1.3127537249694412,2.9545454545454546,0.633836544532491,qwen
hmsacld,values,ME,Montenegro,3.609247573779838,1.1522096115416658,2.8976608187134505,0.7146616163819324,qwen
hmsacld,values,NL,Netherlands,1.8122463900339445,1.0545263148827153,3.1067251461988303,0.6278190471544838,qwen
hmsacld,values,NO,Norway,1.8546935913036795,1.0651081892831464,3.092375366568915,0.6931385470333421,qwen
hmsacld,values,PL,Poland,3.690918841333205,1.3092616604835379,2.994143484626647,0.6520625677687688,qwen
hmsacld,values,PT,Portugal,2.532455748115913,1.2532817523691113,3.007309941520468,0.6204936521164692,qwen
hmsacld,values,RS,Serbia,4.054340716461004,1.1343128680878303,2.9001468428781205,0.76812413338458,qwen
hmsacld,values,SE,Sweden,1.7863564870804594,0.9946625844214346,3.1390922401171304,0.6051904491555365,qwen
hmsacld,values,SI,Slovenia,3.1789430084301267,1.300934490290156,3.005856515373353,0.6430049665489435,qwen
hmsacld,values,SK,Slovakia,3.803739725541597,1.1867565910602178,2.945906432748538,0.6322222976865713,qwen
hmsacld,values,UA,Ukraine,3.6298902633912213,1.303423642630915,2.939882697947214,0.6349294254904636,qwen
euftf,values,AT,Austria,4.825502874722448,3.0342084393956115,6.715994020926757,1.2477757840052137,qwen
euftf,values,BE,Belgium,5.765449320758711,2.416902944449942,6.8305597579425115,1.226613157320374,qwen
euftf,values,BG,Bulgaria,5.673726649526171,2.5693029420564284,6.694528875379939,1.1856577620431208,qwen
euftf,values,CH,Switzerland,5.058785730554144,2.414685662231084,6.955223880597015,1.1102570545067831,qwen
euftf,values,CY,Cyprus,5.792117109114383,2.9949679655598245,6.778026905829597,1.2503215128528091,qwen
euftf,values,DE,Germany,6.214667663946268,2.6418240606486596,6.866666666666666,1.0349959503354023,qwen
euftf,values,EE,Estonia,5.716786505267848,2.89821692560743,6.808035714285714,1.0797117012832702,qwen
euftf,values,ES,Spain,6.219196303613679,2.3809300800724755,6.904477611940298,1.0315548853845857,qwen
euftf,values,FI,Finland,5.534029420072393,2.0625584465525115,6.832592592592593,1.05211597092028,qwen
euftf,values,FR,France,5.208859418881203,2.7424846505392346,6.835311572700297,1.124308990071511,qwen
euftf,values,GB,United Kingdom,5.343863392336422,2.4756337672732776,6.76051051051051,1.1266100768690546,qwen
euftf,values,GR,Greece,5.151211798556243,2.336877597222095,6.871641791044776,1.1118072617093362,qwen
euftf,values,HR,Croatia,5.322777832267683,2.7974378070924315,6.778774289985052,1.1628342639112548,qwen
euftf,values,HU,Hungary,4.477193257978707,2.800913282537003,6.7477611940298505,1.1340442080256041,qwen
euftf,values,IE,Ireland,5.243559180491938,2.5821933775669614,6.846153846153846,1.0646104008512898,qwen
euftf,values,IL,Israel,4.852961097473329,2.491458730736414,6.873493975903615,1.1048866460944322,qwen
euftf,values,IS,Iceland,5.62716797734462,2.263634006374303,6.980243161094225,1.0560712070497666,qwen
euftf,values,IT,Italy,4.73214741711083,2.715610563008266,6.916041979010495,1.0493086175247457,qwen
euftf,values,LT,Lithuania,6.1896127724052565,2.778846660603036,6.81570996978852,1.078967271347342,qwen
euftf,values,LV,Latvia,4.827724410534694,2.6225231586716697,6.570769230769231,1.2245842131922637,qwen
euftf,values,ME,Montenegro,6.083059795496807,2.4725380356147033,6.867952522255193,1.0649402486783681,qwen
euftf,values,NL,Netherlands,5.575385357085336,2.301409214067249,6.826086956521739,1.1649447311617165,qwen
euftf,values,NO,Norway,5.097026537869741,2.078064846793545,6.8664688427299705,1.0696281142953754,qwen
euftf,values,PL,Poland,5.6268710507039295,2.7656972811566396,6.756756756756757,1.0736730538008472,qwen
euftf,values,PT,Portugal,6.304979972798495,2.229811268835333,6.697037037037037,1.398013678903287,qwen
euftf,values,RS,Serbia,4.8863689602539795,3.507210676588169,6.69150521609538,1.1648724097268768,qwen
euftf,values,SE,Sweden,5.135459709443543,2.0268768402526756,6.886567164179104,1.0625990533113017,qwen
euftf,values,SI,Slovenia,5.628276825877404,2.5334816153476174,6.760059612518629,1.1984876026703308,qwen
euftf,values,SK,Slovakia,4.506864222072202,3.1069045221663543,6.712797619047619,1.1238970022420072,qwen
euftf,values,UA,Ukraine,6.357211111872502,3.37601453739195,6.391629297458894,1.3253590204290269,qwen
atchctr,attachment,AT,Austria,8.143301566730617,1.963193689283061,7.136632200886263,1.060389233980358,qwen
atchctr,attachment,BE,Belgium,6.4384596891130395,2.4364640132962894,7.190989660265879,1.0752012588043003,qwen
atchctr,attachment,BG,Bulgaria,7.809716109099207,2.4319335045433403,7.173076923076923,1.0751399564363358,qwen
atchctr,attachment,CH,Switzerland,7.74467005313434,1.8717420285613302,7.377286135693216,0.9992095890208665,qwen
atchctr,attachment,CY,Cyprus,8.104507952397872,2.1998829115038263,7.408823529411765,1.0937949629376433,qwen
atchctr,attachment,DE,Germany,7.173427417552009,2.250203405654173,7.115259259259259,1.2496128953297996,qwen
atchctr,attachment,EE,Estonia,7.764812738799736,2.177116452813285,7.388461538461539,0.9524782489982723,qwen
atchctr,attachment,ES,Spain,7.6705586518274265,2.361073643641371,7.338495575221239,1.0136186877449667,qwen
atchctr,attachment,FI,Finland,8.532889956209539,1.721974346336809,7.341617647058824,1.0554105083201093,qwen
atchctr,attachment,FR,France,8.11408061265241,1.7557768826141311,7.3871681415929205,1.0256088459649244,qwen
atchctr,attachment,GB,United Kingdom,6.446242122238281,2.686254482171474,7.135756676557864,1.126031482946573,qwen
atchctr,attachment,GR,Greece,8.881524692125504,1.5027453695254007,7.418020679468242,1.0199200482867128,qwen
atchctr,attachment,HR,Croatia,7.805299599467808,2.3082126079291276,7.365236686390532,1.0276856862983377,qwen
atchctr,attachment,HU,Hungary,8.192343443970984,1.9373680552289099,7.215022091310751,1.0930909158202338,qwen
atchctr,attachment,IE,Ireland,7.940130153125142,1.9499742875864232,7.212278106508876,1.1154059827013172,qwen
atchctr,attachment,IL,Israel,7.589408771063847,2.976638904720854,7.558431952662722,0.8441010452676618,qwen
atchctr,attachment,IS,Iceland,7.798589150536426,1.9086261257204415,7.634756995581738,0.8693568426818782,qwen
atchctr,attachment,IT,Italy,7.8728001015022055,2.1457995087140276,7.399412628487519,0.9760814251920752,qwen
atchctr,attachment,LT,Lithuania,7.66776595743522,2.351043034499375,7.25408618127786,1.1009676905599788,qwen
atchctr,attachment,LV,Latvia,8.002254051978401,2.3460469517606706,7.2507440476190474,1.1737946082593935,qwen
atchctr,attachment,ME,Montenegro,7.43172280951192,2.611198558009051,7.435103244837758,0.8447811309397357,qwen
atchctr,attachment,NL,Netherlands,6.91995596751002,1.9759069697496663,7.28357771260997,1.083839418928084,qwen
atchctr,attachment,NO,Norway,8.356020732898022,1.7609468632769683,7.428152492668621,0.9374563893063719,qwen
atchctr,attachment,PL,Poland,8.381322284672837,2.067943260908936,7.273442136498517,0.9654465774822804,qwen
atchctr,attachment,PT,Portugal,8.323597733262226,1.958016904353307,7.4337260677466865,1.1383096153102068,qwen
atchctr,attachment,RS,Serbia,7.955240033272359,2.769081811317891,7.234513274336283,0.9411897224362851,qwen
atchctr,attachment,SE,Sweden,7.687499171975582,2.2106911613218845,7.259643916913946,1.0354506125763716,qwen
atchctr,attachment,SI,Slovenia,7.822256846162968,2.2401440085016127,7.238970588235294,1.0593001270059226,qwen
atchctr,attachment,SK,Slovakia,7.3373376954344876,2.401305239829526,7.206973293768546,0.9965596283697307,qwen
atchctr,attachment,UA,Ukraine,8.384846624537102,2.2335078090949296,7.511078286558345,1.2774598691289405,qwen
atcherp,attachment,AT,Austria,6.459312965022585,2.4740283129114413,7.350658857979502,1.0237410575692205,qwen
atcherp,attachment,BE,Belgium,5.737255057652594,2.4869016145939025,7.285970149253732,0.9311806153588076,qwen
atcherp,attachment,BG,Bulgaria,4.557503875500378,2.7733848582900498,7.140444444444444,1.1143292926700226,qwen
atcherp,attachment,CH,Switzerland,6.089205374334021,2.29180426314845,7.501620029455082,0.8579218029699494,qwen
atcherp,attachment,CY,Cyprus,5.111489573318731,2.6391498452836135,7.408689248895435,1.0368140540339696,qwen
atcherp,attachment,DE,Germany,6.372853835697904,2.5349371781994114,7.3004444444444445,1.0317726001006697,qwen
atcherp,attachment,EE,Estonia,5.66938285217246,2.650948355524505,7.417899408284024,0.9833377906940508,qwen
atcherp,attachment,ES,Spain,6.66848211243954,2.265122140456476,7.410898379970545,0.9538459273278717,qwen
atcherp,attachment,FI,Finland,6.847523322270992,1.9594314130921375,7.341874084919473,1.0206248453918982,qwen
atcherp,attachment,FR,France,6.118343031458958,2.506014263379807,7.35589970501475,1.0177968801227015,qwen
atcherp,attachment,GB,United Kingdom,4.782086100508302,2.709499960031744,6.922848664688427,1.229278851258436,qwen
atcherp,attachment,GR,Greece,5.377431957724561,2.396499458360454,7.350148367952523,0.9558337228515609,qwen
atcherp,attachment,HR,Croatia,6.017784696959767,2.7024896573637998,7.4069940476190474,0.9807667002818784,qwen
atcherp,attachment,HU,Hungary,7.386025960497832,2.308692837898404,7.207964601769912,1.0710898045908372,qwen
atcherp,attachment,IE,Ireland,5.9434348180023875,2.383310584470113,7.1911764705882355,1.1897618348218764,qwen
atcherp,attachment,IL,Israel,2.430308978588516,2.3683137968434713,6.828101644245142,1.3044899943432313,qwen
atcherp,attachment,IS,Iceland,6.068364672873836,2.2551332756453117,7.366124260355029,1.0781563451264797,qwen
atcherp,attachment,IT,Italy,5.7209684284249445,2.308495754114149,7.413970588235294,1.0327603455724799,qwen
atcherp,attachment,LT,Lithuania,5.910696311492451,2.677545132751692,7.306047197640118,1.18068227933726,qwen
atcherp,attachment,LV,Latvia,5.3753155336116425,2.768291889432703,7.2357357357357355,1.160431271585879,qwen
atcherp,attachment,ME,Montenegro,4.7930529170902565,2.497743690399417,7.322058823529412,0.9218099613163871,qwen
atcherp,attachment,NL,Netherlands,5.724042520406502,2.175500955768772,7.438144329896907,0.8578133532707805,qwen
atcherp,attachment,NO,Norway,6.528823298702699,2.258380187969604,7.37905604719764,0.9795415349617513,qwen
atcherp,attachment,PL,Poland,6.852986064225321,2.392893967990444,7.311738484398218,1.0003996715995014,qwen
atcherp,attachment,PT,Portugal,6.708304466826482,2.185217417074786,7.454545454545454,0.9702558128026852,qwen
atcherp,attachment,RS,Serbia,3.5381177753021533,3.0939519700451057,7.084808259587021,1.085266935201054,qwen
atcherp,attachment,SE,Sweden,6.492313928148823,2.2401736423879495,7.384955752212389,1.006277599177508,qwen
atcherp,attachment,SI,Slovenia,5.98720295951601,2.6551961227910086,7.379675994108984,0.948574095798176,qwen
atcherp,attachment,SK,Slovakia,6.0905108649622255,2.750945268381491,7.1608187134502925,1.111835661461404,qwen
atcherp,attachment,UA,Ukraine,5.628034619503941,3.1507378764613088,6.85672082717873,1.6057873883065232,qwen
health,health,AT,Austria,1.9141356256686646,0.9232104251785521,3.7265868415602994,0.518354102018691,qwen
health,health,BE,Belgium,2.114847504252695,0.8827077394660321,3.7478645066273937,0.5466030840262209,qwen
health,health,BG,Bulgaria,2.0014969415203407,0.89154254997927,3.69437037037037,0.5414750808816026,qwen
health,health,CH,Switzerland,1.8562260693555466,0.7370794966101829,3.798705722567648,0.4815043492193367,qwen
health,health,CY,Cyprus,1.9838909971504628,0.972816685203613,3.7435935198821793,0.521357474523126,qwen
health,health,DE,Germany,2.3404064086681218,0.9204941688404913,3.7747306933201377,0.5347564665932254,qwen
health,health,EE,Estonia,2.384538456606737,0.8140440645423924,3.7322271386430677,0.5930958471697957,qwen
health,health,ES,Spain,2.2450335664243757,0.9550380949578365,3.7635431918008786,0.5218990608632799,qwen
health,health,FI,Finland,2.242125842698102,0.832107114210838,3.783533188625854,0.5202093887195599,qwen
health,health,FR,France,2.1955373529269524,0.917509906548585,3.7967551622418876,0.4905124402076085,qwen
health,health,GB,United Kingdom,2.1475728850864075,0.9299975852006594,3.7328947368421055,0.4983279045669252,qwen
health,health,GR,Greece,1.6507620037517867,0.7968449482650742,3.7314814814814814,0.5475918666318582,qwen
health,health,HR,Croatia,2.1587218174065788,1.0763146128824166,3.7381405563689607,0.6128139730392762,qwen
health,health,HU,Hungary,2.1453850505528766,0.968639011634433,3.7152654867256634,0.5020408897356885,qwen
health,health,IE,Ireland,1.7979717869331635,0.7767376972115357,3.8297687327917287,0.4529581575668387,qwen
health,health,IL,Israel,1.805679135155322,1.0235947764484168,3.83620178041543,0.4250804950567098,qwen
health,health,IS,Iceland,2.0520469187203223,0.933014525178925,3.8488217967599407,0.5212930053245551,qwen
health,health,IT,Italy,2.208019228294266,0.8613077531480793,3.764342887285294,0.5551019023568705,qwen
health,health,LT,Lithuania,2.3620473814182037,0.8127189824484872,3.699858792092227,0.5610235994480138,qwen
health,health,LV,Latvia,2.651565011670587,0.829205302339946,3.6800298062593146,0.5471669223384266,qwen
health,health,ME,Montenegro,2.0184010632287226,0.8525585211091011,3.7478158636615273,0.5558559531602243,qwen
health,health,NL,Netherlands,2.136731618071862,0.7366112674677908,3.7705059378558645,0.4861624660076951,qwen
health,health,NO,Norway,2.065780416217236,0.9372793967065801,3.836005038243813,0.4976940992826851,qwen
health,health,PL,Poland,2.234161722961197,0.8088475011682066,3.718879056047198,0.5477001034979211,qwen
health,health,PT,Portugal,2.392226647275271,0.8990897224501815,3.7285923753665684,0.5233918081574565,qwen
health,health,RS,Serbia,2.3095017135503286,1.0226643886584024,3.703386722312389,0.5650601518127146,qwen
health,health,SE,Sweden,2.049525199592529,0.8356555728872694,3.79588459374277,0.5174871310815133,qwen
health,health,SI,Slovenia,2.1846749396506233,0.8942901128662777,3.7401073512692697,0.544094168166362,qwen
health,health,SK,Slovakia,2.2348633159025577,0.8945051260799347,3.6954661213150177,0.5333237801648792,qwen
health,health,UA,Ukraine,2.673107019642948,0.8603051181585082,3.5856508875739648,0.5381529640862035,qwen
rlgatnd,religion,AT,Austria,5.479338666840443,1.3400087072150901,3.2514619883040936,0.767903477733511,qwen
rlgatnd,religion,BE,Belgium,6.116130995693989,1.3653135699401429,3.344574780058651,0.6982513576236183,qwen
rlgatnd,religion,BG,Bulgaria,5.327140858928711,1.2396764000564964,3.260614934114202,0.7654666620724818,qwen
rlgatnd,religion,CH,Switzerland,5.734269035247372,1.3171909253730611,3.3103953147877014,0.7247167444085382,qwen
rlgatnd,religion,CY,Cyprus,4.353221003891415,1.3570157202418038,3.3172514619883042,0.7139648977231832,qwen
rlgatnd,religion,DE,Germany,6.072509764828908,1.2470883860930286,3.212298682284041,0.8015899624139737,qwen
rlgatnd,religion,EE,Estonia,6.052758649598297,1.0707400981460191,3.1544117647058822,0.7369750344035692,qwen
rlgatnd,religion,ES,Spain,5.881227715894526,1.5065486967625719,3.306451612903226,0.786217186203271,qwen
rlgatnd,religion,FI,Finland,5.850632443390991,1.165045751022802,3.22953216374269,0.7700121220285174,qwen
rlgatnd,religion,FR,France,6.127880470150239,1.2904666557657698,3.2909356725146197,0.7210532003059384,qwen
rlgatnd,religion,GB,United Kingdom,5.845746367740842,1.583302523856709,3.327485380116959,0.7445686939762437,qwen
rlgatnd,religion,GR,Greece,4.563632269248038,1.173277911508533,3.327485380116959,0.7266555035705718,qwen
rlgatnd,religion,HR,Croatia,4.986787808266148,1.4499214808058578,3.3103953147877014,0.7124738954573857,qwen
rlgatnd,religion,HU,Hungary,5.677079152143987,1.4075077348572846,3.206442166910688,0.7695560422405656,qwen
rlgatnd,religion,IE,Ireland,5.103841421421447,1.5704984412755174,3.3269794721407626,0.6747856326952569,qwen
rlgatnd,religion,IL,Israel,5.142386564860492,1.9814960341303947,3.314327485380117,0.6986910902500753,qwen
rlgatnd,religion,IS,Iceland,6.145479970306821,1.1653814568349314,3.2067448680351904,0.8270828498638872,qwen
rlgatnd,religion,IT,Italy,4.662641162701375,1.628398840444458,3.2576866764275256,0.7834871528577797,qwen
rlgatnd,religion,LT,Lithuania,5.138376199062481,1.1990503855709085,3.2375366568914954,0.7204981365233322,qwen
rlgatnd,religion,LV,Latvia,5.814837262072342,1.2054114115367247,3.2873900293255134,0.7103922870816376,qwen
rlgatnd,religion,ME,Montenegro,4.338197625667527,1.6547586813358335,3.3792093704245976,0.6706944502100527,qwen
rlgatnd,religion,NL,Netherlands,6.162729781781611,1.4696419827192204,3.3567251461988303,0.6769138740386482,qwen
rlgatnd,religion,NO,Norway,6.076685746987576,1.1874551439866414,3.25,0.7655178440416135,qwen
rlgatnd,religion,PL,Poland,4.294966622278048,1.466940204585177,3.304093567251462,0.7125198494696697,qwen
rlgatnd,religion,PT,Portugal,5.25733500990477,1.682959356254799,3.2744525547445256,0.7895543562317208,qwen
rlgatnd,religion,RS,Serbia,5.063040211682718,1.1521434257006364,3.291970802919708,0.7291004625745352,qwen
rlgatnd,religion,SE,Sweden,6.053227284345842,1.1352555567958624,3.2840409956076133,0.7762002784186496,qwen
rlgatnd,religion,SI,Slovenia,5.421129340400725,1.3829041678849663,3.260233918128655,0.7801324760544678,qwen
rlgatnd,religion,SK,Slovakia,4.802303803279733,1.6272285940989588,3.323099415204678,0.68405284919914,qwen
rlgatnd,religion,UA,Ukraine,4.903262379016235,1.4965780611518245,3.191800878477306,0.7902207317371915,qwen
aesfdrk,safety,AT,Austria,1.7451200858393296,0.7781357867038727,2.8260233918128654,0.43928063053774447,qwen
aesfdrk,safety,BE,Belgium,1.9608103558736638,0.7680524114258143,2.8596491228070176,0.40499501251285003,qwen
aesfdrk,safety,BG,Bulgaria,2.5147298946457233,0.8500712838204036,2.7349926793557833,0.5429279734953869,qwen
aesfdrk,safety,CH,Switzerland,1.6449212604938928,0.6840492099370598,2.9313868613138685,0.3053499154736319,qwen
aesfdrk,safety,CY,Cyprus,2.206599297143829,0.7915801586684562,2.846715328467153,0.4506413712164353,qwen
aesfdrk,safety,DE,Germany,1.9377331019707613,0.7754115407227861,2.8455344070278183,0.4087637465586174,qwen
aesfdrk,safety,EE,Estonia,1.7614117223777974,0.6534452556480626,2.856204379562044,0.4029970531338816,qwen
aesfdrk,safety,ES,Spain,1.8616260813447065,0.7579753018268469,2.8175438596491227,0.47216747916494817,qwen
aesfdrk,safety,FI,Finland,1.6502650058100996,0.6329304653417683,2.892262773722628,0.3738314985773036,qwen
aesfdrk,safety,FR,France,1.9970340137772633,0.8798602580096239,2.8528550512445094,0.40245203836224447,qwen
aesfdrk,safety,GB,United Kingdom,1.9204157097348173,0.7639990590412803,2.8698830409356724,0.4038968140178321,qwen
aesfdrk,safety,GR,Greece,2.214238278814882,0.8221606948682242,2.7748538011695905,0.5095392880452543,qwen
aesfdrk,safety,HR,Croatia,1.607796724970234,0.6176597085881051,2.8324087591240876,0.4149975789886496,qwen
aesfdrk,safety,HU,Hungary,1.88843413734752,0.5869997343161297,2.77046783625731,0.49145472392651707,qwen
aesfdrk,safety,IE,Ireland,1.8840217477145313,0.7786320886168319,2.8817518248175182,0.3850683424763884,qwen
aesfdrk,safety,IL,Israel,2.003908804589909,0.8713027199520768,2.849706744868035,0.4332795764955746,qwen
aesfdrk,safety,IS,Iceland,1.4502312563915707,0.6582303359278844,2.9275256222547585,0.36860384583404965,qwen
aesfdrk,safety,IT,Italy,2.2515240159291157,0.7870124590342552,2.830701754385965,0.45666571701622455,qwen
aesfdrk,safety,LT,Lithuania,2.1023968977184855,0.6603483022587546,2.797514619883041,0.4736169274101494,qwen
aesfdrk,safety,LV,Latvia,2.0343555398162096,0.7569815019136503,2.8321114369501466,0.4301875415407846,qwen
aesfdrk,safety,ME,Montenegro,1.9127651028518395,0.6766689768568745,2.847953216374269,0.42296301009730963,qwen
aesfdrk,safety,NL,Netherlands,1.8321046219530455,0.6716373504943086,2.8519061583577714,0.4189745575496359,qwen
aesfdrk,safety,NO,Norway,1.4444036804392373,0.621264626266143,2.937683284457478,0.3440314237718707,qwen
aesfdrk,safety,PL,Poland,1.7455882829221274,0.6103235977360933,2.827485380116959,0.4289031856782148,qwen
aesfdrk,safety,PT,Portugal,2.0040593848451977,0.6692397650858066,2.83187134502924,0.4390612984921583,qwen
aesfdrk,safety,RS,Serbia,1.7162551018890868,0.7411910287910501,2.7942815249266864,0.4668570483494488,qwen
aesfdrk,safety,SE,Sweden,1.7102098196296691,0.7724201277122971,2.8938506588579793,0.378208023504024,qwen
aesfdrk,safety,SI,Slovenia,1.5854336586751598,0.6011680445006672,2.8802919708029195,0.36310861714478004,qwen
aesfdrk,safety,SK,Slovakia,2.14238162067109,0.6523475023052114,2.7997076023391814,0.4455078230304811,qwen
aesfdrk,safety,UA,Ukraine,2.0477057283918545,0.8012970852475175,2.6744525547445255,0.5727778312902713,qwen
hincfel,income,AT,Austria,1.7885763610856038,0.7016947571657278,2.9120234604105573,0.36094468892747766,qwen
hincfel,income,BE,Belgium,1.86522641109487,0.8896511295112408,2.898826979472141,0.37549587690617264,qwen
hincfel,income,BG,Bulgaria,2.5741661039618227,0.8640364971527,2.81791483113069,0.5136682367457411,qwen
hincfel,income,CH,Switzerland,1.5683709540776045,0.7180125713220007,2.9299270072992702,0.3026116737233265,qwen
hincfel,income,CY,Cyprus,2.079467994970561,0.8671987095784793,2.891336270190896,0.38340364997596416,qwen
hincfel,income,DE,Germany,1.626667978914573,0.6834186975768242,2.8682284040995607,0.436831695461497,qwen
hincfel,income,EE,Estonia,1.9440503292166416,0.7082959549773526,2.9108187134502925,0.36211502811648216,qwen
hincfel,income,ES,Spain,1.85549258919365,0.8177486918848212,2.8204379562043798,0.5056896579288207,qwen
hincfel,income,FI,Finland,1.8378014985173585,0.685850382143259,2.8830409356725144,0.4132563164609553,qwen
hincfel,income,FR,France,1.7442598225119734,0.7357233858495562,2.8623718887262077,0.4417091530243505,qwen
hincfel,income,GB,United Kingdom,1.782693631351505,0.8396131057994066,2.8613138686131387,0.46172955034116847,qwen
hincfel,income,GR,Greece,2.4566459133957133,0.763509976228362,2.837719298245614,0.46073790535492,qwen
hincfel,income,HR,Croatia,1.8591769298216114,0.7951207513223731,2.9121522693997073,0.35247165848499773,qwen
hincfel,income,HU,Hungary,2.1792181814427543,0.7150166923772696,2.8391812865497075,0.4532458851299314,qwen
hincfel,income,IE,Ireland,1.817426696357792,0.8275290655892819,2.91021897810219,0.3662047871485751,qwen
hincfel,income,IL,Israel,1.992257796033195,0.909257685789422,2.9078947368421053,0.3772392749990833,qwen
hincfel,income,IS,Iceland,1.5782702126796426,0.7523342908941502,2.9371345029239766,0.3020107907900519,qwen
hincfel,income,IT,Italy,1.9337770882399752,0.7686205038007697,2.8577712609970676,0.46175908994455667,qwen
hincfel,income,LT,Lithuania,1.9270208834320273,0.6560368551061526,2.881057268722467,0.39735455860589053,qwen
hincfel,income,LV,Latvia,2.441784891392683,0.7822267281510663,2.8751835535976507,0.41371808043891345,qwen
hincfel,income,ME,Montenegro,2.541803177342517,1.0498763840763221,2.891654465592972,0.3942073796157538,qwen
hincfel,income,NL,Netherlands,1.418800054685903,0.6486966976962052,2.9195906432748537,0.3259797382077401,qwen
hincfel,income,NO,Norway,1.5104027324668359,0.6803905012376829,2.929618768328446,0.34831606842619905,qwen
hincfel,income,PL,Poland,1.94692268620397,0.5536224979120611,2.88659793814433,0.4032830630751732,qwen
hincfel,income,PT,Portugal,2.2961930159308017,0.8230599117177357,2.8874269005847952,0.3755559497185516,qwen
hincfel,income,RS,Serbia,1.919298210772144,0.7621331198511583,2.8489736070381233,0.44925175436844195,qwen
hincfel,income,SE,Sweden,1.3799038798597794,0.6167472715921849,2.920704845814978,0.3336916101688381,qwen
hincfel,income,SI,Slovenia,1.5381724922383904,0.7351340898757903,2.900293255131965,0.37783668427484457,qwen
hincfel,income,SK,Slovakia,2.1619024707248014,0.8206651601987425,2.882869692532943,0.3954090932569169,qwen
hincfel,income,UA,Ukraine,2.8978141350157722,0.9025688044675382,2.7812960235640647,0.5290561243783846,qwen
