variable,domain,cntry,country_name,survey_mean,survey_sd,silicon_mean,silicon_sd,model
ppltrst,social_trust,AT,Austria,6.071829184018286,2.0976862462724717,7.3,0.9649979378696806,qwen
ppltrst,social_trust,BE,Belgium,5.458173187943939,2.195522494698598,7.359218749999999,0.9693952177640383,qwen
ppltrst,social_trust,BG,Bulgaria,3.728913646176717,2.3711881162028385,7.0608828006088284,0.8487479013010144,qwen
ppltrst,social_trust,CH,Switzerland,5.855593288087151,2.1151913454264175,7.772560975609755,1.0271921987000252,qwen
ppltrst,social_trust,CY,Cyprus,4.092466358118389,2.456123517842882,7.446779141104295,0.9386260149817339,qwen
ppltrst,social_trust,DE,Germany,5.213421360673227,2.329440069370058,7.239445300462249,1.03556375198545,qwen
ppltrst,social_trust,EE,Estonia,5.597881429421257,1.9956320359719784,7.782522796352583,0.5968830914828335,qwen
ppltrst,social_trust,ES,Spain,5.30377052791885,2.170845887878443,7.304953560371517,0.9681150458628685,qwen
ppltrst,social_trust,FI,Finland,6.920840954305089,1.8140828898597425,7.865805471124621,0.7503024485044796,qwen
ppltrst,social_trust,FR,France,4.472588263453334,2.150595521187708,7.303179650238475,0.8834047127246994,qwen
ppltrst,social_trust,GB,United Kingdom,5.418093170478824,2.2752091003472237,7.013178294573644,1.1055604692104988,qwen
ppltrst,social_trust,GR,Greece,4.5659732232376244,1.9203750141942668,7.099381761978362,1.0205320599087198,qwen
ppltrst,social_trust,HR,Croatia,4.710634171131117,2.3881561272203213,7.335999999999999,0.9133807567382077,qwen
ppltrst,social_trust,HU,Hungary,4.5774672280159825,2.4378724365986537,6.8713841368584765,1.1691474302156013,qwen
ppltrst,social_trust,IE,Ireland,5.414850386746617,2.381842777024013,7.490030674846626,0.9380055314004244,qwen
ppltrst,social_trust,IL,Israel,5.174017172464776,2.389764509965967,7.191411042944786,0.9154350630130397,qwen
ppltrst,social_trust,IS,Iceland,6.354200470157306,2.061858353889841,8.054294478527607,0.7585639835525053,qwen
ppltrst,social_trust,IT,Italy,4.498938379325662,2.3475202051401065,7.385887708649469,0.9205181867037394,qwen
ppltrst,social_trust,LT,Lithuania,5.1342718600800605,2.4545179848769294,7.144427244582044,1.0916135117519974,qwen
ppltrst,social_trust,LV,Latvia,3.853969529445196,2.5315340747124133,7.192955589586524,1.0473363787990841,qwen
ppltrst,social_trust,ME,Montenegro,4.214523037104412,2.5013155012698616,7.584674922600619,0.8496039038196875,qwen
ppltrst,social_trust,NL,Netherlands,6.1705777782591795,1.958424103278812,7.798638426626323,0.6167716224163745,qwen
ppltrst,social_trust,NO,Norway,6.4876535997464035,1.9510974667031853,8.051138088012141,0.6273486526378705,qwen
ppltrst,social_trust,PL,Poland,4.5337215889785645,2.3334421200904445,7.08597842835131,0.798476948825419,qwen
ppltrst,social_trust,PT,Portugal,4.15405019735004,2.4020558131627445,7.556346749226005,0.7178445107361812,qwen
ppltrst,social_trust,RS,Serbia,4.4015442985461535,2.769641531820987,6.999397590361446,1.1349910857625267,qwen
ppltrst,social_trust,SE,Sweden,6.173553003500404,2.0369372146641576,8.033634992458522,0.5191789062152607,qwen
ppltrst,social_trust,SI,Slovenia,4.671985358795646,2.386686330953043,7.361715160796324,1.107228673725579,qwen
ppltrst,social_trust,SK,Slovakia,4.032077870148862,2.846323197813735,7.122052067381318,0.9293133970426051,qwen
ppltrst,social_trust,UA,Ukraine,3.823509033700963,2.792401452672258,6.046310832025117,1.5384913741269355,qwen
pplfair,social_trust,AT,Austria,6.356658702906922,2.007590140567435,7.285103244837758,0.7857478094455878,qwen
pplfair,social_trust,BE,Belgium,5.898274055320637,2.038526524185433,7.414432989690721,0.6350139439402654,qwen
pplfair,social_trust,BG,Bulgaria,4.28774413732007,2.2021907496756565,7.06818851251841,0.7907399841431508,qwen
pplfair,social_trust,CH,Switzerland,6.400660288273514,1.8848948256164268,7.8724702380952385,0.5995038925192194,qwen
pplfair,social_trust,CY,Cyprus,4.423461465515083,2.2078122491415186,7.523042836041358,0.7385221647366649,qwen
pplfair,social_trust,DE,Germany,6.186403696050097,1.9898562079629318,7.276331360946746,0.6130933126672123,qwen
pplfair,social_trust,EE,Estonia,6.111731028208338,2.0677934266941755,7.582966226138033,0.6929926663553913,qwen
pplfair,social_trust,ES,Spain,5.541573467263106,2.1802436948843513,7.395729013254786,0.6685272129259033,qwen
pplfair,social_trust,FI,Finland,7.084249691343838,1.7336838763693212,7.711045655375552,0.6707622986828801,qwen
pplfair,social_trust,FR,France,6.088517879920214,1.9971480895774854,7.355007473841555,0.6871747733333454,qwen
pplfair,social_trust,GB,United Kingdom,5.981753215098941,2.1060601678344897,7.278280542986425,0.6349670398694334,qwen
pplfair,social_trust,GR,Greece,4.935914237527794,2.005204614994723,7.300294985250738,0.8127855171583934,qwen
pplfair,social_trust,HR,Croatia,5.182213320213709,2.439485398002121,7.335735294117647,0.6896474439778529,qwen
pplfair,social_trust,HU,Hungary,5.124484568640466,2.073835982532519,7.085419734904271,0.8106460289976897,qwen
pplfair,social_trust,IE,Ireland,6.168494894931351,2.106787750467679,7.561299852289513,0.6174317585965649,qwen
pplfair,social_trust,IL,Israel,5.314318458840991,2.3022335286898072,7.314307004470939,0.6534896597944966,qwen
pplfair,social_trust,IS,Iceland,6.576929478670769,1.9072991814569054,7.9069940476190474,0.5910877189298831,qwen
pplfair,social_trust,IT,Italy,4.588315451551168,2.2539241028190062,7.532106038291605,0.7831560915076574,qwen
pplfair,social_trust,LT,Lithuania,5.4409183956236085,2.235114984941725,7.285545722713865,0.6599968086429667,qwen
pplfair,social_trust,LV,Latvia,5.663738367059401,2.247497646406504,7.1813884785819795,0.7124894838112468,qwen
pplfair,social_trust,ME,Montenegro,4.36938040692145,2.2653311034681702,7.577994011976048,0.6350182232756204,qwen
pplfair,social_trust,NL,Netherlands,6.542182923142853,1.634480715869356,7.63134328358209,0.7461328212275403,qwen
pplfair,social_trust,NO,Norway,6.757639034501647,1.8971193298633304,7.919734904270987,0.5649229883072099,qwen
pplfair,social_trust,PL,Poland,5.225422873831028,2.2838780429825127,7.148275862068965,0.7787584610151415,qwen
pplfair,social_trust,PT,Portugal,5.2347667924699675,2.2103944076408926,7.555147058823529,0.7057328733337106,qwen
pplfair,social_trust,RS,Serbia,4.739201854594089,2.8499587721633626,7.122388059701493,0.6651299693220867,qwen
pplfair,social_trust,SE,Sweden,6.592569867878159,1.8020303379041651,7.773402674591382,0.6548058462191949,qwen
pplfair,social_trust,SI,Slovenia,5.418600199352892,2.258280124051613,7.386181277860326,0.7341595918975318,qwen
pplfair,social_trust,SK,Slovakia,4.8643116719235655,2.5431197557800247,7.172246696035242,0.7275921839261272,qwen
pplfair,social_trust,UA,Ukraine,4.693212458739193,2.43492351369049,6.710014947683109,1.2778296648891991,qwen
pplhlp,social_trust,AT,Austria,6.318627057316925,2.061005753294836,7.307291666666667,0.7836768689472725,qwen
pplhlp,social_trust,BE,Belgium,5.060544624005849,2.1956473479694956,7.329879879879881,0.7316840091930791,qwen
pplhlp,social_trust,BG,Bulgaria,3.550500715225844,2.3080899941553548,7.02311178247734,0.9010637432960826,qwen
pplhlp,social_trust,CH,Switzerland,5.8985149650676005,1.884854676878496,7.655373134328359,0.6575486213290131,qwen
pplhlp,social_trust,CY,Cyprus,4.108040391083219,2.1954327810505894,7.535151515151515,0.6630784013871726,qwen
pplhlp,social_trust,DE,Germany,5.359509661907016,2.0965802980361574,7.208456973293768,0.7413310739119449,qwen
pplhlp,social_trust,EE,Estonia,5.026836971472983,2.0167271854085875,7.657038123167156,0.7002319911447993,qwen
pplhlp,social_trust,ES,Spain,4.799287732107402,2.2984435948613826,7.28095952023988,0.6580846102248437,qwen
pplhlp,social_trust,FI,Finland,6.367163416606128,1.957104421735069,7.557037037037037,0.6657073546304051,qwen
pplhlp,social_trust,FR,France,4.606344443975376,2.24002307315973,7.229371165644172,0.7771605750506638,qwen
pplhlp,social_trust,GB,United Kingdom,5.990719000699621,1.942504544742161,7.332831325301205,0.7080918606507277,qwen
pplhlp,social_trust,GR,Greece,4.337120313457906,1.9778120001939348,7.129745889387145,0.784656430403935,qwen
pplhlp,social_trust,HR,Croatia,4.343355311541862,2.4112502202938684,7.290611028315946,0.7288621775399955,qwen
pplhlp,social_trust,HU,Hungary,4.605214910806596,2.2470109750370364,6.886032689450223,0.8871173783538617,qwen
pplhlp,social_trust,IE,Ireland,5.939084968682108,2.240485078040839,7.519939577039275,0.6933625205084363,qwen
pplhlp,social_trust,IL,Israel,5.100096960518647,2.336648940608769,7.340902255639099,0.771018199672895,qwen
pplhlp,social_trust,IS,Iceland,6.299077774742755,1.791363854697011,7.999548872180451,0.5790127980222678,qwen
pplhlp,social_trust,IT,Italy,4.184164039738798,2.273457502775936,7.292781954887218,0.7832829365625349,qwen
pplhlp,social_trust,LT,Lithuania,5.032521343524122,2.3988190229998003,7.180029806259314,0.6917341386061888,qwen
pplhlp,social_trust,LV,Latvia,4.838484340024971,2.2962432351850475,7.056971514242878,0.7614344397873333,qwen
pplhlp,social_trust,ME,Montenegro,4.194717188555699,2.2559179621884984,7.590138674884438,0.6227141997471712,qwen
pplhlp,social_trust,NL,Netherlands,5.65817291172352,1.7643307067812635,7.5684131736526945,0.8494495245149993,qwen
pplhlp,social_trust,NO,Norway,6.003298800640809,1.9932155036957901,7.911538461538461,0.549032819635618,qwen
pplhlp,social_trust,PL,Poland,4.546993964205541,2.4182053882140755,7.074085365853658,0.826525377913548,qwen
pplhlp,social_trust,PT,Portugal,4.213744814045952,2.1791089434587874,7.485185185185185,0.7091515512419474,qwen
pplhlp,social_trust,RS,Serbia,3.72835672703553,2.720929475579113,7.1140271493212675,0.6712250912539477,qwen
pplhlp,social_trust,SE,Sweden,5.946359746894595,1.936482154823752,7.760757575757577,0.5864603075054567,qwen
pplhlp,social_trust,SI,Slovenia,5.349566794505421,2.236529461060724,7.40901033973412,0.6476117217906298,qwen
pplhlp,social_trust,SK,Slovakia,4.195429337358618,2.5609256122451742,7.044626865671641,0.7507202886185538,qwen
pplhlp,social_trust,UA,Ukraine,4.165704117573958,2.6358905892713516,6.630757575757576,1.432129488857773,qwen
sclmeet,social_trust,AT,Austria,4.97855907049627,1.1862131472556947,3.7603857566765577,0.8030886695433953,qwen
sclmeet,social_trust,BE,Belgium,5.115008561601236,1.4064923799551072,3.791976225854383,0.7762055443328117,qwen
sclmeet,social_trust,BG,Bulgaria,4.99618382149749,1.6848498871293636,3.6966966966966965,0.9166240222110345,qwen
sclmeet,social_trust,CH,Switzerland,5.120404033218849,1.3015620048223844,3.930814814814815,0.8065560847709761,qwen
sclmeet,social_trust,CY,Cyprus,4.063565729120625,1.6808260299062987,3.8169642857142856,0.8444494031910453,qwen
sclmeet,social_trust,DE,Germany,4.750274005473209,1.4910419350395807,3.764179104477612,0.7338090913325929,qwen
sclmeet,social_trust,EE,Estonia,4.268464111365069,1.5064569734447395,3.8310549777117386,0.8429336447274065,qwen
sclmeet,social_trust,ES,Spain,5.250413100298126,1.4669300296384136,3.9244444444444446,0.8729759690461969,qwen
sclmeet,social_trust,FI,Finland,4.91015506669888,1.3723429550400144,3.79037037037037,0.8284512447912391,qwen
sclmeet,social_trust,FR,France,5.227998279869101,1.4417715646805522,3.790611028315946,0.8193835045811498,qwen
sclmeet,social_trust,GB,United Kingdom,4.825888880970069,1.545839796639787,3.6639586410635157,0.8193306104219968,qwen
sclmeet,social_trust,GR,Greece,4.23068100764633,1.5663897051020776,3.803731343283582,0.9536654733396016,qwen
sclmeet,social_trust,HR,Croatia,5.355922756611965,1.5433309288591155,3.9059701492537315,0.8515141875880018,qwen
sclmeet,social_trust,HU,Hungary,3.4073398053512745,1.5184246921707605,3.672932330827068,0.901064281998518,qwen
sclmeet,social_trust,IE,Ireland,4.3086014206280145,1.5764076371688671,3.728358208955224,0.7522375134070073,qwen
sclmeet,social_trust,IL,Israel,5.37946729389215,1.566948729077005,3.903731343283582,0.8179056264718665,qwen
sclmeet,social_trust,IS,Iceland,5.278807458651748,1.4394663497959697,4.044072948328267,0.8855528112883159,qwen
sclmeet,social_trust,IT,Italy,4.706546679320957,1.5752412935391051,3.891111111111111,0.8932209799876007,qwen
sclmeet,social_trust,LT,Lithuania,4.364283230788744,1.5622693395152705,3.7823179791976225,0.8445902641014505,qwen
sclmeet,social_trust,LV,Latvia,4.3429616960030435,1.6424937139788904,3.6751879699248122,0.8078498547421213,qwen
sclmeet,social_trust,ME,Montenegro,4.834985214387212,1.6015829359800529,3.9028961388838614,0.8255033997188618,qwen
sclmeet,social_trust,NL,Netherlands,5.398005102386256,1.2576971589608217,3.77700296735905,0.8345916120958684,qwen
sclmeet,social_trust,NO,Norway,5.688076208039842,1.3525075883274424,3.919139465875371,0.8540116859376051,qwen
sclmeet,social_trust,PL,Poland,3.896722824683607,1.4430229733040592,3.759672619047619,0.8074145301587414,qwen
sclmeet,social_trust,PT,Portugal,5.685409759425016,1.576563523208556,3.766320474777448,0.8334085427177718,qwen
sclmeet,social_trust,RS,Serbia,5.185660516605247,1.5942757921749648,3.779017857142857,0.8101757383144564,qwen
sclmeet,social_trust,SE,Sweden,5.514484949240079,1.3608053671737674,3.8659638554216866,0.8025889322478301,qwen
sclmeet,social_trust,SI,Slovenia,4.631734240685188,1.4881140484001878,3.7920353982300883,0.8408662895570879,qwen
sclmeet,social_trust,SK,Slovakia,4.72857259415562,1.5838908117692216,3.754843517138599,0.8559900949431282,qwen
sclmeet,social_trust,UA,Ukraine,4.403961647625363,1.7492302415514074,3.6007575757575756,0.8667256692600934,qwen
inprdsc,social_trust,AT,Austria,3.118780630553028,1.1742953866443435,3.1069321533923304,0.6321020929812986,qwen
inprdsc,social_trust,BE,Belgium,3.249005581858395,1.392119874792085,3.111441307578009,0.6416147574067302,qwen
inprdsc,social_trust,BG,Bulgaria,2.077287035540825,1.2654833628886588,3.0863363363363363,0.568979644257983,qwen
inprdsc,social_trust,CH,Switzerland,3.5672430918798415,1.2546165765107025,3.21301775147929,0.6636882844707125,qwen
inprdsc,social_trust,CY,Cyprus,2.429658750415173,1.2914148054142078,3.176775147928994,0.5710618696746215,qwen
inprdsc,social_trust,DE,Germany,3.508134966369809,1.1978906541310246,3.0428360413589366,0.6518723088929808,qwen
inprdsc,social_trust,EE,Estonia,2.5808046896837573,1.3664122962604637,3.1735905044510386,0.6411935274488051,qwen
inprdsc,social_trust,ES,Spain,2.889223323462987,1.3851422121984767,3.1070901033973413,0.6644902476384783,qwen
inprdsc,social_trust,FI,Finland,3.2591695206650804,1.2740084057461003,3.1801470588235294,0.6045750772213719,qwen
inprdsc,social_trust,FR,France,2.834623969006955,1.4605348263872133,3.1205357142857144,0.5844948997581624,qwen
inprdsc,social_trust,GB,United Kingdom,3.16034956015881,1.3832269727107982,3.1070359281437128,0.6310279697107792,qwen
inprdsc,social_trust,GR,Greece,2.3001774709007434,1.208559756779504,3.165671641791045,0.6453356246189905,qwen
inprdsc,social_trust,HR,Croatia,2.2941152783671246,1.422859648476235,3.1289120715350225,0.6290232962159819,qwen
inprdsc,social_trust,HU,Hungary,2.598329752384808,1.230743088053047,3.070044709388972,0.5486862173977639,qwen
inprdsc,social_trust,IE,Ireland,2.7380058098736266,1.332686531536047,3.180327868852459,0.6771101101717465,qwen
inprdsc,social_trust,IL,Israel,2.4812293357499633,1.4132878598805871,3.1324404761904763,0.513909067816163,qwen
inprdsc,social_trust,IS,Iceland,3.671481858006674,1.317456305642698,3.372041420118343,0.6607308891761167,qwen
inprdsc,social_trust,IT,Italy,2.183433433926192,1.2779320478931364,3.143491124260355,0.6171395915647124,qwen
inprdsc,social_trust,LT,Lithuania,2.1369766166296262,1.3544109428510231,3.1738484398216937,0.6322904938886847,qwen
inprdsc,social_trust,LV,Latvia,1.8116237136593292,1.2881659791877138,3.1712121212121214,0.7402917752127832,qwen
inprdsc,social_trust,ME,Montenegro,2.1663481487525504,1.1666499399605834,3.2470238095238093,0.591159470491243,qwen
inprdsc,social_trust,NL,Netherlands,3.7088828570517682,1.283208311296253,3.177037037037037,0.693434742387245,qwen
inprdsc,social_trust,NO,Norway,3.227762827620148,1.4498231395247019,3.2932835820895523,0.6406972287227244,qwen
inprdsc,social_trust,PL,Poland,3.1281270388376403,1.4096043170643204,3.0349182763744427,0.6225301442610561,qwen
inprdsc,social_trust,PT,Portugal,2.2558309190788615,1.3613593845490315,3.1205621301775146,0.6235195044506776,qwen
inprdsc,social_trust,RS,Serbia,2.567237857631098,1.4134188192546682,3.083827893175074,0.6185754184771192,qwen
inprdsc,social_trust,SE,Sweden,3.8066124907958425,1.2668089879502242,3.207715133531157,0.6338869001937203,qwen
inprdsc,social_trust,SI,Slovenia,2.795537682887412,1.3412053782065898,3.1421130952380953,0.6020063318222173,qwen
inprdsc,social_trust,SK,Slovakia,1.9473222705088136,1.1682652569916379,3.0986646884273,0.5930363582182575,qwen
inprdsc,social_trust,UA,Ukraine,2.211819332304769,1.3882518522667766,3.077205882352941,0.6435321016060139,qwen
stfdem,political,AT,Austria,5.795551925183848,2.5244039995514704,7.169082840236687,0.7980196148716653,qwen
stfdem,political,BE,Belgium,5.182805903196197,2.3865646291443854,7.239819004524887,0.6571346506343005,qwen
stfdem,political,BG,Bulgaria,3.345957593389132,2.389999712039281,6.883156297420334,0.8594221523909612,qwen
stfdem,political,CH,Switzerland,7.56247036533076,1.683445748396554,7.708643815201192,0.6444827451250575,qwen
stfdem,political,CY,Cyprus,4.406779475086675,2.347149478693197,7.426119402985075,0.8458046561496139,qwen
stfdem,political,DE,Germany,5.545818977658347,2.7185355902907555,7.136701337295691,0.7282802199858333,qwen
stfdem,political,EE,Estonia,5.22721288753493,2.5582260200437856,7.519587628865979,0.7522135324698699,qwen
stfdem,political,ES,Spain,4.778082098901733,2.5349581336364486,7.128974739970283,0.6457795590945216,qwen
stfdem,political,FI,Finland,6.741465913056558,1.9636296674315314,7.5525925925925925,0.6119276384207121,qwen
stfdem,political,FR,France,4.305012268811358,2.514246595893705,7.097023809523809,0.6524218867874041,qwen
stfdem,political,GB,United Kingdom,4.494947856238885,2.617061205631026,7.116892911010558,0.6459153548370893,qwen
stfdem,political,GR,Greece,4.182779495226115,2.157520501595945,6.995522388059701,0.772264512376751,qwen
stfdem,political,HR,Croatia,4.472592596383696,2.5378221319688405,7.1711309523809526,0.7037476224186455,qwen
stfdem,political,HU,Hungary,4.382887230671318,2.6638131065423503,6.946188340807175,0.7929921168642031,qwen
stfdem,political,IE,Ireland,5.78448915317907,2.27866079594196,7.304444444444444,0.6319705260502592,qwen
stfdem,political,IL,Israel,4.252040313322515,2.747872552070624,7.208271787296898,0.7860033707328853,qwen
stfdem,political,IS,Iceland,5.8824026600111425,2.272405652680811,7.838805970149254,0.6900868045917328,qwen
stfdem,political,IT,Italy,5.130815160709393,2.0846916209904416,7.125,0.532127300077089,qwen
stfdem,political,LT,Lithuania,4.574857355022262,2.410861600256052,7.101203007518797,0.8148462764275288,qwen
stfdem,political,LV,Latvia,4.246869083229774,2.4390267760652473,7.048018292682927,0.903544693640179,qwen
stfdem,political,ME,Montenegro,4.176534491636248,2.5802896568015807,7.517719568567026,0.6136892900268349,qwen
stfdem,political,NL,Netherlands,5.936205591465354,2.078408741443333,7.431360946745563,0.8503551745345994,qwen
stfdem,political,NO,Norway,7.2146975468472805,2.082614524813177,7.84,0.5457143522967585,qwen
stfdem,political,PL,Poland,5.138550427476645,2.3767364162321356,7.00520059435364,0.7041879377455373,qwen
stfdem,political,PT,Portugal,4.685337986277323,2.3915689544469387,7.373887240356083,0.5576436514001616,qwen
stfdem,political,RS,Serbia,3.8520056691404525,3.0167915835283035,6.997754491017964,0.7560318482226969,qwen
stfdem,political,SE,Sweden,6.567043743724975,2.175495957021821,7.745252225519288,0.6962538340070255,qwen
stfdem,political,SI,Slovenia,4.919733489476906,2.3452548113037253,7.27123695976155,0.7975099993041757,qwen
stfdem,political,SK,Slovakia,4.9175346771760795,2.678245139306602,6.985228951255539,0.9018818995951684,qwen
stfdem,political,UA,Ukraine,2.92444960662641,2.63422996055466,5.448042168674699,1.4808773309800762,qwen
polintr,political,AT,Austria,2.4547384937785983,0.9451535772834191,2.9522760646108663,0.3809797202026198,qwen
polintr,political,BE,Belgium,2.6600712960145447,0.9266514161485133,2.9412628487518355,0.4194718562214546,qwen
polintr,political,BG,Bulgaria,2.9004839639486617,0.8905590486262941,2.901033973412112,0.4778670500077957,qwen
polintr,political,CH,Switzerland,2.4221674153798274,0.9169166691677192,2.9661764705882354,0.3014986104631931,qwen
polintr,political,CY,Cyprus,2.9759581549872625,0.9464163962391792,2.948529411764706,0.4083057587807895,qwen
polintr,political,DE,Germany,2.335726481029816,0.9106218676205067,2.922566371681416,0.4106858019665274,qwen
polintr,political,EE,Estonia,2.6443262976892985,0.850185551151809,2.943548387096774,0.38142751595986807,qwen
polintr,political,ES,Spain,2.7485941425241296,1.0134610620130429,2.9707602339181287,0.3698268453965091,qwen
polintr,political,FI,Finland,2.2407843653101502,0.7790287075638991,2.9810218978102188,0.38379698251652616,qwen
polintr,political,FR,France,2.658759358424714,0.9653820372660329,2.93859649122807,0.41814806906131424,qwen
polintr,political,GB,United Kingdom,2.5110910387053975,0.9914488060551393,2.9134897360703813,0.39804200375344745,qwen
polintr,political,GR,Greece,2.9002046633846286,0.9639196736010638,2.9674074074074075,0.42419930328381406,qwen
polintr,political,HR,Croatia,3.0240396648267,0.9305850782478338,2.9414348462664717,0.40823163787518524,qwen
polintr,political,HU,Hungary,2.7535411258208278,0.9198558225391383,2.927941176470588,0.46603190907435904,qwen
polintr,political,IE,Ireland,2.6359165070327637,0.9657476643159857,2.9705882352941178,0.3288122166125237,qwen
polintr,political,IL,Israel,2.447442839207694,1.0230894939105857,3.0775988286969254,0.4032261070058089,qwen
polintr,political,IS,Iceland,2.405532385956208,0.9176495535120655,3.013215859030837,0.4181208966539576,qwen
polintr,political,IT,Italy,3.00708233065885,0.8432736383469229,2.9276315789473686,0.4696775679130571,qwen
polintr,political,LT,Lithuania,2.7693064441571806,0.7601246187742123,2.949778434268833,0.4111832880822573,qwen
polintr,political,LV,Latvia,2.9474422149150334,0.8112785985044871,2.9162929745889388,0.4533844890109491,qwen
polintr,political,ME,Montenegro,2.956087586463116,0.846965603333293,2.9287833827893177,0.39041564008960805,qwen
polintr,political,NL,Netherlands,2.3430692690137467,0.8498537288249974,2.93859649122807,0.4146318246022961,qwen
polintr,political,NO,Norway,2.514350938533622,0.7965049246631382,2.9560117302052786,0.4480015207162909,qwen
polintr,political,PL,Poland,2.5559100924678884,0.8306258933227216,2.958883994126285,0.43190540875414185,qwen
polintr,political,PT,Portugal,2.8194495263177086,1.0126034640312167,2.938506588579795,0.42883131902470495,qwen
polintr,political,RS,Serbia,3.0522158755558984,0.8908439581576322,2.904692082111437,0.47369107905963403,qwen
polintr,political,SE,Sweden,2.1705131773500685,0.8234276538579621,2.9750733137829912,0.250040367766763,qwen
polintr,political,SI,Slovenia,2.7169428484465956,0.8737747745474248,2.9559471365638768,0.37313933310122893,qwen
polintr,political,SK,Slovakia,2.779801422127224,0.8472630479734179,2.9486803519061584,0.39676335952387154,qwen
polintr,political,UA,Ukraine,2.7396657538670346,0.9256292617482332,3.05726872246696,0.5406511866473784,qwen
psppipla,political,AT,Austria,2.3485664758821696,0.8566886458081991,3.6065012165450123,0.4939959578522998,qwen
psppipla,political,BE,Belgium,2.13617152706481,0.9075557836275948,3.6271929824561404,0.5104102368175947,qwen
psppipla,political,BG,Bulgaria,1.6942362499739123,0.87775771429061,3.340675477239354,0.474284738999422,qwen
psppipla,political,CH,Switzerland,2.925982779006587,0.9852906409289107,3.70796783625731,0.4781982951723131,qwen
psppipla,political,CY,Cyprus,1.8534503490367205,1.0127843077196175,3.54014598540146,0.5074676053404498,qwen
psppipla,political,DE,Germany,2.487903050233573,0.9385560771030744,3.6282163742690057,0.4926181643986275,qwen
psppipla,political,EE,Estonia,2.1195243542575155,0.8833491059661029,3.617624581403509,0.4923973042465919,qwen
psppipla,political,ES,Spain,1.854915319379539,0.8454162917878774,3.5197080291970804,0.4999765222643506,qwen
psppipla,political,FI,Finland,2.719963352443456,0.8283100335192526,3.6338686131386857,0.49443429807196415,qwen
psppipla,political,FR,France,2.040170208005676,0.9328773538672157,3.461988304093567,0.49891785664721755,qwen
psppipla,political,GB,United Kingdom,2.0858582660203373,0.8307741434463174,3.418978102189781,0.4937523183327509,qwen
psppipla,political,GR,Greece,2.0439646230330513,0.976032462119943,3.4203216374269005,0.5196117613071095,qwen
psppipla,political,HR,Croatia,1.646717445797756,0.7626765159029129,3.5255474452554743,0.499711787851929,qwen
psppipla,political,HU,Hungary,1.8850817858135287,0.8625218071784286,3.296783625730994,0.46981028534050323,qwen
psppipla,political,IE,Ireland,2.1853015288609527,0.9155474991392569,3.5285505124450953,0.49955003948175,qwen
psppipla,political,IL,Israel,2.0573491368573285,1.018262378135492,3.5628654970760234,0.49639518042330255,qwen
psppipla,political,IS,Iceland,2.641453267592207,0.8256936225348067,3.691970802919708,0.47757587103681925,qwen
psppipla,political,IT,Italy,1.7604583386620682,0.7721640887631731,3.5168374816983894,0.5173760338019081,qwen
psppipla,political,LT,Lithuania,2.0074403120569206,0.932473464394509,3.4678362573099415,0.5166232257036886,qwen
psppipla,political,LV,Latvia,1.8076589637221125,0.9176440352175285,3.4467153284671532,0.5091345562118349,qwen
psppipla,political,ME,Montenegro,2.1042526405745456,0.8978556808468559,3.6343612334801763,0.4819628176050206,qwen
psppipla,political,NL,Netherlands,2.4346389167639173,0.9230480100889776,3.639497161394971,0.5124989451451294,qwen
psppipla,political,NO,Norway,2.9425643516761286,0.914134339029534,3.7689781021897812,0.44541734925445026,qwen
psppipla,political,PL,Poland,2.1159541509433017,0.8349147296022332,3.370802919708029,0.4863878953950072,qwen
psppipla,political,PT,Portugal,1.8339098330735701,0.9171098485792573,3.5862573099415203,0.4928638910492633,qwen
psppipla,political,RS,Serbia,1.9334856238883207,1.0320658031992804,3.3781021897810217,0.5030194397768774,qwen
psppipla,political,SE,Sweden,2.827382571754578,0.8860823668252509,3.749269005847953,0.4738083372147826,qwen
psppipla,political,SI,Slovenia,2.1128622969847135,0.8172903125787805,3.556286549707602,0.5141952273452967,qwen
psppipla,political,SK,Slovakia,1.9541371691670721,0.8752626607263215,3.4634502923976607,0.5163310384849907,qwen
psppipla,political,UA,Ukraine,1.6709499625586026,0.956887839658614,3.158125915080527,0.3651264216271388,qwen
psppsgva,political,AT,Austria,2.3193966188741926,0.8703880846344457,3.740875912408759,0.43972259073418174,qwen
psppsgva,political,BE,Belgium,2.1530505361912753,0.877857985500819,3.727631578947368,0.477989572038851,qwen
psppsgva,political,BG,Bulgaria,2.0502500126245597,1.1437354898071712,3.4678362573099415,0.4993295617289504,qwen
psppsgva,political,CH,Switzerland,3.209170347803247,0.9722550592682613,3.8090510948905107,0.42289015898550053,qwen
psppsgva,political,CY,Cyprus,1.85783217801057,0.9686134761632819,3.7013177159590045,0.47064692180897694,qwen
psppsgva,political,DE,Germany,2.493363160809412,0.9732761550528409,3.7286599757652388,0.45290172923883776,qwen
psppsgva,political,EE,Estonia,2.222444075016699,0.941670031874551,3.7754744525547443,0.4571523393878427,qwen
psppsgva,political,ES,Spain,2.079969878203989,0.9585821864542219,3.676900584795322,0.4953591790913466,qwen
psppsgva,political,FI,Finland,2.463346166400832,0.8097329921150951,3.7441605839416057,0.4555965216607411,qwen
psppsgva,political,FR,France,2.1188535078790895,0.8996060982621074,3.6217836257309943,0.4896370065760929,qwen
psppsgva,political,GB,United Kingdom,2.1788336277011933,0.8723528492925318,3.602919708029197,0.5101229077101663,qwen
psppsgva,political,GR,Greece,2.037766829714706,1.0304042697617966,3.562225475841874,0.49942109782934474,qwen
psppsgva,political,HR,Croatia,1.6457884669787406,0.7858366327570453,3.6635036496350364,0.4801431183458197,qwen
psppsgva,political,HU,Hungary,2.0079709396734056,0.9855327170227215,3.5197080291970804,0.5028921349790051,qwen
psppsgva,political,IE,Ireland,2.272287546382416,0.9500184958503455,3.694890510948905,0.46395218798003707,qwen
psppsgva,political,IL,Israel,1.962432274318939,1.026544621885484,3.7222222222222223,0.45148562678029736,qwen
psppsgva,political,IS,Iceland,2.5959422073897698,0.8513607807991915,3.896046852122987,0.5103321420039735,qwen
psppsgva,political,IT,Italy,1.733402885908017,0.7654992145531224,3.629197080291971,0.483372742486166,qwen
psppsgva,political,LT,Lithuania,2.2035638846258188,0.9667174956064883,3.629197080291971,0.4893844719593906,qwen
psppsgva,political,LV,Latvia,1.8709990652235167,0.9648869301716746,3.633211678832117,0.4928686382802699,qwen
psppsgva,political,ME,Montenegro,2.1775768149696137,0.8816083473708743,3.7448377581120944,0.4429939300800054,qwen
psppsgva,political,NL,Netherlands,2.520502740655418,0.9263930468303992,3.7928257686676425,0.44878435714460907,qwen
psppsgva,political,NO,Norway,2.8546836195152268,0.8551573318979147,3.939124087591241,0.41803542627472867,qwen
psppsgva,political,PL,Poland,2.259208424818116,0.9025109685040982,3.559941520467836,0.5055220655922084,qwen
psppsgva,political,PT,Portugal,2.0314592692315667,0.9777170630242956,3.7036496350364962,0.4633353463171102,qwen
psppsgva,political,RS,Serbia,1.8554453058006242,1.0459064012863455,3.562043795620438,0.4964981738895227,qwen
psppsgva,political,SE,Sweden,2.688588773731168,0.8934600691065927,3.864306569343066,0.3987916610446725,qwen
psppsgva,political,SI,Slovenia,2.138670135863047,0.8468801031590536,3.7036496350364962,0.4601691716516974,qwen
psppsgva,political,SK,Slovakia,2.02825644229242,0.9418627230925746,3.575182481751825,0.500552475749758,qwen
psppsgva,political,UA,Ukraine,1.7997523689337624,1.0063426365249366,3.2204379562043797,0.4252860554574732,qwen
vote,political,AT,Austria,1.4202873512065668,0.6806730157849747,2.110294117647059,0.6407009475850132,qwen
vote,political,BE,Belgium,1.413311668096829,0.7089552675012378,2.1449487554904834,0.63920092298963,qwen
vote,political,BG,Bulgaria,1.4058867101339767,0.5828174405368405,2.172514619883041,0.6306510555071643,qwen
vote,political,CH,Switzerland,1.6999926450149614,0.8052753904767375,2.165689149560117,0.646096520500459,qwen
vote,political,CY,Cyprus,1.4236270426582018,0.6575703228270299,2.148529411764706,0.6329193754383333,qwen
vote,political,DE,Germany,1.4305384836356427,0.7306502543828278,2.1720588235294116,0.6408631854422343,qwen
vote,political,EE,Estonia,1.4174322919734064,0.6684332691569346,2.1791483113069017,0.6349431494011167,qwen
vote,political,ES,Spain,1.4089006433180842,0.6866424014985538,2.170337738619677,0.66888935856401,qwen
vote,political,FI,Finland,1.2529287707994166,0.5442255754737033,2.1874084919472914,0.6610350377698995,qwen
vote,political,FR,France,1.554019677771938,0.6616693323123516,2.1756954612005854,0.6349042746051726,qwen
vote,political,GB,United Kingdom,1.4672826493792912,0.6932364331852772,2.052708638360176,0.6999188149601638,qwen
vote,political,GR,Greece,1.232173417380769,0.4933527832093489,2.3480825958702063,0.6655175431631751,qwen
vote,political,HR,Croatia,1.3539780715927674,0.5915865530678587,2.264705882352941,0.6310018930771658,qwen
vote,political,HU,Hungary,1.2924385527277875,0.5615534844061386,2.0960118168389954,0.66032898370741,qwen
vote,political,IE,Ireland,1.4484250557271259,0.7020988432406423,2.080763582966226,0.6536751339843795,qwen
vote,political,IL,Israel,1.2961812404391788,0.5421408039889731,2.2650957290132547,0.6520704134951785,qwen
vote,political,IS,Iceland,1.4089402091609768,0.7380294053147957,2.3608247422680413,0.6569325541818196,qwen
vote,political,IT,Italy,1.4355640139885806,0.6264534338962391,2.213235294117647,0.6779516084764815,qwen
vote,political,LT,Lithuania,1.4429952465372058,0.5931433860880534,2.2149122807017543,0.639600779971865,qwen
vote,political,LV,Latvia,1.4710760530067304,0.6572433744685899,2.1360239162929746,0.6317708971557829,qwen
vote,political,ME,Montenegro,1.198507287997163,0.4255208007070601,2.2521994134897363,0.6017860115035567,qwen
vote,political,NL,Netherlands,1.3596921163576228,0.675726359077966,2.184480234260615,0.6254095320826877,qwen
vote,political,NO,Norway,1.4074217859684182,0.740602560367155,2.1903367496339676,0.6489967698336582,qwen
vote,political,PL,Poland,1.1775046661209774,0.4509355592446268,2.186217008797654,0.628905349121584,qwen
vote,political,PT,Portugal,1.3813554891435997,0.6147119517505549,2.1730205278592374,0.6588197270608088,qwen
vote,political,RS,Serbia,1.2796658373067689,0.515551203038103,2.195588235294118,0.6501237728603056,qwen
vote,political,SE,Sweden,1.2362824552327312,0.6038970756726667,2.247787610619469,0.6129711661575248,qwen
vote,political,SI,Slovenia,1.3025095754173568,0.587194935817487,2.1894273127753303,0.6045949989236624,qwen
vote,political,SK,Slovakia,1.3356493718574676,0.5944632166755749,2.170839469808542,0.6428442301837549,qwen
vote,political,UA,Ukraine,1.3967110796934978,0.5634271961748842,2.3289085545722714,0.645005115263038,qwen
actrolga,efficacy,AT,Austria,2.360062191223054,1.0669795296795501,3.48978102189781,0.5185569089000358,qwen
actrolga,efficacy,BE,Belgium,2.115275861331064,1.0246591138385353,3.489766081871345,0.5259424540460056,qwen
actrolga,efficacy,BG,Bulgaria,1.9029019506952891,1.17280912478623,3.385797950219619,0.505964773554349,qwen
actrolga,efficacy,CH,Switzerland,2.338362606230354,1.110605461537031,3.654744525547445,0.48905727473448096,qwen
actrolga,efficacy,CY,Cyprus,2.0119500942718256,1.0928138722798841,3.5117302052785924,0.5175427062585524,qwen
actrolga,efficacy,DE,Germany,2.1704045969903616,1.0348641553008593,3.456681350954479,0.5327123987519481,qwen
actrolga,efficacy,EE,Estonia,2.0453270269830695,1.0188764821747993,3.5526315789473686,0.5034365985137806,qwen
actrolga,efficacy,ES,Spain,1.8949374822903193,1.0498830321174317,3.45985401459854,0.49874987783999425,qwen
actrolga,efficacy,FI,Finland,2.4156188644937275,1.0507217265960367,3.539473684210526,0.5217582204382588,qwen
actrolga,efficacy,FR,France,2.075695473266248,1.094205195368371,3.3956204379562043,0.5260562492352477,qwen
actrolga,efficacy,GB,United Kingdom,2.2689636323061086,1.0995314617436351,3.3547445255474453,0.4967689172563075,qwen
actrolga,efficacy,GR,Greece,2.185392249640713,1.0278805398620388,3.447870778267254,0.5150662616260385,qwen
actrolga,efficacy,HR,Croatia,1.784089368311354,1.0468308823450982,3.391812865497076,0.5061758443734833,qwen
actrolga,efficacy,HU,Hungary,1.9633041840322543,1.0113249410044443,3.341142020497804,0.5187311233522893,qwen
actrolga,efficacy,IE,Ireland,2.3037648462898677,1.1069928781223484,3.469298245614035,0.5110137817619512,qwen
actrolga,efficacy,IL,Israel,2.11740885990875,1.1727991176975374,3.5609397944199705,0.5140968644874622,qwen
actrolga,efficacy,IS,Iceland,2.6080921197716784,1.087945761044902,3.8436578171091447,0.6285052119888491,qwen
actrolga,efficacy,IT,Italy,1.822327627454578,0.877476527617054,3.457540263543192,0.5281915525561909,qwen
actrolga,efficacy,LT,Lithuania,1.963838594140131,0.9733989143686933,3.394890510948905,0.5020893725171063,qwen
actrolga,efficacy,LV,Latvia,1.5356942878819717,0.7097815735878821,3.4831625183016106,0.5361647897430581,qwen
actrolga,efficacy,ME,Montenegro,2.1225811349452295,0.9421551463710266,3.5586892488954343,0.526416803568174,qwen
actrolga,efficacy,NL,Netherlands,2.0780062524434406,1.0888467240634798,3.5190058479532165,0.5312392263678671,qwen
actrolga,efficacy,NO,Norway,2.6076304127676564,1.0947123476303535,3.705710102489019,0.480328166473465,qwen
actrolga,efficacy,PL,Poland,2.090930901431472,1.0154541129838304,3.356515373352855,0.5242485287767661,qwen
actrolga,efficacy,PT,Portugal,1.7593740788367676,1.018211503462485,3.5036496350364965,0.5232054764929134,qwen
actrolga,efficacy,RS,Serbia,1.9132144482547229,1.1688216569656082,3.405425219941349,0.5013197365424732,qwen
actrolga,efficacy,SE,Sweden,2.6423151680584636,1.0918545427669148,3.679882525697504,0.509056784365856,qwen
actrolga,efficacy,SI,Slovenia,1.9712686705573756,0.9928447281360491,3.482456140350877,0.519445409975554,qwen
actrolga,efficacy,SK,Slovakia,1.868476483742559,0.9199427236111426,3.4084919472913615,0.5180478056067829,qwen
actrolga,efficacy,UA,Ukraine,1.748233991574511,1.0118794778870175,3.3513909224011713,0.513264205462994,qwen
cptppola,efficacy,AT,Austria,2.722022452632956,1.199636203824149,3.4809663250366034,0.6646196652603986,qwen
cptppola,efficacy,BE,Belgium,2.0443776544450745,1.0290845112164275,3.4626647144948755,0.6148193714901631,qwen
cptppola,efficacy,BG,Bulgaria,2.1144918277283926,1.121158813098891,3.397080291970803,0.6188961128610637,qwen
cptppola,efficacy,CH,Switzerland,2.7075158443151643,1.0614031466929674,3.7349926793557833,0.7235397620976741,qwen
cptppola,efficacy,CY,Cyprus,2.0561790016847135,1.0973285271190274,3.7126099706744866,0.7387646495459803,qwen
cptppola,efficacy,DE,Germany,2.5743790612120034,1.0734208741676388,3.5190058479532165,0.6388506837743984,qwen
cptppola,efficacy,EE,Estonia,1.877113993648144,0.9196848483145372,3.793859649122807,0.795240426573058,qwen
cptppola,efficacy,ES,Spain,2.214110323875781,1.1775444561554924,3.513868613138686,0.6678916904690724,qwen
cptppola,efficacy,FI,Finland,2.2865465020469147,0.9576168280041062,3.7660818713450293,0.7734362672294935,qwen
cptppola,efficacy,FR,France,2.180147948320813,0.9874977948773156,3.443548387096774,0.602340775267227,qwen
cptppola,efficacy,GB,United Kingdom,2.3165698562125576,1.0783771745967745,3.3903508771929824,0.605944582592716,qwen
cptppola,efficacy,GR,Greece,2.315689573550337,1.0390720058075422,3.4948680351906156,0.6846674467670468,qwen
cptppola,efficacy,HR,Croatia,1.8203510539105203,0.9374764043066067,3.4816983894582725,0.676935944188266,qwen
cptppola,efficacy,HU,Hungary,1.9002890329608977,0.9599319264575873,3.3806734992679357,0.6396306785725402,qwen
cptppola,efficacy,IE,Ireland,2.249292472554973,1.1144628393846572,3.5725806451612905,0.6544294553189139,qwen
cptppola,efficacy,IL,Israel,2.110375003285951,1.1794141012883828,3.730656934306569,0.7045759003722201,qwen
cptppola,efficacy,IS,Iceland,2.7486483449941344,1.0369140807170711,4.302052785923753,0.8162961424733653,qwen
cptppola,efficacy,IT,Italy,2.0131524448099043,0.8602533569512344,3.5226608187134505,0.6773892234482611,qwen
cptppola,efficacy,LT,Lithuania,1.9640952699623115,0.9666747400226601,3.4729136163982433,0.6809611349460338,qwen
cptppola,efficacy,LV,Latvia,1.6006501763635819,0.8271079292850201,3.5176470588235293,0.7027069847891471,qwen
cptppola,efficacy,ME,Montenegro,2.160782232706074,1.0329913248927622,3.780791788856305,0.7474659809702435,qwen
cptppola,efficacy,NL,Netherlands,2.101668153905468,1.0765970118124921,3.5970802919708027,0.6890901711761752,qwen
cptppola,efficacy,NO,Norway,2.6187482792528947,1.0727982194528864,4.0922401171303076,0.8342809718033745,qwen
cptppola,efficacy,PL,Poland,1.9300081759179204,0.9226357826378481,3.3801169590643276,0.5842861653763357,qwen
cptppola,efficacy,PT,Portugal,1.7280164727772018,0.9490430688999286,3.6871345029239766,0.7600442920993185,qwen
cptppola,efficacy,RS,Serbia,1.8995170692372243,1.1386062417072487,3.4419970631424377,0.6253926813400642,qwen
cptppola,efficacy,SE,Sweden,2.6529324090450634,1.057827280494317,3.7951541850220263,0.7025939426516872,qwen
cptppola,efficacy,SI,Slovenia,1.9722416237706597,0.9637675445306043,3.538123167155425,0.7019051038582493,qwen
cptppola,efficacy,SK,Slovakia,1.621899790036209,0.8634200998321819,3.445906432748538,0.6527322214140923,qwen
cptppola,efficacy,UA,Ukraine,1.7252724626659504,1.0353239048795415,3.3826979472140764,0.6555040160755903,qwen
trstprl,inst_trust,AT,Austria,5.242175927592053,2.4357773830496763,7.156259204712813,0.6901657472466473,qwen
trstprl,inst_trust,BE,Belgium,4.628179646810118,2.363716331922886,7.278939393939394,0.6943050996753088,qwen
trstprl,inst_trust,BG,Bulgaria,2.4551554799166544,2.142437615449954,6.756410256410256,1.0182698557401906,qwen
trstprl,inst_trust,CH,Switzerland,6.496425585697865,1.876302887388109,7.58321060382916,0.6746009427667502,qwen
trstprl,inst_trust,CY,Cyprus,3.8560576559990563,2.4132199456623815,7.33808095952024,0.7613138079375911,qwen
trstprl,inst_trust,DE,Germany,4.800677929707122,2.7016964652482187,7.12129221732746,0.4848609000781926,qwen
trstprl,inst_trust,EE,Estonia,4.665463052878149,2.5884915895988727,7.389396170839469,0.6093708400418258,qwen
trstprl,inst_trust,ES,Spain,4.285837270813649,2.644755321087217,7.154451038575668,0.5536474313881747,qwen
trstprl,inst_trust,FI,Finland,6.529776970284798,2.021074645456615,7.381167883211679,0.57938143272031,qwen
trstprl,inst_trust,FR,France,4.252820714733623,2.5048193897715083,7.093154761904763,0.6602945103471466,qwen
trstprl,inst_trust,GB,United Kingdom,3.8178911865183927,2.554935518140703,7.020384047267356,0.664014485463154,qwen
trstprl,inst_trust,GR,Greece,3.1793160783535845,2.134711582927409,7.00297176820208,0.7810955146912746,qwen
trstprl,inst_trust,HR,Croatia,2.9156645471949654,2.495127922675425,7.12406015037594,0.6488115149399339,qwen
trstprl,inst_trust,HU,Hungary,4.585530523962645,2.91040181403758,6.901492537313433,0.8192366816750353,qwen
trstprl,inst_trust,IE,Ireland,4.970725946358056,2.320439923925165,7.224519940915805,0.7106262020809676,qwen
trstprl,inst_trust,IL,Israel,3.8246940387324297,2.716653532252178,6.9145616641901935,0.8520260305195732,qwen
trstprl,inst_trust,IS,Iceland,5.359657982892509,2.2975318085254752,7.7536764705882355,0.6472904996240698,qwen
trstprl,inst_trust,IT,Italy,4.445538313930969,2.391832372995066,7.092159763313609,0.7096670546896933,qwen
trstprl,inst_trust,LT,Lithuania,3.7015054407031442,2.5598784163179604,7.0474777448071215,0.7018133085152853,qwen
trstprl,inst_trust,LV,Latvia,3.085455968220223,2.4264638758674892,7.033783783783784,0.789965131870531,qwen
trstprl,inst_trust,ME,Montenegro,4.129466068560609,2.4463912606990545,7.329953917050691,0.5511748272379526,qwen
trstprl,inst_trust,NL,Netherlands,5.233150010344147,2.1241407487756607,7.445870206489675,0.6172118139715194,qwen
trstprl,inst_trust,NO,Norway,6.3778614703226735,2.448114306931588,7.685483870967742,0.5389202921001117,qwen
trstprl,inst_trust,PL,Poland,3.925013781281735,2.6525205010712836,6.855654761904762,0.8230097357828678,qwen
trstprl,inst_trust,PT,Portugal,4.406812631092893,2.6392617809490924,7.2820208023774144,0.5943839994921898,qwen
trstprl,inst_trust,RS,Serbia,4.139536965942952,3.11180706192086,6.837070254110613,0.8658012260450103,qwen
trstprl,inst_trust,SE,Sweden,6.243150550294175,2.1840669503513883,7.460382916053019,0.5255483166180238,qwen
trstprl,inst_trust,SI,Slovenia,4.143335995733991,2.44690284252444,7.183899556868537,0.7064312606269116,qwen
trstprl,inst_trust,SK,Slovakia,4.244871028022013,2.6559370223511354,6.858098068350668,0.8422425824839536,qwen
trstprl,inst_trust,UA,Ukraine,2.154783571969598,2.560212225230448,5.015648286140089,1.5999466842775232,qwen
trstplt,inst_trust,AT,Austria,3.759807007815198,2.5517147541887493,7.050378214826021,0.6697041470795864,qwen
trstplt,inst_trust,BE,Belgium,4.0912119142117565,2.3030896924496074,6.958841463414634,0.7139704267318264,qwen
trstplt,inst_trust,BG,Bulgaria,2.1475325125405034,2.043033768354063,5.309160305343512,1.5707791548024777,qwen
trstplt,inst_trust,CH,Switzerland,5.589920851708134,1.9233925096008715,7.351474926253688,0.6214215431010206,qwen
trstplt,inst_trust,CY,Cyprus,2.6828211384739284,2.2422617403612857,6.704754601226994,1.017070324088567,qwen
trstplt,inst_trust,DE,Germany,3.8328900242318618,2.416750373184652,6.97710843373494,0.6706203069304776,qwen
trstplt,inst_trust,EE,Estonia,3.568793977242785,2.3163644674991177,7.16812030075188,0.7541493156697886,qwen
trstplt,inst_trust,ES,Spain,2.703188652290895,2.356131769882449,6.711225997045791,0.9972556146645445,qwen
trstplt,inst_trust,FI,Finland,5.356354939762621,2.0401590612951246,7.166666666666667,0.7449154747353864,qwen
trstplt,inst_trust,FR,France,3.870814232958948,2.173635778622873,6.333083832335329,1.0959505997532617,qwen
trstplt,inst_trust,GB,United Kingdom,3.0158032274748607,2.323845033474665,6.369242199108469,1.3293243190137414,qwen
trstplt,inst_trust,GR,Greece,2.6916226846109907,1.9888520315402693,5.69172932330827,1.359540425139188,qwen
trstplt,inst_trust,HR,Croatia,2.0635325844053702,2.1869972012597643,6.6793984962406014,1.0417401447648078,qwen
trstplt,inst_trust,HU,Hungary,4.097236675778126,2.7014218276436006,5.78003003003003,1.4436922169014952,qwen
trstplt,inst_trust,IE,Ireland,4.236359300463853,2.3611316025918088,6.4803328290468984,1.2024245246758039,qwen
trstplt,inst_trust,IL,Israel,3.2341115093976076,2.4973458568954587,6.36865671641791,1.2869018142766775,qwen
trstplt,inst_trust,IS,Iceland,4.523770015731723,2.220347967941023,7.571214392803598,0.7985979797407389,qwen
trstplt,inst_trust,IT,Italy,3.3494548812045486,2.3317383487922063,6.6390532544378695,1.137853075253333,qwen
trstplt,inst_trust,LT,Lithuania,3.400487282096519,2.327756603157886,5.980209895052474,1.3073359488690135,qwen
trstplt,inst_trust,LV,Latvia,2.6659860661685597,2.240002528040905,6.094368340943683,1.3301436991767435,qwen
trstplt,inst_trust,ME,Montenegro,3.465533384712255,2.179659795186121,7.0515384615384615,0.889524259146056,qwen
trstplt,inst_trust,NL,Netherlands,4.811463308692996,2.0572352003160677,7.2008862629246675,0.6806491291735717,qwen
trstplt,inst_trust,NO,Norway,5.179298822506107,2.121172112973884,7.6122205663189275,0.570989964305494,qwen
trstplt,inst_trust,PL,Poland,2.8747644511024646,2.3577784249730933,6.0,1.3839826064603897,qwen
trstplt,inst_trust,PT,Portugal,2.8960445194558364,2.364964383248404,7.001503759398497,0.801916469751518,qwen
trstplt,inst_trust,RS,Serbia,2.807561355103738,2.856745406722904,5.573573573573573,1.483186416877652,qwen
trstplt,inst_trust,SE,Sweden,4.848564291664028,2.0135710530862836,7.3486646884272995,0.6531030039424636,qwen
trstplt,inst_trust,SI,Slovenia,3.1784893447640648,2.269207551701215,6.894894894894895,0.8313795425817999,qwen
trstplt,inst_trust,SK,Slovakia,3.9693729450476685,2.584523458368587,5.795352323838081,1.4307412095534824,qwen
trstplt,inst_trust,UA,Ukraine,1.962396981919774,2.3376603746548095,3.7132132132132134,1.6453277314703745,qwen
trstlgl,inst_trust,AT,Austria,6.5286971443572615,2.377865984466505,7.5752958579881655,0.806948932092385,qwen
trstlgl,inst_trust,BE,Belgium,5.266169731715172,2.4785467994055304,7.603869047619047,0.9266624730778279,qwen
trstlgl,inst_trust,BG,Bulgaria,3.875565887842884,2.91515080536421,7.139453717754172,0.8740554635729993,qwen
trstlgl,inst_trust,CH,Switzerland,6.9523468665135075,1.982959865644012,7.9525222551928785,0.7434515627136014,qwen
trstlgl,inst_trust,CY,Cyprus,4.2943830474763836,2.632961859588091,7.580451127819549,0.8028055705642538,qwen
trstlgl,inst_trust,DE,Germany,6.025063268339777,2.3793754390666955,7.621279761904762,0.6141230275788604,qwen
trstlgl,inst_trust,EE,Estonia,6.267710745689831,2.4762551301101157,7.864977645305514,0.5855562155669377,qwen
trstlgl,inst_trust,ES,Spain,5.272403732506698,2.624309538411468,7.536135693215339,0.6366045865219896,qwen
trstlgl,inst_trust,FI,Finland,7.3772855276226155,1.9124758052898003,7.8763744427934625,0.5931834435309119,qwen
trstlgl,inst_trust,FR,France,5.277578722328512,2.5140756806538884,7.411028315946349,0.6324300332512717,qwen
trstlgl,inst_trust,GB,United Kingdom,5.6163780941442445,2.521011371523573,7.286186186186186,0.8187951104835377,qwen
trstlgl,inst_trust,GR,Greece,5.246702680608762,2.5025338591575808,7.264803625377644,0.7180090185984103,qwen
trstlgl,inst_trust,HR,Croatia,3.1060360867847785,2.470375641568366,7.473343373493975,0.9293425056331687,qwen
trstlgl,inst_trust,HU,Hungary,5.413927522391459,2.801304195804185,7.165067466266867,0.8492675451878143,qwen
trstlgl,inst_trust,IE,Ireland,5.69203320764676,2.396033627315256,7.679850746268657,0.682449191125101,qwen
trstlgl,inst_trust,IL,Israel,4.48102706718821,2.8574560576316346,7.442581602373887,0.762871625768373,qwen
trstlgl,inst_trust,IS,Iceland,5.826511704694114,2.290303931244154,8.085671641791045,0.5602188977488254,qwen
trstlgl,inst_trust,IT,Italy,5.530528680908423,2.3101433585918305,7.658989598811293,0.6636704765015162,qwen
trstlgl,inst_trust,LT,Lithuania,5.333041524038505,2.53083676667906,7.411458333333333,0.7341791556142817,qwen
trstlgl,inst_trust,LV,Latvia,4.138967022176612,2.66581072788196,7.244410876132931,0.8309394645273895,qwen
trstlgl,inst_trust,ME,Montenegro,4.23413572231689,2.1759236559663613,7.651782945736434,0.8536644154354509,qwen
trstlgl,inst_trust,NL,Netherlands,6.388762659695479,2.0597908065345725,7.92566371681416,0.5678920717974406,qwen
trstlgl,inst_trust,NO,Norway,7.3011783937619,2.191185770067164,8.067809239940388,0.5228576467645546,qwen
trstlgl,inst_trust,PL,Poland,4.021643146743594,2.525457601316737,7.1976083707025404,0.725535290096447,qwen
trstlgl,inst_trust,PT,Portugal,4.435887011208429,2.4930759270446927,7.642751479289941,0.6324256445810325,qwen
trstlgl,inst_trust,RS,Serbia,4.272382534026924,3.0329847425670975,7.092537313432836,0.9007244108082979,qwen
trstlgl,inst_trust,SE,Sweden,6.422212816009448,2.215417878073363,7.953571428571429,0.5426537274502874,qwen
trstlgl,inst_trust,SI,Slovenia,4.782517309791612,2.5380693623732102,7.7168405365126675,0.7395033649499162,qwen
trstlgl,inst_trust,SK,Slovakia,5.15859064611645,2.6736842426754746,7.287892376681615,0.7886089551915226,qwen
trstlgl,inst_trust,UA,Ukraine,2.62570472401749,2.7208794816359383,5.257847533632287,1.5712953295441792,qwen
trstprt,inst_trust,AT,Austria,3.6963347780733735,2.4576851742054227,7.168053491827638,0.636353018222616,qwen
trstprt,inst_trust,BE,Belgium,3.901528783790737,2.198950818680616,7.1976401179941005,0.7221093999580774,qwen
trstprt,inst_trust,BG,Bulgaria,2.2674519398970117,2.1398152506421457,6.454682779456193,1.3069929938242697,qwen
trstprt,inst_trust,CH,Switzerland,5.365733608710456,1.8908503187585053,7.483604135893648,0.745685822594457,qwen
trstprt,inst_trust,CY,Cyprus,2.482863307998946,2.1835126229241606,7.1112828438949,0.8341470451548135,qwen
trstprt,inst_trust,DE,Germany,3.887155565743618,2.2491886771250265,7.154477611940298,0.7004819685668313,qwen
trstprt,inst_trust,EE,Estonia,3.6893980783220424,2.206886268768,7.40162481536189,0.6134201971880272,qwen
trstprt,inst_trust,ES,Spain,2.6973428924841145,2.389649147738557,7.08166915052161,0.6980404668501118,qwen
trstprt,inst_trust,FI,Finland,5.434923773302382,1.9347737916257004,7.388330871491875,0.6671473026987398,qwen
trstprt,inst_trust,FR,France,3.47647353131399,2.0911343205670136,7.002235469448584,0.805528144904061,qwen
trstprt,inst_trust,GB,United Kingdom,3.1850148949940458,2.348263095051111,6.92406015037594,0.8204052752472962,qwen
trstprt,inst_trust,GR,Greece,2.822445362838009,2.0601598484600308,6.636701337295691,1.1042554840528114,qwen
trstprt,inst_trust,HR,Croatia,2.1587417100304584,2.2333583748636854,7.066915052160954,0.8182302655120745,qwen
trstprt,inst_trust,HU,Hungary,4.075109341052381,2.6270031356835526,6.503725782414307,1.1308038915348648,qwen
trstprt,inst_trust,IE,Ireland,4.1739986092793675,2.2933948015392263,7.078241430700447,0.7119893560417571,qwen
trstprt,inst_trust,IL,Israel,3.3813375609355893,2.3700459503345623,7.005934718100891,1.05985522934656,qwen
trstprt,inst_trust,IS,Iceland,4.525464685011454,2.1950486298837695,7.764041604754829,0.7490766209011961,qwen
trstprt,inst_trust,IT,Italy,3.3610208793207383,2.3497735806666395,7.102962962962963,0.7232818319427825,qwen
trstprt,inst_trust,LT,Lithuania,3.2821173428708135,2.2763117265865733,6.90962962962963,0.9155655347264567,qwen
trstprt,inst_trust,LV,Latvia,2.525386270481844,2.2211609129739815,6.945288753799392,0.8118513288261968,qwen
trstprt,inst_trust,ME,Montenegro,3.711090386615508,2.31307033299726,7.297822706065319,0.7045877164255967,qwen
trstprt,inst_trust,NL,Netherlands,4.98058333512499,1.96243459082431,7.3928046989721,0.7323157698707686,qwen
trstprt,inst_trust,NO,Norway,5.3671595304269255,2.048502318553941,7.65103244837758,0.7271423573195119,qwen
trstprt,inst_trust,PL,Poland,2.91436556509795,2.379831825361464,6.799701492537314,0.8688772029862556,qwen
trstprt,inst_trust,PT,Portugal,2.902951409350657,2.3264527645400332,7.1867452135493375,0.809020591205204,qwen
trstprt,inst_trust,RS,Serbia,2.7175046698677487,2.7055050189578025,6.7267964071856285,1.0203259204661412,qwen
trstprt,inst_trust,SE,Sweden,4.999524367908062,1.9794609607411369,7.502080237741455,0.7121574862479444,qwen
trstprt,inst_trust,SI,Slovenia,3.164576009060389,2.239666440421617,7.2267964071856285,0.8217346849931584,qwen
trstprt,inst_trust,SK,Slovakia,3.9660866445286804,2.5627466267439947,6.699551569506727,1.040072735732962,qwen
trstprt,inst_trust,UA,Ukraine,1.91796145354318,2.3487551677241822,4.482222222222222,1.7661029651415292,qwen
trstplc,inst_trust,AT,Austria,7.048198702400107,2.3299292139289602,7.799849170437406,0.6502729904511935,qwen
trstplc,inst_trust,BE,Belgium,6.481846683689832,2.1348624084842096,7.812965722801788,0.6450467971125127,qwen
trstplc,inst_trust,BG,Bulgaria,5.184958703759927,2.8147241541045096,7.399096385542169,0.9043546884162877,qwen
trstplc,inst_trust,CH,Switzerland,7.32249972900217,1.9502362133668902,8.075846833578792,0.45980611546724776,qwen
trstplc,inst_trust,CY,Cyprus,5.093593287394825,2.602201706540397,7.851515151515152,0.5996312534668881,qwen
trstplc,inst_trust,DE,Germany,7.004467206225458,2.112825816430906,7.761584454409567,0.7404306891981691,qwen
trstplc,inst_trust,EE,Estonia,7.451618857814621,2.145865473139831,7.903273809523809,0.6197360113180151,qwen
trstplc,inst_trust,ES,Spain,6.882325569432233,2.402605682884896,7.753363228699552,0.5274003194057816,qwen
trstplc,inst_trust,FI,Finland,8.36650961396084,1.4188422090457942,7.9446902654867255,0.7135281562574527,qwen
trstplc,inst_trust,FR,France,6.521489045769595,2.2468552023670956,7.4992548435171384,0.7651452183129045,qwen
trstplc,inst_trust,GB,United Kingdom,5.84353719624166,2.528930687537436,7.346726190476191,0.7352248534463843,qwen
trstplc,inst_trust,GR,Greece,5.851565485960466,2.389356055870539,7.465909090909091,0.8959383603755873,qwen
trstplc,inst_trust,HR,Croatia,5.391691659108795,2.572495577309672,7.751506024096385,0.6103660771031479,qwen
trstplc,inst_trust,HU,Hungary,6.323114992395225,2.5514012895441174,7.409880239520958,0.7904174882464833,qwen
trstplc,inst_trust,IE,Ireland,6.34225194768484,2.417847478632362,7.83939393939394,0.7426685239955809,qwen
trstplc,inst_trust,IL,Israel,4.731499091666773,2.803993866551745,7.695266272189349,0.7125591355015214,qwen
trstplc,inst_trust,IS,Iceland,6.880903752638397,2.286741214103045,8.197032640949555,0.5232684816004141,qwen
trstplc,inst_trust,IT,Italy,6.735453139431022,2.03696389366766,7.791111111111111,0.6359024366999934,qwen
trstplc,inst_trust,LT,Lithuania,6.840907731460925,2.3620641004973,7.609516616314199,0.6862713009540709,qwen
trstplc,inst_trust,LV,Latvia,5.345565623059908,2.565313030311234,7.558128834355828,0.8818940979313071,qwen
trstplc,inst_trust,ME,Montenegro,5.33831741989394,2.289400230773549,7.743267776096824,0.8274848177712174,qwen
trstplc,inst_trust,NL,Netherlands,7.031936952279682,1.6731356506046635,7.903417533432393,0.5922642936740058,qwen
trstplc,inst_trust,NO,Norway,7.497281115481987,2.131882331185733,8.091517857142858,0.5622522992098719,qwen
trstplc,inst_trust,PL,Poland,5.144209820314441,2.6126205890611636,7.399250374812594,0.737121282806755,qwen
trstplc,inst_trust,PT,Portugal,6.35140123530796,2.37199949180341,7.8,0.618099893014719,qwen
trstplc,inst_trust,RS,Serbia,5.298439353393637,3.0755522567357465,7.310977443609023,1.0168977930344791,qwen
trstplc,inst_trust,SE,Sweden,7.010517082776527,2.0695476008677933,7.9326923076923075,0.5659308948783215,qwen
trstplc,inst_trust,SI,Slovenia,6.298202965670212,2.39963246963771,7.822038980509745,0.6540082317884135,qwen
trstplc,inst_trust,SK,Slovakia,5.715810942457989,2.5968965560218478,7.517797888386124,0.8289785372870297,qwen
trstplc,inst_trust,UA,Ukraine,3.346869383787289,2.882555307976165,6.020361990950226,1.5082728127988168,qwen
trstep,inst_trust,AT,Austria,4.441713049182769,2.7027869412924757,7.115384615384615,0.5604312605208586,qwen
trstep,inst_trust,BE,Belgium,4.644375709423029,2.482058348908749,7.1182370820668694,0.683843951125114,qwen
trstep,inst_trust,BG,Bulgaria,4.590907637406625,2.8154598161996414,6.902777777777778,0.7930094499028619,qwen
trstep,inst_trust,CH,Switzerland,4.9804047024318026,2.142752152560394,7.221641791044776,0.6827319100724435,qwen
trstep,inst_trust,CY,Cyprus,4.494442682400129,2.6253215046817244,7.164624808575804,0.7200596782932898,qwen
trstep,inst_trust,DE,Germany,4.6553069483283815,2.6988466506724818,7.043283582089552,0.719932707492508,qwen
trstep,inst_trust,EE,Estonia,4.867659024996451,2.5389822170035377,7.267164179104477,0.555146611939432,qwen
trstep,inst_trust,ES,Spain,4.617834338361529,2.58207626029311,7.113636363636363,0.6946328739929268,qwen
trstep,inst_trust,FI,Finland,5.884698971541353,2.0478526383413707,7.129080118694362,0.7803017186798488,qwen
trstep,inst_trust,FR,France,4.358218524618483,2.5065079834216193,7.032379518072289,0.756125154596741,qwen
trstep,inst_trust,GB,United Kingdom,3.9659348201020137,2.634761088291623,7.006818181818182,0.7062686130941324,qwen
trstep,inst_trust,GR,Greece,4.325553876401601,2.3648784897283908,6.914156626506024,0.7308200395324881,qwen
trstep,inst_trust,HR,Croatia,4.181384694167215,2.639162523655762,7.02874432677761,0.7803979732504256,qwen
trstep,inst_trust,HU,Hungary,4.842041979022309,2.559677185813506,6.861027190332326,1.0133111804512447,qwen
trstep,inst_trust,IE,Ireland,5.190912190718104,2.301815167988883,7.128771384136859,0.7237382719482649,qwen
trstep,inst_trust,IL,Israel,2.7966407305118883,2.5564369022191045,6.568656716417911,1.1877814612831672,qwen
trstep,inst_trust,IS,Iceland,5.5923851198663295,2.243165922829671,7.314071856287425,0.7743524881721361,qwen
trstep,inst_trust,IT,Italy,4.647829420068639,2.3531593011282976,7.138790560471977,0.646510698365704,qwen
trstep,inst_trust,LT,Lithuania,5.023996321399762,2.632139279336537,6.932779456193353,0.9639953153041236,qwen
trstep,inst_trust,LV,Latvia,4.251592920932756,2.6260011177629847,6.9484423676012455,0.7375629668432792,qwen
trstep,inst_trust,ME,Montenegro,5.54537932736838,2.362639500661553,7.1808,0.8047033216642242,qwen
trstep,inst_trust,NL,Netherlands,5.1357615968982495,2.242656739308697,7.272172619047619,0.6099395635646832,qwen
trstep,inst_trust,NO,Norway,5.627393518801301,2.178716230468213,7.347407407407408,0.5902056209654674,qwen
trstep,inst_trust,PL,Poland,3.957651671025209,2.697137928277827,6.933132530120482,0.7067985779341648,qwen
trstep,inst_trust,PT,Portugal,4.892394298430099,2.617896802698862,7.153614457831325,0.8126371101866416,qwen
trstep,inst_trust,RS,Serbia,2.7730792127220054,2.825146464333168,6.845121951219512,0.9779433086207948,qwen
trstep,inst_trust,SE,Sweden,5.2806213736007015,2.1710305492664226,7.2581325301204815,0.5482676465682874,qwen
trstep,inst_trust,SI,Slovenia,4.528745064461624,2.5517164807944748,7.198493975903615,0.5847206007651267,qwen
trstep,inst_trust,SK,Slovakia,4.626454297072137,2.9537924517663043,6.957767722473605,0.655925231799993,qwen
trstep,inst_trust,UA,Ukraine,4.195768145519062,3.0947491383522934,6.002252252252252,1.3755363255434794,qwen
trstun,inst_trust,AT,Austria,4.9381208805276975,2.66672198274972,7.2473444613050075,0.7505649876053188,qwen
trstun,inst_trust,BE,Belgium,5.238178968574235,2.396333746412237,7.251885369532428,0.9221470605828103,qwen
trstun,inst_trust,BG,Bulgaria,4.799013115669446,2.799354120493202,7.111620795107034,0.9029063859235243,qwen
trstun,inst_trust,CH,Switzerland,5.327174304085703,2.2798633759460833,7.45945945945946,0.7128312767977151,qwen
trstun,inst_trust,CY,Cyprus,4.104515544764862,2.5993390491532526,7.365891472868217,0.8715211343291996,qwen
trstun,inst_trust,DE,Germany,4.795974606838823,2.5178768647535934,7.245440729483283,0.7695808444120219,qwen
trstun,inst_trust,EE,Estonia,4.795070493223868,2.662819868529023,7.417040358744394,0.8154071573153308,qwen
trstun,inst_trust,ES,Spain,4.869911326639016,2.6935501723222925,7.318452380952381,0.5941232196384414,qwen
trstun,inst_trust,FI,Finland,6.488996062898592,2.117560252132273,7.347633136094674,0.6796580981616189,qwen
trstun,inst_trust,FR,France,5.187570945898971,2.439297260904272,7.25618320610687,0.6645828955817302,qwen
trstun,inst_trust,GB,United Kingdom,5.068956337890133,2.6334564888091543,7.064024390243903,0.8387658833296664,qwen
trstun,inst_trust,GR,Greece,4.380066069687555,2.3779031168488247,7.221798780487805,0.8111609599582209,qwen
trstun,inst_trust,HR,Croatia,4.641931114635581,2.8824633999834313,7.347368421052631,0.7391360704415488,qwen
trstun,inst_trust,HU,Hungary,5.431164439172593,2.492506117115492,7.011958146487294,0.8620442342007254,qwen
trstun,inst_trust,IE,Ireland,5.348305834138985,2.419858286145188,7.3877862595419845,0.6120631002182958,qwen
trstun,inst_trust,IL,Israel,2.158735877721266,2.499463206769922,6.963432835820895,1.008820667773699,qwen
trstun,inst_trust,IS,Iceland,6.129719684805683,2.275120220593933,7.656906906906907,0.7090746148084536,qwen
trstun,inst_trust,IT,Italy,4.959247795419568,2.407398237329906,7.425925925925926,0.631512122821462,qwen
trstun,inst_trust,LT,Lithuania,5.113734704134614,2.6384547194832537,7.167170953101362,0.9420943863817304,qwen
trstun,inst_trust,LV,Latvia,3.944849335449868,2.8572210133988953,7.131538461538462,0.920158977972498,qwen
trstun,inst_trust,ME,Montenegro,5.477883219043625,2.3384144117845906,7.412363067292644,0.9750752175538847,qwen
trstun,inst_trust,NL,Netherlands,5.837135196439165,2.0616843339052084,7.366322008862629,0.8805526621568193,qwen
trstun,inst_trust,NO,Norway,7.004010109627948,2.20650915385233,7.602962962962963,0.6042555245773974,qwen
trstun,inst_trust,PL,Poland,4.925437491650594,2.585202291044782,7.038636363636364,0.7631147465682029,qwen
trstun,inst_trust,PT,Portugal,5.468309186576956,2.6214498499165084,7.450373692077728,0.6385711109484947,qwen
trstun,inst_trust,RS,Serbia,2.8935428453296557,2.870760992698354,7.116490166414524,0.9570553459076578,qwen
trstun,inst_trust,SE,Sweden,6.378675272276728,2.1906130537695097,7.43202416918429,0.6935417309337525,qwen
trstun,inst_trust,SI,Slovenia,4.75708153743771,2.593813931582263,7.447568389057751,0.6671700262076014,qwen
trstun,inst_trust,SK,Slovakia,5.006831482621015,3.0015706587559183,7.130862329803328,0.8210584525679956,qwen
trstun,inst_trust,UA,Ukraine,3.6013180121383064,3.107175118929105,6.049459041731066,1.5056227488019422,qwen
happy,wellbeing,AT,Austria,7.76090373708049,1.6476809008987041,7.304242424242425,1.0230634181368106,qwen
happy,wellbeing,BE,Belgium,7.693888917247725,1.5948426862606622,7.440677966101695,0.8291246515457101,qwen
happy,wellbeing,BG,Bulgaria,6.2599013533973995,2.1058326813703254,7.1694656488549615,1.235428408761913,qwen
happy,wellbeing,CH,Switzerland,8.143443693353284,1.4784609167560088,7.740990990990991,0.6132263328144524,qwen
happy,wellbeing,CY,Cyprus,6.987720510210006,2.0375544046536445,7.531770045385779,0.9934122622548663,qwen
happy,wellbeing,DE,Germany,7.770826781915745,1.6481961735890556,7.238794435857805,1.0545172326239534,qwen
happy,wellbeing,EE,Estonia,7.392975022060044,1.8125399321856848,7.577203647416414,0.8355842246693965,qwen
happy,wellbeing,ES,Spain,7.9068639433129615,1.5083333876993539,7.446212121212121,0.8830218930387751,qwen
happy,wellbeing,FI,Finland,8.056294696497618,1.4941446726890395,7.555203619909503,0.8035603812227582,qwen
happy,wellbeing,FR,France,7.484937725116078,1.5824931766151542,7.327565084226646,1.0367805203455436,qwen
happy,wellbeing,GB,United Kingdom,7.58670240724883,1.8928609716961053,7.163551401869159,1.0452530710469752,qwen
happy,wellbeing,GR,Greece,6.842498028815976,1.5533308312932954,7.307936507936508,1.143350386911251,qwen
happy,wellbeing,HR,Croatia,7.57452763307812,1.8953856307718508,7.329153605015674,1.2101595980132507,qwen
happy,wellbeing,HU,Hungary,7.213928510077665,1.949751769688737,7.10749354,1.1493032088704824,qwen
happy,wellbeing,IE,Ireland,7.656938166322823,1.5969945819593403,7.370514820592824,1.11085041333009,qwen
happy,wellbeing,IL,Israel,7.378506798276478,1.9589332675006683,7.502286585365853,0.8959165805308854,qwen
happy,wellbeing,IS,Iceland,7.795136804185614,1.6901819986040958,7.692165898617512,0.7956516884657403,qwen
happy,wellbeing,IT,Italy,6.866632272435569,1.7736600966317824,7.548780487804878,0.8608880772271287,qwen
happy,wellbeing,LT,Lithuania,7.462256314361242,1.9640572400944816,7.205521472392638,1.3500071813539358,qwen
happy,wellbeing,LV,Latvia,6.942492161894379,2.010490673099773,7.1501572327044025,1.3256464679227677,qwen
happy,wellbeing,ME,Montenegro,6.598538405658492,1.9929676150976603,7.579159935379645,0.7935022968405687,qwen
happy,wellbeing,NL,Netherlands,7.967482570449453,1.2594481552897474,7.556119402985075,1.0867938821935534,qwen
happy,wellbeing,NO,Norway,7.874301227891386,1.6412667294737115,7.60462962962963,1.1404099910214311,qwen
happy,wellbeing,PL,Poland,7.580291683668927,1.9297359190706487,7.289755351681957,0.8450752395948045,qwen
happy,wellbeing,PT,Portugal,7.18890332891691,1.9345513767482962,7.428963414634146,0.979133200649261,qwen
happy,wellbeing,RS,Serbia,7.293745610623994,2.1956271452212994,7.212765957446808,1.0279301704139516,qwen
happy,wellbeing,SE,Sweden,7.653675579018058,1.651322113708472,7.4702909647779485,1.0299231944059202,qwen
happy,wellbeing,SI,Slovenia,7.741530514531192,1.7814239483325474,7.3707692307692305,1.2295442523102769,qwen
happy,wellbeing,SK,Slovakia,6.821599780133437,2.1340105043999387,7.198328267477204,0.9543365423498511,qwen
happy,wellbeing,UA,Ukraine,6.148338386295668,2.6702456732390303,6.929007633587786,1.379707041856483,qwen
stflife,wellbeing,AT,Austria,7.78814385622568,1.663509124198267,7.600611620795106,0.9159299371946722,qwen
stflife,wellbeing,BE,Belgium,7.309428021722151,1.8917094461027428,7.66963190184049,0.8875471573170116,qwen
stflife,wellbeing,BG,Bulgaria,6.042474309791918,2.2120628343463418,7.409132420091325,0.7172368276165194,qwen
stflife,wellbeing,CH,Switzerland,8.117545251532318,1.5615082032326784,8.026686656671664,0.3419274493917008,qwen
stflife,wellbeing,CY,Cyprus,6.3500031076829355,2.4105596498933695,7.8399089529590285,0.6156030904325595,qwen
stflife,wellbeing,DE,Germany,7.5174226887125135,1.8370147717535326,7.670464767616192,0.7505034905797778,qwen
stflife,wellbeing,EE,Estonia,6.995530555906337,2.0155902024685055,7.84009009009009,0.5831204554427681,qwen
stflife,wellbeing,ES,Spain,7.498474456930226,1.8224070220472202,7.7818731117824775,0.5125984313304178,qwen
stflife,wellbeing,FI,Finland,7.884236327112843,1.6106494607761095,7.863392857142858,0.6196237792786542,qwen
stflife,wellbeing,FR,France,6.770231955192009,2.2774602348290798,7.786102719033232,0.6304575878425436,qwen
stflife,wellbeing,GB,United Kingdom,7.076060810502419,2.0857563950905624,7.494385432473445,0.8619526377338137,qwen
stflife,wellbeing,GR,Greece,6.412675488700161,1.9600409763547444,7.6079460269865065,0.9669678670676696,qwen
stflife,wellbeing,HR,Croatia,7.254634337219264,2.1096005755584524,7.701796407185629,0.745740371789008,qwen
stflife,wellbeing,HU,Hungary,6.621330451773505,2.1411539701501248,7.3444615384615375,0.7677484556301216,qwen
stflife,wellbeing,IE,Ireland,7.264586614245971,1.746506935243767,7.748936170212766,0.6839809330470522,qwen
stflife,wellbeing,IL,Israel,7.100674068580728,2.0995398201582294,7.723134328358209,0.8755877103015794,qwen
stflife,wellbeing,IS,Iceland,7.616733195317123,1.8741151012792872,8.034597875569045,0.6065137414744233,qwen
stflife,wellbeing,IT,Italy,6.739670239629779,1.903152675906479,7.840592592592592,0.630655731188071,qwen
stflife,wellbeing,LT,Lithuania,7.1356614539550485,2.0928346239824207,7.574769230769231,0.9190219020081883,qwen
stflife,wellbeing,LV,Latvia,6.395823933792753,2.2344529567249887,7.5167173252279635,0.8954613356740776,qwen
stflife,wellbeing,ME,Montenegro,6.107432602015085,2.2377777283887044,7.774347158218126,0.6774177185825627,qwen
stflife,wellbeing,NL,Netherlands,7.911109433699263,1.2395781286526681,7.81963746223565,0.8470333679739696,qwen
stflife,wellbeing,NO,Norway,7.694714604104831,1.7955247906018192,7.980209895052474,0.5159305575969515,qwen
stflife,wellbeing,PL,Poland,7.330899994057487,2.0169033095979096,7.445523520485585,0.8514017535068373,qwen
stflife,wellbeing,PT,Portugal,6.56427821284171,2.0566130251835895,7.831360946745562,0.588501106615271,qwen
stflife,wellbeing,RS,Serbia,6.842770538058628,2.31384027899869,7.4761976047904195,0.6976632037747875,qwen
stflife,wellbeing,SE,Sweden,7.761426256173515,1.765214803913871,7.924737631184408,0.5391042357514835,qwen
stflife,wellbeing,SI,Slovenia,7.542574813136172,1.9244888595960155,7.753191489361702,0.5701855526876044,qwen
stflife,wellbeing,SK,Slovakia,6.4957221910406595,2.193641926033914,7.4996987951807235,0.6465361234398069,qwen
stflife,wellbeing,UA,Ukraine,5.135055056810102,2.8746660557095858,7.015789473684211,1.0585880930714477,qwen
stfeco,wellbeing,AT,Austria,5.54995975100486,2.122906575697393,6.926479289940828,0.7788272481965567,qwen
stfeco,wellbeing,BE,Belgium,4.98606815137708,2.140962305023091,6.920597014925374,0.7275445128837474,qwen
stfeco,wellbeing,BG,Bulgaria,3.031413845159043,2.0478322235714828,6.439461883408072,1.0587518116252745,qwen
stfeco,wellbeing,CH,Switzerland,6.845506079176042,1.794737285619912,7.119472913616399,0.46050942442443793,qwen
stfeco,wellbeing,CY,Cyprus,3.621005068769763,2.2862779112800453,7.043964232488823,0.7648559079413622,qwen
stfeco,wellbeing,DE,Germany,4.603022073123684,2.2304373073135833,6.947794117647059,0.5723072842915098,qwen
stfeco,wellbeing,EE,Estonia,3.9325211402685727,2.2100479528054375,7.073637702503682,0.5415182890147724,qwen
stfeco,wellbeing,ES,Spain,4.237300941743682,2.24737885886348,6.919139465875371,0.6056238428795564,qwen
stfeco,wellbeing,FI,Finland,5.621461226119554,1.9579719138360596,7.02863436123348,0.50685249907401,qwen
stfeco,wellbeing,FR,France,3.660295890775978,2.2237287051207018,6.806379821958457,0.7107564214186067,qwen
stfeco,wellbeing,GB,United Kingdom,3.2607008909458353,2.1312607908213446,6.931851851851852,0.5486227498379379,qwen
stfeco,wellbeing,GR,Greece,3.469009875643056,2.0401583899106384,6.3807749627421755,1.0096267945176678,qwen
stfeco,wellbeing,HR,Croatia,3.81438187157306,2.2290589463333133,6.910162002945508,0.6579667014416549,qwen
stfeco,wellbeing,HU,Hungary,4.222210680856891,2.5543458274354554,6.534175334323923,1.0775122688165657,qwen
stfeco,wellbeing,IE,Ireland,5.177761758303079,2.237107840768206,7.034546805349183,0.5236366748286851,qwen
stfeco,wellbeing,IL,Israel,4.637346340378427,2.4778551747260322,6.905286343612334,0.7287589865887192,qwen
stfeco,wellbeing,IS,Iceland,4.354133278700258,2.301638119156402,7.232745961820852,0.772086330371267,qwen
stfeco,wellbeing,IT,Italy,4.1676646263709225,2.127827664975726,6.811764705882353,0.6901429729070148,qwen
stfeco,wellbeing,LT,Lithuania,4.544519559488827,2.4391149388673945,6.879234167893962,0.6719157678361338,qwen
stfeco,wellbeing,LV,Latvia,3.5572163109068264,2.1520775282363993,6.848733233979136,0.7069974595669724,qwen
stfeco,wellbeing,ME,Montenegro,4.329125358977915,2.4212189501351213,7.108006042296073,0.6887111864194527,qwen
stfeco,wellbeing,NL,Netherlands,5.750090162399542,1.8883487420818466,7.044852941176471,0.41400729486027454,qwen
stfeco,wellbeing,NO,Norway,5.638977511362683,2.2999889990969327,7.24014598540146,0.5732154935527458,qwen
stfeco,wellbeing,PL,Poland,5.266828562831059,2.084401474654986,6.7292284866468846,0.8084198433425785,qwen
stfeco,wellbeing,PT,Portugal,3.7597087439710393,2.2173779023902607,7.008088235294117,0.5389204212868024,qwen
stfeco,wellbeing,RS,Serbia,4.08009767411611,2.6670196884026667,6.573333333333333,0.8826719618776085,qwen
stfeco,wellbeing,SE,Sweden,4.727544972683704,2.003617018275472,7.076979472140763,0.4633539506382939,qwen
stfeco,wellbeing,SI,Slovenia,5.256003164705521,2.198909115847543,6.963072378138848,0.6320774536997417,qwen
stfeco,wellbeing,SK,Slovakia,3.90539600420454,2.4802603822382823,6.773529411764706,0.8114819707328043,qwen
stfeco,wellbeing,UA,Ukraine,2.582621884597501,2.473376037105537,4.905325443786983,1.3520578709959221,qwen
stfgov,wellbeing,AT,Austria,4.039162360697896,2.542751952796585,7.0926253687315635,0.8315449191124374,qwen
stfgov,wellbeing,BE,Belgium,4.327179766206084,2.2310383559273848,7.1370481927710845,0.9304863504386762,qwen
stfgov,wellbeing,BG,Bulgaria,2.6719832241253285,2.1518931725478994,6.670676691729323,1.165762971816706,qwen
stfgov,wellbeing,CH,Switzerland,6.603606802594606,1.7563173900139182,7.624963072378138,0.7376278588162115,qwen
stfgov,wellbeing,CY,Cyprus,3.9267792705867395,2.318596254151223,7.185052316890882,0.8289580459043896,qwen
stfgov,wellbeing,DE,Germany,3.8478023210079932,2.565662571285465,7.046165191740413,0.7340475088148114,qwen
stfgov,wellbeing,EE,Estonia,3.531555568247472,2.262874109890977,7.390989660265879,0.696902526577237,qwen
stfgov,wellbeing,ES,Spain,3.7614892720866218,2.6222085393506376,7.102752976190477,0.7453856131967712,qwen
stfgov,wellbeing,FI,Finland,4.804454929568028,2.3543226465867253,7.389233038348082,0.7085168743722503,qwen
stfgov,wellbeing,FR,France,3.787785280082554,2.442793733642136,6.937869822485207,0.9442932160317176,qwen
stfgov,wellbeing,GB,United Kingdom,3.036843581975516,2.394408469716829,6.993993993993994,0.7692159624945096,qwen
stfgov,wellbeing,GR,Greece,3.644471747398687,2.2863689257464532,6.801634472511144,0.9994553591833674,qwen
stfgov,wellbeing,HR,Croatia,3.4080005877444512,2.537664144424585,7.058395245170877,0.8286131798868032,qwen
stfgov,wellbeing,HU,Hungary,4.349290035814571,2.773293843461117,6.583823529411765,1.1996698483139647,qwen
stfgov,wellbeing,IE,Ireland,4.870906010407424,2.2837559034048587,7.072727272727273,0.9153670734957439,qwen
stfgov,wellbeing,IL,Israel,3.8927885655775873,2.9003886880694987,7.032988165680473,0.8544908502687871,qwen
stfgov,wellbeing,IS,Iceland,4.095360338555398,2.3793164587301976,7.617567567567568,1.0068819281486137,qwen
stfgov,wellbeing,IT,Italy,4.305847880343379,2.240831516737721,7.037933466063033,0.9046924884436157,qwen
stfgov,wellbeing,LT,Lithuania,3.891877946823288,2.5420418151357658,7.00521609538003,0.9846824957376838,qwen
stfgov,wellbeing,LV,Latvia,3.1240201091808486,2.2787685267851967,6.9511450381679385,0.848579169772704,qwen
stfgov,wellbeing,ME,Montenegro,4.613987966891826,2.4855582034040724,7.358371735791091,0.9282588117545157,qwen
stfgov,wellbeing,NL,Netherlands,4.609865988308238,2.0062529772022137,7.372713864306784,0.8150406705601704,qwen
stfgov,wellbeing,NO,Norway,4.785794047937997,2.2175501497089307,7.68160237388724,0.6531349357775451,qwen
stfgov,wellbeing,PL,Poland,4.541712539383122,2.823730378695335,6.8642215568862275,0.8857313829671979,qwen
stfgov,wellbeing,PT,Portugal,3.513193931375951,2.3111842226430293,7.10655737704918,0.911887617078208,qwen
stfgov,wellbeing,RS,Serbia,4.258255990476471,3.198497977514989,6.803120356612184,0.9235376529977728,qwen
stfgov,wellbeing,SE,Sweden,4.269263904955265,2.167209026362757,7.585037037037036,0.5990582050582294,qwen
stfgov,wellbeing,SI,Slovenia,4.249594291009816,2.4941118540650034,7.1630239520958074,0.8202978685383654,qwen
stfgov,wellbeing,SK,Slovakia,4.46334706353566,2.686925975312871,6.859940209267564,0.8503842013072034,qwen
stfgov,wellbeing,UA,Ukraine,2.4743529805980655,2.565480033331153,5.2395209580838324,1.5534826410043754,qwen
stfhlth,wellbeing,AT,Austria,6.474907116097822,2.438472434018327,7.469082840236686,0.8241573306838452,qwen
stfhlth,wellbeing,BE,Belgium,7.220810024616674,1.8327609518478543,7.595522388059702,0.6592863913625423,qwen
stfhlth,wellbeing,BG,Bulgaria,3.832171344870384,2.3748257579878462,6.89538002980626,0.7899515175869399,qwen
stfhlth,wellbeing,CH,Switzerland,6.831041864274515,1.9622858222787356,8.11561119293078,0.5794852274580303,qwen
stfhlth,wellbeing,CY,Cyprus,5.576021271821681,2.3253109754011057,7.376586102719034,0.7610080548816637,qwen
stfhlth,wellbeing,DE,Germany,5.1952004418832605,2.4462601761167653,7.529481481481481,0.648306763440753,qwen
stfhlth,wellbeing,EE,Estonia,5.793017380383871,2.1660633774564113,7.65117994100295,0.6377513766240072,qwen
stfhlth,wellbeing,ES,Spain,5.640440850707488,2.522739885428595,7.363289280469897,0.5877952724973354,qwen
stfhlth,wellbeing,FI,Finland,6.4186579536005794,2.06315131322013,7.84287812041116,0.7020850866861155,qwen
stfhlth,wellbeing,FR,France,5.439891110440975,2.4415300288512802,7.251846381093058,0.5968484688005132,qwen
stfhlth,wellbeing,GB,United Kingdom,4.797421449561588,2.4325170399551603,7.1456425406203845,0.5146085510280303,qwen
stfhlth,wellbeing,GR,Greece,3.396290051453136,2.0119449650003913,7.0791176470588235,0.695751329500047,qwen
stfhlth,wellbeing,HR,Croatia,5.3548541416674444,2.682053424056007,7.284218289085546,0.6204790826559844,qwen
stfhlth,wellbeing,HU,Hungary,3.4347744313772854,2.4617765778736294,6.929749631811488,0.7994642909865008,qwen
stfhlth,wellbeing,IE,Ireland,4.433855064113273,2.3508293625680494,7.3416543574593796,0.5737932372998773,qwen
stfhlth,wellbeing,IL,Israel,6.530300993284543,1.8914696286324908,7.339705882352941,0.5802695290359855,qwen
stfhlth,wellbeing,IS,Iceland,5.112267027203692,2.1491014425562263,8.259555555555556,0.49697283428952194,qwen
stfhlth,wellbeing,IT,Italy,5.10968527191663,2.096107535799735,7.463196480938416,0.6316961197999166,qwen
stfhlth,wellbeing,LT,Lithuania,4.4780529748809945,2.3439135030424465,7.216420118343196,0.6475340536578015,qwen
stfhlth,wellbeing,LV,Latvia,4.2972221458723485,2.5047000700024427,7.209495548961424,0.5781551184505418,qwen
stfhlth,wellbeing,ME,Montenegro,4.806435046611185,2.3092924712702363,7.492342342342342,0.6242360093806167,qwen
stfhlth,wellbeing,NL,Netherlands,6.629094750304629,1.781841136689458,7.892815249266862,0.6907558212447904,qwen
stfhlth,wellbeing,NO,Norway,7.06508411422838,1.940954250732358,8.093657817109145,0.4568576903234044,qwen
stfhlth,wellbeing,PL,Poland,4.202687158652689,2.329430701915596,7.0676775147929,0.6385356554309473,qwen
stfhlth,wellbeing,PT,Portugal,3.8254868131229243,2.5085001345712525,7.377092511013216,0.6476230784362493,qwen
stfhlth,wellbeing,RS,Serbia,4.238355203962294,2.794463373118979,6.989985272459499,0.6803954037083874,qwen
stfhlth,wellbeing,SE,Sweden,5.69363952596369,2.1003606930097036,8.060382916053019,0.5095320029287593,qwen
stfhlth,wellbeing,SI,Slovenia,4.722807877332366,2.500698766976185,7.589574155653451,0.6226555752972381,qwen
stfhlth,wellbeing,SK,Slovakia,4.139320334932395,2.4686825909138355,7.140675477239355,0.6133122336956038,qwen
stfhlth,wellbeing,UA,Ukraine,4.3160230699847775,2.6234838094057635,5.905882352941177,1.2751022775624015,qwen
stfedu,wellbeing,AT,Austria,6.08971976844328,2.38046437739405,7.370206489675517,0.8242253165036262,qwen
stfedu,wellbeing,BE,Belgium,5.750874806842748,2.0937724621583906,7.497014925373135,0.6831235193409394,qwen
stfedu,wellbeing,BG,Bulgaria,4.100957477790751,2.3502352553952877,6.9411411411411414,0.6801732781577787,qwen
stfedu,wellbeing,CH,Switzerland,6.656270184332477,1.9459891470846695,8.09274193548387,0.5397510882524184,qwen
stfedu,wellbeing,CY,Cyprus,4.587313251616586,2.2128597138691415,7.551641791044776,0.6847617438091371,qwen
stfedu,wellbeing,DE,Germany,4.233299683415836,2.351668087490688,7.41477104874446,0.719865299604576,qwen
stfedu,wellbeing,EE,Estonia,6.393672568840203,2.229592946471987,7.730983847283407,0.6646717907693904,qwen
stfedu,wellbeing,ES,Spain,5.012136266255524,2.334332636268724,7.330882352941177,0.6106944194234354,qwen
stfedu,wellbeing,FI,Finland,7.233358833554501,1.7644323642522501,7.772271386430679,0.6897848251232449,qwen
stfedu,wellbeing,FR,France,4.601790502520427,2.1644715997236985,7.386356932153392,0.6273508834014717,qwen
stfedu,wellbeing,GB,United Kingdom,5.308284191408358,2.2556840404889704,7.166765578635014,0.5966418516997772,qwen
stfedu,wellbeing,GR,Greece,3.7855746517544375,1.9766209943690236,7.10279823269514,0.7135898313670819,qwen
stfedu,wellbeing,HR,Croatia,5.816350566373938,2.309736824795834,7.366032210834553,0.6816531002699014,qwen
stfedu,wellbeing,HU,Hungary,3.9900899154478,2.4913239593329175,7.02679355783309,0.7088668396265084,qwen
stfedu,wellbeing,IE,Ireland,6.762298407137079,1.9802964933214715,7.362150220913107,0.6885250584847697,qwen
stfedu,wellbeing,IL,Israel,5.264336488030869,2.077408346152148,7.397349042709866,0.6874724218409456,qwen
stfedu,wellbeing,IS,Iceland,6.324844854759572,1.8284320314772442,8.11156661786237,0.5965671882906367,qwen
stfedu,wellbeing,IT,Italy,5.083092027671306,1.9801848982095867,7.42525697503671,0.6722718069323823,qwen
stfedu,wellbeing,LT,Lithuania,4.6526346854447445,2.267229560508824,7.336363636363636,0.6737561899908066,qwen
stfedu,wellbeing,LV,Latvia,4.108276020925814,2.2667826388568875,7.149032738095237,0.6555584544135995,qwen
stfedu,wellbeing,ME,Montenegro,4.359771069180318,2.237590857279682,7.691131498470948,0.7698457142330658,qwen
stfedu,wellbeing,NL,Netherlands,6.163150882846764,1.6663731337868324,7.797045790251109,0.68476023919198,qwen
stfedu,wellbeing,NO,Norway,7.199044068958358,1.8551553739170237,8.1502196193265,0.45172764979043745,qwen
stfedu,wellbeing,PL,Poland,5.05428653345802,2.3976918855549516,7.132339791356185,0.7348958973160054,qwen
stfedu,wellbeing,PT,Portugal,4.477459151602673,2.299564384881257,7.481405563689605,0.7270978856226429,qwen
stfedu,wellbeing,RS,Serbia,5.00073893907496,2.8413549190837095,7.156754772393539,0.6456174974474275,qwen
stfedu,wellbeing,SE,Sweden,5.389646077291931,2.1151413881845356,8.046449704142011,0.5597108768058088,qwen
stfedu,wellbeing,SI,Slovenia,5.530632460507522,2.3221475576997714,7.539531478770132,0.6928760347427457,qwen
stfedu,wellbeing,SK,Slovakia,5.401373334803658,2.4041600037068336,7.133702064896755,0.6748897911201587,qwen
stfedu,wellbeing,UA,Ukraine,4.466432443709682,2.5979428831754627,6.229689807976366,1.1500149438569023,qwen
imueclt,immigration,AT,Austria,5.315172390064883,2.5730849170674883,7.6316715542522,0.9042369629749767,qwen
imueclt,immigration,BE,Belgium,6.1379240168747735,2.3033707467646853,7.6213235294117645,1.059177445615805,qwen
imueclt,immigration,BG,Bulgaria,4.3822668131494416,2.959049168036001,7.448529411764706,0.8902999853615928,qwen
imueclt,immigration,CH,Switzerland,6.375870738527658,2.220136533492237,7.8936950146627565,0.6582168861823433,qwen
imueclt,immigration,CY,Cyprus,3.5214000548356443,2.523698455719429,7.721407624633431,0.9173378522733262,qwen
imueclt,immigration,DE,Germany,5.779437891976539,2.331576961352071,7.76431718061674,0.6723782499554963,qwen
imueclt,immigration,EE,Estonia,5.480215407140887,2.365476916842202,7.689327485380117,0.6847342845756418,qwen
imueclt,immigration,ES,Spain,6.6260562145120625,2.3924314712251236,7.762848751835536,0.7533748319292789,qwen
imueclt,immigration,FI,Finland,7.225142432125029,2.0684223789959995,7.67203513909224,0.8398399784359336,qwen
imueclt,immigration,FR,France,5.529569032667339,2.7050910367326035,7.688609467455621,0.8248028207907079,qwen
imueclt,immigration,GB,United Kingdom,6.569074059332347,2.475974794584905,7.620356612184249,0.8528236663999416,qwen
imueclt,immigration,GR,Greece,4.050831083263721,2.084305513053689,7.583088235294118,0.859029416606218,qwen
imueclt,immigration,HR,Croatia,5.02874341086001,2.7210579344664114,7.595168374816984,0.7831754068806444,qwen
imueclt,immigration,HU,Hungary,3.9425759331519634,2.476597140402959,7.343841642228739,1.050221384183553,qwen
imueclt,immigration,IE,Ireland,6.296974033797106,2.5958015849501503,7.681683899556869,0.7911800043864757,qwen
imueclt,immigration,IL,Israel,5.041758655711063,2.5863937276299773,7.708088235294118,0.7434599631439877,qwen
imueclt,immigration,IS,Iceland,6.897344321807305,2.245228123872818,7.75,0.8516438086548906,qwen
imueclt,immigration,IT,Italy,4.905544540377028,2.569233998960108,7.798245614035087,0.6444468211767402,qwen
imueclt,immigration,LT,Lithuania,4.984868415465608,2.6008663349692376,7.521229868228404,0.8848199834400501,qwen
imueclt,immigration,LV,Latvia,4.627373721269217,2.526015536644707,7.519033674963397,0.8201571287705373,qwen
imueclt,immigration,ME,Montenegro,5.168439134667183,2.093806458714853,7.704918032786885,0.6830285613789572,qwen
imueclt,immigration,NL,Netherlands,6.205126662609896,2.1187354477389713,7.75,0.8402833657165026,qwen
imueclt,immigration,NO,Norway,6.238422215272888,2.2541110468704337,7.835777126099707,0.7087734624212103,qwen
imueclt,immigration,PL,Poland,5.498733975167413,2.3334251431778825,7.435483870967742,0.9581256867469825,qwen
imueclt,immigration,PT,Portugal,5.722458315562678,2.2507075625574586,7.758468335787923,0.6209099886186406,qwen
imueclt,immigration,RS,Serbia,4.877342073718054,3.0710413542742394,7.444281524926686,0.8940845718695931,qwen
imueclt,immigration,SE,Sweden,6.8122445898666175,2.2672137388256846,7.840441176470589,0.638640247867266,qwen
imueclt,immigration,SI,Slovenia,5.355770107952107,2.6083091129330294,7.6678885630498534,0.7524085257487261,qwen
imueclt,immigration,SK,Slovakia,3.8467151318694572,2.7131866439546606,7.5668135095447875,0.76812413338458,qwen
imueclt,immigration,UA,Ukraine,5.1239211172083206,2.8308581148632705,7.333821376281112,1.0751721721279515,qwen
imwbcnt,immigration,AT,Austria,4.840919058547187,2.4527294866543006,6.942018072289157,0.933713854597418,qwen
imwbcnt,immigration,BE,Belgium,5.358485242127184,2.1346963974577657,7.166919575113809,0.893355110638753,qwen
imwbcnt,immigration,BG,Bulgaria,3.956518004842652,2.85827404247127,6.6346444780635405,1.2546982260942903,qwen
imwbcnt,immigration,CH,Switzerland,5.814854504443784,1.845154843550574,7.483206106870229,0.7625757767285616,qwen
imwbcnt,immigration,CY,Cyprus,3.740407078146568,2.40767595128739,7.168181818181818,0.9918727540441878,qwen
imwbcnt,immigration,DE,Germany,5.269177671086836,2.3771917248699403,7.009077155824508,0.9210875793790968,qwen
imwbcnt,immigration,EE,Estonia,4.849486247852013,2.1075366589514086,7.098507462686567,0.9909896817180184,qwen
imwbcnt,immigration,ES,Spain,5.9073130429923815,2.36952875171434,7.15990990990991,0.8061974184936693,qwen
imwbcnt,immigration,FI,Finland,6.013981245125915,2.1083433275445627,7.160419790104948,0.8505739825482225,qwen
imwbcnt,immigration,FR,France,5.115717521574483,2.229765989025632,6.955690440060699,1.1167052608407106,qwen
imwbcnt,immigration,GB,United Kingdom,6.345731092544239,2.463997886085941,7.03,1.009710175201017,qwen
imwbcnt,immigration,GR,Greece,4.102898458435573,2.2185870335870215,7.000751879699248,1.1543198227106022,qwen
imwbcnt,immigration,HR,Croatia,4.943828288889388,2.5165256668371816,7.0187406296851576,1.0015121765776174,qwen
imwbcnt,immigration,HU,Hungary,3.863870207165531,2.1606799294968244,6.503776435045317,1.3058929387558018,qwen
imwbcnt,immigration,IE,Ireland,6.173427287195578,2.568885902556146,7.222910216718266,0.870178569210976,qwen
imwbcnt,immigration,IL,Israel,4.77581453687835,2.514904982885558,7.104354354354355,1.145108835075942,qwen
imwbcnt,immigration,IS,Iceland,6.9623407745959796,2.0342840285249113,7.5307807807807805,0.9641069684467123,qwen
imwbcnt,immigration,IT,Italy,4.578901303697609,2.3773137202145906,7.225037257824143,0.9368248805506489,qwen
imwbcnt,immigration,LT,Lithuania,5.224923260700287,2.3357141831373007,6.847368421052631,1.2875433638368474,qwen
imwbcnt,immigration,LV,Latvia,4.589096531490459,2.463691135380754,6.754211332312404,1.2289958735124562,qwen
imwbcnt,immigration,ME,Montenegro,4.695807747965913,2.2889881687702163,7.233118971061093,0.9248734510606725,qwen
imwbcnt,immigration,NL,Netherlands,5.492398377595162,1.896279430992423,7.282608695652174,0.9679381672400091,qwen
imwbcnt,immigration,NO,Norway,6.212088062951394,1.9985317121611983,7.397081413210445,0.760672227688823,qwen
imwbcnt,immigration,PL,Poland,5.508572016196226,2.1384570518633192,6.676335877862596,1.1788679624734422,qwen
imwbcnt,immigration,PT,Portugal,4.6418732065777135,2.165342872973786,7.288838612368024,0.9089496326198517,qwen
imwbcnt,immigration,RS,Serbia,4.82965163040081,2.965475322083407,6.841715976331361,1.0299684349478013,qwen
imwbcnt,immigration,SE,Sweden,6.259593141286771,2.200494516774948,7.313629402756509,0.9449646164014378,qwen
imwbcnt,immigration,SI,Slovenia,4.963030999588137,2.377905047032816,7.109865470852018,0.9025702552749845,qwen
imwbcnt,immigration,SK,Slovakia,3.5309623603239166,2.3151891466772065,6.704918032786885,1.092425598062037,qwen
imwbcnt,immigration,UA,Ukraine,5.317326172753119,2.8360849591577106,6.161676646706587,1.6692558748273765,qwen
imbgeco,immigration,AT,Austria,5.930470260348815,2.499139626004691,7.158718330849478,0.8198530062684157,qwen
imbgeco,immigration,BE,Belgium,5.483701091221589,2.339388956973316,7.245852187028658,0.7664865633749449,qwen
imbgeco,immigration,BG,Bulgaria,3.9249717897549425,2.9157517131191772,7.126126126126126,0.8837764196945562,qwen
imbgeco,immigration,CH,Switzerland,6.48445283213619,1.9625326083363415,7.503720238095238,0.6233660602042337,qwen
imbgeco,immigration,CY,Cyprus,3.6828782273570484,2.5969415991911684,7.335843373493976,0.9887046294062837,qwen
imbgeco,immigration,DE,Germany,6.017000040531877,2.2911062141897083,7.113943028485757,1.05788923067446,qwen
imbgeco,immigration,EE,Estonia,5.317774342421363,2.2944430795613218,7.340236686390533,0.8395285821178785,qwen
imbgeco,immigration,ES,Spain,6.313687149498994,2.344351933188753,7.284241531664212,0.7624496544033026,qwen
imbgeco,immigration,FI,Finland,6.432967495105742,2.095123340746024,7.309171597633136,0.9176323286102278,qwen
imbgeco,immigration,FR,France,5.321947182331542,2.47236650436905,7.24633431085044,0.8134477626261428,qwen
imbgeco,immigration,GB,United Kingdom,6.376894945797732,2.4281824626662245,7.156626506024097,0.7841865095177576,qwen
imbgeco,immigration,GR,Greece,4.236081165215293,2.186585793193556,7.189450222882615,0.9465594783767478,qwen
imbgeco,immigration,HR,Croatia,5.043247114389215,2.5862925583713934,7.211077844311378,0.777531194582487,qwen
imbgeco,immigration,HU,Hungary,3.6517531630383213,2.5155489846881656,6.998525073746313,0.9421984137756434,qwen
imbgeco,immigration,IE,Ireland,6.125966412675849,2.6587736473754444,7.3144560357675115,0.74977586347676,qwen
imbgeco,immigration,IL,Israel,4.957305921928851,2.6777145342066095,7.372418879056047,0.7439705774728396,qwen
imbgeco,immigration,IS,Iceland,6.763693051791229,2.158027222781135,7.517113095238095,0.9413130945041034,qwen
imbgeco,immigration,IT,Italy,5.143774492178013,2.5286434557028725,7.261904761904762,0.8170179153945469,qwen
imbgeco,immigration,LT,Lithuania,5.600116432947033,2.6201160644142694,7.146050670640834,0.9922739106953101,qwen
imbgeco,immigration,LV,Latvia,5.152410156212118,2.633014371248394,7.111111111111111,0.8790315562963423,qwen
imbgeco,immigration,ME,Montenegro,4.2132053258244015,2.7540876643589,7.320433436532507,0.9935218685637339,qwen
imbgeco,immigration,NL,Netherlands,5.739189778032886,1.9402534025455624,7.354289940828402,0.6943129395539136,qwen
imbgeco,immigration,NO,Norway,5.971415024050874,2.0597516430305314,7.503016591251885,0.7399824106032928,qwen
imbgeco,immigration,PL,Poland,5.516269816646318,2.4460787671796043,7.070270270270271,0.7651736756526628,qwen
imbgeco,immigration,PT,Portugal,6.145828753645978,2.2198235960337978,7.304860088365243,0.8213539811809291,qwen
imbgeco,immigration,RS,Serbia,4.6659923199193525,3.0616903539340887,7.11044776119403,0.7554751478776454,qwen
imbgeco,immigration,SE,Sweden,5.945250039445946,2.0805169005604247,7.416167664670659,0.8046020082230202,qwen
imbgeco,immigration,SI,Slovenia,5.501060923277956,2.54407463650426,7.2174556213017755,0.8494303308197219,qwen
imbgeco,immigration,SK,Slovakia,3.94990465806269,2.7485725170956266,7.065378900445765,0.7725993236159124,qwen
imbgeco,immigration,UA,Ukraine,6.176947417577988,2.81877924059916,7.070796460176991,0.9635926205724699,qwen
imsmetn,immigration,AT,Austria,1.9848903594679843,0.802259529957706,2.967503692762186,0.25304384060357693,qwen
imsmetn,immigration,BE,Belgium,1.9048137548184112,0.7044253089373982,2.9707602339181287,0.24022684703352776,qwen
imsmetn,immigration,BG,Bulgaria,2.2584295318744276,1.0266249994343912,2.9792592592592593,0.20276146116306631,qwen
imsmetn,immigration,CH,Switzerland,1.8323559975393269,0.6536016814694029,2.9912023460410557,0.1324523801400602,qwen
imsmetn,immigration,CY,Cyprus,2.3744432028480555,0.8830584763563025,2.973333333333333,0.2295654519650225,qwen
imsmetn,immigration,DE,Germany,1.762261807972097,0.6899154737487135,2.970326409495549,0.24197837447709653,qwen
imsmetn,immigration,EE,Estonia,2.0564161789601294,0.713834294629291,2.9794721407624634,0.2017275243570456,qwen
imsmetn,immigration,ES,Spain,1.8990792529080591,0.817962435672302,2.960352422907489,0.28550655555083715,qwen
imsmetn,immigration,FI,Finland,1.945990096143163,0.6764863006766781,2.985358711566618,0.17061896596773063,qwen
imsmetn,immigration,FR,France,1.9617420516802728,0.7071034326966054,2.973372781065089,0.22939763329584656,qwen
imsmetn,immigration,GB,United Kingdom,1.8744748593233793,0.7748312328624263,2.964809384164223,0.2631432757698363,qwen
imsmetn,immigration,GR,Greece,2.0069010704420394,0.9318933493678764,2.9740356083086055,0.23062555651656308,qwen
imsmetn,immigration,HR,Croatia,2.007848082038974,0.9097033377657038,2.982300884955752,0.1874481144142111,qwen
imsmetn,immigration,HU,Hungary,2.8666734173836588,0.8804998783990738,2.9529411764705884,0.3033784185971116,qwen
imsmetn,immigration,IE,Ireland,2.0050826600753324,0.846812763013551,2.9704579025110784,0.2414488995216367,qwen
imsmetn,immigration,IL,Israel,1.7927284968003243,1.1274068781525866,2.9882697947214076,0.15283016957047987,qwen
imsmetn,immigration,IS,Iceland,1.5944948628437006,0.6105481222791607,2.992603550295858,0.13858019607047853,qwen
imsmetn,immigration,IT,Italy,2.099682499728239,0.8415914705542806,2.9556868537666174,0.2895380058368198,qwen
imsmetn,immigration,LT,Lithuania,1.9148544359816146,0.7838305143103949,2.9851851851851854,0.1716210538667794,qwen
imsmetn,immigration,LV,Latvia,1.861880713866723,0.9756875974062875,2.980797636632201,0.19134516534811777,qwen
imsmetn,immigration,ME,Montenegro,2.1930207464010523,0.8437025464438357,2.9939209726443767,0.11017962289246956,qwen
imsmetn,immigration,NL,Netherlands,2.09184325558409,0.6975747306932476,2.9824304538799415,0.18676582733952468,qwen
imsmetn,immigration,NO,Norway,1.6704486013714808,0.61393824957152,2.9704579025110784,0.24749979992288118,qwen
imsmetn,immigration,PL,Poland,2.2737578360377912,0.7748541968957734,2.9794419970631423,0.2018742618230321,qwen
imsmetn,immigration,PT,Portugal,2.407053493784501,0.7853713456635332,2.97953216374269,0.20143500669327385,qwen
imsmetn,immigration,RS,Serbia,1.8383213518091834,0.9222608093941408,2.9708029197080292,0.24005377807010636,qwen
imsmetn,immigration,SE,Sweden,1.7306353858655772,0.6354810763112095,2.988217967599411,0.16251046592480217,qwen
imsmetn,immigration,SI,Slovenia,1.874171812683402,0.7460745822384444,2.9867060561299854,0.15802195612355638,qwen
imsmetn,immigration,SK,Slovakia,2.668491306572592,0.8979077213435557,2.9809663250366034,0.19051005094087656,qwen
imsmetn,immigration,UA,Ukraine,1.6070585920919498,0.8563087408079539,2.9765739385065886,0.2153398153941723,qwen
impcntr,immigration,AT,Austria,2.624895307919512,0.9325443380468,2.9763663220088628,0.21628199442541626,qwen
impcntr,immigration,BE,Belgium,2.1057834615457693,0.8236762083891918,2.966275659824047,0.24900489228471517,qwen
impcntr,immigration,BG,Bulgaria,2.802638021347716,0.9885390707940974,2.9734121122599704,0.22923018204842022,qwen
impcntr,immigration,CH,Switzerland,2.1668625229304874,0.7680681584421224,2.979381443298969,0.2021686998399207,qwen
impcntr,immigration,CY,Cyprus,3.01573825997671,0.7437966965961555,2.9939301972685888,0.11009612261291818,qwen
impcntr,immigration,DE,Germany,2.172601577227967,0.8087067600829588,2.9805970149253733,0.1923334843412577,qwen
impcntr,immigration,EE,Estonia,2.753210304141824,0.8685915970027777,2.9941176470588236,0.10838532817737269,qwen
impcntr,immigration,ES,Spain,2.0156059548711043,0.8778687415693935,2.9904270986745214,0.1394668321095702,qwen
impcntr,immigration,FI,Finland,2.4102001234500756,0.8058288145550183,2.9852724594992637,0.17111780945412589,qwen
impcntr,immigration,FR,France,2.232715812578728,0.8225389980837455,2.9615384615384617,0.27487370837451075,qwen
impcntr,immigration,GB,United Kingdom,2.0219395846800894,0.848430285355126,2.967503692762186,0.25304384060357693,qwen
impcntr,immigration,GR,Greece,3.040483689666175,0.7907982393692867,2.9925925925925925,0.1153176683491138,qwen
impcntr,immigration,HR,Croatia,2.3126614395024476,0.9299349153544375,2.9821958456973294,0.18799936039048964,qwen
impcntr,immigration,HU,Hungary,3.2467126616393696,0.7895514146457082,2.9793510324483776,0.19487872399746287,qwen
impcntr,immigration,IE,Ireland,2.1726471210594567,0.8902763127314905,2.9910979228486645,0.13323379632454005,qwen
impcntr,immigration,IL,Israel,3.170063969761885,0.8960326441496079,2.9821162444113263,0.1803205890221011,qwen
impcntr,immigration,IS,Iceland,1.8270792549310613,0.7537421933977912,3.0059084194977843,0.09402541455826371,qwen
impcntr,immigration,IT,Italy,2.259939683854844,0.8845466728919402,2.9719350073855244,0.2322604547628256,qwen
impcntr,immigration,LT,Lithuania,2.432967734905435,0.9073005874422578,2.991031390134529,0.1337292618698326,qwen
impcntr,immigration,LV,Latvia,2.704574812297274,1.01408941043032,2.948717948717949,0.3115510613550136,qwen
impcntr,immigration,ME,Montenegro,2.3313039240519635,0.8445580009466589,2.990811638591118,0.13535269669412667,qwen
impcntr,immigration,NL,Netherlands,2.3225956942431747,0.8131809005001652,2.995515695067265,0.08639959980295321,qwen
impcntr,immigration,NO,Norway,1.830581823036069,0.6959909901689839,2.9866863905325443,0.17587949373992326,qwen
impcntr,immigration,PL,Poland,2.5409953996613295,0.7673873645334611,2.991163475699558,0.1434251310668044,qwen
impcntr,immigration,PT,Portugal,2.4760723365670385,0.8107473607252478,2.9853372434017595,0.17074326776208706,qwen
impcntr,immigration,RS,Serbia,2.5251294720870754,1.0817646195376982,2.9822485207100593,0.18772313043818592,qwen
impcntr,immigration,SE,Sweden,1.8384383959626223,0.7041014027599896,2.9955223880597015,0.11590011139293836,qwen
impcntr,immigration,SI,Slovenia,2.1997549182309015,0.8258467324868838,2.9866863905325443,0.15813813705835092,qwen
impcntr,immigration,SK,Slovakia,2.8906624441759146,0.852134052987886,2.9867256637168142,0.15790603086685162,qwen
impcntr,immigration,UA,Ukraine,2.328579534630941,1.0934683992270489,2.9673105497771175,0.2537833724685539,qwen
imdfetn,immigration,AT,Austria,2.4517622019493235,0.8802061273251262,2.9881831610044314,0.1533909867129949,qwen
imdfetn,immigration,BE,Belgium,2.0919372892883823,0.8073378444642432,2.9808259587020647,0.1912052168559216,qwen
imdfetn,immigration,BG,Bulgaria,2.7328627261284333,0.987963184314789,3.0,0.0,qwen
imdfetn,immigration,CH,Switzerland,2.1007438940066754,0.7119868597103385,3.0,0.0,qwen
imdfetn,immigration,CY,Cyprus,2.880309130017844,0.7480132622807513,2.986666666666667,0.1582545746124158,qwen
imdfetn,immigration,DE,Germany,2.1155225248243354,0.7415870792779439,2.9881656804733727,0.14352868054484327,qwen
imdfetn,immigration,EE,Estonia,2.482137790581076,0.8231709958675449,2.9941176470588236,0.10838532817737269,qwen
imdfetn,immigration,ES,Spain,2.020768220216837,0.871571042977701,2.9868035190615836,0.17510740011062098,qwen
imdfetn,immigration,FI,Finland,2.3173999200612294,0.7958721225569396,2.9912408759124087,0.13216287386139053,qwen
imdfetn,immigration,FR,France,2.1846977597098185,0.8005322694530923,3.001468428781204,0.03832008326196736,qwen
imdfetn,immigration,GB,United Kingdom,1.9310717703886444,0.7847687411676028,2.985228951255539,0.17136887750795468,qwen
imdfetn,immigration,GR,Greece,2.8650876952628623,0.8124512890397037,2.9823788546255505,0.1870378471275211,qwen
imdfetn,immigration,HR,Croatia,2.319903488882591,0.9429217058981054,2.996301775147929,0.08811402072710128,qwen
imdfetn,immigration,HU,Hungary,3.2389901160797776,0.768225077208008,2.9912023460410557,0.1324523801400602,qwen
imdfetn,immigration,IE,Ireland,2.1791032143283253,0.8894551469869207,2.9970631424375918,0.07664016652393472,qwen
imdfetn,immigration,IL,Israel,2.928104329006959,0.988690987686415,2.9912152269399708,0.1323556667634543,qwen
imdfetn,immigration,IS,Iceland,1.8098389980877778,0.7528171498365184,2.997037037037037,0.12177028815462841,qwen
imdfetn,immigration,IT,Italy,2.343602730831374,0.8587056770844878,2.988217967599411,0.15316591992908102,qwen
imdfetn,immigration,LT,Lithuania,2.3379386305133734,0.8970813904785923,2.9926686217008798,0.13797009140082442,qwen
imdfetn,immigration,LV,Latvia,2.4385633393195496,1.0373280123666098,2.9882005899705013,0.14331795600581218,qwen
imdfetn,immigration,ME,Montenegro,2.284846733970834,0.8193283772273464,2.9908256880733943,0.13524949509741135,qwen
imdfetn,immigration,NL,Netherlands,2.166043221464122,0.7310213203390152,2.9911764705882353,0.132646444614324,qwen
imdfetn,immigration,NO,Norway,1.7362368862212043,0.6723635799431303,3.008771929824561,0.09331513085894487,qwen
imdfetn,immigration,PL,Poland,2.660975103502025,0.8066234522048692,2.988986784140969,0.15419335112438076,qwen
imdfetn,immigration,PT,Portugal,2.525527473334346,0.8079625437610874,2.997080291970803,0.07641607199008701,qwen
imdfetn,immigration,RS,Serbia,2.3673391689506214,1.0400754281561135,2.985294117647059,0.1709926885089557,qwen
imdfetn,immigration,SE,Sweden,1.7725604395730519,0.6786479470000785,2.9955882352941177,0.11504474832710557,qwen
imdfetn,immigration,SI,Slovenia,2.202717709087987,0.809141524736039,2.9926578560939796,0.11480987660213259,qwen
imdfetn,immigration,SK,Slovakia,2.955207288230443,0.8221506042981189,2.994100294985251,0.10854483434704926,qwen
imdfetn,immigration,UA,Ukraine,2.139831627748936,1.0299020627035194,2.9890190336749636,0.14413073830784523,qwen
gincdif,values,AT,Austria,1.8357850585925592,0.8482865431523864,3.4145985401459855,0.5018300057551642,qwen
gincdif,values,BE,Belgium,2.1720802640896064,0.9949910736596599,3.3605839416058396,0.5071646998586226,qwen
gincdif,values,BG,Bulgaria,1.5765544452850997,0.8410492045798288,3.3728070175438596,0.5356051988435893,qwen
gincdif,values,CH,Switzerland,2.2268630321551566,1.0099093629053904,3.462773722627737,0.498976628041717,qwen
gincdif,values,CY,Cyprus,1.9201601100983492,0.9436877140159126,3.4649122807017543,0.49913232875252445,qwen
gincdif,values,DE,Germany,2.245756485033962,0.9697362603064524,3.355783308931186,0.5145174773523815,qwen
gincdif,values,EE,Estonia,2.4714217506623983,0.9958313547948203,3.4,0.4991220361971047,qwen
gincdif,values,ES,Spain,2.2390640373900483,1.0350336504377626,3.397080291970803,0.4896504311377301,qwen
gincdif,values,FI,Finland,2.2839959243441132,1.0050396138626976,3.356204379562044,0.4971940732470767,qwen
gincdif,values,FR,France,2.1055804270824057,1.0722848192788625,3.296783625730994,0.457174664067268,qwen
gincdif,values,GB,United Kingdom,2.1757216244786504,0.9963492209249417,3.286131386861314,0.48049415379904686,qwen
gincdif,values,GR,Greece,1.7002968943187178,0.798982811770745,3.3956204379562043,0.5183572529510343,qwen
gincdif,values,HR,Croatia,1.9352503863717316,0.9033262886377711,3.437956204379562,0.5388599871937401,qwen
gincdif,values,HU,Hungary,1.8453483315603791,0.9304015630107489,3.25985401459854,0.4678962270011379,qwen
gincdif,values,IE,Ireland,2.0458435789120073,0.9407137721299345,3.3693430656934305,0.4919768637578844,qwen
gincdif,values,IL,Israel,2.254488633535265,1.0402877437796958,3.4817518248175183,0.5256879338696197,qwen
gincdif,values,IS,Iceland,2.1414361386261214,0.9982674413562134,3.5211678832116786,0.5338581103701053,qwen
gincdif,values,IT,Italy,1.8017486793566568,0.8447168535948194,3.41021897810219,0.5589888364090542,qwen
gincdif,values,LT,Lithuania,2.121179547383133,0.9805559841016092,3.3021897810218976,0.4782502148709133,qwen
gincdif,values,LV,Latvia,1.9796661004482587,0.944902861842144,3.3513909224011713,0.513264205462994,qwen
gincdif,values,ME,Montenegro,2.293288828528572,1.0921740290493038,3.490455212922173,0.5343879936624508,qwen
gincdif,values,NL,Netherlands,2.3307843275086677,1.0063788590941443,3.372262773722628,0.5354030463838346,qwen
gincdif,values,NO,Norway,2.2834812388590824,0.9777834109203098,3.5482456140350878,0.5153683450634828,qwen
gincdif,values,PL,Poland,2.5549544515394365,1.0972876335817574,3.3494152046783627,0.5126364633973054,qwen
gincdif,values,PT,Portugal,1.739313170854453,0.7659278870837078,3.4043795620437955,0.5172278521538332,qwen
gincdif,values,RS,Serbia,1.9827876444054082,0.9714746764454562,3.381021897810219,0.5208423292858647,qwen
gincdif,values,SE,Sweden,2.3279505976838246,0.9073903127600642,3.486131386861314,0.5258218965798034,qwen
gincdif,values,SI,Slovenia,2.041077543530936,0.937292547544402,3.3824817518248174,0.5040621263544771,qwen
gincdif,values,SK,Slovakia,2.0097256652350133,0.8452932908204515,3.3547445255474453,0.5225850616174255,qwen
gincdif,values,UA,Ukraine,2.089412928826519,1.080375501658059,3.3372262773722627,0.5030618675504475,qwen
freehms,values,AT,Austria,1.8048403829960766,0.9115840436715983,3.5747800586510263,0.6732634888487097,qwen
freehms,values,BE,Belgium,1.4898664420721157,0.869878861423761,3.7283406754772392,0.7099534211764398,qwen
freehms,values,BG,Bulgaria,2.936348653180641,1.2945841023392308,3.3661764705882353,0.550568134500034,qwen
freehms,values,CH,Switzerland,1.681711327728691,0.8015227077583311,3.736764705882353,0.6397266564114162,qwen
freehms,values,CY,Cyprus,2.5601500385869453,1.130945762975391,3.559347181008902,0.6497526249580581,qwen
freehms,values,DE,Germany,1.530034629573154,0.69406445606028,3.6774193548387095,0.626193143727923,qwen
freehms,values,EE,Estonia,2.28474033252233,1.0679866161702931,3.6435935198821796,0.6213383972134279,qwen
freehms,values,ES,Spain,1.5241104285026639,0.783908853768037,3.602639296187683,0.6996068218918989,qwen
freehms,values,FI,Finland,1.6470933615759245,0.8292731727594597,3.849194729136164,0.7096600494452459,qwen
freehms,values,FR,France,1.4007917808708183,0.7859407229370496,3.6734992679355782,0.691581485615251,qwen
freehms,values,GB,United Kingdom,1.5388997373585795,0.7322417028973582,3.7094395280235988,0.7509320520890856,qwen
freehms,values,GR,Greece,2.17310224200268,1.1699956257615467,3.5169117647058825,0.6370443472029353,qwen
freehms,values,HR,Croatia,2.565495668237443,1.1255267816775996,3.513950073421439,0.6349125394869664,qwen
freehms,values,HU,Hungary,2.690709609447177,1.2543735068448747,3.367883211678832,0.5505093742488577,qwen
freehms,values,IE,Ireland,1.555016083388427,0.7829197773686,3.7522058823529414,0.6966115032182641,qwen
freehms,values,IL,Israel,2.7719260476232255,1.4744816242172984,3.593979441997063,0.591589727310321,qwen
freehms,values,IS,Iceland,1.3194521636061314,0.7057087260493001,4.163958641063515,0.7366168775709737,qwen
freehms,values,IT,Italy,2.092037298307339,1.0159876456686558,3.609077598828697,0.712913684903078,qwen
freehms,values,LT,Lithuania,3.0050030857827386,1.141480316899656,3.5323529411764705,0.6616890905619166,qwen
freehms,values,LV,Latvia,2.468777846308473,1.2558480344950962,3.5741556534508074,0.6468306664270731,qwen
freehms,values,ME,Montenegro,3.3321808808026123,1.2184330113663548,3.662058371735791,0.676703368467448,qwen
freehms,values,NL,Netherlands,1.445133996683743,0.7036742854321734,3.834795321637427,0.7481865546531375,qwen
freehms,values,NO,Norway,1.4441179088078822,0.6852131508943449,4.104411764705882,0.7337706646997455,qwen
freehms,values,PL,Poland,2.3225344510924515,1.0934718813624278,3.499261447562777,0.6120699561718392,qwen
freehms,values,PT,Portugal,1.8773637836038686,0.9176823894987853,3.7511045655375552,0.7173951894050343,qwen
freehms,values,RS,Serbia,3.1265715118957917,1.3386531295813646,3.3700440528634363,0.5974811080921969,qwen
freehms,values,SE,Sweden,1.425785553832825,0.698236634958843,3.945985401459854,0.6893100413601302,qwen
freehms,values,SI,Slovenia,2.3629947482756473,1.0407782454388308,3.5865102639296187,0.68484313822709,qwen
freehms,values,SK,Slovakia,2.6065690910874335,1.1808278344003713,3.4545454545454546,0.6649289861842403,qwen
freehms,values,UA,Ukraine,2.9931284831475167,1.381845135679538,3.3237885462555066,0.5801300887968511,qwen
hmsfmlsh,values,AT,Austria,4.147308028861745,1.1220901785126633,2.976470588235294,0.5171912494714551,qwen
hmsfmlsh,values,BE,Belgium,4.405791777554618,1.087304254204888,2.9546120058565153,0.5355307781467388,qwen
hmsfmlsh,values,BG,Bulgaria,2.815351952556245,1.3390006883319725,3.0295420974889216,0.4825492556184921,qwen
hmsfmlsh,values,CH,Switzerland,4.338163551741064,0.9071354553573259,3.001468428781204,0.4712288871401262,qwen
hmsfmlsh,values,CY,Cyprus,3.223456992817589,1.1377698274401407,3.0366032210834555,0.46911178233954576,qwen
hmsfmlsh,values,DE,Germany,4.476295645274503,0.8271109613357113,3.0058737151248165,0.46648955782320495,qwen
hmsfmlsh,values,EE,Estonia,3.6581727531774,1.2219923136330886,2.9809663250366034,0.44779119398419237,qwen
hmsfmlsh,values,ES,Spain,4.564413348405986,0.8773885200685794,2.976505139500734,0.5498984962914034,qwen
hmsfmlsh,values,FI,Finland,4.466912225808951,0.8301666166291634,2.9721815519765737,0.4759177728571833,qwen
hmsfmlsh,values,FR,France,4.607616902636518,0.8956009678608612,2.9544787077826724,0.4658781081767287,qwen
hmsfmlsh,values,GB,United Kingdom,4.421650390697318,0.9237562317333435,2.956140350877193,0.47589664239263074,qwen
hmsfmlsh,values,GR,Greece,3.409401943597352,1.3401954676674963,3.0512445095168377,0.5377350705596946,qwen
hmsfmlsh,values,HR,Croatia,3.2644572705160075,1.2071891711249758,2.9765395894428153,0.516432802120326,qwen
hmsfmlsh,values,HU,Hungary,3.293985811219156,1.3048496503964033,2.992690058479532,0.5232003251366821,qwen
hmsfmlsh,values,IE,Ireland,4.363610254415526,1.0362110130763555,2.9904831625183017,0.495120087563659,qwen
hmsfmlsh,values,IL,Israel,3.092598797312127,1.4837062096008957,3.0631424375917766,0.46697536649912325,qwen
hmsfmlsh,values,IS,Iceland,4.749361652255945,0.6745042977261939,2.9794721407624634,0.5833124938220176,qwen
hmsfmlsh,values,IT,Italy,3.8375576432386036,1.060070225951727,2.9779735682819384,0.5267402579073834,qwen
hmsfmlsh,values,LT,Lithuania,3.0973628167924105,1.1617294783378334,3.0146842878120412,0.4756623201666215,qwen
hmsfmlsh,values,LV,Latvia,3.084096141517945,1.3840300717145457,3.061946902654867,0.49427778818036333,qwen
hmsfmlsh,values,ME,Montenegro,2.9981544280044723,1.1686757899030416,3.0288753799392096,0.4972548198170492,qwen
hmsfmlsh,values,NL,Netherlands,4.526722688061487,0.9001308315486732,2.995607613469985,0.49184973571467466,qwen
hmsfmlsh,values,NO,Norway,4.562125366986062,0.781905796814241,3.0014749262536875,0.5421638971694928,qwen
hmsfmlsh,values,PL,Poland,3.766829360736546,1.209928337992963,3.0175695461200585,0.546636161473192,qwen
hmsfmlsh,values,PT,Portugal,3.960362500463685,1.14824218850779,2.9853157121879588,0.44366978499827003,qwen
hmsfmlsh,values,RS,Serbia,2.723069707108146,1.4182508498135005,3.033674963396779,0.560458384664878,qwen
hmsfmlsh,values,SE,Sweden,4.587711797305787,0.7815274095803415,3.0205580029368577,0.493654123913882,qwen
hmsfmlsh,values,SI,Slovenia,3.725860891266949,1.1407292114608247,3.005856515373353,0.4843240201642638,qwen
hmsfmlsh,values,SK,Slovakia,3.140008514024636,1.2251609120289109,2.989766081871345,0.5609659658969769,qwen
hmsfmlsh,values,UA,Ukraine,2.4866616182198324,1.3712752707286429,3.092375366568915,0.5515701148893032,qwen
hmsacld,values,AT,Austria,2.3283595156863424,1.28402390834034,3.2134502923976607,0.46049857968145846,qwen
hmsacld,values,BE,Belgium,1.8758176179656545,1.1706599407282337,3.2331378299120233,0.5082738128086678,qwen
hmsacld,values,BG,Bulgaria,3.7089479531413008,1.2535944355507374,3.153958944281525,0.4674960809284558,qwen
hmsacld,values,CH,Switzerland,2.508597984239608,1.278082604057314,3.2653958944281527,0.4891830570469184,qwen
hmsacld,values,CY,Cyprus,3.716198939903026,1.2720113850934618,3.2445095168374816,0.5053480997181736,qwen
hmsacld,values,DE,Germany,1.9107101931485644,1.0429038893935523,3.199121522693997,0.5150512785358674,qwen
hmsacld,values,EE,Estonia,3.0847703715488484,1.3700731885725446,3.2116788321167884,0.44966941941705124,qwen
hmsacld,values,ES,Spain,1.735098497487845,1.0477927104779508,3.1751824817518246,0.5256270304419844,qwen
hmsacld,values,FI,Finland,2.13443652053681,1.1925924458743113,3.2131386861313866,0.4968934955729604,qwen
hmsacld,values,FR,France,2.1379974437669227,1.3368024660251876,3.177159590043924,0.4745173340354649,qwen
hmsacld,values,GB,United Kingdom,1.891252942041102,1.0373934649471324,3.2152269399707176,0.4803493960279081,qwen
hmsacld,values,GR,Greece,3.864890146669234,1.2614793048487902,3.1847507331378297,0.491814655979736,qwen
hmsacld,values,HR,Croatia,3.5825735883876977,1.2332019349605594,3.1742313323572473,0.4535077871170331,qwen
hmsacld,values,HU,Hungary,3.3170250072457623,1.259370001644766,3.1695906432748537,0.3982529295200826,qwen
hmsacld,values,IE,Ireland,1.9511084635234233,1.1206117655581447,3.260614934114202,0.43929185504803364,qwen
hmsacld,values,IL,Israel,3.004916357312073,1.4805841885094917,3.285505124450952,0.49827635563671363,qwen
hmsacld,values,IS,Iceland,1.6136432116387014,1.1099785778643343,3.3797653958944283,0.5207031877995801,qwen
hmsacld,values,IT,Italy,3.189110426066679,1.2746065593696327,3.2204379562043797,0.4922110703128352,qwen
hmsacld,values,LT,Lithuania,3.8929680058979232,1.0254374314810153,3.197947214076246,0.4407261497344751,qwen
hmsacld,values,LV,Latvia,3.691122363824701,1.3127537249694412,3.274193548387097,0.4751161948485456,qwen
hmsacld,values,ME,Montenegro,3.609247573779838,1.1522096115416658,3.2388724035608307,0.4471164722002399,qwen
hmsacld,values,NL,Netherlands,1.8122463900339445,1.0545263148827153,3.2627737226277373,0.53897879658493,qwen
hmsacld,values,NO,Norway,1.8546935913036795,1.0651081892831464,3.3289473684210527,0.5232330540505293,qwen
hmsacld,values,PL,Poland,3.690918841333205,1.3092616604835379,3.1818181818181817,0.42920981498369065,qwen
hmsacld,values,PT,Portugal,2.532455748115913,1.2532817523691113,3.221407624633431,0.46550218991009,qwen
hmsacld,values,RS,Serbia,4.054340716461004,1.1343128680878303,3.1343065693430656,0.43198812053943103,qwen
hmsacld,values,SE,Sweden,1.7863564870804594,0.9946625844214346,3.397360703812317,0.498625495858574,qwen
hmsacld,values,SI,Slovenia,3.1789430084301267,1.300934490290156,3.156661786237189,0.4502153099644918,qwen
hmsacld,values,SK,Slovakia,3.803739725541597,1.1867565910602178,3.1664233576642338,0.4760763999978454,qwen
hmsacld,values,UA,Ukraine,3.6298902633912213,1.303423642630915,3.115328467153285,0.4457221145008435,qwen
euftf,values,AT,Austria,4.825502874722448,3.0342084393956115,7.038348082595871,0.6928661064278548,qwen
euftf,values,BE,Belgium,5.765449320758711,2.416902944449942,7.064896755162242,0.7364176761567264,qwen
euftf,values,BG,Bulgaria,5.673726649526171,2.5693029420564284,7.007374631268436,0.856776900412666,qwen
euftf,values,CH,Switzerland,5.058785730554144,2.414685662231084,7.245562130177515,0.7685837734917795,qwen
euftf,values,CY,Cyprus,5.792117109114383,2.9949679655598245,7.150887573964497,0.8420516984705967,qwen
euftf,values,DE,Germany,6.214667663946268,2.6418240606486596,7.076583210603829,0.7286971372050243,qwen
euftf,values,EE,Estonia,5.716786505267848,2.89821692560743,7.067448680351906,0.8028010441273731,qwen
euftf,values,ES,Spain,6.219196303613679,2.3809300800724755,7.101321585903084,0.763129017860683,qwen
euftf,values,FI,Finland,5.534029420072393,2.0625584465525115,7.01622418879056,0.8635243763110929,qwen
euftf,values,FR,France,5.208859418881203,2.7424846505392346,7.060850439882698,0.8540520216704228,qwen
euftf,values,GB,United Kingdom,5.343863392336422,2.4756337672732776,6.9836309523809526,0.8287134197991948,qwen
euftf,values,GR,Greece,5.151211798556243,2.336877597222095,7.15,0.7308679045913211,qwen
euftf,values,HR,Croatia,5.322777832267683,2.7974378070924315,7.041297935103245,0.8601154621892687,qwen
euftf,values,HU,Hungary,4.477193257978707,2.800913282537003,6.9340175953079175,0.8001750834373526,qwen
euftf,values,IE,Ireland,5.243559180491938,2.5821933775669614,7.056379821958457,0.7292015283129049,qwen
euftf,values,IL,Israel,4.852961097473329,2.491458730736414,7.12518409425626,0.7874001804866505,qwen
euftf,values,IS,Iceland,5.62716797734462,2.263634006374303,7.252569750367107,0.994512889143147,qwen
euftf,values,IT,Italy,4.73214741711083,2.715610563008266,7.130690161527166,0.834344208507921,qwen
euftf,values,LT,Lithuania,6.1896127724052565,2.778846660603036,7.0325443786982245,0.7937571451237594,qwen
euftf,values,LV,Latvia,4.827724410534694,2.6225231586716697,6.971935007385524,0.7849045141680786,qwen
euftf,values,ME,Montenegro,6.083059795496807,2.4725380356147033,7.099112426035503,0.816822631325409,qwen
euftf,values,NL,Netherlands,5.575385357085336,2.301409214067249,7.112005856515373,0.6628844283595334,qwen
euftf,values,NO,Norway,5.097026537869741,2.078064846793545,7.150074294205052,0.7694332487188619,qwen
euftf,values,PL,Poland,5.6268710507039295,2.7656972811566396,6.928994082840236,0.8420360826053596,qwen
euftf,values,PT,Portugal,6.304979972798495,2.229811268835333,7.1039531478770135,0.879565447309511,qwen
euftf,values,RS,Serbia,4.8863689602539795,3.507210676588169,7.0338733431516935,0.6915214651308678,qwen
euftf,values,SE,Sweden,5.135459709443543,2.0268768402526756,7.177265973254086,0.7273792746652061,qwen
euftf,values,SI,Slovenia,5.628276825877404,2.5334816153476174,6.998531571218796,0.9195575435175483,qwen
euftf,values,SK,Slovakia,4.506864222072202,3.1069045221663543,6.948680351906158,0.8815316835649211,qwen
euftf,values,UA,Ukraine,6.357211111872502,3.37601453739195,6.650442477876106,1.2215173671995896,qwen
atchctr,attachment,AT,Austria,8.143301566730617,1.963193689283061,7.241691394658753,0.8009081693339926,qwen
atchctr,attachment,BE,Belgium,6.4384596891130395,2.4364640132962894,7.317592592592593,0.8505652674881897,qwen
atchctr,attachment,BG,Bulgaria,7.809716109099207,2.4319335045433403,7.367064083457526,0.8041702094320129,qwen
atchctr,attachment,CH,Switzerland,7.74467005313434,1.8717420285613302,7.584444444444444,0.7259360749855188,qwen
atchctr,attachment,CY,Cyprus,8.104507952397872,2.1998829115038263,7.476225854383358,0.9982273080003867,qwen
atchctr,attachment,DE,Germany,7.173427417552009,2.250203405654173,7.2665178571428575,0.817466417623955,qwen
atchctr,attachment,EE,Estonia,7.764812738799736,2.177116452813285,7.549262536873155,0.871148100045766,qwen
atchctr,attachment,ES,Spain,7.6705586518274265,2.361073643641371,7.544082840236685,0.8515139731446936,qwen
atchctr,attachment,FI,Finland,8.532889956209539,1.721974346336809,7.552077151335312,0.6972692351683313,qwen
atchctr,attachment,FR,France,8.11408061265241,1.7557768826141311,7.38874074074074,0.9382368950646623,qwen
atchctr,attachment,GB,United Kingdom,6.446242122238281,2.686254482171474,7.053811659192825,0.9525122630083169,qwen
atchctr,attachment,GR,Greece,8.881524692125504,1.5027453695254007,7.499704579025111,0.9477003784276447,qwen
atchctr,attachment,HR,Croatia,7.805299599467808,2.3082126079291276,7.467164179104477,0.8441990675667475,qwen
atchctr,attachment,HU,Hungary,8.192343443970984,1.9373680552289099,7.232732732732733,0.8761041810079373,qwen
atchctr,attachment,IE,Ireland,7.940130153125142,1.9499742875864232,7.369082840236686,0.8941487417575377,qwen
atchctr,attachment,IL,Israel,7.589408771063847,2.976638904720854,7.657079646017699,0.9382886285763457,qwen
atchctr,attachment,IS,Iceland,7.798589150536426,1.9086261257204415,7.9808157099697885,1.1214767384621376,qwen
atchctr,attachment,IT,Italy,7.8728001015022055,2.1457995087140276,7.621386430678466,0.8161044267643002,qwen
atchctr,attachment,LT,Lithuania,7.66776595743522,2.351043034499375,7.430962962962963,0.9448461433118448,qwen
atchctr,attachment,LV,Latvia,8.002254051978401,2.3460469517606706,7.304054054054054,0.936461949862316,qwen
atchctr,attachment,ME,Montenegro,7.43172280951192,2.611198558009051,7.525195618153365,0.9448958332296479,qwen
atchctr,attachment,NL,Netherlands,6.91995596751002,1.9759069697496663,7.457629629629629,0.9181714890987301,qwen
atchctr,attachment,NO,Norway,8.356020732898022,1.7609468632769683,7.721153846153846,0.7906748172710869,qwen
atchctr,attachment,PL,Poland,8.381322284672837,2.067943260908936,7.361185185185185,0.832734450151201,qwen
atchctr,attachment,PT,Portugal,8.323597733262226,1.958016904353307,7.5379056047197635,0.8570981115136522,qwen
atchctr,attachment,RS,Serbia,7.955240033272359,2.769081811317891,7.3301329394387,0.8766069673464674,qwen
atchctr,attachment,SE,Sweden,7.687499171975582,2.2106911613218845,7.628739002932551,0.6823091951608597,qwen
atchctr,attachment,SI,Slovenia,7.822256846162968,2.2401440085016127,7.519259259259259,0.7065291407650447,qwen
atchctr,attachment,SK,Slovakia,7.3373376954344876,2.401305239829526,7.2220566318926975,0.9560596698482946,qwen
atchctr,attachment,UA,Ukraine,8.384846624537102,2.2335078090949296,7.601040118870728,1.1424762110141808,qwen
atcherp,attachment,AT,Austria,6.459312965022585,2.4740283129114413,7.3343239227340264,0.9143182450609065,qwen
atcherp,attachment,BE,Belgium,5.737255057652594,2.4869016145939025,7.301359516616314,0.8997636069064087,qwen
atcherp,attachment,BG,Bulgaria,4.557503875500378,2.7733848582900498,7.217424242424243,1.0372790520804214,qwen
atcherp,attachment,CH,Switzerland,6.089205374334021,2.29180426314845,7.454451038575668,0.8974055777639737,qwen
atcherp,attachment,CY,Cyprus,5.111489573318731,2.6391498452836135,7.488549618320611,0.9714298882230434,qwen
atcherp,attachment,DE,Germany,6.372853835697904,2.5349371781994114,7.21887072808321,0.9773097958850874,qwen
atcherp,attachment,EE,Estonia,5.66938285217246,2.650948355524505,7.578286558345643,0.8125775451458572,qwen
atcherp,attachment,ES,Spain,6.66848211243954,2.265122140456476,7.4142222222222225,0.9568304088270722,qwen
atcherp,attachment,FI,Finland,6.847523322270992,1.9594314130921375,7.522222222222222,0.8977111239795996,qwen
atcherp,attachment,FR,France,6.118343031458958,2.506014263379807,7.288323353293413,0.9608911110889974,qwen
atcherp,attachment,GB,United Kingdom,4.782086100508302,2.709499960031744,6.926403641881639,1.06810670823148,qwen
atcherp,attachment,GR,Greece,5.377431957724561,2.396499458360454,7.337367624810892,1.154219544571773,qwen
atcherp,attachment,HR,Croatia,6.017784696959767,2.7024896573637998,7.413333333333333,0.9863158678120933,qwen
atcherp,attachment,HU,Hungary,7.386025960497832,2.308692837898404,7.176126126126126,1.0241669311519832,qwen
atcherp,attachment,IE,Ireland,5.9434348180023875,2.383310584470113,7.295180722891566,0.8483366551152594,qwen
atcherp,attachment,IL,Israel,2.430308978588516,2.3683137968434713,6.833084947839046,1.3570190740737433,qwen
atcherp,attachment,IS,Iceland,6.068364672873836,2.2551332756453117,7.507294832826748,1.2851481473878001,qwen
atcherp,attachment,IT,Italy,5.7209684284249445,2.308495754114149,7.5075075075075075,0.824404512782064,qwen
atcherp,attachment,LT,Lithuania,5.910696311492451,2.677545132751692,7.448053892215569,0.8965095316947893,qwen
atcherp,attachment,LV,Latvia,5.3753155336116425,2.768291889432703,7.314437689969604,1.0852917611952315,qwen
atcherp,attachment,ME,Montenegro,4.7930529170902565,2.497743690399417,7.410077519379845,1.0681618390854022,qwen
atcherp,attachment,NL,Netherlands,5.724042520406502,2.175500955768772,7.473116691285082,0.8661541226442622,qwen
atcherp,attachment,NO,Norway,6.528823298702699,2.258380187969604,7.5119760479041915,0.8858408042418907,qwen
atcherp,attachment,PL,Poland,6.852986064225321,2.392893967990444,7.226190476190476,1.0294609933548318,qwen
atcherp,attachment,PT,Portugal,6.708304466826482,2.185217417074786,7.545857988165681,0.8192846042528349,qwen
atcherp,attachment,RS,Serbia,3.5381177753021533,3.0939519700451057,7.111607142857143,0.9562949057558222,qwen
atcherp,attachment,SE,Sweden,6.492313928148823,2.2401736423879495,7.39344262295082,1.0338532096078212,qwen
atcherp,attachment,SI,Slovenia,5.98720295951601,2.6551961227910086,7.456909361069837,0.9470744202786645,qwen
atcherp,attachment,SK,Slovakia,6.0905108649622255,2.750945268381491,7.211309523809524,0.988378104836801,qwen
atcherp,attachment,UA,Ukraine,5.628034619503941,3.1507378764613088,7.020895522388059,1.3020665778767107,qwen
health,health,AT,Austria,1.9141356256686646,0.9232104251785521,3.845970119014823,0.457936061613115,qwen
health,health,BE,Belgium,2.114847504252695,0.8827077394660321,3.8283028312544714,0.513014951951693,qwen
health,health,BG,Bulgaria,2.0014969415203407,0.89154254997927,3.694709653234089,0.544971542233292,qwen
health,health,CH,Switzerland,1.8562260693555466,0.7370794966101829,3.9423421466566646,0.4438839404004503,qwen
health,health,CY,Cyprus,1.9838909971504628,0.972816685203613,3.8972388059701486,0.4427077165113139,qwen
health,health,DE,Germany,2.3404064086681218,0.9204941688404913,3.823785220582102,0.5273773929019377,qwen
health,health,EE,Estonia,2.384538456606737,0.8140440645423924,3.8496030869373565,0.5461872283359754,qwen
health,health,ES,Spain,2.2450335664243757,0.9550380949578365,3.81488573741258,0.47273219659691523,qwen
health,health,FI,Finland,2.242125842698102,0.832107114210838,3.849179530721938,0.49261114517110943,qwen
health,health,FR,France,2.1955373529269524,0.917509906548585,3.781035036213872,0.4917940486536511,qwen
health,health,GB,United Kingdom,2.1475728850864075,0.9299975852006594,3.7480117820324,0.4722846872593701,qwen
health,health,GR,Greece,1.6507620037517867,0.7968449482650742,3.744646084537981,0.5491177268571328,qwen
health,health,HR,Croatia,2.1587218174065788,1.0763146128824166,3.8427012854411835,0.5180645921259419,qwen
health,health,HU,Hungary,2.1453850505528766,0.968639011634433,3.6449404761904765,0.5560838125550536,qwen
health,health,IE,Ireland,1.7979717869331635,0.7767376972115357,3.8912362613750764,0.4412132553778652,qwen
health,health,IL,Israel,1.805679135155322,1.0235947764484168,3.8762611275964396,0.4220961948233051,qwen
health,health,IS,Iceland,2.0520469187203223,0.933014525178925,3.992973238429539,0.5420630695145069,qwen
health,health,IT,Italy,2.208019228294266,0.8613077531480793,3.8501064336977073,0.4708997686692393,qwen
health,health,LT,Lithuania,2.3620473814182037,0.8127189824484872,3.764732612038701,0.5169259671281554,qwen
health,health,LV,Latvia,2.651565011670587,0.829205302339946,3.7804559632962405,0.5064822430749152,qwen
health,health,ME,Montenegro,2.0184010632287226,0.8525585211091011,3.9273065476190476,0.507318165542791,qwen
health,health,NL,Netherlands,2.136731618071862,0.7366112674677908,3.9012651859359395,0.4724722607478776,qwen
health,health,NO,Norway,2.065780416217236,0.9372793967065801,4.032747539723169,0.3798560757205771,qwen
health,health,PL,Poland,2.234161722961197,0.8088475011682066,3.673643839013294,0.5224187574005518,qwen
health,health,PT,Portugal,2.392226647275271,0.8990897224501815,3.823592588934186,0.4771093752127343,qwen
health,health,RS,Serbia,2.3095017135503286,1.0226643886584024,3.769443489296508,0.49903374613148355,qwen
health,health,SE,Sweden,2.049525199592529,0.8356555728872694,3.959788288356856,0.45728704422471844,qwen
health,health,SI,Slovenia,2.1846749396506233,0.8942901128662777,3.842156705620301,0.5084917815202779,qwen
health,health,SK,Slovakia,2.2348633159025577,0.8945051260799347,3.753791383134814,0.49573010435318426,qwen
health,health,UA,Ukraine,2.673107019642948,0.8603051181585082,3.579371444795827,0.6881686524463735,qwen
rlgatnd,religion,AT,Austria,5.479338666840443,1.3400087072150901,3.2540381791483113,0.6564738637861577,qwen
rlgatnd,religion,BE,Belgium,6.116130995693989,1.3653135699401429,3.276470588235294,0.5666524825256881,qwen
rlgatnd,religion,BG,Bulgaria,5.327140858928711,1.2396764000564964,3.166172106824926,0.6303242450056274,qwen
rlgatnd,religion,CH,Switzerland,5.734269035247372,1.3171909253730611,3.271260997067449,0.5771171398952082,qwen
rlgatnd,religion,CY,Cyprus,4.353221003891415,1.3570157202418038,3.2618343195266273,0.5995743248570877,qwen
rlgatnd,religion,DE,Germany,6.072509764828908,1.2470883860930286,3.1720588235294116,0.6126659165102954,qwen
rlgatnd,religion,EE,Estonia,6.052758649598297,1.0707400981460191,3.1185944363103952,0.6331435451512191,qwen
rlgatnd,religion,ES,Spain,5.881227715894526,1.5065486967625719,3.269911504424779,0.579826025313728,qwen
rlgatnd,religion,FI,Finland,5.850632443390991,1.165045751022802,3.2005856515373354,0.6309697486130278,qwen
rlgatnd,religion,FR,France,6.127880470150239,1.2904666557657698,3.168141592920354,0.5864444329852898,qwen
rlgatnd,religion,GB,United Kingdom,5.845746367740842,1.583302523856709,3.2079646017699117,0.6563821336630715,qwen
rlgatnd,religion,GR,Greece,4.563632269248038,1.173277911508533,3.226470588235294,0.6177582273110993,qwen
rlgatnd,religion,HR,Croatia,4.986787808266148,1.4499214808058578,3.2308823529411765,0.6149241970935816,qwen
rlgatnd,religion,HU,Hungary,5.677079152143987,1.4075077348572846,3.2179675994108985,0.6069178326477329,qwen
rlgatnd,religion,IE,Ireland,5.103841421421447,1.5704984412755174,3.2633136094674557,0.6337778294157602,qwen
rlgatnd,religion,IL,Israel,5.142386564860492,1.9814960341303947,3.25,0.5633635573862308,qwen
rlgatnd,religion,IS,Iceland,6.145479970306821,1.1653814568349314,3.153166421207658,0.9201695144863122,qwen
rlgatnd,religion,IT,Italy,4.662641162701375,1.628398840444458,3.2133333333333334,0.6573934682568917,qwen
rlgatnd,religion,LT,Lithuania,5.138376199062481,1.1990503855709085,3.2377777777777776,0.5943435980658158,qwen
rlgatnd,religion,LV,Latvia,5.814837262072342,1.2054114115367247,3.168421052631579,0.6222975817717844,qwen
rlgatnd,religion,ME,Montenegro,4.338197625667527,1.6547586813358335,3.2700296735905043,0.5728562977743586,qwen
rlgatnd,religion,NL,Netherlands,6.162729781781611,1.4696419827192204,3.2008797653958942,0.671946208056079,qwen
rlgatnd,religion,NO,Norway,6.076685746987576,1.1874551439866414,3.2529761904761907,0.7273597678735637,qwen
rlgatnd,religion,PL,Poland,4.294966622278048,1.466940204585177,3.2333825701624814,0.609497748798489,qwen
rlgatnd,religion,PT,Portugal,5.25733500990477,1.682959356254799,3.2309941520467835,0.6374166887561414,qwen
rlgatnd,religion,RS,Serbia,5.063040211682718,1.1521434257006364,3.263622974963181,0.602124419322559,qwen
rlgatnd,religion,SE,Sweden,6.053227284345842,1.1352555567958624,3.276218611521418,0.6497007955481809,qwen
rlgatnd,religion,SI,Slovenia,5.421129340400725,1.3829041678849663,3.1961932650073206,0.6381219035316764,qwen
rlgatnd,religion,SK,Slovakia,4.802303803279733,1.6272285940989588,3.248529411764706,0.6152199810264174,qwen
rlgatnd,religion,UA,Ukraine,4.903262379016235,1.4965780611518245,3.2673559822747413,0.5941138386426243,qwen
aesfdrk,safety,AT,Austria,1.7451200858393296,0.7781357867038727,3.0175182481751825,0.20869190553426623,qwen
aesfdrk,safety,BE,Belgium,1.9608103558736638,0.7680524114258143,3.0210914454277287,0.1679153279380674,qwen
aesfdrk,safety,BG,Bulgaria,2.5147298946457233,0.8500712838204036,2.966275659824047,0.1962360208587017,qwen
aesfdrk,safety,CH,Switzerland,1.6449212604938928,0.6840492099370598,3.0846833578792343,0.29218106410436046,qwen
aesfdrk,safety,CY,Cyprus,2.206599297143829,0.7915801586684562,3.0387994143484627,0.21396211849799296,qwen
aesfdrk,safety,DE,Germany,1.9377331019707613,0.7754115407227861,3.028803545051699,0.21306557478628887,qwen
aesfdrk,safety,EE,Estonia,1.7614117223777974,0.6534452556480626,3.0748905109489053,0.2608693203926191,qwen
aesfdrk,safety,ES,Spain,1.8616260813447065,0.7579753018268469,3.0308370044052864,0.218121737823201,qwen
aesfdrk,safety,FI,Finland,1.6502650058100996,0.6329304653417683,3.0708029197080293,0.2882089742824812,qwen
aesfdrk,safety,FR,France,1.9970340137772633,0.8798602580096239,3.014641288433382,0.20209165451965108,qwen
aesfdrk,safety,GB,United Kingdom,1.9204157097348173,0.7639990590412803,2.9926686217008798,0.13528315390524343,qwen
aesfdrk,safety,GR,Greece,2.214238278814882,0.8221606948682242,3.0219619326500733,0.27257480613900087,qwen
aesfdrk,safety,HR,Croatia,1.607796724970234,0.6176597085881051,3.016422287390029,0.20584723525044513,qwen
aesfdrk,safety,HU,Hungary,1.88843413734752,0.5869997343161297,2.9722222222222223,0.1731299253242636,qwen
aesfdrk,safety,IE,Ireland,1.8840217477145313,0.7786320886168319,3.004392386530015,0.11479180976900716,qwen
aesfdrk,safety,IL,Israel,2.003908804589909,0.8713027199520768,3.06140350877193,0.28995140864071756,qwen
aesfdrk,safety,IS,Iceland,1.4502312563915707,0.6582303359278844,3.1620029455081,0.3687251336430726,qwen
aesfdrk,safety,IT,Italy,2.2515240159291157,0.7870124590342552,3.0205278592375366,0.17013689733150053,qwen
aesfdrk,safety,LT,Lithuania,2.1023968977184855,0.6603483022587546,3.0168374816983894,0.19167562163797913,qwen
aesfdrk,safety,LV,Latvia,2.0343555398162096,0.7569815019136503,3.0110456553755522,0.19266473847680418,qwen
aesfdrk,safety,ME,Montenegro,1.9127651028518395,0.6766689768568745,3.0208333333333335,0.19573824995077063,qwen
aesfdrk,safety,NL,Netherlands,1.8321046219530455,0.6716373504943086,3.0456076134699854,0.1823270193765477,qwen
aesfdrk,safety,NO,Norway,1.4444036804392373,0.621264626266143,3.1141812865497074,0.35610640800477217,qwen
aesfdrk,safety,PL,Poland,1.7455882829221274,0.6103235977360933,3.0007331378299122,0.18674754422281603,qwen
aesfdrk,safety,PT,Portugal,2.0040593848451977,0.6692397650858066,3.0233918128654973,0.22188375926793238,qwen
aesfdrk,safety,RS,Serbia,1.7162551018890868,0.7411910287910501,3.0176211453744495,0.13166661473041882,qwen
aesfdrk,safety,SE,Sweden,1.7102098196296691,0.7724201277122971,3.0835777126099706,0.2924303709467074,qwen
aesfdrk,safety,SI,Slovenia,1.5854336586751598,0.6011680445006672,3.018567251461988,0.18766577213204375,qwen
aesfdrk,safety,SK,Slovakia,2.14238162067109,0.6523475023052114,2.9669117647058822,0.21196018572521858,qwen
aesfdrk,safety,UA,Ukraine,2.0477057283918545,0.8012970852475175,2.8859649122807016,0.3445991223668596,qwen
hincfel,income,AT,Austria,1.7885763610856038,0.7016947571657278,2.953216374269006,0.2609334633459577,qwen
hincfel,income,BE,Belgium,1.86522641109487,0.8896511295112408,2.968888888888889,0.2257419900970514,qwen
hincfel,income,BG,Bulgaria,2.5741661039618227,0.8640364971527,2.9283625730994154,0.3324556269599337,qwen
hincfel,income,CH,Switzerland,1.5683709540776045,0.7180125713220007,2.9897360703812317,0.1553176485214886,qwen
hincfel,income,CY,Cyprus,2.079467994970561,0.8671987095784793,2.9544117647058825,0.2962374875861816,qwen
hincfel,income,DE,Germany,1.626667978914573,0.6834186975768242,2.934017595307918,0.31138644014865635,qwen
hincfel,income,EE,Estonia,1.9440503292166416,0.7082959549773526,2.979502196193265,0.20158110636627136,qwen
hincfel,income,ES,Spain,1.85549258919365,0.8177486918848212,2.942982456140351,0.28831899272480693,qwen
hincfel,income,FI,Finland,1.8378014985173585,0.685850382143259,2.985294117647059,0.1709926885089557,qwen
hincfel,income,FR,France,1.7442598225119734,0.7357233858495562,2.9205882352941175,0.34263074046136766,qwen
hincfel,income,GB,United Kingdom,1.782693631351505,0.8396131057994066,2.944363103953148,0.3201122373508834,qwen
hincfel,income,GR,Greece,2.4566459133957133,0.763509976228362,2.9456681350954477,0.2894968276736978,qwen
hincfel,income,HR,Croatia,1.8591769298216114,0.7951207513223731,2.959736456808199,0.28434921469504937,qwen
hincfel,income,HU,Hungary,2.1792181814427543,0.7150166923772696,2.894273127753304,0.39554070437938255,qwen
hincfel,income,IE,Ireland,1.817426696357792,0.8275290655892819,2.9809104258443466,0.19078720643990238,qwen
hincfel,income,IL,Israel,1.992257796033195,0.909257685789422,2.9664233576642336,0.23014023574462736,qwen
hincfel,income,IS,Iceland,1.5782702126796426,0.7523342908941502,2.988235294117647,0.17961619346743418,qwen
hincfel,income,IT,Italy,1.9337770882399752,0.7686205038007697,2.973568281938326,0.22856402460891848,qwen
hincfel,income,LT,Lithuania,1.9270208834320273,0.6560368551061526,2.9794419970631423,0.1944531848955061,qwen
hincfel,income,LV,Latvia,2.441784891392683,0.7822267281510663,2.9397944199706316,0.3032460930808796,qwen
hincfel,income,ME,Montenegro,2.541803177342517,1.0498763840763221,2.987463126843658,0.165946711464985,qwen
hincfel,income,NL,Netherlands,1.418800054685903,0.6486966976962052,2.9846491228070176,0.20813898874932008,qwen
hincfel,income,NO,Norway,1.5104027324668359,0.6803905012376829,2.9852724594992637,0.17111780945412586,qwen
hincfel,income,PL,Poland,1.94692268620397,0.5536224979120611,2.934462444771723,0.3080377969575913,qwen
hincfel,income,PT,Portugal,2.2961930159308017,0.8230599117177357,2.9678362573099415,0.2398523144335273,qwen
hincfel,income,RS,Serbia,1.919298210772144,0.7621331198511583,2.948529411764706,0.2691789989000692,qwen
hincfel,income,SE,Sweden,1.3799038798597794,0.6167472715921849,3.012444771723122,0.11519728927220098,qwen
hincfel,income,SI,Slovenia,1.5381724922383904,0.7351340898757903,2.9722222222222223,0.22465924162945114,qwen
hincfel,income,SK,Slovakia,2.1619024707248014,0.8206651601987425,2.9158125915080526,0.3559490721334422,qwen
hincfel,income,UA,Ukraine,2.8978141350157722,0.9025688044675382,2.891654465592972,0.3591747433585582,qwen
