variable,domain,cntry,country_name,survey_mean,survey_sd,silicon_mean,silicon_sd,model
ppltrst,social_trust,AT,Austria,6.071829184018286,2.0976862462724717,6.388321167883212,1.7616390599104412,qwen
ppltrst,social_trust,BE,Belgium,5.458173187943939,2.195522494698598,6.697664233576642,1.7452761065990894,qwen
ppltrst,social_trust,BG,Bulgaria,3.728913646176717,2.3711881162028385,6.533040935672515,1.941393619850039,qwen
ppltrst,social_trust,CH,Switzerland,5.855593288087151,2.1151913454264175,6.597664233576642,1.7124143649454486,qwen
ppltrst,social_trust,CY,Cyprus,4.092466358118389,2.456123517842882,6.41374269005848,2.0416278417209077,qwen
ppltrst,social_trust,DE,Germany,5.213421360673227,2.329440069370058,6.573099415204679,1.6627628885335046,qwen
ppltrst,social_trust,EE,Estonia,5.597881429421257,1.9956320359719784,6.965643274853801,1.5117609296067944,qwen
ppltrst,social_trust,ES,Spain,5.30377052791885,2.170845887878443,6.185818713450293,1.9411972130848871,qwen
ppltrst,social_trust,FI,Finland,6.920840954305089,1.8140828898597425,6.9709489051094895,1.6897748401912576,qwen
ppltrst,social_trust,FR,France,4.472588263453334,2.150595521187708,6.706715328467154,1.698644587583145,qwen
ppltrst,social_trust,GB,United Kingdom,5.418093170478824,2.2752091003472237,6.262518301610542,1.8707191477601668,qwen
ppltrst,social_trust,GR,Greece,4.5659732232376244,1.9203750141942668,6.267302052785924,1.8455649246257895,qwen
ppltrst,social_trust,HR,Croatia,4.710634171131117,2.3881561272203213,6.494598540145986,1.8690578413535923,qwen
ppltrst,social_trust,HU,Hungary,4.5774672280159825,2.4378724365986537,6.586383601756955,1.9468386915091593,qwen
ppltrst,social_trust,IE,Ireland,5.414850386746617,2.381842777024013,6.3383601756954615,1.8288719675259706,qwen
ppltrst,social_trust,IL,Israel,5.174017172464776,2.389764509965967,6.814598540145985,1.9068030003546796,qwen
ppltrst,social_trust,IS,Iceland,6.354200470157306,2.061858353889841,6.786988304093567,1.6810694305461884,qwen
ppltrst,social_trust,IT,Italy,4.498938379325662,2.3475202051401065,6.219648093841642,1.9360695289841663,qwen
ppltrst,social_trust,LT,Lithuania,5.1342718600800605,2.4545179848769294,6.481140350877194,1.8659257573538501,qwen
ppltrst,social_trust,LV,Latvia,3.853969529445196,2.5315340747124133,6.504538799414349,1.8184521509785616,qwen
ppltrst,social_trust,ME,Montenegro,4.214523037104412,2.5013155012698616,6.338157894736843,1.9770180597088354,qwen
ppltrst,social_trust,NL,Netherlands,6.1705777782591795,1.958424103278812,6.911988304093567,1.5026290751516544,qwen
ppltrst,social_trust,NO,Norway,6.4876535997464035,1.9510974667031853,6.814473684210527,1.6462774506144564,qwen
ppltrst,social_trust,PL,Poland,4.5337215889785645,2.3334421200904445,6.710818713450292,1.8718301429930484,qwen
ppltrst,social_trust,PT,Portugal,4.15405019735004,2.4020558131627445,5.956076134699853,2.03873137917278,qwen
ppltrst,social_trust,RS,Serbia,4.4015442985461535,2.769641531820987,6.432846715328467,1.8255059976680685,qwen
ppltrst,social_trust,SE,Sweden,6.173553003500404,2.0369372146641576,6.904970760233918,1.6151837646472595,qwen
ppltrst,social_trust,SI,Slovenia,4.671985358795646,2.386686330953043,6.584502923976609,1.7811670261660604,qwen
ppltrst,social_trust,SK,Slovakia,4.032077870148862,2.846323197813735,6.208029197080292,1.9631494863048593,qwen
ppltrst,social_trust,UA,Ukraine,3.823509033700963,2.792401452672258,5.939035087719298,2.0422864068084796,qwen
pplfair,social_trust,AT,Austria,6.356658702906922,2.007590140567435,7.146861313868613,0.9181453399331511,qwen
pplfair,social_trust,BE,Belgium,5.898274055320637,2.038526524185433,7.204087591240876,0.9152769008240375,qwen
pplfair,social_trust,BG,Bulgaria,4.28774413732007,2.2021907496756565,7.331094890510949,0.8527112580004081,qwen
pplfair,social_trust,CH,Switzerland,6.400660288273514,1.8848948256164268,7.237956204379562,0.8162397189434571,qwen
pplfair,social_trust,CY,Cyprus,4.423461465515083,2.2078122491415186,7.191240875912409,1.0177140458048475,qwen
pplfair,social_trust,DE,Germany,6.186403696050097,1.9898562079629318,7.132992700729927,0.8115705344594413,qwen
pplfair,social_trust,EE,Estonia,6.111731028208338,2.0677934266941755,7.337226277372263,0.7522876708144082,qwen
pplfair,social_trust,ES,Spain,5.541573467263106,2.1802436948843513,7.089197080291972,0.9666818347223176,qwen
pplfair,social_trust,FI,Finland,7.084249691343838,1.7336838763693212,7.402627737226277,0.8086658477536248,qwen
pplfair,social_trust,FR,France,6.088517879920214,1.9971480895774854,7.278540145985402,0.81944081288856,qwen
pplfair,social_trust,GB,United Kingdom,5.981753215098941,2.1060601678344897,7.091970802919708,0.9190207725796157,qwen
pplfair,social_trust,GR,Greece,4.935914237527794,2.005204614994723,7.2308029197080295,0.7975108006694613,qwen
pplfair,social_trust,HR,Croatia,5.182213320213709,2.439485398002121,7.1556204379562045,0.922660516561452,qwen
pplfair,social_trust,HU,Hungary,5.124484568640466,2.073835982532519,7.345109489051095,0.813479384345329,qwen
pplfair,social_trust,IE,Ireland,6.168494894931351,2.106787750467679,7.151824817518248,0.8304425465180604,qwen
pplfair,social_trust,IL,Israel,5.314318458840991,2.3022335286898072,7.245839416058393,0.9294724674471797,qwen
pplfair,social_trust,IS,Iceland,6.576929478670769,1.9072991814569054,7.194598540145986,0.8737982679976886,qwen
pplfair,social_trust,IT,Italy,4.588315451551168,2.2539241028190062,7.24963503649635,0.844930192589658,qwen
pplfair,social_trust,LT,Lithuania,5.4409183956236085,2.235114984941725,7.2610218978102194,0.8456711966902962,qwen
pplfair,social_trust,LV,Latvia,5.663738367059401,2.247497646406504,7.298394160583941,0.8339718900635343,qwen
pplfair,social_trust,ME,Montenegro,4.36938040692145,2.2653311034681702,7.127007299270073,0.9516455162207901,qwen
pplfair,social_trust,NL,Netherlands,6.542182923142853,1.634480715869356,7.203649635036497,0.8826138048585652,qwen
pplfair,social_trust,NO,Norway,6.757639034501647,1.8971193298633304,7.281021897810219,0.887826444922323,qwen
pplfair,social_trust,PL,Poland,5.225422873831028,2.2838780429825127,7.298540145985402,0.8417978360061619,qwen
pplfair,social_trust,PT,Portugal,5.2347667924699675,2.2103944076408926,7.075328467153285,1.0619640382610804,qwen
pplfair,social_trust,RS,Serbia,4.739201854594089,2.8499587721633626,7.212846715328467,0.7708191785377567,qwen
pplfair,social_trust,SE,Sweden,6.592569867878159,1.8020303379041651,7.269051094890512,0.8886087779506753,qwen
pplfair,social_trust,SI,Slovenia,5.418600199352892,2.258280124051613,7.169051094890511,0.9254079890599091,qwen
pplfair,social_trust,SK,Slovakia,4.8643116719235655,2.5431197557800247,7.17094890510949,0.8955803463353919,qwen
pplfair,social_trust,UA,Ukraine,4.693212458739193,2.43492351369049,7.105255474452555,0.8885571130303985,qwen
pplhlp,social_trust,AT,Austria,6.318627057316925,2.061005753294836,6.749343065693431,1.2684038205622465,qwen
pplhlp,social_trust,BE,Belgium,5.060544624005849,2.1956473479694956,6.782748538011695,1.3371789280880113,qwen
pplhlp,social_trust,BG,Bulgaria,3.550500715225844,2.3080899941553548,6.834699853587116,1.4145492497145562,qwen
pplhlp,social_trust,CH,Switzerland,5.8985149650676005,1.884854676878496,6.9054172767203506,1.2164018113602715,qwen
pplhlp,social_trust,CY,Cyprus,4.108040391083219,2.1954327810505894,6.662280701754386,1.5741259128838425,qwen
pplhlp,social_trust,DE,Germany,5.359509661907016,2.0965802980361574,6.689197080291971,1.3496480255881231,qwen
pplhlp,social_trust,EE,Estonia,5.026836971472983,2.0167271854085875,7.063011695906433,1.0560528985835809,qwen
pplhlp,social_trust,ES,Spain,4.799287732107402,2.2984435948613826,6.8165446559297225,1.2425868423117188,qwen
pplhlp,social_trust,FI,Finland,6.367163416606128,1.957104421735069,7.0077712609970675,1.1763384368196836,qwen
pplhlp,social_trust,FR,France,4.606344443975376,2.24002307315973,6.852785923753666,1.279511945055687,qwen
pplhlp,social_trust,GB,United Kingdom,5.990719000699621,1.942504544742161,6.71956204379562,1.3258550527035158,qwen
pplhlp,social_trust,GR,Greece,4.337120313457906,1.9778120001939348,6.902346041055718,1.1737562520006395,qwen
pplhlp,social_trust,HR,Croatia,4.343355311541862,2.4112502202938684,6.778394160583941,1.3522021423899535,qwen
pplhlp,social_trust,HU,Hungary,4.605214910806596,2.2470109750370364,6.863396778916545,1.3855480084373202,qwen
pplhlp,social_trust,IE,Ireland,5.939084968682108,2.240485078040839,6.685526315789473,1.284167988973339,qwen
pplhlp,social_trust,IL,Israel,5.100096960518647,2.336648940608769,6.900877192982457,1.3446055519421418,qwen
pplhlp,social_trust,IS,Iceland,6.299077774742755,1.791363854697011,6.815271659324522,1.3416523913920393,qwen
pplhlp,social_trust,IT,Italy,4.184164039738798,2.273457502775936,6.789882697947214,1.3352776887388673,qwen
pplhlp,social_trust,LT,Lithuania,5.032521343524122,2.3988190229998003,6.913157894736843,1.1716024859092893,qwen
pplhlp,social_trust,LV,Latvia,4.838484340024971,2.2962432351850475,6.89546783625731,1.212113065031197,qwen
pplhlp,social_trust,ME,Montenegro,4.194717188555699,2.2559179621884984,6.730938416422287,1.4204181301071137,qwen
pplhlp,social_trust,NL,Netherlands,5.65817291172352,1.7643307067812635,6.915982404692082,1.2160187511770448,qwen
pplhlp,social_trust,NO,Norway,6.003298800640809,1.9932155036957901,6.933187134502925,1.2319185076290242,qwen
pplhlp,social_trust,PL,Poland,4.546993964205541,2.4182053882140755,6.921929824561403,1.2964141628910975,qwen
pplhlp,social_trust,PT,Portugal,4.213744814045952,2.1791089434587874,6.626461988304094,1.5089828820204978,qwen
pplhlp,social_trust,RS,Serbia,3.72835672703553,2.720929475579113,6.809051094890511,1.256028668618413,qwen
pplhlp,social_trust,SE,Sweden,5.946359746894595,1.936482154823752,7.01409691629956,1.2053463436873557,qwen
pplhlp,social_trust,SI,Slovenia,5.349566794505421,2.236529461060724,6.83186490455213,1.3210393254439625,qwen
pplhlp,social_trust,SK,Slovakia,4.195429337358618,2.5609256122451742,6.647422680412371,1.4638580927699332,qwen
pplhlp,social_trust,UA,Ukraine,4.165704117573958,2.6358905892713516,6.653722627737225,1.388761810893644,qwen
sclmeet,social_trust,AT,Austria,4.97855907049627,1.1862131472556947,3.8153284671532846,0.7023238901176272,qwen
sclmeet,social_trust,BE,Belgium,5.115008561601236,1.4064923799551072,3.8788321167883213,0.6876554217658456,qwen
sclmeet,social_trust,BG,Bulgaria,4.99618382149749,1.6848498871293636,3.854014598540146,0.7095850239536624,qwen
sclmeet,social_trust,CH,Switzerland,5.120404033218849,1.3015620048223844,3.8858394160583942,0.7501585040460723,qwen
sclmeet,social_trust,CY,Cyprus,4.063565729120625,1.6808260299062987,3.843065693430657,0.6960409786238722,qwen
sclmeet,social_trust,DE,Germany,4.750274005473209,1.4910419350395807,3.8170802919708025,0.7116102329651628,qwen
sclmeet,social_trust,EE,Estonia,4.268464111365069,1.5064569734447395,3.8854014598540147,0.7073693281250854,qwen
sclmeet,social_trust,ES,Spain,5.250413100298126,1.4669300296384136,3.8788321167883213,0.6997734237458857,qwen
sclmeet,social_trust,FI,Finland,4.91015506669888,1.3723429550400144,3.8929927007299265,0.7374152394185787,qwen
sclmeet,social_trust,FR,France,5.227998279869101,1.4417715646805522,3.854014598540146,0.7881630318017027,qwen
sclmeet,social_trust,GB,United Kingdom,4.825888880970069,1.545839796639787,3.8001461988304097,0.7197994528941386,qwen
sclmeet,social_trust,GR,Greece,4.23068100764633,1.5663897051020776,3.8671532846715326,0.7433043705563501,qwen
sclmeet,social_trust,HR,Croatia,5.355922756611965,1.5433309288591155,3.8508029197080296,0.7316888043589375,qwen
sclmeet,social_trust,HU,Hungary,3.4073398053512745,1.5184246921707605,3.845985401459854,0.7817373250655274,qwen
sclmeet,social_trust,IE,Ireland,4.3086014206280145,1.5764076371688671,3.834598540145985,0.7289442162920987,qwen
sclmeet,social_trust,IL,Israel,5.37946729389215,1.566948729077005,3.9912408759124087,0.7603548775717723,qwen
sclmeet,social_trust,IS,Iceland,5.278807458651748,1.4394663497959697,3.882189781021898,0.6909848841540154,qwen
sclmeet,social_trust,IT,Italy,4.706546679320957,1.5752412935391051,3.845985401459854,0.7294970027214324,qwen
sclmeet,social_trust,LT,Lithuania,4.364283230788744,1.5622693395152705,3.843065693430657,0.7187745033136166,qwen
sclmeet,social_trust,LV,Latvia,4.3429616960030435,1.6424937139788904,3.794160583941606,0.7965354827907466,qwen
sclmeet,social_trust,ME,Montenegro,4.834985214387212,1.6015829359800529,3.77985401459854,0.7293371834721694,qwen
sclmeet,social_trust,NL,Netherlands,5.398005102386256,1.2576971589608217,3.881021897810219,0.6765206875978407,qwen
sclmeet,social_trust,NO,Norway,5.688076208039842,1.3525075883274424,3.9164233576642338,0.7766020389742755,qwen
sclmeet,social_trust,PL,Poland,3.896722824683607,1.4430229733040592,3.8697080291970805,0.7528541613836179,qwen
sclmeet,social_trust,PT,Portugal,5.685409759425016,1.576563523208556,3.8053284671532848,0.6973037579423211,qwen
sclmeet,social_trust,RS,Serbia,5.185660516605247,1.5942757921749648,3.8605839416058396,0.7183230210756495,qwen
sclmeet,social_trust,SE,Sweden,5.514484949240079,1.3608053671737674,3.9537226277372266,0.6868895559938554,qwen
sclmeet,social_trust,SI,Slovenia,4.631734240685188,1.4881140484001878,3.8119708029197077,0.7278119891455108,qwen
sclmeet,social_trust,SK,Slovakia,4.72857259415562,1.5838908117692216,3.8686131386861313,0.7523600125097119,qwen
sclmeet,social_trust,UA,Ukraine,4.403961647625363,1.7492302415514074,3.762043795620438,0.7489887321489936,qwen
inprdsc,social_trust,AT,Austria,3.118780630553028,1.1742953866443435,2.8817518248175182,0.5206578972044626,qwen
inprdsc,social_trust,BE,Belgium,3.249005581858395,1.392119874792085,2.910948905109489,0.5374401683164354,qwen
inprdsc,social_trust,BG,Bulgaria,2.077287035540825,1.2654833628886588,2.9182481751824816,0.5585877893724429,qwen
inprdsc,social_trust,CH,Switzerland,3.5672430918798415,1.2546165765107025,2.9036496350364964,0.5320720776157826,qwen
inprdsc,social_trust,CY,Cyprus,2.429658750415173,1.2914148054142078,2.8613138686131387,0.5538604780269539,qwen
inprdsc,social_trust,DE,Germany,3.508134966369809,1.1978906541310246,2.9167883211678833,0.4624131565481086,qwen
inprdsc,social_trust,EE,Estonia,2.5808046896837573,1.3664122962604637,2.932846715328467,0.48803063623921694,qwen
inprdsc,social_trust,ES,Spain,2.889223323462987,1.3851422121984767,2.875912408759124,0.5304369747005042,qwen
inprdsc,social_trust,FI,Finland,3.2591695206650804,1.2740084057461003,2.934306569343066,0.504430365459031,qwen
inprdsc,social_trust,FR,France,2.834623969006955,1.4605348263872133,2.921167883211679,0.44875243844884843,qwen
inprdsc,social_trust,GB,United Kingdom,3.16034956015881,1.3832269727107982,2.889051094890511,0.5236621539495313,qwen
inprdsc,social_trust,GR,Greece,2.3001774709007434,1.208559756779504,2.9007299270072995,0.5032781935588276,qwen
inprdsc,social_trust,HR,Croatia,2.2941152783671246,1.422859648476235,2.8306569343065693,0.5247614389476206,qwen
inprdsc,social_trust,HU,Hungary,2.598329752384808,1.230743088053047,2.9036496350364964,0.49210265520900764,qwen
inprdsc,social_trust,IE,Ireland,2.7380058098736266,1.332686531536047,2.884671532846715,0.48348311516882236,qwen
inprdsc,social_trust,IL,Israel,2.4812293357499633,1.4132878598805871,2.935766423357664,0.4606976064008532,qwen
inprdsc,social_trust,IS,Iceland,3.671481858006674,1.317456305642698,2.9313868613138685,0.46480704429215974,qwen
inprdsc,social_trust,IT,Italy,2.183433433926192,1.2779320478931364,2.875912408759124,0.5107793534121298,qwen
inprdsc,social_trust,LT,Lithuania,2.1369766166296262,1.3544109428510231,2.9124087591240877,0.4877812961826455,qwen
inprdsc,social_trust,LV,Latvia,1.8116237136593292,1.2881659791877138,2.9007299270072995,0.5260045180198871,qwen
inprdsc,social_trust,ME,Montenegro,2.1663481487525504,1.1666499399605834,2.891970802919708,0.4926444921416582,qwen
inprdsc,social_trust,NL,Netherlands,3.7088828570517682,1.283208311296253,2.9416058394160585,0.4677684887101512,qwen
inprdsc,social_trust,NO,Norway,3.227762827620148,1.4498231395247019,2.9416058394160585,0.5209980210879378,qwen
inprdsc,social_trust,PL,Poland,3.1281270388376403,1.4096043170643204,2.9255474452554746,0.4973657503604582,qwen
inprdsc,social_trust,PT,Portugal,2.2558309190788615,1.3613593845490315,2.875912408759124,0.5651327985844178,qwen
inprdsc,social_trust,RS,Serbia,2.567237857631098,1.4134188192546682,2.886131386861314,0.48231630472126324,qwen
inprdsc,social_trust,SE,Sweden,3.8066124907958425,1.2668089879502242,2.937226277372263,0.5048025639279741,qwen
inprdsc,social_trust,SI,Slovenia,2.795537682887412,1.3412053782065898,2.9021897810218977,0.5248875058096438,qwen
inprdsc,social_trust,SK,Slovakia,1.9473222705088136,1.1682652569916379,2.856934306569343,0.5566970813781099,qwen
inprdsc,social_trust,UA,Ukraine,2.211819332304769,1.3882518522667766,2.875912408759124,0.5440434423558095,qwen
stfdem,political,AT,Austria,5.795551925183848,2.5244039995514704,6.594160583941606,1.2765751893018988,qwen
stfdem,political,BE,Belgium,5.182805903196197,2.3865646291443854,6.799270072992701,1.198286810113974,qwen
stfdem,political,BG,Bulgaria,3.345957593389132,2.389999712039281,6.632846715328467,1.368724888367531,qwen
stfdem,political,CH,Switzerland,7.56247036533076,1.683445748396554,6.775912408759124,1.1425147667827134,qwen
stfdem,political,CY,Cyprus,4.406779475086675,2.347149478693197,6.290510948905109,1.6588361316443985,qwen
stfdem,political,DE,Germany,5.545818977658347,2.7185355902907555,6.750730994152047,1.2195033158979025,qwen
stfdem,political,EE,Estonia,5.22721288753493,2.5582260200437856,7.062043795620438,0.9397905847093699,qwen
stfdem,political,ES,Spain,4.778082098901733,2.5349581336364486,6.583211678832117,1.3274304280766933,qwen
stfdem,political,FI,Finland,6.741465913056558,1.9636296674315314,6.941520467836257,1.091468860468565,qwen
stfdem,political,FR,France,4.305012268811358,2.514246595893705,6.807299270072993,1.2178998218638335,qwen
stfdem,political,GB,United Kingdom,4.494947856238885,2.617061205631026,6.501459854014598,1.4001871951635534,qwen
stfdem,political,GR,Greece,4.182779495226115,2.157520501595945,6.741313868613139,1.1458677459063722,qwen
stfdem,political,HR,Croatia,4.472592596383696,2.5378221319688405,6.54963503649635,1.4591475966166583,qwen
stfdem,political,HU,Hungary,4.382887230671318,2.6638131065423503,6.516788321167883,1.5061069321570348,qwen
stfdem,political,IE,Ireland,5.78448915317907,2.27866079594196,6.512408759124088,1.408850743502315,qwen
stfdem,political,IL,Israel,4.252040313322515,2.747872552070624,6.846715328467154,1.1871048800881168,qwen
stfdem,political,IS,Iceland,5.8824026600111425,2.272405652680811,6.836496350364963,1.1148830946245634,qwen
stfdem,political,IT,Italy,5.130815160709393,2.0846916209904416,6.629093567251462,1.3020937289919192,qwen
stfdem,political,LT,Lithuania,4.574857355022262,2.410861600256052,6.752554744525548,1.3083224545290701,qwen
stfdem,political,LV,Latvia,4.246869083229774,2.4390267760652473,6.718248175182482,1.328181878381769,qwen
stfdem,political,ME,Montenegro,4.176534491636248,2.5802896568015807,6.6671532846715325,1.2307648390503192,qwen
stfdem,political,NL,Netherlands,5.936205591465354,2.078408741443333,6.885401459854014,1.072144660663699,qwen
stfdem,political,NO,Norway,7.2146975468472805,2.082614524813177,6.92992700729927,1.0356485780033768,qwen
stfdem,political,PL,Poland,5.138550427476645,2.3767364162321356,6.8321167883211675,1.1749041460572085,qwen
stfdem,political,PT,Portugal,4.685337986277323,2.3915689544469387,6.197810218978102,1.6483407904894323,qwen
stfdem,political,RS,Serbia,3.8520056691404525,3.0167915835283035,6.686131386861314,1.2469367425904956,qwen
stfdem,political,SE,Sweden,6.567043743724975,2.175495957021821,7.005839416058394,1.0512987250362364,qwen
stfdem,political,SI,Slovenia,4.919733489476906,2.3452548113037253,6.705109489051095,1.197238609343277,qwen
stfdem,political,SK,Slovakia,4.9175346771760795,2.678245139306602,6.4554744525547445,1.4992161552362047,qwen
stfdem,political,UA,Ukraine,2.92444960662641,2.63422996055466,5.890510948905109,1.8018786172811514,qwen
polintr,political,AT,Austria,2.4547384937785983,0.9451535772834191,2.8905109489051095,0.38386370854337265,qwen
polintr,political,BE,Belgium,2.6600712960145447,0.9266514161485133,2.9021897810218977,0.39076831526009026,qwen
polintr,political,BG,Bulgaria,2.9004839639486617,0.8905590486262941,2.8744525547445257,0.4346184044283893,qwen
polintr,political,CH,Switzerland,2.4221674153798274,0.9169166691677192,2.9167883211678833,0.32502121907017334,qwen
polintr,political,CY,Cyprus,2.9759581549872625,0.9464163962391792,2.794160583941606,0.515798141440146,qwen
polintr,political,DE,Germany,2.335726481029816,0.9106218676205067,2.9124087591240877,0.34780961541932154,qwen
polintr,political,EE,Estonia,2.6443262976892985,0.850185551151809,2.937226277372263,0.28689895201135773,qwen
polintr,political,ES,Spain,2.7485941425241296,1.0134610620130429,2.858394160583942,0.42794257139281644,qwen
polintr,political,FI,Finland,2.2407843653101502,0.7790287075638991,2.9284671532846716,0.3233027895479058,qwen
polintr,political,FR,France,2.658759358424714,0.9653820372660329,2.886131386861314,0.40305530539056694,qwen
polintr,political,GB,United Kingdom,2.5110910387053975,0.9914488060551393,2.8613138686131387,0.42889906921837245,qwen
polintr,political,GR,Greece,2.9002046633846286,0.9639196736010638,2.8656934306569344,0.42859043348983283,qwen
polintr,political,HR,Croatia,3.0240396648267,0.9305850782478338,2.8788321167883213,0.3990908265744688,qwen
polintr,political,HU,Hungary,2.7535411258208278,0.9198558225391383,2.85985401459854,0.4532952534984671,qwen
polintr,political,IE,Ireland,2.6359165070327637,0.9657476643159857,2.8613138686131387,0.40793449465234416,qwen
polintr,political,IL,Israel,2.447442839207694,1.0230894939105857,2.9226277372262772,0.33963187431134156,qwen
polintr,political,IS,Iceland,2.405532385956208,0.9176495535120655,2.9386861313868615,0.27947532692531546,qwen
polintr,political,IT,Italy,3.00708233065885,0.8432736383469229,2.8131386861313867,0.47769205106461426,qwen
polintr,political,LT,Lithuania,2.7693064441571806,0.7601246187742123,2.8802919708029195,0.3976979473400368,qwen
polintr,political,LV,Latvia,2.9474422149150334,0.8112785985044871,2.854014598540146,0.421292670724823,qwen
polintr,political,ME,Montenegro,2.956087586463116,0.846965603333293,2.8802919708029195,0.3940046709244594,qwen
polintr,political,NL,Netherlands,2.3430692690137467,0.8498537288249974,2.9299270072992702,0.3121246198075494,qwen
polintr,political,NO,Norway,2.514350938533622,0.7965049246631382,2.9430656934306567,0.30774496267580526,qwen
polintr,political,PL,Poland,2.5559100924678884,0.8306258933227216,2.9021897810218977,0.37159116400995545,qwen
polintr,political,PT,Portugal,2.8194495263177086,1.0126034640312167,2.797080291970803,0.5026161973010702,qwen
polintr,political,RS,Serbia,3.0522158755558984,0.8908439581576322,2.8408759124087593,0.4518569134718125,qwen
polintr,political,SE,Sweden,2.1705131773500685,0.8234276538579621,2.9299270072992702,0.3347262483447376,qwen
polintr,political,SI,Slovenia,2.7169428484465956,0.8737747745474248,2.875912408759124,0.4161445057026457,qwen
polintr,political,SK,Slovakia,2.779801422127224,0.8472630479734179,2.8131386861313867,0.49571519575199713,qwen
polintr,political,UA,Ukraine,2.7396657538670346,0.9256292617482332,2.727007299270073,0.5772874219056764,qwen
psppipla,political,AT,Austria,2.3485664758821696,0.8566886458081991,3.345985401459854,0.5072593772518778,qwen
psppipla,political,BE,Belgium,2.13617152706481,0.9075557836275948,3.3364233576642333,0.5625673932679015,qwen
psppipla,political,BG,Bulgaria,1.6942362499739123,0.87775771429061,3.3720437956204377,0.5600845000550778,qwen
psppipla,political,CH,Switzerland,2.925982779006587,0.9852906409289107,3.3795702835697568,0.5448841369877876,qwen
psppipla,political,CY,Cyprus,1.8534503490367205,1.0127843077196175,3.3067883211678835,0.5335538665574229,qwen
psppipla,political,DE,Germany,2.487903050233573,0.9385560771030744,3.3089781021897813,0.532630134925631,qwen
psppipla,political,EE,Estonia,2.1195243542575155,0.8833491059661029,3.397518248175183,0.5638290420229394,qwen
psppipla,political,ES,Spain,1.854915319379539,0.8454162917878774,3.285036496350365,0.5171179750579721,qwen
psppipla,political,FI,Finland,2.719963352443456,0.8283100335192526,3.432116788321168,0.5736584026655013,qwen
psppipla,political,FR,France,2.040170208005676,0.9328773538672157,3.328832116788321,0.5929570382914782,qwen
psppipla,political,GB,United Kingdom,2.0858582660203373,0.8307741434463174,3.307299270072993,0.5130796588541352,qwen
psppipla,political,GR,Greece,2.0439646230330513,0.976032462119943,3.377737226277372,0.5508804657765299,qwen
psppipla,political,HR,Croatia,1.646717445797756,0.7626765159029129,3.334598540145985,0.5356446826220321,qwen
psppipla,political,HU,Hungary,1.8850817858135287,0.8625218071784286,3.3690510948905112,0.5724471466341577,qwen
psppipla,political,IE,Ireland,2.1853015288609527,0.9155474991392569,3.247737226277372,0.5188676840381167,qwen
psppipla,political,IL,Israel,2.0573491368573285,1.018262378135492,3.4550364963503646,0.5833146915412155,qwen
psppipla,political,IS,Iceland,2.641453267592207,0.8256936225348067,3.3587591240875914,0.5656433552551121,qwen
psppipla,political,IT,Italy,1.7604583386620682,0.7721640887631731,3.345255474452555,0.5512506783382478,qwen
psppipla,political,LT,Lithuania,2.0074403120569206,0.932473464394509,3.3572262773722623,0.5564306805276529,qwen
psppipla,political,LV,Latvia,1.8076589637221125,0.9176440352175285,3.335766423357664,0.5726129228346812,qwen
psppipla,political,ME,Montenegro,2.1042526405745456,0.8978556808468559,3.3376642335766427,0.5306239607112376,qwen
psppipla,political,NL,Netherlands,2.4346389167639173,0.9230480100889776,3.348175182481752,0.541359857749003,qwen
psppipla,political,NO,Norway,2.9425643516761286,0.914134339029534,3.3955474452554744,0.5652962268886514,qwen
psppipla,political,PL,Poland,2.1159541509433017,0.8349147296022332,3.3729197080291966,0.5349484324821593,qwen
psppipla,political,PT,Portugal,1.8339098330735701,0.9171098485792573,3.2951824817518247,0.5590223585452383,qwen
psppipla,political,RS,Serbia,1.9334856238883207,1.0320658031992804,3.287810218978102,0.5071862457787235,qwen
psppipla,political,SE,Sweden,2.827382571754578,0.8860823668252509,3.398248175182482,0.5793950992277136,qwen
psppipla,political,SI,Slovenia,2.1128622969847135,0.8172903125787805,3.2762043795620435,0.560234562648066,qwen
psppipla,political,SK,Slovakia,1.9541371691670721,0.8752626607263215,3.2635036496350365,0.5712246913544411,qwen
psppipla,political,UA,Ukraine,1.6709499625586026,0.956887839658614,3.240875912408759,0.48779770405039263,qwen
psppsgva,political,AT,Austria,2.3193966188741926,0.8703880846344457,3.4798540145985397,0.6170837676668572,qwen
psppsgva,political,BE,Belgium,2.1530505361912753,0.877857985500819,3.5612408759124086,0.6900858549598057,qwen
psppsgva,political,BG,Bulgaria,2.0502500126245597,1.1437354898071712,3.5631386861313867,0.6803225841153119,qwen
psppsgva,political,CH,Switzerland,3.209170347803247,0.9722550592682613,3.5583941605839415,0.675559367076931,qwen
psppsgva,political,CY,Cyprus,1.85783217801057,0.9686134761632819,3.484963503649635,0.7318317202709405,qwen
psppsgva,political,DE,Germany,2.493363160809412,0.9732761550528409,3.516715328467153,0.679547825977694,qwen
psppsgva,political,EE,Estonia,2.222444075016699,0.941670031874551,3.6370072992700737,0.6894933780448478,qwen
psppsgva,political,ES,Spain,2.079969878203989,0.9585821864542219,3.5024817518248175,0.6567082774930744,qwen
psppsgva,political,FI,Finland,2.463346166400832,0.8097329921150951,3.65051094890511,0.7013482433374862,qwen
psppsgva,political,FR,France,2.1188535078790895,0.8996060982621074,3.597737226277372,0.6959143431157914,qwen
psppsgva,political,GB,United Kingdom,2.1788336277011933,0.8723528492925318,3.486131386861314,0.6190426585636986,qwen
psppsgva,political,GR,Greece,2.037766829714706,1.0304042697617966,3.5331386861313865,0.6874371335688686,qwen
psppsgva,political,HR,Croatia,1.6457884669787406,0.7858366327570453,3.5842335766423354,0.6347971571630625,qwen
psppsgva,political,HU,Hungary,2.0079709396734056,0.9855327170227215,3.603357664233577,0.6912382708122228,qwen
psppsgva,political,IE,Ireland,2.272287546382416,0.9500184958503455,3.477007299270073,0.6544386963318906,qwen
psppsgva,political,IL,Israel,1.962432274318939,1.026544621885484,3.6565693430656934,0.721840198288926,qwen
psppsgva,political,IS,Iceland,2.5959422073897698,0.8513607807991915,3.5635036496350363,0.610564391430709,qwen
psppsgva,political,IT,Italy,1.733402885908017,0.7654992145531224,3.5434306569343064,0.6395475808124879,qwen
psppsgva,political,LT,Lithuania,2.2035638846258188,0.9667174956064883,3.540875912408759,0.6454241481932531,qwen
psppsgva,political,LV,Latvia,1.8709990652235167,0.9648869301716746,3.535036496350365,0.6878850586611306,qwen
psppsgva,political,ME,Montenegro,2.1775768149696137,0.8816083473708743,3.490875912408759,0.6561734215443064,qwen
psppsgva,political,NL,Netherlands,2.520502740655418,0.9263930468303992,3.6067883211678833,0.623880206565417,qwen
psppsgva,political,NO,Norway,2.8546836195152268,0.8551573318979147,3.582116788321168,0.6868580795391916,qwen
psppsgva,political,PL,Poland,2.259208424818116,0.9025109685040982,3.5908759124087593,0.6668371212490084,qwen
psppsgva,political,PT,Portugal,2.0314592692315667,0.9777170630242956,3.4795620437956205,0.6030064402460997,qwen
psppsgva,political,RS,Serbia,1.8554453058006242,1.0459064012863455,3.448905109489051,0.6545965218970407,qwen
psppsgva,political,SE,Sweden,2.688588773731168,0.8934600691065927,3.612700729927007,0.666161545097083,qwen
psppsgva,political,SI,Slovenia,2.138670135863047,0.8468801031590536,3.502189781021898,0.6635086554524606,qwen
psppsgva,political,SK,Slovakia,2.02825644229242,0.9418627230925746,3.574014598540146,0.6519622426708791,qwen
psppsgva,political,UA,Ukraine,1.7997523689337624,1.0063426365249366,3.4123357664233573,0.6230680817250285,qwen
vote,political,AT,Austria,1.4202873512065668,0.6806730157849747,2.0613138686131385,0.6038676725594367,qwen
vote,political,BE,Belgium,1.413311668096829,0.7089552675012378,2.072992700729927,0.6001344451752657,qwen
vote,political,BG,Bulgaria,1.4058867101339767,0.5828174405368405,2.105109489051095,0.6357204744385323,qwen
vote,political,CH,Switzerland,1.6999926450149614,0.8052753904767375,2.062773722627737,0.5927198803975042,qwen
vote,political,CY,Cyprus,1.4236270426582018,0.6575703228270299,2.035036496350365,0.6456773994973222,qwen
vote,political,DE,Germany,1.4305384836356427,0.7306502543828278,2.035036496350365,0.5986816951084123,qwen
vote,political,EE,Estonia,1.4174322919734064,0.6684332691569346,2.0992700729927005,0.6084800772739581,qwen
vote,political,ES,Spain,1.4089006433180842,0.6866424014985538,2.0175182481751825,0.5871302258262624,qwen
vote,political,FI,Finland,1.2529287707994166,0.5442255754737033,2.0452554744525546,0.6136806323777155,qwen
vote,political,FR,France,1.554019677771938,0.6616693323123516,2.065693430656934,0.642140740367123,qwen
vote,political,GB,United Kingdom,1.4672826493792912,0.6932364331852772,2.027737226277372,0.6002837933872665,qwen
vote,political,GR,Greece,1.232173417380769,0.4933527832093489,2.0233918128654973,0.5722035327233924,qwen
vote,political,HR,Croatia,1.3539780715927674,0.5915865530678587,2.0233576642335764,0.6065267302607957,qwen
vote,political,HU,Hungary,1.2924385527277875,0.5615534844061386,2.064233576642336,0.6249838859065813,qwen
vote,political,IE,Ireland,1.4484250557271259,0.7020988432406423,2.037956204379562,0.5911297770234704,qwen
vote,political,IL,Israel,1.2961812404391788,0.5421408039889731,2.024817518248175,0.5780817519809496,qwen
vote,political,IS,Iceland,1.4089402091609768,0.7380294053147957,2.0014598540145987,0.5911117241172498,qwen
vote,political,IT,Italy,1.4355640139885806,0.6264534338962391,2.089051094890511,0.5918153793979404,qwen
vote,political,LT,Lithuania,1.4429952465372058,0.5931433860880534,2.100729927007299,0.6070367521611931,qwen
vote,political,LV,Latvia,1.4710760530067304,0.6572433744685899,2.102189781021898,0.6175393485207589,qwen
vote,political,ME,Montenegro,1.198507287997163,0.4255208007070601,2.0364963503649633,0.6142646333835621,qwen
vote,political,NL,Netherlands,1.3596921163576228,0.675726359077966,2.062773722627737,0.6025054049974824,qwen
vote,political,NO,Norway,1.4074217859684182,0.740602560367155,2.0583941605839415,0.6041574210746199,qwen
vote,political,PL,Poland,1.1775046661209774,0.4509355592446268,2.0905109489051097,0.6074444613602598,qwen
vote,political,PT,Portugal,1.3813554891435997,0.6147119517505549,1.9854014598540146,0.6304342866341801,qwen
vote,political,RS,Serbia,1.2796658373067689,0.515551203038103,2.0992700729927005,0.6250726683327563,qwen
vote,political,SE,Sweden,1.2362824552327312,0.6038970756726667,2.048175182481752,0.6414190898300385,qwen
vote,political,SI,Slovenia,1.3025095754173568,0.587194935817487,2.0437956204379564,0.6102033638898009,qwen
vote,political,SK,Slovakia,1.3356493718574676,0.5944632166755749,2.0525547445255476,0.6307287500471834,qwen
vote,political,UA,Ukraine,1.3967110796934978,0.5634271961748842,2.072992700729927,0.6025656220645277,qwen
actrolga,efficacy,AT,Austria,2.360062191223054,1.0669795296795501,3.0452554744525546,0.37384731280611744,qwen
actrolga,efficacy,BE,Belgium,2.115275861331064,1.0246591138385353,3.1197080291970805,0.39027644574340425,qwen
actrolga,efficacy,BG,Bulgaria,1.9029019506952891,1.17280912478623,3.113868613138686,0.44445618288165234,qwen
actrolga,efficacy,CH,Switzerland,2.338362606230354,1.110605461537031,3.0934306569343066,0.4292323454362682,qwen
actrolga,efficacy,CY,Cyprus,2.0119500942718256,1.0928138722798841,3.062773722627737,0.4593103301967519,qwen
actrolga,efficacy,DE,Germany,2.1704045969903616,1.0348641553008593,3.086131386861314,0.3625733403832934,qwen
actrolga,efficacy,EE,Estonia,2.0453270269830695,1.0188764821747993,3.1576642335766425,0.4571911810008747,qwen
actrolga,efficacy,ES,Spain,1.8949374822903193,1.0498830321174317,3.048175182481752,0.4071908811732842,qwen
actrolga,efficacy,FI,Finland,2.4156188644937275,1.0507217265960367,3.18978102189781,0.4703620404055898,qwen
actrolga,efficacy,FR,France,2.075695473266248,1.094205195368371,3.1386861313868613,0.42202660859241087,qwen
actrolga,efficacy,GB,United Kingdom,2.2689636323061086,1.0995314617436351,3.0802919708029197,0.37964268674528745,qwen
actrolga,efficacy,GR,Greece,2.185392249640713,1.0278805398620388,3.0951824817518245,0.40687459127597986,qwen
actrolga,efficacy,HR,Croatia,1.784089368311354,1.0468308823450982,3.051094890510949,0.4607578280076706,qwen
actrolga,efficacy,HU,Hungary,1.9633041840322543,1.0113249410044443,3.0452554744525546,0.46766353472705957,qwen
actrolga,efficacy,IE,Ireland,2.3037648462898677,1.1069928781223484,3.043065693430657,0.364706807750533,qwen
actrolga,efficacy,IL,Israel,2.11740885990875,1.1727991176975374,3.1313868613138687,0.40856184526466727,qwen
actrolga,efficacy,IS,Iceland,2.6080921197716784,1.087945761044902,3.162043795620438,0.4508165734247811,qwen
actrolga,efficacy,IT,Italy,1.822327627454578,0.877476527617054,3.0364963503649633,0.4327384432814795,qwen
actrolga,efficacy,LT,Lithuania,1.963838594140131,0.9733989143686933,3.100729927007299,0.4292820659643498,qwen
actrolga,efficacy,LV,Latvia,1.5356942878819717,0.7097815735878821,3.0686131386861315,0.432210391293109,qwen
actrolga,efficacy,ME,Montenegro,2.1225811349452295,0.9421551463710266,3.065693430656934,0.3707976931827464,qwen
actrolga,efficacy,NL,Netherlands,2.0780062524434406,1.0888467240634798,3.1182481751824818,0.36956964424146715,qwen
actrolga,efficacy,NO,Norway,2.6076304127676564,1.0947123476303535,3.1605839416058394,0.4194394867857392,qwen
actrolga,efficacy,PL,Poland,2.090930901431472,1.0154541129838304,3.0934306569343066,0.40468823816786414,qwen
actrolga,efficacy,PT,Portugal,1.7593740788367676,1.018211503462485,3.01021897810219,0.4728420775915142,qwen
actrolga,efficacy,RS,Serbia,1.9132144482547229,1.1688216569656082,3.0583941605839415,0.41475743911253077,qwen
actrolga,efficacy,SE,Sweden,2.6423151680584636,1.0918545427669148,3.192700729927007,0.4722775221914575,qwen
actrolga,efficacy,SI,Slovenia,1.9712686705573756,0.9928447281360491,3.0583941605839415,0.4040443088011799,qwen
actrolga,efficacy,SK,Slovakia,1.868476483742559,0.9199427236111426,3.0364963503649633,0.366920946998546,qwen
actrolga,efficacy,UA,Ukraine,1.748233991574511,1.0118794778870175,3.010233918128655,0.4102071800455313,qwen
cptppola,efficacy,AT,Austria,2.722022452632956,1.199636203824149,3.0992700729927005,0.38092230915097736,qwen
cptppola,efficacy,BE,Belgium,2.0443776544450745,1.0290845112164275,3.1576642335766425,0.4240094455352419,qwen
cptppola,efficacy,BG,Bulgaria,2.1144918277283926,1.121158813098891,3.1613138686131386,0.47668570922312725,qwen
cptppola,efficacy,CH,Switzerland,2.7075158443151643,1.0614031466929674,3.143065693430657,0.42916272701955266,qwen
cptppola,efficacy,CY,Cyprus,2.0561790016847135,1.0973285271190274,3.1211678832116787,0.5311125167040901,qwen
cptppola,efficacy,DE,Germany,2.5743790612120034,1.0734208741676388,3.1284671532846717,0.45353531766857175,qwen
cptppola,efficacy,EE,Estonia,1.877113993648144,0.9196848483145372,3.218978102189781,0.5060356248460696,qwen
cptppola,efficacy,ES,Spain,2.214110323875781,1.1775444561554924,3.1313868613138687,0.48391553332619325,qwen
cptppola,efficacy,FI,Finland,2.2865465020469147,0.9576168280041062,3.243065693430657,0.5225605564446556,qwen
cptppola,efficacy,FR,France,2.180147948320813,0.9874977948773156,3.1653284671532846,0.4696008182502474,qwen
cptppola,efficacy,GB,United Kingdom,2.3165698562125576,1.0783771745967745,3.1226277372262774,0.4486810920118394,qwen
cptppola,efficacy,GR,Greece,2.315689573550337,1.0390720058075422,3.1245255474452556,0.49125089587127174,qwen
cptppola,efficacy,HR,Croatia,1.8203510539105203,0.9374764043066067,3.102189781021898,0.44070437262122397,qwen
cptppola,efficacy,HU,Hungary,1.9002890329608977,0.9599319264575873,3.125839416058394,0.48303475704578275,qwen
cptppola,efficacy,IE,Ireland,2.249292472554973,1.1144628393846572,3.113868613138686,0.4669144833468316,qwen
cptppola,efficacy,IL,Israel,2.110375003285951,1.1794141012883828,3.216788321167883,0.5312692161045701,qwen
cptppola,efficacy,IS,Iceland,2.7486483449941344,1.0369140807170711,3.1579562043795617,0.5149080691896043,qwen
cptppola,efficacy,IT,Italy,2.0131524448099043,0.8602533569512344,3.1,0.4053732667309438,qwen
cptppola,efficacy,LT,Lithuania,1.9640952699623115,0.9666747400226601,3.141605839416058,0.47949814404363444,qwen
cptppola,efficacy,LV,Latvia,1.6006501763635819,0.8271079292850201,3.1591240875912407,0.47627249444590364,qwen
cptppola,efficacy,ME,Montenegro,2.160782232706074,1.0329913248927622,3.0875912408759123,0.3601991926735785,qwen
cptppola,efficacy,NL,Netherlands,2.101668153905468,1.0765970118124921,3.1652554744525543,0.47562375218572944,qwen
cptppola,efficacy,NO,Norway,2.6187482792528947,1.0727982194528864,3.2402919708029194,0.48339071287633034,qwen
cptppola,efficacy,PL,Poland,1.9300081759179204,0.9226357826378481,3.1635036496350364,0.4740141990262249,qwen
cptppola,efficacy,PT,Portugal,1.7280164727772018,0.9490430688999286,3.067153284671533,0.4728149943340621,qwen
cptppola,efficacy,RS,Serbia,1.8995170692372243,1.1386062417072487,3.113868613138686,0.4344759701953232,qwen
cptppola,efficacy,SE,Sweden,2.6529324090450634,1.057827280494317,3.2014598540145984,0.5046545633238684,qwen
cptppola,efficacy,SI,Slovenia,1.9722416237706597,0.9637675445306043,3.127007299270073,0.49552141148984513,qwen
cptppola,efficacy,SK,Slovakia,1.621899790036209,0.8634200998321819,3.09956204379562,0.46460992349858465,qwen
cptppola,efficacy,UA,Ukraine,1.7252724626659504,1.0353239048795415,3.065693430656934,0.4118915779179087,qwen
trstprl,inst_trust,AT,Austria,5.242175927592053,2.4357773830496763,5.0493421052631575,2.0137329408763165,qwen
trstprl,inst_trust,BE,Belgium,4.628179646810118,2.363716331922886,5.588029197080292,1.900516180813057,qwen
trstprl,inst_trust,BG,Bulgaria,2.4551554799166544,2.142437615449954,5.350879765395895,1.9902200205042166,qwen
trstprl,inst_trust,CH,Switzerland,6.496425585697865,1.876302887388109,5.403065693430657,1.9042671235522097,qwen
trstprl,inst_trust,CY,Cyprus,3.8560576559990563,2.4132199456623815,4.939149560117302,2.1239922743999156,qwen
trstprl,inst_trust,DE,Germany,4.800677929707122,2.7016964652482187,5.568713450292398,1.9039030835218498,qwen
trstprl,inst_trust,EE,Estonia,4.665463052878149,2.5884915895988727,6.034160583941605,1.718560802382342,qwen
trstprl,inst_trust,ES,Spain,4.285837270813649,2.644755321087217,5.0511695906432745,2.0033679783559557,qwen
trstprl,inst_trust,FI,Finland,6.529776970284798,2.021074645456615,5.660557184750733,1.9725238155822977,qwen
trstprl,inst_trust,FR,France,4.252820714733623,2.5048193897715083,5.4108187134502925,2.008422944876355,qwen
trstprl,inst_trust,GB,United Kingdom,3.8178911865183927,2.554935518140703,4.9824817518248175,2.0303939715869372,qwen
trstprl,inst_trust,GR,Greece,3.1793160783535845,2.134711582927409,5.1951754385964914,1.96200889032667,qwen
trstprl,inst_trust,HR,Croatia,2.9156645471949654,2.495127922675425,5.113138686131387,2.0412349174085715,qwen
trstprl,inst_trust,HU,Hungary,4.585530523962645,2.91040181403758,5.053440702781844,2.0965687001131,qwen
trstprl,inst_trust,IE,Ireland,4.970725946358056,2.320439923925165,5.123718887262079,2.03859237633998,qwen
trstprl,inst_trust,IL,Israel,3.8246940387324297,2.716653532252178,5.30014619883041,1.9722340512286922,qwen
trstprl,inst_trust,IS,Iceland,5.359657982892509,2.2975318085254752,5.523357664233576,1.881980680747809,qwen
trstprl,inst_trust,IT,Italy,4.445538313930969,2.391832372995066,4.9824817518248175,1.9883762296742962,qwen
trstprl,inst_trust,LT,Lithuania,3.7015054407031442,2.5598784163179604,5.398243045387994,1.9965798805544197,qwen
trstprl,inst_trust,LV,Latvia,3.085455968220223,2.4264638758674892,5.518713450292398,1.9652919817927224,qwen
trstprl,inst_trust,ME,Montenegro,4.129466068560609,2.4463912606990545,5.245241581259151,1.978317969136273,qwen
trstprl,inst_trust,NL,Netherlands,5.233150010344147,2.1241407487756607,5.736896046852123,1.8435550810011696,qwen
trstprl,inst_trust,NO,Norway,6.3778614703226735,2.448114306931588,5.608467153284672,1.869550908684277,qwen
trstprl,inst_trust,PL,Poland,3.925013781281735,2.6525205010712836,5.313576642335767,2.029707630699626,qwen
trstprl,inst_trust,PT,Portugal,4.406812631092893,2.6392617809490924,4.720029239766082,2.0670090710676257,qwen
trstprl,inst_trust,RS,Serbia,4.139536965942952,3.11180706192086,5.133235724743778,2.03987936976169,qwen
trstprl,inst_trust,SE,Sweden,6.243150550294175,2.1840669503513883,5.752554744525548,1.8376377018845538,qwen
trstprl,inst_trust,SI,Slovenia,4.143335995733991,2.44690284252444,5.290510948905109,2.0028080875674434,qwen
trstprl,inst_trust,SK,Slovakia,4.244871028022013,2.6559370223511354,4.791068814055637,2.059266845507275,qwen
trstprl,inst_trust,UA,Ukraine,2.154783571969598,2.560212225230448,4.268613138686131,2.0690122450809607,qwen
trstplt,inst_trust,AT,Austria,3.759807007815198,2.5517147541887493,4.740849194729136,1.9535028721144285,qwen
trstplt,inst_trust,BE,Belgium,4.0912119142117565,2.3030896924496074,5.159124087591241,1.9545850558181683,qwen
trstplt,inst_trust,BG,Bulgaria,2.1475325125405034,2.043033768354063,4.878654970760234,2.075242180145818,qwen
trstplt,inst_trust,CH,Switzerland,5.589920851708134,1.9233925096008715,5.096632503660322,1.9323690710934345,qwen
trstplt,inst_trust,CY,Cyprus,2.6828211384739284,2.2422617403612857,4.441434846266471,2.1161844550688076,qwen
trstplt,inst_trust,DE,Germany,3.8328900242318618,2.416750373184652,5.156934306569343,1.9827028195935625,qwen
trstplt,inst_trust,EE,Estonia,3.568793977242785,2.3163644674991177,5.652716593245228,1.9024432720546556,qwen
trstplt,inst_trust,ES,Spain,2.703188652290895,2.356131769882449,4.773792093704246,2.0848218692507796,qwen
trstplt,inst_trust,FI,Finland,5.356354939762621,2.0401590612951246,5.415812591508053,2.0285387688368357,qwen
trstplt,inst_trust,FR,France,3.870814232958948,2.173635778622873,5.16374269005848,2.0202709249311543,qwen
trstplt,inst_trust,GB,United Kingdom,3.0158032274748607,2.323845033474665,4.558651026392962,2.0302969404953672,qwen
trstplt,inst_trust,GR,Greece,2.6916226846109907,1.9888520315402693,4.968521229868228,1.9784666321989324,qwen
trstplt,inst_trust,HR,Croatia,2.0635325844053702,2.1869972012597643,4.584626647144949,2.0632408310646078,qwen
trstplt,inst_trust,HU,Hungary,4.097236675778126,2.7014218276436006,4.635233918128655,2.060839237772574,qwen
trstplt,inst_trust,IE,Ireland,4.236359300463853,2.3611316025918088,4.610948905109489,2.0339112937624066,qwen
trstplt,inst_trust,IL,Israel,3.2341115093976076,2.4973458568954587,4.769692532942899,2.053022460903311,qwen
trstplt,inst_trust,IS,Iceland,4.523770015731723,2.220347967941023,5.257309941520468,1.9425170650504708,qwen
trstplt,inst_trust,IT,Italy,3.3494548812045486,2.3317383487922063,4.586131386861314,2.003986614509515,qwen
trstplt,inst_trust,LT,Lithuania,3.400487282096519,2.327756603157886,5.070802919708029,2.055806232760794,qwen
trstplt,inst_trust,LV,Latvia,2.6659860661685597,2.240002528040905,4.963941605839416,2.0854197824658125,qwen
trstplt,inst_trust,ME,Montenegro,3.465533384712255,2.179659795186121,4.889051094890511,2.022739111568115,qwen
trstplt,inst_trust,NL,Netherlands,4.811463308692996,2.0572352003160677,5.44216691068814,1.9419604905558792,qwen
trstplt,inst_trust,NO,Norway,5.179298822506107,2.121172112973884,5.255474452554744,1.9835920407721932,qwen
trstplt,inst_trust,PL,Poland,2.8747644511024646,2.3577784249730933,4.8355263157894735,2.0679336311803596,qwen
trstplt,inst_trust,PT,Portugal,2.8960445194558364,2.364964383248404,4.418621700879766,2.0668822436468255,qwen
trstplt,inst_trust,RS,Serbia,2.807561355103738,2.856745406722904,4.728005865102639,2.0601438040480624,qwen
trstplt,inst_trust,SE,Sweden,4.848564291664028,2.0135710530862836,5.595029239766082,1.8686059740119203,qwen
trstplt,inst_trust,SI,Slovenia,3.1784893447640648,2.269207551701215,4.881021897810219,2.058200430637813,qwen
trstplt,inst_trust,SK,Slovakia,3.9693729450476685,2.584523458368587,4.5475146198830405,2.0608267736520633,qwen
trstplt,inst_trust,UA,Ukraine,1.962396981919774,2.3376603746548095,3.9522760646108663,1.9665208798116225,qwen
trstlgl,inst_trust,AT,Austria,6.5286971443572615,2.377865984466505,6.994160583941606,1.1856085381583774,qwen
trstlgl,inst_trust,BE,Belgium,5.266169731715172,2.4785467994055304,7.192982456140351,1.1871236420101465,qwen
trstlgl,inst_trust,BG,Bulgaria,3.875565887842884,2.91515080536421,7.067883211678832,1.3204384299009404,qwen
trstlgl,inst_trust,CH,Switzerland,6.9523468665135075,1.982959865644012,7.110948905109489,1.16042684928077,qwen
trstlgl,inst_trust,CY,Cyprus,4.2943830474763836,2.632961859588091,6.5548245614035086,1.7878695202928114,qwen
trstlgl,inst_trust,DE,Germany,6.025063268339777,2.3793754390666955,7.10453216374269,1.1742577795294162,qwen
trstlgl,inst_trust,EE,Estonia,6.267710745689831,2.4762551301101157,7.379385964912281,0.9556791350823339,qwen
trstlgl,inst_trust,ES,Spain,5.272403732506698,2.624309538411468,6.887591240875913,1.4254600804157367,qwen
trstlgl,inst_trust,FI,Finland,7.3772855276226155,1.9124758052898003,7.266423357664234,1.1477971128727928,qwen
trstlgl,inst_trust,FR,France,5.277578722328512,2.5140756806538884,7.113304093567251,1.3298955433768525,qwen
trstlgl,inst_trust,GB,United Kingdom,5.6163780941442445,2.521011371523573,6.766812865497076,1.5753670478190163,qwen
trstlgl,inst_trust,GR,Greece,5.246702680608762,2.5025338591575808,7.028467153284671,1.2016648359421955,qwen
trstlgl,inst_trust,HR,Croatia,3.1060360867847785,2.470375641568366,6.854014598540146,1.5101515453241938,qwen
trstlgl,inst_trust,HU,Hungary,5.413927522391459,2.801304195804185,6.829678362573099,1.5452697998658367,qwen
trstlgl,inst_trust,IE,Ireland,5.69203320764676,2.396033627315256,6.788011695906433,1.5148178286631606,qwen
trstlgl,inst_trust,IL,Israel,4.48102706718821,2.8574560576316346,7.016058394160584,1.262263444148285,qwen
trstlgl,inst_trust,IS,Iceland,5.826511704694114,2.290303931244154,7.088321167883212,1.3668520249477984,qwen
trstlgl,inst_trust,IT,Italy,5.530528680908423,2.3101433585918305,6.890190336749634,1.3542397176961187,qwen
trstlgl,inst_trust,LT,Lithuania,5.333041524038505,2.53083676667906,7.0927007299270075,1.2982576626202127,qwen
trstlgl,inst_trust,LV,Latvia,4.138967022176612,2.66581072788196,7.049707602339181,1.3154170527722242,qwen
trstlgl,inst_trust,ME,Montenegro,4.23413572231689,2.1759236559663613,6.923245614035087,1.3805384369498068,qwen
trstlgl,inst_trust,NL,Netherlands,6.388762659695479,2.0597908065345725,7.295620437956204,0.9781134584460921,qwen
trstlgl,inst_trust,NO,Norway,7.3011783937619,2.191185770067164,7.235036496350365,1.049686060062465,qwen
trstlgl,inst_trust,PL,Poland,4.021643146743594,2.525457601316737,7.1883211678832115,1.0873451824619427,qwen
trstlgl,inst_trust,PT,Portugal,4.435887011208429,2.4930759270446927,6.416374269005848,1.7629905247385516,qwen
trstlgl,inst_trust,RS,Serbia,4.272382534026924,3.0329847425670975,7.028592375366569,1.25564361735476,qwen
trstlgl,inst_trust,SE,Sweden,6.422212816009448,2.215417878073363,7.353722627737227,0.995591897840534,qwen
trstlgl,inst_trust,SI,Slovenia,4.782517309791612,2.5380693623732102,6.923976608187134,1.4222385504294177,qwen
trstlgl,inst_trust,SK,Slovakia,5.15859064611645,2.6736842426754746,6.797518248175183,1.544470319800761,qwen
trstlgl,inst_trust,UA,Ukraine,2.62570472401749,2.7208794816359383,6.013138686131387,1.9377678090047918,qwen
trstprt,inst_trust,AT,Austria,3.6963347780733735,2.4576851742054227,5.296350364963503,1.9717822539981142,qwen
trstprt,inst_trust,BE,Belgium,3.901528783790737,2.198950818680616,5.728070175438597,1.935232800502291,qwen
trstprt,inst_trust,BG,Bulgaria,2.2674519398970117,2.1398152506421457,5.733576642335766,2.0155200949766767,qwen
trstprt,inst_trust,CH,Switzerland,5.365733608710456,1.8908503187585053,5.714598540145985,1.988804195139897,qwen
trstprt,inst_trust,CY,Cyprus,2.482863307998946,2.1835126229241606,5.310117302052786,2.1492272936542345,qwen
trstprt,inst_trust,DE,Germany,3.887155565743618,2.2491886771250265,5.789489051094891,1.8574507467389902,qwen
trstprt,inst_trust,EE,Estonia,3.6893980783220424,2.206886268768,6.368421052631579,1.6836818639342777,qwen
trstprt,inst_trust,ES,Spain,2.6973428924841145,2.389649147738557,5.398975109809664,2.068840638463028,qwen
trstprt,inst_trust,FI,Finland,5.434923773302382,1.9347737916257004,6.052554744525548,1.8798360748790794,qwen
trstprt,inst_trust,FR,France,3.47647353131399,2.0911343205670136,5.703357664233577,1.984023275753432,qwen
trstprt,inst_trust,GB,United Kingdom,3.1850148949940458,2.348263095051111,5.294160583941606,2.0390832715242864,qwen
trstprt,inst_trust,GR,Greece,2.822445362838009,2.0601598484600308,5.529635036496351,1.8965143499252526,qwen
trstprt,inst_trust,HR,Croatia,2.1587417100304584,2.2333583748636854,5.230600292825769,2.077822587847391,qwen
trstprt,inst_trust,HU,Hungary,4.075109341052381,2.6270031356835526,5.308759124087591,2.171872102297019,qwen
trstprt,inst_trust,IE,Ireland,4.1739986092793675,2.2933948015392263,5.18859649122807,2.0506653752279953,qwen
trstprt,inst_trust,IL,Israel,3.3813375609355893,2.3700459503345623,5.545321637426901,2.1407621107212056,qwen
trstprt,inst_trust,IS,Iceland,4.525464685011454,2.1950486298837695,5.7251461988304095,1.880518714996633,qwen
trstprt,inst_trust,IT,Italy,3.3610208793207383,2.3497735806666395,5.220437956204379,2.0488243200586167,qwen
trstprt,inst_trust,LT,Lithuania,3.2821173428708135,2.2763117265865733,5.445985401459854,2.0726926366126848,qwen
trstprt,inst_trust,LV,Latvia,2.525386270481844,2.2211609129739815,5.629824561403509,2.086459020198654,qwen
trstprt,inst_trust,ME,Montenegro,3.711090386615508,2.31307033299726,5.3008771929824565,2.090772963918682,qwen
trstprt,inst_trust,NL,Netherlands,4.98058333512499,1.96243459082431,5.941812865497075,1.8594557336090347,qwen
trstprt,inst_trust,NO,Norway,5.3671595304269255,2.048502318553941,6.052415812591509,1.8068635492193086,qwen
trstprt,inst_trust,PL,Poland,2.91436556509795,2.379831825361464,5.594598540145985,1.9797623811130418,qwen
trstprt,inst_trust,PT,Portugal,2.902951409350657,2.3264527645400332,5.052631578947368,2.1481052508212892,qwen
trstprt,inst_trust,RS,Serbia,2.7175046698677487,2.7055050189578025,5.47953216374269,2.001175880641113,qwen
trstprt,inst_trust,SE,Sweden,4.999524367908062,1.9794609607411369,6.21021897810219,1.7674478855122937,qwen
trstprt,inst_trust,SI,Slovenia,3.164576009060389,2.239666440421617,5.41593567251462,2.038400135283084,qwen
trstprt,inst_trust,SK,Slovakia,3.9660866445286804,2.5627466267439947,5.1102489019033674,2.081297903797043,qwen
trstprt,inst_trust,UA,Ukraine,1.91796145354318,2.3487551677241822,4.283625730994152,1.9948603829755482,qwen
trstplc,inst_trust,AT,Austria,7.048198702400107,2.3299292139289602,7.318713450292398,1.0069454759623968,qwen
trstplc,inst_trust,BE,Belgium,6.481846683689832,2.1348624084842096,7.453576642335766,1.0107345898649795,qwen
trstplc,inst_trust,BG,Bulgaria,5.184958703759927,2.8147241541045096,7.439327485380117,1.1104667022004142,qwen
trstplc,inst_trust,CH,Switzerland,7.32249972900217,1.9502362133668902,7.46125730994152,0.8553708696332003,qwen
trstplc,inst_trust,CY,Cyprus,5.093593287394825,2.602201706540397,7.059471365638767,1.530974991963325,qwen
trstplc,inst_trust,DE,Germany,7.004467206225458,2.112825816430906,7.43941605839416,0.999441193592376,qwen
trstplc,inst_trust,EE,Estonia,7.451618857814621,2.145865473139831,7.524087591240876,0.9262675484242803,qwen
trstplc,inst_trust,ES,Spain,6.882325569432233,2.402605682884896,7.237226277372263,1.247922677358343,qwen
trstplc,inst_trust,FI,Finland,8.36650961396084,1.4188422090457942,7.489051094890511,0.9786969819475355,qwen
trstplc,inst_trust,FR,France,6.521489045769595,2.2468552023670956,7.442335766423358,1.0905443291676462,qwen
trstplc,inst_trust,GB,United Kingdom,5.84353719624166,2.528930687537436,7.194160583941605,1.2331772319039176,qwen
trstplc,inst_trust,GR,Greece,5.851565485960466,2.389356055870539,7.383941605839416,1.0327413114948862,qwen
trstplc,inst_trust,HR,Croatia,5.391691659108795,2.572495577309672,7.274452554744525,1.2503817660925207,qwen
trstplc,inst_trust,HU,Hungary,6.323114992395225,2.5514012895441174,7.300729927007299,1.2782192674449062,qwen
trstplc,inst_trust,IE,Ireland,6.34225194768484,2.417847478632362,7.118248175182481,1.3596212803712406,qwen
trstplc,inst_trust,IL,Israel,4.731499091666773,2.803993866551745,7.264233576642336,1.1510062484446728,qwen
trstplc,inst_trust,IS,Iceland,6.880903752638397,2.286741214103045,7.3201754385964914,1.1472046227601411,qwen
trstplc,inst_trust,IT,Italy,6.735453139431022,2.03696389366766,7.234649122807017,1.236102134041738,qwen
trstplc,inst_trust,LT,Lithuania,6.840907731460925,2.3620641004973,7.3,1.1657891436642307,qwen
trstplc,inst_trust,LV,Latvia,5.345565623059908,2.565313030311234,7.192982456140351,1.3577101102478448,qwen
trstplc,inst_trust,ME,Montenegro,5.33831741989394,2.289400230773549,7.234604105571847,1.2120681365171728,qwen
trstplc,inst_trust,NL,Netherlands,7.031936952279682,1.6731356506046635,7.500730994152047,0.9655482928682524,qwen
trstplc,inst_trust,NO,Norway,7.497281115481987,2.131882331185733,7.473722627737226,0.9838067603272502,qwen
trstplc,inst_trust,PL,Poland,5.144209820314441,2.6126205890611636,7.485401459854015,0.9588416002267273,qwen
trstplc,inst_trust,PT,Portugal,6.35140123530796,2.37199949180341,6.913011695906433,1.6308582637036644,qwen
trstplc,inst_trust,RS,Serbia,5.298439353393637,3.0755522567357465,7.328467153284672,1.1763973217589956,qwen
trstplc,inst_trust,SE,Sweden,7.010517082776527,2.0695476008677933,7.522693997071742,0.9060712807255845,qwen
trstplc,inst_trust,SI,Slovenia,6.298202965670212,2.39963246963771,7.373352855051245,1.2144022231019567,qwen
trstplc,inst_trust,SK,Slovakia,5.715810942457989,2.5968965560218478,7.344298245614035,1.1531151792554901,qwen
trstplc,inst_trust,UA,Ukraine,3.346869383787289,2.882555307976165,6.494890510948905,1.9013430605498456,qwen
trstep,inst_trust,AT,Austria,4.441713049182769,2.7027869412924757,6.117690058479532,1.6708577637269821,qwen
trstep,inst_trust,BE,Belgium,4.644375709423029,2.482058348908749,6.497067448680352,1.528243228030021,qwen
trstep,inst_trust,BG,Bulgaria,4.590907637406625,2.8154598161996414,6.277452415812592,1.7259757609184085,qwen
trstep,inst_trust,CH,Switzerland,4.9804047024318026,2.142752152560394,6.453947368421052,1.4612111856256293,qwen
trstep,inst_trust,CY,Cyprus,4.494442682400129,2.6253215046817244,5.678152492668621,2.100312707345142,qwen
trstep,inst_trust,DE,Germany,4.6553069483283815,2.6988466506724818,6.437865497076023,1.4815158255896288,qwen
trstep,inst_trust,EE,Estonia,4.867659024996451,2.5389822170035377,6.851094890510949,1.1693650991605118,qwen
trstep,inst_trust,ES,Spain,4.617834338361529,2.58207626029311,6.203513909224012,1.7240797479947225,qwen
trstep,inst_trust,FI,Finland,5.884698971541353,2.0478526383413707,6.6281112737920935,1.4059155831329901,qwen
trstep,inst_trust,FR,France,4.358218524618483,2.5065079834216193,6.442982456140351,1.574074510576134,qwen
trstep,inst_trust,GB,United Kingdom,3.9659348201020137,2.634761088291623,6.0666178623718885,1.7225939006970246,qwen
trstep,inst_trust,GR,Greece,4.325553876401601,2.3648784897283908,6.236456808199121,1.6329462719546768,qwen
trstep,inst_trust,HR,Croatia,4.181384694167215,2.639162523655762,6.028467153284671,1.8796754146633112,qwen
trstep,inst_trust,HU,Hungary,4.842041979022309,2.559677185813506,6.025659824046921,1.8887179349251824,qwen
trstep,inst_trust,IE,Ireland,5.190912190718104,2.301815167988883,6.033674963396779,1.796553182349898,qwen
trstep,inst_trust,IL,Israel,2.7966407305118883,2.5564369022191045,6.447717231222386,1.6102061841025563,qwen
trstep,inst_trust,IS,Iceland,5.5923851198663295,2.243165922829671,6.61217008797654,1.4267061498388345,qwen
trstep,inst_trust,IT,Italy,4.647829420068639,2.3531593011282976,6.099415204678363,1.6962795246054558,qwen
trstep,inst_trust,LT,Lithuania,5.023996321399762,2.632139279336537,6.348458149779736,1.7382381551179193,qwen
trstep,inst_trust,LV,Latvia,4.251592920932756,2.6260011177629847,6.267988252569751,1.6804858120697352,qwen
trstep,inst_trust,ME,Montenegro,5.54537932736838,2.362639500661553,6.319383259911894,1.4994038722150465,qwen
trstep,inst_trust,NL,Netherlands,5.1357615968982495,2.242656739308697,6.703216374269005,1.2951949287011775,qwen
trstep,inst_trust,NO,Norway,5.627393518801301,2.178716230468213,6.6401459854014595,1.3978607221537294,qwen
trstep,inst_trust,PL,Poland,3.957651671025209,2.697137928277827,6.35233918128655,1.5998198367224454,qwen
trstep,inst_trust,PT,Portugal,4.892394298430099,2.617896802698862,5.656934306569343,2.0028778863299204,qwen
trstep,inst_trust,RS,Serbia,2.7730792127220054,2.825146464333168,6.222547584187408,1.6537404360773111,qwen
trstep,inst_trust,SE,Sweden,5.2806213736007015,2.1710305492664226,6.775659824046921,1.283966386424202,qwen
trstep,inst_trust,SI,Slovenia,4.528745064461624,2.5517164807944748,6.312846715328467,1.5640080787288497,qwen
trstep,inst_trust,SK,Slovakia,4.626454297072137,2.9537924517663043,5.892700729927007,1.8596058123337722,qwen
trstep,inst_trust,UA,Ukraine,4.195768145519062,3.0947491383522934,5.383040935672515,2.0634670943035416,qwen
trstun,inst_trust,AT,Austria,4.9381208805276975,2.66672198274972,6.8355263157894735,1.2567514366563493,qwen
trstun,inst_trust,BE,Belgium,5.238178968574235,2.396333746412237,7.040263543191801,1.1621743403230498,qwen
trstun,inst_trust,BG,Bulgaria,4.799013115669446,2.799354120493202,6.842335766423358,1.3860058008819955,qwen
trstun,inst_trust,CH,Switzerland,5.327174304085703,2.2798633759460833,6.991959064327485,1.0353953806262883,qwen
trstun,inst_trust,CY,Cyprus,4.104515544764862,2.5993390491532526,6.4298245614035086,1.7430605263325802,qwen
trstun,inst_trust,DE,Germany,4.795974606838823,2.5178768647535934,6.967105263157895,1.161869718254906,qwen
trstun,inst_trust,EE,Estonia,4.795070493223868,2.662819868529023,7.217956204379562,0.9714861246959733,qwen
trstun,inst_trust,ES,Spain,4.869911326639016,2.6935501723222925,6.755116959064328,1.400027238096919,qwen
trstun,inst_trust,FI,Finland,6.488996062898592,2.117560252132273,7.14766081871345,0.9971307719863435,qwen
trstun,inst_trust,FR,France,5.187570945898971,2.439297260904272,6.968228404099561,1.2297632013248674,qwen
trstun,inst_trust,GB,United Kingdom,5.068956337890133,2.6334564888091543,6.621145374449339,1.5033078755002494,qwen
trstun,inst_trust,GR,Greece,4.380066069687555,2.3779031168488247,6.9077598828696924,1.1859322481060768,qwen
trstun,inst_trust,HR,Croatia,4.641931114635581,2.8824633999834313,6.7254758418740845,1.4717659113717574,qwen
trstun,inst_trust,HU,Hungary,5.431164439172593,2.492506117115492,6.794590643274854,1.5085845058832776,qwen
trstun,inst_trust,IE,Ireland,5.348305834138985,2.419858286145188,6.636695906432749,1.4657979366679024,qwen
trstun,inst_trust,IL,Israel,2.158735877721266,2.499463206769922,6.950292397660819,1.1872985328184718,qwen
trstun,inst_trust,IS,Iceland,6.129719684805683,2.275120220593933,6.9375730994152045,1.2229050999054913,qwen
trstun,inst_trust,IT,Italy,4.959247795419568,2.407398237329906,6.694890510948905,1.3667587243216124,qwen
trstun,inst_trust,LT,Lithuania,5.113734704134614,2.6384547194832537,6.8737226277372265,1.4029662640836478,qwen
trstun,inst_trust,LV,Latvia,3.944849335449868,2.8572210133988953,6.8618421052631575,1.4289897930425766,qwen
trstun,inst_trust,ME,Montenegro,5.477883219043625,2.3384144117845906,6.760583941605839,1.3595212040007745,qwen
trstun,inst_trust,NL,Netherlands,5.837135196439165,2.0616843339052084,7.111678832116788,1.0590783876575485,qwen
trstun,inst_trust,NO,Norway,7.004010109627948,2.20650915385233,7.1761695906432745,0.8945266825747527,qwen
trstun,inst_trust,PL,Poland,4.925437491650594,2.585202291044782,6.976642335766424,1.2022312816749574,qwen
trstun,inst_trust,PT,Portugal,5.468309186576956,2.6214498499165084,6.392700729927007,1.7275559518404122,qwen
trstun,inst_trust,RS,Serbia,2.8935428453296557,2.870760992698354,6.804093567251462,1.379757728012881,qwen
trstun,inst_trust,SE,Sweden,6.378675272276728,2.1906130537695097,7.16374269005848,1.0424102172723873,qwen
trstun,inst_trust,SI,Slovenia,4.75708153743771,2.593813931582263,6.798832116788321,1.4157732299817953,qwen
trstun,inst_trust,SK,Slovakia,5.006831482621015,3.0015706587559183,6.610818713450293,1.4726595405200504,qwen
trstun,inst_trust,UA,Ukraine,3.6013180121383064,3.107175118929105,6.165739385065885,1.89877190654766,qwen
happy,wellbeing,AT,Austria,7.76090373708049,1.6476809008987041,7.467153284671533,0.7399531249033642,qwen
happy,wellbeing,BE,Belgium,7.693888917247725,1.5948426862606622,7.657664233576642,0.5393469393759589,qwen
happy,wellbeing,BG,Bulgaria,6.2599013533973995,2.1058326813703254,7.567591240875912,0.7460035094960851,qwen
happy,wellbeing,CH,Switzerland,8.143443693353284,1.4784609167560088,7.545985401459854,0.6480982749981494,qwen
happy,wellbeing,CY,Cyprus,6.987720510210006,2.0375544046536445,7.362043795620438,1.0289757715466465,qwen
happy,wellbeing,DE,Germany,7.770826781915745,1.6481961735890556,7.612408759124087,0.6133797245368265,qwen
happy,wellbeing,EE,Estonia,7.392975022060044,1.8125399321856848,7.665693430656934,0.6140934882496164,qwen
happy,wellbeing,ES,Spain,7.9068639433129615,1.5083333876993539,7.514598540145985,0.6475934020088153,qwen
happy,wellbeing,FI,Finland,8.056294696497618,1.4941446726890395,7.652554744525547,0.6514805778153215,qwen
happy,wellbeing,FR,France,7.484937725116078,1.5824931766151542,7.613304093567251,0.6526990171223421,qwen
happy,wellbeing,GB,United Kingdom,7.58670240724883,1.8928609716961053,7.430656934306569,0.8394130889426543,qwen
happy,wellbeing,GR,Greece,6.842498028815976,1.5533308312932954,7.57007299270073,0.7036210606593989,qwen
happy,wellbeing,HR,Croatia,7.57452763307812,1.8953856307718508,7.504379562043796,0.7512045505550814,qwen
happy,wellbeing,HU,Hungary,7.213928510077665,1.949751769688737,7.496345029239766,0.8293136594726069,qwen
happy,wellbeing,IE,Ireland,7.656938166322823,1.5969945819593403,7.4620437956204375,0.8489873041003522,qwen
happy,wellbeing,IL,Israel,7.378506798276478,1.9589332675006683,7.567883211678832,0.8320985858153983,qwen
happy,wellbeing,IS,Iceland,7.795136804185614,1.6901819986040958,7.602919708029197,0.6839793272840645,qwen
happy,wellbeing,IT,Italy,6.866632272435569,1.7736600966317824,7.468613138686131,0.7439573166576219,qwen
happy,wellbeing,LT,Lithuania,7.462256314361242,1.9640572400944816,7.529239766081871,0.7579884034298014,qwen
happy,wellbeing,LV,Latvia,6.942492161894379,2.010490673099773,7.437956204379562,0.9020875227293274,qwen
happy,wellbeing,ME,Montenegro,6.598538405658492,1.9929676150976603,7.443065693430657,0.7362576879768146,qwen
happy,wellbeing,NL,Netherlands,7.967482570449453,1.2594481552897474,7.65985401459854,0.6209617910214501,qwen
happy,wellbeing,NO,Norway,7.874301227891386,1.6412667294737115,7.641605839416059,0.6508701256269853,qwen
happy,wellbeing,PL,Poland,7.580291683668927,1.9297359190706487,7.5445255474452555,0.7588579935602138,qwen
happy,wellbeing,PT,Portugal,7.18890332891691,1.9345513767482962,7.261313868613139,1.0721247537482652,qwen
happy,wellbeing,RS,Serbia,7.293745610623994,2.1956271452212994,7.469298245614035,0.822768300713332,qwen
happy,wellbeing,SE,Sweden,7.653675579018058,1.651322113708472,7.686861313868613,0.5824953276734751,qwen
happy,wellbeing,SI,Slovenia,7.741530514531192,1.7814239483325474,7.481751824817518,0.8860698243596105,qwen
happy,wellbeing,SK,Slovakia,6.821599780133437,2.1340105043999387,7.473722627737226,0.9408896866712446,qwen
happy,wellbeing,UA,Ukraine,6.148338386295668,2.6702456732390303,7.067153284671533,1.1827901823055293,qwen
stflife,wellbeing,AT,Austria,7.78814385622568,1.663509124198267,7.554452554744525,0.637817596278787,qwen
stflife,wellbeing,BE,Belgium,7.309428021722151,1.8917094461027428,7.65985401459854,0.7601611723160234,qwen
stflife,wellbeing,BG,Bulgaria,6.042474309791918,2.2120628343463418,7.670510948905109,0.7421364776205479,qwen
stflife,wellbeing,CH,Switzerland,8.117545251532318,1.5615082032326784,7.649635036496351,0.5841628297282757,qwen
stflife,wellbeing,CY,Cyprus,6.3500031076829355,2.4105596498933695,7.428175182481752,1.0402050932065743,qwen
stflife,wellbeing,DE,Germany,7.5174226887125135,1.8370147717535326,7.673722627737226,0.639040544636247,qwen
stflife,wellbeing,EE,Estonia,6.995530555906337,2.0155902024685055,7.739999999999999,0.5433866080866856,qwen
stflife,wellbeing,ES,Spain,7.498474456930226,1.8224070220472202,7.518978102189781,0.7140540758261907,qwen
stflife,wellbeing,FI,Finland,7.884236327112843,1.6106494607761095,7.776350364963504,0.525764377985512,qwen
stflife,wellbeing,FR,France,6.770231955192009,2.2774602348290798,7.687299270072993,0.5940242178712877,qwen
stflife,wellbeing,GB,United Kingdom,7.076060810502419,2.0857563950905624,7.523357664233576,0.7638834658340584,qwen
stflife,wellbeing,GR,Greece,6.412675488700161,1.9600409763547444,7.648613138686132,0.615362754330944,qwen
stflife,wellbeing,HR,Croatia,7.254634337219264,2.1096005755584524,7.531094890510949,0.8081526103202429,qwen
stflife,wellbeing,HU,Hungary,6.621330451773505,2.1411539701501248,7.498540145985402,0.9178051464026211,qwen
stflife,wellbeing,IE,Ireland,7.264586614245971,1.746506935243767,7.485839416058394,0.8977332096428008,qwen
stflife,wellbeing,IL,Israel,7.100674068580728,2.0995398201582294,7.651094890510949,0.7087709472054493,qwen
stflife,wellbeing,IS,Iceland,7.616733195317123,1.8741151012792872,7.624525547445256,0.7711614719329164,qwen
stflife,wellbeing,IT,Italy,6.739670239629779,1.903152675906479,7.52043795620438,0.7361924613018583,qwen
stflife,wellbeing,LT,Lithuania,7.1356614539550485,2.0928346239824207,7.556204379562044,0.9346217074012906,qwen
stflife,wellbeing,LV,Latvia,6.395823933792753,2.2344529567249887,7.502627737226278,0.8512420149070251,qwen
stflife,wellbeing,ME,Montenegro,6.107432602015085,2.2377777283887044,7.487591240875912,0.7542710023276815,qwen
stflife,wellbeing,NL,Netherlands,7.911109433699263,1.2395781286526681,7.693430656934306,0.7271071797287966,qwen
stflife,wellbeing,NO,Norway,7.694714604104831,1.7955247906018192,7.737956204379562,0.611432431231923,qwen
stflife,wellbeing,PL,Poland,7.330899994057487,2.0169033095979096,7.65007299270073,0.6167881534556444,qwen
stflife,wellbeing,PT,Portugal,6.56427821284171,2.0566130251835895,7.334014598540146,1.0411963568836287,qwen
stflife,wellbeing,RS,Serbia,6.842770538058628,2.31384027899869,7.5624817518248175,0.8051967369033072,qwen
stflife,wellbeing,SE,Sweden,7.761426256173515,1.765214803913871,7.771970802919708,0.6030161027691681,qwen
stflife,wellbeing,SI,Slovenia,7.542574813136172,1.9244888595960155,7.56029197080292,0.8354358928144572,qwen
stflife,wellbeing,SK,Slovakia,6.4957221910406595,2.193641926033914,7.533625730994152,0.9169197018600128,qwen
stflife,wellbeing,UA,Ukraine,5.135055056810102,2.8746660557095858,7.144233576642336,1.1545040976298266,qwen
stfeco,wellbeing,AT,Austria,5.54995975100486,2.122906575697393,6.324087591240876,1.2830727433903262,qwen
stfeco,wellbeing,BE,Belgium,4.98606815137708,2.140962305023091,6.460583941605839,1.1653725695094865,qwen
stfeco,wellbeing,BG,Bulgaria,3.031413845159043,2.0478322235714828,6.341605839416059,1.337747208163152,qwen
stfeco,wellbeing,CH,Switzerland,6.845506079176042,1.794737285619912,6.4963503649635035,1.1023903294516122,qwen
stfeco,wellbeing,CY,Cyprus,3.621005068769763,2.2862779112800453,6.055474452554744,1.5820132866653034,qwen
stfeco,wellbeing,DE,Germany,4.603022073123684,2.2304373073135833,6.541605839416058,1.096288417663296,qwen
stfeco,wellbeing,EE,Estonia,3.9325211402685727,2.2100479528054375,6.700729927007299,1.0041213573795524,qwen
stfeco,wellbeing,ES,Spain,4.237300941743682,2.24737885886348,6.337956204379562,1.2756222760133957,qwen
stfeco,wellbeing,FI,Finland,5.621461226119554,1.9579719138360596,6.556642335766424,1.1509227656678565,qwen
stfeco,wellbeing,FR,France,3.660295890775978,2.2237287051207018,6.478832116788321,1.1565621734067337,qwen
stfeco,wellbeing,GB,United Kingdom,3.2607008909458353,2.1312607908213446,6.2569343065693435,1.2743416842174646,qwen
stfeco,wellbeing,GR,Greece,3.469009875643056,2.0401583899106384,6.395620437956205,1.174651162174564,qwen
stfeco,wellbeing,HR,Croatia,3.81438187157306,2.2290589463333133,6.262043795620438,1.3568179248226622,qwen
stfeco,wellbeing,HU,Hungary,4.222210680856891,2.5543458274354554,6.217518248175183,1.3736182749354688,qwen
stfeco,wellbeing,IE,Ireland,5.177761758303079,2.237107840768206,6.2251461988304095,1.360027282787726,qwen
stfeco,wellbeing,IL,Israel,4.637346340378427,2.4778551747260322,6.48029197080292,1.1753958780700124,qwen
stfeco,wellbeing,IS,Iceland,4.354133278700258,2.301638119156402,6.5306569343065695,1.1312650143616474,qwen
stfeco,wellbeing,IT,Italy,4.1676646263709225,2.127827664975726,6.268613138686131,1.311540756391152,qwen
stfeco,wellbeing,LT,Lithuania,4.544519559488827,2.4391149388673945,6.451094890510949,1.2245130783271867,qwen
stfeco,wellbeing,LV,Latvia,3.5572163109068264,2.1520775282363993,6.343065693430657,1.2809784512089535,qwen
stfeco,wellbeing,ME,Montenegro,4.329125358977915,2.4212189501351213,6.38978102189781,1.170375350368597,qwen
stfeco,wellbeing,NL,Netherlands,5.750090162399542,1.8883487420818466,6.58625730994152,1.0151926579798434,qwen
stfeco,wellbeing,NO,Norway,5.638977511362683,2.2999889990969327,6.52992700729927,1.096669930373193,qwen
stfeco,wellbeing,PL,Poland,5.266828562831059,2.084401474654986,6.362043795620438,1.2543568158506384,qwen
stfeco,wellbeing,PT,Portugal,3.7597087439710393,2.2173779023902607,5.997080291970803,1.5709321182508051,qwen
stfeco,wellbeing,RS,Serbia,4.08009767411611,2.6670196884026667,6.383941605839416,1.2495749907083809,qwen
stfeco,wellbeing,SE,Sweden,4.727544972683704,2.003617018275472,6.615036496350365,1.0178057496338417,qwen
stfeco,wellbeing,SI,Slovenia,5.256003164705521,2.198909115847543,6.375912408759124,1.182506849221986,qwen
stfeco,wellbeing,SK,Slovakia,3.90539600420454,2.4802603822382823,6.191240875912409,1.4326739840331948,qwen
stfeco,wellbeing,UA,Ukraine,2.582621884597501,2.473376037105537,5.8043795620437955,1.679680273336063,qwen
stfgov,wellbeing,AT,Austria,4.039162360697896,2.542751952796585,6.734306569343065,1.287390372111474,qwen
stfgov,wellbeing,BE,Belgium,4.327179766206084,2.2310383559273848,6.956934306569343,1.1679063351426637,qwen
stfgov,wellbeing,BG,Bulgaria,2.6719832241253285,2.1518931725478994,6.916666666666667,1.3355429470431788,qwen
stfgov,wellbeing,CH,Switzerland,6.603606802594606,1.7563173900139182,6.993430656934307,1.122744938016825,qwen
stfgov,wellbeing,CY,Cyprus,3.9267792705867395,2.318596254151223,6.433576642335766,1.7350985180357568,qwen
stfgov,wellbeing,DE,Germany,3.8478023210079932,2.565662571285465,6.937226277372263,1.1185574003098913,qwen
stfgov,wellbeing,EE,Estonia,3.531555568247472,2.262874109890977,7.197956204379563,0.9446193721881092,qwen
stfgov,wellbeing,ES,Spain,3.7614892720866218,2.6222085393506376,6.738304093567251,1.3770533358669024,qwen
stfgov,wellbeing,FI,Finland,4.804454929568028,2.3543226465867253,7.0672992700729935,1.146713778898571,qwen
stfgov,wellbeing,FR,France,3.787785280082554,2.442793733642136,6.981021897810219,1.2491244212228112,qwen
stfgov,wellbeing,GB,United Kingdom,3.036843581975516,2.394408469716829,6.608759124087591,1.543779938628402,qwen
stfgov,wellbeing,GR,Greece,3.644471747398687,2.2863689257464532,6.886861313868613,1.1556381947524863,qwen
stfgov,wellbeing,HR,Croatia,3.4080005877444512,2.537664144424585,6.680291970802919,1.4306502537470676,qwen
stfgov,wellbeing,HU,Hungary,4.349290035814571,2.773293843461117,6.6546783625731,1.546627668133373,qwen
stfgov,wellbeing,IE,Ireland,4.870906010407424,2.2837559034048587,6.6401459854014595,1.474216010004701,qwen
stfgov,wellbeing,IL,Israel,3.8927885655775873,2.9003886880694987,6.894890510948905,1.2835737509983336,qwen
stfgov,wellbeing,IS,Iceland,4.095360338555398,2.3793164587301976,6.9668613138686135,1.1809512420084054,qwen
stfgov,wellbeing,IT,Italy,4.305847880343379,2.240831516737721,6.6728467153284665,1.401260370899803,qwen
stfgov,wellbeing,LT,Lithuania,3.891877946823288,2.5420418151357658,6.872992700729927,1.3047654249995009,qwen
stfgov,wellbeing,LV,Latvia,3.1240201091808486,2.2787685267851967,6.797953216374269,1.4022660673792147,qwen
stfgov,wellbeing,ME,Montenegro,4.613987966891826,2.4855582034040724,6.778102189781022,1.2959515982850351,qwen
stfgov,wellbeing,NL,Netherlands,4.609865988308238,2.0062529772022137,7.021637426900585,1.1682223396965736,qwen
stfgov,wellbeing,NO,Norway,4.785794047937997,2.2175501497089307,7.099708029197081,1.007849268763216,qwen
stfgov,wellbeing,PL,Poland,4.541712539383122,2.823730378695335,6.967883211678832,1.1615133243810922,qwen
stfgov,wellbeing,PT,Portugal,3.513193931375951,2.3111842226430293,6.257748538011696,1.7687911567773098,qwen
stfgov,wellbeing,RS,Serbia,4.258255990476471,3.198497977514989,6.871970802919709,1.270137119857479,qwen
stfgov,wellbeing,SE,Sweden,4.269263904955265,2.167209026362757,7.228175182481752,0.8914196403008992,qwen
stfgov,wellbeing,SI,Slovenia,4.249594291009816,2.4941118540650034,6.827007299270073,1.294246357146729,qwen
stfgov,wellbeing,SK,Slovakia,4.46334706353566,2.686925975312871,6.531094890510949,1.5929888780352581,qwen
stfgov,wellbeing,UA,Ukraine,2.4743529805980655,2.565480033331153,5.917518248175183,1.86949573407901,qwen
stfhlth,wellbeing,AT,Austria,6.474907116097822,2.438472434018327,7.151315789473684,0.7484379201617052,qwen
stfhlth,wellbeing,BE,Belgium,7.220810024616674,1.8327609518478543,7.243421052631579,0.8592110470272075,qwen
stfhlth,wellbeing,BG,Bulgaria,3.832171344870384,2.3748257579878462,7.24963503649635,0.8470903146122204,qwen
stfhlth,wellbeing,CH,Switzerland,6.831041864274515,1.9622858222787356,7.2087591240875915,0.8035442735134808,qwen
stfhlth,wellbeing,CY,Cyprus,5.576021271821681,2.3253109754011057,6.93859649122807,1.2360027746345132,qwen
stfhlth,wellbeing,DE,Germany,5.1952004418832605,2.4462601761167653,7.241605839416058,0.7945025233534342,qwen
stfhlth,wellbeing,EE,Estonia,5.793017380383871,2.1660633774564113,7.376642335766423,0.5859294078744298,qwen
stfhlth,wellbeing,ES,Spain,5.640440850707488,2.522739885428595,7.12043795620438,0.9434398524984866,qwen
stfhlth,wellbeing,FI,Finland,6.4186579536005794,2.06315131322013,7.315328467153285,0.7708022052462051,qwen
stfhlth,wellbeing,FR,France,5.439891110440975,2.4415300288512802,7.2291970802919705,0.8864774055974228,qwen
stfhlth,wellbeing,GB,United Kingdom,4.797421449561588,2.4325170399551603,7.051900584795321,1.0220178768566583,qwen
stfhlth,wellbeing,GR,Greece,3.396290051453136,2.0119449650003913,7.118978102189781,0.739500863621918,qwen
stfhlth,wellbeing,HR,Croatia,5.3548541416674444,2.682053424056007,7.097810218978102,1.0436011618348933,qwen
stfhlth,wellbeing,HU,Hungary,3.4347744313772854,2.4617765778736294,7.056934306569343,1.057747497784739,qwen
stfhlth,wellbeing,IE,Ireland,4.433855064113273,2.3508293625680494,7.021167883211679,1.0575149244059268,qwen
stfhlth,wellbeing,IL,Israel,6.530300993284543,1.8914696286324908,7.211678832116788,0.8198974487854868,qwen
stfhlth,wellbeing,IS,Iceland,5.112267027203692,2.1491014425562263,7.2153284671532845,0.8213961256105172,qwen
stfhlth,wellbeing,IT,Italy,5.10968527191663,2.096107535799735,7.100877192982456,0.8427100827560088,qwen
stfhlth,wellbeing,LT,Lithuania,4.4780529748809945,2.3439135030424465,7.199561403508772,0.9508490991746525,qwen
stfhlth,wellbeing,LV,Latvia,4.2972221458723485,2.5047000700024427,7.223065693430657,0.866747265182565,qwen
stfhlth,wellbeing,ME,Montenegro,4.806435046611185,2.3092924712702363,7.1540145985401455,0.8605226378851906,qwen
stfhlth,wellbeing,NL,Netherlands,6.629094750304629,1.781841136689458,7.292700729927008,0.7628657723494175,qwen
stfhlth,wellbeing,NO,Norway,7.06508411422838,1.940954250732358,7.278102189781022,0.8153960154775111,qwen
stfhlth,wellbeing,PL,Poland,4.202687158652689,2.329430701915596,7.228070175438597,0.7565439766636377,qwen
stfhlth,wellbeing,PT,Portugal,3.8254868131229243,2.5085001345712525,6.881021897810219,1.238722982233222,qwen
stfhlth,wellbeing,RS,Serbia,4.238355203962294,2.794463373118979,7.157664233576642,0.9653895547183239,qwen
stfhlth,wellbeing,SE,Sweden,5.69363952596369,2.1003606930097036,7.328467153284672,0.7439766810301193,qwen
stfhlth,wellbeing,SI,Slovenia,4.722807877332366,2.500698766976185,7.128905109489051,1.0037995644270974,qwen
stfhlth,wellbeing,SK,Slovakia,4.139320334932395,2.4686825909138355,7.0518248175182485,1.0841159244690044,qwen
stfhlth,wellbeing,UA,Ukraine,4.3160230699847775,2.6234838094057635,6.875912408759124,1.2027335791820217,qwen
stfedu,wellbeing,AT,Austria,6.08971976844328,2.38046437739405,6.83406432748538,1.2234987521209688,qwen
stfedu,wellbeing,BE,Belgium,5.750874806842748,2.0937724621583906,7.119152046783626,1.113631173114448,qwen
stfedu,wellbeing,BG,Bulgaria,4.100957477790751,2.3502352553952877,7.0321637426900585,1.1375350284445052,qwen
stfedu,wellbeing,CH,Switzerland,6.656270184332477,1.9459891470846695,7.008029197080292,1.1079892220167795,qwen
stfedu,wellbeing,CY,Cyprus,4.587313251616586,2.2128597138691415,6.473684210526316,1.754945455468157,qwen
stfedu,wellbeing,DE,Germany,4.233299683415836,2.351668087490688,7.005109489051095,1.147545127594539,qwen
stfedu,wellbeing,EE,Estonia,6.393672568840203,2.229592946471987,7.24963503649635,0.9191055345094876,qwen
stfedu,wellbeing,ES,Spain,5.012136266255524,2.334332636268724,6.801900584795321,1.3600703674628785,qwen
stfedu,wellbeing,FI,Finland,7.233358833554501,1.7644323642522501,7.097080291970803,1.112655903120301,qwen
stfedu,wellbeing,FR,France,4.601790502520427,2.1644715997236985,6.951824817518248,1.2306456127728207,qwen
stfedu,wellbeing,GB,United Kingdom,5.308284191408358,2.2556840404889704,6.723357664233577,1.4328672627461019,qwen
stfedu,wellbeing,GR,Greece,3.7855746517544375,1.9766209943690236,6.877923976608187,1.2190872494961207,qwen
stfedu,wellbeing,HR,Croatia,5.816350566373938,2.309736824795834,6.786131386861314,1.3338366638648638,qwen
stfedu,wellbeing,HU,Hungary,3.9900899154478,2.4913239593329175,6.769736842105263,1.3124494287860795,qwen
stfedu,wellbeing,IE,Ireland,6.762298407137079,1.9802964933214715,6.684671532846715,1.4724015922869473,qwen
stfedu,wellbeing,IL,Israel,5.264336488030869,2.077408346152148,6.997810218978103,1.1459608160843384,qwen
stfedu,wellbeing,IS,Iceland,6.324844854759572,1.8284320314772442,7.012426900584796,1.2079800373503442,qwen
stfedu,wellbeing,IT,Italy,5.083092027671306,1.9801848982095867,6.679093567251462,1.3707416626509996,qwen
stfedu,wellbeing,LT,Lithuania,4.6526346854447445,2.267229560508824,7.010980966325037,1.185609982426336,qwen
stfedu,wellbeing,LV,Latvia,4.108276020925814,2.2667826388568875,6.902189781021898,1.3178634996450085,qwen
stfedu,wellbeing,ME,Montenegro,4.359771069180318,2.237590857279682,6.801900584795321,1.2776416834210147,qwen
stfedu,wellbeing,NL,Netherlands,6.163150882846764,1.6663731337868324,7.124087591240876,1.1041869774659754,qwen
stfedu,wellbeing,NO,Norway,7.199044068958358,1.8551553739170237,7.115328467153285,1.034414439475237,qwen
stfedu,wellbeing,PL,Poland,5.05428653345802,2.3976918855549516,6.8355263157894735,1.3404653321789124,qwen
stfedu,wellbeing,PT,Portugal,4.477459151602673,2.299564384881257,6.255116959064328,1.8470950207239274,qwen
stfedu,wellbeing,RS,Serbia,5.00073893907496,2.8413549190837095,6.892700729927007,1.2806839270972354,qwen
stfedu,wellbeing,SE,Sweden,5.389646077291931,2.1151413881845356,7.1956204379562045,0.9641125220311345,qwen
stfedu,wellbeing,SI,Slovenia,5.530632460507522,2.3221475576997714,6.812408759124088,1.4002634075235565,qwen
stfedu,wellbeing,SK,Slovakia,5.401373334803658,2.4041600037068336,6.6888726207906295,1.40883025453629,qwen
stfedu,wellbeing,UA,Ukraine,4.466432443709682,2.5979428831754627,6.477372262773723,1.5875517535759749,qwen
imueclt,immigration,AT,Austria,5.315172390064883,2.5730849170674883,6.983941605839416,1.375338000808593,qwen
imueclt,immigration,BE,Belgium,6.1379240168747735,2.3033707467646853,7.105839416058394,1.3198754162897248,qwen
imueclt,immigration,BG,Bulgaria,4.3822668131494416,2.959049168036001,7.130656934306569,1.3090196570499693,qwen
imueclt,immigration,CH,Switzerland,6.375870738527658,2.220136533492237,7.048175182481752,1.3681903246945832,qwen
imueclt,immigration,CY,Cyprus,3.5214000548356443,2.523698455719429,6.976642335766424,1.5000615374181554,qwen
imueclt,immigration,DE,Germany,5.779437891976539,2.331576961352071,7.112408759124087,1.2038829268984388,qwen
imueclt,immigration,EE,Estonia,5.480215407140887,2.365476916842202,7.297080291970803,1.1668509632529593,qwen
imueclt,immigration,ES,Spain,6.6260562145120625,2.3924314712251236,6.977372262773723,1.3724520624959564,qwen
imueclt,immigration,FI,Finland,7.225142432125029,2.0684223789959995,7.129824561403509,1.3483961401339783,qwen
imueclt,immigration,FR,France,5.529569032667339,2.7050910367326035,7.17203513909224,1.3396917573190248,qwen
imueclt,immigration,GB,United Kingdom,6.569074059332347,2.475974794584905,7.008029197080292,1.324093996446999,qwen
imueclt,immigration,GR,Greece,4.050831083263721,2.084305513053689,7.056934306569343,1.354427201411607,qwen
imueclt,immigration,HR,Croatia,5.02874341086001,2.7210579344664114,6.924817518248175,1.4249643999809716,qwen
imueclt,immigration,HU,Hungary,3.9425759331519634,2.476597140402959,6.964963503649635,1.5223285123596884,qwen
imueclt,immigration,IE,Ireland,6.296974033797106,2.5958015849501503,6.913868613138686,1.4463698499851874,qwen
imueclt,immigration,IL,Israel,5.041758655711063,2.5863937276299773,7.213138686131387,1.18555003139339,qwen
imueclt,immigration,IS,Iceland,6.897344321807305,2.245228123872818,7.208029197080292,1.2292760667437934,qwen
imueclt,immigration,IT,Italy,4.905544540377028,2.569233998960108,6.9,1.4463606273428096,qwen
imueclt,immigration,LT,Lithuania,4.984868415465608,2.6008663349692376,7.04963503649635,1.3649285099839994,qwen
imueclt,immigration,LV,Latvia,4.627373721269217,2.526015536644707,7.153284671532846,1.325031782410972,qwen
imueclt,immigration,ME,Montenegro,5.168439134667183,2.093806458714853,6.892543859649122,1.4779254056487745,qwen
imueclt,immigration,NL,Netherlands,6.205126662609896,2.1187354477389713,7.197080291970803,1.1565312629830742,qwen
imueclt,immigration,NO,Norway,6.238422215272888,2.2541110468704337,7.198099415204679,1.2371787730974366,qwen
imueclt,immigration,PL,Poland,5.498733975167413,2.3334251431778825,6.984671532846716,1.3844843293897782,qwen
imueclt,immigration,PT,Portugal,5.722458315562678,2.2507075625574586,6.7978102189781024,1.5877117279852693,qwen
imueclt,immigration,RS,Serbia,4.877342073718054,3.0710413542742394,7.083040935672515,1.3847227919769716,qwen
imueclt,immigration,SE,Sweden,6.8122445898666175,2.2672137388256846,7.246423357664233,1.1456399276814972,qwen
imueclt,immigration,SI,Slovenia,5.355770107952107,2.6083091129330294,6.946715328467153,1.4447956155103834,qwen
imueclt,immigration,SK,Slovakia,3.8467151318694572,2.7131866439546606,6.7912408759124085,1.6084787432019625,qwen
imueclt,immigration,UA,Ukraine,5.1239211172083206,2.8308581148632705,6.82043795620438,1.6635558110772586,qwen
imwbcnt,immigration,AT,Austria,4.840919058547187,2.4527294866543006,5.0854014598540145,2.403930144222573,qwen
imwbcnt,immigration,BE,Belgium,5.358485242127184,2.1346963974577657,5.545985401459854,2.312975558768204,qwen
imwbcnt,immigration,BG,Bulgaria,3.956518004842652,2.85827404247127,5.3048245614035086,2.4892724683312686,qwen
imwbcnt,immigration,CH,Switzerland,5.814854504443784,1.845154843550574,5.35233918128655,2.2977760771870335,qwen
imwbcnt,immigration,CY,Cyprus,3.740407078146568,2.40767595128739,4.967105263157895,2.524262897332171,qwen
imwbcnt,immigration,DE,Germany,5.269177671086836,2.3771917248699403,5.5583941605839415,2.2788643144576515,qwen
imwbcnt,immigration,EE,Estonia,4.849486247852013,2.1075366589514086,5.9284671532846716,2.299248189645717,qwen
imwbcnt,immigration,ES,Spain,5.9073130429923815,2.36952875171434,5.194281524926686,2.4306860153178955,qwen
imwbcnt,immigration,FI,Finland,6.013981245125915,2.1083433275445627,5.709677419354839,2.3398846969572475,qwen
imwbcnt,immigration,FR,France,5.115717521574483,2.229765989025632,5.554744525547445,2.270680489075421,qwen
imwbcnt,immigration,GB,United Kingdom,6.345731092544239,2.463997886085941,5.191240875912409,2.46479523758851,qwen
imwbcnt,immigration,GR,Greece,4.102898458435573,2.2185870335870215,5.454744525547445,2.2973723485820052,qwen
imwbcnt,immigration,HR,Croatia,4.943828288889388,2.5165256668371816,5.185944363103953,2.479057462637434,qwen
imwbcnt,immigration,HU,Hungary,3.863870207165531,2.1606799294968244,5.14714494875549,2.562978567757268,qwen
imwbcnt,immigration,IE,Ireland,6.173427287195578,2.568885902556146,5.04014598540146,2.507050288336424,qwen
imwbcnt,immigration,IL,Israel,4.77581453687835,2.514904982885558,5.816446402349486,2.369399216571727,qwen
imwbcnt,immigration,IS,Iceland,6.9623407745959796,2.0342840285249113,5.622627737226277,2.2793566568469625,qwen
imwbcnt,immigration,IT,Italy,4.578901303697609,2.3773137202145906,5.003654970760234,2.443427513259217,qwen
imwbcnt,immigration,LT,Lithuania,5.224923260700287,2.3357141831373007,5.464233576642336,2.391772484555504,qwen
imwbcnt,immigration,LV,Latvia,4.589096531490459,2.463691135380754,5.237573099415204,2.382262532767815,qwen
imwbcnt,immigration,ME,Montenegro,4.695807747965913,2.2889881687702163,5.307748538011696,2.458727823018346,qwen
imwbcnt,immigration,NL,Netherlands,5.492398377595162,1.896279430992423,5.616398243045388,2.263278297195043,qwen
imwbcnt,immigration,NO,Norway,6.212088062951394,1.9985317121611983,5.664963503649635,2.278606043846113,qwen
imwbcnt,immigration,PL,Poland,5.508572016196226,2.1384570518633192,5.417397660818714,2.495114690244963,qwen
imwbcnt,immigration,PT,Portugal,4.6418732065777135,2.165342872973786,4.967883211678832,2.5256848502829357,qwen
imwbcnt,immigration,RS,Serbia,4.82965163040081,2.965475322083407,5.258394160583942,2.415612060748999,qwen
imwbcnt,immigration,SE,Sweden,6.259593141286771,2.200494516774948,5.775182481751825,2.249716714521874,qwen
imwbcnt,immigration,SI,Slovenia,4.963030999588137,2.377905047032816,5.28029197080292,2.449544635330488,qwen
imwbcnt,immigration,SK,Slovakia,3.5309623603239166,2.3151891466772065,5.064233576642335,2.4568420164715925,qwen
imwbcnt,immigration,UA,Ukraine,5.317326172753119,2.8360849591577106,4.607613469985359,2.485836834012138,qwen
imbgeco,immigration,AT,Austria,5.930470260348815,2.499139626004691,6.772992700729927,1.2081898674441016,qwen
imbgeco,immigration,BE,Belgium,5.483701091221589,2.339388956973316,6.9605263157894735,1.0337880495395984,qwen
imbgeco,immigration,BG,Bulgaria,3.9249717897549425,2.9157517131191772,6.918248175182482,1.120595274275414,qwen
imbgeco,immigration,CH,Switzerland,6.48445283213619,1.9625326083363415,6.924707602339181,1.012276359640812,qwen
imbgeco,immigration,CY,Cyprus,3.6828782273570484,2.5969415991911684,6.62719298245614,1.6215668590500432,qwen
imbgeco,immigration,DE,Germany,6.017000040531877,2.2911062141897083,6.956204379562044,1.0081438355986934,qwen
imbgeco,immigration,EE,Estonia,5.317774342421363,2.2944430795613218,7.1540145985401455,0.8765141117464479,qwen
imbgeco,immigration,ES,Spain,6.313687149498994,2.344351933188753,6.855994152046784,1.1263939949608042,qwen
imbgeco,immigration,FI,Finland,6.432967495105742,2.095123340746024,7.067153284671533,1.0028548058204527,qwen
imbgeco,immigration,FR,France,5.321947182331542,2.47236650436905,6.991678832116788,1.0541220740468278,qwen
imbgeco,immigration,GB,United Kingdom,6.376894945797732,2.4281824626662245,6.78978102189781,1.2871545225201144,qwen
imbgeco,immigration,GR,Greece,4.236081165215293,2.186585793193556,6.918248175182482,1.0948589977110026,qwen
imbgeco,immigration,HR,Croatia,5.043247114389215,2.5862925583713934,6.718978102189781,1.3132552322665008,qwen
imbgeco,immigration,HU,Hungary,3.6517531630383213,2.5155489846881656,6.772992700729927,1.3993787076736954,qwen
imbgeco,immigration,IE,Ireland,6.125966412675849,2.6587736473754444,6.686861313868613,1.333652238082157,qwen
imbgeco,immigration,IL,Israel,4.957305921928851,2.6777145342066095,7.02489019033675,0.9759399310004816,qwen
imbgeco,immigration,IS,Iceland,6.763693051791229,2.158027222781135,7.052631578947368,0.9654388264464961,qwen
imbgeco,immigration,IT,Italy,5.143774492178013,2.5286434557028725,6.7437956204379566,1.2823510317749356,qwen
imbgeco,immigration,LT,Lithuania,5.600116432947033,2.6201160644142694,6.908759124087592,1.1632452621210991,qwen
imbgeco,immigration,LV,Latvia,5.152410156212118,2.633014371248394,6.888888888888889,1.1188885116692677,qwen
imbgeco,immigration,ME,Montenegro,4.2132053258244015,2.7540876643589,6.850364963503649,1.1038293319586534,qwen
imbgeco,immigration,NL,Netherlands,5.739189778032886,1.9402534025455624,7.0548245614035086,0.919285863695769,qwen
imbgeco,immigration,NO,Norway,5.971415024050874,2.0597516430305314,7.021929824561403,0.9172744756011841,qwen
imbgeco,immigration,PL,Poland,5.516269816646318,2.4460787671796043,6.891081871345029,1.1982390687621813,qwen
imbgeco,immigration,PT,Portugal,6.145828753645978,2.2198235960337978,6.553284671532847,1.5322102625706053,qwen
imbgeco,immigration,RS,Serbia,4.6659923199193525,3.0616903539340887,6.78978102189781,1.2320218650474897,qwen
imbgeco,immigration,SE,Sweden,5.945250039445946,2.0805169005604247,7.052554744525548,0.9529179787708578,qwen
imbgeco,immigration,SI,Slovenia,5.501060923277956,2.54407463650426,6.808029197080292,1.2121496536203833,qwen
imbgeco,immigration,SK,Slovakia,3.94990465806269,2.7485725170956266,6.705109489051095,1.4095186628071437,qwen
imbgeco,immigration,UA,Ukraine,6.176947417577988,2.81877924059916,6.488321167883211,1.6208196654558642,qwen
imsmetn,immigration,AT,Austria,1.9848903594679843,0.802259529957706,2.9474452554744524,0.42938148974824414,qwen
imsmetn,immigration,BE,Belgium,1.9048137548184112,0.7044253089373982,2.9562043795620436,0.4502860224652493,qwen
imsmetn,immigration,BG,Bulgaria,2.2584295318744276,1.0266249994343912,2.9503649635036497,0.4780448863763028,qwen
imsmetn,immigration,CH,Switzerland,1.8323559975393269,0.6536016814694029,2.9510233918128654,0.49685582960354446,qwen
imsmetn,immigration,CY,Cyprus,2.3744432028480555,0.8830584763563025,2.896350364963504,0.5844486529560301,qwen
imsmetn,immigration,DE,Germany,1.762261807972097,0.6899154737487135,2.921167883211679,0.46475653201942546,qwen
imsmetn,immigration,EE,Estonia,2.0564161789601294,0.713834294629291,2.9678832116788323,0.42456277932952297,qwen
imsmetn,immigration,ES,Spain,1.8990792529080591,0.817962435672302,2.910948905109489,0.509511696075887,qwen
imsmetn,immigration,FI,Finland,1.945990096143163,0.6764863006766781,2.983941605839416,0.4601413424858377,qwen
imsmetn,immigration,FR,France,1.9617420516802728,0.7071034326966054,2.973722627737226,0.4249647513749976,qwen
imsmetn,immigration,GB,United Kingdom,1.8744748593233793,0.7748312328624263,2.8715328467153283,0.5280091851259888,qwen
imsmetn,immigration,GR,Greece,2.0069010704420394,0.9318933493678764,2.9386861313868615,0.4178488798958152,qwen
imsmetn,immigration,HR,Croatia,2.007848082038974,0.9097033377657038,2.9036496350364964,0.509616407617414,qwen
imsmetn,immigration,HU,Hungary,2.8666734173836588,0.8804998783990738,2.937226277372263,0.5246841571894145,qwen
imsmetn,immigration,IE,Ireland,2.0050826600753324,0.846812763013551,2.921167883211679,0.5211086159432395,qwen
imsmetn,immigration,IL,Israel,1.7927284968003243,1.1274068781525866,2.9766423357664236,0.37390439831894934,qwen
imsmetn,immigration,IS,Iceland,1.5944948628437006,0.6105481222791607,2.997080291970803,0.4325805887531206,qwen
imsmetn,immigration,IT,Italy,2.099682499728239,0.8415914705542806,2.934306569343066,0.48972452517328136,qwen
imsmetn,immigration,LT,Lithuania,1.9148544359816146,0.7838305143103949,2.9562043795620436,0.4337483360044616,qwen
imsmetn,immigration,LV,Latvia,1.861880713866723,0.9756875974062875,2.9547445255474454,0.4485145728560944,qwen
imsmetn,immigration,ME,Montenegro,2.1930207464010523,0.8437025464438357,2.913868613138686,0.529700136090452,qwen
imsmetn,immigration,NL,Netherlands,2.09184325558409,0.6975747306932476,2.948905109489051,0.46706073404507087,qwen
imsmetn,immigration,NO,Norway,1.6704486013714808,0.61393824957152,2.959124087591241,0.38399156768533677,qwen
imsmetn,immigration,PL,Poland,2.2737578360377912,0.7748541968957734,2.9562043795620436,0.48166094725381914,qwen
imsmetn,immigration,PT,Portugal,2.407053493784501,0.7853713456635332,2.8934306569343065,0.5003221739177159,qwen
imsmetn,immigration,RS,Serbia,1.8383213518091834,0.9222608093941408,2.9167883211678833,0.48100913400673423,qwen
imsmetn,immigration,SE,Sweden,1.7306353858655772,0.6354810763112095,2.9912408759124087,0.43250163988377616,qwen
imsmetn,immigration,SI,Slovenia,1.874171812683402,0.7460745822384444,2.9153284671532846,0.5116894547398306,qwen
imsmetn,immigration,SK,Slovakia,2.668491306572592,0.8979077213435557,2.910948905109489,0.5066341794924024,qwen
imsmetn,immigration,UA,Ukraine,1.6070585920919498,0.8563087408079539,2.8014598540145985,0.6009234367385051,qwen
impcntr,immigration,AT,Austria,2.624895307919512,0.9325443380468,2.665693430656934,0.8060841339612336,qwen
impcntr,immigration,BE,Belgium,2.1057834615457693,0.8236762083891918,2.745985401459854,0.7232575955316151,qwen
impcntr,immigration,BG,Bulgaria,2.802638021347716,0.9885390707940974,2.691970802919708,0.7628105152573735,qwen
impcntr,immigration,CH,Switzerland,2.1668625229304874,0.7680681584421224,2.7445255474452557,0.7217303472601906,qwen
impcntr,immigration,CY,Cyprus,3.01573825997671,0.7437966965961555,2.626277372262774,0.8362466682765386,qwen
impcntr,immigration,DE,Germany,2.172601577227967,0.8087067600829588,2.7445255474452557,0.7257703819891588,qwen
impcntr,immigration,EE,Estonia,2.753210304141824,0.8685915970027777,2.797080291970803,0.7017044418134556,qwen
impcntr,immigration,ES,Spain,2.0156059548711043,0.8778687415693935,2.6934306569343067,0.8268346939062744,qwen
impcntr,immigration,FI,Finland,2.4102001234500756,0.8058288145550183,2.810948905109489,0.7352525555786329,qwen
impcntr,immigration,FR,France,2.232715812578728,0.8225389980837455,2.7145985401459853,0.782160389654235,qwen
impcntr,immigration,GB,United Kingdom,2.0219395846800894,0.848430285355126,2.6306569343065695,0.7924683884886171,qwen
impcntr,immigration,GR,Greece,3.040483689666175,0.7907982393692867,2.7248175182481753,0.7228295826407601,qwen
impcntr,immigration,HR,Croatia,2.3126614395024476,0.9299349153544375,2.627737226277372,0.8111728862066685,qwen
impcntr,immigration,HU,Hungary,3.2467126616393696,0.7895514146457082,2.6394160583941604,0.8341537771962415,qwen
impcntr,immigration,IE,Ireland,2.1726471210594567,0.8902763127314905,2.6744525547445255,0.7689163405432535,qwen
impcntr,immigration,IL,Israel,3.170063969761885,0.8960326441496079,2.795620437956204,0.724858184671852,qwen
impcntr,immigration,IS,Iceland,1.8270792549310613,0.7537421933977912,2.8248175182481754,0.6828925645102768,qwen
impcntr,immigration,IT,Italy,2.259939683854844,0.8845466728919402,2.643795620437956,0.7827509326059032,qwen
impcntr,immigration,LT,Lithuania,2.432967734905435,0.9073005874422578,2.7489051094890513,0.722256534215195,qwen
impcntr,immigration,LV,Latvia,2.704574812297274,1.01408941043032,2.6875912408759124,0.7484335742922307,qwen
impcntr,immigration,ME,Montenegro,2.3313039240519635,0.8445580009466589,2.754744525547445,0.7262789488467699,qwen
impcntr,immigration,NL,Netherlands,2.3225956942431747,0.8131809005001652,2.783941605839416,0.6861445784599985,qwen
impcntr,immigration,NO,Norway,1.830581823036069,0.6959909901689839,2.8233576642335767,0.6878501525881845,qwen
impcntr,immigration,PL,Poland,2.5409953996613295,0.7673873645334611,2.721167883211679,0.7852282657777677,qwen
impcntr,immigration,PT,Portugal,2.4760723365670385,0.8107473607252478,2.510948905109489,0.8661670989433436,qwen
impcntr,immigration,RS,Serbia,2.5251294720870754,1.0817646195376982,2.721167883211679,0.7431392493982831,qwen
impcntr,immigration,SE,Sweden,1.8384383959626223,0.7041014027599896,2.8131386861313867,0.7051209425364804,qwen
impcntr,immigration,SI,Slovenia,2.1997549182309015,0.8258467324868838,2.667153284671533,0.8039658179369187,qwen
impcntr,immigration,SK,Slovakia,2.8906624441759146,0.852134052987886,2.602919708029197,0.8463839151637202,qwen
impcntr,immigration,UA,Ukraine,2.328579534630941,1.0934683992270489,2.5313868613138686,0.8025682300354345,qwen
imdfetn,immigration,AT,Austria,2.4517622019493235,0.8802061273251262,2.802919708029197,0.633372760296253,qwen
imdfetn,immigration,BE,Belgium,2.0919372892883823,0.8073378444642432,2.8642335766423357,0.582861617075987,qwen
imdfetn,immigration,BG,Bulgaria,2.7328627261284333,0.987963184314789,2.8613138686131387,0.5846786710822377,qwen
imdfetn,immigration,CH,Switzerland,2.1007438940066754,0.7119868597103385,2.8510948905109488,0.5418342235203943,qwen
imdfetn,immigration,CY,Cyprus,2.880309130017844,0.7480132622807513,2.7124087591240875,0.7669569678713666,qwen
imdfetn,immigration,DE,Germany,2.1155225248243354,0.7415870792779439,2.897810218978102,0.5578345707958158,qwen
imdfetn,immigration,EE,Estonia,2.482137790581076,0.8231709958675449,2.9182481751824816,0.5426568517828462,qwen
imdfetn,immigration,ES,Spain,2.020768220216837,0.871571042977701,2.8145985401459854,0.6229692324808254,qwen
imdfetn,immigration,FI,Finland,2.3173999200612294,0.7958721225569396,2.9255474452554746,0.5342138013361826,qwen
imdfetn,immigration,FR,France,2.1846977597098185,0.8005322694530923,2.848175182481752,0.6191512524091335,qwen
imdfetn,immigration,GB,United Kingdom,1.9310717703886444,0.7847687411676028,2.807299270072993,0.6124482358477601,qwen
imdfetn,immigration,GR,Greece,2.8650876952628623,0.8124512890397037,2.875912408759124,0.527673580465458,qwen
imdfetn,immigration,HR,Croatia,2.319903488882591,0.9429217058981054,2.7605839416058395,0.6869031342362781,qwen
imdfetn,immigration,HU,Hungary,3.2389901160797776,0.768225077208008,2.816058394160584,0.6361701904404354,qwen
imdfetn,immigration,IE,Ireland,2.1791032143283253,0.8894551469869207,2.802919708029197,0.662701101094398,qwen
imdfetn,immigration,IL,Israel,2.928104329006959,0.988690987686415,2.8817518248175182,0.5506799330023124,qwen
imdfetn,immigration,IS,Iceland,1.8098389980877778,0.7528171498365184,2.897810218978102,0.5707883070069741,qwen
imdfetn,immigration,IT,Italy,2.343602730831374,0.8587056770844878,2.769343065693431,0.6277643013892833,qwen
imdfetn,immigration,LT,Lithuania,2.3379386305133734,0.8970813904785923,2.8306569343065693,0.6263654142222913,qwen
imdfetn,immigration,LV,Latvia,2.4385633393195496,1.0373280123666098,2.8306569343065693,0.5778010903157936,qwen
imdfetn,immigration,ME,Montenegro,2.284846733970834,0.8193283772273464,2.818978102189781,0.6813656787043769,qwen
imdfetn,immigration,NL,Netherlands,2.166043221464122,0.7310213203390152,2.934306569343066,0.5187194585111178,qwen
imdfetn,immigration,NO,Norway,1.7362368862212043,0.6723635799431303,2.927007299270073,0.5519110405946491,qwen
imdfetn,immigration,PL,Poland,2.660975103502025,0.8066234522048692,2.8510948905109488,0.6079537133621392,qwen
imdfetn,immigration,PT,Portugal,2.525527473334346,0.8079625437610874,2.675912408759124,0.7153829330187921,qwen
imdfetn,immigration,RS,Serbia,2.3673391689506214,1.0400754281561135,2.7854014598540147,0.65722927030113,qwen
imdfetn,immigration,SE,Sweden,1.7725604395730519,0.6786479470000785,2.9051094890510947,0.5809249994222024,qwen
imdfetn,immigration,SI,Slovenia,2.202717709087987,0.809141524736039,2.7912408759124085,0.6479245376692038,qwen
imdfetn,immigration,SK,Slovakia,2.955207288230443,0.8221506042981189,2.7445255474452557,0.6778577914167436,qwen
imdfetn,immigration,UA,Ukraine,2.139831627748936,1.0299020627035194,2.6832116788321168,0.7196662383356938,qwen
gincdif,values,AT,Austria,1.8357850585925592,0.8482865431523864,3.4401459854014598,0.5843299574084332,qwen
gincdif,values,BE,Belgium,2.1720802640896064,0.9949910736596599,3.5014598540145987,0.6352217232119267,qwen
gincdif,values,BG,Bulgaria,1.5765544452850997,0.8410492045798288,3.4788321167883214,0.5553343991447285,qwen
gincdif,values,CH,Switzerland,2.2268630321551566,1.0099093629053904,3.5309489051094887,0.5943002706654109,qwen
gincdif,values,CY,Cyprus,1.9201601100983492,0.9436877140159126,3.4251094890510947,0.639407754102433,qwen
gincdif,values,DE,Germany,2.245756485033962,0.9697362603064524,3.489051094890511,0.6083818572472396,qwen
gincdif,values,EE,Estonia,2.4714217506623983,0.9958313547948203,3.514890510948905,0.5949201587646558,qwen
gincdif,values,ES,Spain,2.2390640373900483,1.0350336504377626,3.4437956204379563,0.6154517802723789,qwen
gincdif,values,FI,Finland,2.2839959243441132,1.0050396138626976,3.536642335766423,0.5633938996978566,qwen
gincdif,values,FR,France,2.1055804270824057,1.0722848192788625,3.5072992700729926,0.5798309690799076,qwen
gincdif,values,GB,United Kingdom,2.1757216244786504,0.9963492209249417,3.401751824817518,0.5630923103851978,qwen
gincdif,values,GR,Greece,1.7002968943187178,0.798982811770745,3.491970802919708,0.5712480430002927,qwen
gincdif,values,HR,Croatia,1.9352503863717316,0.9033262886377711,3.4485401459854015,0.574492580769872,qwen
gincdif,values,HU,Hungary,1.8453483315603791,0.9304015630107489,3.472992700729927,0.5680972202898273,qwen
gincdif,values,IE,Ireland,2.0458435789120073,0.9407137721299345,3.385693430656934,0.6404263423922224,qwen
gincdif,values,IL,Israel,2.254488633535265,1.0402877437796958,3.527007299270073,0.5732210785703915,qwen
gincdif,values,IS,Iceland,2.1414361386261214,0.9982674413562134,3.4805839416058393,0.6360649384159622,qwen
gincdif,values,IT,Italy,1.8017486793566568,0.8447168535948194,3.448175182481752,0.6229178404355569,qwen
gincdif,values,LT,Lithuania,2.121179547383133,0.9805559841016092,3.462773722627737,0.5411444580282505,qwen
gincdif,values,LV,Latvia,1.9796661004482587,0.944902861842144,3.411678832116788,0.5644261295906807,qwen
gincdif,values,ME,Montenegro,2.293288828528572,1.0921740290493038,3.4255474452554746,0.5950612034324302,qwen
gincdif,values,NL,Netherlands,2.3307843275086677,1.0063788590941443,3.5246715328467153,0.5915005339961039,qwen
gincdif,values,NO,Norway,2.2834812388590824,0.9777834109203098,3.5423357664233577,0.5751585883180123,qwen
gincdif,values,PL,Poland,2.5549544515394365,1.0972876335817574,3.535036496350365,0.5556187269330478,qwen
gincdif,values,PT,Portugal,1.739313170854453,0.7659278870837078,3.3605839416058396,0.6093037998420696,qwen
gincdif,values,RS,Serbia,1.9827876444054082,0.9714746764454562,3.42014598540146,0.6070034555349534,qwen
gincdif,values,SE,Sweden,2.3279505976838246,0.9073903127600642,3.5491970802919703,0.5814028939880345,qwen
gincdif,values,SI,Slovenia,2.041077543530936,0.937292547544402,3.4364963503649637,0.5929502893782878,qwen
gincdif,values,SK,Slovakia,2.0097256652350133,0.8452932908204515,3.448175182481752,0.6062662778644282,qwen
gincdif,values,UA,Ukraine,2.089412928826519,1.080375501658059,3.317883211678832,0.5640204346192011,qwen
freehms,values,AT,Austria,1.8048403829960766,0.9115840436715983,3.75985401459854,0.8649662683155752,qwen
freehms,values,BE,Belgium,1.4898664420721157,0.869878861423761,3.7441605839416057,0.80156703463728,qwen
freehms,values,BG,Bulgaria,2.936348653180641,1.2945841023392308,3.807299270072993,0.850321149900026,qwen
freehms,values,CH,Switzerland,1.681711327728691,0.8015227077583311,3.8167883211678832,0.8335586838342992,qwen
freehms,values,CY,Cyprus,2.5601500385869453,1.130945762975391,3.7284671532846714,0.9124663660475678,qwen
freehms,values,DE,Germany,1.530034629573154,0.69406445606028,3.827485380116959,0.8095723749238396,qwen
freehms,values,EE,Estonia,2.28474033252233,1.0679866161702931,3.911678832116788,0.823100834904015,qwen
freehms,values,ES,Spain,1.5241104285026639,0.783908853768037,3.764963503649635,0.8264267514829454,qwen
freehms,values,FI,Finland,1.6470933615759245,0.8292731727594597,3.874817518248175,0.8696709922610858,qwen
freehms,values,FR,France,1.4007917808708183,0.7859407229370496,3.8674452554744523,0.804777428456127,qwen
freehms,values,GB,United Kingdom,1.5388997373585795,0.7322417028973582,3.783941605839416,0.8111281560111359,qwen
freehms,values,GR,Greece,2.17310224200268,1.1699956257615467,3.81021897810219,0.874700004674355,qwen
freehms,values,HR,Croatia,2.565495668237443,1.1255267816775996,3.8084795321637426,0.8741536954841661,qwen
freehms,values,HU,Hungary,2.690709609447177,1.2543735068448747,3.7854014598540147,0.9298918494923223,qwen
freehms,values,IE,Ireland,1.555016083388427,0.7829197773686,3.7255474452554744,0.8888547396009957,qwen
freehms,values,IL,Israel,2.7719260476232255,1.4744816242172984,3.932650073206442,0.9084984093416936,qwen
freehms,values,IS,Iceland,1.3194521636061314,0.7057087260493001,3.858102189781022,0.8346897144247932,qwen
freehms,values,IT,Italy,2.092037298307339,1.0159876456686558,3.6978102189781024,0.8938113372633881,qwen
freehms,values,LT,Lithuania,3.0050030857827386,1.141480316899656,3.8233576642335767,0.8614776145488664,qwen
freehms,values,LV,Latvia,2.468777846308473,1.2558480344950962,3.7722627737226277,0.8398630080968492,qwen
freehms,values,ME,Montenegro,3.3321808808026123,1.2184330113663548,3.7062043795620436,0.921784859166703,qwen
freehms,values,NL,Netherlands,1.445133996683743,0.7036742854321734,3.858394160583942,0.8907945674336818,qwen
freehms,values,NO,Norway,1.4441179088078822,0.6852131508943449,3.8445255474452553,0.8469863766475176,qwen
freehms,values,PL,Poland,2.3225344510924515,1.0934718813624278,3.8773722627737226,0.922191698805883,qwen
freehms,values,PT,Portugal,1.8773637836038686,0.9176823894987853,3.6578947368421053,0.9102855957976166,qwen
freehms,values,RS,Serbia,3.1265715118957917,1.3386531295813646,3.7087591240875915,0.865305480703147,qwen
freehms,values,SE,Sweden,1.425785553832825,0.698236634958843,3.8501461988304095,0.8499332377364994,qwen
freehms,values,SI,Slovenia,2.3629947482756473,1.0407782454388308,3.859124087591241,0.832153089172614,qwen
freehms,values,SK,Slovakia,2.6065690910874335,1.1808278344003713,3.754385964912281,0.8848297204106043,qwen
freehms,values,UA,Ukraine,2.9931284831475167,1.381845135679538,3.626277372262774,0.906705855141275,qwen
hmsfmlsh,values,AT,Austria,4.147308028861745,1.1220901785126633,2.9635036496350367,0.48978989295518,qwen
hmsfmlsh,values,BE,Belgium,4.405791777554618,1.087304254204888,2.9664233576642336,0.4086558647907685,qwen
hmsfmlsh,values,BG,Bulgaria,2.815351952556245,1.3390006883319725,2.973722627737226,0.40015897297687025,qwen
hmsfmlsh,values,CH,Switzerland,4.338163551741064,0.9071354553573259,2.9562043795620436,0.46623747711709174,qwen
hmsfmlsh,values,CY,Cyprus,3.223456992817589,1.1377698274401407,2.997080291970803,0.3785053720136472,qwen
hmsfmlsh,values,DE,Germany,4.476295645274503,0.8271109613357113,2.978102189781022,0.4130041361083038,qwen
hmsfmlsh,values,EE,Estonia,3.6581727531774,1.2219923136330886,2.9532846715328467,0.4434466111200055,qwen
hmsfmlsh,values,ES,Spain,4.564413348405986,0.8773885200685794,2.9547445255474454,0.4979447236343397,qwen
hmsfmlsh,values,FI,Finland,4.466912225808951,0.8301666166291634,2.9854014598540144,0.39709105743217454,qwen
hmsfmlsh,values,FR,France,4.607616902636518,0.8956009678608612,2.9576642335766423,0.4584685012389068,qwen
hmsfmlsh,values,GB,United Kingdom,4.421650390697318,0.9237562317333435,2.9635036496350367,0.4715403265807962,qwen
hmsfmlsh,values,GR,Greece,3.409401943597352,1.3401954676674963,2.9445255474452554,0.4424347356683311,qwen
hmsfmlsh,values,HR,Croatia,3.2644572705160075,1.2071891711249758,2.9532846715328467,0.47527325087331473,qwen
hmsfmlsh,values,HU,Hungary,3.293985811219156,1.3048496503964033,2.9708029197080292,0.46108196299535514,qwen
hmsfmlsh,values,IE,Ireland,4.363610254415526,1.0362110130763555,2.9810218978102188,0.4694672927835006,qwen
hmsfmlsh,values,IL,Israel,3.092598797312127,1.4837062096008957,2.9167883211678833,0.4718027735964966,qwen
hmsfmlsh,values,IS,Iceland,4.749361652255945,0.6745042977261939,2.9708029197080292,0.4143198089459761,qwen
hmsfmlsh,values,IT,Italy,3.8375576432386036,1.060070225951727,2.9941605839416057,0.389887977493293,qwen
hmsfmlsh,values,LT,Lithuania,3.0973628167924105,1.1617294783378334,2.9708029197080292,0.40359506223499403,qwen
hmsfmlsh,values,LV,Latvia,3.084096141517945,1.3840300717145457,2.9824817518248175,0.41497865269885514,qwen
hmsfmlsh,values,ME,Montenegro,2.9981544280044723,1.1686757899030416,2.945985401459854,0.4729549078039162,qwen
hmsfmlsh,values,NL,Netherlands,4.526722688061487,0.9001308315486732,2.9824817518248175,0.4219659173584181,qwen
hmsfmlsh,values,NO,Norway,4.562125366986062,0.781905796814241,2.9956204379562044,0.36870815515153244,qwen
hmsfmlsh,values,PL,Poland,3.766829360736546,1.209928337992963,2.975182481751825,0.4267689402330412,qwen
hmsfmlsh,values,PT,Portugal,3.960362500463685,1.14824218850779,2.9795620437956205,0.40413409818704266,qwen
hmsfmlsh,values,RS,Serbia,2.723069707108146,1.4182508498135005,2.959124087591241,0.4601923613376905,qwen
hmsfmlsh,values,SE,Sweden,4.587711797305787,0.7815274095803415,3.01021897810219,0.3605722935543872,qwen
hmsfmlsh,values,SI,Slovenia,3.725860891266949,1.1407292114608247,2.9810218978102188,0.46634275204540476,qwen
hmsfmlsh,values,SK,Slovakia,3.140008514024636,1.2251609120289109,2.9927007299270074,0.4063881409750996,qwen
hmsfmlsh,values,UA,Ukraine,2.4866616182198324,1.3712752707286429,2.9678832116788323,0.4795426528800024,qwen
hmsacld,values,AT,Austria,2.3283595156863424,1.28402390834034,3.1065693430656935,0.6680035257858203,qwen
hmsacld,values,BE,Belgium,1.8758176179656545,1.1706599407282337,3.192700729927007,0.7179440916854293,qwen
hmsacld,values,BG,Bulgaria,3.7089479531413008,1.2535944355507374,3.154744525547445,0.7700507694700142,qwen
hmsacld,values,CH,Switzerland,2.508597984239608,1.278082604057314,3.1094890510948905,0.6869590600941539,qwen
hmsacld,values,CY,Cyprus,3.716198939903026,1.2720113850934618,3.103649635036496,0.7643757494986678,qwen
hmsacld,values,DE,Germany,1.9107101931485644,1.0429038893935523,3.1489051094890512,0.6869839145695944,qwen
hmsacld,values,EE,Estonia,3.0847703715488484,1.3700731885725446,3.2759124087591243,0.7402905178347822,qwen
hmsacld,values,ES,Spain,1.735098497487845,1.0477927104779508,3.0817518248175184,0.7065088968724804,qwen
hmsacld,values,FI,Finland,2.13443652053681,1.1925924458743113,3.254385964912281,0.7456431206713336,qwen
hmsacld,values,FR,France,2.1379974437669227,1.3368024660251876,3.1985401459854015,0.7264816883365215,qwen
hmsacld,values,GB,United Kingdom,1.891252942041102,1.0373934649471324,3.0802919708029197,0.713880694249797,qwen
hmsacld,values,GR,Greece,3.864890146669234,1.2614793048487902,3.141605839416058,0.6789054589470273,qwen
hmsacld,values,HR,Croatia,3.5825735883876977,1.2332019349605594,3.1635036496350364,0.7211179503419494,qwen
hmsacld,values,HU,Hungary,3.3170250072457623,1.259370001644766,3.151824817518248,0.7819325091070168,qwen
hmsacld,values,IE,Ireland,1.9511084635234233,1.1206117655581447,3.0467153284671533,0.6993157782665359,qwen
hmsacld,values,IL,Israel,3.004916357312073,1.4805841885094917,3.235036496350365,0.8525496024803841,qwen
hmsacld,values,IS,Iceland,1.6136432116387014,1.1099785778643343,3.2222222222222223,0.7282444666824593,qwen
hmsacld,values,IT,Italy,3.189110426066679,1.2746065593696327,3.105109489051095,0.6801617850071373,qwen
hmsacld,values,LT,Lithuania,3.8929680058979232,1.0254374314810153,3.204379562043796,0.7105994312047139,qwen
hmsacld,values,LV,Latvia,3.691122363824701,1.3127537249694412,3.192700729927007,0.7138597660392704,qwen
hmsacld,values,ME,Montenegro,3.609247573779838,1.1522096115416658,3.0802919708029197,0.7056413672608939,qwen
hmsacld,values,NL,Netherlands,1.8122463900339445,1.0545263148827153,3.1985401459854015,0.7845348569272731,qwen
hmsacld,values,NO,Norway,1.8546935913036795,1.0651081892831464,3.194160583941606,0.7406104664828779,qwen
hmsacld,values,PL,Poland,3.690918841333205,1.3092616604835379,3.2,0.7469235147202861,qwen
hmsacld,values,PT,Portugal,2.532455748115913,1.2532817523691113,3.0452554744525546,0.7370689148391618,qwen
hmsacld,values,RS,Serbia,4.054340716461004,1.1343128680878303,3.0321167883211677,0.7544152984138763,qwen
hmsacld,values,SE,Sweden,1.7863564870804594,0.9946625844214346,3.2335766423357666,0.6973506015211617,qwen
hmsacld,values,SI,Slovenia,3.1789430084301267,1.300934490290156,3.154744525547445,0.7310941494757144,qwen
hmsacld,values,SK,Slovakia,3.803739725541597,1.1867565910602178,3.1197080291970805,0.6490928685907131,qwen
hmsacld,values,UA,Ukraine,3.6298902633912213,1.303423642630915,3.021897810218978,0.6290616943297181,qwen
euftf,values,AT,Austria,4.825502874722448,3.0342084393956115,6.579678362573099,1.240133847945281,qwen
euftf,values,BE,Belgium,5.765449320758711,2.416902944449942,6.636496350364964,1.1846900989157954,qwen
euftf,values,BG,Bulgaria,5.673726649526171,2.5693029420564284,6.6305555555555555,1.3491667559703842,qwen
euftf,values,CH,Switzerland,5.058785730554144,2.414685662231084,6.605109489051095,1.2929363407644923,qwen
euftf,values,CY,Cyprus,5.792117109114383,2.9949679655598245,6.364035087719298,1.5965075642998405,qwen
euftf,values,DE,Germany,6.214667663946268,2.6418240606486596,6.573722627737227,1.174178204156376,qwen
euftf,values,EE,Estonia,5.716786505267848,2.89821692560743,6.748905109489051,1.155214265100881,qwen
euftf,values,ES,Spain,6.219196303613679,2.3809300800724755,6.552554744525548,1.2845278270992118,qwen
euftf,values,FI,Finland,5.534029420072393,2.0625584465525115,6.706569343065693,1.3743794122955346,qwen
euftf,values,FR,France,5.208859418881203,2.7424846505392346,6.701897810218979,1.2371961395783595,qwen
euftf,values,GB,United Kingdom,5.343863392336422,2.4756337672732776,6.433576642335766,1.4274500519862718,qwen
euftf,values,GR,Greece,5.151211798556243,2.336877597222095,6.65985401459854,1.2400162618023596,qwen
euftf,values,HR,Croatia,5.322777832267683,2.7974378070924315,6.472992700729927,1.4869069730275228,qwen
euftf,values,HU,Hungary,4.477193257978707,2.800913282537003,6.45906432748538,1.5636115612422261,qwen
euftf,values,IE,Ireland,5.243559180491938,2.5821933775669614,6.413138686131387,1.4426572257778056,qwen
euftf,values,IL,Israel,4.852961097473329,2.491458730736414,6.7569343065693435,1.251770419955095,qwen
euftf,values,IS,Iceland,5.62716797734462,2.263634006374303,6.6401459854014595,1.2739208168732283,qwen
euftf,values,IT,Italy,4.73214741711083,2.715610563008266,6.4678362573099415,1.4161753277050877,qwen
euftf,values,LT,Lithuania,6.1896127724052565,2.778846660603036,6.69021897810219,1.332348576670634,qwen
euftf,values,LV,Latvia,4.827724410534694,2.6225231586716697,6.6671532846715325,1.3562239831795226,qwen
euftf,values,ME,Montenegro,6.083059795496807,2.4725380356147033,6.543795620437956,1.408612881726412,qwen
euftf,values,NL,Netherlands,5.575385357085336,2.301409214067249,6.641605839416059,1.2171197387461037,qwen
euftf,values,NO,Norway,5.097026537869741,2.078064846793545,6.695328467153285,1.1760929041298467,qwen
euftf,values,PL,Poland,5.6268710507039295,2.7656972811566396,6.661751824817519,1.3578975718043005,qwen
euftf,values,PT,Portugal,6.304979972798495,2.229811268835333,6.194890510948905,1.7136927556600217,qwen
euftf,values,RS,Serbia,4.8863689602539795,3.507210676588169,6.569343065693431,1.4544528343464909,qwen
euftf,values,SE,Sweden,5.135459709443543,2.0268768402526756,6.691240875912409,1.215727494554917,qwen
euftf,values,SI,Slovenia,5.628276825877404,2.5334816153476174,6.484671532846716,1.4552732561751862,qwen
euftf,values,SK,Slovakia,4.506864222072202,3.1069045221663543,6.451824817518248,1.4546809998661199,qwen
euftf,values,UA,Ukraine,6.357211111872502,3.37601453739195,6.08029197080292,1.853786997046288,qwen
atchctr,attachment,AT,Austria,8.143301566730617,1.963193689283061,7.259124087591241,1.0846857108420414,qwen
atchctr,attachment,BE,Belgium,6.4384596891130395,2.4364640132962894,7.371532846715328,1.010684796589393,qwen
atchctr,attachment,BG,Bulgaria,7.809716109099207,2.4319335045433403,7.385401459854014,0.9738946460356033,qwen
atchctr,attachment,CH,Switzerland,7.74467005313434,1.8717420285613302,7.376642335766423,0.9457710408208505,qwen
atchctr,attachment,CY,Cyprus,8.104507952397872,2.1998829115038263,7.24963503649635,1.2897551836912184,qwen
atchctr,attachment,DE,Germany,7.173427417552009,2.250203405654173,7.37956204379562,0.9626154283433783,qwen
atchctr,attachment,EE,Estonia,7.764812738799736,2.177116452813285,7.42992700729927,0.9975382684405936,qwen
atchctr,attachment,ES,Spain,7.6705586518274265,2.361073643641371,7.290510948905109,1.1372791998078655,qwen
atchctr,attachment,FI,Finland,8.532889956209539,1.721974346336809,7.458394160583942,0.9467273837526502,qwen
atchctr,attachment,FR,France,8.11408061265241,1.7557768826141311,7.41021897810219,1.0264972427656038,qwen
atchctr,attachment,GB,United Kingdom,6.446242122238281,2.686254482171474,7.2153284671532845,1.1862325807019656,qwen
atchctr,attachment,GR,Greece,8.881524692125504,1.5027453695254007,7.37007299270073,1.034447967276971,qwen
atchctr,attachment,HR,Croatia,7.805299599467808,2.3082126079291276,7.3321167883211675,1.0916974219967492,qwen
atchctr,attachment,HU,Hungary,8.192343443970984,1.9373680552289099,7.374452554744526,1.070062385258482,qwen
atchctr,attachment,IE,Ireland,7.940130153125142,1.9499742875864232,7.298540145985402,1.1433756194842413,qwen
atchctr,attachment,IL,Israel,7.589408771063847,2.976638904720854,7.404379562043796,0.9236075827066066,qwen
atchctr,attachment,IS,Iceland,7.798589150536426,1.9086261257204415,7.34014598540146,0.9802478990384962,qwen
atchctr,attachment,IT,Italy,7.8728001015022055,2.1457995087140276,7.271532846715329,1.1127877711199108,qwen
atchctr,attachment,LT,Lithuania,7.66776595743522,2.351043034499375,7.381751824817519,0.9706375623786254,qwen
atchctr,attachment,LV,Latvia,8.002254051978401,2.3460469517606706,7.351094890510949,1.1120102436211186,qwen
atchctr,attachment,ME,Montenegro,7.43172280951192,2.611198558009051,7.279239766081871,0.9946159633796395,qwen
atchctr,attachment,NL,Netherlands,6.91995596751002,1.9759069697496663,7.471532846715329,0.9549003273902074,qwen
atchctr,attachment,NO,Norway,8.356020732898022,1.7609468632769683,7.443795620437956,0.9339175265900194,qwen
atchctr,attachment,PL,Poland,8.381322284672837,2.067943260908936,7.372992700729927,1.077039996218996,qwen
atchctr,attachment,PT,Portugal,8.323597733262226,1.958016904353307,7.176642335766424,1.2420073578123576,qwen
atchctr,attachment,RS,Serbia,7.955240033272359,2.769081811317891,7.372992700729927,1.0333972567689156,qwen
atchctr,attachment,SE,Sweden,7.687499171975582,2.2106911613218845,7.4963503649635035,0.8969089836868296,qwen
atchctr,attachment,SI,Slovenia,7.822256846162968,2.2401440085016127,7.303649635036496,0.9921776480308653,qwen
atchctr,attachment,SK,Slovakia,7.3373376954344876,2.401305239829526,7.340875912408759,1.046894233315548,qwen
atchctr,attachment,UA,Ukraine,8.384846624537102,2.2335078090949296,7.118248175182481,1.2117974529491324,qwen
atcherp,attachment,AT,Austria,6.459312965022585,2.4740283129114413,6.486861313868613,1.5859312720745136,qwen
atcherp,attachment,BE,Belgium,5.737255057652594,2.4869016145939025,6.71970802919708,1.3076942464176404,qwen
atcherp,attachment,BG,Bulgaria,4.557503875500378,2.7733848582900498,6.643065693430657,1.552200645887402,qwen
atcherp,attachment,CH,Switzerland,6.089205374334021,2.29180426314845,6.827737226277372,1.1689657751536608,qwen
atcherp,attachment,CY,Cyprus,5.111489573318731,2.6391498452836135,6.3459854014598545,1.7815663733009302,qwen
atcherp,attachment,DE,Germany,6.372853835697904,2.5349371781994114,6.778102189781022,1.2979243060216819,qwen
atcherp,attachment,EE,Estonia,5.66938285217246,2.650948355524505,6.824087591240876,1.2793641939864384,qwen
atcherp,attachment,ES,Spain,6.66848211243954,2.265122140456476,6.524087591240876,1.4906396811380087,qwen
atcherp,attachment,FI,Finland,6.847523322270992,1.9594314130921375,6.809210526315789,1.2989194595311793,qwen
atcherp,attachment,FR,France,6.118343031458958,2.506014263379807,6.732116788321168,1.3717563711884495,qwen
atcherp,attachment,GB,United Kingdom,4.782086100508302,2.709499960031744,6.597810218978102,1.4667098853921712,qwen
atcherp,attachment,GR,Greece,5.377431957724561,2.396499458360454,6.675182481751825,1.369027754103447,qwen
atcherp,attachment,HR,Croatia,6.017784696959767,2.7024896573637998,6.546715328467153,1.5318285472217208,qwen
atcherp,attachment,HU,Hungary,7.386025960497832,2.308692837898404,6.454014598540146,1.6333518884794656,qwen
atcherp,attachment,IE,Ireland,5.9434348180023875,2.383310584470113,6.5077372262773725,1.4840029006749258,qwen
atcherp,attachment,IL,Israel,2.430308978588516,2.3683137968434713,6.708029197080292,1.3607949599858506,qwen
atcherp,attachment,IS,Iceland,6.068364672873836,2.2551332756453117,6.746715328467153,1.2488621192190315,qwen
atcherp,attachment,IT,Italy,5.7209684284249445,2.308495754114149,6.624269005847953,1.4398313786618875,qwen
atcherp,attachment,LT,Lithuania,5.910696311492451,2.677545132751692,6.767153284671533,1.3818534405456395,qwen
atcherp,attachment,LV,Latvia,5.3753155336116425,2.768291889432703,6.610948905109489,1.5735235738443751,qwen
atcherp,attachment,ME,Montenegro,4.7930529170902565,2.497743690399417,6.658625730994152,1.4945185880199816,qwen
atcherp,attachment,NL,Netherlands,5.724042520406502,2.175500955768772,6.775620437956205,1.3234849339308374,qwen
atcherp,attachment,NO,Norway,6.528823298702699,2.258380187969604,6.856204379562044,1.1979430051334006,qwen
atcherp,attachment,PL,Poland,6.852986064225321,2.392893967990444,6.759124087591241,1.4341060108545782,qwen
atcherp,attachment,PT,Portugal,6.708304466826482,2.185217417074786,6.274452554744525,1.7467191131924604,qwen
atcherp,attachment,RS,Serbia,3.5381177753021533,3.0939519700451057,6.675912408759124,1.4357856188142264,qwen
atcherp,attachment,SE,Sweden,6.492313928148823,2.2401736423879495,6.794160583941606,1.2594535169308947,qwen
atcherp,attachment,SI,Slovenia,5.98720295951601,2.6551961227910086,6.69051094890511,1.44306585644416,qwen
atcherp,attachment,SK,Slovakia,6.0905108649622255,2.750945268381491,6.47956204379562,1.6196047946813694,qwen
atcherp,attachment,UA,Ukraine,5.628034619503941,3.1507378764613088,6.301459854014599,1.657650410446776,qwen
health,health,AT,Austria,1.9141356256686646,0.9232104251785521,3.251167883211679,0.4994866746453708,qwen
health,health,BE,Belgium,2.114847504252695,0.8827077394660321,3.363138686131387,0.6222503865836762,qwen
health,health,BG,Bulgaria,2.0014969415203407,0.89154254997927,3.2796350364963507,0.6180146584579486,qwen
health,health,CH,Switzerland,1.8562260693555466,0.7370794966101829,3.310958816076417,0.574055055322525,qwen
health,health,CY,Cyprus,1.9838909971504628,0.972816685203613,3.2675263584752634,0.5797392137861511,qwen
health,health,DE,Germany,2.3404064086681218,0.9204941688404913,3.3256204379562044,0.630386567229254,qwen
health,health,EE,Estonia,2.384538456606737,0.8140440645423924,3.3851824817518246,0.6252392550123926,qwen
health,health,ES,Spain,2.2450335664243757,0.9550380949578365,3.264014598540146,0.5655373936763335,qwen
health,health,FI,Finland,2.242125842698102,0.832107114210838,3.3375912408759123,0.7019964486792318,qwen
health,health,FR,France,2.1955373529269524,0.917509906548585,3.3333576642335765,0.6621064177600008,qwen
health,health,GB,United Kingdom,2.1475728850864075,0.9299975852006594,3.3216788321167883,0.5508507101634007,qwen
health,health,GR,Greece,1.6507620037517867,0.7968449482650742,3.304316480634405,0.617913252484817,qwen
health,health,HR,Croatia,2.1587218174065788,1.0763146128824166,3.276861313868613,0.5618158631361087,qwen
health,health,HU,Hungary,2.1453850505528766,0.968639011634433,3.267007299270073,0.606174811414518,qwen
health,health,IE,Ireland,1.7979717869331635,0.7767376972115357,3.315620437956204,0.5530852610714082,qwen
health,health,IL,Israel,1.805679135155322,1.0235947764484168,3.368905109489051,0.6611699700430446,qwen
health,health,IS,Iceland,2.0520469187203223,0.933014525178925,3.3715328467153283,0.6041400665783118,qwen
health,health,IT,Italy,2.208019228294266,0.8613077531480793,3.288653001464129,0.5570457274455286,qwen
health,health,LT,Lithuania,2.3620473814182037,0.8127189824484872,3.332189781021898,0.6029929195326682,qwen
health,health,LV,Latvia,2.651565011670587,0.829205302339946,3.2740145985401456,0.5902688700650387,qwen
health,health,ME,Montenegro,2.0184010632287226,0.8525585211091011,3.2814787701317716,0.6158800374989334,qwen
health,health,NL,Netherlands,2.136731618071862,0.7366112674677908,3.362043795620438,0.6300853217612853,qwen
health,health,NO,Norway,2.065780416217236,0.9372793967065801,3.3802919708029195,0.6092656177653498,qwen
health,health,PL,Poland,2.234161722961197,0.8088475011682066,3.3308759124087595,0.6086000069815043,qwen
health,health,PT,Portugal,2.392226647275271,0.8990897224501815,3.2326277372262773,0.5189723173624831,qwen
health,health,RS,Serbia,2.3095017135503286,1.0226643886584024,3.3010218978102186,0.5617749188610197,qwen
health,health,SE,Sweden,2.049525199592529,0.8356555728872694,3.4330738037307382,0.6371740307667962,qwen
health,health,SI,Slovenia,2.1846749396506233,0.8942901128662777,3.28970802919708,0.6095546999017232,qwen
health,health,SK,Slovakia,2.2348633159025577,0.8945051260799347,3.291532846715328,0.5505856670586269,qwen
health,health,UA,Ukraine,2.673107019642948,0.8603051181585082,3.209197080291971,0.5629548951972534,qwen
rlgatnd,religion,AT,Austria,5.479338666840443,1.3400087072150901,3.0978102189781023,0.5779155871914269,qwen
rlgatnd,religion,BE,Belgium,6.116130995693989,1.3653135699401429,3.156204379562044,0.6024876929500137,qwen
rlgatnd,religion,BG,Bulgaria,5.327140858928711,1.2396764000564964,3.064233576642336,0.6502065828126852,qwen
rlgatnd,religion,CH,Switzerland,5.734269035247372,1.3171909253730611,3.162043795620438,0.5447961401629506,qwen
rlgatnd,religion,CY,Cyprus,4.353221003891415,1.3570157202418038,3.0846715328467154,0.6178261398060282,qwen
rlgatnd,religion,DE,Germany,6.072509764828908,1.2470883860930286,3.141605839416058,0.6060902331551675,qwen
rlgatnd,religion,EE,Estonia,6.052758649598297,1.0707400981460191,3.1883211678832115,0.5252492715703505,qwen
rlgatnd,religion,ES,Spain,5.881227715894526,1.5065486967625719,3.145985401459854,0.6110596919736991,qwen
rlgatnd,religion,FI,Finland,5.850632443390991,1.165045751022802,3.1591240875912407,0.5919235598129455,qwen
rlgatnd,religion,FR,France,6.127880470150239,1.2904666557657698,3.1766423357664233,0.5768768978062879,qwen
rlgatnd,religion,GB,United Kingdom,5.845746367740842,1.583302523856709,3.0963503649635036,0.6728234085205637,qwen
rlgatnd,religion,GR,Greece,4.563632269248038,1.173277911508533,3.075912408759124,0.6046270837840568,qwen
rlgatnd,religion,HR,Croatia,4.986787808266148,1.4499214808058578,3.0605839416058394,0.6395079504960036,qwen
rlgatnd,religion,HU,Hungary,5.677079152143987,1.4075077348572846,3.0613138686131385,0.6062838795238896,qwen
rlgatnd,religion,IE,Ireland,5.103841421421447,1.5704984412755174,3.086131386861314,0.6140630767636325,qwen
rlgatnd,religion,IL,Israel,5.142386564860492,1.9814960341303947,3.100729927007299,0.6511905819573601,qwen
rlgatnd,religion,IS,Iceland,6.145479970306821,1.1653814568349314,3.2,0.5743035446551839,qwen
rlgatnd,religion,IT,Italy,4.662641162701375,1.628398840444458,3.100729927007299,0.5997680290327657,qwen
rlgatnd,religion,LT,Lithuania,5.138376199062481,1.1990503855709085,3.0824817518248175,0.6195992161296733,qwen
rlgatnd,religion,LV,Latvia,5.814837262072342,1.2054114115367247,3.102189781021898,0.6199022693777064,qwen
rlgatnd,religion,ME,Montenegro,4.338197625667527,1.6547586813358335,3.1065693430656935,0.5814134294625153,qwen
rlgatnd,religion,NL,Netherlands,6.162729781781611,1.4696419827192204,3.1722627737226277,0.5348566413119061,qwen
rlgatnd,religion,NO,Norway,6.076685746987576,1.1874551439866414,3.1824817518248176,0.5647928008807754,qwen
rlgatnd,religion,PL,Poland,4.294966622278048,1.466940204585177,3.102189781021898,0.6007387208380472,qwen
rlgatnd,religion,PT,Portugal,5.25733500990477,1.682959356254799,3.0554744525547446,0.6350990745601764,qwen
rlgatnd,religion,RS,Serbia,5.063040211682718,1.1521434257006364,3.0817518248175184,0.6391490800323255,qwen
rlgatnd,religion,SE,Sweden,6.053227284345842,1.1352555567958624,3.164963503649635,0.5853463063637384,qwen
rlgatnd,religion,SI,Slovenia,5.421129340400725,1.3829041678849663,3.113868613138686,0.6318984763920872,qwen
rlgatnd,religion,SK,Slovakia,4.802303803279733,1.6272285940989588,3.0321167883211677,0.6458294348008359,qwen
rlgatnd,religion,UA,Ukraine,4.903262379016235,1.4965780611518245,3.0394160583941607,0.7646577096319932,qwen
aesfdrk,safety,AT,Austria,1.7451200858393296,0.7781357867038727,2.7094890510948906,0.5341938249765754,qwen
aesfdrk,safety,BE,Belgium,1.9608103558736638,0.7680524114258143,2.7846715328467155,0.46198948605617435,qwen
aesfdrk,safety,BG,Bulgaria,2.5147298946457233,0.8500712838204036,2.7532846715328465,0.4848661560796734,qwen
aesfdrk,safety,CH,Switzerland,1.6449212604938928,0.6840492099370598,2.8021897810218976,0.4507088558065365,qwen
aesfdrk,safety,CY,Cyprus,2.206599297143829,0.7915801586684562,2.6905109489051093,0.5591978397040298,qwen
aesfdrk,safety,DE,Germany,1.9377331019707613,0.7754115407227861,2.7992700729927007,0.4590697991185153,qwen
aesfdrk,safety,EE,Estonia,1.7614117223777974,0.6534452556480626,2.787883211678832,0.4571866527615983,qwen
aesfdrk,safety,ES,Spain,1.8616260813447065,0.7579753018268469,2.7481751824817517,0.501183130871082,qwen
aesfdrk,safety,FI,Finland,1.6502650058100996,0.6329304653417683,2.8131386861313867,0.45816464491397463,qwen
aesfdrk,safety,FR,France,1.9970340137772633,0.8798602580096239,2.75985401459854,0.5126270850869152,qwen
aesfdrk,safety,GB,United Kingdom,1.9204157097348173,0.7639990590412803,2.727007299270073,0.5157608995476473,qwen
aesfdrk,safety,GR,Greece,2.214238278814882,0.8221606948682242,2.7875912408759125,0.46334110423157365,qwen
aesfdrk,safety,HR,Croatia,1.607796724970234,0.6176597085881051,2.745985401459854,0.5004405367081319,qwen
aesfdrk,safety,HU,Hungary,1.88843413734752,0.5869997343161297,2.7525547445255474,0.5098561160367293,qwen
aesfdrk,safety,IE,Ireland,1.8840217477145313,0.7786320886168319,2.6934306569343067,0.5581931454749955,qwen
aesfdrk,safety,IL,Israel,2.003908804589909,0.8713027199520768,2.783941605839416,0.4896940172222502,qwen
aesfdrk,safety,IS,Iceland,1.4502312563915707,0.6582303359278844,2.811970802919708,0.44314439882572326,qwen
aesfdrk,safety,IT,Italy,2.2515240159291157,0.7870124590342552,2.7103801169590644,0.5217892142837808,qwen
aesfdrk,safety,LT,Lithuania,2.1023968977184855,0.6603483022587546,2.7992700729927007,0.447784727669512,qwen
aesfdrk,safety,LV,Latvia,2.0343555398162096,0.7569815019136503,2.72992700729927,0.510899471048931,qwen
aesfdrk,safety,ME,Montenegro,1.9127651028518395,0.6766689768568745,2.7518248175182483,0.4953146247117743,qwen
aesfdrk,safety,NL,Netherlands,1.8321046219530455,0.6716373504943086,2.772992700729927,0.48130300264594184,qwen
aesfdrk,safety,NO,Norway,1.4444036804392373,0.621264626266143,2.7875912408759125,0.49166224432659555,qwen
aesfdrk,safety,PL,Poland,1.7455882829221274,0.6103235977360933,2.7627737226277373,0.505381463718144,qwen
aesfdrk,safety,PT,Portugal,2.0040593848451977,0.6692397650858066,2.643795620437956,0.5607614541499117,qwen
aesfdrk,safety,RS,Serbia,1.7162551018890868,0.7411910287910501,2.7343065693430657,0.5110529716144521,qwen
aesfdrk,safety,SE,Sweden,1.7102098196296691,0.7724201277122971,2.821167883211679,0.43485405512585656,qwen
aesfdrk,safety,SI,Slovenia,1.5854336586751598,0.6011680445006672,2.7481751824817517,0.4953146247117743,qwen
aesfdrk,safety,SK,Slovakia,2.14238162067109,0.6523475023052114,2.7262773722627736,0.5255559675229012,qwen
aesfdrk,safety,UA,Ukraine,2.0477057283918545,0.8012970852475175,2.5423357664233577,0.6262674432603842,qwen
hincfel,income,AT,Austria,1.7885763610856038,0.7016947571657278,2.8335766423357662,0.47913747008879987,qwen
hincfel,income,BE,Belgium,1.86522641109487,0.8896511295112408,2.8875912408759126,0.42978392086793554,qwen
hincfel,income,BG,Bulgaria,2.5741661039618227,0.8640364971527,2.8408759124087593,0.4677548003956866,qwen
hincfel,income,CH,Switzerland,1.5683709540776045,0.7180125713220007,2.875912408759124,0.4161445057026457,qwen
hincfel,income,CY,Cyprus,2.079467994970561,0.8671987095784793,2.7722627737226277,0.5854884908811475,qwen
hincfel,income,DE,Germany,1.626667978914573,0.6834186975768242,2.858394160583942,0.46400278781528276,qwen
hincfel,income,EE,Estonia,1.9440503292166416,0.7082959549773526,2.8912408759124086,0.42774303179677126,qwen
hincfel,income,ES,Spain,1.85549258919365,0.8177486918848212,2.808759124087591,0.5269733801208148,qwen
hincfel,income,FI,Finland,1.8378014985173585,0.685850382143259,2.875912408759124,0.4466453168904646,qwen
hincfel,income,FR,France,1.7442598225119734,0.7357233858495562,2.8715328467153283,0.45674748054140324,qwen
hincfel,income,GB,United Kingdom,1.782693631351505,0.8396131057994066,2.8145985401459854,0.49182500364295434,qwen
hincfel,income,GR,Greece,2.4566459133957133,0.763509976228362,2.8291970802919706,0.45082130767461637,qwen
hincfel,income,HR,Croatia,1.8591769298216114,0.7951207513223731,2.8291970802919706,0.47297747061647777,qwen
hincfel,income,HU,Hungary,2.1792181814427543,0.7150166923772696,2.81021897810219,0.5177104159523005,qwen
hincfel,income,IE,Ireland,1.817426696357792,0.8275290655892819,2.7722627737226277,0.5520734344703164,qwen
hincfel,income,IL,Israel,1.992257796033195,0.909257685789422,2.805839416058394,0.5369077620367683,qwen
hincfel,income,IS,Iceland,1.5782702126796426,0.7523342908941502,2.9051094890510947,0.4097355387061661,qwen
hincfel,income,IT,Italy,1.9337770882399752,0.7686205038007697,2.848175182481752,0.46233930190385586,qwen
hincfel,income,LT,Lithuania,1.9270208834320273,0.6560368551061526,2.8518248175182483,0.49146251928577667,qwen
hincfel,income,LV,Latvia,2.441784891392683,0.7822267281510663,2.8262773722627736,0.48111561281428983,qwen
hincfel,income,ME,Montenegro,2.541803177342517,1.0498763840763221,2.845255474452555,0.48905727473448096,qwen
hincfel,income,NL,Netherlands,1.418800054685903,0.6486966976962052,2.910948905109489,0.3891208474692701,qwen
hincfel,income,NO,Norway,1.5104027324668359,0.6803905012376829,2.9007299270072995,0.4069024967559461,qwen
hincfel,income,PL,Poland,1.94692268620397,0.5536224979120611,2.8510948905109488,0.4472326847581248,qwen
hincfel,income,PT,Portugal,2.2961930159308017,0.8230599117177357,2.767883211678832,0.5542148846677891,qwen
hincfel,income,RS,Serbia,1.919298210772144,0.7621331198511583,2.8233576642335767,0.5124563558256596,qwen
hincfel,income,SE,Sweden,1.3799038798597794,0.6167472715921849,2.9197080291970803,0.37577199601752304,qwen
hincfel,income,SI,Slovenia,1.5381724922383904,0.7351340898757903,2.8306569343065693,0.4990578907628784,qwen
hincfel,income,SK,Slovakia,2.1619024707248014,0.8206651601987425,2.7664233576642334,0.585681660666233,qwen
hincfel,income,UA,Ukraine,2.8978141350157722,0.9025688044675382,2.4306569343065694,0.8056418424664232,qwen
