variable,domain,cntry,r_pearson,p_pearson,r_spearman,p_spearman,human_mean,silicon_mean,human_sd,silicon_sd,n_valid
ppltrst,social_trust,AT,0.027608480465899216,0.4802452968031045,0.04959528253663803,0.20457762797729992,5.885670731707317,6.665091463414634,2.158040284620012,1.3960744279641988,656
ppltrst,social_trust,BE,0.023764116386231673,0.5413129475191122,0.03655183310767525,0.3473697267181465,5.653092006033183,6.929260935143288,2.115334303744359,1.0796891251821454,663
ppltrst,social_trust,BG,0.06133413012381159,0.11544174083528883,0.09040379583432907,0.020186077635600038,3.7257575757575756,6.29469696969697,2.3865334512273644,1.3563940856626238,660
ppltrst,social_trust,CH,-0.0013822838152729954,0.97172552774725,0.02985913973735666,0.44378826286031925,5.85,7.205151515151514,2.1186898634488798,1.1347340538923432,660
ppltrst,social_trust,CY,0.05135469012796153,0.18794184807594969,0.014049626666820357,0.7188464221792894,4.034901365705615,6.93216995447648,2.4858863826164237,1.284025062111067,659
ppltrst,social_trust,DE,0.03373481745162918,0.38761557463014146,0.00782015702801238,0.8413081408083665,5.376899696048632,6.850455927051671,2.254887765764569,1.2143014247333375,658
ppltrst,social_trust,EE,0.037627896977799426,0.3333505978776059,0.040159744003427235,0.3018239257296779,5.711915535444947,7.185972850678732,1.984827595787598,1.0177870873385257,663
ppltrst,social_trust,ES,0.06085209810193997,0.11861467968337774,0.0610100022554881,0.11765985995889719,5.332321699544765,6.801365705614568,2.1502178965712058,1.2451295820462003,659
ppltrst,social_trust,FI,-0.03875037350781324,0.3205904734774972,-0.022542898975178142,0.5634846261692866,7.022761760242792,7.2298937784522,1.8062112412502533,1.1040964704478764,659
ppltrst,social_trust,FR,0.02989458163650262,0.44743850808203567,0.035232785377832934,0.37055904235688175,4.575617283950617,6.70108024691358,2.1354065136397895,1.350933756773,648
ppltrst,social_trust,GB,-0.01106733884962008,0.7778951888319361,-0.01472405285163054,0.707461791596394,5.443251533742331,6.76196319018405,2.3057066407687024,1.409042929487097,652
ppltrst,social_trust,GR,0.05583748555319895,0.15440423334278394,0.08803260031218998,0.02458242184740879,4.512269938650307,6.666564417177915,1.9260131455155267,1.2479113759781446,652
ppltrst,social_trust,HR,0.003994058197106647,0.9184890254450105,0.017955184362044813,0.6454519903799607,4.68133535660091,6.814719271623671,2.3703719665287677,1.1703967730996798,659
ppltrst,social_trust,HU,0.10709367349295898,0.0063169179835245864,0.08302588031286838,0.03445563280112928,4.500770416024653,6.529275808936826,2.496988808394402,1.3445384262549862,649
ppltrst,social_trust,IE,-0.03493134071293544,0.36917677817558825,-0.04213007608032036,0.27870533267440223,5.4434389140271495,7.088586726998492,2.4665829928339713,1.146758155416343,663
ppltrst,social_trust,IL,-0.020061897883707144,0.6093923474867202,0.009108580399359535,0.816568393155252,5.2196620583717355,6.891551459293394,2.3675980446444815,1.0912685159420337,651
ppltrst,social_trust,IS,-0.06934181497861552,0.07504489987636782,-0.042766859508029685,0.27258901848714173,6.569696969696969,7.32439393939394,2.060464589313483,1.0500937580625544,660
ppltrst,social_trust,IT,-0.03032983050137581,0.4404966016592928,-0.03940600753011317,0.3161789292034056,4.520801232665639,6.661941448382127,2.328026101630955,1.3405533417206925,649
ppltrst,social_trust,LT,-0.04505308262211709,0.25101409755385967,-0.03474903612998439,0.3760624045318141,5.110599078341014,6.811520737327189,2.399370707998068,1.1546318723832059,651
ppltrst,social_trust,LV,-0.007949851706302798,0.8409119531743231,-0.06341398809662681,0.10899243234773227,3.865625,6.6465625,2.5699734049274574,1.3247921486366085,640
ppltrst,social_trust,ME,0.09208640314052219,0.017707426514469497,0.09683301316499454,0.012613759481442811,4.251885369532428,7.1010558069381595,2.560133335158278,0.9971479426541938,663
ppltrst,social_trust,NL,-0.033789591943213355,0.38793368346758633,-0.0199714669987629,0.6099087575448213,6.258015267175573,7.114809160305343,1.954135980672588,0.988872609817903,655
ppltrst,social_trust,NO,-0.07420616842709707,0.055060144350339034,-0.05776526930643802,0.13555421592625128,6.642750373692078,7.5086696562032875,1.8850250317245534,0.7333886120458064,669
ppltrst,social_trust,PL,0.04158727353727658,0.2950160945972644,0.034574057076502775,0.3840438471157548,4.577044025157233,6.663993710691824,2.31503978393641,1.2450123839467842,636
ppltrst,social_trust,PT,0.024255359184646143,0.5364132506723153,0.014255656751095358,0.7163598337412648,4.131901840490798,6.910276073619632,2.362227216419609,1.1237562849102067,652
ppltrst,social_trust,RS,-0.02721476016630588,0.48686425158240526,-0.03623984238744306,0.3544367564588668,4.311450381679389,6.576793893129771,2.761814798617292,1.2178760696653688,655
ppltrst,social_trust,SE,0.05117680442156597,0.18780093070960044,0.038235549283867985,0.32523129557336095,6.301204819277109,7.2953313253012055,2.0328223164737773,1.20093950596861,664
ppltrst,social_trust,SI,-0.03040529857192609,0.43689322795248925,-0.014758319017038666,0.7059528660604659,4.7073170731707314,6.923170731707318,2.394588325564425,1.0642043975730484,656
ppltrst,social_trust,SK,0.06753764151941327,0.08630732548015702,0.043726579309581064,0.2671040407238633,4.088235294117647,6.678482972136223,2.7584881232200718,1.182764409570567,646
ppltrst,social_trust,UA,0.013305476650282293,0.7347243623703127,0.008088003255488026,0.8368145281354864,3.9400921658986174,5.538402457757297,2.8237083076828235,1.5968911809927475,651
pplfair,social_trust,AT,0.06479971160048496,0.09277405282230722,0.06979592932377121,0.0701635955146352,6.356083086053412,7.220326409495549,1.9897732812480096,0.7965672340614156,674
pplfair,social_trust,BE,-0.034308566845481114,0.37065318810878156,-0.00943899865076146,0.8055003504139227,6.01610541727672,7.297657393850659,1.978929640637899,0.7078075809133981,683
pplfair,social_trust,BG,0.03920044586458801,0.30953209008506866,0.038960832756748005,0.31250101742854985,4.293768545994065,6.976706231454006,2.2143104165723524,0.8526893804575402,674
pplfair,social_trust,CH,0.033862532238825405,0.3783155625888863,-0.00017309874233208583,0.9964077506919968,6.409425625920472,7.497938144329898,1.8838624087795133,0.6513850836039188,679
pplfair,social_trust,CY,0.013360788912734794,0.7276192281879504,0.008604003942882115,0.822534261520675,4.429618768328446,7.30425219941349,2.2609244340415398,0.8192952709499971,682
pplfair,social_trust,DE,-0.008096053161549419,0.8329733094523716,0.00547047989761025,0.8866879827325682,6.240822320117474,7.186930983847284,1.9480401688019129,0.7419109722992383,681
pplfair,social_trust,EE,-0.011996563318187365,0.755012215847947,-0.015371587230784215,0.6892797277169503,6.213549337260678,7.345802650957291,2.0574475645734753,0.743452777109866,679
pplfair,social_trust,ES,0.0075811990666019655,0.8440237971517577,0.012250622766134018,0.750531474994111,5.576923076923077,7.2153846153846155,2.169485346036397,0.7836476910600221,676
pplfair,social_trust,FI,-0.007931351344234599,0.8364417041949037,0.006784980005119228,0.8598169781503266,7.161764705882353,7.406617647058823,1.7068716194004716,0.7863154139237838,680
pplfair,social_trust,FR,-0.012622870495334091,0.7430300585910142,0.0052051722664451456,0.8924654636187499,6.149187592319055,7.244903988183161,1.9858717151908214,0.7574432612562689,677
pplfair,social_trust,GB,-0.015527141416857744,0.6878427234433888,-0.02931256852033013,0.44808171053238516,5.950892857142857,7.254464285714286,2.1781257287954494,0.7977115248101837,672
pplfair,social_trust,GR,-0.012495593064412693,0.746992790079816,-0.011089393939772879,0.7746483804687346,4.929745889387145,7.133034379671151,1.994640294737628,0.8557308920418334,669
pplfair,social_trust,HR,0.0027432641299501392,0.9435816725333872,0.005016618951801594,0.8970284959944065,5.202095808383233,7.112275449101796,2.430354354339829,0.8641444550284806,668
pplfair,social_trust,HU,-0.0837771131180703,0.029647546135527957,-0.05501815159362681,0.15364221942726455,5.100890207715134,7.075519287833828,2.1124197465348424,0.8105233466513787,674
pplfair,social_trust,IE,0.019094497584077615,0.6209683905318393,0.027870183853208462,0.4704105210116757,6.142644873699852,7.437592867756315,2.1706600420247475,0.6459338252605464,673
pplfair,social_trust,IL,0.013763563831913104,0.7209366167539836,0.006194577973290669,0.8722804618322163,5.34319526627219,7.223224852071005,2.288256233458732,0.6873301754669189,676
pplfair,social_trust,IS,-0.008075020264728134,0.8334008752851201,0.030938937259223302,0.42019007312925083,6.977973568281938,7.544933920704846,1.8409834342499363,0.7049249251082488,681
pplfair,social_trust,IT,0.026920219229673217,0.48632962881587366,-0.01885401913168786,0.6258891742437991,4.637853949329359,7.319821162444113,2.2223419506911046,0.7538422758937156,671
pplfair,social_trust,LT,0.11058050143137388,0.004513087320819886,0.08942442864930808,0.021784302842293032,5.513677811550152,7.230395136778116,2.2412953214501683,0.710705372664583,658
pplfair,social_trust,LV,0.03702547509900041,0.3400594731764518,0.05529645841841846,0.1540287710271794,5.632132132132132,7.185585585585586,2.23467962830502,0.7827478315856663,666
pplfair,social_trust,ME,0.006786901254597461,0.8611157121563908,0.00865634957546835,0.8234213296308797,4.367316341829086,7.321739130434783,2.3278595693366824,0.6532832103046192,667
pplfair,social_trust,NL,-0.03365585990742062,0.380531455093275,-0.02299437780693914,0.5491478186994,6.616740088105727,7.36784140969163,1.6237978191100217,0.7129121376359068,681
pplfair,social_trust,NO,-0.012723581722735614,0.74031386770366,-0.0132297587197264,0.7303768237967595,6.882525697503671,7.571659324522761,1.846539711348951,0.6864690397920888,681
pplfair,social_trust,PL,0.02144311636627132,0.5806702387100925,0.023176943515614102,0.550451669599413,5.21021021021021,7.087837837837838,2.256009708615918,0.7678810670034689,666
pplfair,social_trust,PT,0.02464412511639691,0.522085954048972,0.022217591074379917,0.5638803926400975,5.128508124076809,7.251994091580503,2.2120634136845423,0.7618781371210406,677
pplfair,social_trust,RS,-0.0019919995903114416,0.9589239634145882,0.0040913368274594335,0.9157541502316927,4.672131147540983,7.084202682563339,2.860400987561066,0.779391791609723,671
pplfair,social_trust,SE,-0.02506808823549165,0.5143277249166103,-0.037973932274845294,0.32313118350212816,6.748159057437408,7.510456553755524,1.7799005635038583,0.6813527219173723,679
pplfair,social_trust,SI,-0.0037824500307864052,0.921803617809667,-0.017443710228230047,0.6507420520399506,5.446745562130178,7.172485207100593,2.24535168910308,0.7833151060310285,676
pplfair,social_trust,SK,-0.05996977570001028,0.11929709011628613,-0.05711257339328301,0.13797089652653516,4.837278106508876,7.095414201183432,2.4998075753252085,0.8499200694650698,676
pplfair,social_trust,UA,0.00585539857798756,0.8810118476438216,0.013521902277646868,0.7295794743018096,4.795731707317073,6.820121951219512,2.4334275292522856,1.1139465569182752,656
pplhlp,social_trust,AT,-0.0031719899604478966,0.934538746572923,0.02676212931238616,0.4882447826829507,6.242199108469539,6.8089153046062405,2.0678669512698264,1.2371641608819655,673
pplhlp,social_trust,BE,-0.02260645085465853,0.5579540857404006,-0.02818065918077042,0.4651460115849054,5.238872403560831,6.993620178041544,2.1311185989878685,1.0323753009008985,674
pplhlp,social_trust,BG,-0.012861893432490612,0.7411607889948465,-0.014865780634957844,0.702620637113896,3.5589123867069485,6.604229607250756,2.2929222206635687,1.2857935246562546,662
pplhlp,social_trust,CH,0.03778071418530711,0.32811692873310755,0.03735277136921891,0.3336294084189143,5.924107142857143,7.199553571428572,1.9011054374182912,1.0349120829715535,672
pplhlp,social_trust,CY,0.024950041099275337,0.5200555155101747,-0.018941010782489387,0.6253350172927614,4.140929535232384,6.978110944527735,2.2289228413215203,1.2435421290458435,667
pplhlp,social_trust,DE,-0.002676249721038282,0.9449576887801017,-0.0034210219209094435,0.9296753124001379,5.429640718562874,6.868562874251497,2.0103529320005182,1.108384172028147,668
pplhlp,social_trust,EE,0.005414983778021572,0.8889026104989683,0.018298951111048765,0.6368533538511021,5.073353293413174,7.167215568862275,2.0020250949210867,0.9689574769519327,668
pplhlp,social_trust,ES,0.013773719047020265,0.7221338831734634,0.03474025576834335,0.36963975616734696,4.820627802690583,6.819880418535127,2.295685662098793,1.2207816226131536,669
pplhlp,social_trust,FI,-0.07082403026454029,0.06551991034270682,-0.04900293637703721,0.2028664598890767,6.410635155096012,6.956868537666173,1.9168527841180778,1.192171556309887,677
pplhlp,social_trust,FR,0.007759493022793349,0.8416954956175399,0.005147157421156108,0.8946015019956289,4.62406015037594,6.858195488721805,2.187042564080401,1.140266452285839,665
pplhlp,social_trust,GB,-0.017021560594055463,0.6600810058497896,-0.011221286532484874,0.7718754765327475,6.056716417910447,6.898507462686567,1.9969501320200493,1.215617423850915,670
pplhlp,social_trust,GR,0.048599563452328055,0.2089847538388209,0.044118497836302444,0.2541188896873124,4.353731343283582,6.754925373134329,1.9861876077592542,1.1657793420039377,670
pplhlp,social_trust,HR,0.012722196866860961,0.7431249392970164,-0.019240197163822303,0.6201452863207184,4.40990990990991,6.821771771771772,2.3895431955921818,1.1305958967147078,666
pplhlp,social_trust,HU,0.006480191359113137,0.8669376961881761,0.008421483028824808,0.8276282473954738,4.535022354694486,6.6333830104321905,2.30214921474743,1.2621423510357648,671
pplhlp,social_trust,IE,-0.02160747009383564,0.5752042508076474,-0.0233551420599362,0.544685835586583,6.053333333333334,7.1257777777777775,2.253938195409101,0.9178347202461978,675
pplhlp,social_trust,IL,-0.06304600545870122,0.10274241745596087,-0.08091888487302637,0.03611544972712324,5.1073025335320414,6.998509687034277,2.3328524009792746,1.013710864078509,671
pplhlp,social_trust,IS,-0.07266039304203198,0.06014339712124527,-0.07040583738332236,0.06856620032753781,6.585074626865672,7.332537313432835,1.7921314256324499,1.0211154006944427,670
pplhlp,social_trust,IT,-0.03445495329732683,0.3743040194010597,-0.014253580550561293,0.7132863220314319,4.2098950524737635,6.759070464767617,2.265624658692296,1.2323666918557274,667
pplhlp,social_trust,LT,-0.01685150153009702,0.6627942581096729,-0.03112469020673412,0.4205097234678414,5.035714285714286,6.807291666666667,2.397571690407837,1.0835405004636685,672
pplhlp,social_trust,LV,-0.07600518403647463,0.05185979045523424,-0.0634686372040011,0.10461406713117664,4.957251908396946,6.6679389312977095,2.3268158386835203,1.2519261719429777,655
pplhlp,social_trust,ME,0.03239753298536499,0.40564618426069854,0.07835770511989919,0.04402481105753349,4.281391830559758,7.0140695915279885,2.1969886827186356,0.9618157960091482,661
pplhlp,social_trust,NL,-0.08386062746976367,0.03009611169101145,-0.06873627864727576,0.07562697114897422,5.729446935724963,7.154110612855008,1.7603542679676223,1.0394762008711973,669
pplhlp,social_trust,NO,-0.047443753295900386,0.22176563484095568,0.003837523643637254,0.9213171662453221,6.1533834586466165,7.305714285714284,1.9178752076387475,0.943141288743931,665
pplhlp,social_trust,PL,0.03947179907981077,0.3105540973062126,0.022756794853734105,0.5588927568862757,4.5347432024169185,6.712235649546828,2.38334517017961,1.195953142969879,662
pplhlp,social_trust,PT,0.032184956132657316,0.40414844791244603,0.0009262468744457839,0.9808509038084847,4.084569732937686,6.9609792284866465,2.1518089163573366,1.1547973157997486,674
pplhlp,social_trust,RS,0.0036172738781962577,0.9254299373185785,-0.008425704028998405,0.8274162959436677,3.7142857142857144,6.729761904761904,2.736610230670295,1.086116670352055,672
pplhlp,social_trust,SE,-0.007486496889951095,0.8465134799924106,0.003075843373688401,0.9366132512466786,6.104321907600596,7.1192250372578245,1.9039226853376219,1.0623839687438068,671
pplhlp,social_trust,SI,0.02840561002046352,0.4615893712854554,0.03137822403401263,0.4160379041331523,5.353115727002967,6.950445103857567,2.2634634196875014,1.0352084632386058,674
pplhlp,social_trust,SK,-0.05705949420596627,0.14130047162436699,-0.05067669873653229,0.1914862642759963,4.211711711711712,6.65075075075075,2.546750442724368,1.2723695404857138,666
pplhlp,social_trust,UA,0.0006216873511554121,0.987320074186703,0.018070309694453574,0.6440950959208702,4.228658536585366,6.411585365853658,2.6717924964887203,1.6197125139406836,656
sclmeet,social_trust,AT,0.0051564120919100655,0.8933883142907929,0.014962387467768663,0.6973501207873272,4.907079646017699,3.7227138643067845,1.1915172964744603,0.8489025032964139,678
sclmeet,social_trust,BE,0.03536608443834784,0.35678665980163815,0.039121143365536584,0.30800398409897256,5.1747430249632895,3.6769456681350956,1.3710266548388046,0.7716750754324694,681
sclmeet,social_trust,BG,0.04033080216360822,0.29577788845277586,0.013288339361335152,0.7305754140953064,4.970326409495549,3.5390207715133535,1.6746543979092274,0.9785695914615034,674
sclmeet,social_trust,CH,0.007479802680135913,0.8455206371653807,-0.007129482969429987,0.8526710958308403,5.096916299559472,3.804698972099853,1.29456075007355,0.7426353741607143,681
sclmeet,social_trust,CY,0.13781109379294595,0.0003066825910075251,0.1367420256841086,0.0003418618790005713,4.002932551319648,3.6730205278592374,1.7068550288244861,0.8343608153607242,682
sclmeet,social_trust,DE,0.08707432633989688,0.023468265438200506,0.09974166210365319,0.009407391854222074,4.8316100443131464,3.675036927621861,1.3925008073955243,0.786355653080319,677
sclmeet,social_trust,EE,-0.047395458301838715,0.21707540683821233,-0.05158060323492967,0.17911745573324325,4.248529411764705,3.722058823529412,1.4758729871652676,0.8217129972492786,680
sclmeet,social_trust,ES,0.050972300234710805,0.18365973729896914,0.028625692832155842,0.4554588494334127,5.250733137829912,3.6986803519061584,1.4642708205367299,0.8956812781380018,682
sclmeet,social_trust,FI,-0.11940795468094878,0.0017575430788977248,-0.11070620271026067,0.003743995250107587,4.893274853801169,3.763888888888889,1.3599635385730562,0.7730054441114864,684
sclmeet,social_trust,FR,0.05305192543154012,0.16764458877578764,0.05419357970830374,0.15867318075608283,5.218289085545723,3.6851032448377583,1.4161409768734046,0.8376477076235238,678
sclmeet,social_trust,GB,-0.005441611682431111,0.8876952694381289,0.00635235606415886,0.8690563343151546,4.8017751479289945,3.6087278106508878,1.5726542177560532,0.8535403446101852,676
sclmeet,social_trust,GR,0.04372458354776666,0.25625876260831615,0.043043659315972475,0.26374557342422006,4.161242603550296,3.690828402366864,1.6080466900412498,0.8996980037312723,676
sclmeet,social_trust,HR,0.09545367635150127,0.01289856271227171,0.08185995947820131,0.03307681480292873,5.346607669616519,3.646017699115044,1.5322949826310643,0.8602876848591128,678
sclmeet,social_trust,HU,0.02055105213806549,0.5929393089174448,0.04490111649176802,0.24262521573827633,3.3519882179675995,3.6318114874815906,1.5163196866727553,0.8518181767833565,679
sclmeet,social_trust,IE,-0.048720367227303975,0.20785389066422638,-0.04538832803614183,0.24069208922426202,4.2074626865671645,3.683582089552239,1.6220466719333297,0.8136718551541934,670
sclmeet,social_trust,IL,-0.004568712040380882,0.9056879439192906,-0.018591909211142794,0.629679233645689,5.426666666666667,3.7044444444444444,1.536460922435747,0.8200805731083459,675
sclmeet,social_trust,IS,-0.005089518950368072,0.895306815242124,-0.01600539472715123,0.6789825563495319,5.274217585692996,3.8375558867362147,1.4076252703896501,0.856314204830446,671
sclmeet,social_trust,IT,0.04156508068264546,0.2808744613708669,0.046895601639125296,0.22368230459627914,4.743703703703703,3.7,1.5668395776934596,0.9135478821264299,675
sclmeet,social_trust,LT,-0.0038747944366391562,0.9201382887361549,-0.008952768108022466,0.8168061046205519,4.369047619047619,3.6986607142857144,1.5588200046730822,0.8062985977154367,672
sclmeet,social_trust,LV,-0.04701807890211943,0.22420117186202293,-0.05304054859792821,0.17027449541373219,4.183582089552239,3.6044776119402986,1.6082835844990213,0.8766925267695289,670
sclmeet,social_trust,ME,0.10792638619156329,0.005232371600429355,0.09281834781934964,0.01641102616500938,4.803892215568863,3.782934131736527,1.6296125312043819,0.7720040016498703,668
sclmeet,social_trust,NL,0.055083975228632176,0.15102519010155896,0.07626460146765557,0.04665253016405348,5.406754772393539,3.7339207048458154,1.2627752629723885,0.7506138974964403,681
sclmeet,social_trust,NO,0.0017673477470337585,0.9634170248462859,0.011953866800150216,0.756381171607513,5.650887573964497,3.7815088757396453,1.335337087394524,0.7759523285727035,676
sclmeet,social_trust,PL,-0.07023879975210905,0.06819317961610229,-0.0629858307203519,0.10204682912183953,3.9407407407407407,3.7133333333333334,1.429671596843628,0.7825811359989231,675
sclmeet,social_trust,PT,-0.05062652923742101,0.18633092908662485,-0.03991902302836397,0.2975235190340668,5.6281112737920935,3.711566617862372,1.6080535325520315,0.8512356239986382,683
sclmeet,social_trust,RS,0.045463843766011904,0.2357291907743934,0.04820877908047901,0.20860874930788498,5.1436950146627565,3.687683284457478,1.6084933750825214,0.8555567178674763,682
sclmeet,social_trust,SE,0.05142965153687774,0.17975293359972133,0.05528615928450474,0.14922906137379893,5.43841642228739,3.7617302052785924,1.3762798020721951,0.7726331945941733,682
sclmeet,social_trust,SI,0.021112820340976012,0.5839861351070811,0.0030954232781815025,0.936020455902476,4.632592592592593,3.7022222222222223,1.4942436347545192,0.8536417592963919,675
sclmeet,social_trust,SK,0.07912547641691828,0.039133643022100234,0.06743843775831337,0.07885904555242669,4.552941176470588,3.663235294117647,1.5636209052286707,0.8406821712384562,680
sclmeet,social_trust,UA,0.04275596278821804,0.27307632109770363,0.04845376650090958,0.2141536713045679,4.314112291350531,3.5220030349013656,1.769369040635999,0.9029089732484323,659
inprdsc,social_trust,AT,-0.01885407252092546,0.6238290847551556,-0.00240444779809459,0.950133718986049,3.04860088365243,3.0103092783505154,1.1733245575979157,0.622735230047806,679
inprdsc,social_trust,BE,-0.025811368487512292,0.5016143997779157,-0.006787042709680821,0.8597748015178909,3.3544117647058824,3.0433823529411765,1.3802663318512998,0.5768869538890239,680
inprdsc,social_trust,BG,-0.02901917343008084,0.4499524204189711,-0.013585992729509852,0.723605794714449,2.023529411764706,2.9911764705882353,1.2632936878241205,0.5969325847914131,680
inprdsc,social_trust,CH,-0.0015031309001858897,0.9686760234396891,-0.02177422263024158,0.5694154667516115,3.5445255474452555,3.0423357664233577,1.2634608385888118,0.6091076096048562,685
inprdsc,social_trust,CY,0.03940551278168795,0.30521195826755765,0.05380791671406155,0.16135226105593525,2.4329896907216493,3.004418262150221,1.3218724043136283,0.5578439653662128,679
inprdsc,social_trust,DE,0.031482137252970895,0.4127628141123226,0.043386428335146256,0.2588995004485058,3.581737849779087,3.036818851251841,1.228480576584794,0.5513185170613496,679
inprdsc,social_trust,EE,0.00014400798133096102,0.9970070422043484,0.011583871555395185,0.7628447621594049,2.5976505139500734,3.051395007342144,1.3654110783840887,0.6150097736466625,681
inprdsc,social_trust,ES,0.03726866862730332,0.3304253200593417,0.024175676889386776,0.5279020450107507,2.8859649122807016,3.054093567251462,1.3918320942419997,0.5424829554665623,684
inprdsc,social_trust,FI,-0.0537225137325527,0.1607839631685086,-0.042603355311795835,0.266192778060259,3.2489019033674964,3.068814055636896,1.2778777978805407,0.5702365349950888,683
inprdsc,social_trust,FR,0.0068499352383632195,0.8586958403480077,0.008269998084311137,0.8298108848482225,2.8613569321533925,2.9985250737463125,1.4508020252360345,0.5739270061433931,678
inprdsc,social_trust,GB,0.038806762582098954,0.3122675702599248,0.04664580063635634,0.22444349192950636,3.098529411764706,3.0323529411764705,1.425828715136173,0.5811068552027665,680
inprdsc,social_trust,GR,0.05080050219871631,0.18546706539443295,0.05979921762423061,0.11898512051215099,2.2276064610866375,3.064610866372981,1.188004381138913,0.5357198591334688,681
inprdsc,social_trust,HR,0.10915544481130704,0.004523060254775661,0.11452668200796746,0.002884503308688501,2.3451851851851853,3.062222222222222,1.3912464000939089,0.5520217315351295,675
inprdsc,social_trust,HU,0.017163317342238266,0.6559922730353488,0.024077483154543656,0.5320061027052098,2.4526627218934913,3.0236686390532546,1.2131899836568554,0.551927668067109,676
inprdsc,social_trust,IE,0.057567881802842294,0.13341375792412558,0.05469894608142824,0.1539065272426773,2.6211453744493394,3.0381791483113068,1.3230176661751953,0.5570501906628422,681
inprdsc,social_trust,IL,-0.014021952480707343,0.715519107023768,-0.031358938243671475,0.41493985292115104,2.5088495575221237,3.079646017699115,1.408691580322322,0.559197455956106,678
inprdsc,social_trust,IS,0.14987705410730673,8.839855491015923e-05,0.15062811210946106,8.138583904505057e-05,3.5375552282768776,3.0839469808541975,1.3241529499739408,0.6195142998239016,679
inprdsc,social_trust,IT,0.047900009250021615,0.213569715387098,0.05574516946657308,0.14766795466339164,2.2381656804733727,3.0066568047337277,1.2827374232296171,0.6613342790973281,676
inprdsc,social_trust,LT,-8.43054717115369e-05,0.9982543211975291,0.0054338760472036575,0.8878538646367731,2.106508875739645,3.0562130177514795,1.3783142473200911,0.6035253289666981,676
inprdsc,social_trust,LV,0.005282397901437561,0.8914441137664031,0.0127301245534068,0.7422243627461885,1.7402985074626867,3.026865671641791,1.2978146172374765,0.5831674988412036,670
inprdsc,social_trust,ME,-0.005224298889182911,0.8923912765578718,-0.000549097201689368,0.9886557929769492,2.1857355126300146,3.050520059435364,1.1787952011994725,0.5593926313784198,673
inprdsc,social_trust,NL,0.03720426399404659,0.33304246832293527,0.03755107065325709,0.3285525279850571,3.72459499263623,3.0139911634756995,1.262985216564717,0.6000455783413393,679
inprdsc,social_trust,NO,0.07224665294840996,0.05970616430480429,0.07589457112571016,0.04789475251055245,3.2470588235294118,3.0602941176470586,1.4423094094090545,0.535249300065057,680
inprdsc,social_trust,PL,0.016561597888967872,0.6677810063693406,0.012455838086022925,0.7468583403067822,3.149851632047478,3.0118694362017804,1.3768759917028814,0.5083332968915732,674
inprdsc,social_trust,PT,-0.10459520532411556,0.006570417379276854,-0.09903232297079054,0.010094279283623936,2.235905044510386,3.0118694362017804,1.3949021481297998,0.5895386219672665,674
inprdsc,social_trust,RS,0.010142330496763982,0.7920805532474245,0.0048773368350319935,0.8991266966260753,2.476401179941003,2.9852507374631267,1.4283076199240212,0.5877284054259306,678
inprdsc,social_trust,SE,-0.010416030982620245,0.7859877496940875,-0.00867435802648837,0.8211075524320772,3.8181818181818183,3.057184750733138,1.2683047674144894,0.5456674834803377,682
inprdsc,social_trust,SI,0.055463742628880666,0.14972670595399573,0.052940115347276655,0.16917489709253483,2.8195266272189348,2.974852071005917,1.3421829916198627,0.5558743332632743,676
inprdsc,social_trust,SK,0.0330064791130032,0.39366560426361713,0.02313359834411188,0.5499999358061647,1.7477611940298508,3.038805970149254,1.1613942202433745,0.528685434030137,670
inprdsc,social_trust,UA,-0.0039550775864549415,0.9185499894290623,0.025822092185976652,0.504292480009027,2.156482861400894,2.9821162444113263,1.385731823225497,0.5779342974237732,671
stfdem,political,AT,0.000730935533249657,0.984978473726829,-0.012898898823021228,0.7396853340668322,5.723723723723723,6.942192192192192,2.4839833293924287,0.7150628548001122,666
stfdem,political,BE,0.006162912445080234,0.8734902906612294,0.018303472204889218,0.6362641312043142,5.21044776119403,6.928358208955224,2.386223184178499,0.7218159233831041,670
stfdem,political,BG,0.011779033247155155,0.7619180014247563,0.0035823988337270267,0.92658813868767,3.325301204819277,6.600150602409639,2.3889309030118606,1.011316052616678,664
stfdem,political,CH,-0.04993078221400186,0.19811355530886463,-0.03690478331646107,0.34163700797934177,7.566066066066066,7.253003003003003,1.676728417216812,0.6175612891492067,666
stfdem,political,CY,-0.006695341121681563,0.8631750772996176,-0.000882066480782961,0.9818867175418619,4.499248120300752,7.018796992481203,2.3168611998494204,0.8000518032869798,665
stfdem,political,DE,0.05628527048659335,0.14318392831679663,0.04914672039653447,0.20120899267384298,5.731563421828908,6.984513274336283,2.6075519634150517,0.6409089158187526,678
stfdem,political,EE,-0.019847260304708104,0.6154241311773474,-0.01741180690489496,0.6594350826790404,5.230171073094867,7.196734059097978,2.591002488598198,0.6093292639507041,643
stfdem,political,ES,-0.026780979735997544,0.4892390586854814,-0.03502437795846836,0.36573555509810274,4.789237668161435,6.929446935724963,2.520360951959029,0.6508974635326679,669
stfdem,political,FI,-0.02994131175920779,0.43771780618175204,-0.04670281237401804,0.22593920024356384,6.781899109792285,7.158456973293768,1.9643702865785433,0.6570192441248653,674
stfdem,political,FR,-0.05321513619920855,0.16983091886107354,-0.08833356011032753,0.022517985779069855,4.337331334332833,6.856071964017991,2.4833077723381014,0.7455402021431188,667
stfdem,political,GB,-0.04594091150173834,0.2473060917294165,-0.008867527947084676,0.8233837349561337,4.334905660377358,6.814465408805032,2.631626273139809,0.813863071768812,636
stfdem,political,GR,0.012844021731098922,0.7398132666381575,0.02160386005068424,0.5764067476343192,4.135618479880775,6.754843517138599,2.2141534949052804,0.9084362146422728,671
stfdem,political,HR,0.1142420192043628,0.003292788718631572,0.09494928328531951,0.014679849078204105,4.463636363636364,6.86969696969697,2.508294970930382,0.8889764445467252,660
stfdem,political,HU,-0.03530083037350043,0.36376837051341937,-0.027843747896283588,0.47382451522277275,4.451807228915663,6.725903614457831,2.6649101958459185,0.8941864000285208,664
stfdem,political,IE,0.0061203094743114495,0.8760493021850764,0.038930851601957264,0.3209339448527742,5.803680981595092,7.0924846625766875,2.2862949607797547,0.6079518824017748,652
stfdem,political,IL,-0.0038556826373627906,0.9219636428823124,-0.011959417240720912,0.7612344439519367,4.262345679012346,7.015432098765432,2.761907264577612,0.6710457812352835,648
stfdem,political,IS,-0.011688152725211044,0.7631809083758746,0.002791170905889026,0.9426411673666242,5.91904047976012,7.43328335832084,2.290346691404469,0.7068743420887614,667
stfdem,political,IT,0.003339171869680926,0.9317665084298336,0.016444458175036786,0.6732487702922137,5.118181818181818,6.859090909090909,2.063771544192536,0.7686926553569894,660
stfdem,political,LT,-0.015557094099833411,0.694451541852627,-0.017408421040915768,0.6602453388976841,4.6109375,6.91765625,2.3972217348768314,0.8435991939071992,640
stfdem,political,LV,0.046150829062234035,0.2512002959869826,-0.019387633185891692,0.6299343361464936,4.240322580645161,6.796774193548387,2.4300195573795214,0.9403824441016705,620
stfdem,political,ME,0.012458748074059067,0.7480794119812908,0.0060781440271697,0.8754944938861828,4.194902548725637,7.114392803598201,2.574027898570861,0.6755731957167609,667
stfdem,political,NL,0.03765295163500796,0.3319330930405654,0.041106879800347884,0.28946352644071827,5.9174174174174174,7.084084084084084,2.0833958535630104,0.7116551620068278,666
stfdem,political,NO,0.04552652705418903,0.23646614434441246,0.04420365556760168,0.2503779057480056,7.240412979351032,7.46283185840708,2.0219667671923793,0.6957386252115892,678
stfdem,political,PL,0.019545025224492994,0.6197271229880692,-0.0006640533606793971,0.986549635814347,5.126738794435858,6.82565687789799,2.3161859525199087,0.8239582932903086,647
stfdem,political,PT,0.004536524647185948,0.9076054490438795,-0.01566021965788638,0.6886681652402447,4.732115677321157,6.968797564687976,2.3700533720991093,0.7809765131810313,657
stfdem,political,RS,-0.052855358154039564,0.19567508106339185,-0.03871284378020487,0.34341644576662234,3.9334442595673877,6.702995008319467,2.9707849048084625,0.9221664789912077,601
stfdem,political,SE,0.008320869469173377,0.8305365125327782,0.01652872600657506,0.6707331444503783,6.628012048192771,7.390060240963855,2.097588565879836,0.5915115968569268,664
stfdem,political,SI,0.013285512840807171,0.7358950471903695,0.019714572966370816,0.6166930141638233,4.9350850077279755,6.981916537867079,2.3360393468911864,0.7302385456688553,647
stfdem,political,SK,0.016231738673353424,0.6756198008433169,0.03921892876194942,0.3118389932692762,4.577211394302848,6.7833583208395805,2.6736321228842654,0.9136480004414663,667
stfdem,political,UA,-0.06235527937826751,0.11590063949389535,-0.06018937930025479,0.1291395866656127,3.0078492935635794,5.304552590266876,2.652565138451805,1.5924926060905857,637
polintr,political,AT,0.03165318407545394,0.4085028473014093,0.025664685317398166,0.502793201585518,2.4195906432748537,2.9078947368421053,0.8679906327129788,0.3961701137582392,684
polintr,political,BE,-0.00832181303261469,0.8280140361172816,-0.01673555242896829,0.6621682486216968,2.5657894736842106,2.922514619883041,0.9215489806276004,0.3843445769258367,684
polintr,political,BG,0.06198996952738451,0.10577853672429618,0.06950191499312879,0.0696906729243134,2.813782991202346,2.8255131964809386,0.8981547733497232,0.5496442186356874,682
polintr,political,CH,0.025069180874301038,0.5124497986754063,0.017164463609187195,0.6538287692962385,2.4029197080291973,2.9467153284671532,0.9151056569745459,0.33180595129002466,685
polintr,political,CY,-0.013533194407990674,0.7240521038800763,-0.01565108695391632,0.6830494022941196,2.9238653001464128,2.9341142020497806,0.9504135506784488,0.39056906203303,683
polintr,political,DE,0.02371473564530753,0.535802069289216,0.008374875490325636,0.826934669780044,2.2149122807017543,2.956140350877193,0.878745191104051,0.31246483966490807,684
polintr,political,EE,0.019264538874471708,0.6152532096790565,0.02328277816867009,0.5435548537572868,2.5944363103953147,2.9180087847730602,0.8464683038441309,0.3856070583401919,683
polintr,political,ES,-0.02620977600932135,0.4934446996794493,-0.02254892838190556,0.5557546177998726,2.7518248175182483,2.9145985401459855,1.0085962532226507,0.4157956063442418,685
polintr,political,FI,0.003820617839528584,0.9204928853688802,0.03640435027647324,0.341417467293653,2.1854014598540146,2.9474452554744524,0.7737034188933265,0.3335701553402869,685
polintr,political,FR,0.06400442068349584,0.09440875138304715,0.05535389674387032,0.14813421207446528,2.6023391812865495,2.915204678362573,0.9784173563197822,0.39595663453829016,684
polintr,political,GB,0.07794137565649013,0.04186984409444206,0.0766114649124842,0.04550152915671192,2.504398826979472,2.9281524926686218,1.002556792726374,0.3704968924879985,682
polintr,political,GR,0.019716653474579703,0.6064539199576667,0.025604206605145563,0.5034878156376426,2.9182481751824816,2.9197080291970803,0.9562214700175594,0.42677894220030727,685
polintr,political,HR,-0.014552844287440072,0.7037903603181502,-0.021333931397461463,0.5772500035460326,3.0452554744525546,2.921167883211679,0.9173419205821063,0.38944980250939437,685
polintr,political,HU,-0.06698666123535299,0.0799991592083653,-0.0794634150752278,0.037734860624191596,2.8391812865497075,2.8976608187134505,0.8894286760176449,0.4240850237101045,684
polintr,political,IE,0.0014031759013471397,0.9707794580493194,0.01413380715021676,0.7121356554424613,2.5760233918128654,2.945906432748538,0.9985690960415069,0.32692394379189316,684
polintr,political,IL,-0.019754592697761048,0.6057613379290212,-0.011718077989152077,0.7594966560757863,2.4715328467153284,2.988321167883212,1.0236208026074045,0.30566428796034806,685
polintr,political,IS,0.006247149609247268,0.8703558250783681,0.01822654881931853,0.6339299338347196,2.2613138686131387,2.959124087591241,0.8854120010347647,0.34804271947529425,685
polintr,political,IT,-0.0053753047974150064,0.8886464441516716,0.003820112212352699,0.9207359018934247,2.9941262848751835,2.9001468428781205,0.8401474880494118,0.4556991805032586,681
polintr,political,LT,0.002174403640148408,0.9548327577634625,-0.011044488292403988,0.7735794488162572,2.7444933920704844,2.9162995594713657,0.7760589067812484,0.3800717325675042,681
polintr,political,LV,-0.009804837720385366,0.7985573356651086,0.0033364153730310827,0.9307961147757593,2.889705882352941,2.873529411764706,0.8074833549048613,0.4623107890825793,680
polintr,political,ME,0.02326580553101821,0.5447380485691061,0.02265318365102276,0.555383999446744,2.911764705882353,2.927941176470588,0.8343737188627928,0.3547886542308337,680
polintr,political,NL,0.002360936094328457,0.9508185881870327,0.012259719848797725,0.7487457781475906,2.28029197080292,2.9562043795620436,0.8361215999082302,0.30273154925852025,685
polintr,political,NO,0.06403193907299035,0.09402566154494743,0.04579276622975294,0.23132587253923248,2.456934306569343,2.953722627737226,0.7910127142461848,0.3199575248200788,685
polintr,political,PL,0.043031581467415314,0.26246626802001116,0.0509825640186673,0.18421765163999756,2.585294117647059,2.958823529411765,0.8311435608946259,0.30423389097463993,680
polintr,political,PT,-0.05027864736665076,0.1887297380547683,-0.062241997397967895,0.10360290709954438,2.8656934306569344,2.9036496350364964,1.0084756283680514,0.4285854536729085,685
polintr,political,RS,-0.06604245126857462,0.0845828251326528,-0.057652293380685365,0.1322745159219695,3.0175695461200585,2.882869692532943,0.902740342118491,0.4573120103210968,683
polintr,political,SE,-0.004644839627545095,0.9036992703663181,0.008789644932388348,0.8189020177656472,2.076358296622614,2.9397944199706316,0.8098923027310339,0.33983467264763223,681
polintr,political,SI,0.06292194953649628,0.10087649424759464,0.06723217936083085,0.07955904520172412,2.707782672540382,2.9251101321585904,0.8751880065545715,0.3497491049059061,681
polintr,political,SK,0.013148932401789121,0.7312021646035464,0.024469216163433012,0.5225973689323458,2.6773722627737224,2.9255474452554746,0.8215831868138809,0.34455437723440363,685
polintr,political,UA,-0.03073591035362381,0.42358973732059607,-0.019575525810848208,0.6103478860360032,2.726470588235294,2.948529411764706,0.9139110869407551,0.44951050027260053,680
psppipla,political,AT,0.0373059901129095,0.33172139152869984,0.030171984330350038,0.4324884706600802,2.3475699558173786,3.473858615611193,0.8343417118155887,0.5268995561042534,679
psppipla,political,BE,0.043727156992373305,0.2555259138740379,0.02693249479127391,0.4838567708561523,2.191740412979351,3.425368731563422,0.8923387576276055,0.5565557430759528,678
psppipla,political,BG,0.0681883842390573,0.0777706978701029,0.062006927818384384,0.10881199507018734,1.708955223880597,3.2701492537313435,0.888597649527313,0.5101407893167373,670
psppipla,political,CH,0.040132613761402425,0.29779997755350707,0.05878036146364444,0.1270976943072253,2.9274074074074075,3.572814814814815,0.9831238914798386,0.530890931161098,675
psppipla,political,CY,-0.016578144418012867,0.6681681077435715,-0.036755163922956594,0.3417873515167041,1.8315946348733234,3.4247391952309987,1.020659863922315,0.5296426975832216,671
psppipla,political,DE,0.012650185317704296,0.7417583951345611,0.009370686155502931,0.8071585379011122,2.5462555066079293,3.5088105726872247,0.9336778569199983,0.5257307751007676,681
psppipla,political,EE,0.020992645249537072,0.5872451737682862,0.03828598453420899,0.32204636659236335,2.1296572280178836,3.4700447093889717,0.8807390224212779,0.5090639619940427,671
psppipla,political,ES,0.09280589351879374,0.015714059727104403,0.08237549275479757,0.03211079065309957,1.8552437223042837,3.389955686853767,0.8459911423867126,0.5316209702613375,677
psppipla,political,FI,0.05571103647104147,0.14553137509225003,0.049757769870615046,0.19368339355970718,2.7339181286549707,3.489766081871345,0.8414352754171046,0.5196411118963863,684
psppipla,political,FR,-0.003625038030251322,0.9251035953201513,0.0019623197237295664,0.959414673524194,2.0562962962962965,3.4251851851851853,0.9402480422319317,0.503654083654621,675
psppipla,political,GB,0.06352608958237335,0.10219921847265984,0.05800349064583956,0.13571029058759634,2.0482654600301657,3.339366515837104,0.830367284221561,0.5194735511044396,663
psppipla,political,GR,0.03752728123940224,0.3299340276207842,0.04175072959757828,0.27837247356461636,1.9985207100591715,3.3594674556213016,0.9790384706322145,0.49836682649842295,676
psppipla,political,HR,0.034120130388303985,0.37611256670198495,0.04254786719120421,0.2696464524670061,1.665185185185185,3.362962962962963,0.7726134421154383,0.5082028527820142,675
psppipla,political,HU,0.03995798303790435,0.29776285237055233,0.04234370743141156,0.26982512455954993,1.8516886930983847,3.267254038179148,0.8575105538734312,0.4717922103865888,681
psppipla,political,IE,0.03763845103593374,0.3299428914036703,0.05103390044541131,0.18638533600052115,2.168154761904762,3.392857142857143,0.907000848594619,0.506714548645304,672
psppipla,political,IL,0.03607946673503165,0.3536402891227895,0.03576355421813947,0.35787354114328845,2.076923076923077,3.4871794871794872,1.0172803941973485,0.5002129843069081,663
psppipla,political,IS,0.0635580786034184,0.09896437518316564,0.05829922297173726,0.13024458931486932,2.642962962962963,3.597777777777778,0.858673735873897,0.5182810361600408,675
psppipla,political,IT,0.06356806533662428,0.10197231865481726,0.07339835975921577,0.058905128420855636,1.7888386123680242,3.4150829562594267,0.7777469646254971,0.5289349305742433,663
psppipla,political,LT,0.09213096364570476,0.017061815505968695,0.09779206895861858,0.011321001284410775,2.017910447761194,3.3671641791044777,0.943695210153398,0.49160001109871315,670
psppipla,political,LV,0.030725375349380104,0.4271901708698517,0.022723997454495846,0.5570871289194627,1.7298507462686568,3.3537313432835822,0.8680536662704679,0.5058191592714587,670
psppipla,political,ME,0.057790805341164826,0.1371528250137959,0.06735353499394524,0.08310145307677898,2.0844645550527905,3.4238310708898942,0.9158473738901015,0.5213036602241067,663
psppipla,political,NL,0.04153756872627338,0.27905738062660185,0.04260160559262756,0.26691620893498,2.4552129221732746,3.500734214390602,0.9210639580895539,0.5063198142025696,681
psppipla,political,NO,0.05407266883302081,0.1605357153370385,0.05133310189285105,0.18283404705186043,2.994074074074074,3.6386666666666665,0.9065998501397606,0.4919542571194224,675
psppipla,political,PL,-0.08849937603957636,0.02206471390443648,-0.07774458469905288,0.04441541166424293,2.1225710014947685,3.3871449925261583,0.8279810755646273,0.5055521777173922,669
psppipla,political,PT,0.048317243112723104,0.21096186794132488,0.05369313502334659,0.1644387511545161,1.7931547619047619,3.418154761904762,0.91212115170471,0.5114173518338269,672
psppipla,political,RS,0.0038784883180225933,0.9221120067605142,0.021939296766929055,0.580169502263678,1.9184952978056427,3.311912225705329,1.0207899759583756,0.4835268570441052,638
psppipla,political,SE,-0.007278012515374521,0.8502963257673024,-0.027935498970872028,0.468708643900597,2.831111111111111,3.6020740740740744,0.8973639822926496,0.49150362209105797,675
psppipla,political,SI,-0.024066437251392195,0.5337204326677825,-0.02508457441426129,0.5165497336294176,2.1207153502235467,3.406855439642325,0.818828847525622,0.5267875962932553,671
psppipla,political,SK,0.05090164801658305,0.18687293958457285,0.041283223123527474,0.28451053536340254,1.927299703264095,3.3382789317507418,0.8648988684750155,0.49194462589729404,674
psppipla,political,UA,0.0460200313895879,0.23596163271939144,0.03818042543044719,0.3255643968561434,1.6766917293233083,3.1101503759398494,0.9501812777301828,0.402353739351194,665
psppsgva,political,AT,-0.003242948926153035,0.9327301385561145,-0.0019188476257318587,0.9601658890926029,2.3088235294117645,3.616470588235294,0.8223203089196762,0.5295266030020027,680
psppsgva,political,BE,0.05601028663669432,0.14604777980851213,0.06506394900869943,0.09120641009607952,2.2088888888888887,3.6774814814814816,0.8863845367464309,0.4983321120943236,675
psppsgva,political,BG,0.019524819001975356,0.6184656219245009,0.01959591152735609,0.6171878393046293,2.0719754977029097,3.45635528330781,1.1482295999157326,0.5166048399857837,653
psppsgva,political,CH,-0.030104336477208917,0.4338616196624165,-0.029687827759812727,0.4402517101368815,3.21976401179941,3.6881268436578174,0.963326924020817,0.4905411371385462,678
psppsgva,political,CY,0.00981711046906272,0.7990402332935278,0.009462788537669558,0.8061465081612321,1.8962962962962964,3.5792592592592594,0.9931073590595881,0.5399604744706304,675
psppsgva,political,DE,0.03055294010187146,0.4280677605476542,0.026797009592219097,0.4870294978303841,2.542222222222222,3.6644444444444444,0.9509847049248421,0.5011065895051665,675
psppsgva,political,EE,0.008166511596236959,0.8328921748236756,0.0056561260810616965,0.8838164086786687,2.2119402985074625,3.6544029850746265,0.9374331885406496,0.4929692701744881,670
psppsgva,political,ES,-0.003529994106909575,0.9274412874390615,-0.003913382307899088,0.9195861458028978,2.094311377245509,3.5693113772455094,0.9695965738864041,0.5110193288644402,668
psppsgva,political,FI,0.04410027030414386,0.24939397990529813,0.05323954797207815,0.16427557861354758,2.4634502923976607,3.66703216374269,0.7972190475799101,0.5122640517354656,684
psppsgva,political,FR,-0.00019411803412510732,0.9959924451489156,0.008684514069474333,0.8222022018757222,2.1324404761904763,3.5625,0.912908584081554,0.525610850364473,672
psppsgva,political,GB,0.03477152944934578,0.37246092728288827,0.026067941571958433,0.5037878836939288,2.1333333333333333,3.581818181818182,0.8357224225947983,0.5117464194774392,660
psppsgva,political,GR,0.05293315762927818,0.16828445670912104,0.04738979072842454,0.2174700944432145,1.9970544918998527,3.552282768777614,1.047538278025633,0.5347703194411171,679
psppsgva,political,HR,0.009432369547747949,0.8071803414148784,0.025533909566319613,0.5087469761712703,1.6428571428571428,3.5610119047619047,0.78575783261367,0.5314245847501256,672
psppsgva,political,HU,0.03934813189207532,0.3048472885494246,0.032441387121562304,0.39761992992208023,1.9824046920821115,3.4589442815249267,0.9768155702608059,0.5160428329196904,682
psppsgva,political,IE,-0.05158190965232651,0.18007194138585705,-0.04162278127940566,0.2794926209731961,2.2629246676514034,3.620384047267356,0.9647633682632638,0.5180737823954121,677
psppsgva,political,IL,0.010288721702999104,0.7922219307008279,0.018596720376124837,0.6339545973811295,1.965045592705167,3.662613981762918,1.013002265547011,0.4731775162391257,658
psppsgva,political,IS,-0.035643494966652936,0.3569570055257736,-0.028880040911488932,0.45548552876582843,2.5776119402985076,3.6952238805970152,0.8500981910264038,0.5057290855280563,670
psppsgva,political,IT,0.07233037347587147,0.062299321706424576,0.06020239466287264,0.12091099287664525,1.7759398496240602,3.5902255639097747,0.7699309912688556,0.5258190200205598,665
psppsgva,political,LT,0.0145392529951087,0.7065455242229854,0.004380939661344133,0.9096811927499169,2.236255572065379,3.552377414561664,0.9830674812447819,0.512443661445632,673
psppsgva,political,LV,-0.0008655475723229102,0.9821856865432582,0.01027807507959528,0.7908912220696211,1.8158682634730539,3.5179640718562872,0.9214679283834347,0.5459190717406215,668
psppsgva,political,ME,0.0156160754151841,0.6872614952810232,0.013363004747125333,0.7304811259234528,2.1934032983508245,3.6461769115442277,0.9038215283584695,0.49395406396137753,667
psppsgva,political,NL,-0.002130076734164307,0.9559157436102507,0.012735528543026797,0.7410038043803111,2.544378698224852,3.6477071005917163,0.9250975036124607,0.5309445754793888,676
psppsgva,political,NO,0.05223812715094838,0.1745872114284297,0.04947892835399371,0.19850872520939591,2.895125553914328,3.7596011816838995,0.8280885474977414,0.4764228026265188,677
psppsgva,political,PL,-0.02391956995480525,0.5386698628688108,-0.016569091552794374,0.6702111956660396,2.268476621417798,3.479638009049774,0.8847577726674779,0.5264529787694667,663
psppsgva,political,PT,0.021679520198060166,0.5750716724660566,0.03517430336034755,0.3629669392261143,1.9910581222056631,3.5767511177347244,0.9650197962034397,0.5322401509315828,671
psppsgva,political,RS,-0.023577850936529192,0.5531443828439196,-0.04009203597447801,0.31311732679837,1.853543307086614,3.453543307086614,1.0305885791593936,0.5076380755107804,635
psppsgva,political,SE,0.03860780525993309,0.31511417190894697,0.02881462402279232,0.4534878226008329,2.6671575846833577,3.749926362297496,0.8980293191323413,0.48000199163505636,679
psppsgva,political,SI,0.017534900187004838,0.6509897117275907,0.03575336146480193,0.35619753090113676,2.1497005988023954,3.606287425149701,0.8527492711928171,0.5385493213585818,668
psppsgva,political,SK,0.052328952295714604,0.1754416317498281,0.05850832900971559,0.1297258845226111,2.0297619047619047,3.5305059523809526,0.911431590313995,0.5433854082526721,672
psppsgva,political,UA,0.018232691108180685,0.6395930579139811,0.025822009743136115,0.5071776237615023,1.756797583081571,3.231117824773414,0.97614854254858,0.44286061711004715,662
vote,political,AT,-0.015149893781427101,0.6939630612817446,-0.02128997502487074,0.5802718806749358,1.2998522895125555,2.066469719350074,0.5654369222650558,0.6032565257351808,677
vote,political,BE,-0.026687059148319817,0.48688654146625915,-0.025633753048162403,0.5042493518236282,1.353891336270191,2.1116005873715125,0.6835377135329757,0.6365328365447099,681
vote,political,BG,-0.06023860405046637,0.11548930551735931,-0.042294605868574774,0.2693248794134908,1.3859649122807018,2.1140350877192984,0.5702549623165922,0.6438187489428443,684
vote,political,CH,-0.03628279246421996,0.35020420582514433,-0.03752238690609487,0.3339781711825272,1.6721804511278195,2.138345864661654,0.7977144859680625,0.5640753448390676,665
vote,political,CY,-0.051831213184110624,0.17797338157527418,-0.05343421644983975,0.1649118784676068,1.3471196454948302,2.1477104874446087,0.5951317333519341,0.609623211858922,677
vote,political,DE,-0.0130019641690988,0.7342798834985952,-0.011481723957318682,0.7643703765626644,1.340643274853801,2.0716374269005846,0.6667485372656782,0.6234670994780585,684
vote,political,EE,-0.02484976844689334,0.5176899412569004,-0.01886095133340509,0.6234460817815994,1.3691176470588236,2.1411764705882352,0.6356510359092338,0.6000086631965756,680
vote,political,ES,-0.05376802446329431,0.16042918676619652,-0.03717179357860152,0.33203977726161354,1.390922401171303,2.0658857979502194,0.6683280215653653,0.6361946287945983,683
vote,political,FI,0.019646111927744608,0.6106504948496458,0.013802877203908086,0.7205712589613025,1.1869436201780414,2.065281899109792,0.4600618600720635,0.6205107377714761,674
vote,political,FR,0.006927582072766975,0.8580561032629135,0.00565174723805487,0.8839920977753112,1.4872944693572496,2.1046337817638268,0.6276345705710873,0.6505129658027143,669
vote,political,GB,0.007753815897545758,0.8401693893110794,0.014791207847799262,0.7004339832209594,1.3711340206185567,1.995581737849779,0.6053768747466809,0.6640658100067977,679
vote,political,GR,-0.0007726263950902078,0.9839078819589293,-0.006433876871906456,0.866613419899515,1.1871345029239766,2.141812865497076,0.42959135409880356,0.6707048717272655,684
vote,political,HR,-0.04737698506476623,0.21999020504073188,-0.05519604952542954,0.15292635054035414,1.3467261904761905,2.1458333333333335,0.5857380960523109,0.6433290991832534,672
vote,political,HU,-0.0321930373602132,0.400898216241305,-0.031923369712106485,0.4048571068763269,1.2781844802342606,2.1288433382137626,0.534917085628966,0.6369163549187864,683
vote,political,IE,-0.10846167155873086,0.00457305024823978,-0.11223390065229273,0.0033365097138051644,1.3181818181818181,2.06891495601173,0.6058386324247125,0.6247008059986341,682
vote,political,IL,-0.04981529343726725,0.19915443168959585,-0.044169843829860146,0.2549933996706332,1.3138138138138138,2.1621621621621623,0.5584792898239602,0.5887242310967257,666
vote,political,IS,-0.04206875272452307,0.2729502440090307,-0.049503689560949714,0.19695865038414587,1.2657856093979443,2.170337738619677,0.6241379993273689,0.6066310322546073,681
vote,political,IT,0.0467017086844223,0.2280352944960332,0.03248438063163394,0.4019014141693653,1.410179640718563,2.12125748502994,0.6043455558612357,0.6786287255158852,668
vote,political,LT,0.018754545688449874,0.6256621416434374,0.02163059329730211,0.5736601041939084,1.4285714285714286,2.0574374079528717,0.582798803918759,0.5783201452465504,679
vote,political,LV,-0.013300793051399994,0.7289858714305569,-0.019843987867619494,0.6051925876106984,1.4126284875183555,2.069016152716593,0.6266758649546667,0.5987195169967517,681
vote,political,ME,-0.05584857935944787,0.1484259422569432,-0.047716521364092594,0.21704213648373877,1.195230998509687,2.18628912071535,0.42920394761651304,0.5855395010835952,671
vote,political,NL,0.03407694568447606,0.37636279806083156,0.025683851105200863,0.5049930065715762,1.2988165680473374,2.091715976331361,0.6225860681293767,0.5916876171157229,676
vote,political,NO,-0.07311741041788901,0.05632364602424204,-0.06542898874943166,0.08775108427262007,1.3064516129032258,2.0762463343108504,0.6581150639893231,0.608354935688499,682
vote,political,PL,-0.03954595402778606,0.3038478286647833,-0.02212508535263103,0.5652169607272473,1.196165191740413,2.162241887905605,0.4752516700906649,0.5955936084495641,678
vote,political,PT,-0.04237016521712956,0.27165354679547893,-0.05359399621571512,0.1642764336116795,1.3466666666666667,2.08,0.5827388520880838,0.6441703886505832,675
vote,political,RS,-0.02237377080544544,0.5643537175871136,-0.006779453352991882,0.8613699511131058,1.2522522522522523,2.0975975975975976,0.4774960089139535,0.6188227437681538,666
vote,political,SE,0.04515281798154251,0.2382623925596478,0.03687497001034892,0.33556297587562567,1.128654970760234,2.1315789473684212,0.44074733978795627,0.6195425208918544,684
vote,political,SI,-0.024600693659913988,0.5212830551249528,-0.03983426503662246,0.29890658105027823,1.310850439882698,2.095307917888563,0.5962433876406844,0.621216873815524,682
vote,political,SK,0.08526305665178684,0.02564558037543591,0.08341618800446753,0.029033675908442608,1.2452554744525548,2.0992700729927005,0.47878543994453426,0.6203772138628705,685
vote,political,UA,0.002802328169889721,0.9427158810959857,0.005895358595352634,0.8798426227121285,1.378787878787879,2.1454545454545455,0.5443920615664375,0.6329787992484205,660
actrolga,efficacy,AT,-0.029575398384457354,0.44606924701256345,-0.03290944703205582,0.3964782979401728,2.3363363363363363,3.3168168168168166,1.0539297465997963,0.5290815586625274,666
actrolga,efficacy,BE,0.053804241963821775,0.16107150086729913,0.05285428002261458,0.16860574694080566,2.163235294117647,3.4,1.021766700624496,0.5250710029832013,680
actrolga,efficacy,BG,-0.02943720914547604,0.44717371381898924,-0.03398596306036381,0.38012946777993184,1.9222720478325859,3.28101644245142,1.1645706376989593,0.4972512901316841,669
actrolga,efficacy,CH,0.03141153494701963,0.4151959003148878,0.031085180746928915,0.4200614246671826,2.3496296296296295,3.471111111111111,1.1279346211135373,0.5367595191559716,675
actrolga,efficacy,CY,0.05518434001465889,0.15517801988597088,0.06775116746770518,0.0808354446868732,2.031578947368421,3.28796992481203,1.1128607727636548,0.4770386805161388,665
actrolga,efficacy,DE,0.036268588388197576,0.34570910063635774,0.01646231966777266,0.6687304467434495,2.2890855457227137,3.382005899705015,1.0604611695993345,0.504134269670131,678
actrolga,efficacy,EE,0.0667894745808663,0.08338374571668775,0.0644557208243213,0.09477003165800975,2.0653789004457654,3.390787518573551,1.0387745530164967,0.532043011227817,673
actrolga,efficacy,ES,0.06816306963909698,0.07655735466907163,0.060330782731413485,0.1170854622242744,1.878698224852071,3.3032544378698225,1.0328337533844338,0.5232842726284406,676
actrolga,efficacy,FI,0.03756573647367059,0.3265824767922037,0.05196243718401048,0.17464602757473963,2.4415204678362574,3.4195906432748537,1.059476388474822,0.5254538376957766,684
actrolga,efficacy,FR,0.034696643324917245,0.36774018542676734,0.04935173964634854,0.200000017292572,2.1198224852071004,3.3291420118343193,1.125656600947478,0.5249562978168527,676
actrolga,efficacy,GB,0.03216178693739249,0.40730040183578375,0.03734561396043327,0.33589761904447774,2.2162162162162162,3.3445945945945947,1.1244814108760588,0.5146946544107567,666
actrolga,efficacy,GR,0.028009385103689985,0.47019313118718875,0.032635501622594446,0.40006850219540546,2.1499250374812595,3.335832083958021,1.043359882409724,0.5352073118491205,667
actrolga,efficacy,HR,-0.01336028504662712,0.7307287987000678,-0.012615220632074584,0.7452097871081965,1.7897897897897899,3.262012012012012,1.0351495991340207,0.5239079640000833,666
actrolga,efficacy,HU,0.04393221943556137,0.25435821385381724,0.034860042300848576,0.36584340276857963,1.8903703703703705,3.3088888888888888,0.9864718532333666,0.4915407054192716,675
actrolga,efficacy,IE,0.0041248538459380075,0.9151298970771448,0.012528489908760711,0.7461658653730815,2.226865671641791,3.3507462686567164,1.1162051460718416,0.5475514553096963,670
actrolga,efficacy,IL,0.04087472719584892,0.2936574449482936,0.04148464355300528,0.28650727057510855,2.1404833836858006,3.4682779456193353,1.1771494617275313,0.5172279143352898,662
actrolga,efficacy,IS,-0.0455528985437154,0.23619447097603985,-0.06802281000730757,0.07672886994500698,2.6519174041297937,3.4690265486725664,1.0950759316021628,0.6013887884903546,678
actrolga,efficacy,IT,-0.023579126580814402,0.5420394667212325,-0.0033616311441826826,0.9307379122578125,1.8614008941877795,3.3338301043219074,0.8810698069481312,0.499584986916219,671
actrolga,efficacy,LT,0.003934250194236374,0.9193406005534831,-0.015290807001518083,0.6938805897621517,1.9443609022556392,3.3338345864661654,0.9901178533534809,0.5226622100842643,665
actrolga,efficacy,LV,0.029789392134695634,0.4434724177278773,0.025757132563665436,0.5076032607773442,1.5060240963855422,3.269578313253012,0.7118644434468039,0.5278738507486799,664
actrolga,efficacy,ME,0.01389063241877488,0.7237297929314562,0.015775223957757045,0.688094934613856,2.0953846153846154,3.335384615384615,0.9256540217715303,0.5040455042285932,650
actrolga,efficacy,NL,-0.015019421962010986,0.6960401035061631,-0.01092155437427308,0.7763537324300738,2.110456553755523,3.385861561119293,1.0935016947599914,0.5334037623852712,679
actrolga,efficacy,NO,0.03418288649200795,0.37346547060757407,0.030770542446145417,0.42306736746432094,2.6911764705882355,3.523529411764706,1.0780628585504892,0.5171912494714551,680
actrolga,efficacy,PL,-0.009054994645282876,0.8155689607923065,0.008399040049911712,0.8287145731432073,2.1066066066066065,3.3423423423423424,1.0167254905845566,0.5400444787389832,666
actrolga,efficacy,PT,0.058520735466957935,0.12737556555537882,0.06240787571082585,0.10395190624482069,1.7029411764705882,3.3161764705882355,0.9799117191813218,0.5359286584854855,680
actrolga,efficacy,RS,-0.02871949981123992,0.46104295421511293,-0.020400079906219972,0.6005942036297587,1.9062027231467473,3.2829046898638428,1.1704600033521517,0.5165398030887277,661
actrolga,efficacy,SE,0.0948803539394458,0.013521705672280178,0.1050506686105748,0.006221765359838413,2.6794682422451994,3.490768094534712,1.0820240515701782,0.5547065973630116,677
actrolga,efficacy,SI,0.027674556870556557,0.47618364500193067,0.046560157688000016,0.23050231470736685,1.97593984962406,3.2887218045112783,0.9875848580239421,0.5300679280376132,665
actrolga,efficacy,SK,0.04623626089396112,0.22923130032448705,0.038901460584975754,0.3118025980025653,1.8554572271386431,3.2787610619469025,0.8913127492227471,0.5132141013972835,678
actrolga,efficacy,UA,0.05690219622491504,0.14668374548062826,0.036639277390339314,0.35026448923824527,1.7423312883435582,3.263036809815951,1.0104763491994384,0.5260337450649945,652
cptppola,efficacy,AT,-0.07311946312922614,0.058727011436052634,-0.08985587667395274,0.0200996345874323,2.690582959641256,3.3497757847533634,1.1981464431238236,0.5740814928481044,669
cptppola,efficacy,BE,0.0315821013666623,0.4095566298081529,0.04235421704135686,0.2686499603348957,2.0716374269005846,3.361111111111111,1.0148889877783287,0.5621095430977099,684
cptppola,efficacy,BG,-0.024825107214927113,0.537572437122158,-0.023180628310275463,0.5648592437445373,2.0840064620355414,3.2891760904684975,1.0984187398772447,0.5956116214193642,619
cptppola,efficacy,CH,0.0022786124278202065,0.9528101393388332,0.0003865590026981043,0.9919898691384161,2.7178729689807977,3.4446085672082716,1.0638726685300108,0.5615553491537417,677
cptppola,efficacy,CY,0.0631724589980431,0.1015417892432069,0.06331439004694991,0.10077441836951305,2.0787518573551265,3.3803863298662704,1.0984473292151014,0.5755704979810751,673
cptppola,efficacy,DE,0.019858382796180393,0.6067994421302274,0.022197019535120713,0.5651091381240948,2.664688427299703,3.413946587537092,1.0430692398792933,0.5417336406485468,674
cptppola,efficacy,EE,-0.015229339398988028,0.6924397838943018,-0.0023834891493220755,0.9506408575545293,1.8847858197932053,3.4608567208271785,0.9334460031224998,0.6298923350073927,677
cptppola,efficacy,ES,0.06509287183279021,0.08916071798123146,0.06918346156024874,0.07077588191376162,2.171303074670571,3.3865300146412882,1.1519189270355241,0.562717636143936,683
cptppola,efficacy,FI,-0.0504036443391145,0.18763159160886997,-0.041105351670622854,0.28267962050316275,2.3401459854014597,3.4802919708029196,0.9776343818141108,0.6499931866555184,685
cptppola,efficacy,FR,-0.013026763913295419,0.7351112909327868,0.01481959926256217,0.7003092498289485,2.2319054652880355,3.342688330871492,1.006334112548886,0.5418796827603727,677
cptppola,efficacy,GB,-0.060049261916574115,0.1215799158762957,-0.04486801715481901,0.24755230468385436,2.2867867867867866,3.328828828828829,1.0776078518140602,0.5764637941750692,666
cptppola,efficacy,GR,0.0391972680718671,0.3128358251082638,0.05163878558219722,0.1835109464008991,2.281203007518797,3.3789473684210525,1.0531186027970478,0.5522479569547405,665
cptppola,efficacy,HR,-0.017338341731260972,0.6527130167646856,-0.006622373254290504,0.8635437144532848,1.8150887573964498,3.3727810650887573,0.9411467352627001,0.5812619369990615,676
cptppola,efficacy,HU,0.034168674755785285,0.37507866756877806,0.038226294722392445,0.32099900972830114,1.856508875739645,3.3136094674556213,0.9530313126461624,0.5650497099068276,676
cptppola,efficacy,IE,0.02064971564681889,0.5908909800646241,0.0288040284333186,0.4533204372870164,2.2044117647058825,3.4044117647058822,1.107337134642515,0.6303408208079593,680
cptppola,efficacy,IL,0.025151913666104718,0.5173151694674438,0.03227949610240176,0.40593912595172676,2.136842105263158,3.4977443609022556,1.185090210854444,0.5914127161427045,665
cptppola,efficacy,IS,-0.0529051837337738,0.16756882402380627,-0.053798288997317596,0.16050102276239087,2.7565982404692084,3.601173020527859,1.0150087403093573,0.6892493752608493,682
cptppola,efficacy,IT,-0.032229160427856555,0.4073811386391667,-0.005918892244150422,0.8790938387043126,2.055806938159879,3.369532428355958,0.8629107833795074,0.5796974873301625,663
cptppola,efficacy,LT,-0.03544226500401547,0.3607618529332187,-0.04928379812523854,0.2036555765482065,1.944527736131934,3.31784107946027,0.957777963822151,0.4971656770555226,667
cptppola,efficacy,LV,0.0006918162736019639,0.985750227326195,0.019249637163308266,0.6191837733535874,1.5500747384155455,3.366218236173393,0.8240150137641918,0.60841963257908,669
cptppola,efficacy,ME,0.015607706537446187,0.6907840937007351,0.015918362576248284,0.6849558032560831,2.1579754601226995,3.371165644171779,1.024079165712162,0.5545204735830586,652
cptppola,efficacy,NL,0.023136768772265087,0.5457910307573945,0.04039301145967682,0.29146526340491136,2.128654970760234,3.396198830409357,1.082726320396843,0.5923253885933607,684
cptppola,efficacy,NO,-0.027284496369507524,0.4762111430019353,-0.022330410124300797,0.5598794817288661,2.690058479532164,3.6008771929824563,1.0647365085281462,0.6357337141610098,684
cptppola,efficacy,PL,-0.0008603434832170627,0.9821866831712263,-0.009744869957424714,0.8003426136651517,1.9511834319526626,3.3846153846153846,0.9280717191750327,0.5708992257184502,676
cptppola,efficacy,PT,-0.0033043971937563896,0.9313577511822058,0.030853421244723733,0.42113449273668213,1.7096774193548387,3.3519061583577714,0.94838616228976,0.6197229758568721,682
cptppola,efficacy,RS,0.02526743439603701,0.5189001870942578,0.038122769551872486,0.3303453114634679,1.8883792048929664,3.287461773700306,1.1401429761481716,0.5307644037503142,654
cptppola,efficacy,SE,-0.046416680821461664,0.22776184402041708,-0.04001407157781278,0.2985129953215126,2.691285081240768,3.5494830132939437,1.07174481831764,0.6291634333148204,677
cptppola,efficacy,SI,-0.0474465381878005,0.21965757486491602,-0.017699806717935647,0.647188887212327,1.9821162444113263,3.314456035767511,0.966440920149137,0.5607161950777508,671
cptppola,efficacy,SK,-0.0018177500151836858,0.9623187084786344,-0.001036810183242917,0.9785019231644512,1.612094395280236,3.3628318584070795,0.867074425307997,0.5390830921609886,678
cptppola,efficacy,UA,0.06932482578846416,0.07250720064909379,0.06766882987360978,0.07961566988087714,1.7172619047619047,3.2916666666666665,1.0432379391929856,0.5443564040998787,672
trstprl,inst_trust,AT,-0.0003772000590845507,0.9922302847447542,-0.0395937278758526,0.3065069410083406,5.106128550074739,6.894618834080718,2.4748631102725387,0.8305728380013306,669
trstprl,inst_trust,BE,0.03859974445995594,0.3228453781024433,0.055200378567661364,0.1572564218285077,4.703647416413374,6.981003039513678,2.2926031697755396,0.7704715372034656,658
trstprl,inst_trust,BG,0.08544941641160121,0.026986040593614,0.0918036194716829,0.017460638535021594,2.523880597014925,6.086567164179105,2.1633991379922737,1.4200039498027195,670
trstprl,inst_trust,CH,-0.0015805840716045575,0.9677205724499113,0.015869375180514896,0.6845037883612431,6.477203647416413,7.169908814589666,1.8864888724619473,0.5877286394424003,658
trstprl,inst_trust,CY,-0.013444262551935877,0.7279287998878751,-0.005474922140945558,0.8873461711951952,3.925595238095238,6.823660714285714,2.4513993576299065,1.0091635250702073,672
trstprl,inst_trust,DE,-0.03965427717708468,0.30324098569061536,-0.05856431781675533,0.1282196775801725,5.161242603550296,6.953846153846154,2.6307088345477223,0.5818234427371576,676
trstprl,inst_trust,EE,0.040834592728874505,0.2908612732402752,0.046784171722897686,0.22616960605234404,4.724292101341281,7.00193740685544,2.578323543824361,0.6798677234943464,671
trstprl,inst_trust,ES,0.04831833298840359,0.21474100971866147,0.027672793918294317,0.47754617959891904,4.3071104387291985,6.9334341906202726,2.641927837468478,0.7538498206552533,661
trstprl,inst_trust,FI,0.017425151167070125,0.6498824989921764,0.022367891025916534,0.5600868311397864,6.604992657856094,7.025697503671072,2.0017429996657214,0.6287245418606441,681
trstprl,inst_trust,FR,0.020496462582758532,0.598319638038983,0.048036226744767034,0.2167360991943461,4.2699849170437405,6.822775263951734,2.489455921535999,0.8207340439311422,663
trstprl,inst_trust,GB,-0.06021070420933168,0.12284073019802436,-0.06586767201944799,0.0913677742909456,3.6003039513677813,6.730243161094225,2.5695441200918343,1.007859646535418,658
trstprl,inst_trust,GR,0.008059959249543731,0.8343120103652887,0.021232587525758167,0.581573532667796,3.165680473372781,6.724852071005917,2.144223518953414,0.9272200467643213,676
trstprl,inst_trust,HR,-0.003997797037903172,0.9179807044910703,-0.016942797860004313,0.6625085690656223,2.933933933933934,6.664414414414415,2.480932729369901,1.0257926490424398,666
trstprl,inst_trust,HU,-0.08354597416766046,0.03097352432273438,-0.06945136591236259,0.07305686813293474,4.559220389805097,6.389805097451275,2.9055220271328523,1.2890452473220817,667
trstprl,inst_trust,IE,-0.016901809099100013,0.6661476885702532,-0.0318900318695723,0.4155393984191052,5.061162079510703,6.951070336391437,2.353048108507093,0.7717586475400667,654
trstprl,inst_trust,IL,-0.01596072335569882,0.6843926252855735,0.0051703276076098285,0.8952479091815307,3.824884792626728,6.522273425499232,2.7225657769434637,1.1138478250780808,651
trstprl,inst_trust,IS,-0.026095193598360135,0.4985127419255198,0.01682290578841707,0.662624373586504,5.5525925925925925,7.230814814814815,2.2952935212320313,0.688479867512556,675
trstprl,inst_trust,IT,-0.04349825319038246,0.261578321408293,-0.0038164003275558927,0.9215724754027733,4.438622754491018,6.729790419161676,2.3756900782146086,0.9332900089830546,668
trstprl,inst_trust,LT,-0.0228845642771982,0.5522338424117119,0.011917712613957566,0.7569202266663639,3.7282127031019203,6.582422451994092,2.5349600376653445,1.1024722266884652,677
trstprl,inst_trust,LV,-0.03317020289114701,0.39453416750735687,-0.03559636832104562,0.360854950120981,3.081694402420575,6.614220877458396,2.397469784392429,1.1082516422971727,661
trstprl,inst_trust,ME,-0.046057789142504475,0.23522390577260358,-0.05054813317772105,0.19261678037625213,4.202702702702703,6.87012012012012,2.412883694256257,0.8317165783801996,666
trstprl,inst_trust,NL,0.03956999349659734,0.3049897771408518,0.0362014412890128,0.34803520403637045,5.256676557863502,7.068991097922849,2.1009426015462673,0.573099176056564,674
trstprl,inst_trust,NO,-0.01142807701843396,0.7661082959474054,-0.012350000825347427,0.7478554724897001,6.477941176470588,7.293382352941176,2.353097516031047,0.5941792034023653,680
trstprl,inst_trust,PL,-0.0358382616730806,0.35796395916473905,-0.0479111429810178,0.21898471322362736,3.925757575757576,6.427272727272728,2.5937248077170993,1.192737946986141,660
trstprl,inst_trust,PT,-0.007661986873345403,0.8437755121647897,-0.03961383113061252,0.3080824848322159,4.381024096385542,6.908132530120482,2.635355650027795,0.8782576371032822,664
trstprl,inst_trust,RS,-0.07823516234704496,0.05003484288541431,-0.06216234896768078,0.11966393917445903,4.189490445859873,6.226114649681529,3.0852973968520137,1.367130500360629,628
trstprl,inst_trust,SE,-0.027524587110799817,0.4752768928206249,-0.03950195717497565,0.30546285453240757,6.285925925925926,7.12,2.2186879247123814,0.5505325180336424,675
trstprl,inst_trust,SI,0.06475487199963903,0.0952200428499613,0.05034721300052063,0.1947298354660103,4.189473684210526,6.873684210526315,2.4703440799161798,0.82769227890597,665
trstprl,inst_trust,SK,-0.008116649643484075,0.8330416779960649,-0.013769185976451376,0.7206288847562443,4.104874446085672,6.369276218611521,2.766439275277644,1.2661272927788136,677
trstprl,inst_trust,UA,-0.01317939274119386,0.7359769144800435,-0.0024308262893882773,0.9504127918899503,2.2161339421613393,4.670471841704718,2.555872297581463,1.6159019010618472,657
trstplt,inst_trust,AT,-0.09466835737385518,0.014525202536406491,-0.06024832473260306,0.12034728472884348,3.6531531531531534,6.278078078078078,2.4875262883345486,1.3924824697212932,666
trstplt,inst_trust,BE,-0.022525100821438538,0.5617215122889361,-0.0009578891001830985,0.9803151616162623,4.133633633633633,6.0825825825825826,2.2347584373020366,1.5041086376727386,666
trstplt,inst_trust,BG,0.038404824146330084,0.3238249670586113,0.040710218722782084,0.29560628848059595,2.226586102719033,4.896525679758308,2.083728505590594,1.7679967248719692,662
trstplt,inst_trust,CH,-0.020220859373474835,0.6057286006365633,0.029845092249482088,0.4460893394705334,5.602446483180428,6.672782874617737,1.9221590422773138,1.2244169379463254,654
trstplt,inst_trust,CY,-0.1233924834113236,0.0014556422925761728,-0.11844992937757551,0.002250997500558544,2.6877828054298645,5.359426847662142,2.2650540501357193,1.8338206456538082,663
trstplt,inst_trust,DE,-0.06510756690734816,0.09098918623932774,-0.04764861283393649,0.21632658748553113,4.065185185185185,6.5525925925925925,2.343983981982826,1.159967104672072,675
trstplt,inst_trust,EE,-0.03371400477146177,0.38431281325576255,-0.04612636474734923,0.2338228386056505,3.604790419161677,6.431137724550898,2.3269700494811776,1.2551736025776308,668
trstplt,inst_trust,ES,0.025866723018861094,0.5038750131605432,0.021584298977154016,0.5770373315239029,2.737313432835821,5.87089552238806,2.3567373650327608,1.5638299841294871,670
trstplt,inst_trust,FI,-0.011318518763047758,0.7689517917163583,0.01701291858275705,0.6588154407619015,5.394970414201183,6.361686390532545,2.008700666971999,1.2426481147368118,676
trstplt,inst_trust,FR,0.001414569793620876,0.9710874092322812,-0.004915622708762662,0.8997714066030178,3.8877086494688924,5.443854324734446,2.1885618794990007,1.6421604357308077,659
trstplt,inst_trust,GB,0.03448317916008376,0.3768042812089541,0.04352705985417192,0.2645118275826696,2.9377845220030347,5.133535660091047,2.321581437932246,1.7365413263097842,659
trstplt,inst_trust,GR,0.05279198062585718,0.1745553288746351,0.037448197297924174,0.33566606511582653,2.6802413273001506,5.4034690799396685,2.074230888433389,1.6213837387466647,663
trstplt,inst_trust,HR,-0.05330822001375983,0.17037284450542842,-0.01860066521231901,0.6325917398283776,2.092006033182504,5.726998491704374,2.183911106711518,1.6912725714307126,663
trstplt,inst_trust,HU,0.0025158415186682203,0.9483297382994209,0.01422638501079695,0.7140152545469526,4.088588588588588,5.277777777777778,2.6860187362598116,1.6936906851633773,666
trstplt,inst_trust,IE,0.013477571168328411,0.731823221823167,-0.0035670225109697418,0.9277335802713172,4.302003081664099,5.22573189522342,2.416764811542794,1.7414607699268128,649
trstplt,inst_trust,IL,0.05333081642693446,0.17412374403429184,0.043281320242203956,0.27015553305272216,3.2319508448540706,5.8556067588325655,2.502913816527583,1.565211725825596,651
trstplt,inst_trust,IS,-0.03040756653057466,0.4354591176199378,-0.03529508182851962,0.36530100448183045,4.775757575757575,6.628030303030303,2.1997420600658257,1.2942803083300833,660
trstplt,inst_trust,IT,0.007344645284241398,0.850504010702557,0.015961160789099448,0.6820923779873853,3.3918305597579423,5.462178517397882,2.319063252963684,1.6719859643707988,661
trstplt,inst_trust,LT,0.025448855317823704,0.5152588811607232,0.036639130198552416,0.34878710649357425,3.4908536585365852,5.464176829268292,2.3102642266355793,1.7017764205316646,656
trstplt,inst_trust,LV,-0.06184824261910699,0.11603251065593093,-0.06127865964040949,0.11943595919873813,2.618238021638331,5.469088098918084,2.1979109105017387,1.6812026516763694,647
trstplt,inst_trust,ME,-0.04669489565827595,0.22880344679248832,-0.042479316996055685,0.2736491658220281,3.686186186186186,5.988738738738738,2.2449317731357574,1.4611075933376991,666
trstplt,inst_trust,NL,0.0626319001366582,0.10633465777130355,0.06516291331469284,0.09290190138173114,4.842342342342342,6.334234234234235,2.046249437585988,1.3105583149679063,666
trstplt,inst_trust,NO,0.013722013716808134,0.7237322951067363,-0.005436627373514685,0.888628080565744,5.252252252252252,6.997747747747748,2.058403506341682,0.7921101746312303,666
trstplt,inst_trust,PL,-0.008478324880603032,0.828281141030257,0.017923840738975676,0.6465314443481319,2.863013698630137,5.619482496194825,2.3346773530404294,1.559232253253646,657
trstplt,inst_trust,PT,-0.01831648260641121,0.6357714969881708,-0.011082098362986839,0.774464133566223,2.8703427719821164,5.786140089418778,2.3593952618700813,1.6786904556877975,671
trstplt,inst_trust,RS,-0.12717127012919627,0.00132113626858559,-0.10956428337902442,0.005712940867192877,2.8645669291338582,5.085826771653544,2.840211691777506,1.747270264408077,635
trstplt,inst_trust,SE,0.024029611117769384,0.5355722712948144,0.018307730546682027,0.6369450431730144,4.874062968515742,6.6521739130434785,1.9930138077973907,1.1375414376018975,667
trstplt,inst_trust,SI,0.024583364855082057,0.5280827411196212,0.022194515202913833,0.56894267955705,3.226928895612708,5.785930408472012,2.2889592267898093,1.5916254093330282,661
trstplt,inst_trust,SK,-0.026234613617803087,0.49654056214629944,-0.026400500808867546,0.49382115996612896,3.8560830860534123,5.191394658753709,2.6294254592375776,1.7110384085095536,674
trstplt,inst_trust,UA,-0.052009557711685236,0.18675624458883655,-0.06014278325200165,0.12675034667563065,2.015479876160991,3.93343653250774,2.331398489458348,1.6984433232587486,646
trstlgl,inst_trust,AT,-0.005054483051177067,0.8957917010377544,0.012439090949018343,0.7471870859707999,6.629080118694362,7.309050445103858,2.338790415733628,0.7337286892494639,674
trstlgl,inst_trust,BE,0.013882883850461438,0.7192203490072908,0.028080407056393808,0.4670679285984082,5.356612184249628,7.298959881129272,2.4629435410860543,0.7202525928417225,673
trstlgl,inst_trust,BG,0.011678180641253026,0.7663341199989178,0.0036114871259592587,0.9267788487260651,3.8476923076923075,6.9804615384615385,2.911091784044835,0.9457078951862781,650
trstlgl,inst_trust,CH,-0.010053027059535426,0.7961203507667833,0.01043078301628963,0.788637367490036,6.935143288084465,7.563499245852188,1.9780560360754265,0.7117451020247544,663
trstlgl,inst_trust,CY,-0.03163266192995,0.4150644073878721,-0.03654492731583278,0.3463682867382251,4.36936936936937,7.285735735735736,2.649197675431466,0.8378404835790906,666
trstlgl,inst_trust,DE,-0.04308091905618247,0.2651116804813854,-0.041327190078779524,0.28507573514788526,6.329359165424739,7.387481371087929,2.3449569974866047,0.6815859945274901,671
trstlgl,inst_trust,EE,0.020551366734277304,0.5959555414417074,-0.0034257174149135913,0.9295790391455947,6.326347305389222,7.4687125748503,2.4595243038516834,0.6946746380825769,668
trstlgl,inst_trust,ES,0.0028402285902433266,0.941503442053189,0.04191797176525123,0.27859985298619755,5.28955223880597,7.294029850746269,2.6210105610705026,0.6943893440574141,670
trstlgl,inst_trust,FI,-0.00920997211342948,0.8104025291491316,-0.02447823483268085,0.5236654055631662,7.481644640234949,7.533480176211454,1.8794635334407876,0.6695879461438545,681
trstlgl,inst_trust,FR,0.09042084042848733,0.018702446673002426,0.07817596956406611,0.042161350418157766,5.288461538461538,7.209023668639052,2.4521343688637787,0.6851384889703652,676
trstlgl,inst_trust,GB,-0.04314537682549665,0.2679998202270988,-0.014187193885352218,0.7157985893716569,5.535552193645991,7.135854765506808,2.5365254580164645,0.8596513053289517,661
trstlgl,inst_trust,GR,-0.007808011314318329,0.8397729824180111,0.009443955179824567,0.8068068944185977,5.234769687964339,7.069687964338781,2.537488678517329,0.8870778963290217,673
trstlgl,inst_trust,HR,-0.029287559272618283,0.45016870450571705,-0.005321309004266147,0.8908939344642683,3.181409295352324,7.175262368815591,2.467521605937691,0.8374509345005723,667
trstlgl,inst_trust,HU,-0.04635202006495665,0.23189157567525562,-0.04263844770072063,0.2714934479865625,5.37031484257871,6.997001499250374,2.779572696512863,0.9120432157113368,667
trstlgl,inst_trust,IE,-0.012647979035506183,0.7466240891321164,-0.016307996520512562,0.67697062450996,5.693129770992367,7.332213740458016,2.4380141452482134,0.7698348546802982,655
trstlgl,inst_trust,IL,-0.012078502824129513,0.7582075675836372,-0.011872575948844343,0.7622048139139301,4.506134969325154,7.225306748466257,2.84655597013751,0.7215919832192199,652
trstlgl,inst_trust,IS,0.05086547929778108,0.18817478616290975,0.031276960078448185,0.41858688102553426,6.189269746646795,7.585394932935917,2.1884918620166762,0.681850938258603,671
trstlgl,inst_trust,IT,-0.022096449261141606,0.5671622841633925,-0.02374414527285013,0.538608855888591,5.531946508172362,7.294205052005943,2.2995739609536963,0.7856103553990067,673
trstlgl,inst_trust,LT,0.03544764538240813,0.3635959914457296,0.055690375187417526,0.15328563548893265,5.294385432473445,7.1244309559939305,2.5067959987768273,0.8288093976555128,659
trstlgl,inst_trust,LV,-0.03897511325231067,0.3373462879898393,-0.047952661306595167,0.2377432768782764,4.055921052631579,7.161677631578947,2.615408241657132,0.7789414191437269,608
trstlgl,inst_trust,ME,-0.07171715997108598,0.06557377343072629,-0.07757752441985785,0.04634606169935148,4.321212121212121,7.323484848484848,2.1980481858845713,0.6408998615595247,660
trstlgl,inst_trust,NL,-0.032706118946771966,0.3983404228856496,-0.009847341414754853,0.7993165790264679,6.42152466367713,7.4403587443946195,2.0674009707159224,0.7479015692839154,669
trstlgl,inst_trust,NO,-0.009523463884504677,0.8050706186354681,-0.0063794013460978585,0.8686975053397142,7.489614243323442,7.619139465875371,1.9889842620805867,0.660184922639518,674
trstlgl,inst_trust,PL,0.050508864140401094,0.1980721560041625,0.05573209438418263,0.15550318433805177,4.0798771121351765,7.023502304147466,2.4731936345757703,0.8938511446772536,651
trstlgl,inst_trust,PT,-0.02577088185639633,0.5099553393269066,0.00010462471691050806,0.9978659887710213,4.432926829268292,7.210213414634146,2.4460745248044695,0.9130784855623705,656
trstlgl,inst_trust,RS,0.031365752847743664,0.4297307894279778,0.011588530357055033,0.7705263349994016,4.179245283018868,6.897012578616352,3.0210719372397796,0.9845294042703983,636
trstlgl,inst_trust,SE,0.05766141917657024,0.13863405644277182,0.06021780125622646,0.12194323734184308,6.6293494704992435,7.532829046898638,2.1363345202076336,0.7901837240164175,661
trstlgl,inst_trust,SI,0.023902367398343234,0.5389620297019145,0.06185977422374644,0.11153471775555934,4.803921568627451,7.302262443438914,2.5594177148633723,0.7924746189335273,663
trstlgl,inst_trust,SK,-0.031784368596080095,0.4110744371325916,-0.0024510281296957906,0.9494700158368422,5.026825633383011,7.030402384500745,2.748002568650928,0.9098956733343195,671
trstlgl,inst_trust,UA,0.06502640895700372,0.10462786878005222,0.058056656276613106,0.1474579939135313,2.5625,5.394230769230769,2.623991818929814,1.5627686829121257,624
trstprt,inst_trust,AT,-0.06001954422205987,0.12092497238184349,-0.036362101664305646,0.3477005766005592,3.563527653213752,6.727653213751869,2.407122065627326,1.1265829950912307,669
trstprt,inst_trust,BE,-0.029246447755312852,0.45182904645419925,-0.024315693409262217,0.5316537688786324,3.9156626506024095,6.781475903614457,2.139648379097501,0.9987640579539898,664
trstprt,inst_trust,BG,0.013960163562400096,0.7215832727799747,0.03374082673116383,0.38898304301276515,2.327217125382263,5.875382262996942,2.1348043923318696,1.6786624399171937,654
trstprt,inst_trust,CH,-0.02240204421443547,0.5694971238609242,-0.0022918228990051557,0.9536031776187569,5.349304482225657,6.994281298299846,1.8840446195643272,0.9245271913577889,647
trstprt,inst_trust,CY,-0.021107228683702815,0.5868949304999813,-0.036518407705190305,0.3470822500905448,2.511278195488722,6.5436090225563905,2.2117448726804056,1.3332152335443124,665
trstprt,inst_trust,DE,0.029596908631301606,0.44471177797284056,0.05324376527660481,0.1689602942399326,4.031390134529148,6.804633781763827,2.208564171438902,1.0008646226782822,669
trstprt,inst_trust,EE,-0.013270994123659568,0.7332361550467716,-0.0029716977249203643,0.9391680527737443,3.690332326283988,7.016767371601209,2.1973433715325146,0.8125750352180695,662
trstprt,inst_trust,ES,0.020117590676200236,0.603195184605783,0.030592026698435713,0.42919997571150664,2.746268656716418,6.5873134328358205,2.3942087800719634,1.2054572994163462,670
trstprt,inst_trust,FI,-0.041895045098382856,0.27564586501258315,-0.062983633858089,0.10104498096947039,5.462444771723122,6.95139911634757,1.897363619483943,0.876517790929726,679
trstprt,inst_trust,FR,-0.012824653704648081,0.7403788434987737,-0.03516164462622538,0.363498927880087,3.467164179104478,6.4619402985074625,2.1193032712817717,1.2972199074209347,670
trstprt,inst_trust,GB,-0.02536054189858813,0.5147998344810696,-0.045205874200641566,0.24543295401571424,3.0876132930513593,6.423413897280967,2.334675280885015,1.3020448740917032,662
trstprt,inst_trust,GR,-0.04293920597507898,0.2656178711059323,-0.023363963737069147,0.5448331801695102,2.787833827893175,6.438427299703264,2.141592718527177,1.257190157467128,674
trstprt,inst_trust,HR,-0.06301191965908048,0.10422496910002108,-0.08127552009510074,0.03599309225111027,2.156156156156156,6.587837837837838,2.2174156059619383,1.3090842155638138,666
trstprt,inst_trust,HU,0.017581364921791513,0.6508633596876805,-0.04025411015051157,0.29995781048946896,4.0436090225563905,6.286165413533835,2.6153322654979454,1.3985969312892166,665
trstprt,inst_trust,IE,-0.06581297940420679,0.09213408556104681,-0.04873027489190652,0.21259400035823436,4.185975609756097,6.566768292682927,2.3428667034733115,1.1678358328503602,656
trstprt,inst_trust,IL,0.020814769781966776,0.5968804928058014,0.0015199713668784768,0.9691953716303833,3.388888888888889,6.797530864197531,2.3790689540446106,1.021315369537567,648
trstprt,inst_trust,IS,0.024380929632289605,0.5299322217859972,0.04793037309299565,0.21670978140856495,4.665165165165165,7.101351351351352,2.228432751749629,0.9576826540353941,666
trstprt,inst_trust,IT,-0.016539325408169367,0.6688989382379059,-0.03378732261547043,0.38220907055914516,3.3964232488822654,6.575260804769002,2.3329410737155003,1.2192175918829926,671
trstprt,inst_trust,LT,0.03048442887428764,0.4381692031606313,0.0014329079799533522,0.9709365716679108,3.280431432973806,6.601694915254237,2.2294886334459667,1.169169362997617,649
trstprt,inst_trust,LV,0.007129149736526161,0.85737086752412,0.024502888746223778,0.5367142730500954,2.4905956112852663,6.418495297805642,2.1929828054582767,1.306463677203567,638
trstprt,inst_trust,ME,0.04049922403041862,0.2977524311936682,0.01277682739136735,0.7426240599540341,3.83710407239819,6.74027149321267,2.324962150820469,1.1173682063927874,663
trstprt,inst_trust,NL,-0.019304863437832387,0.6168640374926684,-0.02306397751325688,0.5500109227978914,4.997032640949555,6.938427299703264,1.9472974625236674,0.8151561468461052,674
trstprt,inst_trust,NO,0.030748081089072902,0.42477804970408417,0.03968424716155573,0.30287540531596874,5.460059171597633,7.139201183431952,1.9542628041296406,0.7940810376026359,676
trstprt,inst_trust,PL,-0.09148208258666457,0.01956697799053386,-0.05704782520594645,0.14596151572162402,2.887864823348694,6.4416282642089095,2.3253830559896524,1.2638657876895842,651
trstprt,inst_trust,PT,-0.037056286469568336,0.3382059398075373,-0.04043007904361054,0.2960322971562433,2.837313432835821,6.467164179104477,2.322717843955536,1.3820207967758389,670
trstprt,inst_trust,RS,-0.17655411544185584,7.624647615570642e-06,-0.16873437303383626,1.9175694524462788e-05,2.7921259842519683,6.156692913385827,2.7499815399211953,1.5392647754958186,635
trstprt,inst_trust,SE,0.01505203610206062,0.697345082007582,0.0070710550751120465,0.8550410745744557,4.983582089552239,7.046119402985074,1.9526607514980856,0.8293431319813686,670
trstprt,inst_trust,SI,0.04363495465029193,0.2600808599134717,0.02603010076879311,0.5018257253179672,3.191616766467066,6.6482035928143715,2.2469279557251527,1.2008416865220084,668
trstprt,inst_trust,SK,-0.0523168989225639,0.17554123322797704,-0.04222061591412964,0.27442312322206985,3.892857142857143,6.238839285714286,2.6234883417717696,1.490864528116659,672
trstprt,inst_trust,UA,-0.0412141524421282,0.2940942821094182,-0.04425672762318521,0.25986515617474365,1.9476923076923076,4.935384615384615,2.35985346573804,1.8408505076302246,650
trstplc,inst_trust,AT,0.048311900222097484,0.2106718328929021,0.06388934516435554,0.09771290197017458,7.368499257057949,7.526448736998514,2.153558856955498,0.7471864014913221,673
trstplc,inst_trust,BE,-0.0897911396192613,0.01981878717330799,-0.10340303347614165,0.007259062797816907,6.5453194650817235,7.5453194650817235,2.106843920189673,0.6539346983869837,673
trstplc,inst_trust,BG,0.024082946930203238,0.5374465923734586,-0.0033105747165213793,0.9324521871081374,5.12613981762918,7.225683890577508,2.8371664630438893,0.9192975465377794,658
trstplc,inst_trust,CH,-0.011320712839361627,0.7689082744300836,-0.018147773815731207,0.6376352534004768,7.337278106508876,7.744082840236686,1.931071700805876,0.6540204225613513,676
trstplc,inst_trust,CY,-0.010374115564473133,0.7879026586639116,-0.001077843098257606,0.9777009998962533,5.094814814814815,7.46637037037037,2.567178089074945,0.7714553353450576,675
trstplc,inst_trust,DE,-0.004718223376573576,0.9027608665419582,0.0024412686594281314,0.949595818250827,7.090638930163447,7.609955423476968,2.1176241127328113,0.6266208728155103,673
trstplc,inst_trust,EE,0.026581718208763667,0.49182966314248067,0.015320017329160966,0.6920106234076974,7.49478390461997,7.609239940387481,2.1271983338984994,0.6422705901716188,671
trstplc,inst_trust,ES,-0.03684275095123604,0.3395563173496482,-0.004613700628153455,0.9048341318851225,6.93026706231454,7.478486646884273,2.3804935844671222,0.7117544783240195,674
trstplc,inst_trust,FI,0.03447072705056536,0.3690993630124255,0.023553400222881965,0.5394764153149315,8.368575624082233,7.663729809104258,1.3935183563003815,0.6399610814049959,681
trstplc,inst_trust,FR,0.05197469334457527,0.17806269374190267,0.05107462051319443,0.18570538958971933,6.546805349182764,7.393016344725112,2.181079227010141,0.6612096337712997,673
trstplc,inst_trust,GB,0.04010443330872188,0.30285705095063437,0.04183826106791354,0.28241591195081384,5.856495468277946,7.282175226586103,2.5533245124325292,0.7668724108441655,662
trstplc,inst_trust,GR,-0.02316659430303268,0.5488333923858852,-0.01481965884813585,0.7013673730712436,5.928571428571429,7.3601190476190474,2.3930386586338277,0.7853456532295086,672
trstplc,inst_trust,HR,-0.007958230535309892,0.8379383028501487,-0.015960376685556475,0.6816511917638814,5.467571644042232,7.442684766214178,2.531091494711833,0.8048399862697548,663
trstplc,inst_trust,HU,0.0366535913563193,0.34457195230769666,0.054292387471155966,0.16134062565668927,6.3388305847076465,7.332833583208396,2.540194681674008,0.7302051878807848,667
trstplc,inst_trust,IE,0.03816400061097366,0.326138117888164,0.05910440674234396,0.12814075698115884,6.525602409638554,7.547439759036145,2.3138264844310426,0.6993378117532004,664
trstplc,inst_trust,IL,0.020236536948756954,0.6060032490483862,0.041778534474375975,0.2867839272173051,4.705521472392638,7.471625766871166,2.815761029121139,0.7292707009607262,652
trstplc,inst_trust,IS,0.04957602555784083,0.19997050782436498,0.047863554194507676,0.21597083248192725,7.2701492537313435,7.720149253731344,2.061862026193613,0.601788546352551,670
trstplc,inst_trust,IT,-0.024393389288330288,0.5287929371533595,-0.017788356315421916,0.6460385838695466,6.713004484304933,7.559043348281016,2.0418147019075867,0.7112418377112865,669
trstplc,inst_trust,LT,0.07084903875967,0.06643093166921946,0.03842247961411093,0.31996127899690957,6.864583333333333,7.41264880952381,2.350342297844985,0.7388137318910439,672
trstplc,inst_trust,LV,-0.04585211346725468,0.2485956247537861,-0.07690069668851986,0.05275912021345972,5.207874015748032,7.3771653543307085,2.536347951381114,0.7837253285404853,635
trstplc,inst_trust,ME,-0.032482705768955907,0.40441221634831764,-0.008938310331187175,0.8185791173178567,5.416036308623298,7.4742813918305595,2.185555201332976,0.6173781117110309,661
trstplc,inst_trust,NL,0.02718706370115046,0.4836604411236271,0.050228084075077575,0.19545231177959077,7.046546546546547,7.566816816816817,1.6514095401379794,0.7512162085294558,666
trstplc,inst_trust,NO,-0.03547358932707031,0.35746180645942827,-0.006957561348999044,0.8568150836941177,7.642962962962963,7.770370370370371,1.9123812094657322,0.4886051839952314,675
trstplc,inst_trust,PL,0.005143611244024102,0.8951489609777208,-0.005654182505308389,0.884810283449607,5.17298937784522,7.283763277693475,2.552273916385915,0.8278366238529677,659
trstplc,inst_trust,PT,0.08841404155658801,0.021994387983632055,0.05311289640173975,0.1693722445913638,6.3666169895678095,7.519374068554397,2.3435564950778063,0.7796364796883768,671
trstplc,inst_trust,RS,-0.018869189309525563,0.6313570458607402,0.02494931207129218,0.5257746893647802,5.300462249614792,7.091679506933744,3.0455416365680543,1.0440122253859445,649
trstplc,inst_trust,SE,0.01633655796733478,0.6727214381132163,-0.007304915802236113,0.850191708929478,7.098360655737705,7.649776453055142,2.0139469663241227,0.6403094709661048,671
trstplc,inst_trust,SI,0.012677607870398502,0.7432503008454494,-0.020846445531647283,0.5901298825842511,6.308955223880597,7.53134328358209,2.4042333953295407,0.7116810884562916,670
trstplc,inst_trust,SK,-0.02266126554897645,0.5569995143802691,-0.02613369547095754,0.4981988108001455,5.654302670623146,7.291988130563799,2.7339841667164344,0.8601951607450252,674
trstplc,inst_trust,UA,0.024354257005842643,0.5446661328627054,0.034706767080621224,0.38791440349122597,3.396135265700483,6.26731078904992,2.8637193063470185,1.4162800029664908,621
trstep,inst_trust,AT,-0.0029946212850696743,0.9386997162483909,0.02250038008766078,0.5633319873407304,4.196374622356496,6.927945619335348,2.637008602714867,0.7534620107058134,662
trstep,inst_trust,BE,0.028154942056580635,0.47227440864070724,0.02208486869306464,0.5729079259279541,4.6880733944954125,7.010703363914373,2.4213088522858524,0.7004976096693878,654
trstep,inst_trust,BG,0.09670484004776435,0.017439485300791393,0.07554871826058433,0.06352163268435629,4.614238410596027,6.751655629139073,2.8117019006686452,0.9126423143715874,604
trstep,inst_trust,CH,-0.0463345997698385,0.25162872346364645,-0.018101191187284097,0.6544039861112994,4.973941368078176,6.986970684039088,2.1217367466312362,0.5178632304030153,614
trstep,inst_trust,CY,0.026956138419690818,0.5008094151002379,0.049498392918131295,0.21618646530707125,4.5894568690095845,6.975239616613418,2.588432858804095,0.7598591596421095,626
trstep,inst_trust,DE,0.06591043263939995,0.09215025054934722,0.05133105149561478,0.1898361710770977,4.6681957186544345,6.979357798165138,2.600211580196636,0.5407885602377007,654
trstep,inst_trust,EE,-0.034530195555907923,0.38766596436046935,-0.03970998695773114,0.32044747174298766,4.8152866242038215,7.014331210191083,2.559833666972138,0.6015278515194098,628
trstep,inst_trust,ES,-0.013404416753794352,0.7376315343649748,-0.016764235850483308,0.6752397161105983,4.64274322169059,6.985645933014354,2.5753731953449828,0.6578001063146908,627
trstep,inst_trust,FI,-0.015475880913868824,0.6919216017865588,-0.010339135765502619,0.7912272807534841,5.866261398176292,6.919452887537994,2.01071369499142,0.664644195952896,658
trstep,inst_trust,FR,0.012252745812150138,0.7577732625106359,0.011062115227478757,0.7806779544987561,4.328616352201258,6.935534591194968,2.528053367817882,0.6341426331012019,636
trstep,inst_trust,GB,0.08495138572205091,0.04066252072515153,0.08355432526156437,0.04409647477357683,3.7624784853700515,6.835628227194492,2.6669180297777366,0.7862531132519625,581
trstep,inst_trust,GR,0.04074146275880396,0.3000446064632485,0.04984302348626469,0.20475676513065413,4.11864406779661,6.960708782742681,2.3901367563731877,0.7293960739229585,649
trstep,inst_trust,HR,0.06303894764973089,0.11138684889504155,0.06945329933134121,0.07937002135080991,4.251956181533647,6.834115805946792,2.6334105610462473,0.9130851929804045,639
trstep,inst_trust,HU,-0.024035984631053053,0.5407305413362955,-0.02118982229921854,0.5897093288315941,4.72,6.851538461538461,2.602310221703898,0.7395116257296493,650
trstep,inst_trust,IE,-0.040745365011662524,0.3142511457878929,-0.05100206803852938,0.2076830338216525,5.197712418300654,6.995098039215686,2.372467828312075,0.6671939604642312,612
trstep,inst_trust,IL,0.03433387953942567,0.4199338161372312,0.03607692271946543,0.3967120964269373,2.8194945848375452,6.756317689530686,2.554982884080695,0.9200429348486926,554
trstep,inst_trust,IS,0.018908461850124056,0.648104299669973,0.058370756346441795,0.15854470793923447,5.75042735042735,7.033333333333333,2.1690389865740243,0.7041948671773347,585
trstep,inst_trust,IT,0.009885966512755985,0.8021299344733155,0.01968606040225573,0.6177494430654733,4.6682170542635655,6.9294573643410855,2.3382448325429204,0.665288792284227,645
trstep,inst_trust,LT,0.055059058199244684,0.1698911352433335,0.06549835219251765,0.10240429021394029,4.940609951845907,6.90529695024077,2.5795393816673604,0.6961221481315627,623
trstep,inst_trust,LV,-0.03776983208110321,0.35732625673373003,-0.025937411630085453,0.5273934685216067,4.119127516778524,6.822986577181208,2.6026947723138396,0.8194844494221567,596
trstep,inst_trust,ME,0.07704789401265288,0.05101961334647114,0.06921021835816488,0.07971996043159589,5.580996884735202,6.999221183800623,2.3467999129673456,0.6711686905836812,642
trstep,inst_trust,NL,-0.04023935189210289,0.3117239455457271,-0.05479597459620957,0.16819090729098182,5.1372239747634065,7.01813880126183,2.2090798961718763,0.6145181440967818,634
trstep,inst_trust,NO,-0.04094373108252316,0.31792829920109916,-0.008022444249864895,0.8449159086303125,5.626465661641541,7.033500837520938,2.111689200483751,0.6894823260501599,597
trstep,inst_trust,PL,-0.01846516919959645,0.6433933738620037,-0.01320547802230832,0.7405881882991804,4.004754358161648,6.835974643423138,2.646646796412611,0.7635270866540598,631
trstep,inst_trust,PT,0.03763316542382977,0.3507046079277157,0.03158008167072802,0.4336050450565849,4.876823338735819,6.93192868719611,2.623148256496059,0.8029379947901687,617
trstep,inst_trust,RS,0.039312337003963416,0.3384236569187868,0.08378300500776369,0.041054156659989294,2.757983193277311,6.818487394957983,2.80606293436841,0.8372600803698411,595
trstep,inst_trust,SE,0.004668791249480763,0.9076382760117052,-0.02940683604686808,0.46483732937732725,5.25,6.9790322580645165,2.1458341502369427,0.6853267316891647,620
trstep,inst_trust,SI,0.04797597076769537,0.2244116519298363,0.061243156054993864,0.12080471743943705,4.564541213063763,6.902021772939347,2.558375025685783,0.7178491711682947,643
trstep,inst_trust,SK,0.04151029113067531,0.28952118266355936,0.07460861165139324,0.05670965286008115,4.388973966309342,6.78177641653905,2.934667081315283,0.8867230802789612,653
trstep,inst_trust,UA,-0.056724432941072184,0.16809279720629555,-0.04242326531001402,0.3027824131381195,4.199324324324325,6.072635135135135,3.1371578334477084,1.3936505090720803,592
trstun,inst_trust,AT,0.03612063290432656,0.36655277205593856,0.031406166253414435,0.4324337408781179,4.800637958532695,6.996012759170654,2.6506011569674586,0.8593035592069298,627
trstun,inst_trust,BE,-0.017375174916076534,0.6578779490322079,-0.005282976559482962,0.8928971873538982,5.33282208588957,7.082055214723926,2.3551028388391857,0.7434920366897001,652
trstun,inst_trust,BG,-0.04992424025958626,0.23485243478409162,-0.04172697322693192,0.3208512077051552,4.827464788732394,6.902288732394366,2.83561736426135,1.0225215440375648,568
trstun,inst_trust,CH,0.004638743551198915,0.9077136985164262,0.00919340835917792,0.8182874783231953,5.282296650717703,7.080542264752791,2.28728723510698,0.8648095467353347,627
trstun,inst_trust,CY,0.04606539861449857,0.24269909804918338,0.024155124558248302,0.540297295086481,4.1286821705426355,7.0852713178294575,2.592487767733189,0.9091580959069079,645
trstun,inst_trust,DE,0.053650032869946636,0.17321752936894871,0.06100981548129512,0.12135818718103794,5.03250773993808,7.034829721362229,2.4584350405852113,0.8083539896051851,646
trstun,inst_trust,EE,0.0182865156630086,0.653506574402944,0.019654329273210376,0.6294654237889742,4.760330578512397,7.203305785123967,2.647080090046332,0.7346592087692027,605
trstun,inst_trust,ES,0.010658287151812024,0.7886540506097193,0.019332695185344934,0.6267869774185114,4.88503937007874,7.146456692913386,2.676751136492247,0.6463675834478889,635
trstun,inst_trust,FI,-0.048037857525676714,0.21987869995905462,-0.028899945848256354,0.46062940935273355,6.443425076452599,7.0703363914373085,2.1202035239317034,0.8404626870488748,654
trstun,inst_trust,FR,0.021205020457121918,0.5964249344134331,0.03635791115962355,0.3637953787496669,5.186900958466453,7.0303514376996805,2.4295292014246463,0.7903653055985755,626
trstun,inst_trust,GB,0.021862115569372384,0.6002299409905028,0.025131539515779344,0.5468637558969001,4.885615251299827,6.891681109185442,2.6927276696874354,0.8950869655569109,577
trstun,inst_trust,GR,0.03400967697169975,0.3918584653334478,0.011093979162822135,0.7800623955552793,4.202830188679245,7.095125786163522,2.415447303959521,0.8478735698511523,636
trstun,inst_trust,HR,0.0020616038985744735,0.9586820986270708,0.01527395676604913,0.7010882557550003,4.736593059936909,7.009463722397476,2.8614700982602805,0.9588230160415525,634
trstun,inst_trust,HU,-0.07823910452187864,0.05002325939460219,-0.05344236716632515,0.18104327946486323,5.275477707006369,6.961783439490445,2.5014644376515855,0.8425324498814882,628
trstun,inst_trust,IE,0.0024858757620684667,0.9515063731977199,0.00939597302950305,0.8181922926846085,5.430948419301164,7.130615640599002,2.4253468340978226,0.7382373965658319,601
trstun,inst_trust,IL,0.0105453499884027,0.7919752173014049,0.021973981707037998,0.5825692721318341,2.1751592356687897,6.869426751592357,2.4884846384848696,0.9641029030680613,628
trstun,inst_trust,IS,0.012220209062091293,0.7572908297698556,0.035619983926407965,0.3675584086578664,6.339563862928349,7.239096573208723,2.2019616406508997,0.7755514127246436,642
trstun,inst_trust,IT,-0.03693741199423646,0.3523653957670651,-0.08021575238046437,0.04315111239803139,4.949685534591195,7.17059748427673,2.3698865174687556,0.7023472153816025,636
trstun,inst_trust,LT,0.057357655393052896,0.16663738863500552,0.06357811106756797,0.12518338678965113,5.025728987993139,7.043739279588336,2.6066970533226264,0.8715971124377302,583
trstun,inst_trust,LV,-0.006257915084808259,0.8845370611743387,0.012692818188449277,0.7683327524866046,3.7855822550831792,6.963955637707948,2.8215859546078144,0.8580200452369062,541
trstun,inst_trust,ME,-0.025644216926206543,0.5215522816883064,-0.030618039276445217,0.44407845642194727,5.4657097288676235,7.133971291866029,2.32434427153227,0.700007315666078,627
trstun,inst_trust,NL,0.019392976781068886,0.6309511102805485,0.057947777751035635,0.15085667771346248,5.847402597402597,7.145292207792208,2.049650314873621,0.7632263006608745,616
trstun,inst_trust,NO,0.06326625028334476,0.10257275911871719,0.0875987953867099,0.02366877099920589,7.001499250374812,7.266116941529235,2.0870681840153584,0.6337768040526541,667
trstun,inst_trust,PL,-0.023830756911495138,0.5523897825657645,0.002733270307228087,0.945673951359582,4.939102564102564,6.902243589743589,2.6006808274660993,0.9249848022475932,624
trstun,inst_trust,PT,-0.0069718021983653095,0.861796367482936,-0.0007163671351749124,0.9857284576770782,5.416932907348243,7.124600638977636,2.5972848934784523,0.7528943088213584,626
trstun,inst_trust,RS,-0.008898099396371944,0.8290941691577383,-0.02749687774037243,0.5046612822581326,2.8629441624365484,6.9966159052453465,2.8253988700434816,0.8274867317390784,591
trstun,inst_trust,SE,-0.04451459308983887,0.2578322230442764,-0.03048173160839576,0.4385641839088578,6.273148148148148,7.153549382716049,2.235256617246098,0.732837466160106,648
trstun,inst_trust,SI,-0.019014588896499224,0.6379051985080759,-0.049144198604379824,0.2236070733885319,4.814634146341463,7.079674796747968,2.5956830525423515,0.8222238207048282,615
trstun,inst_trust,SK,-0.059244462105321236,0.13902107757771837,-0.07869174512196765,0.04925178545536441,4.8864,6.928,2.989547603199332,0.8877369672808061,625
trstun,inst_trust,UA,-0.007156717302122769,0.8632138635865468,0.003977504589952714,0.9237190544800171,3.59106529209622,5.970790378006873,3.154286633203188,1.5212230316166748,582
happy,wellbeing,AT,0.0582918899172148,0.13173055018432173,0.03292646993084603,0.3948138866064409,7.646268656716418,7.3462686567164175,1.6490091565145253,0.9340476166326888,670
happy,wellbeing,BE,0.006684763920655466,0.8615641879922021,0.018415821315962737,0.6309122852425735,7.792093704245974,7.400439238653002,1.4673760699957195,0.8763174984594135,683
happy,wellbeing,BG,-0.006439966720927824,0.8684439012826125,0.028443140543325553,0.46435441534837435,6.2906626506024095,7.264307228915663,2.0859734493572613,0.7872131202666222,664
happy,wellbeing,CH,-0.020336329674021554,0.597080370420742,-0.011592433537805003,0.7631842532119724,8.14896755162242,7.543510324483776,1.4855056866868366,0.8260586470534822,678
happy,wellbeing,CY,-0.03385492939443758,0.3819701459823697,0.024529441990288905,0.5264961734123418,6.96711509715994,7.436472346786248,2.110451796331062,0.8673640937722132,669
happy,wellbeing,DE,0.05536820391201283,0.15012799924620834,0.027513833686370084,0.4747938378229348,7.76218611521418,7.318316100443131,1.6785771502476599,0.9589602977159282,677
happy,wellbeing,EE,-0.11586153916811895,0.002769274733222766,-0.11578239349411756,0.0027880011805547045,7.409022556390977,7.494736842105263,1.798068686395619,0.7993140686503788,665
happy,wellbeing,ES,-0.029190958558673572,0.44895457580662557,-0.01663478593956906,0.6661679225567663,7.884444444444444,7.442962962962963,1.5305914503657532,0.7454650969645692,675
happy,wellbeing,FI,0.04708590073392276,0.22009660151100394,0.05280610616926926,0.16899473287631364,8.10735294117647,7.55,1.4518097158704728,0.6107770467884762,680
happy,wellbeing,FR,0.008532585508306626,0.8248773585795207,0.04354223874613231,0.25860280384671197,7.474074074074074,7.411555555555556,1.5948248540136525,0.785259097148074,675
happy,wellbeing,GB,0.01123721000216545,0.7712282733917507,-0.029387494116950807,0.4469217628798705,7.476190476190476,7.3601190476190474,1.9983670858639693,0.7805871061053145,672
happy,wellbeing,GR,0.06723021511442609,0.08250687687606978,0.033853096223832785,0.38235325914325413,6.769461077844311,7.288922155688622,1.5901198911867818,1.142892791980579,668
happy,wellbeing,HR,0.021658179529858986,0.5737388747005301,0.048703895231579024,0.20563952241556455,7.598227474150665,7.3545051698670605,1.8536378246209144,0.9737066670306712,677
happy,wellbeing,HU,-0.035332831428613626,0.3604478578345687,-0.028274509577541882,0.46432678870309246,7.099702380952381,7.226934523809524,1.973112839628764,0.8594547236102594,672
happy,wellbeing,IE,-0.055047228131422286,0.1528136757552335,-0.012419071377564308,0.7472173231144552,7.653846153846154,7.4578402366863905,1.648793049026626,0.7160058418399817,676
happy,wellbeing,IL,0.02999643831795429,0.43755794687361105,-0.00303280689400931,0.9374516842902765,7.3898809523809526,7.461309523809524,1.9263067024456466,0.8288699574044781,672
happy,wellbeing,IS,0.0439590576306034,0.25584081056976254,0.05662185555440019,0.14317799884432938,8.028358208955224,7.611194029850746,1.5154713800601913,0.7154770375732878,670
happy,wellbeing,IT,0.00923077979423285,0.8108083790528607,-0.026854079812555293,0.48610201319739715,6.882962962962963,7.522962962962963,1.7421950043965582,0.6747832645493195,675
happy,wellbeing,LT,-0.07881205454948498,0.04265163184746725,-0.07576937377040915,0.05134141140852413,7.397280966767371,7.351208459214502,1.9363999168646846,0.7421745385943345,662
happy,wellbeing,LV,0.048950473961869724,0.20537281482815273,0.06937248821117234,0.07252389515018545,6.810730253353205,7.269746646795827,2.0620822479419676,0.935355193870984,671
happy,wellbeing,ME,0.0470328427121282,0.2223285458658569,0.05574893259099766,0.14794157823919143,6.506666666666667,7.488148148148148,1.9703740475453781,0.7453169174226606,675
happy,wellbeing,NL,-0.018053587349540122,0.6391336205030751,0.00037499388706601765,0.9922295094562511,8.0,7.485228951255539,1.2259521115776328,0.8020427779252945,677
happy,wellbeing,NO,-0.02458764268925847,0.522424962355194,-0.011540577813417698,0.7640429052599343,7.960235640648012,7.581443298969073,1.5323100161812957,0.8143134951527703,679
happy,wellbeing,PL,0.004690524354597345,0.9036162950282485,0.06366785309096412,0.09989534163855208,7.559043348281016,7.251121076233184,1.920936409212412,1.0102851758371025,669
happy,wellbeing,PT,0.014889046407980772,0.6987610046300606,0.016256742623590174,0.6726258420623196,7.025073746312684,7.47094395280236,2.025164342698512,0.6904257627938024,678
happy,wellbeing,RS,0.06123236187580389,0.11143679954446915,0.07253038399361374,0.05927048441163503,7.158050221565731,7.166912850812408,2.1987384179592984,0.8805414954640245,677
happy,wellbeing,SE,-0.030359824676446812,0.42962735507535926,-0.03729400167652059,0.3318769046852854,7.72459499263623,7.594992636229749,1.6209811950920794,0.6664339287293408,679
happy,wellbeing,SI,-0.05181466538499546,0.1800542616268019,-0.029458699054979495,0.4461609207103341,7.754098360655738,7.4798807749627425,1.7815079263936153,0.7893681494185165,671
happy,wellbeing,SK,0.025158586717222094,0.5153127612963216,0.005157287241394551,0.8939209679168247,6.631892697466468,7.315201192250373,2.075470634012461,0.6675696037711525,671
happy,wellbeing,UA,0.004083851092691058,0.9171069905356678,0.04088685763180359,0.29720331939104644,6.013803680981595,7.0579754601227,2.6480366221378153,1.2469000132416639,652
stflife,wellbeing,AT,-0.012590835483343459,0.7438427356086855,-0.03757761637414505,0.329285308990919,7.705621301775148,7.447633136094675,1.6893648331068558,0.6561686921965197,676
stflife,wellbeing,BE,0.03194652380327912,0.4062479595714871,0.07638498546059382,0.04679170995597471,7.502949852507375,7.509734513274336,1.691709780002544,0.7702133374898488,678
stflife,wellbeing,BG,-0.0040837626437557496,0.9157843060766997,-0.01653928375165536,0.6684343110007932,6.141158989598812,7.3224368499257055,2.2272627258548354,0.6759376243215016,673
stflife,wellbeing,CH,0.08233876190895749,0.03143074986267634,-0.011656952333427667,0.7610530511459577,8.131771595900439,7.740117130307467,1.5526632858200045,0.7167055521136017,683
stflife,wellbeing,CY,-0.04905248421168958,0.20240963096299566,-0.040651316170139735,0.2908779040925646,6.372230428360414,7.603249630723781,2.387156813233315,0.5586236928343349,677
stflife,wellbeing,DE,-0.002591869966458153,0.9461335342156861,0.004947639337266912,0.8973797935527873,7.69208211143695,7.49633431085044,1.7930102676708841,0.7488030936729393,682
stflife,wellbeing,EE,0.006888172810219258,0.8572925225288297,-0.0028493443138767503,0.940704938661591,7.021929824561403,7.600584795321637,2.0024403313390695,0.5298135892542992,684
stflife,wellbeing,ES,0.05202911684754076,0.17664138037082697,0.027129906767814002,0.48130713204222203,7.522189349112426,7.538461538461538,1.8227643474448418,0.6548960901462834,676
stflife,wellbeing,FI,-0.021906347268620008,0.567642945644562,-0.002603684601355168,0.9458486260096347,7.963396778916545,7.672327964860908,1.5573517446951899,0.6314427441994699,683
stflife,wellbeing,FR,-0.04705009727333426,0.22458064886143433,-0.015562655646207825,0.6880530238013587,6.772455089820359,7.573802395209579,2.256230146337563,0.5703198054898536,668
stflife,wellbeing,GB,0.07247681355066483,0.059647922689997614,0.08001581067076544,0.0375350099436342,6.968934911242603,7.45310650887574,2.195060999113977,0.654786904925011,676
stflife,wellbeing,GR,-0.023564990395548775,0.5407754446290491,-0.04224154111280602,0.27275635486038147,6.386094674556213,7.506360946745563,1.9307374488025644,0.5522514831447235,676
stflife,wellbeing,HR,0.04471262143113006,0.24565924719010593,0.0450925444749819,0.24166631248083373,7.300295857988166,7.40207100591716,2.0863009764150102,0.8668009302766513,676
stflife,wellbeing,HU,0.0417779308166322,0.2805707984326481,0.0651524755356669,0.09221859745008902,6.565022421524664,7.284155455904336,2.150902026578532,0.7311626864117705,669
stflife,wellbeing,IE,0.008182997166017685,0.831943193675075,0.010337457047974041,0.7886343610516087,7.348148148148148,7.613777777777778,1.8389073912108325,0.5287040685364947,675
stflife,wellbeing,IL,-0.016509144513500305,0.6683070972953451,-0.017939593413838998,0.6414992062965689,7.14792899408284,7.588905325443788,2.067457590802168,0.5464861354221483,676
stflife,wellbeing,IS,-0.032965546014527676,0.3931922462966521,-0.04583551190145527,0.2350344996008485,7.800891530460624,7.841158989598812,1.7700044832308552,0.4612191014107291,673
stflife,wellbeing,IT,0.014240095610824583,0.7131339153997943,0.028011094488707085,0.4694986831465094,6.76831091180867,7.693423019431988,1.8656556341150703,0.5511162614738647,669
stflife,wellbeing,LT,-0.0005924698078667134,0.9878422137780892,0.03126389820058841,0.42122777388277827,7.075301204819277,7.390210843373494,2.1165992458802134,0.7343401533057111,664
stflife,wellbeing,LV,-0.023834441552043607,0.5361558496459531,-0.03072462193475278,0.42513163915861796,6.310650887573964,7.3563609467455615,2.2675695305144954,0.6999710554110967,676
stflife,wellbeing,ME,0.04099383805219955,0.28575941039971625,0.06801237041764645,0.07633891988131218,6.177941176470588,7.537794117647058,2.1869438254111073,0.6509749018149892,680
stflife,wellbeing,NL,0.01772281103056527,0.6462694682489132,-0.05252508627763852,0.1735057419792382,7.9405646359583955,7.576077265973254,1.2196448701500113,0.7051731085830659,673
stflife,wellbeing,NO,-0.04133600021957186,0.28210919253646405,-0.07983898090516407,0.0375344875995123,7.748159057437408,7.778055964653903,1.6880349360024787,0.5781710481121806,679
stflife,wellbeing,PL,0.019956285518530622,0.6039537599977594,-0.017575775400422627,0.6477885818471157,7.293510324483776,7.328318584070797,2.011999250225144,0.7234174223032896,678
stflife,wellbeing,PT,-0.0729200036178475,0.05717697783853306,-0.1057430473020065,0.0057422742293559426,6.540381791483113,7.533480176211454,2.033954240886678,0.6793992285385614,681
stflife,wellbeing,RS,-0.005630709732877778,0.8844208821558148,-0.012522566721791565,0.7464653386015391,6.680119581464873,7.336023916292975,2.3476149160503517,0.5652112948361773,669
stflife,wellbeing,SE,0.0673576232366263,0.07988672088478299,0.09085553293333527,0.018053749776710367,7.821270310192023,7.744608567208273,1.8168237888642067,0.5910736661383537,677
stflife,wellbeing,SI,-0.012322077013143338,0.7498461976684802,-0.0270376856553354,0.4841022002251489,7.553571428571429,7.427232142857143,1.920192888260014,0.7892455713913293,672
stflife,wellbeing,SK,0.007496706111447336,0.8466477345485021,-0.0002817152465598883,0.9942014328591032,6.330838323353293,7.285179640718563,2.2370348529564112,0.8023795929353457,668
stflife,wellbeing,UA,0.05229471131955443,0.17508084433410018,0.050166121100735046,0.19333038383227621,5.071216617210682,7.066023738872404,2.8127764126673984,0.9377440790700167,674
stfeco,wellbeing,AT,-0.0781490194868186,0.04316050852148298,-0.053079756575326126,0.1699584091829357,5.382089552238806,6.704477611940298,2.145034616194792,0.8412804028618702,670
stfeco,wellbeing,BE,0.048720269120897865,0.20649783892838214,0.02704870776072301,0.4832717448712578,5.195845697329377,6.759643916913946,2.0715824244730454,0.7909802770753692,674
stfeco,wellbeing,BG,0.009863174709205294,0.7998882655155406,0.0011680207499561348,0.9760523985995462,3.092006033182504,5.989441930618401,2.0841031281839544,1.2965944782229333,663
stfeco,wellbeing,CH,-0.015203047412877965,0.6940262463570543,0.0021091391330734857,0.9564783256694542,6.842261904761905,6.9226190476190474,1.7771860080364688,0.6730673502240996,672
stfeco,wellbeing,CY,0.021083657350709384,0.584226623039732,-0.0033166028876618335,0.9314089242805339,3.5828402366863905,6.606508875739645,2.303736400412603,1.0076237988064318,676
stfeco,wellbeing,DE,-0.03163023732029593,0.4105669840525343,-0.016322890029907482,0.6711425782990733,4.833578792341679,6.794256259204713,2.2876461874511103,0.7939182538658398,679
stfeco,wellbeing,EE,0.02490732584518059,0.5182714842602321,0.02852607405355721,0.4593569798959799,3.977777777777778,6.862962962962963,2.2382786235933225,0.7170807888074173,675
stfeco,wellbeing,ES,-0.03539108809318521,0.3582246877203311,-0.026302633736004236,0.49478317627108453,4.218934911242603,6.636094674556213,2.230295656579454,0.9317282149741979,676
stfeco,wellbeing,FI,0.028069618566984398,0.46558335515673693,0.04324105031275908,0.26085289413635615,5.654867256637168,6.804572271386431,1.9320965178500218,0.7699640555967101,678
stfeco,wellbeing,FR,0.01451014150927774,0.7079407286176032,0.020062582570925563,0.6044574955152606,3.672645739910314,6.5949177877429,2.1912009042429283,0.8610176409119419,669
stfeco,wellbeing,GB,-0.004967790914025704,0.8979490869772052,0.03257935272720509,0.400172287525413,3.1494768310911807,6.69103139013453,2.143452751040814,0.8158480657441395,669
stfeco,wellbeing,GR,0.04203676150038027,0.2740235730120842,0.042424453945993375,0.2696187948289383,3.4771723122238587,6.09720176730486,2.057218448439783,1.168404531613686,679
stfeco,wellbeing,HR,-0.009810970190607072,0.801220468751509,0.003729726791910877,0.9237510443482411,3.7972768532526473,6.585476550680787,2.2118260310019777,0.9458206112239059,661
stfeco,wellbeing,HU,-0.024592807841233293,0.5232613636250953,-0.04837172916816824,0.20908959354815224,4.261834319526627,6.236686390532545,2.5411153355968734,1.1353773577389852,676
stfeco,wellbeing,IE,0.022790490233358825,0.5532822589494601,-0.019788578387965515,0.6067320956978858,5.2297496318114876,6.745655375552283,2.3285324791689828,0.7358945786668947,679
stfeco,wellbeing,IL,0.06839454585966866,0.07843926666320819,0.09049443280149815,0.019779307877853498,4.653092006033183,6.760180995475113,2.4808058216544744,0.7820385266860987,663
stfeco,wellbeing,IS,0.03249763373802427,0.39924462091299606,0.045364227202852485,0.23918802836451622,4.477037037037037,6.911851851851852,2.295781860984538,0.7732596858868191,675
stfeco,wellbeing,IT,-0.029834051956853715,0.4403856093468948,-0.01165374582226683,0.7631688528642971,4.147540983606557,6.502980625931445,2.1330356206914907,0.9685302288011961,671
stfeco,wellbeing,LT,-0.0052633127209067,0.8918339131047096,0.00023415618835291566,0.9951730949684591,4.53134328358209,6.528358208955224,2.4503566718337075,0.9382752949921478,670
stfeco,wellbeing,LV,-0.10246987774171985,0.008377880607765264,-0.08672396916578211,0.025770801846404005,3.5673222390317703,6.417549167927382,2.1377750258519232,1.062270602439004,661
stfeco,wellbeing,ME,0.040022515896711464,0.2994879842749028,0.033010508289127445,0.392194123230291,4.351632047477745,6.869436201780416,2.403459370601757,0.647902531693276,674
stfeco,wellbeing,NL,-0.03958600350613544,0.3033579903474114,-0.06303387976881013,0.1010247273949944,5.811209439528024,6.856194690265487,1.8780528306339708,0.7233487101161605,678
stfeco,wellbeing,NO,-0.03015724660816007,0.4316949402503447,-0.04695638995608454,0.22068889489841945,5.731671554252199,7.000733137829912,2.1986165368490136,0.528552776308797,682
stfeco,wellbeing,PL,-0.06569885967748866,0.09575102698104275,-0.06893369390588984,0.08046016843939859,5.226708074534161,6.454192546583851,2.058589946501043,0.9925058850021776,644
stfeco,wellbeing,PT,-0.08167532740382115,0.034406015929660035,-0.0992060861655513,0.01013011656253486,3.7779433681073025,6.611028315946348,2.1592956154720913,0.9474855888023075,671
stfeco,wellbeing,RS,-0.1355466599302169,0.00047980753203655973,-0.14056024300062242,0.00029209618053733464,4.140909090909091,6.074242424242424,2.665435321771184,1.2302226757318604,660
stfeco,wellbeing,SE,0.038886648114472754,0.31450738437131787,0.013099549055003974,0.7348295416402012,4.8092399403874815,6.928464977645305,1.969765010747872,0.5815141313550632,671
stfeco,wellbeing,SI,0.048178906480212245,0.21537254219968927,0.08525901542469672,0.028151274647854677,5.2473604826546,6.740573152337858,2.196341671606679,0.7786604251579229,663
stfeco,wellbeing,SK,0.047965002971618896,0.21707124061943828,0.034879986206240686,0.3695193989236374,3.664156626506024,6.465361445783133,2.39849969688219,0.9803524724382066,664
stfeco,wellbeing,UA,-0.006520027456196143,0.8681265635170641,0.006195029112085106,0.8746442944041426,2.6574500768049156,4.757296466973886,2.4307679594119715,1.3709361438205838,651
stfgov,wellbeing,AT,-0.023459444899480448,0.5434906747350999,-0.03705732727665922,0.3371091562759729,3.989598811292719,6.950965824665676,2.560263888370459,0.7393911107148354,673
stfgov,wellbeing,BE,0.05938122316363313,0.1263603821602131,0.08015165790732905,0.03894238895594837,4.391566265060241,7.001957831325302,2.1797756713714302,0.7142035136098149,664
stfgov,wellbeing,BG,0.02558053802740412,0.5105188131579942,-0.006782317742952796,0.8615190382612338,2.746987951807229,6.506475903614458,2.161466311381983,1.1426611220483573,664
stfgov,wellbeing,CH,-0.0470792721574792,0.2260418550718544,-0.034336587306347914,0.3773889763832903,6.6184012066365,7.251282051282052,1.7573563575697984,0.7271352661309826,663
stfgov,wellbeing,CY,-0.104778004804609,0.007551738192435174,-0.08022735070799751,0.0410341806261606,4.0046224961479195,6.867642526964562,2.304379262348118,0.9421217296598716,649
stfgov,wellbeing,DE,0.029514195597218976,0.44769699833978394,0.015099934796531322,0.697729574155326,3.966867469879518,7.0218373493975905,2.4670593276204404,0.65210340539897,664
stfgov,wellbeing,EE,0.06310528716450195,0.10581778443259501,0.021382054694217043,0.5840340768150212,3.5623100303951367,7.094224924012158,2.2768590640385207,0.7641691050898949,658
stfgov,wellbeing,ES,0.03780960879767175,0.33065390015405277,0.016788112116124958,0.6658760712311924,3.7379518072289155,6.914909638554217,2.6261257341816804,0.7624703783068194,664
stfgov,wellbeing,FI,-0.038877802837766394,0.3149797771175387,-0.04124671138971299,0.2863762760415567,4.873134328358209,7.094925373134329,2.3651102541036937,0.8019434039394912,670
stfgov,wellbeing,FR,0.02594435088567533,0.5035570308683138,0.01657732221605634,0.6691186374824696,3.8065967016491755,6.890704647676163,2.400591448179008,0.7160350965440669,667
stfgov,wellbeing,GB,-0.057079323357793886,0.14176282186127306,-0.05476211952234205,0.1586814240305511,2.966867469879518,6.885993975903615,2.4362988657807874,0.7430520242032549,664
stfgov,wellbeing,GR,-0.09026355517172777,0.018733857102819954,-0.09895522035757194,0.00993122217416544,3.6548672566371683,6.627286135693216,2.3108628383540033,0.9738115936492363,678
stfgov,wellbeing,HR,-0.0853177436060381,0.028042633625465753,-0.08500385472977383,0.02862750743167606,3.3981900452488687,6.857164404223228,2.522071101409595,0.8760522107452103,663
stfgov,wellbeing,HU,-0.0004752479792948982,0.9901960699768798,-0.006335242807996461,0.8698872579217317,4.464977645305514,6.554396423248882,2.7861402646181306,1.0952846904169777,671
stfgov,wellbeing,IE,-0.07633895132238223,0.04892428059476474,-0.06989937064510704,0.07143406107478686,5.003003003003003,6.9861861861861865,2.3312180152395516,0.7078644287524993,666
stfgov,wellbeing,IL,0.08671995861062666,0.0275239868538308,0.06416973800619252,0.10320868384209264,3.9024767801857587,6.896439628482972,2.8915423413574817,0.8450510843193559,646
stfgov,wellbeing,IS,-0.04079419124424999,0.29315081256870257,-0.013984166658413297,0.7186760876800404,4.184684684684685,7.33933933933934,2.3955735445178172,0.8576846865356512,666
stfgov,wellbeing,IT,0.07837306689754621,0.045452947272445435,0.08816623925732586,0.024364765908032947,4.325153374233129,6.850920245398774,2.2525177872705386,0.8780034674575767,652
stfgov,wellbeing,LT,0.05712550129039386,0.14448481608640884,0.02989119851124489,0.4453867783856505,3.9097859327217126,6.8506116207951075,2.5329913101066746,0.8147705690383208,654
stfgov,wellbeing,LV,-0.02601995724747237,0.5081602697836213,-0.0003658848464125724,0.9925772887909586,3.1756548536209555,6.780739599383667,2.2723428882274335,0.9292812543463195,649
stfgov,wellbeing,ME,-0.0545941735297124,0.15933443172628423,-0.0645439340889657,0.0960544075039454,4.693693693693693,6.994744744744745,2.4394975180601897,0.7968279279598903,666
stfgov,wellbeing,NL,-0.026822368645842264,0.4882417206510399,-0.02135105149991316,0.5811613170884046,4.597014925373134,7.123582089552239,2.0004461497333987,0.62771967669004,670
stfgov,wellbeing,NO,0.06289395968590221,0.10254872699786763,0.05708972175993338,0.13842173340331732,4.786666666666667,7.386962962962964,2.165716142410069,0.6276578786033122,675
stfgov,wellbeing,PL,-0.0045315302305962936,0.910995117030158,-0.04888519275780108,0.22758180033273337,4.48772504091653,6.805237315875614,2.7653173824920905,0.910614313085077,611
stfgov,wellbeing,PT,-0.10083214854558935,0.009484056770254769,-0.10158626015199924,0.008959504702214705,3.594553706505295,6.875945537065053,2.321617902860841,0.9077340536637422,661
stfgov,wellbeing,RS,-0.14933868605972087,0.00016257797431232506,-0.16134809856850033,4.539306493354178e-05,4.374407582938389,6.501579778830964,3.194701260484285,1.1271943579539048,633
stfgov,wellbeing,SE,0.014425161154013785,0.7108246455848521,-0.0024659123639189963,0.9494682662518039,4.184012066365008,7.301960784313726,2.180506374260931,0.6464491098547607,663
stfgov,wellbeing,SI,0.0075815954591692365,0.8464360929429022,-0.058036318953668994,0.13787914698858053,4.2793893129770995,6.954961832061069,2.4866222363617667,0.8712371024899296,655
stfgov,wellbeing,SK,-0.029630258119897803,0.4459125297901298,-0.04582554973866459,0.23830402883898627,4.179216867469879,6.625753012048193,2.789138920293944,1.048772624230969,664
stfgov,wellbeing,UA,0.0434966391782333,0.2670408315601934,0.06724153624229466,0.0859914929326247,2.566615620214395,5.345329249617151,2.5681963009206252,1.5134257316133506,653
stfhlth,wellbeing,AT,-0.003822606491281912,0.9206260834134627,0.007236333853396657,0.8503799905929746,6.521994134897361,7.43049853372434,2.3541665154241755,0.6457651843142699,682
stfhlth,wellbeing,BE,-0.014060709897015486,0.7145652435669607,-0.010507606332352855,0.7846177244576727,7.250368188512518,7.4025036818851255,1.7680536971587384,0.6007440614324088,679
stfhlth,wellbeing,BG,0.0005573168814957735,0.9884345897069603,-0.016318830809909764,0.671219574326572,3.8512518409425627,6.927393225331369,2.3674215950594815,0.63351629791036,679
stfhlth,wellbeing,CH,0.014697394474119404,0.702033648181281,0.004321910900925291,0.910431072311473,6.8088235294117645,7.867647058823529,1.970005965326498,0.5744796394157639,680
stfhlth,wellbeing,CY,-0.05284561349278822,0.1686756764417286,-0.040154732316010744,0.29574455595876625,5.741176470588235,7.288676470588236,2.2821736850540884,0.6300323866929982,680
stfhlth,wellbeing,DE,-0.013198893592516843,0.7311721169436488,-0.008859314164354738,0.817623904389588,5.258823529411765,7.454411764705882,2.3508363625674296,0.6159236567675846,680
stfhlth,wellbeing,EE,-0.04129969928183505,0.28182205111998637,-0.05742165425799997,0.13440454554862347,5.770925110132159,7.44669603524229,2.147592467769096,0.6303069584585881,681
stfhlth,wellbeing,ES,0.03646606017882422,0.3405991810877889,0.05081649043972375,0.1840380261589144,5.623357664233577,7.2912408759124085,2.5145268808972334,0.5523043768091165,685
stfhlth,wellbeing,FI,-0.008196139607514249,0.83069416987203,-0.0010361152722223885,0.9784369842112889,6.4202049780380674,7.653733528550513,2.038630287143421,0.6249433751500872,683
stfhlth,wellbeing,FR,0.02226726421720355,0.5621420405871913,0.023935517480073012,0.5332169202093229,5.355882352941176,7.2666176470588235,2.417375879388788,0.5438804292651163,680
stfhlth,wellbeing,GB,0.019190935589105382,0.6181623879499802,-0.004733192971615605,0.90216481578516,4.805022156573116,7.1454948301329395,2.5133557227645533,0.6503512469626669,677
stfhlth,wellbeing,GR,-0.07522893854243515,0.04989059083643318,-0.04917320282615767,0.2003004851747955,3.376470588235294,7.100735294117647,1.9895246764024768,0.5391173066488754,680
stfhlth,wellbeing,HR,0.007141408080794404,0.852750358223663,0.03338899324430785,0.3853752431179254,5.454277286135693,7.1933628318584075,2.6174289695125323,0.5882655234340164,678
stfhlth,wellbeing,HU,0.08886949203832302,0.021028592411546955,0.0700575659105686,0.06911642986363437,3.5741839762611276,7.062611275964391,2.4810697260292653,0.42906616896075683,674
stfhlth,wellbeing,IE,-0.013865963301348337,0.7183493417794613,-0.0024508566718050707,0.9491725246881711,4.503681885125184,7.28939617083947,2.413623084540933,0.5497165432478989,679
stfhlth,wellbeing,IL,0.02230692628436695,0.5646407924059471,0.011665962829118994,0.7632722817135289,6.523168908819133,7.257847533632287,1.8910801027349515,0.5590455141568065,669
stfhlth,wellbeing,IS,0.036814494745125596,0.33885064877785365,0.018227804060752955,0.63590200102679,5.361890694239291,8.00413589364845,2.0898234615537774,0.5092755318139826,677
stfhlth,wellbeing,IT,-0.048936687956541616,0.20550062318755033,-0.05354000752779726,0.16596367738134762,5.061102831594635,7.432190760059613,2.0985050769694595,0.5918156726734758,671
stfhlth,wellbeing,LT,-0.016165418493764717,0.6745864119191776,-0.013684760705804152,0.7222708491722367,4.382570162481536,7.165583456425407,2.34896248276548,0.5487588127026342,677
stfhlth,wellbeing,LV,-0.04249541145081566,0.2705943249230239,-0.03699598773404461,0.337550072058748,4.099406528189911,7.175816023738872,2.501215087360766,0.5141617063799037,674
stfhlth,wellbeing,ME,0.0013611010016235815,0.9719058305247378,-0.006722542942791773,0.8619080905390389,4.818452380952381,7.260416666666667,2.3078467814676387,0.6029325791351907,672
stfhlth,wellbeing,NL,-0.012307910031502832,0.7497637457470425,-0.04781383863442503,0.21507733224775857,6.609792284866469,7.682937685459941,1.785851348380917,0.6413602087433168,674
stfhlth,wellbeing,NO,0.011579428692405797,0.7629330005727937,-0.004994329608414296,0.8964926194129553,7.077826725403818,7.942731277533039,1.8743136718596483,0.51057424392971,681
stfhlth,wellbeing,PL,-0.039109440308942416,0.3102974948440029,-0.016427518019765212,0.6700807811533036,4.162962962962963,7.086074074074075,2.2892064094950255,0.5380604473012253,675
stfhlth,wellbeing,PT,-0.021329994948326197,0.5787181584318238,-0.02687735978926123,0.4841067201068483,3.848529411764706,7.288970588235294,2.5245185106221504,0.5944853090185062,680
stfhlth,wellbeing,RS,-0.013255013894194655,0.732769174368101,-0.003711950918192081,0.9238266632633088,4.246246246246246,7.006006006006006,2.8160697871392535,0.523113834814565,666
stfhlth,wellbeing,SE,0.03661500773461146,0.34291175030389476,0.02312313088021815,0.5492856921655225,5.6775631500742945,7.897473997028232,2.0806045951831416,0.532326578337384,673
stfhlth,wellbeing,SI,-0.047732003396494076,0.21484165556312138,-0.04153457963596673,0.28051366415435497,4.726735598227474,7.440620384047268,2.5075171262761438,0.5980156281213451,677
stfhlth,wellbeing,SK,-0.005265363617870341,0.8912296309196288,-0.014737466258483085,0.7018905980643299,3.8537666174298377,7.089512555391433,2.480254238473112,0.5027373871013237,677
stfhlth,wellbeing,UA,0.06971844125871363,0.07479867435957284,0.07733538676637759,0.04805195975286032,4.258409785932722,6.031345565749236,2.607953656781973,1.1724291976207346,654
stfedu,wellbeing,AT,-0.02360531663963234,0.5504923652440523,-0.015647730903849723,0.6923046752468608,6.210280373831775,7.356386292834891,2.3215103983597003,0.6181079481518182,642
stfedu,wellbeing,BE,0.019427046472229686,0.6154277481469795,0.017316038970663392,0.6543363929330659,5.764530551415797,7.384053651266766,2.022557796574211,0.648809902555871,671
stfedu,wellbeing,BG,0.013774458017058129,0.7306657537649155,0.017809090913914197,0.6562586776179521,4.054226475279107,7.111323763955343,2.316131890167866,0.676711652171862,627
stfedu,wellbeing,CH,-0.009218492079779338,0.8165153966698178,0.022222495720337153,0.5758910618687226,6.682389937106918,7.699999999999999,1.9416052970671887,0.6246888989508625,636
stfedu,wellbeing,CY,-0.07238695637628864,0.06533549033686896,-0.09853673010137654,0.012020369836982575,4.682588597842835,7.348690292758089,2.259620465220896,0.6582587706824082,649
stfedu,wellbeing,DE,0.0512927400938101,0.18580538112281733,0.028326780549543098,0.4651753490664744,4.290854572713643,7.357871064467766,2.2579769217419936,0.6245312679698177,667
stfedu,wellbeing,EE,-0.06325399250321853,0.10263948644739955,-0.07268553853690482,0.06063292867255991,6.4032983508245875,7.582158920539729,2.230188973674782,0.6216051235803124,667
stfedu,wellbeing,ES,-0.01962700904787802,0.6123283270507752,-0.014360437079893259,0.710818002159306,5.025411061285501,7.363976083707025,2.3041774130555894,0.6020446991598183,669
stfedu,wellbeing,FI,-0.03896047695979171,0.31106853210384666,-0.024220003834044806,0.5289696645218218,7.234513274336283,7.594395280235989,1.7526988639808887,0.6166794173544481,678
stfedu,wellbeing,FR,-0.04165445184493745,0.2823574447192593,-0.03733466680478308,0.3353121353310908,4.5793413173652695,7.3627245508982035,2.1330535404827926,0.5952105712804217,668
stfedu,wellbeing,GB,0.010030630500452643,0.8008306311685652,0.030281938249118245,0.44620802098149154,5.294488188976378,7.231968503937008,2.278666217274893,0.6501892946521424,635
stfedu,wellbeing,GR,0.0009312054445868478,0.9811247228710623,-0.016597626425591386,0.6732294801133615,3.8117283950617282,7.1557098765432094,2.0386644657752613,0.7299709649502943,648
stfedu,wellbeing,HR,0.045043679360100314,0.24821044182764251,0.03360936591211842,0.3890225846008636,5.843702579666161,7.363884673748103,2.300687542837004,0.6860313328989838,659
stfedu,wellbeing,HU,-0.02182048881031207,0.5873137512747312,-0.0279277112728066,0.4872506557959515,4.06280193236715,7.180032206119163,2.488862521844351,0.680740108804591,621
stfedu,wellbeing,IE,-0.0016496657309383734,0.9662849013379398,-0.0008584038619298452,0.9824525417058664,6.854324734446131,7.3430955993930205,1.967059727973361,0.638263322112798,659
stfedu,wellbeing,IL,-0.04550425584352455,0.24161487516580352,-0.04707705926740812,0.2257126249330865,5.295180722891566,7.37605421686747,2.081356073463855,0.6052675536783182,664
stfedu,wellbeing,IS,0.039697988448209674,0.3055970907107171,0.0067256650523864125,0.8622537935672095,6.377245508982036,7.791916167664671,1.7637589899749433,0.6196148478516671,668
stfedu,wellbeing,IT,0.05565996197954641,0.15540296299708647,0.04561612445736843,0.2444074287139614,5.08728943338438,7.369984686064319,1.965977684272354,0.6617179952869622,653
stfedu,wellbeing,LT,0.05201261874046362,0.187416486576416,0.041260489109182265,0.2957989185893988,4.540372670807454,7.322826086956521,2.245420537722738,0.6479234164104823,644
stfedu,wellbeing,LV,0.03484858217362445,0.3871316584969383,0.027113537060325495,0.501080307496451,4.011326860841424,7.222491909385114,2.246885368810328,0.6094306965032469,618
stfedu,wellbeing,ME,0.04146280545751171,0.2863961625194384,0.04137592703528427,0.28740792925933434,4.2654600301659125,7.44841628959276,2.249296309795805,0.6297218456399954,663
stfedu,wellbeing,NL,-0.018747105999830257,0.634619001007961,-0.0184178330398513,0.6405805560572227,6.130232558139535,7.579224806201551,1.6583407038157478,0.6420580414388123,645
stfedu,wellbeing,NO,0.008854789093839837,0.8186430850545964,0.0004924696701119904,0.9898256363122577,7.328380386329866,7.820950965824665,1.6638791874198733,0.5625655932415479,673
stfedu,wellbeing,PL,0.03331504459035075,0.3990188736481359,0.025607825291530505,0.5168608799928561,4.976671850699844,7.1804043545878695,2.385264367408921,0.601883200998798,643
stfedu,wellbeing,PT,-0.06595261071705397,0.094988572123652,-0.05351878635493942,0.1756177001511431,4.404984423676012,7.457943925233645,2.2471004196895286,0.642810334652372,642
stfedu,wellbeing,RS,0.043234686904892884,0.268833238527019,0.041656027325656673,0.2867209488167856,4.989329268292683,7.0789634146341465,2.8651433239873687,0.6686544482604984,656
stfedu,wellbeing,SE,0.01838184088907771,0.6386501491457524,0.015762449335307946,0.6871966461233208,5.207633587786259,7.736030534351146,2.1005903611929675,0.5623096747523115,655
stfedu,wellbeing,SI,-0.0037090781451245593,0.9246325402386721,0.009516964497868848,0.8082108664070339,5.537519142419602,7.43614088820827,2.3335150757842014,0.7239622094650837,653
stfedu,wellbeing,SK,0.020015951570600064,0.6152130709662638,0.012459227932474384,0.7543867212378118,5.164296998420221,7.181674565560821,2.3876373020909,0.5994557459839758,633
stfedu,wellbeing,UA,-0.014951461419087117,0.7181934090909016,-0.02293124068948254,0.5799079187560505,4.471794871794872,6.37948717948718,2.634005951988462,1.0973612857028106,585
imueclt,immigration,AT,-0.031223905905161536,0.41972504285815326,-0.0443720060465757,0.2513976538216292,4.894029850746269,7.237313432835821,2.5143760408979863,1.183321541981572,670
imueclt,immigration,BE,-0.007500916710059177,0.845654708823916,0.024591438875731057,0.5232844962299621,6.218934911242603,7.400147928994083,2.191430323762388,1.1015208242392613,676
imueclt,immigration,BG,-0.05687713374241293,0.15226012043731296,-0.037364844952104355,0.34719829268612146,4.428346456692913,7.2291338582677165,2.9601692774352975,1.1787491523104607,635
imueclt,immigration,CH,-0.01493744741973502,0.6988953047888836,0.0019990591727048314,0.9587169587415055,6.372956909361069,7.5323922734026745,2.2265269692655028,0.9857117989830987,673
imueclt,immigration,CY,0.03150106152977835,0.4163076408503401,0.044039474054034036,0.2556843759909552,3.5988023952095807,7.450598802395209,2.591787005703359,1.0882152978392359,668
imueclt,immigration,DE,-0.07405342058190695,0.0546549668048283,-0.043449921017001736,0.2599692738015055,5.902077151335312,7.419139465875371,2.3754367994319048,1.0080236064789028,674
imueclt,immigration,EE,0.01116576164734665,0.773138757894001,0.03835812864620267,0.32185966385468745,5.538116591928251,7.457847533632287,2.347848431191215,0.957910103891993,669
imueclt,immigration,ES,0.05241288706911699,0.17636775821038858,0.07298392428980437,0.05958049053786849,6.593703148425787,7.500749625187407,2.3889427320913943,0.9317954069760007,667
imueclt,immigration,FI,0.02871822895327108,0.4546675465071993,0.00541579265649467,0.8878953799251196,7.322058823529412,7.448529411764706,2.027233261028468,0.9808163842908216,680
imueclt,immigration,FR,-0.015950331090869022,0.6791231195819746,-0.05293624469249627,0.16952297105682052,5.58962962962963,7.385925925925926,2.6861904807410895,1.1115233326988554,675
imueclt,immigration,GB,0.044574213339562754,0.2564588650118117,0.055354840680505286,0.15864553337659337,6.436923076923077,7.426923076923077,2.558984849690563,1.0773468281934844,650
imueclt,immigration,GR,0.009127056048118531,0.8139904475473455,-0.030936476625039077,0.4250629642055152,4.073463268365817,7.357571214392804,2.106546459910836,1.0526452203905101,667
imueclt,immigration,HR,-0.0528365389984574,0.17354069087984736,-0.04576176123865976,0.2386040976828888,5.0,7.352631578947369,2.722065126740517,1.094246931681896,665
imueclt,immigration,HU,0.012089330887599328,0.7567379235934351,-0.05096703725684941,0.19130102049343908,3.834597875569044,7.1380880121396055,2.4323588462427117,1.1913658421113515,659
imueclt,immigration,IE,-0.05757083367405674,0.1359969873648379,-0.05456403296286268,0.1576907930769329,6.144345238095238,7.466517857142857,2.619711623332972,0.9906392370794239,672
imueclt,immigration,IL,-0.019038076186627825,0.6301718358472052,-0.022873716741157412,0.5629171190534239,5.020249221183801,7.4392523364485985,2.5872412138179794,1.0201792699223229,642
imueclt,immigration,IS,0.05944420063349095,0.12397225952159587,0.042038884815692235,0.2768549072871828,7.06408345752608,7.409090909090909,2.149711681926789,1.2545169406627275,671
imueclt,immigration,IT,0.0018080526196881871,0.9631345337637361,0.0037918564700347734,0.9227787765630686,4.897865853658536,7.467987804878049,2.575918130898532,1.099845751782334,656
imueclt,immigration,LT,-0.050846635760601715,0.19716391797430563,-0.0185118079199954,0.638876738628987,5.018604651162791,7.253488372093023,2.5664391384212815,1.2201750276410623,645
imueclt,immigration,LV,0.030704631713192626,0.43168704217893306,0.010110776817615024,0.7957354021078683,4.569908814589666,7.243920972644377,2.546757330180144,1.1587143743630357,658
imueclt,immigration,ME,-0.032523939733896876,0.4034589074091679,-0.0040970538719227005,0.9162045741203226,5.151057401812689,7.448640483383686,2.1300011931764327,0.925151806192273,662
imueclt,immigration,NL,0.03342457280080036,0.3873427871048793,-0.011111377465947293,0.7738844211769602,6.2324888226527575,7.458271236959762,2.103207125897761,1.0617723809778035,671
imueclt,immigration,NO,-0.040204980812085546,0.2944284733327248,-0.01936920721828755,0.6135947690463118,6.354838709677419,7.552052785923753,2.247573020398579,0.9115848667619532,682
imueclt,immigration,PL,-0.013430042484207167,0.7335293178500604,0.011507745553897249,0.7705135264166646,5.545736434108528,7.151162790697675,2.324558588697757,1.2538831782507789,645
imueclt,immigration,PT,-0.08475685179953166,0.031377224276675414,-0.07212223690767766,0.06717385525455369,5.69922480620155,7.5,2.2317756113704443,0.9563452688709897,645
imueclt,immigration,RS,-0.004808886587847527,0.9047265596968034,0.009888076065917866,0.8055909926715888,4.815112540192926,7.136655948553055,3.070753929812553,1.1760384415738991,622
imueclt,immigration,SE,-0.011083566289603638,0.7745992742723526,-0.020653420723555242,0.5935773294631148,6.959701492537313,7.521641791044776,2.154673697997174,1.090066709900207,670
imueclt,immigration,SI,-0.006809333105048691,0.8610770881025649,-0.016705421171998632,0.6676593685584818,5.365007541478129,7.310708898944193,2.6001592372113342,1.2107860963123949,663
imueclt,immigration,SK,0.08190016753432358,0.03654929873854946,0.0425462474300637,0.2780125264183979,3.411042944785276,7.201687116564417,2.6168074528831387,1.0926567800428215,652
imueclt,immigration,UA,-0.01623989747622401,0.6838908024399758,0.004413106667693697,0.9119044364861988,5.240887480190175,6.958003169572108,2.8545105223557736,1.3051406808521964,631
imwbcnt,immigration,AT,0.04722265936234052,0.23069116021279237,0.03162689163460603,0.4222696949614839,4.419504643962848,6.424922600619195,2.3968047986046046,1.4772742268403893,646
imwbcnt,immigration,BE,0.19295968018601142,5.661127081633729e-07,0.13590630067150677,0.00045411741451763563,5.427492447129909,6.756042296072508,2.0404456654266983,1.2162856273945364,662
imwbcnt,immigration,BG,-0.03317211778727839,0.40511981707562783,-0.042385882662635155,0.28735892025738397,3.9936708860759493,5.959651898734177,2.8211266262670893,1.7723984856978847,632
imwbcnt,immigration,CH,0.06665131907755253,0.08854263627854486,0.04090669433883075,0.2962262624289204,5.779816513761468,6.879969418960244,1.8662364687785842,1.1414691906947503,654
imwbcnt,immigration,CY,0.021485289066942664,0.5822194220049404,0.004691084281291294,0.9043997637582869,3.7993920972644375,6.51063829787234,2.472841757460687,1.658851784180731,658
imwbcnt,immigration,DE,0.054704735879826175,0.15943443386878636,0.030832557876907363,0.4280159826255492,5.3499245852187025,6.660633484162896,2.286442868580554,1.3252386970406178,663
imwbcnt,immigration,EE,0.00047668796022102194,0.9903820150791637,0.006360138796093073,0.8722202185112409,4.869158878504673,6.7367601246105915,2.083667019024177,1.3945025008013883,642
imwbcnt,immigration,ES,-0.01274317804963701,0.7451608291200925,-0.005872022540697336,0.88094870639504,5.915773353751915,6.687595712098009,2.3531624506405926,1.3902980686659199,653
imwbcnt,immigration,FI,0.03732044619936021,0.33477124621026233,0.04758572811113147,0.21865105546816968,6.092537313432836,6.591044776119403,2.0849889456991946,1.3899308349498078,670
imwbcnt,immigration,FR,-0.014326823015588274,0.7143767577761042,-0.02069913923944528,0.5969461454453641,5.1603053435114505,6.454961832061069,2.2065263008649394,1.5367174665290546,655
imwbcnt,immigration,GB,0.07081294372421398,0.07456138409421428,0.05723317298764161,0.1497062279442932,6.159055118110237,6.649606299212598,2.5771794651090785,1.4121416949165446,635
imwbcnt,immigration,GR,0.034184121358668565,0.3853470926935649,0.019989358033786923,0.6117895087421388,4.163833075734158,6.568006182380216,2.1837542920407667,1.4576093324022017,647
imwbcnt,immigration,HR,0.026367528994228853,0.5025091015499252,0.02839148241757067,0.47027121357133583,4.901386748844376,6.455315870570108,2.5195803442234137,1.5712031248822385,649
imwbcnt,immigration,HU,0.08305624081934196,0.034529108315911286,0.09748365924004937,0.01304080232910608,3.825617283950617,6.047839506172839,2.2416924610164712,1.7134421619092084,648
imwbcnt,immigration,IE,0.01732260513335688,0.6593400394165493,-0.011770493556532933,0.7645412922771594,6.044615384615384,6.901538461538461,2.557115259366677,1.142873990292185,650
imwbcnt,immigration,IL,-0.08826712376043737,0.026610964501192554,-0.06357509297265457,0.1106148059738109,4.730586370839936,6.562599049128368,2.498952060695687,1.4849922973235268,631
imwbcnt,immigration,IS,0.032920703359329145,0.40389415223850883,0.01664705545483741,0.673030902142626,7.027906976744186,6.886046511627907,2.0198924062801327,1.3906154065784808,645
imwbcnt,immigration,IT,-0.016951202674828757,0.6637874477107285,-0.013278011817355113,0.7334900453264841,4.557575757575758,6.662878787878788,2.361428839217711,1.4003254175792164,660
imwbcnt,immigration,LT,-0.0035714433034377082,0.9286559173328471,-0.0041430125031119355,0.9172761806181134,5.223454833597464,6.598256735340729,2.314033401846551,1.4124773252338605,631
imwbcnt,immigration,LV,-0.05020571232036824,0.2089574282168514,-0.04393111066180008,0.2716599479943079,4.3789808917197455,6.31687898089172,2.429813018373943,1.5874010952889752,628
imwbcnt,immigration,ME,-0.04150915606142992,0.2887941854484393,-0.03881828609471123,0.3212212198192546,4.716030534351145,6.597709923664122,2.2683777763126862,1.4018590566849534,655
imwbcnt,immigration,NL,0.00112437685074363,0.9770168553146293,0.032068246971610065,0.41114955742271103,5.509863429438544,6.720789074355084,1.8868791427256986,1.3000614842143399,659
imwbcnt,immigration,NO,0.008664289010552504,0.8241801100151621,0.01973927176222587,0.6127168739052868,6.2318181818181815,6.922727272727273,1.9738548352769791,1.1377500164859566,660
imwbcnt,immigration,PL,-0.021204491656812586,0.5949653830328532,-0.0377594432812865,0.3436574154572013,5.507131537242472,6.33122028526149,2.0899297125275313,1.5398283559160393,631
imwbcnt,immigration,PT,0.05958294338931049,0.1270900505311682,0.04769720737548012,0.22210789453232,4.640791476407915,6.602739726027397,2.1339398708984665,1.531585674254308,657
imwbcnt,immigration,RS,0.007572140470259251,0.8525486588498159,-0.025029612150690078,0.5389047142897615,4.833057851239669,5.966942148760331,2.9454586334248916,1.7564162617090624,605
imwbcnt,immigration,SE,-0.0016508118740867239,0.9662871811391357,-0.025887478474499192,0.5073936882286822,6.334346504559271,6.756838905775076,2.1398743078199303,1.2945819802892036,658
imwbcnt,immigration,SI,0.06723239219413507,0.0872495597072025,0.0518064091107277,0.18780033516842573,4.978395061728395,6.4467592592592595,2.3809189746027015,1.4990533821108565,648
imwbcnt,immigration,SK,0.04005082355269364,0.3075718152754418,0.037449723134345164,0.3400751111179512,3.3686635944700463,5.976958525345622,2.3388099331883065,1.7332292572759112,651
imwbcnt,immigration,UA,0.024558607400823343,0.5455759435104558,0.022167770739279984,0.5853770454336767,5.314144736842105,5.5805921052631575,2.8368597493823744,1.8942603790384525,608
imbgeco,immigration,AT,-0.01288970478144702,0.7421428678453567,-0.001015965348385475,0.97931156351226,5.603975535168196,6.891437308868501,2.4899275386937934,1.0553531948572241,654
imbgeco,immigration,BE,-0.001153819191625267,0.9762006927228855,-0.028271274685302016,0.4647117081617777,5.612518628912071,7.078986587183309,2.1940403823264765,0.8628430192910128,671
imbgeco,immigration,BG,-0.045876627250883636,0.24648126012915564,-0.06846952073781262,0.08348699547101472,3.946875,6.721875,2.896275129267443,1.2067194175692435,640
imbgeco,immigration,CH,0.03471823522788924,0.3695846240115938,0.015525437928798838,0.688317214693612,6.473134328358209,7.1447761194029855,1.9785911015796809,0.7856682591779349,670
imbgeco,immigration,CY,0.03983700048328581,0.30609523639216285,0.04014405618331115,0.302379221277306,3.6404833836858006,6.985649546827794,2.6104743760384688,1.1868630838774965,662
imbgeco,immigration,DE,0.01996762611653844,0.6069812155623694,0.022706452491668642,0.5585749377244018,6.046546546546547,6.95045045045045,2.2636576486875706,0.9493684999350726,666
imbgeco,immigration,EE,4.465850613000202e-05,0.9990842421905421,0.03680526817101197,0.34403470427670835,5.393665158371041,7.015082956259427,2.297461292214146,0.9326643529280333,663
imbgeco,immigration,ES,0.04746747917602188,0.22223306578300506,0.03748470048556144,0.3351948798390238,6.343891402714932,7.028657616892911,2.3070864036679293,1.0271653903302027,663
imbgeco,immigration,FI,-0.034936183825414024,0.36586848234602504,-0.05415409189354595,0.1608405865219431,6.5461309523809526,7.022321428571429,2.0834204438533654,1.0276832702643672,672
imbgeco,immigration,FR,0.03255917598822658,0.4018816291482446,0.003963399534894218,0.9187450431733047,5.372932330827068,7.076691729323309,2.4450320857883376,0.7752659102742105,665
imbgeco,immigration,GB,-0.019346472273563408,0.6203396565205201,-0.02784304155359524,0.4758480278426575,6.238601823708207,7.006079027355623,2.5197966606608038,0.9976957347474725,658
imbgeco,immigration,GR,0.03786547684787832,0.33325121490254805,0.03790522362010231,0.3327436536876898,4.235114503816794,6.972519083969465,2.2043161603035193,0.9934843877035916,655
imbgeco,immigration,HR,0.005751920950294179,0.8830106501852836,-0.037714090897487854,0.3344493655613989,5.006088280060883,6.905631659056317,2.5560710987190762,0.9722907659904638,657
imbgeco,immigration,HU,-0.011670742083537388,0.7656050433555808,-0.03009553507131099,0.4419306888618991,3.6320610687022903,6.770992366412214,2.529437305993158,1.2012027961314418,655
imbgeco,immigration,IE,0.023915549438729544,0.5378174735567371,-0.02312106980841184,0.5514133136848965,6.0,7.117117117117117,2.6551128149572807,0.8288635800801332,666
imbgeco,immigration,IL,-0.03695655119652588,0.3487176404731891,-0.013272744072823679,0.736533915681211,4.937984496124031,7.075968992248062,2.671310475804778,0.8644798092795073,645
imbgeco,immigration,IS,-0.05219455454133091,0.1794904930371638,-0.02662984054972826,0.4936509190578756,6.764705882352941,7.126696832579186,2.129243272825985,1.0905786222063576,663
imbgeco,immigration,IT,0.01100342566713605,0.7791445363864555,0.008920204976182856,0.8201604865413268,5.142638036809816,7.049079754601227,2.507664032115798,0.8036298678145088,652
imbgeco,immigration,LT,-0.016569030607066115,0.6749533744072531,0.03471393367979294,0.3795049697384355,5.561430793157077,6.883359253499222,2.577860291352003,1.017182554377058,643
imbgeco,immigration,LV,-0.04694931770248488,0.23855710446899558,-0.05338840961877673,0.180094898019325,4.9825949367088604,6.800632911392405,2.639697115694349,1.0894100140993914,632
imbgeco,immigration,ME,-0.013097307260815766,0.738334351517602,-0.027372597329650774,0.4850106438791434,4.272588055130169,6.987748851454824,2.6841614878625664,0.9082967870647147,653
imbgeco,immigration,NL,-0.002518919978458964,0.9485398407446936,-0.02044385365524039,0.6003672377819774,5.742033383915023,7.040971168437026,1.9437944573696166,0.9420066682339701,659
imbgeco,immigration,NO,0.008486096110965518,0.8268388103706658,-0.04016844801280905,0.3002598185103605,6.095952023988006,7.1499250374812595,2.0044466598314012,0.8301809711277618,667
imbgeco,immigration,PL,0.02391128141879713,0.5419001123022187,0.007392374121682251,0.8504499307963885,5.50229709035222,6.913476263399693,2.439213941812657,0.9303681975153597,653
imbgeco,immigration,PT,0.004589534511765614,0.9069581800464542,0.00952616832750705,0.8083185859240017,6.162826420890937,7.1013824884792625,2.2204436145078206,0.9440573285724424,651
imbgeco,immigration,RS,0.04439615416596439,0.2712502086267315,0.04956131315604056,0.2193208816026553,4.603896103896104,6.788961038961039,2.9995529882009833,1.0928927342428763,616
imbgeco,immigration,SE,0.0060696350075644155,0.8765989069878924,-0.0309001813645548,0.4291106793925076,6.0350076103500765,7.076103500761035,2.046783178432724,1.0122683602551754,657
imbgeco,immigration,SI,0.002233364693661998,0.9542281665508459,-0.024398237598964208,0.5305721228654556,5.496229260935143,6.853695324283559,2.536066301524589,1.1025981719487616,663
imbgeco,immigration,SK,-0.0328343031239056,0.40222075247779193,-0.00600214623973019,0.8783308108865809,3.7075038284839206,6.77947932618683,2.6903409456317964,1.0611986964128146,653
imbgeco,immigration,UA,0.014419952546161074,0.7207351584747328,0.026582174833964124,0.5098540012934847,6.094003241491086,6.507293354943274,2.798001319353934,1.4314516629905807,617
imsmetn,immigration,AT,-0.0632211836619937,0.10127783062951831,-0.0580681185243655,0.13235315196907302,2.0475482912332836,2.8662704309063893,0.7928985916294333,0.5260538441988533,673
imsmetn,immigration,BE,-0.01763027431899766,0.6484815164077583,-0.004826797506222953,0.9006823900020329,1.8837555886736215,2.8852459016393444,0.711245424313422,0.4702554631646116,671
imsmetn,immigration,BG,0.014793727024254393,0.7029271581206573,0.01889154276450174,0.626238640209723,2.262368815592204,2.8050974512743627,1.0186588495462088,0.6085756874587307,667
imsmetn,immigration,CH,0.03391030232724342,0.38190704240596773,0.028570055487060597,0.4613495524539747,1.8470764617691156,2.9205397301349327,0.6580545071535182,0.3966613779970538,667
imsmetn,immigration,CY,-0.03674894110592006,0.3411480528624144,-0.033241439078009125,0.38924223575094036,2.3655274888558693,2.8930163447251114,0.8695238825664062,0.4974595832174041,673
imsmetn,immigration,DE,-0.020335753991952858,0.6011921138175325,0.007582307211364944,0.8454950339007004,1.760180995475113,2.9110105580693815,0.6962011488777546,0.44271481707067106,663
imsmetn,immigration,EE,0.01240913451048959,0.7479567407125555,0.009349762081096153,0.8086963222912433,2.050520059435364,2.8915304606240713,0.7136866871877631,0.4516532521272034,673
imsmetn,immigration,ES,-0.007957279401986954,0.8369927108551624,-0.03144088172188789,0.4161511650510577,1.8926974664679583,2.8584202682563338,0.8179645447062829,0.5030502860302852,671
imsmetn,immigration,FI,-0.013570418287285071,0.7250851664051399,-0.02454930095174912,0.5246136205281556,1.9332344213649852,2.919881305637982,0.6764951510490699,0.42168837480413135,674
imsmetn,immigration,FR,-0.05593038649108179,0.15277161506077944,-0.03950553893219809,0.31272200934006017,1.951145038167939,2.877862595419847,0.6999744875444464,0.5041555261491937,655
imsmetn,immigration,GB,-0.05953365431047684,0.12857422860107223,-0.05112797324165405,0.19193792611474828,1.9739663093415007,2.8989280245022973,0.7935296501150193,0.44537371365133605,653
imsmetn,immigration,GR,-0.029133947589134877,0.4511921942856798,-0.03146514301566416,0.41579137631021984,2.0685543964232487,2.87779433681073,0.9390742486218395,0.4570821403343786,671
imsmetn,immigration,HR,0.011461478886120145,0.7662864853195452,0.013886792534975451,0.7187438467728147,2.0014814814814814,2.902222222222222,0.9008720787398147,0.44512970581062594,675
imsmetn,immigration,HU,0.024022574719603788,0.5353850039613889,0.026659749567122165,0.49153366442154367,2.877245508982036,2.8473053892215567,0.882899451740598,0.5286756808886869,668
imsmetn,immigration,IE,-0.02360258822980434,0.5419399622461966,-0.027438611795247838,0.47830079612502835,2.0850746268656715,2.8940298507462687,0.8646441384762176,0.4365171974637334,670
imsmetn,immigration,IL,-0.05924081803859552,0.12754886562458206,-0.06321697155830129,0.1038825242072032,1.8054298642533937,2.942684766214178,1.1303960568982847,0.34724209303080616,663
imsmetn,immigration,IS,0.025391572752236698,0.5136482519516471,0.051360993626087044,0.18621507250715272,1.6039156626506024,2.9262048192771086,0.6272228276546411,0.4348749168208106,664
imsmetn,immigration,IT,0.06759828572165394,0.07925799094476699,0.07387050885563581,0.05507596959186632,2.1185185185185187,2.8844444444444446,0.8337453646728892,0.5066130431303875,675
imsmetn,immigration,LT,0.0073363636749518325,0.8501114328671581,0.019383622863951736,0.6175399410459174,1.9174174174174174,2.8723723723723724,0.793259155103062,0.5117442553999161,666
imsmetn,immigration,LV,0.020642470839076568,0.5999218724622041,0.023862649060035424,0.5442774428278526,1.8996913580246915,2.8564814814814814,0.9697750167482799,0.5150783283687477,648
imsmetn,immigration,ME,0.07137831647134998,0.06502240950569338,0.06497378007755725,0.09311678896000601,2.2212257100149477,2.899850523168909,0.83992674591281,0.44501561745507034,669
imsmetn,immigration,NL,0.03162691464560404,0.4151492152382088,0.027897113627229374,0.47230876467525024,2.1006006006006004,2.9324324324324325,0.6917991796048145,0.3798683180218918,666
imsmetn,immigration,NO,0.03742009650984316,0.3316774096053474,0.051769210959670686,0.17913873229331745,1.674074074074074,2.8962962962962964,0.619054865303256,0.4601972560241289,675
imsmetn,immigration,PL,0.030667993742072512,0.42874719888664536,0.036549094948498076,0.3455874299909099,2.2754491017964074,2.92814371257485,0.7756772591091233,0.39210900597806303,668
imsmetn,immigration,PT,0.05650956762542887,0.1439741934486795,0.07305961194991757,0.05874506738140697,2.37910447761194,2.834328358208955,0.7977054750611605,0.5663858194764652,670
imsmetn,immigration,RS,-0.023197241006683057,0.5519114597863445,-0.029782139006955415,0.4449649232309977,1.8833333333333333,2.890909090909091,0.9349207903175173,0.4477992968238054,660
imsmetn,immigration,SE,0.01217792888260815,0.7535718590728878,0.008797483336391857,0.8205908934346932,1.7151424287856072,2.911544227886057,0.6174113612437748,0.4380222913227267,667
imsmetn,immigration,SI,0.024341096301817,0.5284445566888204,0.009183821306349807,0.812027645836182,1.8707280832095097,2.8662704309063893,0.743777103587008,0.5232174084643982,673
imsmetn,immigration,SK,-0.013913802409547708,0.7198300130841044,-0.01976712449886215,0.6103283785628726,2.683658170914543,2.8515742128935533,0.8906014720830688,0.5231945174768275,667
imsmetn,immigration,UA,-0.06163578458416435,0.12046753894972971,-0.050463779550308396,0.2037448655146155,1.6886792452830188,2.8317610062893084,0.8912156526195415,0.52496483222738,636
impcntr,immigration,AT,-0.08406864377021293,0.03030726556976071,-0.07902245072978524,0.04178917744276761,2.7620481927710845,2.8207831325301207,0.8859585178841672,0.59367352522804,664
impcntr,immigration,BE,0.010506414355057097,0.7857313290904601,0.04169095847751194,0.28049396097664137,2.0922619047619047,2.9032738095238093,0.8191811566248597,0.5189591750453086,672
impcntr,immigration,BG,-0.008550216212819263,0.8256805482489105,-0.015793596318713448,0.6841220646257711,2.8063063063063063,2.81981981981982,0.9733389656874857,0.5860257101013718,666
impcntr,immigration,CH,0.02910479406681024,0.4557347070259234,0.0453146498621354,0.2453733956122637,2.179059180576631,2.8937784522003036,0.7727020217557785,0.5091331384477795,659
impcntr,immigration,CY,-0.08607645652154866,0.026671192749403612,-0.08382543009054329,0.030917758342150877,3.019607843137255,2.8461538461538463,0.7503726144271251,0.5846832647701269,663
impcntr,immigration,DE,-0.007963576912889977,0.8377099268645154,0.005154138640355767,0.8945385990771743,2.1521084337349397,2.8840361445783134,0.8049966959758799,0.5382374216553335,664
impcntr,immigration,EE,-0.04667126699958517,0.22903932008012923,-0.043857496388614754,0.25837212571242046,2.7417417417417416,2.8933933933933935,0.8615247713784067,0.49876679639824645,666
impcntr,immigration,ES,-0.007545416670037239,0.8463523683025779,0.002782301050537657,0.9430382828494613,2.016616314199396,2.915407854984894,0.8790873590186554,0.47200419220290474,662
impcntr,immigration,FI,-0.021848233599644447,0.5726752828469448,-0.015666451080793457,0.6858595309732533,2.414050822122571,2.8789237668161434,0.7988651402979762,0.5542336040807853,669
impcntr,immigration,FR,0.024566005096911814,0.5286874875452989,0.03387302869503581,0.3849490803798891,2.2257575757575756,2.871212121212121,0.8183796504182499,0.5426471259879571,660
impcntr,immigration,GB,-0.026164866373056556,0.5051427668413768,-0.012384772647732025,0.7524590360134681,2.1382488479262673,2.846390168970814,0.8784230658371992,0.54721535192292,651
impcntr,immigration,GR,-0.017857201143996377,0.6447626316954249,-0.004910293576635217,0.8991238905708941,3.0687593423019432,2.8878923766816142,0.7765626223096429,0.5228204375851886,669
impcntr,immigration,HR,-0.08426900030451753,0.02893862093150895,-0.07015432842576913,0.0691463963863869,2.299107142857143,2.886904761904762,0.9191451548188654,0.5054173909288208,672
impcntr,immigration,HU,-0.04507090715663287,0.2454186443380932,-0.060113696692561655,0.12117985107017294,3.2717717717717716,2.864864864864865,0.7831009396419687,0.5342943316551785,666
impcntr,immigration,IE,-0.08341822493371003,0.031874356600327225,-0.08635635561325036,0.026293672098394207,2.2552870090634443,2.8987915407854983,0.9003751911416795,0.5014638680323331,662
impcntr,immigration,IL,-0.035166157530890654,0.37109490241231646,-0.025210760244313214,0.5214447388173602,3.157164869029276,2.8952234206471497,0.8957798720990204,0.4562244286830442,649
impcntr,immigration,IS,-0.04942232130665005,0.20755660979016843,-0.07480173293660679,0.05625961138872132,1.892638036809816,2.875766871165644,0.7901901058249245,0.5387262621276385,652
impcntr,immigration,IT,-0.08329516832931648,0.031611068959186715,-0.0708520564509262,0.06764874199181191,2.274774774774775,2.858858858858859,0.8797780104626156,0.5575628124468653,666
impcntr,immigration,LT,0.025532253576832406,0.5116369261957867,0.010596954757898965,0.7853517723827782,2.429864253393665,2.871794871794872,0.9069126004906477,0.4917791918827269,663
impcntr,immigration,LV,0.014638316767446593,0.7075958760817469,0.013522780425443703,0.7289669578662193,2.7921092564491654,2.8088012139605465,0.9819951839170987,0.6138088682036569,659
impcntr,immigration,ME,-0.0022605129528079117,0.9536023871993153,0.00031573470595154865,0.9935158863579094,2.3729323308270676,2.8977443609022555,0.8408909341793804,0.5075434228876344,665
impcntr,immigration,NL,-0.028038091567625958,0.4674079589193983,-0.03333019274006308,0.3876230405678541,2.3249258160237387,2.897626112759644,0.8139216297970053,0.4935485749249248,674
impcntr,immigration,NO,-0.021620507511029296,0.5738388435216157,-0.0070146762017292644,0.8552285798009525,1.8276877761413843,2.9042709867452134,0.702754242101291,0.5048110925308994,679
impcntr,immigration,PL,0.009346450206237374,0.8105901804368171,-0.0063169620839043485,0.8713218532017529,2.528787878787879,2.878787878787879,0.7677618876250472,0.4870134906399374,660
impcntr,immigration,PT,-0.027529688642988964,0.4775019983613418,-0.03261348611684647,0.4000323567520007,2.470059880239521,2.8592814371257487,0.8125710187896792,0.5907488387965404,668
impcntr,immigration,RS,-0.025938594708250606,0.5075296754618188,-0.02500528592921276,0.5229289767014671,2.548091603053435,2.850381679389313,1.0667587267974408,0.5684592145114059,655
impcntr,immigration,SE,-0.022132651734649813,0.5676870165152847,-0.015353964279539374,0.6918014701361362,1.8310911808669657,2.9192825112107625,0.6833272151692547,0.5069003722953903,669
impcntr,immigration,SI,-0.01875272981576161,0.6267190563246786,-0.008814252380243215,0.8191945958306505,2.202962962962963,2.859259259259259,0.8272026383285275,0.5469494978146409,675
impcntr,immigration,SK,-0.0025829434874303503,0.9467146490142465,0.004074547253875106,0.916036094117455,2.9791666666666665,2.875,0.836667448437379,0.5172148270759869,672
impcntr,immigration,UA,-0.07660008968777486,0.05542644683569543,-0.08085216835183039,0.04315682235355192,2.380191693290735,2.7507987220447285,1.0729506061300718,0.6363956010394511,626
imdfetn,immigration,AT,-0.006331373680435406,0.8702555265887166,0.009417708142580423,0.8080389106515408,2.5853293413173652,2.8667664670658684,0.8659269175883513,0.5211310147995419,668
imdfetn,immigration,BE,-0.04831081962818503,0.21102262514851505,-0.049457606034730046,0.20037479526822083,2.068452380952381,2.9047619047619047,0.7881869917371461,0.4156132450436113,672
imdfetn,immigration,BG,0.009813733397519111,0.8005753652423959,0.016681641988827118,0.6676321679580914,2.732330827067669,2.8496240601503757,0.9835659299616846,0.5044417259128393,665
imdfetn,immigration,CH,-0.05785119571480092,0.13585412066029587,-0.03769647512514188,0.33137410719353866,2.114114114114114,2.9264264264264264,0.7143295161443902,0.3787492175130653,666
imdfetn,immigration,CY,0.023935713458453918,0.5350321917088949,0.029225931506585937,0.44874871868190286,2.8902077151335313,2.9183976261127595,0.7532745463830898,0.40887601785083205,674
imdfetn,immigration,DE,0.012703989016990139,0.7440398769655794,0.018840336776218197,0.6282131597499412,2.0799396681749625,2.912518853695324,0.7524011890106654,0.41665857829590663,663
imdfetn,immigration,EE,-0.012583305302341795,0.7441740492986543,-0.00753337155955852,0.8451089775877885,2.4755555555555557,2.9274074074074075,0.811953232294954,0.3917603938334029,675
imdfetn,immigration,ES,0.02327703684581017,0.5484299518923806,0.02733888667194454,0.48089059891506036,2.0209895052473765,2.9025487256371814,0.8748282945439865,0.4692746737989323,667
imdfetn,immigration,FI,-0.056201715784225066,0.14467245101095463,-0.04070297070353594,0.29098108180031057,2.311111111111111,2.9229629629629628,0.7956359704213284,0.4254410768863146,675
imdfetn,immigration,FR,-0.12688482320186045,0.0010595870214396815,-0.11827580840689564,0.0022851762668302518,2.171945701357466,2.879336349924585,0.7949977579299635,0.4828586014496455,663
imdfetn,immigration,GB,-0.019510155712540823,0.6176527548677887,-0.01827090012260769,0.6401656977348078,2.0395738203957383,2.9269406392694064,0.8105356937094123,0.39527150032722086,657
imdfetn,immigration,GR,0.025884690220842946,0.5026213360372475,0.027731795479670113,0.47261809856831793,2.8959881129271916,2.9212481426448735,0.7987333423862056,0.39495733562569896,673
imdfetn,immigration,HR,-0.06154991859734697,0.1095899545214055,-0.04644870207696931,0.22744088319205366,2.317577548005908,2.8744460856720826,0.9379576414991466,0.48700254133774157,677
imdfetn,immigration,HU,-0.02661116826604462,0.4926490596837305,-0.023808208349570002,0.5393391377825495,3.2638680659670163,2.898050974512744,0.758890469916468,0.4503376548809832,667
imdfetn,immigration,IE,-0.05075788204945145,0.18845164517227656,-0.05066503463105749,0.189262308396533,2.2421991084695394,2.9331352154531944,0.889356329338763,0.3659444009767614,673
imdfetn,immigration,IL,0.021454498377476282,0.5850696832917073,0.0033380904089530894,0.9323080029349965,2.9276923076923076,2.9723076923076923,0.9818079753989933,0.27054000231557224,650
imdfetn,immigration,IS,-0.10776369443489041,0.005619110532287996,-0.07502328079922609,0.05423192678002697,1.8846737481031866,2.949924127465857,0.7943906736197919,0.3516083242579695,659
imdfetn,immigration,IT,-0.05234580372062065,0.17498045417651986,-0.03791242667249368,0.32607119898123604,2.3655274888558693,2.87518573551263,0.855723237118073,0.5081414574196861,673
imdfetn,immigration,LT,0.03542693237952314,0.36133137753927025,0.042094871241094484,0.2780184443161882,2.3468468468468466,2.9294294294294296,0.91015852405768,0.38716859839575585,666
imdfetn,immigration,LV,-0.03991924128516706,0.31254609788467497,-0.041814762102311845,0.2901061938330778,2.514018691588785,2.866043613707165,1.0103781530350797,0.5335539320508186,642
imdfetn,immigration,ME,-0.0322251748022038,0.40461337064569136,-0.0264169918487566,0.49451816938292487,2.351713859910581,2.953800298062593,0.8348702008875416,0.28275776574563477,671
imdfetn,immigration,NL,-0.02260843243979184,0.5588004821145395,-0.00821727029344691,0.8317449391210632,2.168405365126677,2.944858420268256,0.7247955900625758,0.3432934464463648,671
imdfetn,immigration,NO,-0.03274058432289021,0.3939767160623225,-0.017971824327101725,0.6399108779428462,1.7544117647058823,2.9691176470588236,0.6734899814322888,0.2776703807325053,680
imdfetn,immigration,PL,-0.1029165707436752,0.007766855503093908,-0.10008496631574232,0.009641654376889129,2.645209580838323,2.9191616766467066,0.805634831823265,0.3825949638393136,668
imdfetn,immigration,PT,-0.04776859798221841,0.2168842190355737,-0.06736041927920575,0.0814551345413425,2.4985074626865673,2.91044776119403,0.8105235602055383,0.42813403610599476,670
imdfetn,immigration,RS,-0.016355484307721158,0.6749153742225198,-0.021292385272887376,0.5850410013778806,2.4,2.8833333333333333,1.054220508300515,0.4576390336044354,660
imdfetn,immigration,SE,0.008366250129793853,0.8292464347652208,0.005666710033247912,0.8838605524719335,1.775112443778111,2.937031484257871,0.6647120745044933,0.41977278699428194,667
imdfetn,immigration,SI,-0.045956942354481486,0.2355467336015132,-0.03257310683505318,0.4006163656529239,2.2005988023952097,2.895209580838323,0.8076840124619092,0.4426048536333443,668
imdfetn,immigration,SK,-0.021427299857847557,0.5778312787232637,-0.011520828541940444,0.7647729550701516,2.9955686853766617,2.8847858197932053,0.8257923450386621,0.44690469633835267,677
imdfetn,immigration,UA,-0.007803443221496373,0.8450180773898707,0.005167431225001637,0.8970057170945371,2.219047619047619,2.865079365079365,1.0226150496932787,0.4743529540444806,630
gincdif,values,AT,0.009594826358628704,0.8049332380645214,-0.0010036681127213718,0.9793901421277015,1.8135338345864662,3.281203007518797,0.8737109226388534,0.5154466971291044,665
gincdif,values,BE,0.04402100989687762,0.25024667204007495,0.038294081436110655,0.3172837885176607,2.232456140350877,3.301169590643275,1.0109499133041553,0.5301441340070517,684
gincdif,values,BG,-0.048759724509171896,0.20344873225718946,-0.029866455038853313,0.4361509747838861,1.595307917888563,3.2991202346041058,0.834555625190917,0.5211805645104581,682
gincdif,values,CH,0.03179973038646368,0.41014919464935473,0.01602944742124956,0.6780734759901574,2.2303120356612185,3.3075780089153044,1.0259299167855094,0.5165870025294279,673
gincdif,values,CY,0.037616952573535097,0.3316682809741838,0.05788003299158757,0.13507084185003118,1.8817365269461077,3.3667664670658684,0.9209026808351298,0.5182461131898387,668
gincdif,values,DE,-0.015494586397754377,0.687802395202381,-0.020259152381538286,0.5992866699984183,2.3214814814814817,3.3096296296296295,1.012707478480877,0.4906959380021615,675
gincdif,values,EE,-0.05912336990413497,0.12573500734020665,-0.05614108794505189,0.1460071398060176,2.4613095238095237,3.318452380952381,0.98800107370282,0.503121686483618,672
gincdif,values,ES,-0.0071638030286076074,0.8532699194199119,-0.008667832846019118,0.8229294735172121,2.218236173393124,3.2840059790732434,1.014961076127945,0.5074871520984895,669
gincdif,values,FI,-0.01523764988620761,0.6922805115136592,-9.748341392141265e-05,0.9979799535068489,2.295420974889217,3.3161004431314622,1.0095079100467599,0.5019997070443213,677
gincdif,values,FR,-0.028713486076830115,0.4550751500323524,-0.039589523597572944,0.30295733028711425,2.09720176730486,3.2739322533136965,1.0777890918387267,0.528046157704186,679
gincdif,values,GB,-0.06611027883821355,0.0911657259012628,-0.08422686119309925,0.031265532522635815,2.197247706422018,3.256880733944954,0.9973587215265853,0.46770764270676735,654
gincdif,values,GR,-0.002010116877898945,0.958242124720392,-0.003920577165803233,0.9186584672562932,1.6784140969162995,3.3627019089574155,0.8049229842814244,0.5165106748050102,681
gincdif,values,HR,0.01350435670772907,0.7259789059441673,-0.009797468162484925,0.7992878697061055,1.9082840236686391,3.31508875739645,0.9143413816370821,0.5441760263609645,676
gincdif,values,HU,-0.05459726068435909,0.15528363897379024,-0.04185254340502911,0.2761336731025141,1.8350515463917525,3.2533136966126657,0.9293047589984477,0.48339697096464085,679
gincdif,values,IE,-0.0528292569084674,0.1703880804786366,-0.03723958952582243,0.33401675911301415,2.0933333333333333,3.3377777777777777,0.9691992473216753,0.5007215367536548,675
gincdif,values,IL,-0.0021557687106173937,0.9557500358534108,0.00656354781391009,0.8658426595290638,2.257142857142857,3.4195488721804512,1.031892467946382,0.5029219810952353,665
gincdif,values,IS,0.03717633467428247,0.33233618358152534,0.032451024419805574,0.3974796758133635,2.0762463343108504,3.3929618768328447,0.9800020907225712,0.5064723770704437,682
gincdif,values,IT,0.0035316849351361675,0.9270269047269106,0.0038253825225408908,0.9209774816388504,1.8148148148148149,3.2962962962962963,0.8507736502351836,0.5120806755870644,675
gincdif,values,LT,0.03047531366225888,0.42753248314632486,0.031706215006011125,0.40909723400473197,2.1323529411764706,3.3264705882352943,0.9904464378429628,0.46926685747288943,680
gincdif,values,LV,-0.014198274676872081,0.7162067433444737,-0.0048925685564092745,0.9003146303518592,1.9407294832826747,3.2462006079027357,0.9433645942897954,0.4997952419702784,658
gincdif,values,ME,0.06337844938761451,0.10222173065005344,0.05590708951845898,0.1495253775367537,2.3633633633633635,3.3528528528528527,1.1158907336395691,0.5232627247062769,666
gincdif,values,NL,0.0022660070641283597,0.9530361588963111,0.007874127233941352,0.8378418512590741,2.327433628318584,3.28023598820059,1.0163433561533994,0.5051509598458831,678
gincdif,values,NO,-0.011453292626171042,0.7647693676868351,-0.014269813700166454,0.7092871444747672,2.28029197080292,3.3693430656934305,0.9644135429782612,0.5180318754157202,685
gincdif,values,PL,-0.03561066468171717,0.36249172798580404,-0.04196514787631166,0.28315664430626486,2.5945121951219514,3.285060975609756,1.1066352577720366,0.4716280031714988,656
gincdif,values,PT,0.0021108183423580846,0.956476218662434,-0.014685874387120072,0.7041464404390545,1.7377049180327868,3.3099850968703426,0.74896552097052,0.5262130262843144,671
gincdif,values,RS,-0.014735159592114655,0.7076815892041755,0.0066941981228785695,0.8647406777678361,1.98,3.290769230769231,0.9982573413547066,0.5467999290233978,650
gincdif,values,SE,0.04284865707921863,0.26591709353621074,0.03234979281231488,0.4010441946571075,2.2618343195266273,3.3431952662721893,0.8816275567412865,0.5197986764477358,676
gincdif,values,SI,-0.06702368556510054,0.08230484445841389,-0.054396041941137556,0.15866496264758845,2.0653789004457654,3.3150074294205054,0.9505037263995256,0.5106287338309207,673
gincdif,values,SK,-0.024653686019071273,0.521308032314223,-0.013409390214465631,0.727247881608593,1.9896907216494846,3.3019145802650955,0.8298699431205507,0.4964587145267773,679
gincdif,values,UA,0.12071985688826722,0.0020981738147260415,0.11550571161280265,0.003258919183053059,2.1313755795981453,3.2565687789799074,1.105735872630492,0.4776904944599832,647
freehms,values,AT,0.022177060332790578,0.5657486779271306,0.019556439760762274,0.6125455231404014,1.7845468053491829,3.4947994056463596,0.867535582136699,0.8311565002192963,673
freehms,values,BE,-0.0033515701455886122,0.9305337611020239,-0.0025585529420642916,0.946942267236099,1.4771723122238587,3.665684830633284,0.842629130042202,0.8783788168834059,679
freehms,values,BG,-0.03369328248028974,0.3929465459069749,-0.03886836075483254,0.3243335444751654,2.973643410852713,3.268217054263566,1.295328406273926,0.7272410742961946,645
freehms,values,CH,-0.024743437479161898,0.521028937109114,-0.01749100864960097,0.6501007847951066,1.691851851851852,3.64,0.8078850885481761,0.8075313151363332,675
freehms,values,CY,-0.028574643297842938,0.4602677805186126,-0.03409559990379514,0.3782361091072275,2.6313432835820896,3.4567164179104477,1.1739205142423432,0.7214882229003193,670
freehms,values,DE,-0.019247162174371515,0.6163517014122823,-0.03425042585269224,0.3725214304005185,1.5544117647058824,3.55,0.7199930091972453,0.7811286724640878,680
freehms,values,EE,-0.0583559171333595,0.13188533679156791,-0.05441808661802734,0.1600568793746645,2.2619760479041915,3.5464071856287425,1.04841866474079,0.750373597350322,668
freehms,values,ES,0.019562593698931933,0.6105838468674242,0.012476356845756938,0.7453644931623598,1.526470588235294,3.5558823529411763,0.7822812543082371,0.7693277582981929,680
freehms,values,FI,-0.0073018699225002,0.8489314253206965,-0.02188921117769351,0.5679460193082972,1.6559297218155198,3.6530014641288435,0.8460218141453248,0.8413448832719099,683
freehms,values,FR,-0.04636889957694005,0.2285865332225684,-0.00717645495914545,0.8522527057938482,1.3816568047337279,3.633136094674556,0.7596612738131415,0.8137865326423503,676
freehms,values,GB,0.05383957954623221,0.16328912850300287,0.020878150657083875,0.5890075271879935,1.6041666666666667,3.636904761904762,0.7552186380491616,0.8949308825310712,672
freehms,values,GR,0.02267244028864828,0.5553399599922989,0.015345665259666155,0.6897765063486819,2.1811487481590572,3.4241531664212075,1.162795116837466,0.7736858570595693,679
freehms,values,HR,-0.039947728625425644,0.3099413487288406,-0.0592157706634238,0.13211887744895326,2.550925925925926,3.4722222222222223,1.1232538875497322,0.7778820371229279,648
freehms,values,HU,0.007008838701882467,0.8567291485779447,0.023237120451630712,0.5494168847278244,2.749249249249249,3.40990990990991,1.2560378236634118,0.7609793794392337,666
freehms,values,IE,-0.00745471341516602,0.846256582746186,-0.010159512886197037,0.7915858519068936,1.6229749631811488,3.7172312223858617,0.8214326561056456,0.8162331593063091,679
freehms,values,IL,0.03175642937458077,0.41429859347575826,0.026899891909756384,0.48927796568619825,2.779788838612368,3.517345399698341,1.4717116914584654,0.6636329199355309,663
freehms,values,IS,0.01534261348258769,0.6900524224628944,0.02668475075004641,0.48788886377867335,1.323008849557522,3.8716814159292037,0.6703920477645243,0.8762720512533428,678
freehms,values,IT,-0.019412471131540678,0.6172819540416937,-0.0372100721020269,0.3380199992892984,2.0631578947368423,3.532330827067669,1.0085085077839797,0.7967884399885993,665
freehms,values,LT,-0.03848466885138596,0.31990196582913316,-0.040405812791032815,0.2963225138950415,3.0,3.4835820895522387,1.1534053046139114,0.7745188997927265,670
freehms,values,LV,0.01347397830568525,0.7363204227315512,0.012305721922704509,0.7584387286074405,2.4768740031897925,3.4210526315789473,1.2692068622487496,0.7571196735661353,627
freehms,values,ME,-0.031244842754032623,0.42861839363204646,-0.03524882163005818,0.3718279609227873,3.3540372670807455,3.468944099378882,1.1720431198613352,0.7610041679794404,644
freehms,values,NL,-0.029723343940812094,0.43970472791309134,-0.024423328455706595,0.5255155225527645,1.4188790560471976,3.8053097345132745,0.6907687880802184,0.8422913856670448,678
freehms,values,NO,-0.03457262259250094,0.3669798942254486,-0.02799874815686107,0.46506645232535204,1.424597364568082,3.8682284040995607,0.6440191390246058,0.9078838115110074,683
freehms,values,PL,-0.0222990807400482,0.5709748175887384,-0.005979782321955967,0.8792438271560661,2.316358024691358,3.4058641975308643,1.0867664023131698,0.7144541220420734,648
freehms,values,PT,-0.05722586391540311,0.13895290053035375,-0.05354068957359573,0.166275310163803,1.8850746268656717,3.638805970149254,0.9344356715782379,0.8333402493968189,670
freehms,values,RS,-0.040808016009037065,0.2973938901947262,-0.03902781242101582,0.3189853351003346,3.1559633027522938,3.2920489296636086,1.343176130706598,0.6925756513365697,654
freehms,values,SE,-0.031014661500621283,0.41939591103699664,-0.05154778753355,0.17939456919048155,1.3911764705882352,3.835294117647059,0.6443901557198892,0.824471930050409,680
freehms,values,SI,0.01573878227135863,0.6890056355854756,0.004637304340501774,0.906138620228958,2.3590138674884438,3.510015408320493,1.0462674463309276,0.8590341438243561,649
freehms,values,SK,0.014988588726514686,0.7015829262224149,-0.008825069944327874,0.8215083476530184,2.801829268292683,3.3521341463414633,1.2032004426351106,0.7430666929835843,656
freehms,values,UA,-0.10276868533523616,0.009846091463601941,-0.1033283713588491,0.009450261976682158,3.003174603174603,3.249206349206349,1.3858205691612515,0.574877609390367,630
hmsfmlsh,values,AT,0.025210688463084722,0.5201602281931558,0.0034675867832498824,0.929526383676757,4.174578866768759,2.895865237366003,1.0391847391431608,0.6949851436608827,653
hmsfmlsh,values,BE,-0.03572875547266559,0.35222878758691056,-0.03674460909127185,0.33869727777073455,4.485294117647059,2.9191176470588234,0.9887831449670567,0.6381945615270034,680
hmsfmlsh,values,BG,0.019838661400376795,0.6175138591982993,-0.006231418837293202,0.8753687550219165,2.790880503144654,2.9150943396226414,1.3228382198049595,0.7025432924028192,636
hmsfmlsh,values,CH,0.00012035138370442575,0.9975414622856889,0.0002825298308032978,0.9942285225466317,4.334346504559271,2.9361702127659575,0.906969269437028,0.5933666156282438,658
hmsfmlsh,values,CY,-0.06413125456772603,0.1005125737463738,-0.06254331732472636,0.10923822112891314,3.2146118721461185,2.939117199391172,1.1782710864188022,0.5732405317839532,657
hmsfmlsh,values,DE,-0.04592552040657656,0.23376703919425176,-0.05375093853322219,0.16335594052252791,4.462908011869437,2.9094955489614245,0.8837081641082895,0.6137106448092816,674
hmsfmlsh,values,EE,0.025809741229994836,0.5060946763860746,0.013226074089772756,0.733330419518365,3.674174174174174,2.933933933933934,1.2104158210479992,0.609564238651059,666
hmsfmlsh,values,ES,-0.02690592119542991,0.4849359963090132,-0.06412798428532435,0.09572199332750117,4.550295857988166,2.871301775147929,0.8954948483656872,0.6840004921352678,676
hmsfmlsh,values,FI,-0.0027222383696502953,0.9434701050836607,0.007121530431472397,0.8528335596123802,4.4566813509544785,2.951541850220264,0.8427651440462809,0.595819851693827,681
hmsfmlsh,values,FR,0.012701194558004782,0.7409386256439069,0.02570574637665998,0.5033671520821232,4.6308823529411764,2.8941176470588235,0.8549875078437283,0.5999220256012648,680
hmsfmlsh,values,GB,-0.035260572527237105,0.36035803419939644,-0.04274868739768265,0.2673904905997485,4.383703703703704,2.951111111111111,0.9046703259890504,0.620360126417761,675
hmsfmlsh,values,GR,-0.07068468934618892,0.07150017795206677,-0.08114953302623291,0.03845779897816138,3.403993855606759,2.9170506912442398,1.3294010311041022,0.6742753800901197,651
hmsfmlsh,values,HR,-0.05689486962426014,0.15474900209990697,-0.04782271030073218,0.23178481883137175,3.2998405103668262,2.872408293460925,1.2107281256874847,0.7191944636053794,627
hmsfmlsh,values,HU,-0.04065056409513905,0.2996344855408298,-0.02317257929315693,0.5544575659833852,3.223583460949464,2.8698315467075037,1.305578412763201,0.6645443125624559,653
hmsfmlsh,values,IE,0.06606830653567539,0.09112353880298846,0.0769714821577386,0.04894299811935318,4.323664122137404,2.9190839694656487,1.0400123544511943,0.6265182786549858,655
hmsfmlsh,values,IL,0.002004008959613879,0.9589865104792084,0.007350174977845345,0.8503927819301164,3.0847201210287443,2.9984871406959153,1.478766722655715,0.5545930628530173,661
hmsfmlsh,values,IS,-0.07366989435246941,0.0546601716622313,-0.07514011870483576,0.04999298213142281,4.7547723935389135,2.9280469897209986,0.6254962614749312,0.638788262922498,681
hmsfmlsh,values,IT,0.03814463195565985,0.32821900867796017,0.04200339335815638,0.28161562780299626,3.8846737481031868,2.896813353566009,1.0498481615904733,0.6511426804765056,659
hmsfmlsh,values,LT,0.03318402152660008,0.39505613275938617,0.027482446570743255,0.4812488214365494,3.080424886191199,2.954476479514416,1.1634880224857849,0.6460474805231601,659
hmsfmlsh,values,LV,-0.012631944691876755,0.7535888763978441,-0.024992581098586483,0.5344999762520604,3.05,2.9338709677419357,1.3978115829126319,0.6358802044205025,620
hmsfmlsh,values,ME,0.043702185621515066,0.27609439960769566,0.05205434609289818,0.19444363005829993,3.056179775280899,2.911717495987159,1.1860887843179517,0.6541291826445973,623
hmsfmlsh,values,NL,0.0050011002309394825,0.8963530880799591,0.005197509468330924,0.8923068280560785,4.559471365638767,2.9456681350954477,0.8692808130284804,0.575210602095047,681
hmsfmlsh,values,NO,0.0426282499042669,0.2659132382963852,0.01893519283755577,0.6213095168303105,4.575402635431918,2.9487554904831623,0.7628342393010004,0.6375429859199797,683
hmsfmlsh,values,PL,-0.02874876029401635,0.46470116585302124,-0.05130949191926695,0.19173148897095443,3.8043143297380584,2.9291217257318953,1.1980874160927895,0.6721299286776165,649
hmsfmlsh,values,PT,0.026689647357218453,0.4963052221758783,0.03308586172978467,0.3989858602737407,3.9539877300613497,2.9294478527607364,1.15378202110718,0.5927812045065812,652
hmsfmlsh,values,RS,-0.026730182608319226,0.5023632825546629,-0.033240450252565334,0.40415239850153534,2.7199367088607596,2.882911392405063,1.4116499643956977,0.7024244217038457,632
hmsfmlsh,values,SE,-0.009553652559950212,0.8036113306602284,-0.011307941804273957,0.7684966219102075,4.591176470588235,2.945588235294118,0.777393267798325,0.61997525332565,680
hmsfmlsh,values,SI,-0.040068651884151235,0.30512909779384345,-0.04047731695836046,0.30021896540136483,3.7336377473363775,2.9086757990867578,1.1345372201646011,0.6700479459833243,657
hmsfmlsh,values,SK,-0.022955281440933537,0.5702215901011413,-0.036175758687634396,0.37085858134786476,3.026058631921824,2.8843648208469057,1.2367292692018623,0.698156395675352,614
hmsfmlsh,values,UA,0.015534659143375906,0.7008506215507238,0.02454379390372092,0.5438353870782582,2.511400651465798,2.998371335504886,1.3645596935730617,0.6550075293584962,614
hmsacld,values,AT,0.0012517849264113876,0.9745501088347273,0.018582264960565854,0.6357742105544394,2.3803680981595092,3.013803680981595,1.220453386868316,0.5798402328699107,652
hmsacld,values,BE,-0.028437186005511907,0.4600918744654377,-0.03888584948033552,0.31235539900832715,1.8641063515509602,3.0236336779911372,1.156086149012645,0.6221049650205087,677
hmsacld,values,BG,0.03474487602698263,0.37908006396210003,0.030755493420220367,0.4362463457231254,3.76049766718507,2.948678071539658,1.2235466556728667,0.5897705033891796,643
hmsacld,values,CH,0.05032362831325914,0.19426670042159366,0.03706671245178693,0.3391578579819673,2.530734632683658,3.077961019490255,1.2828973987738685,0.4744936086655168,667
hmsacld,values,CY,-0.012955477617843844,0.7385850885358262,-0.010024246442445648,0.7962401997619495,3.7837837837837838,2.9864864864864864,1.27489634835343,0.5413411060045165,666
hmsacld,values,DE,-0.011172828863526572,0.7725028353304204,-0.0321402812043487,0.40550202853346656,1.9821428571428572,3.044642857142857,1.0835346160650332,0.5495706416309412,672
hmsacld,values,EE,-0.008483843589975686,0.8275262986716089,-0.013597681599006978,0.7269281961789018,3.096676737160121,3.102719033232628,1.3606823335154044,0.4683881424116784,662
hmsacld,values,ES,0.05270231746917628,0.1717375733552471,0.03244423029238168,0.40037082415754466,1.7462908011869436,3.0089020771513355,1.0426390443603277,0.5819812800320253,674
hmsacld,values,FI,-0.05401594008230211,0.16066468061154082,-0.043396446083037506,0.25984806939676114,2.18491124260355,3.059171597633136,1.194980920148042,0.5599380072759041,676
hmsacld,values,FR,-0.0031324833307546495,0.9353522623209595,-0.034290543277947116,0.37444330644524104,2.136701337295691,3.0490341753343237,1.3382110242743035,0.5364425814339748,673
hmsacld,values,GB,-0.05938318883796537,0.12808043077356593,-0.06807989957132503,0.08097497270865675,1.993920972644377,3.0653495440729484,1.0726825815150587,0.6389083745878694,658
hmsacld,values,GR,0.02005781181304131,0.6042725056137142,0.03376309672931643,0.38290677307531723,3.8567164179104476,3.037313432835821,1.256519486482172,0.5683048038187821,670
hmsacld,values,HR,0.03164546725793345,0.41841373805196913,0.006563327182505085,0.866752891719209,3.5472560975609757,2.9588414634146343,1.2543268995581371,0.5298548260229776,656
hmsacld,values,HU,0.0356104619057774,0.35848578745620796,0.0297483194147281,0.443070219968396,3.36431784107946,2.970014992503748,1.2450929295959665,0.61926079619884,667
hmsacld,values,IE,-0.04675547251985414,0.2335315706734938,-0.04176099303876023,0.2873578262103669,2.067588325652842,3.0798771121351765,1.1549399675849124,0.4989934332371531,651
hmsacld,values,IL,0.023214829852389166,0.5522156424294078,0.047614152298425014,0.22256173411819202,3.022796352583587,3.0759878419452886,1.476687464272791,0.570988898780703,658
hmsacld,values,IS,-0.02480851801825971,0.5186943173118277,-0.04309647666633144,0.26209894921542876,1.5949926362297497,3.0957290132547866,1.021612305860456,0.5048110925308994,679
hmsacld,values,IT,-0.004354221220533004,0.9117085927910727,-0.002202889500876588,0.955263642876673,3.129032258064516,2.9769585253456223,1.2753046636438143,0.5719795287893875,651
hmsacld,values,LT,-0.05251698862751303,0.1768142561430711,-0.04746790865180735,0.22222887764472218,3.907993966817496,3.0030165912518854,1.029319160172533,0.5816867425785859,663
hmsacld,values,LV,-0.06015794625732481,0.1311655832325406,-0.05125860327130063,0.1984801306180313,3.7480190174326466,2.9809825673534074,1.3001434742389075,0.5687242627119118,631
hmsacld,values,ME,0.04726421367048351,0.2291972248062095,0.035168048424952206,0.37106916477331714,3.6656394453004624,2.9861325115562405,1.130691201001367,0.5483915771779893,649
hmsacld,values,NL,0.02517945281568261,0.514964302371371,0.015601611177298691,0.6866466375117983,1.8077496274217586,3.0998509687034277,1.0453876678180112,0.5602637772911815,671
hmsacld,values,NO,-0.007098791049374205,0.853084541660325,0.004850480938078948,0.8993105648235298,1.910688140556369,3.0819912152269398,1.0773269683508253,0.5749008481990246,683
hmsacld,values,PL,0.06648542656069603,0.09107846782544904,0.0767295336772501,0.05107965878556351,3.659969088098918,2.9953632148377127,1.3115309038434715,0.53222194683055,647
hmsacld,values,PT,0.013204915620833651,0.7343206613575698,-0.008296154667346466,0.8311581077729449,2.570135746606335,2.9984917043740573,1.2668732400356546,0.5932634051004501,663
hmsacld,values,RS,0.014785549191606594,0.7075934975337052,-0.0023587630297359275,0.9522866147564694,4.0588235294117645,2.9535603715170278,1.1518537172159116,0.615820888016208,646
hmsacld,values,SE,-0.05804507210148616,0.13164408218499385,-0.0722307355652728,0.060521417489794276,1.819526627218935,3.1346153846153846,0.9828019268591657,0.5343739847293799,676
hmsacld,values,SI,0.006390279700332155,0.8701362034804496,-0.005970859709746574,0.8785914324721686,3.1598173515981736,2.989345509893455,1.2997532470334794,0.5723899118901548,657
hmsacld,values,SK,-0.11673580846032731,0.0029198540698670483,-0.12862808813021334,0.001031992511521783,3.935185185185185,2.9660493827160495,1.1591166610694303,0.5874171143080515,648
hmsacld,values,UA,-0.05830650604503495,0.1486710525328382,-0.07407448786420572,0.06639124075811864,3.629268292682927,2.886178861788618,1.3098680657707125,0.6173819373416309,615
euftf,values,AT,-0.06972477764680071,0.07843440611387749,-0.08157710447826881,0.039405998172435695,4.590909090909091,6.760188087774295,3.0201383920195104,1.1375624449742545,638
euftf,values,BE,-0.010985187024446303,0.7785114852864853,-0.019418923188334557,0.619030754705915,5.90273556231003,6.772036474164134,2.3672599024923326,1.0880599180529509,658
euftf,values,BG,0.05388234588834315,0.1831174012993454,0.023390326067928048,0.5635742237766184,5.612745098039215,6.687908496732026,2.592706813798343,1.1133695210790466,612
euftf,values,CH,-0.04741450711060299,0.22880021524214694,-0.038285327651901124,0.33127356010734826,5.06656346749226,6.914086687306502,2.4189618411601472,1.0517477599753635,646
euftf,values,CY,-0.04025318857466353,0.31464213407011,-0.05254596573066504,0.1891899604821305,5.89776357827476,6.830670926517572,2.973336676263779,1.094020927193525,626
euftf,values,DE,-0.024545676714395493,0.5324952893545613,-0.02612212872405042,0.5064956196767638,6.1895223420647145,6.918335901386749,2.6700466865820602,0.8701778968586387,649
euftf,values,EE,-0.08113645163740195,0.038043243534432954,-0.06778646254613423,0.08323644802888541,5.775229357798165,6.876146788990826,2.903754425489045,1.047835872249772,654
euftf,values,ES,-0.009927232368148,0.8036061214290044,-0.0026314599855431758,0.9474430573408202,6.242857142857143,6.83015873015873,2.3568197081983335,1.08818410613762,630
euftf,values,FI,-0.03755510576823671,0.3346534573108433,-0.012934683086060569,0.7397487577347621,5.580060422960725,6.824773413897281,2.086356804687197,1.0564073762747173,662
euftf,values,FR,-0.045507037691254956,0.2586524303330712,-0.058604952518329645,0.14561462567728514,5.262135922330097,6.824433656957929,2.7046792937391673,1.1529688629772414,618
euftf,values,GB,-0.020332473659640304,0.6348345421556378,-0.00537673340493433,0.9000647082937908,5.25,6.766423357664234,2.5727975085711057,1.118321893286408,548
euftf,values,GR,0.06633040375511566,0.09837800573926055,0.07765302295167105,0.052905830732508,5.159163987138264,6.898713826366559,2.319573911839242,1.046902471253832,622
euftf,values,HR,0.0162212514245011,0.6863821258657038,0.01860616611129875,0.6432617834694165,5.364951768488746,6.741157556270096,2.787179051821596,1.166719368415924,622
euftf,values,HU,0.03691436973380748,0.3541906035625895,0.04143855768550388,0.29827779445558855,4.492088607594937,6.6534810126582276,2.810428971390267,1.1421282590056416,632
euftf,values,IE,0.012764410100992012,0.7550225714213213,-0.011031864542236496,0.7874148433889179,5.2716666666666665,6.858333333333333,2.5603625360644453,1.0263297765529789,600
euftf,values,IL,0.00811936082633676,0.859612725573449,-0.01216091354854256,0.7910777899556147,4.882599580712788,6.819706498951782,2.4552403126148157,1.0436832391066402,477
euftf,values,IS,-0.01370243055635596,0.7351354040441407,-0.02904969650541528,0.47316927599174147,5.776143790849673,7.006535947712418,2.3839107794745455,1.0073168133073964,612
euftf,values,IT,0.007457495649617674,0.8506452614892094,0.020685577773312036,0.6014327823176594,4.75625,6.83125,2.705693006955394,1.1381663038463525,640
euftf,values,LT,0.02171029084367857,0.5865062310260316,0.03706704945903334,0.3529683270322217,6.082539682539682,6.723015873015873,2.7830134119414525,1.0631239548932372,630
euftf,values,LV,-0.01531922971882229,0.7137052718653155,0.0015369360454068255,0.9706394045159098,4.755208333333333,6.526041666666667,2.6704451265497,1.3105653443224914,576
euftf,values,ME,-0.007753537499664201,0.8431169222915216,-0.0016324243585573003,0.9667642838713926,6.042813455657492,6.77217125382263,2.5157394959936297,1.1086141320365976,654
euftf,values,NL,0.08710377212169318,0.02614213978337991,0.045367681072041706,0.2473523042755949,5.627300613496932,6.881901840490798,2.300882769574265,1.0140385120996072,652
euftf,values,NO,-0.055428708582311775,0.1715527862215151,-0.04001248586665748,0.3238369837571463,5.2,6.942622950819672,2.095267950227663,0.9472904955122425,610
euftf,values,PL,0.005005268953724083,0.8996686402190327,0.009816566068531802,0.8046928811823921,5.6828885400313975,6.7017268445839875,2.7454775521080967,1.1154490454823758,637
euftf,values,PT,-0.021833235151547902,0.5959968624072476,-0.018599846095454904,0.6515309662146045,6.2550675675675675,6.721283783783784,2.2599600184001045,1.3001443524725245,592
euftf,values,RS,0.027164246783456882,0.5083969475696227,0.043547302292737004,0.28891616262375625,4.749579831932773,6.644537815126051,3.547106611222318,1.1799886918786757,595
euftf,values,SE,-0.025408906367079192,0.5230698538807844,-0.00785311813473284,0.8435542081605462,5.186119873817034,6.913249211356467,2.0903894490737174,1.033964063703847,634
euftf,values,SI,-0.0007347071058065443,0.9854337155619314,-0.02175508666496161,0.5887363469383464,5.656451612903226,6.740322580645161,2.537544955250373,1.1362665500811833,620
euftf,values,SK,-0.018400131573991393,0.6437741791005321,-0.027275391629803213,0.49299750391929037,4.194006309148265,6.709779179810726,3.0199801281935073,1.088935716107907,634
euftf,values,UA,0.00029942588420208793,0.994258812377124,0.019779329345183432,0.6345245554426442,6.415517241379311,6.2620689655172415,3.3160676362105903,1.4635263428455012,580
atchctr,attachment,AT,-0.08190699345694637,0.03284637782833617,-0.041913869928032484,0.2754299928622509,8.375552282768778,6.972754050073638,1.8391169837940136,0.9894323257934411,679
atchctr,attachment,BE,-0.04247441569699343,0.26940885729271224,-0.01255366418833786,0.7442068898241206,6.3628318584070795,7.080088495575222,2.4169341526864656,1.0777329964581903,678
atchctr,attachment,BG,-0.03496308423303741,0.364070910560172,0.0043480240329413005,0.9101574525667633,8.001479289940828,6.974112426035503,2.3472595591644687,1.1007048027955617,676
atchctr,attachment,CH,0.024704311901199906,0.5204526744733524,0.029744630085578934,0.4390386253085367,7.804123711340206,7.193078055964654,1.8357915084641385,0.9327042761559726,679
atchctr,attachment,CY,-0.04521692424919244,0.23828553585851975,0.022983720860989616,0.5490388816377794,8.249266862170089,7.280058651026393,2.110606956091062,0.9633586603385464,682
atchctr,attachment,DE,0.007736058409917091,0.8402981346220328,0.018025463088149146,0.6386650750833797,7.139500734214391,7.044640234948605,2.2569329234506155,0.9651751874336554,681
atchctr,attachment,EE,0.024344912828325793,0.5271523859703534,0.01510583595187874,0.6948083515193095,7.858197932053176,7.242983751846381,2.173804167444272,0.8477076405332485,677
atchctr,attachment,ES,-0.010430026172067262,0.7864779032687436,0.02358410839289734,0.5401465325618291,7.731166912850813,7.235302806499262,2.3259128061606695,0.7972829812904736,677
atchctr,attachment,FI,0.09604991321938018,0.012343754862384291,0.050564282911230385,0.18850098654345687,8.64749262536873,7.230678466076696,1.5567790183766592,0.9209861517615189,678
atchctr,attachment,FR,0.0594117513806669,0.12277980011331861,0.06747214647840033,0.07959732892353755,8.1198224852071,7.22189349112426,1.727895049409873,0.830186035671667,676
atchctr,attachment,GB,-0.023012201788285065,0.5541878141935557,0.011083071736366242,0.7757622132929415,6.606334841628959,6.912518853695325,2.6922326996119326,1.166259088756112,663
atchctr,attachment,GR,-0.021744744359578662,0.5727782063646863,0.009709357615951507,0.8011995953498642,8.77037037037037,7.286370370370371,1.5981291953208308,0.9056651632059269,675
atchctr,attachment,HR,0.01915529158864105,0.6190751791221109,0.0031854019041587306,0.9341160195123961,7.795857988165681,7.129437869822485,2.3048510524276478,1.0356062360444351,676
atchctr,attachment,HU,0.017176414707168988,0.6567046961755373,0.0013970772567927588,0.9711635715203496,8.186011904761905,6.996726190476191,1.940143230652505,1.0066343249223346,672
atchctr,attachment,IE,0.039374998661433354,0.30522971316780767,0.050591749793905905,0.187608066126144,8.051470588235293,7.147647058823529,1.9391321447578638,0.897547169180787,680
atchctr,attachment,IL,0.09325708596160628,0.016885105899854314,0.014046151300755583,0.7195288037420472,7.5426829268292686,7.333231707317074,2.988733265343728,0.8910372622501833,656
atchctr,attachment,IS,-0.02616844321578795,0.4976275174638806,-0.018975906138699854,0.6228798113644631,8.129080118694363,7.438872403560831,1.766356391822592,0.9220120957156273,674
atchctr,attachment,IT,0.015953777368885785,0.6786074182343491,-0.004777591209510548,0.9012517711795625,7.841949778434269,7.310192023633678,2.150439829200651,0.9137021343366301,677
atchctr,attachment,LT,-0.05125673161406537,0.1825125705985221,-0.05005158179017814,0.19302721018478197,7.781710914454277,7.169321533923304,2.3090897435207114,0.9103068840774662,678
atchctr,attachment,LV,0.03430272459226972,0.37427353831834526,0.014386671637910539,0.709484865864969,8.190193164933135,7.106686478454681,2.2604437758595677,1.0160760707828382,673
atchctr,attachment,ME,-0.02979206581717917,0.43932601577571306,0.013464877780633636,0.726747926500555,7.428994082840236,7.247041420118343,2.512072102048598,0.8342164945404242,676
atchctr,attachment,NL,-0.008769600042371017,0.8198321232430293,0.0010653234296105045,0.9779272068197999,7.00738552437223,7.183604135893649,1.9585056011940558,0.9145180173219868,677
atchctr,attachment,NO,0.05965427326143976,0.12043077323423401,0.07796969016935912,0.04224946665765185,8.415316642120766,7.244182621502209,1.7006335392988456,0.8132879853601495,679
atchctr,attachment,PL,-0.010081915251094198,0.7937401004557673,-0.039779416271948705,0.30207561869056093,8.312592592592592,7.149037037037037,2.055983149402626,0.9624915692521236,675
atchctr,attachment,PT,0.03535129747312968,0.35663377460535195,0.012065359319993519,0.7531247039872415,8.390029325513197,7.243401759530792,1.9366820709844643,0.9706374276897329,682
atchctr,attachment,RS,-0.018008971980384633,0.639219351612771,-0.06259070558319228,0.10294049359969046,8.051470588235293,7.0566176470588236,2.692158068429045,0.8955545756238519,680
atchctr,attachment,SE,-0.017397903391145872,0.6508749278892655,-0.031244577456753984,0.4162994991496683,7.839469808541973,7.113107511045656,2.160759661404437,0.9679627232270209,679
atchctr,attachment,SI,0.0866822334730454,0.024208084323843453,0.06331273095959647,0.10002449304354276,7.822485207100592,7.116715976331361,2.253786353163665,0.8796978517207806,676
atchctr,attachment,SK,0.009368143967235159,0.8081874152377453,0.034215998481478826,0.37512744117062485,7.556379821958457,7.096884272997033,2.3806917616816854,0.8906510106898957,674
atchctr,attachment,UA,0.00021901009713985576,0.9954920822320046,-0.008932400361581204,0.8177527391641097,8.395209580838323,7.371706586826347,2.226211804049601,1.1360886994288968,668
atcherp,attachment,AT,-0.0030871917408868133,0.9359068206723177,-0.00348060110774944,0.9277602934405561,6.465491923641704,7.160058737151248,2.4559169427556156,1.016086492996908,681
atcherp,attachment,BE,0.04977618524953801,0.19516068362903188,0.03171119042132514,0.40936965204728903,5.792341678939617,7.104565537555228,2.4433765072619598,0.9791904479634487,679
atcherp,attachment,BG,-0.021358051610729217,0.5821725470772761,-0.033939417993936814,0.3818567159219956,4.551051051051051,6.9406906906906904,2.743896648644497,1.1863302119785435,666
atcherp,attachment,CH,-0.033624543320726466,0.3827355672159675,-0.03008868076946348,0.43478206358895355,6.10207100591716,7.227810650887574,2.288119752302448,0.9284931318785561,676
atcherp,attachment,CY,-0.029055897654427162,0.4530832020786293,-0.035828867594428014,0.3548208178431806,5.216741405082212,7.205530642750373,2.6473273428637554,0.9595014428832015,669
atcherp,attachment,DE,0.056287553223746976,0.1431676807077396,0.07814811377455863,0.041930285188468294,6.547197640117994,7.034660766961652,2.4038342327389746,1.0167979629474402,678
atcherp,attachment,EE,0.03971649016190475,0.3046459393159851,0.013734722393223896,0.7226889547251146,5.746268656716418,7.199701492537313,2.6281407068401723,0.9873792070440823,670
atcherp,attachment,ES,0.020247399134906707,0.5994985861392045,0.021119504928975946,0.5838670445506983,6.674074074074074,7.159259259259259,2.282138195263243,1.012627710837565,675
atcherp,attachment,FI,0.03487182379864964,0.36249277859521134,0.02493973580467486,0.5149386790697827,6.902046783625731,7.226608187134503,1.9194760199265568,0.9445658178119968,684
atcherp,attachment,FR,-0.01372080479390207,0.7229584019094085,-0.00685084099054766,0.8595079370165275,6.167164179104478,7.223880597014926,2.47235163131167,0.9286326564012112,670
atcherp,attachment,GB,-0.01125304892867193,0.7730882734884863,-0.0017838236244101012,0.9635448776315473,4.688922610015174,6.833839150227617,2.7541704036865116,1.1309109401872204,659
atcherp,attachment,GR,-0.000549856244919586,0.9886825448110348,0.024984240268822257,0.5191693700475408,5.205089820359281,7.155688622754491,2.407790546176938,0.939160031127957,668
atcherp,attachment,HR,0.023795605953126284,0.5386399588077069,0.005647885400486071,0.8839844858966093,6.023880597014926,7.123134328358209,2.695735964870929,1.0493014388545048,670
atcherp,attachment,HU,-0.08063237308832252,0.03622267830384067,-0.11121190715668149,0.0038158901187692247,7.256296296296297,7.0414814814814815,2.3476298865419727,1.0790963073479245,675
atcherp,attachment,IE,-0.11436366717479322,0.002924960647693614,-0.11487470860464369,0.002799829893745853,5.940740740740741,7.0377777777777775,2.3923808428787705,1.108897564300139,675
atcherp,attachment,IL,-0.08322615512785254,0.0337459817896423,-0.07406363410903147,0.05893547469803319,2.4270353302611367,6.613671274961598,2.3642478648488106,1.3416914271246414,651
atcherp,attachment,IS,-0.04031808673076835,0.295212185363492,-0.028002493590545952,0.46731175186753826,6.28698224852071,7.3017751479289945,2.1849062845525,0.9257132343925994,676
atcherp,attachment,IT,-0.08935470975540763,0.020616693623233494,-0.07518597126966449,0.05156864768676512,5.764530551415797,7.260059612518629,2.2825737722049104,0.947005963523201,671
atcherp,attachment,LT,0.003951509342584976,0.9199072145868886,-0.02316652650295401,0.5554755213833353,5.884615384615385,7.123846153846154,2.732091472074359,1.0402384939112608,650
atcherp,attachment,LV,-0.019013910380425356,0.6258372120731183,0.004903634952431373,0.8999388313071206,5.2318181818181815,7.043939393939394,2.8218559036194306,1.1234334954858707,660
atcherp,attachment,ME,0.0026133171988845776,0.9462500403569708,0.025294126818641148,0.5139984825392246,4.87125748502994,7.256437125748503,2.4189804634034764,0.8427860561083914,668
atcherp,attachment,NL,0.05065641123372265,0.18900805256995373,0.04460087599376638,0.24754527755246206,5.807121661721069,7.232937685459941,2.152756902753595,0.9031304179529012,674
atcherp,attachment,NO,0.019346519356914258,0.6145323219469606,0.01615769222417201,0.6740520572681437,6.676470588235294,7.33235294117647,2.123167503872896,0.8467978628117918,680
atcherp,attachment,PL,-0.062143040887985015,0.1096333056777263,-0.03199016222295212,0.4105157891508702,6.870481927710843,7.125451807228916,2.363900656414814,1.0361052670316786,664
atcherp,attachment,PT,-0.012942889904777401,0.7380725829670225,-0.013838978794553505,0.7206716255171348,6.7522388059701495,7.227611940298507,2.196229831672727,0.9842095453482835,670
atcherp,attachment,RS,0.011400376409430781,0.7708818218677371,-0.006260762436910194,0.872938575717643,3.5419847328244276,6.93587786259542,3.057200709331428,1.0425260945619153,655
atcherp,attachment,SE,0.018113726838795124,0.6370226344945441,0.016813947934245364,0.6613853514187491,6.612334801762114,7.165198237885463,2.230027824828122,1.0052547220641068,681
atcherp,attachment,SI,-0.07003753251720339,0.06940361325014746,-0.05168785216159689,0.18047253000668748,6.00148588410104,7.171619613670134,2.670105255336806,0.9681904563942091,673
atcherp,attachment,SK,-0.013405538548052202,0.728487000608741,0.014653979316449113,0.7043382950616597,5.962852897473997,7.078751857355126,2.807322303464821,0.9897737171951301,673
atcherp,attachment,UA,0.03179285968876867,0.4231073402957433,0.043091659714241316,0.2774999360716334,5.634222919937206,6.619309262166405,3.146769817378116,1.5448903891810217,637
health,health,AT,-0.11649242208924618,0.0022940949564621313,-0.13194358780148077,0.0005461071960685379,2.103953147877013,3.74408173224521,0.9313844632210262,0.5238649016078318,683
health,health,BE,-0.09373067982858697,0.014337624185109114,-0.11073214772079637,0.003786897673480843,2.090909090909091,3.747507331378299,0.8450978415352002,0.4846858323080544,682
health,health,BG,-0.1291436957685637,0.0007365350866917619,-0.17051560465116064,7.781599546021693e-06,2.05,3.607573529411764,0.8804035759546615,0.5732738017111197,680
health,health,CH,-0.05014696638996778,0.19054201359068643,-0.027204525477752033,0.4778285017245174,1.8784773060029283,3.8387480365954816,0.7414355739114178,0.45485629532518834,683
health,health,CY,-0.10645102553495461,0.005355407613910857,-0.10967271063011279,0.004109567850710603,2.0453879941434847,3.7548316251830163,0.9804488858994708,0.455882141925769,683
health,health,DE,-0.12703758846426105,0.0008841922449556581,-0.14132492527948126,0.0002134456587297129,2.310850439882698,3.776759530791789,0.8839403395334051,0.4625618799149367,682
health,health,EE,-0.13742136157888654,0.00032566229735799245,-0.13864955649222618,0.00028738288876357633,2.3676470588235294,3.7299264705882353,0.7940205805382428,0.47687849825349504,680
health,health,ES,-0.087485081163766,0.022320130417710363,-0.09353280867858046,0.014545600570595299,2.2859237536656893,3.724933625886181,0.9597210100260641,0.5223510036946896,682
health,health,FI,-0.06608044636112244,0.0844036756918587,-0.07612498849333417,0.046732870974098936,2.2562225475841875,3.735003444413256,0.826753050971962,0.4784219265741155,683
health,health,FR,-0.008590445358203191,0.8234516173755685,-0.029437753070396554,0.44445152970445345,2.2008862629246675,3.755768915148531,0.8992760634133287,0.5140669948067305,677
health,health,GB,-0.042417363639532565,0.26899212787202204,-0.0579885711115165,0.1305947535904625,2.2408223201174744,3.6729809104258444,0.9674900360489614,0.5113172848745902,681
health,health,GR,-0.14069567551877754,0.00024294366079653025,-0.14217149297482873,0.00020851417930122082,1.668639053254438,3.7288461538461535,0.8053296062542473,0.5091205198218823,676
health,health,HR,-0.10126205982647259,0.008181699283600857,-0.11000960802601618,0.004049723880645412,2.1262848751835537,3.731739304986961,1.070417387486147,0.5091724320376915,681
health,health,HU,-0.1567704659458441,4.026272434605645e-05,-0.16281057472230231,1.9877141667453115e-05,2.2058823529411766,3.6502941176470585,0.9549317539851339,0.49966843376997744,680
health,health,IE,-0.05487874370797146,0.15165195099638307,-0.08319491213287458,0.02958351316863071,1.9371345029239766,3.7964912280701757,0.8385799748795614,0.46611628468156074,684
health,health,IL,-0.10282566207862225,0.0073713612851516565,-0.12255806162169036,0.0013867609754290144,1.7359882005899705,3.83665191740413,0.9856742609770938,0.436333081633493,678
health,health,IS,0.04188300266561449,0.27472194174142267,0.046871910623786095,0.22152141246055723,2.0219941348973607,3.856524926686217,0.9057412634867553,0.43749296461932313,682
health,health,IT,-0.21016939328452902,3.01556380730165e-08,-0.2280220480570893,1.7076022461425754e-09,2.1715542521994133,3.7342450502932554,0.8593684739377195,0.5016907764909981,682
health,health,LT,-0.08549057398432085,0.025575961158483592,-0.08633259241788621,0.024154557860079702,2.3958944281524928,3.6639343338508423,0.8102758765879451,0.5132598072766441,682
health,health,LV,-0.05577386427544631,0.14866685658705409,-0.07448570840894028,0.05360967536787537,2.7857142857142856,3.634523809523809,0.837944096409591,0.5286628629676422,672
health,health,ME,-0.045514205990695,0.23521017938657143,-0.047168273465039566,0.21861070331838012,2.1085043988269794,3.749780058651026,0.8721255908618486,0.5117596073885426,682
health,health,NL,-0.05779584183016678,0.13188044020592768,-0.08135465485376495,0.03378332160817617,2.1365638766519823,3.743906020558003,0.7339453813139015,0.4986411092767607,681
health,health,NO,-0.01618863093512743,0.6727836145378853,-0.021792854193711027,0.5696516527270336,2.013177159590044,3.8470752283343788,0.8938379844629301,0.43812692627181127,683
health,health,PL,-0.03681243847508156,0.33709373222662514,-0.035423074023525944,0.3556575765960456,2.2008797653958942,3.683729372644009,0.8196194383380376,0.5118683048905873,682
health,health,PT,-0.1495416270250106,8.847584816062756e-05,-0.1476619971864432,0.00010866840471827266,2.472140762463343,3.7362170087976536,0.8970261477082214,0.4691987732449164,682
health,health,RS,-0.09157277136003797,0.01716013811690935,-0.10832108179404287,0.004779543058535808,2.3855243722304285,3.6978638791048737,1.0222221261637439,0.5080107631804451,677
health,health,SE,-0.0726030148799038,0.05864135797522172,-0.09017435770879624,0.01876382603158112,2.0751104565537557,3.7918262150220907,0.8441795922352935,0.4688562237454008,679
health,health,SI,-0.08637933124097201,0.02428660496245231,-0.09485162466723877,0.013343847305379344,2.177941176470588,3.6980147058823523,0.8979350535005006,0.5289969109004148,680
health,health,SK,-0.11047328821083932,0.0038961260079894778,-0.12367479019194702,0.0012210853930828738,2.395007342143906,3.701395007342144,0.8784537091182784,0.49211604134747255,681
health,health,UA,-0.08401689967752174,0.02847087403706724,-0.08356511225695702,0.02933801545597222,2.761764705882353,3.4386029411764705,0.8661579396199224,0.5817666112597123,680
rlgatnd,religion,AT,0.011678031769858422,0.7611462423877979,0.009866995435122487,0.7973079753876112,5.411764705882353,3.164705882352941,1.2938656004306714,0.6708236218482165,680
rlgatnd,religion,BE,-0.0863415387708297,0.024139830129335394,-0.05535331219977683,0.14873491261081667,6.167155425219941,3.1759530791788855,1.3312819837663696,0.6778276071754837,682
rlgatnd,religion,BG,0.06394564996281393,0.095441783707919,0.06454790826997601,0.0923554001552162,5.3039647577092515,3.113069016152717,1.2579624603688822,0.7238517131172014,681
rlgatnd,religion,CH,0.037860645209545955,0.32350739185955313,0.04731445449817513,0.21718513479522633,5.717008797653959,3.2082111436950145,1.322116566083751,0.650803205981104,682
rlgatnd,religion,CY,0.09835517204854567,0.010223156265520845,0.08249828987774047,0.03135101012391965,4.320117474302497,3.223201174743025,1.3891461568182895,0.6064280926276665,681
rlgatnd,religion,DE,0.03491831152599298,0.3615009104123927,-0.00610301981729543,0.8733213804880454,6.0510948905109485,3.1474452554744525,1.2218835993892017,0.6798133872734482,685
rlgatnd,religion,EE,-0.08948966612823632,0.01923855822768654,-0.07365346030471262,0.054181786464859785,6.007309941520468,3.1184210526315788,1.085619733334903,0.6418858274080325,684
rlgatnd,religion,ES,0.04919470670808273,0.19911036947497687,0.06919478017849304,0.07072968389113234,5.844802342606149,3.2166910688140558,1.5170338053076198,0.6870500092948278,683
rlgatnd,religion,FI,-0.05116116964679479,0.18139693450988678,-0.036403954412309286,0.34177665127353735,5.847953216374269,3.216374269005848,1.1480374331996788,0.6605120337184428,684
rlgatnd,religion,FR,-0.003929482470930582,0.9185342386921688,0.018972614133234415,0.6213913024020231,6.1647058823529415,3.135294117647059,1.2620861596922381,0.6393490582049035,680
rlgatnd,religion,GB,-0.0033716755333137085,0.9300151509396046,-0.008902610696840133,0.8166155910828804,5.898678414096916,3.2085168869309837,1.539675677543377,0.7400224579817516,681
rlgatnd,religion,GR,0.07803411053067459,0.04207902676176503,0.10923123002255926,0.004377517167732862,4.540500736377025,3.219440353460972,1.197733989893073,0.654351654321848,679
rlgatnd,religion,HR,0.024951465649254007,0.5153584973228478,0.022078814246606668,0.5648831672631066,4.961876832844575,3.167155425219941,1.4261089652252996,0.7158210852076043,682
rlgatnd,religion,HU,-0.021052606033364105,0.5847804885274679,-0.00032706829837064787,0.9932276067288839,5.563609467455621,3.2218934911242605,1.4423565043971969,0.6118774705849396,676
rlgatnd,religion,IE,0.07277373455531676,0.057495029403883305,0.07949742349191362,0.037934391464505904,4.8841642228739,3.1818181818181817,1.6534789442565965,0.7122326846917647,682
rlgatnd,religion,IL,-0.0399999571346652,0.2972552287743616,-0.029067393958089813,0.4488650291088062,5.13215859030837,3.246696035242291,1.9823136092456115,0.5972425190717744,681
rlgatnd,religion,IS,-0.006407093668177189,0.8674535170929955,-0.019984023842364064,0.6026478439458036,6.108663729809105,3.1138032305433185,1.165659926692706,0.7721534532348407,681
rlgatnd,religion,IT,0.06499391165369056,0.09083583002065304,0.08672351163748003,0.023931107049963075,4.700589970501475,3.1327433628318584,1.6188602971721842,0.7292709956853533,678
rlgatnd,religion,LT,0.03994878898704393,0.2985872841495598,0.021165576478948296,0.5819283292896624,5.123711340206185,3.170839469808542,1.1859603028164394,0.642844230183755,679
rlgatnd,religion,LV,0.04954313572932535,0.19660160109290903,0.03581487590485314,0.3507133147946512,5.791483113069016,3.146842878120411,1.2261792655474688,0.6500177737252751,681
rlgatnd,religion,ME,-0.0610096168949724,0.11463089179968126,-0.06836422138430591,0.07700592534620934,4.244776119402985,3.2149253731343284,1.6807432676840734,0.6595858036598585,670
rlgatnd,religion,NL,0.009898346822115258,0.7962382463189098,-0.03172707453589662,0.40775345752050524,6.1639824304538795,3.1859443631039532,1.455918232588669,0.7299470372923663,683
rlgatnd,religion,NO,0.10490859718163772,0.006139661257953362,0.09278955666506467,0.015426294143988493,6.07488986784141,3.1762114537444934,1.183949408162513,0.7223884256925087,681
rlgatnd,religion,PL,0.0100379239065118,0.7950683237885244,-0.011087389443574793,0.7741952363308969,4.380952380952381,3.200892857142857,1.4843827795346862,0.6572755313578772,672
rlgatnd,religion,PT,-0.010033438632686615,0.7935196897202367,-0.013458874580778662,0.725506225301396,5.265007320644217,3.102489019033675,1.6721952816772423,0.7472586936470847,683
rlgatnd,religion,RS,-0.06479441800541264,0.09135412978638277,-0.04569272616779426,0.23406607286318204,5.08235294117647,3.195588235294118,1.1812154166457225,0.6918277053869096,680
rlgatnd,religion,SE,0.06292210808524674,0.10062485267154987,-0.0013227669270731567,0.9724936909832189,6.041055718475073,3.1803519061583576,1.1803894674987299,0.6712216442108777,682
rlgatnd,religion,SI,-0.01255062226275118,0.7437193640276081,0.0033693980868746347,0.9300623021791323,5.4287812041116,3.198237885462555,1.3905119076416619,0.6644744556044395,681
rlgatnd,religion,SK,0.04219049540111794,0.27440778118816456,0.0514710968073352,0.18230952649861187,4.716196136701337,3.239227340267459,1.6756277528839907,0.646055336133551,673
rlgatnd,religion,UA,0.0061872818529762775,0.8727116165196387,0.02455110560739949,0.5248920426195236,4.955423476968797,3.12481426448737,1.466218159393788,0.6142111687328892,673
aesfdrk,safety,AT,-0.01576001837969351,0.6818517926542728,-0.005532433077067181,0.8855813565219817,1.7731958762886597,2.8758468335787923,0.741791028930951,0.3935765361143649,679
aesfdrk,safety,BE,-0.00894757683815398,0.8155725918429076,-0.002214246996131114,0.9539721851675288,1.967741935483871,2.904618768328446,0.7541274801777509,0.3478441067261168,682
aesfdrk,safety,BG,-0.0053394201354946816,0.8898720761801971,-0.008188541438058456,0.8318310261369678,2.471111111111111,2.765925925925926,0.8580104882935643,0.5066564283068491,675
aesfdrk,safety,CH,-0.13139324536611663,0.0005763384322209809,-0.12541137747632886,0.0010216089084146617,1.6412884333821376,2.9670571010248903,0.6840405938146155,0.2540256088097676,683
aesfdrk,safety,CY,0.028143020494608,0.46408665628086393,0.013426919250071069,0.726905555987757,2.212076583210604,2.8917525773195876,0.8069215436504267,0.3629074140867059,679
aesfdrk,safety,DE,0.007491911686638704,0.8449363454265446,0.010530403279209042,0.7833856293182413,1.9152046783625731,2.901315789473684,0.7624821447109245,0.32712603583756805,684
aesfdrk,safety,EE,-0.052544071497305896,0.1708067756668739,-0.046824939805849626,0.22232571725855138,1.7518355359765052,2.94273127753304,0.636003382320859,0.2718848151001486,681
aesfdrk,safety,ES,-0.0099657634119752,0.7947339706510863,0.0006255365388971386,0.9869711383164309,1.878654970760234,2.861111111111111,0.7623347456218187,0.3907899338638412,684
aesfdrk,safety,FI,0.022518801894200205,0.5562828592535141,0.023522866101403774,0.5388103473842362,1.6379562043795621,2.93992700729927,0.6261984284261259,0.3371502874115684,685
aesfdrk,safety,FR,-0.031132928892593923,0.4186568036295793,-0.02171091290841894,0.572806087490751,1.9571639586410634,2.895864106351551,0.8615365339956037,0.3595864231402259,677
aesfdrk,safety,GB,0.019649967787254093,0.6103148166148763,0.0012360728952479107,0.9744285033407466,1.9881481481481482,2.9125925925925924,0.7855380370759606,0.3172652125250735,675
aesfdrk,safety,GR,-0.00403848072977208,0.9160982108019927,-0.005377323690235676,0.888441908257789,2.1961932650073206,2.843338213762811,0.8369317150949052,0.4369938444049654,683
aesfdrk,safety,HR,-0.007414273539425792,0.8471919789122678,-0.001291725603858608,0.9732180823691893,1.6017699115044248,2.8731563421828907,0.6250292472993628,0.39772515139575326,678
aesfdrk,safety,HU,0.025685383942308845,0.5040204598277097,0.03451001385524012,0.3692603526559685,1.865979381443299,2.8394698085419736,0.6057786180507879,0.41630168521599825,679
aesfdrk,safety,IE,-0.025586565201433948,0.5066082275984825,-0.022421778463800602,0.560593277660585,1.9215976331360947,2.911242603550296,0.8081480195884662,0.337034026665553,676
aesfdrk,safety,IL,-0.038514817006835164,0.3159246093387091,-0.03994682541287904,0.2982541965238048,2.001470588235294,2.9191176470588234,0.8708996325485181,0.3257515849886001,680
aesfdrk,safety,IS,0.037712036616744174,0.3247006420762992,0.028631712010367502,0.4547014022608854,1.4400584795321638,2.9948830409356724,0.6499717278014248,0.2711941237785183,684
aesfdrk,safety,IT,-0.012938337158798758,0.7370305468617339,-0.02637319312036945,0.493625988359935,2.230769230769231,2.8883136094674557,0.7831560082980487,0.3767653312563806,676
aesfdrk,safety,LT,-0.019240767101910465,0.6188201321854951,-0.026020491960698434,0.5010214767936855,2.107302533532042,2.860655737704918,0.6738995646698611,0.39910592518219656,671
aesfdrk,safety,LV,-0.054784195907022624,0.15819902275142822,-0.04738377050728569,0.22235112827330444,2.1097744360902255,2.8657142857142857,0.769315986834093,0.40010970956750014,665
aesfdrk,safety,ME,0.04663680322826624,0.22973493902296824,0.06847593911955921,0.07763451173410521,1.9293233082706767,2.9218045112781956,0.6582175129930269,0.31029968653149725,665
aesfdrk,safety,NL,-0.011371625338081585,0.767063538411512,-0.033737622489652994,0.37937467506070366,1.8223201174743024,2.9318649045521292,0.6614386439625711,0.3214935997240957,681
aesfdrk,safety,NO,0.04039962739950105,0.29138617610702616,0.006385742438134343,0.8676021142474212,1.4181286549707601,2.9817251461988303,0.6103250276314957,0.25097632003318904,684
aesfdrk,safety,PL,-0.019652638595009684,0.6105319259237484,0.010683552868563147,0.7818920368276276,1.7626112759643917,2.8449554896142435,0.6021479681636399,0.4152513134124567,674
aesfdrk,safety,PT,-0.045022577264249464,0.24065758585727368,-0.022113695546606117,0.5645551698040193,2.0176211453744495,2.866372980910426,0.6793038675684042,0.4037324777892366,681
aesfdrk,safety,RS,0.01046109780635459,0.7858572500633713,0.02018944326792505,0.6000029040676959,1.7031019202363369,2.816395864106352,0.7431377244271222,0.45584307403814917,677
aesfdrk,safety,SE,0.03529714653111245,0.3577253973031128,0.04855356831109806,0.20570234925689654,1.6505139500734214,2.962114537444934,0.7344689158896042,0.2713326454906231,681
aesfdrk,safety,SI,-0.04982239706670861,0.1957384719931502,-0.05639402493342585,0.14300364409897656,1.5857988165680474,2.905325443786982,0.601262460271661,0.32189445797897875,676
aesfdrk,safety,SK,-0.01980987971289619,0.6084816185417846,-0.020784250997430326,0.5909619462518519,2.187779433681073,2.8539493293591653,0.6957652196180308,0.38957886615041387,671
aesfdrk,safety,UA,0.025548097737072555,0.5188213946200071,0.012818719615825726,0.7461877693977776,2.071875,2.680859375,0.817161151436998,0.5382520067404971,640
hincfel,income,AT,-0.00048580269635941406,0.989911115650992,0.013082998809275196,0.7334425447962087,1.8544117647058824,2.8727941176470586,0.736775169589833,0.3842378435769026,680
hincfel,income,BE,0.032983044480552684,0.3908318127372559,0.021082605071629137,0.5834094223308453,1.7687776141384388,2.9167893961708393,0.8349819257045605,0.34467846776536576,679
hincfel,income,BG,-0.08652087512447319,0.02394975534303971,-0.09770646533605074,0.010736254661506541,2.534508076358297,2.859030837004405,0.8570117888247959,0.41028498050032414,681
hincfel,income,CH,9.952030463658134e-05,0.9979423365344737,-0.0083120489485007,0.8294581903866703,1.57566765578635,2.9458456973293767,0.7156091862958369,0.2476437789184933,674
hincfel,income,CY,-0.03181966529320279,0.4151427750920429,-0.05128142662714276,0.1889103332646938,2.092705167173252,2.872340425531915,0.8787574117698143,0.39261949725734085,658
hincfel,income,DE,-0.0291069306325573,0.44791376286855455,-0.0442224832225237,0.24877838765094296,1.5733137829912023,2.9010263929618767,0.6602121214440657,0.3286810770392939,682
hincfel,income,EE,0.016439485651862176,0.6677842628199155,0.0010541632690390936,0.9780453642459238,1.9269005847953216,2.9271929824561402,0.6869895594669845,0.3059062587309547,684
hincfel,income,ES,0.04084508180009442,0.2868024278630554,0.037242285586266695,0.3314786020341524,1.8519061583577712,2.8607038123167157,0.8147344657152295,0.39409529876440486,682
hincfel,income,FI,0.03583369334448094,0.34975102922402806,0.028968671964771042,0.44974096298369337,1.7979502196193264,2.884333821376281,0.6677720763144989,0.3699932072942422,683
hincfel,income,FR,-0.01158490913574761,0.7626546856238254,-0.016822240389412997,0.660994774997992,1.7140762463343109,2.8870967741935485,0.7263095095912946,0.35184942800803143,682
hincfel,income,GB,0.029058416941372612,0.4533831469509209,0.06057619681764785,0.11778508233484596,1.8083832335329342,2.8967065868263475,0.8407473774933482,0.354607189164607,668
hincfel,income,GR,-0.034054788014039925,0.37667339240580516,-0.03808184273770718,0.32283239112134665,2.485207100591716,2.896449704142012,0.768694970092691,0.34156823360394595,676
hincfel,income,HR,-0.06735344867411902,0.08012930962188886,-0.03229182545348284,0.40188903875288357,1.8372781065088757,2.9038461538461537,0.775648442431164,0.32829526005987014,676
hincfel,income,HU,-0.09474529374513688,0.013725649671061742,-0.08154354558726268,0.03402801988739125,2.2189349112426036,2.8727810650887573,0.7008963923392775,0.3830852754841797,676
hincfel,income,IE,0.00812102237776702,0.83258746385598,0.01981195472966689,0.6060411159350305,1.8455882352941178,2.9102941176470587,0.8484472213066517,0.33790470455665134,680
hincfel,income,IL,0.012190817874712845,0.7574898491046415,0.006530192907733318,0.8686310922135516,1.9627329192546583,2.923136645962733,0.8967763158080527,0.3066024725383814,644
hincfel,income,IS,0.043454779386452,0.2577976779281014,0.046573019774376015,0.22516821105698723,1.4897058823529412,2.958823529411765,0.7260439552824373,0.21994462692996153,680
hincfel,income,IT,-0.016146352559046947,0.6790696499849751,-0.03882472820914352,0.31966210310541066,1.9013657056145676,2.8543247344461307,0.7645138420515152,0.4270759677495594,659
hincfel,income,LT,0.023814377106207277,0.5377115148412651,0.030742400501087324,0.42624217906172274,1.9880952380952381,2.8824404761904763,0.6947801568309386,0.36565030491294875,672
hincfel,income,LV,0.07821169667935218,0.043149119622708836,0.07107041091467091,0.06619151336761425,2.5276532137518686,2.8953662182361732,0.7936295908441536,0.36021374907788944,669
hincfel,income,ME,-0.02631604237002842,0.5083379043769278,-0.03240067285635644,0.4153975221890575,2.5678233438485805,2.913249211356467,1.0114538331426732,0.34243968720836726,634
hincfel,income,NL,-0.023303581958490388,0.5458734211500199,-0.04651885874674038,0.22777465438808134,1.3946587537091988,2.927299703264095,0.6298904024027971,0.32005220009778157,674
hincfel,income,NO,0.03286533982745156,0.39078209448885914,0.020985726651311,0.5837575105161623,1.5116959064327486,2.9554093567251463,0.6637512993080653,0.2756331334862111,684
hincfel,income,PL,-0.04810022014056718,0.20997217062212922,-0.060653136876848784,0.11379775642002916,1.935389133627019,2.8979441997063144,0.5546025628899502,0.33023414571996546,681
hincfel,income,PT,-0.018850060924158276,0.6233905905843097,-0.01985294664636377,0.6050296442527618,2.2980910425844345,2.86784140969163,0.8318013040060211,0.3912756792404412,681
hincfel,income,RS,-0.03980188686377733,0.30180239235759854,-0.052986824580083844,0.16911512507496665,1.9659259259259259,2.8614814814814813,0.764781437617233,0.39899450499053085,675
hincfel,income,SE,0.03212948824921855,0.4025216329176607,0.005521912173844135,0.8856299238694901,1.3641703377386196,2.94640234948605,0.6059578662318594,0.2864429050907436,681
hincfel,income,SI,0.0075551169110857665,0.8440985536024627,-0.010109210377903822,0.7924444626658556,1.5294117647058822,2.9191176470588234,0.7295688043048776,0.2986258922912383,680
hincfel,income,SK,-0.002717205072752551,0.9437407455596846,-0.015523296590029712,0.6868143225457691,2.2791728212703104,2.886262924667651,0.7959181523848585,0.3445309073987008,677
hincfel,income,UA,-0.04227549098575142,0.2770480889606565,-0.05844859561504629,0.13272923822448876,2.9260935143288083,2.7948717948717947,0.9043187603079357,0.4761733228432259,663
