variable,domain,cntry,r_pearson,p_pearson,r_spearman,p_spearman,human_mean,silicon_mean,human_sd,silicon_sd,n_valid
ppltrst,social_trust,AT,0.016191044946911218,0.6727376479676316,0.02029232847095541,0.5965222563942527,5.874084919472914,6.702196193265008,2.163131250762971,1.5988021110164843,683
ppltrst,social_trust,BE,0.032829464460365956,0.39164751774441897,0.05625651234078084,0.14191606586080904,5.635431918008785,7.107759882869693,2.1258852037877207,1.3515760717558944,683
ppltrst,social_trust,BG,0.16676523092670262,1.2531848594019632e-05,0.155138970092238,4.91338397614123e-05,3.715758468335788,6.495581737849779,2.390412692053733,1.8875022691242487,679
ppltrst,social_trust,CH,0.053761233873528186,0.16078972515251572,0.027726986575232662,0.4697385176516362,5.853372434017595,7.129912023460411,2.116065824072765,1.4055531750636767,682
ppltrst,social_trust,CY,0.13205271512532232,0.0005352140197489562,0.13673829994182582,0.00033516075494291513,4.064327485380117,6.765350877192983,2.4960201383315153,1.8426732823429197,684
ppltrst,social_trust,DE,0.05857787224771239,0.1267237016977952,0.06834355057748051,0.07470039119553643,5.381791483113069,6.819089574155653,2.2290641053743907,1.5118414149716546,681
ppltrst,social_trust,EE,0.1751509434825022,4.0640315950150635e-06,0.14666260864215816,0.00011833788294296981,5.7178362573099415,7.4600877192982455,1.992865164328234,1.086803845430904,684
ppltrst,social_trust,ES,0.04145805145878321,0.2799795257946123,0.041369650234113965,0.2810071190616883,5.3392070484581495,6.7067547723935395,2.140864026991881,1.636005235163038,681
ppltrst,social_trust,FI,0.17382943015899685,4.8131480697056245e-06,0.1369787226328056,0.00032707507511148883,7.002923976608187,7.3615497076023395,1.8134014503084113,1.3440823924744336,684
ppltrst,social_trust,FR,0.05461469971261911,0.15515154409789345,0.053197186680167034,0.16616900244209803,4.544918998527246,6.870250368188512,2.1542233919982916,1.6787053663864961,679
ppltrst,social_trust,GB,0.09017033703314549,0.018681754259335936,0.07568034194149705,0.048529662500572696,5.435294117647059,6.6883823529411774,2.299757604303441,1.6351704367657844,680
ppltrst,social_trust,GR,0.05736435036939751,0.13450729098728137,0.05693364259032557,0.1374625306404881,4.511730205278592,6.9605571847507335,1.9146265047020896,1.372623557515245,682
ppltrst,social_trust,HR,-0.04730008387780454,0.2173249817451114,-0.022788396843271965,0.5524402782444177,4.687683284457478,6.793255131964809,2.3716622854994065,1.749297729284089,682
ppltrst,social_trust,HU,0.13511671561358535,0.0004188289869027059,0.11355434541646793,0.003067379788137506,4.491150442477876,6.808849557522123,2.484054585280124,1.8116425145905266,678
ppltrst,social_trust,IE,0.10442229612689542,0.0063052029174217915,0.0847512236437126,0.026771034009813677,5.411420204978038,6.927525622254758,2.476692206360271,1.4279686977014816,683
ppltrst,social_trust,IL,0.27746948995949666,1.740539437594137e-13,0.2714753405098035,5.939399931185899e-13,5.214705882352941,6.926176470588236,2.3783055257987513,1.8610154713014773,680
ppltrst,social_trust,IS,0.14692463103846445,0.00011636200549112053,0.11404504071269671,0.0028379364852548256,6.5549048316251834,7.26632503660322,2.0516394520179047,1.370577652819219,683
ppltrst,social_trust,IT,0.03145320591655908,0.41353805275498007,0.03990999522587782,0.2994145649694043,4.553097345132743,6.403834808259587,2.3199056720672586,1.790740185746842,678
ppltrst,social_trust,LT,0.1300746975500818,0.0006922965648562319,0.12798009400631347,0.0008452874992211779,5.116691285081241,6.738257016248154,2.4024708030042414,1.6581157514140963,677
ppltrst,social_trust,LV,0.024851422289494333,0.51766206660046,0.04041461623775413,0.29262739391859965,3.873529411764706,6.66,2.567246833189401,1.8227138322528074,680
ppltrst,social_trust,ME,0.08828827678902573,0.021019675683367895,0.10651492989064446,0.005327704140945312,4.241581259150805,6.922547584187409,2.562743184152103,1.5804583614455703,683
ppltrst,social_trust,NL,0.05110496136441559,0.18316518706013726,0.062347554275672616,0.10428732674251914,6.251470588235295,7.32485294117647,1.96508497360249,1.3029986856506197,680
ppltrst,social_trust,NO,0.03871195630121686,0.3127388942188964,0.05143802879582278,0.17968195235244044,6.664222873900293,7.440029325513197,1.8913618609018106,1.100378522120207,682
ppltrst,social_trust,PL,0.11725552399125001,0.0022276650016226913,0.09398756700189169,0.014357413628234629,4.547197640117994,7.111061946902655,2.33842404085617,1.5525397477165055,678
ppltrst,social_trust,PT,0.07491106859315112,0.05052740459028216,0.11894012984023898,0.0018614544683956346,4.129032258064516,6.46041055718475,2.371095263344889,1.864117891662077,682
ppltrst,social_trust,RS,0.07508647716405366,0.050157208788599875,0.0631431207296087,0.09968195349138871,4.333333333333333,6.5635829662261385,2.7757705165925213,1.638119823223819,681
ppltrst,social_trust,SE,0.03476614952959006,0.36394996857132095,0.02072177949450734,0.5884995064501094,6.315789473684211,7.396198830409356,2.0217664288807113,1.1231818670761402,684
ppltrst,social_trust,SI,0.04121674919862262,0.2831454966061413,0.023979057124808918,0.5324721810136016,4.686764705882353,6.961764705882353,2.3893112749719965,1.6727944758394648,680
ppltrst,social_trust,SK,0.07891701813886397,0.03950907570521102,0.06686711300818311,0.08120986561451639,4.051395007342144,6.590748898678414,2.7378612237482836,1.8249221248742102,681
ppltrst,social_trust,UA,0.01620682210454231,0.6747138941609429,0.011673083898718423,0.7624436943002356,3.930163447251114,5.828083209509659,2.833609321822864,1.9643016553131227,673
pplfair,social_trust,AT,-0.027882789730840275,0.46691787130967743,-0.011799636403549592,0.7582187444362322,6.341142020497804,7.048023426061493,1.9887933495293022,0.8061937939900122,683
pplfair,social_trust,BE,0.008397823879153605,0.8264679676159006,0.006875504617884842,0.8575521761544412,6.017543859649122,7.167105263157895,1.9778382218342525,0.8986649186701311,684
pplfair,social_trust,BG,0.10694033022781345,0.00524577075814547,0.1266022361830534,0.0009375348246114795,4.310294117647059,7.091176470588235,2.2163962381536,0.9367690052018256,680
pplfair,social_trust,CH,0.06056807175361656,0.11377404631986265,0.08019734051492958,0.03613227056799341,6.4099560761347,7.298389458272328,1.8802930367967179,0.811779324784004,683
pplfair,social_trust,CY,0.044503545708154395,0.24508688733338518,0.048727957142010045,0.203079542512026,4.428362573099415,7.131432748538011,2.258379472540865,0.955491330997396,684
pplfair,social_trust,DE,0.0472993875321039,0.21631936387409584,0.041810790663346954,0.2744937285948295,6.245255474452555,7.107737226277372,1.944702310496455,0.7867590199104323,685
pplfair,social_trust,EE,0.10383108442805677,0.006689289754651525,0.11685243928182415,0.0022562720000846824,6.212922173274596,7.329074889867842,2.0551679067211146,0.7496904431561939,681
pplfair,social_trust,ES,0.02644530515186199,0.4902045999955489,0.05463660877113914,0.1537708394491749,5.588579795021962,7.04407027818448,2.1753723254316526,1.0038076224328651,683
pplfair,social_trust,FI,0.11411848891161153,0.0027998702775441134,0.11672214551725216,0.0022315155466056374,7.16374269005848,7.3048245614035086,1.7059283500345526,0.8901560879029591,684
pplfair,social_trust,FR,0.07696340356686233,0.04451559499236305,0.0784152052506825,0.040636502783805144,6.146627565982405,7.2848973607038126,1.9953459960021371,0.8635500633528236,682
pplfair,social_trust,GB,0.05015579202753508,0.19177213278590347,0.06975003997780471,0.0693114172132205,5.945508100147276,7.020618556701031,2.183669545497061,0.8721445952331379,679
pplfair,social_trust,GR,0.04594333352015353,0.23116395951058347,0.04787461912928527,0.21212067168470583,4.930983847283406,7.159030837004406,2.001380494449328,0.7928605696282356,681
pplfair,social_trust,HR,-0.06589663761213624,0.08666225374394458,-0.03837868560870823,0.3187132362840599,5.192023633677991,7.118611521418021,2.4310117112570695,0.8506571553232027,677
pplfair,social_trust,HU,0.047689929733964506,0.2132174766332847,0.059973229990291144,0.11737313634454768,5.1039531478770135,7.175695461200585,2.1153049760014926,0.8942768049627168,683
pplfair,social_trust,IE,0.027351498210927565,0.4757770390079105,0.029244231741091913,0.4457741526553265,6.145161290322581,7.1385630498533725,2.1658913214281967,0.7878070380527005,682
pplfair,social_trust,IL,0.15626223246235466,4.323634625718176e-05,0.16393920384055977,1.7621610987128732e-05,5.341678939617084,7.190721649484536,2.28588411857488,0.9693317547286371,679
pplfair,social_trust,IS,0.08798280513299189,0.02137442604888048,0.08264980977974891,0.03067076321767613,6.980994152046784,7.226315789473684,1.8377658965300543,0.9629340806179972,684
pplfair,social_trust,IT,0.005320006277080298,0.8899461832556503,0.007750141041057388,0.8402441212104577,4.634756995581738,7.158321060382916,2.2199882187973925,0.8446696357294713,679
pplfair,social_trust,LT,0.051085764226374834,0.185281683298735,0.056631922194292715,0.14191417697746736,5.519287833827893,7.163649851632048,2.240465768997793,0.7948005453770318,674
pplfair,social_trust,LV,0.02685565289062943,0.48607646160530193,0.019322061712587903,0.6162879066460774,5.632592592592593,7.127851851851852,2.231047099831404,0.8396307521631277,675
pplfair,social_trust,ME,0.01985399960307499,0.6066111924464337,0.015645794003286882,0.6849181524486201,4.354074074074074,7.056444444444445,2.3304131319199115,0.9559120015452879,675
pplfair,social_trust,NL,0.04677336248592073,0.22181600505574373,0.04493439359489418,0.24054314702784219,6.6154970760233915,7.38945570355918,1.6242469731723888,0.8238178552070883,684
pplfair,social_trust,NO,0.06979132744731366,0.06792498228579236,0.043880958992728154,0.25141072740255677,6.890510948905109,7.334306569343066,1.845172427784769,0.8182349742765187,685
pplfair,social_trust,PL,0.08645486727568567,0.025013673018334518,0.1212743606663631,0.0016351094633265263,5.21875,7.077827380952381,2.249968951598991,0.9527743065643438,672
pplfair,social_trust,PT,0.06127751900073951,0.11011852414086995,0.06633475801866322,0.08366677260525508,5.138032305433186,7.009691629955948,2.2119411767818464,0.9535660895402143,681
pplfair,social_trust,RS,0.002297748862722009,0.9523087115935128,0.02053518857078279,0.5929518131178914,4.675,7.076911764705883,2.846379764088735,0.787576131585091,680
pplfair,social_trust,SE,0.08837175477645895,0.020804266918038376,0.0480996965225643,0.2089721724208876,6.757309941520468,7.346929824561403,1.779052279615545,0.8455062096511655,684
pplfair,social_trust,SI,0.0454704881615304,0.23739158992232848,0.04762966570071018,0.21582758221921355,5.443131462333826,7.144756277695716,2.2456600357146,0.7978464771887228,677
pplfair,social_trust,SK,0.07160459505958307,0.06163220117794935,0.07573331226196173,0.04804195479116101,4.854838709677419,6.9985337243401755,2.504219356369087,1.0715918783661227,682
pplfair,social_trust,UA,0.05895333666378296,0.12825573060941242,0.03848016525114572,0.32104855352010003,4.787106446776612,6.911244377811094,2.4247748774617794,0.9799687952119772,667
pplhlp,social_trust,AT,0.03685474755339906,0.3368941581997993,0.021284682611427616,0.5792456016437322,6.248164464023495,6.653010279001468,2.0597901826257012,1.3180959579279317,681
pplhlp,social_trust,BE,0.06033259295062781,0.11465557956129643,0.046311040089221656,0.22608257665702988,5.2437956204379566,6.854890510948906,2.1392619551036502,1.3177466794092243,685
pplhlp,social_trust,BG,0.08361838128467182,0.02947401209207676,0.10708436525833602,0.00525140439589172,3.575221238938053,6.628023598820059,2.293676271238807,1.51697804220606,678
pplhlp,social_trust,CH,-0.025285490227301418,0.5103729597791312,-0.05291441825372151,0.16812109447275847,5.916176470588235,6.831764705882353,1.8965211383771947,1.264989002235801,680
pplhlp,social_trust,CY,0.07387711621872298,0.05451487418240806,0.06016714911943855,0.11753938428878548,4.144542772861357,6.71504424778761,2.2482012531865383,1.55389943987238,678
pplhlp,social_trust,DE,-0.014317780684808927,0.709376026478251,-0.02832866512405978,0.4608121839135422,5.435294117647059,6.7041176470588235,2.0033671733328697,1.279444645832706,680
pplhlp,social_trust,EE,0.05008486455050695,0.19306066808063782,0.050235086898816936,0.1917271139836176,5.0930576070901035,7.082865583456426,2.002637820665373,1.1176245683110442,677
pplhlp,social_trust,ES,0.005984951294422075,0.8763856977334183,0.001107637010105046,0.9770337331699198,4.815634218289086,6.686283185840709,2.2808541887976075,1.351000741629072,678
pplhlp,social_trust,FI,-0.04571700888931687,0.2324418129861722,-0.06704219716306277,0.07974876642007318,6.409356725146199,6.9792397660818715,1.9175463660172243,1.2540681704369263,684
pplhlp,social_trust,FR,-0.014950764288528182,0.6969360313802454,-0.005719644615581431,0.8815641055687408,4.634361233480176,6.963582966226138,2.200920912580941,1.2141669000270057,681
pplhlp,social_trust,GB,0.05505422373781643,0.15124636052711377,0.052367642828292406,0.17224960644801157,6.066079295154185,6.70352422907489,2.0000097175197977,1.3802022133657574,681
pplhlp,social_trust,GR,0.07480081591535756,0.05138259252420414,0.09484502807415887,0.013418728691971348,4.351988217967599,6.808983799705448,1.9735996551177843,1.1954406987964452,679
pplhlp,social_trust,HR,0.02364777855690899,0.5378520547861905,0.03623261843821349,0.3451192834267072,4.418502202643172,6.7205580029368575,2.4057916858400072,1.3762225516624271,681
pplhlp,social_trust,HU,0.060820046323573795,0.11333666952892864,0.04264642268410891,0.26711882892884425,4.543446244477172,6.68541973490427,2.292243022976266,1.4650428403813769,679
pplhlp,social_trust,IE,0.014395987241280455,0.7070397423299096,0.013750986871433701,0.7195994540662262,6.049707602339181,6.650584795321637,2.255401825856497,1.3428896129484975,684
pplhlp,social_trust,IL,0.13972998927834623,0.0002545381281924702,0.14308937779742636,0.0001793244387735232,5.117474302496329,6.89676945668135,2.327774137454154,1.3313266784350086,681
pplhlp,social_trust,IS,0.09472126557329437,0.01333531560995403,0.11119960652298685,0.0036411202348469156,6.585043988269795,6.855571847507331,1.7906460530609227,1.3499463343765665,682
pplhlp,social_trust,IT,-0.08463972991280026,0.027770724285716076,-0.11394885711344284,0.0030086193105936304,4.201183431952662,6.6772189349112425,2.259675182575433,1.4059077318640125,676
pplhlp,social_trust,LT,0.05802653497098654,0.129777472439753,0.037280233321371474,0.33063023532593666,5.057101024890191,6.710248901903368,2.400749229347585,1.3956826274651517,683
pplhlp,social_trust,LV,0.06818955974401895,0.07644270833765976,0.08407075090681147,0.0288401454514932,4.949704142011834,6.785502958579881,2.3146201802898547,1.2540883830830372,676
pplhlp,social_trust,ME,0.0093524694534925,0.8080831608188663,0.03415772785748898,0.3748775035626263,4.262924667651403,6.778434268833087,2.1788383152680137,1.3748400339035485,677
pplhlp,social_trust,NL,-0.02772806353871795,0.4690683180862226,-0.023506371369982057,0.5393926002281468,5.722222222222222,7.075,1.758152823349596,1.1487739342344836,684
pplhlp,social_trust,NO,-0.0125439913482706,0.7436679592892705,0.018995001258881154,0.6204648536733187,6.153958944281525,7.09692082111437,1.9047950586977624,1.1539522418168087,682
pplhlp,social_trust,PL,0.02682877970388239,0.4855425601349404,0.027759983060398872,0.4705209072809953,4.523598820058997,6.837020648967552,2.374508397812837,1.186171417533687,678
pplhlp,social_trust,PT,0.032786298995325994,0.39227082737425223,0.035084028417287035,0.35993035739835344,4.068814055636896,6.5797950219619326,2.1538228100392915,1.5977904333087105,683
pplhlp,social_trust,RS,0.03489572293472997,0.36322240852101956,0.04241920066683725,0.26897137500461,3.707782672540382,6.696475770925111,2.7302361328160996,1.2440751004911597,681
pplhlp,social_trust,SE,-0.039719699381224736,0.29994423954338145,-0.04437454148177888,0.24680589199209146,6.134699853587116,6.9434846266471455,1.8959779985723357,1.2675388363844267,683
pplhlp,social_trust,SI,0.008072679711045217,0.8341757604617526,-0.006176670142337738,0.8727403101475272,5.355555555555555,6.7789629629629635,2.2547893855293766,1.3570681404392937,675
pplhlp,social_trust,SK,0.024254056023810415,0.5286957643357565,0.03783107451616622,0.32567238758603256,4.205317577548006,6.469719350073856,2.5571748628462663,1.6077793713435684,677
pplhlp,social_trust,UA,0.00028946066184932395,0.9940152141129995,0.008606765283418876,0.8235090452199877,4.27299703264095,6.3492581602373885,2.6616445066784835,1.6132828238279928,674
sclmeet,social_trust,AT,-0.0008672223538770153,0.9819379725480476,-0.012859790146035265,0.7370775833849105,4.909356725146199,3.7115497076023387,1.1919570119101088,0.6854253013946947,684
sclmeet,social_trust,BE,0.02968777922736915,0.4382292119046869,0.015787389660808712,0.6802189937216964,5.175438596491228,3.822002923976608,1.3684091972859465,0.6869110478750182,684
sclmeet,social_trust,BG,-0.005015467851423581,0.895980871502962,-0.010422197271314437,0.7858641335183445,4.969208211143695,3.808651026392962,1.6740014984431886,0.7902479758622003,682
sclmeet,social_trust,CH,0.019823447799569127,0.6050352737853469,0.02151675722244884,0.574552356441478,5.099560761346998,3.82606149341142,1.293583231975242,0.7049012590918821,683
sclmeet,social_trust,CY,0.08161275455451471,0.0327061011923123,0.07852434253203278,0.03991779635964935,4.005839416058394,3.8291240875912407,1.7073870474296835,0.7048821751034628,685
sclmeet,social_trust,DE,0.020296585175112094,0.5961755260855608,0.0061145012683922655,0.8731773015975324,4.837719298245614,3.7997076023391814,1.3970198578819977,0.6850847074624626,684
sclmeet,social_trust,EE,0.03412406886486292,0.3725318088937765,0.03055887798244599,0.42456406129829205,4.242335766423357,3.843795620437956,1.4817467676992966,0.7063684112677545,685
sclmeet,social_trust,ES,-0.02043872511096745,0.5933336217124864,-0.02133840869154418,0.577170080274491,5.246715328467153,3.9083211678832113,1.4666393087007106,0.7367569299934483,685
sclmeet,social_trust,FI,0.015521352788504306,0.6850988606583547,0.005345076177259778,0.8889448038399831,4.8934306569343065,3.8423357664233575,1.3589751674640431,0.6924533285661096,685
sclmeet,social_trust,FR,-0.0039020414962149448,0.9188635454052029,-0.00039947768212669863,0.9916793411386341,5.220760233918129,3.925438596491228,1.4233285410238439,0.7226490315991807,684
sclmeet,social_trust,GB,0.051075529113165374,0.1821297572336059,0.020161635159729796,0.5986212556968821,4.802631578947368,3.8077485380116958,1.5741112266814905,0.7565903061011904,684
sclmeet,social_trust,GR,0.061917313214349935,0.10593200021620611,0.06476086007661458,0.09080755593624748,4.156661786237189,3.895314787701318,1.6101935134758245,0.6574243345071108,683
sclmeet,social_trust,HR,0.0604470128525187,0.11423344753928831,0.04166692316822957,0.27650200677772696,5.349415204678363,3.825,1.5312698517346435,0.7659886768102151,684
sclmeet,social_trust,HU,-0.0049958442749456905,0.8961583784513434,0.012073173138615138,0.7524431053373947,3.367883211678832,3.745255474452555,1.5223930025380452,0.7312940947788631,685
sclmeet,social_trust,IE,0.006526175695920604,0.864816494110246,0.004361231226318358,0.9094206307879915,4.212298682284041,3.8191800878477307,1.617452783226145,0.7249418429998071,683
sclmeet,social_trust,IL,-0.04528666167604853,0.23756157727466592,-0.04600106413232075,0.23023441709337938,5.425219941348973,3.8793255131964806,1.5407753149735088,0.6756282655499907,682
sclmeet,social_trust,IS,-0.07489649599601374,0.050234061940138984,-0.06313279363997709,0.09899145227572036,5.283625730994152,3.8660818713450293,1.4032886537209597,0.7177044700418241,684
sclmeet,social_trust,IT,0.022693315082507347,0.5540997695201906,0.006896670400253821,0.8573259194630669,4.74633431085044,3.7551319648093844,1.5627434721448887,0.7510218571007927,682
sclmeet,social_trust,LT,-0.0013037117130567707,0.9729296931474951,0.007784247165011348,0.8394336629569545,4.355882352941176,3.7705882352941176,1.5597460569849728,0.7114793697139401,680
sclmeet,social_trust,LV,0.06406768520677968,0.09432449552167646,0.048502731711937544,0.20551066108493932,4.190336749633968,3.764714494875549,1.6097468073563967,0.724902278100611,683
sclmeet,social_trust,ME,0.06903467041684766,0.07138548606686879,0.07186582106679645,0.060497794922064446,4.802342606149341,3.7972181551976574,1.6247337935933457,0.6814086609289369,683
sclmeet,social_trust,NL,0.04140567850250515,0.2795271634854839,0.06044732224909508,0.11423159114153644,5.406432748538012,3.873658109054094,1.2603955408267358,0.6650526294803983,684
sclmeet,social_trust,NO,0.028362949834429132,0.4586189951926162,0.03404178632277976,0.3736863735146423,5.648175182481752,3.8762043795620436,1.3411013950191728,0.7289363108683974,685
sclmeet,social_trust,PL,-0.08969604706851486,0.019137026653587783,-0.09797852669283588,0.010461476806413532,3.932551319648094,3.8196480938416424,1.4342656671517855,0.7681401108336583,682
sclmeet,social_trust,PT,0.02978088476789226,0.4364573512395004,-0.006889259478337744,0.85716669646106,5.629197080291971,3.716788321167883,1.6067365759678425,0.7199708960030785,685
sclmeet,social_trust,RS,0.042273863460811724,0.26920893010719515,0.04348861118294575,0.25567839412054516,5.145985401459854,3.7518248175182483,1.6074577017590435,0.749083474078541,685
sclmeet,social_trust,SE,0.04653424037831873,0.22419037935671754,0.027921972577755538,0.4659644484900106,5.435672514619883,3.877923976608187,1.3818365729222142,0.6939781263792123,684
sclmeet,social_trust,SI,0.011816395694975267,0.7582309847795814,-0.0010719366628543048,0.9777244791402038,4.638766519823789,3.8509544787077825,1.501536744117923,0.7322626895139314,681
sclmeet,social_trust,SK,-0.009037097452475341,0.8136265609391592,-0.021832595258656582,0.5689478930933694,4.559297218155198,3.7565153733528547,1.5640520269192257,0.7146339080703489,683
sclmeet,social_trust,UA,0.002675266880966953,0.9449366130436422,0.013176608226054428,0.7337128097305241,4.318385650224215,3.649551569506727,1.769326073747538,0.7734264162566152,669
inprdsc,social_trust,AT,-0.02042735210563358,0.5938099506384277,-0.020400499902134103,0.5942953575825347,3.051169590643275,2.818713450292398,1.1726564206989902,0.46788591518498185,684
inprdsc,social_trust,BE,0.0824783099938855,0.030896749365164677,0.07705858912361917,0.04378623809199426,3.3576642335766422,2.886131386861314,1.3814626236939371,0.46060957604316527,685
inprdsc,social_trust,BG,-0.010984931596914788,0.7746059949545275,-0.0050951724602091904,0.8943374248215923,2.0234604105571847,2.8533724340175954,1.2626014641660956,0.49273315985033256,682
inprdsc,social_trust,CH,0.0037793638824176884,0.9213485856736023,-0.0017565676414136272,0.9633980474503785,3.5445255474452555,2.886131386861314,1.2634608385888118,0.4509869751091522,685
inprdsc,social_trust,CY,0.0013927051291287211,0.9710612890203955,0.009344263305981098,0.8076916538841271,2.434654919236417,2.8355359765051396,1.321397513277927,0.544464158287458,681
inprdsc,social_trust,DE,0.0289037166217163,0.45075829528294065,0.02158182000990667,0.5733957048860515,3.5812591508052707,2.8653001464128844,1.2266828868469424,0.4745851923466428,683
inprdsc,social_trust,EE,0.029470820583189596,0.4419202650245669,0.023532782586114624,0.5392347749337122,2.5944363103953147,2.9004392386530014,1.364967455800747,0.48922385749224806,683
inprdsc,social_trust,ES,0.035127739661565495,0.35897897206310064,0.04739540393247934,0.21572375273195987,2.8859649122807016,2.904970760233918,1.3918320942419997,0.46679352224382,684
inprdsc,social_trust,FI,0.017696163025880802,0.6438352009996445,0.02981058226390612,0.4359998738504049,3.2510948905109487,2.875912408759124,1.2766525117350722,0.47519241215939867,685
inprdsc,social_trust,FR,0.04535060438384881,0.23689913852996353,0.04719242608829052,0.21837470369003756,2.8592375366568916,2.8504398826979473,1.447305868949354,0.5065573941722579,682
inprdsc,social_trust,GB,0.007805082280965301,0.8388926134530375,0.010150792911402308,0.7914601294289739,3.0954478707782673,2.8619676945668133,1.4270474910681292,0.524439425214705,681
inprdsc,social_trust,GR,0.0474279144301444,0.21540868569297156,0.04670590905412331,0.22248395959956707,2.2280701754385963,2.831140350877193,1.1882914963427518,0.5284673695257484,684
inprdsc,social_trust,HR,0.006541121952822005,0.8649048354628956,0.015743117283615216,0.6821743578667703,2.3402061855670104,2.804123711340206,1.3944751770367632,0.5251049250512219,679
inprdsc,social_trust,HU,0.03718062110786267,0.3329929535454001,0.0592483388682777,0.12270434413442133,2.4544117647058825,2.8426470588235295,1.2187699711476547,0.5402274589051421,680
inprdsc,social_trust,IE,0.013626402576388762,0.7222298223979522,0.019592783757121847,0.6092430649368921,2.6193265007320643,2.8448023426061493,1.3226123234154243,0.5409195064768627,683
inprdsc,social_trust,IL,0.005536810089919088,0.8854914560644207,0.00508248723566593,0.8948305295882574,2.508100147275405,2.905743740795287,1.4077877838058608,0.47654050676552745,679
inprdsc,social_trust,IS,-0.049411394137723635,0.19746581691510878,-0.05483415041990753,0.15258778033201853,3.533724340175953,2.936950146627566,1.3228614138963495,0.47289040977260016,682
inprdsc,social_trust,IT,0.02606609932261635,0.49771812993064396,0.0017723504800378148,0.9632319857272232,2.2341678939617085,2.8394698085419736,1.281688198602417,0.5087758011418629,679
inprdsc,social_trust,LT,0.0506929425245399,0.18672581525924062,0.047848512873771745,0.21270756533216661,2.1073529411764707,2.7852941176470587,1.3789727640840457,0.5408945587419854,680
inprdsc,social_trust,LV,0.018565831200833452,0.6301598052609305,0.05583070396257011,0.14734705266928724,1.7362962962962962,2.8355555555555556,1.2977158321146354,0.5375329217254275,675
inprdsc,social_trust,ME,0.034572106460045805,0.37017480171905853,0.03601174670783725,0.35056871459531025,2.185459940652819,2.844213649851632,1.177940825146115,0.49159719862658474,674
inprdsc,social_trust,NL,-0.024382488254874515,0.5246813441274328,-0.03066610245921813,0.42362021001685735,3.724743777452416,2.8872620790629577,1.2666786586514633,0.5077394846700736,683
inprdsc,social_trust,NO,0.0771273521940124,0.04375221259163174,0.06996265738417523,0.06745124266961712,3.247076023391813,2.909356725146199,1.438461513454827,0.4660982825731754,684
inprdsc,social_trust,PL,0.010555018917027677,0.7842945815584237,0.02604990963152022,0.4992585884094566,3.14962962962963,2.85037037037037,1.3758662808789432,0.5223312945981967,675
inprdsc,social_trust,PT,0.07566016392066616,0.04925902832177224,0.0688625782296629,0.07357651313168298,2.2381656804733727,2.7781065088757395,1.3945158859665305,0.5718274491505424,676
inprdsc,social_trust,RS,0.006232546732841461,0.8711267062200803,0.024965262216702287,0.5157452180079579,2.4779411764705883,2.8558823529411765,1.4275168289643811,0.46982036893856144,680
inprdsc,social_trust,SE,0.05200299830328678,0.1743093336318901,0.04950821689298079,0.19593056690322094,3.814327485380117,2.904970760233918,1.2710422687563399,0.46364634660710446,684
inprdsc,social_trust,SI,0.013694809944992753,0.7222728997264484,0.02455320376188866,0.5239307998116296,2.8195266272189348,2.8757396449704142,1.3421829916198627,0.4707159718863498,676
inprdsc,social_trust,SK,0.0415487888423648,0.2828588454110184,0.04189229942775309,0.27889459989511506,1.7477611940298508,2.8238805970149254,1.1613942202433745,0.5029329678754672,670
inprdsc,social_trust,UA,0.04820511838199416,0.21100319024249617,0.04067570123549664,0.2913046972755988,2.16,2.7955555555555556,1.3902586058348725,0.5552376274601504,675
stfdem,political,AT,0.0030918762668300827,0.9361885082654848,0.0011145688938361837,0.9769757082691867,5.739970282317979,6.50520059435364,2.4849232284914757,1.3383824402719193,673
stfdem,political,BE,0.03455352454502543,0.37114577533080767,0.006278025416392008,0.8709565109000488,5.206845238095238,6.662946428571429,2.3891984051627304,1.2609622836871106,672
stfdem,political,BG,0.16450764710100801,1.9010560895036298e-05,0.18048429181690684,2.6254497748549813e-06,3.3258594917787745,6.1898355754858,2.3860129569068325,1.6117973017058882,669
stfdem,political,CH,0.03052460739894014,0.4305637972142342,-0.00243556409938704,0.9498634660957727,7.565022421524664,6.841554559043348,1.6733296813689809,1.0519477111121371,669
stfdem,political,CY,0.07629268822381408,0.048891506803622524,0.09247472061221125,0.01689775547405192,4.496251874062969,6.0502248875562215,2.3141880673226787,1.8146333220498827,667
stfdem,political,DE,-0.01433264520581994,0.7086785176025334,-0.018453401572638504,0.6304668044403688,5.728739002932551,6.759970674486804,2.603740874712166,1.0704941421557863,682
stfdem,political,EE,0.053031511897908994,0.17756050810531557,0.0887766668343445,0.023822148814192416,5.24537037037037,7.062808641975308,2.5875657108071954,0.8527922029299166,648
stfdem,political,ES,-0.006453302595071146,0.8673865582134619,0.002989807870934082,0.9383367155782545,4.794642857142857,6.355654761904762,2.518385661533428,1.4598442804819898,672
stfdem,political,FI,0.10817041631544085,0.0049340588543644,0.16813342995225294,1.1430781583861942e-05,6.7804154302670625,6.836795252225519,1.9630696932669929,1.150003215800664,674
stfdem,political,FR,0.05134664418969408,0.18468267698926616,0.0847691571539799,0.028350329616472648,4.351270553064275,6.601644245142003,2.4769752355261896,1.3902398186962344,669
stfdem,political,GB,0.13968678919387453,0.0003854278218440023,0.15342106390677876,9.504953406301295e-05,4.3286604361370715,6.209501557632398,2.629976197959441,1.5937044829380156,642
stfdem,political,GR,0.05276438266992684,0.16964724505128212,0.06553494919571015,0.08793854056711274,4.148748159057438,6.327687776141384,2.2115199980939173,1.439712498856501,679
stfdem,political,HR,0.005505228331284922,0.8872320722237793,-0.0017733062922188451,0.9635671050495335,4.465465465465465,6.267267267267267,2.514231883392466,1.5912951297967726,666
stfdem,political,HU,-0.009389847061743787,0.8091607454544704,0.03769281847145251,0.33215088415213295,4.445783132530121,6.151355421686747,2.6636620118513945,1.676534339293499,664
stfdem,political,IE,0.07649224964708763,0.04984576263235797,0.08116076747250017,0.03739982897839023,5.819148936170213,6.360182370820668,2.2847115206806707,1.5055133471782858,658
stfdem,political,IL,0.24195654933385297,4.2352489398317256e-10,0.25805303443889754,2.476970101518398e-11,4.26040061633282,6.51848998459168,2.760220149074643,1.4739393132184144,649
stfdem,political,IS,0.1425309824835105,0.00021445771152936937,0.131041408011327,0.000673213359218215,5.92089552238806,6.804477611940299,2.2882057587658675,1.155597650564979,670
stfdem,political,IT,0.11110549594836863,0.004207951318307538,0.13187352758858867,0.0006702319520174309,5.113293051359516,6.211480362537764,2.062746073395897,1.5158730248941314,662
stfdem,political,LT,0.10295337143582257,0.008724188697928615,0.10619421414597319,0.006816089582763523,4.614197530864198,6.514660493827161,2.3886482511823353,1.3994427712589081,648
stfdem,political,LV,0.06198392824334619,0.12043499858505483,0.06801333336396564,0.08831633366516943,4.260731319554849,6.379173290937997,2.4394710921720306,1.4197297054309113,629
stfdem,political,ME,0.04242583634145739,0.27245352133980283,0.009997990010432656,0.7960147230284611,4.2011922503725785,6.475409836065574,2.5788575065528594,1.3617067113018868,671
stfdem,political,NL,0.08383517209889602,0.030270300147760505,0.044778487674331784,0.2477861274082895,5.919161676646707,6.899251497005989,2.085012819284355,1.032333077466444,668
stfdem,political,NO,0.02346964969233326,0.5406218489098361,0.06882167503296671,0.07247542725794069,7.236070381231672,6.9381231671554255,2.027343432421702,1.045041995273588,682
stfdem,political,PL,0.03775813440565919,0.33648319252086606,0.05163919793696959,0.1885469763585702,5.127692307692308,6.429230769230769,2.327699333825712,1.3740073404552775,650
stfdem,political,PT,0.0005051026763670883,0.9896820346474304,0.01087380877644022,0.7806995569464427,4.732522796352583,5.925531914893617,2.368272017161993,1.7732371415485024,658
stfdem,political,RS,-0.11409946873146255,0.004885120145818269,-0.11441353591933415,0.0047678862652069595,3.9390444810543657,6.20510708401977,2.9736867600443486,1.5072509936374303,607
stfdem,political,SE,0.027587213725644745,0.4759202479943275,0.03899097703364266,0.31357204761072993,6.63134328358209,7.016865671641791,2.0898865987375066,1.0102460280720476,670
stfdem,political,SI,0.10666017816895136,0.006533267389556268,0.08885074382249997,0.02359687157535246,4.941448382126349,6.570107858243452,2.3378841331296782,1.3408699569440232,649
stfdem,political,SK,0.09849465762205162,0.010626889003067866,0.10366096596476451,0.00715709036570912,4.575892857142857,6.089285714285714,2.669619737788518,1.6235243705386813,672
stfdem,political,UA,0.013886484067963466,0.7256570728828815,0.020981018132569706,0.5959604379935096,3.004680187207488,4.950078003120125,2.648403398582335,1.9607087749474694,641
polintr,political,AT,-0.054256730928880434,0.1563524390979245,-0.05355879258705907,0.1617570450360106,2.4195906432748537,2.837719298245614,0.8679906327129788,0.41738719135120284,684
polintr,political,BE,-0.08632995089002798,0.023951380356409396,-0.08764951634727527,0.02187374599355365,2.5657894736842106,2.904970760233918,0.9215489806276004,0.33537876451624105,684
polintr,political,BG,-0.07572335066711781,0.04774362405018127,-0.08364896218651999,0.0287032859048338,2.81140350877193,2.7982456140350878,0.8995452345691054,0.5164325974664813,684
polintr,political,CH,-0.05229768226952348,0.17156350537791196,-0.05074877199654558,0.18462396026913513,2.4029197080291973,2.899270072992701,0.9151056569745459,0.34209886022949026,685
polintr,political,CY,-0.09276256946977952,0.015230417658357939,-0.11295649499761941,0.003093758800590894,2.925438596491228,2.7646198830409356,0.9506084731043086,0.5479948824311262,684
polintr,political,DE,-0.14964670305382483,8.538708190157995e-05,-0.16424248459664506,1.5817049709312205e-05,2.2149122807017543,2.912280701754386,0.878745191104051,0.3351904292682088,684
polintr,political,EE,-0.0993964383222879,0.00928864221520943,-0.09835348476839134,0.010058390713657942,2.5921052631578947,2.9239766081871346,0.8480425902495052,0.3336799205069627,684
polintr,political,ES,-0.11556711203627089,0.002451111922059467,-0.1469599906269727,0.00011326436543387347,2.7518248175182483,2.8277372262773723,1.0085962532226507,0.45510906202184165,685
polintr,political,FI,-0.13395230870038122,0.00043922642053701865,-0.12645177200055835,0.0009104230049083842,2.1854014598540146,2.891970802919708,0.7737034188933265,0.37072285840338387,685
polintr,political,FR,-0.11534913871318325,0.002516550549346432,-0.13247729974951125,0.0005133046801653481,2.6023391812865495,2.888888888888889,0.9784173563197822,0.3661272042019592,684
polintr,political,GB,-0.19647625111771466,2.2682780668634355e-07,-0.19609018428290276,2.3977554521614886e-07,2.505124450951684,2.8257686676427527,1.002000977825154,0.4535077871170331,683
polintr,political,GR,-0.11298289262860087,0.0030651146637325852,-0.09975200459325748,0.008987997900905605,2.9182481751824816,2.845255474452555,0.9562214700175594,0.4285107494744584,685
polintr,political,HR,-0.05770267335353646,0.1313697071882299,-0.0528037669382402,0.16744937756816217,3.0452554744525546,2.8204379562043798,0.9173419205821063,0.4538881225555328,685
polintr,political,HU,-0.0760174407223911,0.04688318077217963,-0.09563290618505793,0.012339359723497702,2.8391812865497075,2.834795321637427,0.8894286760176449,0.43683252173173015,684
polintr,political,IE,-0.11906630294772769,0.00181222527333529,-0.11535119955451034,0.0025160988869415064,2.5760233918128654,2.783625730994152,0.9985690960415069,0.5017926986577809,684
polintr,political,IL,-0.06773161212252346,0.07647708643316176,-0.0746809288314566,0.050731251399429356,2.4715328467153284,2.927007299270073,1.0236208026074045,0.3252312828950243,685
polintr,political,IS,-0.07311928521598678,0.055776137494326375,-0.07468597692427295,0.050715583635326474,2.2613138686131387,2.9094890510948903,0.8854120010347647,0.33418382982542455,685
polintr,political,IT,-0.1292537002281383,0.0007222322734652623,-0.1475951404925657,0.00011074619995237851,2.9941262848751835,2.773861967694567,0.8401474880494118,0.5133149804499746,681
polintr,political,LT,-0.03465499218389419,0.3651351852080894,-0.030416161527801563,0.4267315218822684,2.7503649635036496,2.8014598540145985,0.7782800883015527,0.4851576884576491,685
polintr,political,LV,-0.05384804071569204,0.1598068564087429,-0.060928133191546476,0.11163798742786872,2.890190336749634,2.7701317715959006,0.8057384686409317,0.51503877390204,683
polintr,political,ME,-0.06472981066753652,0.09143909865510225,-0.07042136448416253,0.06626618234559535,2.910425844346549,2.8722466960352424,0.8344917231686422,0.3755103635976174,681
polintr,political,NL,-0.1056024630284857,0.005664899730856132,-0.10872749543342351,0.004386740072817414,2.28029197080292,2.9072992700729925,0.8361215999082302,0.3427688760837937,685
polintr,political,NO,0.004034777580926711,0.9160522263153973,0.016389479234392948,0.6685061990091965,2.456934306569343,2.937226277372263,0.7910127142461848,0.29691574879347443,685
polintr,political,PL,-0.09455495741104597,0.013567929484560233,-0.07888886367982983,0.03957973564884779,2.5844346549192365,2.895741556534508,0.8308349869277007,0.3464051744322766,681
polintr,political,PT,-0.249472084644501,3.5348331752039066e-11,-0.2665916664568783,1.3086127838979924e-12,2.8656934306569344,2.6613138686131386,1.0084756283680514,0.6110876334756846,685
polintr,political,RS,-0.037544828689651366,0.32649732198482473,-0.07546741000178982,0.048338550798672476,3.0175182481751825,2.8116788321167885,0.9030404952143213,0.4631234052747215,685
polintr,political,SE,-0.128024207375424,0.0007979653609121708,-0.14030804072878986,0.00023475502740036354,2.0775988286969254,2.937042459736457,0.8094812629529728,0.2923582589340711,683
polintr,political,SI,-0.11196957771541421,0.003412070272102635,-0.11545356058327794,0.002530609687666274,2.7082111436950145,2.813782991202346,0.8746167758196953,0.4806848392230412,682
polintr,political,SK,-0.08933234957767412,0.019363497384753185,-0.05852761462780698,0.1259354038049132,2.6773722627737224,2.7751824817518247,0.8215831868138809,0.4917121629110375,685
polintr,political,UA,-0.01696282971285719,0.6588116563140362,-0.013642585099381047,0.7225018623874129,2.726470588235294,2.6867647058823527,0.9139110869407551,0.5948736358593827,680
psppipla,political,AT,0.10201172136195145,0.0078087622008735395,0.10791731962345764,0.004876000891574751,2.3475699558173786,3.270559646539028,0.8343417118155887,0.5077069558322641,679
psppipla,political,BE,0.08792493373541753,0.022042266758091345,0.0713972590509339,0.0631670245950597,2.191740412979351,3.3660766961651913,0.8923387576276055,0.5235654438753413,678
psppipla,political,BG,0.18902523952039535,8.145627595712693e-07,0.2027223334023843,1.1800963581323883e-07,1.7123695976154993,3.308122205663189,0.8923282746617875,0.5846139611324286,671
psppipla,political,CH,0.06985504746226356,0.0697178143334781,0.06676357768255355,0.08304449959894873,2.9274074074074075,3.3654814814814813,0.9831238914798386,0.544606299578722,675
psppipla,political,CY,0.07886668532582462,0.04112085830828115,0.08731515749266675,0.02370438342051614,1.8315946348733234,3.316616989567809,1.020659863922315,0.57252676476095,671
psppipla,political,DE,0.05721327513208038,0.13582624702886073,0.05916311007755836,0.1229681383939395,2.5462555066079293,3.299559471365639,0.9336778569199983,0.5413353150277476,681
psppipla,political,EE,0.13935146792005113,0.00029384801916364174,0.15254819248645962,7.265090542585654e-05,2.1296572280178836,3.444485842026826,0.8807390224212779,0.6023270763371051,671
psppipla,political,ES,0.06257460346418901,0.10379481756161296,0.06148369908344363,0.10997306808690316,1.8552437223042837,3.2953471196454944,0.8459911423867126,0.509811781353307,677
psppipla,political,FI,0.04877568637280279,0.2026368623693222,0.05541639534647893,0.14767617807726016,2.7339181286549707,3.383187134502924,0.8414352754171046,0.5722175047036642,684
psppipla,political,FR,0.07744227448921735,0.044293625156210936,0.08517970914733125,0.026900737953212815,2.0562962962962965,3.3451111111111107,0.9402480422319317,0.5926526730726007,675
psppipla,political,GB,0.1045821566220818,0.007035139432426196,0.09515564907189303,0.014242716167024482,2.0482654600301657,3.280769230769231,0.830367284221561,0.5447182642895462,663
psppipla,political,GR,0.08459667613575683,0.027734683892115766,0.10389813954750049,0.006816487337211393,1.9985228951255538,3.2943131462333826,0.9783140634017249,0.5530985948639993,677
psppipla,political,HR,0.038989234133360265,0.31178810435310467,0.044322972883450724,0.25015396706464027,1.665185185185185,3.3205925925925928,0.7726134421154383,0.5641407990841822,675
psppipla,political,HU,0.12278292590993851,0.0013254624630070586,0.1118303200151927,0.003476453486908958,1.8516886930983847,3.3120411160058736,0.8575105538734312,0.5449517826063252,681
psppipla,political,IE,0.09349613387758551,0.015329599115347326,0.1100268393024336,0.004295751427987066,2.168154761904762,3.3268601190476192,0.907000848594619,0.5406675716437129,672
psppipla,political,IL,0.06782299471060818,0.08097195758987348,0.08151554959066476,0.0358646219418847,2.076923076923077,3.3600301659125185,1.0172803941973485,0.5525699356930719,663
psppipla,political,IS,0.12529983335384687,0.001096028855537045,0.12393869700371192,0.00124267499959458,2.6420118343195265,3.3905325443786984,0.8583937315581119,0.5441941487483,676
psppipla,political,IT,0.07841735103167613,0.04354437000001117,0.09463855997132957,0.014780909823269813,1.7888386123680242,3.246304675716441,0.7777469646254971,0.4974078524561643,663
psppipla,political,LT,0.08008380662515648,0.03823033059273622,0.05328488520521199,0.1683118571927739,2.017910447761194,3.330223880597015,0.943695210153398,0.5960764419857986,670
psppipla,political,LV,0.15017878824538555,9.30572017070941e-05,0.16535117365866744,1.6466199626629966e-05,1.7306547619047619,3.3053571428571424,0.8686015894353065,0.5480431443382958,672
psppipla,political,ME,0.07466036465462109,0.054489779924282465,0.09019287190202434,0.020100433273258667,2.0828313253012047,3.3192018072289153,0.916123610242357,0.5820306639279285,664
psppipla,political,NL,0.030561094904622842,0.42555032367095985,0.025917499600159804,0.49922428796745305,2.4545454545454546,3.399193548387097,0.9205524972973222,0.5715438253323153,682
psppipla,political,NO,0.03750074596179964,0.33063562582488215,0.033573565249684544,0.38381113154175484,2.994074074074074,3.386740740740741,0.9065998501397606,0.5431852283787063,675
psppipla,political,PL,-0.02080095967141539,0.59121959723459,-0.023286120429255496,0.5476724891783409,2.1225710014947685,3.339985052316891,0.8279810755646273,0.5370591073673106,669
psppipla,political,PT,0.08862666806319452,0.021578215150562473,0.10338268627516702,0.007314271046441072,1.7931547619047619,3.252232142857143,0.91212115170471,0.4988760120396108,672
psppipla,political,RS,0.03539204192731739,0.37213454133435175,0.053566974949449696,0.1765842613803864,1.9184952978056427,3.2362068965517237,1.0207899759583756,0.5250306422838369,638
psppipla,political,SE,0.014024978813960956,0.7160654828986844,0.02133532501287506,0.5800281388901916,2.831111111111111,3.43562962962963,0.8973639822926496,0.5731448041113457,675
psppipla,political,SI,0.06569564423855331,0.08905148428266232,0.07404652517095102,0.055221069442775696,2.1207153502235467,3.3310730253353205,0.818828847525622,0.5683172692606994,671
psppipla,political,SK,0.1863674131016639,1.103923154480755e-06,0.16638041718597024,1.413415074805018e-05,1.927299703264095,3.264094955489614,0.8648988684750155,0.5341128344692696,674
psppipla,political,UA,0.12005375983020897,0.0018965319501125307,0.11721332224377798,0.002429626893380846,1.6806596701649175,3.1375562218890556,0.9515125541780568,0.42126599673190007,667
psppsgva,political,AT,0.057693613082788385,0.1328520686882197,0.060305101949182385,0.11615905729291126,2.3088235294117645,3.4825,0.8223203089196762,0.5766207867083982,680
psppsgva,political,BE,0.016361668849334998,0.6713257774783823,0.03055514874489546,0.428034354533002,2.2088888888888887,3.567037037037037,0.8863845367464309,0.6442844742731485,675
psppsgva,political,BG,0.20546414545215225,1.151521226242478e-07,0.2294617852704839,2.915558331825982e-09,2.0749235474006116,3.4949541284403667,1.1498243731511566,0.6640787106061499,654
psppsgva,political,CH,0.06631408050688531,0.08445033896001575,0.05949299812101894,0.12171453357979706,3.21976401179941,3.562315634218289,0.963326924020817,0.6234933561959567,678
psppsgva,political,CY,0.09831850027777898,0.010592877079385775,0.11932023605552208,0.0019003105556712613,1.8962962962962964,3.522370370370371,0.9931073590595881,0.6543987289490708,675
psppsgva,political,DE,0.030307275999435685,0.43179290272032417,0.021189345952016804,0.5826234538612287,2.542222222222222,3.4985925925925927,0.9509847049248421,0.6159371559369863,675
psppsgva,political,EE,0.07162200006261263,0.0639099208476686,0.07638654877261068,0.04810800782692438,2.2119402985074625,3.6529850746268657,0.9374331885406496,0.6740425639032619,670
psppsgva,political,ES,0.12177288433418862,0.0016151761621834284,0.13426720965914776,0.0005023555410734244,2.094311377245509,3.49438622754491,0.9695965738864041,0.6330377588484561,668
psppsgva,political,FI,0.006040464592105142,0.8747001821922977,0.018876603510871084,0.6221339913201104,2.4634502923976607,3.596783625730994,0.7972190475799101,0.6444411745779234,684
psppsgva,political,FR,0.014913099267205928,0.6995755785434246,0.020268975361186454,0.5999255526186602,2.1324404761904763,3.5187500000000007,0.912908584081554,0.6602214211067575,672
psppsgva,political,GB,0.11611733896947535,0.002812091403646288,0.10252162560272979,0.008394319890614508,2.1333333333333333,3.4259848484848487,0.8357224225947983,0.656965549095813,660
psppsgva,political,GR,0.10504876480620004,0.0061464925273910665,0.10724444258194256,0.005150635319636289,1.9970544918998527,3.5384388807069227,1.047538278025633,0.5760289564961549,679
psppsgva,political,HR,0.03417726753071132,0.3763804784973427,0.04900541494768284,0.20452565355916744,1.6428571428571428,3.5203869047619043,0.78575783261367,0.6766388168969372,672
psppsgva,political,HU,0.22888831463658438,1.4762469692250123e-09,0.22406751850503626,3.2945911035650387e-09,1.9824046920821115,3.4980938416422283,0.9768155702608059,0.6434893885967469,682
psppsgva,political,IE,0.04035657696648734,0.2943928546833885,0.042573466094547506,0.2686472874126202,2.2629246676514034,3.4958641063515508,0.9647633682632638,0.6016845429275259,677
psppsgva,political,IL,0.08247457729381841,0.03441465123411367,0.09312605094810304,0.016872409438273474,1.965045592705167,3.5531914893617023,1.013002265547011,0.6781413153917918,658
psppsgva,political,IS,0.08685568575229874,0.02445280638777957,0.06853999392281138,0.07602779931242559,2.5767511177347244,3.5248882265275707,0.8497561699763808,0.62423011282435,671
psppsgva,political,IT,0.150407587974166,9.879886751931524e-05,0.16283289231412554,2.4499652604367987e-05,1.7759398496240602,3.5005263157894744,0.7699309912688556,0.6337131394064954,665
psppsgva,political,LT,0.04728277664785534,0.22056530983817924,0.038246504030907555,0.32182321058228514,2.236255572065379,3.4978454680534923,0.9830674812447819,0.6672609433801233,673
psppsgva,political,LV,0.047097327343656306,0.22411519993881104,0.04816529322992406,0.21377362774229017,1.8158682634730539,3.5074101796407184,0.9214679283834347,0.6619513876383745,668
psppsgva,political,ME,0.006117197888584162,0.8747010823758957,0.003371997363794591,0.9307325092027473,2.1934032983508245,3.545727136431784,0.9038215283584695,0.7064219812008752,667
psppsgva,political,NL,0.06600115705653498,0.0863957939880644,0.08031548692838278,0.036823861528407505,2.544378698224852,3.626775147928994,0.9250975036124607,0.6174324012451772,676
psppsgva,political,NO,0.04621794740940596,0.22976102460299408,0.04244474901298629,0.2700985625365883,2.895125553914328,3.5943131462333824,0.8280885474977414,0.5989520009378987,677
psppsgva,political,PL,0.08020753477405847,0.03895358543643558,0.09025440601729742,0.020109347078622365,2.268476621417798,3.5915535444947206,0.8847577726674779,0.6642098863959028,663
psppsgva,political,PT,0.14061626830166785,0.0002583320628120516,0.1513755989536934,8.265145904025164e-05,1.9910581222056631,3.3878539493293593,0.9650197962034397,0.6442900868015877,671
psppsgva,political,RS,0.0017470803617955406,0.9649535618748972,0.02585447470414938,0.5154743742836148,1.853543307086614,3.4370866141732286,1.0305885791593936,0.6123841681965342,635
psppsgva,political,SE,-0.06812511045990352,0.0760682201823756,-0.05202210528199274,0.1757389440005657,2.6671575846833577,3.5992636229749633,0.8980293191323413,0.5994954021384024,679
psppsgva,political,SI,-0.059321649607940105,0.1255997177017661,-0.04596606020140495,0.23545373044840373,2.1497005988023954,3.5021706586826347,0.8527492711928171,0.6673465015573207,668
psppsgva,political,SK,0.05979624667572839,0.1214788803023705,0.06545898812249966,0.08997102021329846,2.0297619047619047,3.451190476190476,0.911431590313995,0.6501622491747223,672
psppsgva,political,UA,0.13061340761205664,0.0007413988255160676,0.11645357078613257,0.002652528995718503,1.7575301204819278,3.246234939759036,0.9763124742401114,0.5280454116706457,664
vote,political,AT,0.03051424236527031,0.4279676106507387,0.032412234558041056,0.39978573452660005,1.2998522895125555,2.066469719350074,0.5654369222650558,0.6435948211648743,677
vote,political,BE,-0.013029882050131524,0.7342954278736242,-0.025976720686553146,0.4985602959536763,1.353891336270191,2.198237885462555,0.6835377135329757,0.623365964486535,681
vote,political,BG,0.006761554532940937,0.8598884423413932,-0.010168584916833322,0.7906524616060608,1.3859649122807018,2.111111111111111,0.5702549623165922,0.6328669521663286,684
vote,political,CH,-0.008156857527425768,0.833580346634266,-0.00865897277786761,0.8234994646180933,1.6711711711711712,2.171171171171171,0.7975399077732456,0.5810108982535984,666
vote,political,CY,-0.004492093325246917,0.9071252260133252,0.009503863063736151,0.8050384407883275,1.3471196454948302,2.124076809453471,0.5951317333519341,0.6407945650245118,677
vote,political,DE,-0.1078562517043479,0.0047139099297492945,-0.13085429451741876,0.0005962761452218459,1.34014598540146,2.1343065693430656,0.6663880836812058,0.6365382845903129,685
vote,political,EE,-0.03809161555869641,0.3205622195358621,-0.02543965725903402,0.5071713528186793,1.3709677419354838,2.280058651026393,0.6379403823322093,0.5955152973594158,682
vote,political,ES,-0.07033120424749062,0.06621535685024053,-0.07127149683051616,0.06266167917882003,1.390922401171303,2.0775988286969254,0.6683280215653653,0.646315138442884,683
vote,political,FI,-0.04246638083666491,0.27056555445021097,-0.04910627161316373,0.20258456334034788,1.1896296296296296,2.211851851851852,0.4649868499582924,0.6098902771207191,675
vote,political,FR,0.030969676105406383,0.42386980505446237,0.02112380046050764,0.5854736711225761,1.4872944693572496,2.291479820627803,0.6276345705710873,0.6143998519776411,669
vote,political,GB,0.020472241156313218,0.59435830053746,0.013888771607157503,0.7179057976510589,1.3711340206185567,2.1148748159057438,0.6053768747466809,0.6011784940023733,679
vote,political,GR,0.007900568452353063,0.8365940936891848,0.00745789250482732,0.8456316038903495,1.1871345029239766,2.175438596491228,0.42959135409880356,0.6659984835708498,684
vote,political,HR,0.015865446488169344,0.6811854449686991,0.0021879590717067267,0.9548199254718729,1.347696879643388,2.1322436849925706,0.5858435744254655,0.6492100419929561,673
vote,political,HU,-0.03899290928164104,0.3085263972561148,-0.054294515169613186,0.1560637979591581,1.2792397660818713,2.176900584795322,0.5352373957481539,0.6165067476493412,684
vote,political,IE,0.07493309749391808,0.05012156630126166,0.07220594601292768,0.05910107045575909,1.317251461988304,2.1666666666666665,0.6051952152270625,0.6726186234349358,684
vote,political,IL,-0.006057971681554405,0.8758117778424144,-0.020496925527641312,0.596929840264017,1.31437125748503,2.2020958083832336,0.5584058965658902,0.6382569332533508,668
vote,political,IS,-0.03160248884890548,0.4106322908179904,-0.03576029312207802,0.35180362711201285,1.2661764705882352,2.1426470588235293,0.6245140188027745,0.5834780124456593,680
vote,political,IT,-0.013517620284702369,0.7268959772034369,-0.001915722023533437,0.9605250707815937,1.4119402985074627,2.1641791044776117,0.6067685950755983,0.6038495077114184,670
vote,political,LT,0.03178086445272196,0.4079945985869291,0.023617150044738598,0.5386784695353787,1.4294117647058824,2.2426470588235294,0.5827816147282077,0.6478277231652708,680
vote,political,LV,-0.06172627819843151,0.1072737479271651,-0.051115772291425034,0.18242746748809296,1.4120234604105573,2.1686217008797652,0.6264148832123065,0.6221658258289411,682
vote,political,ME,-0.02453762845988389,0.5257382460706845,-0.038917459594386465,0.31412381395722033,1.195230998509687,2.1400894187779436,0.42920394761651304,0.6167217067966225,671
vote,political,NL,-0.03797547056884525,0.3234694589367049,-0.0494170955916431,0.1987382410770414,1.2979351032448379,2.1548672566371683,0.6218772613070741,0.5806314217613685,678
vote,political,NO,0.028361522838125607,0.459630797162334,0.012542863628409251,0.743690195977285,1.3064516129032258,2.1942815249266863,0.6581150639893231,0.5817938964571501,682
vote,political,PL,0.03188051173419593,0.4072190045037191,0.02381827262224807,0.5358281232281377,1.1976401179941003,2.2035398230088497,0.4761927792982802,0.6543926163579773,678
vote,political,PT,-0.012377490369517404,0.7482157647596245,-0.02229083337561821,0.5631754826260654,1.3466666666666667,2.111111111111111,0.5827388520880838,0.617098920871245,675
vote,political,RS,0.028734096934503506,0.45844189247396544,0.028283373604609377,0.46552442737483946,1.251497005988024,2.251497005988024,0.47697903516928547,0.6288283088173058,668
vote,political,SE,-0.04783840965407064,0.21112414186307815,-0.03996883457798781,0.296211845752773,1.1284671532846715,2.2364963503649635,0.4404524695582757,0.6114018873834275,685
vote,political,SI,0.054549245206374296,0.15473411335746365,0.07265896932435412,0.05789066819360602,1.310850439882698,2.2023460410557183,0.5962433876406844,0.6367089648529367,682
vote,political,SK,-0.008627128767945792,0.8216794812510081,-0.006362800471536626,0.867977553075966,1.2452554744525548,2.178102189781022,0.47878543994453426,0.6799891778106784,685
vote,political,UA,0.02879810225682738,0.45981661431076987,0.02024118730324218,0.6034347285852194,1.37821482602118,2.0892586989409985,0.5441789666270188,0.6463577871690432,661
actrolga,efficacy,AT,0.0976168187196622,0.011719338201475063,0.10766374546298126,0.005413422097872329,2.3363363363363363,3.057057057057057,1.0539297465997963,0.33207443642361706,666
actrolga,efficacy,BE,0.16251569786062411,2.0298973117664873e-05,0.16367214797987956,1.7681929302229907e-05,2.1674008810572687,3.1380323054331867,1.0267856036304521,0.42534581655484355,681
actrolga,efficacy,BG,0.21443855045549504,1.9300362173931443e-08,0.21192214571693918,2.8455725378528617e-08,1.9227340267459139,3.1218424962852898,1.1636752695756687,0.49100376311568045,673
actrolga,efficacy,CH,0.11305993901337431,0.0032675852030600405,0.11870165633719373,0.002007154217886447,2.3496296296296295,3.145185185185185,1.1279346211135373,0.380870180948424,675
actrolga,efficacy,CY,0.10987019673740693,0.004469604459428985,0.13201940252266756,0.0006245415612655226,2.031437125748503,3.0482784431137726,1.111706699020294,0.46626127924599237,668
actrolga,efficacy,DE,0.08668434309185544,0.02389086012743891,0.07972943194351217,0.03779792558148613,2.2901325478645065,3.1082474226804124,1.060029976805696,0.44422517880933465,679
actrolga,efficacy,EE,0.17555809386944285,4.467396849863874e-06,0.1982225708700921,2.0800964737488393e-07,2.065185185185185,3.165925925925926,1.0386677239279896,0.5101583746300626,675
actrolga,efficacy,ES,0.1390006828040398,0.0002830711470931724,0.15780102052211187,3.6721529895389526e-05,1.8761061946902655,3.066371681415929,1.0324090371653345,0.43822738534329414,678
actrolga,efficacy,FI,0.16391597932834928,1.6218682609762863e-05,0.16504871612071353,1.414109845650751e-05,2.4437956204379563,3.2,1.0603749001783096,0.4979490098135239,685
actrolga,efficacy,FR,0.10653432726198253,0.00552495521042892,0.11571648968372478,0.002566197002760827,2.119645494830133,3.12437223042836,1.1248331335278972,0.42126861484678524,677
actrolga,efficacy,GB,0.11546447921214334,0.0028434130922520735,0.12360065500526865,0.0013933259245498507,2.2162162162162162,3.0615615615615615,1.1244814108760588,0.41851146169835807,666
actrolga,efficacy,GR,0.03570677136296239,0.35610345326140347,0.04808033979513349,0.21389593002760954,2.1507462686567163,3.0738805970149254,1.0430026125204441,0.4028911035590105,670
actrolga,efficacy,HR,0.040779835624918596,0.29223215498231925,0.04241556826554872,0.273288202454371,1.7877428998505231,3.0612855007473843,1.0337562255196147,0.3800553349038244,669
actrolga,efficacy,HU,0.1662443423781354,1.3350092435565274e-05,0.1506724680577773,8.098854184614962e-05,1.8865979381443299,3.0633284241531666,0.9853409643285633,0.4580915872431737,679
actrolga,efficacy,IE,0.07679042992484902,0.04676949090331478,0.11948793300518717,0.0019318154316195608,2.2295081967213113,3.0849478390461997,1.1174703159468111,0.45080023900185473,671
actrolga,efficacy,IL,0.0946208034451546,0.014574927850732387,0.145211106859802,0.00016966306334648481,2.1426426426426426,3.1546546546546548,1.1758528812821236,0.4231471252174654,666
actrolga,efficacy,IS,0.029930469513121005,0.4344927684215813,0.04578039322492016,0.23179424281337127,2.652046783625731,3.165204678362573,1.095169170364703,0.416236838737808,684
actrolga,efficacy,IT,0.18919713994916793,7.808084612528419e-07,0.1867649074084967,1.0856196176976898e-06,1.8616071428571428,3.0461309523809526,0.8804292614852455,0.3694155783966505,672
actrolga,efficacy,LT,0.08735112061489421,0.02396192731963591,0.08090005566375558,0.036579228515176185,1.9491017964071857,3.089820359281437,0.9904108918774025,0.4688350077931515,668
actrolga,efficacy,LV,0.13523594549903867,0.00047533281847267,0.13766971177209525,0.0003740164553177291,1.5060240963855422,3.0933734939759034,0.7118644434468039,0.43283561747491717,664
actrolga,efficacy,ME,0.08334552592504303,0.03294961114219774,0.08946050948414594,0.022034107128608087,2.0931297709923666,3.0396946564885496,0.9280862918343994,0.34748537234365695,655
actrolga,efficacy,NL,0.07013417613321232,0.06718152177755805,0.07819542334874684,0.04120470341209343,2.1099706744868034,3.1538123167155425,1.095144938686441,0.4275653988611435,682
actrolga,efficacy,NO,0.033344318279457705,0.3849589373331767,0.04596474111915818,0.2309464362508382,2.6930983847283407,3.2129221732745963,1.078436751539429,0.4498795343252255,681
actrolga,efficacy,PL,0.11876353300915841,0.002107387536374371,0.13421119924035377,0.0005051087340955008,2.1077844311377247,3.0973053892215567,1.0157969087161305,0.3727509261215,668
actrolga,efficacy,PT,0.16484681194913878,1.557742583207872e-05,0.1915502331114876,4.84121173240887e-07,1.7029411764705882,3.0191176470588235,0.9799117191813218,0.4454837528599693,680
actrolga,efficacy,RS,0.05687816981597661,0.14378044431898873,0.06124320287643653,0.11543001986769658,1.904833836858006,3.0438066465256797,1.170104493647702,0.40370749145228635,662
actrolga,efficacy,SE,0.13051560875869309,0.0006394846539698409,0.1234573538436195,0.0012458098821353462,2.679882525697504,3.2452276064610865,1.0807230631020466,0.48438406875153517,681
actrolga,efficacy,SI,0.0829266023157927,0.03237487804065094,0.10349300468652269,0.007517508736515398,1.9744744744744744,3.0683183183183185,0.9875663610069859,0.41610712276867096,666
actrolga,efficacy,SK,0.09384680235698555,0.01450484356906093,0.1005052267434138,0.00882387811509365,1.8554572271386431,3.0634218289085546,0.8913127492227471,0.3569790806794368,678
actrolga,efficacy,UA,0.08010343821115026,0.03980802834829046,0.06780290876087085,0.08198805026265146,1.7450682852807284,2.9817905918057663,1.009959125182678,0.41216583978517607,659
cptppola,efficacy,AT,0.032059793074481514,0.40738139576162014,0.037836725356168194,0.328123405847482,2.68955223880597,3.0847014925373135,1.1975478593540263,0.4036561055741332,670
cptppola,efficacy,BE,0.0896431423979618,0.0190318354099835,0.08282958575772723,0.030308461805904695,2.0716374269005846,3.175438596491228,1.0148889877783287,0.5053844316455652,684
cptppola,efficacy,BG,0.04440935581897883,0.269550920412881,0.08014692420575359,0.04606196767824453,2.085483870967742,3.143548387096774,1.098147474315381,0.5678505707278175,620
cptppola,efficacy,CH,0.18330423053346148,1.5759198262178157e-06,0.17947696573434943,2.6088517407870863e-06,2.7178729689807977,3.186779911373707,1.0638726685300108,0.43067337567921127,677
cptppola,efficacy,CY,0.2384399870302729,3.7343049256489624e-10,0.23492950260168882,6.83664562198273e-10,2.0787518573551265,3.1337295690936107,1.0984473292151014,0.5563009457429375,673
cptppola,efficacy,DE,0.11020969484767472,0.004174969638723839,0.10831753030045985,0.004875391240227578,2.664688427299703,3.1702522255192878,1.0430692398792933,0.42624881139417914,674
cptppola,efficacy,EE,0.10739769909090006,0.005152600816544293,0.11058779293600794,0.003965010104778293,1.8847858197932053,3.28877400295421,0.9334460031224998,0.5906002893737532,677
cptppola,efficacy,ES,0.1425929487539663,0.0001848580405754949,0.1611709598913783,2.3155282225547577e-05,2.171303074670571,3.1320644216691065,1.1519189270355241,0.48515769599034564,683
cptppola,efficacy,FI,0.11406619485472637,0.0027924349105664524,0.12106596144884152,0.0015009689189131776,2.3401459854014597,3.2532846715328465,0.9776343818141108,0.5700942641469326,685
cptppola,efficacy,FR,0.1710436985096598,7.633281217548754e-06,0.1644024660297134,1.7156719757755637e-05,2.2319054652880355,3.1979320531757756,1.006334112548886,0.525745603085163,677
cptppola,efficacy,GB,0.06398383194983313,0.09898013287706184,0.08379484616376284,0.03060020735261002,2.2867867867867866,3.12012012012012,1.0776078518140602,0.4810552160488494,666
cptppola,efficacy,GR,0.07157285597499857,0.06469386512191838,0.06704773479324683,0.08357717628187944,2.28335832083958,3.0937031484257873,1.0536973921559336,0.3940121513487788,667
cptppola,efficacy,HR,0.15098971659856025,8.111440382937637e-05,0.14359305913429263,0.00017972003306603504,1.8150887573964498,3.1161242603550297,0.9411467352627001,0.4588782547524313,676
cptppola,efficacy,HU,0.11913079182799723,0.001917482910614286,0.13386550768747163,0.0004834173946913195,1.856508875739645,3.0927514792899404,0.9530313126461624,0.48667348891492257,676
cptppola,efficacy,IE,0.10350184050552266,0.0069071020493052275,0.1188020772510507,0.00191390965791589,2.2044117647058825,3.1176470588235294,1.107337134642515,0.4452138459456034,680
cptppola,efficacy,IL,0.09754536461201438,0.011781213595206185,0.12042534762218568,0.001849996622896518,2.1366366366366365,3.1936936936936937,1.184210701929987,0.5646391002703901,666
cptppola,efficacy,IS,0.16852500468030623,9.659290092135487e-06,0.16898570787425696,9.124854693804085e-06,2.7565982404692084,3.288123167155425,1.0150087403093573,0.5736937504589464,682
cptppola,efficacy,IT,0.11339389336139188,0.0034591958416034614,0.11459823075599085,0.0031273237991727774,2.055806938159879,3.085972850678733,0.8629107833795074,0.4294652536534682,663
cptppola,efficacy,LT,0.08789897248403217,0.023192624438380258,0.09128498524955432,0.01837070680621478,1.944527736131934,3.143928035982009,0.957777963822151,0.48735190026641323,667
cptppola,efficacy,LV,0.13433063653151872,0.000494403339649481,0.09840137860765741,0.01087848303474252,1.5500747384155455,3.1434977578475336,0.8240150137641918,0.5165294932867677,669
cptppola,efficacy,ME,0.05201850458433514,0.18430170078463354,0.056848296646763795,0.14675645598667403,2.1562021439509955,3.10260336906585,1.0242963927396431,0.4183768926989876,653
cptppola,efficacy,NL,0.1729267287806691,5.398862724099951e-06,0.16414760084836,1.5999145936525438e-05,2.128654970760234,3.2521929824561404,1.082726320396843,0.570122011197603,684
cptppola,efficacy,NO,0.04950023086891399,0.19600279290353653,0.045806412973470115,0.23152878075285246,2.690058479532164,3.2114035087719297,1.0647365085281462,0.4783008184812692,684
cptppola,efficacy,PL,0.09649876373612887,0.012066794825669046,0.11884987913276464,0.001965771379313084,1.9511834319526626,3.155325443786982,0.9280717191750327,0.4818034460193275,676
cptppola,efficacy,PT,0.11748474458199028,0.0021181204645244456,0.11727656958786159,0.0021573717573272993,1.7096774193548387,3.0234604105571847,0.94838616228976,0.49612985817121935,682
cptppola,efficacy,RS,0.07597881303214585,0.051761976601556375,0.0927557839327259,0.01748718533144901,1.891768292682927,3.073628048780488,1.1413903058109518,0.43708570830319365,656
cptppola,efficacy,SE,0.13917239520289165,0.00028106278120628185,0.1309060578076224,0.0006390310441869614,2.691285081240768,3.2698670605612996,1.07174481831764,0.5246656980659187,677
cptppola,efficacy,SI,0.15241672802415177,7.371245270665202e-05,0.13556334093261996,0.0004294232598381246,1.9821162444113263,3.1378539493293593,0.966440920149137,0.5132549186059355,671
cptppola,efficacy,SK,0.16562199600396726,1.460588458457786e-05,0.13712553872621402,0.0003424464526105476,1.612094395280236,3.0929203539823007,0.867074425307997,0.4467939586714886,678
cptppola,efficacy,UA,0.0386290473769121,0.31736456961398035,0.06472901619515883,0.09362023174397645,1.7172619047619047,2.994047619047619,1.0432379391929856,0.475911848085152,672
trstprl,inst_trust,AT,0.037537088713366785,0.3298075642843095,0.03506843255719443,0.3626264351831839,5.100591715976331,5.269970414201183,2.475707085920994,1.9312173859293977,676
trstprl,inst_trust,BE,0.07982976002644097,0.03958726537873085,0.06781300156030586,0.08055824936003582,4.696240601503759,5.709624060150375,2.29478212522773,1.8607787615458853,665
trstprl,inst_trust,BG,0.10473317664433134,0.006419987366175481,0.11693972825616035,0.002324791834753327,2.5118343195266273,4.798076923076923,2.1639830647121907,2.0483733383671376,676
trstprl,inst_trust,CH,0.09016344068473699,0.020425905050397177,0.0851846173995106,0.02852959016833838,6.481089258698941,5.996217851739789,1.8833455144686804,1.7194257959040358,661
trstprl,inst_trust,CY,0.0737591353400455,0.055263357424204115,0.07593089117332788,0.04845011056925846,3.93491124260355,4.869082840236686,2.4510424372392023,2.148958001196186,676
trstprl,inst_trust,DE,0.06545902589061586,0.08854330917297357,0.06447673027702196,0.09344065909954283,5.146017699115045,5.761061946902655,2.6305062522194187,1.7684632837897991,678
trstprl,inst_trust,EE,0.18932526981896078,7.969120137092934e-07,0.1779505769738646,3.5767154656402016e-06,4.7164179104477615,6.182089552238806,2.584338076365451,1.6576520370615746,670
trstprl,inst_trust,ES,-0.015171965326118945,0.6959232495792861,-0.006217258238860816,0.8727638777079612,4.304804804804805,5.121621621621622,2.6383877010571553,2.0169017588208926,666
trstprl,inst_trust,FI,0.07135135043508838,0.062175178339985405,0.05964088324307708,0.11915126237246733,6.593567251461988,5.727046783625731,2.009862831907712,1.838951271292625,684
trstprl,inst_trust,FR,0.05711519730453182,0.1391279656032748,0.052833077119116334,0.17131344103418045,4.279761904761905,5.528273809523809,2.5028760690149308,1.8628307216424296,672
trstprl,inst_trust,GB,0.10583497002394142,0.006418895330958355,0.11233374825432242,0.0038039483928647335,3.5876132930513593,4.974773413897282,2.570170567461274,1.9466673939144377,662
trstprl,inst_trust,GR,0.12133509158567883,0.0014883757750621576,0.11224876737025019,0.0033091897748873753,3.156661786237189,4.86207906295754,2.140325429826275,1.8866904753434288,683
trstprl,inst_trust,HR,-0.004892977869155376,0.8992529597908369,0.0047464193670312665,0.9022552771425404,2.9404761904761907,4.832291666666667,2.488608636823257,2.0327018245798554,672
trstprl,inst_trust,HU,0.07993820249933375,0.038583954053416296,0.0698136830426603,0.0709320938177246,4.567164179104478,4.608955223880597,2.902624350392628,2.0041236519590995,670
trstprl,inst_trust,IE,0.07452239736295367,0.055864444964895,0.08487970142875637,0.02935078402893473,5.063732928679818,5.18133535660091,2.3446645170602705,2.0168667297573517,659
trstprl,inst_trust,IL,0.18599879558851856,1.6127972262664043e-06,0.19424375193278604,5.347481664444357e-07,3.8292682926829267,4.4245426829268295,2.711828218787924,1.956985867008643,656
trstprl,inst_trust,IS,0.15097773184451038,7.830349759743694e-05,0.15753950707687192,3.7345522015434516e-05,5.547864506627393,5.971723122238586,2.2998635343427924,1.8006869731141613,679
trstprl,inst_trust,IT,0.09953482512975914,0.010049434247273432,0.099933594529261,0.009752361340744501,4.43562874251497,5.071107784431137,2.381283854876077,1.909053777973707,668
trstprl,inst_trust,LT,0.0016167354094205875,0.9665078725943106,0.003276486101056611,0.9321864121019331,3.7208271787296896,5.052437223042836,2.5326963485686798,1.9546971490867577,677
trstprl,inst_trust,LV,0.001025361347545506,0.9789130336295271,0.00801971951349564,0.8362169299517933,3.100449775112444,5.061019490254872,2.3956510475323283,1.963176972140791,667
trstprl,inst_trust,ME,-0.061571871223162135,0.11185821385820878,-0.047136739170126264,0.2237273262261371,4.209580838323354,5.062874251497006,2.4064688815177395,1.9963832670810353,668
trstprl,inst_trust,NL,0.0979960387659622,0.010734902155279008,0.07483203253790839,0.051630395614212114,5.2437223042836045,5.7948776266105195,2.1125105720099615,1.8029326008610045,677
trstprl,inst_trust,NO,0.10234096691755891,0.0074342643611695555,0.08873637092119266,0.020373941649105633,6.483162518301611,6.019472913616399,2.351936984513174,1.6811578759545518,683
trstprl,inst_trust,PL,0.0195988272661663,0.6141747201187028,0.02104290099280892,0.588317429969513,3.9262048192771086,4.727409638554217,2.5998561383057797,1.898702082914966,664
trstprl,inst_trust,PT,0.12233984089958488,0.0015993751136601129,0.12670107942498557,0.0010776529134870986,4.384615384615385,4.749622926093514,2.632277877266502,2.0890078470635136,663
trstprl,inst_trust,RS,-0.10956013528829871,0.005791829646857548,-0.10419968325895242,0.008701244039584983,4.164296998420221,4.4399684044233805,3.0880827262737953,1.9209944349875938,633
trstprl,inst_trust,SE,0.14427992897210584,0.00015987408482267976,0.12116003187151833,0.0015491118524563604,6.277941176470589,6.125735294117647,2.2147148533524312,1.6211505361633483,680
trstprl,inst_trust,SI,0.031963147535483974,0.40809634932882066,0.014487423660818996,0.707751618444199,4.183035714285714,5.178571428571429,2.469632736394608,1.9358456558403896,672
trstprl,inst_trust,SK,0.06986234662101944,0.06845444585499302,0.07572806404538239,0.04822225651648125,4.118942731277533,4.262848751835536,2.7821293259698323,1.9120169799199265,681
trstprl,inst_trust,UA,0.019533002383572362,0.6167037587089704,-0.0009824295918881814,0.9799177130658551,2.2261001517450683,3.569802731411229,2.5721536271668723,1.7574371167653837,659
trstplt,inst_trust,AT,0.024267084339709963,0.5290862438338274,0.02918522168091494,0.4490437574940045,3.6548148148148147,5.060740740740741,2.4827511338550496,1.9368784078536112,675
trstplt,inst_trust,BE,0.011597947429197007,0.7637565661847554,-0.008036426883386967,0.8350307487153225,4.126112759643917,5.469436201780415,2.2331689832881345,1.9275011291585267,674
trstplt,inst_trust,BG,0.16819424297972643,1.068447271553025e-05,0.18151777088845134,1.9620734865924542e-06,2.213864306784661,4.669616519174041,2.0760965231145603,2.0596690231505943,678
trstplt,inst_trust,CH,0.08600784940037638,0.026792783168795905,0.04637558276659104,0.23306394520663973,5.607843137254902,5.698793363499246,1.9143437011604316,1.825606315990137,663
trstplt,inst_trust,CY,0.11778994056435932,0.0022080846906285707,0.1191521128339916,0.001959095949808331,2.674591381872214,4.4799405646359585,2.256516856211381,2.1112930468780293,673
trstplt,inst_trust,DE,0.05672854214174949,0.1391782259956498,0.05669135303823605,0.13943799439147228,4.070484581497797,5.711160058737152,2.346654922151738,1.7593762194870282,681
trstplt,inst_trust,EE,0.07908529764551146,0.0401134838834033,0.08694015949294162,0.023996612098947684,3.602373887240356,6.0390207715133535,2.3261023531172134,1.6861747743199826,674
trstplt,inst_trust,ES,0.0623803157577371,0.10359548933614972,0.07409188760255034,0.05310959828808619,2.7448680351906156,4.678885630498534,2.36208643619275,1.9645073712180396,682
trstplt,inst_trust,FI,0.04383603935510634,0.2529416751928595,0.034665670508827615,0.36604339290339116,5.385630498533724,5.547947214076246,2.0246568132120073,1.8628141462489114,682
trstplt,inst_trust,FR,-0.002169554062074822,0.955033023260541,-0.004861444700378637,0.8994536341115045,3.8997050147492627,5.340265486725664,2.1704269709762496,1.9329188833139819,678
trstplt,inst_trust,GB,0.11728132321762103,0.002343419254622097,0.12378562028821964,0.0013140763291487959,2.9195230998509687,4.412518628912072,2.3178909119476443,1.9506045153743274,671
trstplt,inst_trust,GR,0.07685763994394652,0.045926053739987475,0.07000218277411192,0.06912998260849305,2.677037037037037,4.74962962962963,2.077716331555531,1.8760506086886726,675
trstplt,inst_trust,HR,0.040029509892315025,0.2983264586014445,0.05691281155867292,0.13906286763943362,2.072378138847858,4.689069423929099,2.178245545299257,1.9719929222514654,677
trstplt,inst_trust,HU,0.06997265892159632,0.0696627466393912,0.07306798058695176,0.05815116646994943,4.074294205052006,4.49479940564636,2.6910027809138386,2.0331083250014306,673
trstplt,inst_trust,IE,0.046784506471510744,0.22896475431971616,0.04986317747922643,0.19974048677160208,4.298642533936651,4.603016591251886,2.4093438383804013,1.9552601478953842,663
trstplt,inst_trust,IL,0.17721437646837168,4.414896144181936e-06,0.1738122767192865,6.753408293091172e-06,3.2458521870286576,4.653846153846154,2.4968034226972375,2.019096030386119,663
trstplt,inst_trust,IS,0.2151301636582791,1.9581612816323885e-08,0.20582429175637848,7.993320647314551e-08,4.781437125748503,5.605988023952096,2.1985717799524127,1.8466453428704481,668
trstplt,inst_trust,IT,0.10928759065529552,0.004504050110988275,0.11786872590706973,0.0021762587894475424,3.397626112759644,4.793768545994065,2.3197056871846122,2.0090189765116495,674
trstplt,inst_trust,LT,0.08801100799284256,0.02250779049317654,0.10749377540517308,0.005279672191468148,3.4851190476190474,4.9974702380952385,2.303322032458861,2.0086570089835747,672
trstplt,inst_trust,LV,-0.008936773193067488,0.8183393264697887,0.011483945634360239,0.7678797446908405,2.616892911010558,4.865761689291101,2.2063800647271083,1.960929857712519,663
trstplt,inst_trust,ME,0.003508123819040937,0.9275661566282825,0.02036835179405136,0.5975920716423513,3.6899109792284865,4.933234421364985,2.2457459850149193,1.989009754951409,674
trstplt,inst_trust,NL,0.08419641492347303,0.028957637110431,0.07916273697712037,0.04006635459154172,4.842496285289747,5.642496285289748,2.0424456505565214,1.7679288251271166,673
trstplt,inst_trust,NO,0.04302431278248615,0.2618437286354394,0.04728384767958095,0.21748306120469463,5.277126099706745,5.818914956011731,2.0588347527525355,1.7526510220496552,682
trstplt,inst_trust,PL,0.003987819486340247,0.9182461481081401,0.016541346779535362,0.6702622126900886,2.8511278195488723,4.80827067669173,2.3272422968043416,1.9503646983947054,665
trstplt,inst_trust,PT,0.08975939925653012,0.019679398714825793,0.09354106344072728,0.015053223090574545,2.877037037037037,4.4019259259259265,2.3602777567758153,2.0145419019279753,675
trstplt,inst_trust,RS,-0.07322825800530662,0.0620590356589483,-0.07339044581120885,0.06148139195075289,2.8815384615384616,4.336923076923077,2.847938313445942,1.9398560166708885,650
trstplt,inst_trust,SE,0.0800471979577991,0.03731879028965956,0.06808852143192047,0.07666193523158668,4.862629246676514,5.94357459379616,1.9978629558718841,1.7293090205583093,677
trstplt,inst_trust,SI,0.01313493877880427,0.7341401835910945,0.0181320752023861,0.6391768089925798,3.22354694485842,5.152011922503726,2.2837740296087263,1.9752176467661602,671
trstplt,inst_trust,SK,0.09656216041974774,0.011821449894836314,0.11127234442989538,0.0036940453523309847,3.8527245949926363,4.3745213549337265,2.6237154349561678,1.9365865796022412,679
trstplt,inst_trust,UA,0.06061701964523733,0.11864567222398847,0.050022514974115875,0.19796626308219534,2.022590361445783,3.5677710843373496,2.3323617276539474,1.7760983478354286,664
trstlgl,inst_trust,AT,-0.006257988324852834,0.8708895364066872,-0.015856790542348908,0.6804531510690961,6.638109305760709,6.7695716395864105,2.3326651275959076,1.3634781792276693,677
trstlgl,inst_trust,BE,0.16964555188977595,9.647923060988486e-06,0.1512837544148897,8.146693376671661e-05,5.352154531946508,7.082466567607726,2.460261363368604,1.251292846596316,673
trstlgl,inst_trust,BG,0.12410526262963568,0.0013883366257519262,0.13656862810568887,0.0004298693389435238,3.8608169440242057,6.453857791225416,2.917344984028059,1.702201187514662,661
trstlgl,inst_trust,CH,0.1195619153129778,0.001995985607882994,0.08501090749728689,0.02825514521980195,6.942942942942943,7.364864864864865,1.9772510087560493,1.032798838282485,666
trstlgl,inst_trust,CY,0.07627026235871032,0.04828254195563108,0.0711247693403508,0.06557912343105109,4.362146050670641,6.374813710879285,2.6516675996878605,1.955086878900919,671
trstlgl,inst_trust,DE,0.1367705291178041,0.0003513567279240456,0.12302117461321702,0.00131841086214083,6.328424153166421,7.156848306332843,2.3492173471844873,1.1591915956480916,679
trstlgl,inst_trust,EE,0.14711031848143744,0.00013261201945331203,0.15310311449116415,6.918882849450336e-05,6.3283582089552235,7.327611940298508,2.458553658094677,0.9357851463963086,670
trstlgl,inst_trust,ES,0.010102763298269517,0.7936238186253101,0.039992352050419115,0.3002127909950445,5.300148588410104,6.735512630014859,2.6229782421592844,1.4840026152662371,673
trstlgl,inst_trust,FI,0.12871299230910102,0.0007606386054704703,0.11567905382290918,0.0024997840039840094,7.477239353891337,7.18942731277533,1.8817612252360645,1.2716153903436358,681
trstlgl,inst_trust,FR,0.09576155947168005,0.012543949705294977,0.0946705810410345,0.013591192412772738,5.294550810014727,6.997496318114875,2.4474084294707783,1.39646928562514,679
trstlgl,inst_trust,GB,0.19819930860523996,2.6768335604452595e-07,0.20476157856797378,1.0441413327842842e-07,5.529411764705882,6.580392156862746,2.5376846949848746,1.6640889372253496,663
trstlgl,inst_trust,GR,-0.01128077420526232,0.7688714842071553,0.02068337966332428,0.5900117098691628,5.237885462555066,6.692364170337739,2.5383709907856025,1.3950017360761686,681
trstlgl,inst_trust,HR,-0.024503494206102393,0.5260052422469733,-0.019375044971359646,0.6161103464292917,3.181547619047619,6.472470238095238,2.459160068425879,1.6605534330550589,672
trstlgl,inst_trust,HU,-0.029128459309033922,0.4502637978576386,0.026297468791826935,0.4955092356845363,5.37240356083086,6.423590504451038,2.7886222629029875,1.7162430508173352,674
trstlgl,inst_trust,IE,0.0999666769728007,0.009893933792035715,0.0974519222368681,0.011926567537824874,5.702255639097745,6.665864661654136,2.42695909454577,1.6272320758404129,665
trstlgl,inst_trust,IL,0.2028010412239215,1.51374215758812e-07,0.1611041604494398,3.252541132594588e-05,4.511380880121396,6.8399089529590285,2.848949212623496,1.4820918811873387,659
trstlgl,inst_trust,IS,0.15577444066763727,4.690960001768399e-05,0.12683075363462573,0.0009419847451703599,6.178729689807977,7.120384047267356,2.1937828058651387,1.2940114113727457,677
trstlgl,inst_trust,IT,0.0583439497133413,0.13023530556322888,0.07794283529524475,0.04309008447513391,5.523738872403561,6.543026706231454,2.2999839065402274,1.5868854360354652,674
trstlgl,inst_trust,LT,0.12147974056503698,0.0017263713792924982,0.09311023145778308,0.01647753115778107,5.301659125188537,6.761689291101056,2.5066883869215437,1.546044024883866,663
trstlgl,inst_trust,LV,0.07737323947367798,0.054745016442271734,0.09232374076777672,0.021817856746654447,4.025931928687196,6.636952998379255,2.604811073595359,1.5610818091935648,617
trstlgl,inst_trust,ME,0.08928676373958327,0.021292359488842484,0.05404111888998865,0.16392665924832733,4.329323308270677,6.715037593984962,2.209944049981646,1.4036578849284869,665
trstlgl,inst_trust,NL,0.22736281547421602,2.245527904818308e-09,0.18939061958201683,7.049304227525206e-07,6.421597633136095,7.393686678671819,2.0615868302358256,1.0507073676794523,676
trstlgl,inst_trust,NO,0.11136713460588013,0.003639732492862709,0.1238044604847566,0.0012166870460729614,7.488235294117647,7.3375,1.9984920244158635,1.081572622277708,680
trstlgl,inst_trust,PL,0.0833104847086302,0.03262304989569061,0.04763792943309065,0.2223305821255738,4.080547112462006,6.725379939209727,2.484267392917316,1.410207490921401,658
trstlgl,inst_trust,PT,0.15709639291760094,4.916027288644644e-05,0.1914055583440677,6.999480441318357e-07,4.425981873111782,6.207703927492447,2.4482149821376398,1.8878105328988222,662
trstlgl,inst_trust,RS,-0.037678607293593847,0.34088279374282443,-0.032572418592741334,0.4103507048239927,4.195007800312013,6.294071762870515,3.0147097769107996,1.674868219022632,641
trstlgl,inst_trust,SE,-0.006854387232066103,0.8599579546268188,0.016778559906047277,0.6658176691033377,6.610526315789474,7.431578947368421,2.159361210412084,0.9891252388400249,665
trstlgl,inst_trust,SI,0.17159663472752232,7.949264533105746e-06,0.1412139393498235,0.0002456077372753496,4.798507462686567,6.762686567164179,2.550476524971075,1.5829185189506525,670
trstlgl,inst_trust,SK,0.054961258337660114,0.15254410053149622,0.04775822483296222,0.2139111684986737,5.014727540500736,6.236377025036819,2.7474452398565314,1.779020432246473,679
trstlgl,inst_trust,UA,0.052287075738852114,0.18543904607896614,0.06387262089095057,0.10563079367043668,2.56298600311042,4.7975116640746505,2.6322345987145264,2.065431252692507,643
trstprt,inst_trust,AT,0.029616162152455456,0.44203355019964874,0.04524506683565088,0.24007621639190704,3.5710059171597632,5.402366863905326,2.4103455157197113,1.9339294916166974,676
trstprt,inst_trust,BE,0.13748482060863623,0.00036570295415436915,0.1164355661735501,0.002578453229841827,3.9221556886227544,5.780089820359281,2.1327573272184934,1.8834580125061804,668
trstprt,inst_trust,BG,0.11430316699840397,0.002940106697052316,0.16711260672666509,1.2747664861349456e-05,2.303703703703704,5.33037037037037,2.1323914010219687,2.0560857800748065,675
trstprt,inst_trust,CH,0.05758221782800961,0.14160272372112875,0.03971010108834205,0.31096367171688133,5.355283307810107,6.032924961715161,1.8796513972370128,1.776440102455513,653
trstprt,inst_trust,CY,0.121798290880842,0.0015225119185182986,0.1275703595835177,0.000894344323538518,2.497777777777778,5.104148148148148,2.21163187017619,2.1668422460497334,675
trstprt,inst_trust,DE,0.0796995017423994,0.03858644120500825,0.0793236208991258,0.039514994842830095,4.0207715133531154,5.985459940652818,2.209566260413475,1.8183469410283337,674
trstprt,inst_trust,EE,0.20271405752879817,1.2338907988369742e-07,0.19825994238243141,2.3432658507949977e-07,3.705530642750374,6.514648729446936,2.198594248966725,1.552762866196848,669
trstprt,inst_trust,ES,0.09163814620296663,0.01691728788444769,0.11743432339445184,0.0021764579774424704,2.7378497790868925,5.296465390279823,2.380270819684288,2.0581199417421865,679
trstprt,inst_trust,FI,0.10681086935278375,0.005201086463110764,0.10657287657014895,0.005302695121637169,5.46705710102489,6.134260614934114,1.8961331173700537,1.8061390511686024,683
trstprt,inst_trust,FR,-0.009851160136145039,0.7986518025586694,0.009643216617466857,0.80281360869971,3.4665676077265974,5.7429420505200595,2.1211441807843636,1.9430236067068751,673
trstprt,inst_trust,GB,0.08006157084972909,0.03872111420169477,0.0863137392273652,0.025804029736695943,3.076461769115442,5.089205397301349,2.332400215535082,2.0138194773062534,667
trstprt,inst_trust,GR,0.05954688107090989,0.11973534323842977,0.057374195248059874,0.13386834902968678,2.7850877192982457,5.3276315789473685,2.135733728124317,1.8922310780258818,684
trstprt,inst_trust,HR,0.05469577035882367,0.15484365682553022,0.061100189064715496,0.11194691776629442,2.157817109144543,5.135693215339233,2.2364357488362754,2.046547052066046,678
trstprt,inst_trust,HU,0.16720685713011232,1.260287399989964e-05,0.17231755066485602,6.720160828040893e-06,4.05037037037037,5.12962962962963,2.6182104245102145,2.0998471780650148,675
trstprt,inst_trust,IE,0.07976123526130549,0.040512648201908065,0.08684971216188243,0.02566806416613525,4.1878787878787875,5.0227272727272725,2.3387943635161506,1.9903633889809895,660
trstprt,inst_trust,IL,0.27071703620855997,1.5033809648195224e-12,0.2654562032604437,4.1639750020987856e-12,3.389393939393939,5.4,2.3730037557596497,2.131097874033515,660
trstprt,inst_trust,IS,0.11396985768866091,0.003112825146979479,0.11220814442983033,0.003609906289570682,4.666169895678093,5.885245901639344,2.223759777316736,1.8980209388250313,671
trstprt,inst_trust,IT,0.1802459056641859,2.5715193949061475e-06,0.18325670893553103,1.733275264626896e-06,3.3913690476190474,5.2125,2.334880952385475,1.961854942066533,672
trstprt,inst_trust,LT,0.18156497883032136,2.5334382411148143e-06,0.17330766760938116,7.187941084945052e-06,3.336349924585219,5.488989441930618,2.2508789712529738,1.9285224463750343,663
trstprt,inst_trust,LV,0.02715203089644659,0.48853695877415226,0.047313622215839686,0.2272759420400907,2.4854517611026035,5.332006125574273,2.1949159715775006,1.9727285889984945,653
trstprt,inst_trust,ME,-0.005159624569777667,0.8934008101044766,-0.006041457250273824,0.8753197409985943,3.8493353028064994,5.278434268833087,2.3314901781940196,2.0412771339920557,677
trstprt,inst_trust,NL,0.11828447344898457,0.0020663571008846704,0.1006615718176397,0.008818478490500154,5.0014792899408285,6.119970414201184,1.9463159960827263,1.6768579079838066,676
trstprt,inst_trust,NO,0.1142446847222741,0.002809661814480173,0.10931716780769828,0.004260986514549109,5.457478005865102,6.258064516129032,1.9529212510693437,1.7144032860607603,682
trstprt,inst_trust,PL,0.1326529595249021,0.0006341625002921361,0.14246336495028988,0.00024088911323054638,2.8848484848484848,5.416666666666667,2.324001730588029,1.966755825589732,660
trstprt,inst_trust,PT,0.12498249765803308,0.0011778197232137644,0.13030790327955827,0.0007154313710179035,2.85096870342772,4.822652757078987,2.32285750115259,2.1014904725237415,671
trstprt,inst_trust,RS,-0.016817239468792784,0.6696428515070495,-0.011473441048872022,0.7710055340204112,2.7941176470588234,5.020123839009288,2.746560258078091,2.0080220473838573,646
trstprt,inst_trust,SE,0.10873077541995918,0.004621974974936517,0.07632208115036679,0.047136947623270684,4.976366322008863,6.414475627769572,1.9640338053828401,1.613542053023574,677
trstprt,inst_trust,SI,0.08366363385978791,0.03036218587494459,0.08887721287934366,0.02140358610546936,3.2,5.55776119402985,2.251456927405924,1.9653023979486537,670
trstprt,inst_trust,SK,0.12569503734563045,0.0010474903354593574,0.13091789530096953,0.0006383008469989922,3.8980797636632203,4.870014771048744,2.6187669033764847,2.013475791534406,677
trstprt,inst_trust,UA,0.06355454698540862,0.10230516525251168,0.06301188287684235,0.10527493729486401,1.9546827794561934,3.9521148036253777,2.3648460730337706,1.892005651334632,662
trstplc,inst_trust,AT,0.054996218845117364,0.1513769670634451,0.06248290521379546,0.10302771789417339,7.357771260997067,7.288856304985337,2.1787600416553725,1.0970493785999214,682
trstplc,inst_trust,BE,0.15512105529615516,4.617120124595247e-05,0.14499886029621825,0.00014157258340293652,6.554093567251462,7.464912280701754,2.0933550791903484,1.0023091163750015,684
trstplc,inst_trust,BG,0.123200737004791,0.0013630198114819028,0.1069135862757177,0.0054967272307564295,5.154531946508173,6.99851411589896,2.8394354835814384,1.438469400937807,673
trstplc,inst_trust,CH,0.06464510761945454,0.0921046042986624,0.06545831099315294,0.08807641712918442,7.3426470588235295,7.652205882352941,1.927692629486432,0.8040734760574266,680
trstplc,inst_trust,CY,0.01834548747172279,0.6334714747848686,0.013651916025739593,0.722713124758561,5.075221238938053,6.952064896755163,2.564720225056262,1.5993407565172681,678
trstplc,inst_trust,DE,0.04995046714175433,0.19327057657616234,0.040694355115995555,0.28929676793959164,7.089705882352941,7.515441176470588,2.1157686748979985,0.850874857452181,680
trstplc,inst_trust,EE,0.125017860952262,0.001106023025653517,0.14912373100063298,9.715195300390296e-05,7.497050147492625,7.556047197640118,2.1272287296815424,0.900410382794495,678
trstplc,inst_trust,ES,-0.042365628062285554,0.2681699988786243,0.008066730660122581,0.8330867393919776,6.924087591240876,7.1883211678832115,2.395186618968338,1.2708532896581302,685
trstplc,inst_trust,FI,0.011944447604039397,0.7549977401292977,0.029963642621644183,0.4336464225778905,8.364963503649635,7.572262773722628,1.4000621979122192,0.9122084511417337,685
trstplc,inst_trust,FR,0.05234469123921053,0.17243797090593063,0.08246818818486767,0.031413056561085805,6.549192364170338,7.218795888399413,2.1830234214341,1.2633984354931738,681
trstplc,inst_trust,GB,0.15061086333512563,8.770211693279858e-05,0.12232269028130677,0.0014759407782606166,5.841010401188707,6.8083209509658245,2.5535887774340043,1.495416311418408,673
trstplc,inst_trust,GR,-0.0009570344965755898,0.9800824111137308,0.0021586324319530685,0.9550940469928177,5.909224011713031,7.131771595900439,2.4048984373011355,1.1659518133437297,683
trstplc,inst_trust,HR,-0.02935410162258074,0.44507375224645906,-0.02168989658844214,0.5726096698780679,5.474226804123711,7.055228276877761,2.545543554878202,1.4465292301210229,679
trstplc,inst_trust,HU,-0.009126024373614634,0.8127790250786471,0.03645425972635185,0.34395927754335565,6.340236686390533,7.071745562130178,2.5408501237388967,1.5334639269201806,676
trstplc,inst_trust,IE,0.05945956958591128,0.12331415735078517,0.019110319157451816,0.6206790764031175,6.539375928677563,7.086924219910847,2.313652073990217,1.3786018479824904,673
trstplc,inst_trust,IL,0.27974172002789144,2.2873309752814825e-13,0.2970183151564884,5.976195503613903e-15,4.7024169184290034,7.19939577039275,2.806512884928297,1.27330306422146,662
trstplc,inst_trust,IS,0.1227254528580363,0.0013434667791699841,0.09647035519322274,0.01183980068273519,7.266176470588236,7.475735294117647,2.057645700885696,1.0083229725711107,680
trstplc,inst_trust,IT,0.04491723971246148,0.24350304041528475,0.028129769485381945,0.46528936117266345,6.711538461538462,7.164940828402367,2.0427831414428117,1.2700884178222112,676
trstplc,inst_trust,LT,0.1671610144267884,1.2120927610363688e-05,0.13865498868254814,0.0002932373388738615,6.871681415929204,7.23377581120944,2.341531863340674,1.2654927835099112,678
trstplc,inst_trust,LV,0.04309117361327068,0.2689658099409589,0.044502526736715266,0.25358328556566273,5.2318181818181815,7.033333333333333,2.5518988788712904,1.4406659787461635,660
trstplc,inst_trust,ME,0.03904380454810327,0.31075134716433234,0.029566759567597536,0.4427956722235338,5.390532544378698,7.113905325443787,2.1986188958775155,1.215473868842216,676
trstplc,inst_trust,NL,0.08432792911373739,0.028826244952640304,0.048962481717564565,0.20492297627500478,7.044642857142857,7.695736189342445,1.649034723874858,0.9176807246300007,672
trstplc,inst_trust,NO,0.05324026820473576,0.16489019738611366,0.07692216910543959,0.04463017259883776,7.642228739002933,7.682551319648094,1.9070561503332333,0.7816004145866073,682
trstplc,inst_trust,PL,-0.0045376386604517585,0.9066041525778589,0.03394097474115455,0.38004716098365526,5.178837555886736,7.310730253353205,2.547032072442382,1.0702648174012592,671
trstplc,inst_trust,PT,0.005549504235000799,0.8854837378740406,0.05682612554563638,0.1399606146889248,6.3579881656804735,6.8232248520710055,2.3442180608673713,1.6830859531417108,676
trstplc,inst_trust,RS,-0.038128132407266806,0.32916629830977523,-0.030870645384997394,0.42955216873951385,5.260273972602739,6.824200913242009,3.0465126881355564,1.5346333107934043,657
trstplc,inst_trust,SE,0.11112382569449963,0.003689525540429068,0.08425253691319322,0.027911838883834098,7.101321585903084,7.606461086637298,2.007342701541125,0.9075107933394737,681
trstplc,inst_trust,SI,0.08419874144269997,0.028128123737230115,0.046895664635749866,0.22196812031380228,6.320588235294117,7.218382352941177,2.3984874236716087,1.3301312793505307,680
trstplc,inst_trust,SK,0.07903428361346523,0.03979917432182636,0.0502266235308161,0.19180206484314546,5.654357459379616,6.997784342688331,2.7291760372771803,1.4537986746999119,677
trstplc,inst_trust,UA,-0.0034426342209116024,0.9305166759857421,0.014851175568149034,0.7067911455392956,3.4052795031055902,5.635869565217392,2.8484865561348967,2.1349718596356726,644
trstep,inst_trust,AT,0.01244765101641895,0.7488458452772484,0.02335922323502198,0.5479246162294215,4.213855421686747,5.9977409638554215,2.6425091286318554,1.6425464042039948,664
trstep,inst_trust,BE,0.11287119559390386,0.003537354265699992,0.05166124047252173,0.18298995279358152,4.6741741741741745,6.444894894894895,2.434802734223071,1.459564072649566,666
trstep,inst_trust,BG,0.01594060024773598,0.6920003238345689,0.042451591808849734,0.29125211041602816,4.609677419354838,5.963709677419355,2.8208609965197478,1.8401084587959393,620
trstep,inst_trust,CH,0.029230237747629007,0.4668039081248672,0.02014804284172809,0.615997549521301,4.938906752411576,6.383118971061093,2.1429126928846896,1.4437341708893172,622
trstep,inst_trust,CY,0.12239010836119082,0.0020707388159078386,0.1258595209575233,0.0015354862360742912,4.61014263074485,5.733755942947702,2.5979525171202575,2.0218139735188827,631
trstep,inst_trust,DE,0.10010236979175974,0.009904904856140432,0.051608033813584316,0.1844355131860253,4.66817496229261,6.392156862745098,2.599964702207636,1.4787207746682467,663
trstep,inst_trust,EE,0.08611103985568287,0.02977177789039851,0.10507147723423305,0.007953782902776298,4.836734693877551,6.821036106750393,2.55228976248843,1.2511617973043596,637
trstep,inst_trust,ES,-0.005502971184346292,0.8894080954629204,0.031078873398131927,0.4321556766936316,4.62402496099844,6.139625585023401,2.5703811778364654,1.6404332079040536,641
trstep,inst_trust,FI,-0.024370767447499452,0.5313462873270551,-0.016760518174408757,0.6668663851376209,5.853474320241692,6.455438066465256,2.0191170345446214,1.4856527281585388,662
trstep,inst_trust,FR,0.04959303201460512,0.20739138517581107,0.041032541991464846,0.2969758144493298,4.347222222222222,6.290123456790123,2.520664211672428,1.5791614340567413,648
trstep,inst_trust,GB,0.13931912199838764,0.0007049282504186143,0.12112537306881677,0.0032639277481303947,3.751700680272109,5.665476190476191,2.6594783400942643,1.8568851419614656,588
trstep,inst_trust,GR,0.09055257118175389,0.01933220983795231,0.08536336512020623,0.027488252886612944,4.134932533733133,6.170164917541229,2.37474704578772,1.5653609096838248,667
trstep,inst_trust,HR,0.007075344730216144,0.8569017515870802,0.01413426054323539,0.7186723186671651,4.265337423312883,5.850460122699387,2.6370562142981453,1.8417290771986699,652
trstep,inst_trust,HU,-0.01884091812602634,0.6271639709376866,-9.257245184154444e-05,0.9980959911144744,4.718140929535233,5.802098950524738,2.5956218898607055,1.909898768393081,667
trstep,inst_trust,IE,0.0634816631962765,0.11344083607912964,0.0632030879250817,0.11503622307051264,5.215088282504013,5.973515248796148,2.365745013666019,1.7240557327949633,623
trstep,inst_trust,IL,0.15807171252482996,0.00016146111680621393,0.12648462173895847,0.002595737605881404,2.8123893805309734,6.235398230088496,2.5564940512212386,1.7372596192707166,565
trstep,inst_trust,IS,0.03816512483204727,0.352312940278544,0.022713073381086413,0.5799867306448745,5.733221476510067,6.429530201342282,2.1834296569461773,1.4883526895524832,596
trstep,inst_trust,IT,0.07273014733862997,0.06365646245978354,0.06307209483841249,0.10788468642366593,4.682027649769585,5.946236559139785,2.326165455952152,1.7766079518911626,651
trstep,inst_trust,LT,0.1626094213395274,4.004647746797788e-05,0.17188535950456782,1.3930462710250646e-05,4.962025316455696,6.208860759493671,2.5728956005148884,1.6799981037962073,632
trstep,inst_trust,LV,0.05304776065859614,0.19073188311782063,0.08847625898150452,0.02888834990812908,4.111475409836066,6.091803278688524,2.6174918967293084,1.7650869799029902,610
trstep,inst_trust,ME,0.06612972718529193,0.09131893039201168,0.06492878995730708,0.09736749701082106,5.606431852986217,6.137366003062787,2.3399219306288446,1.6810785089518019,653
trstep,inst_trust,NL,0.07581067776243514,0.05544390015708755,0.03230873414942295,0.41488431059985426,5.118935837245696,6.580050307964373,2.225162766181854,1.3385020530095106,639
trstep,inst_trust,NO,0.07399335307816592,0.06918408917794125,0.02664045913441382,0.513442626040545,5.629139072847682,6.499172185430464,2.103037033287709,1.4687172379989335,604
trstep,inst_trust,PL,0.11331028401432537,0.003902856517525083,0.08541186748165588,0.029831335070484456,4.0092735703245745,6.006955177743431,2.656245738245513,1.7793181903319202,647
trstep,inst_trust,PT,0.14367077326131703,0.00029065243713797097,0.15815194955954387,6.519722886455428e-05,4.870253164556962,5.6099683544303796,2.6133149126722257,2.013467808010339,632
trstep,inst_trust,RS,0.06324661497048772,0.1195709488119082,0.057291516960791884,0.1586102974182396,2.739703459637562,5.892092257001647,2.796412466750199,1.8422444889729397,607
trstep,inst_trust,SE,0.05898743356164918,0.13790799214731617,0.03275393123364168,0.41032813353818615,5.247634069400631,6.625552050473186,2.132321584892083,1.371387863101515,634
trstep,inst_trust,SI,0.057304563873020936,0.14477291739782344,0.07222815201228415,0.06592961749831637,4.567026194144838,6.151001540832049,2.5686062778737737,1.7606386717339335,649
trstep,inst_trust,SK,0.17095587525156652,9.589686467820807e-06,0.17936685805312233,3.3597242237967887e-06,4.399698340874812,5.576923076923077,2.934604442191,1.933398977411641,663
trstep,inst_trust,UA,0.06490120478023945,0.10842970382012151,0.05709203582496312,0.15800916028295556,4.205546492659054,4.8368678629690045,3.131147845952139,2.058850965434544,613
trstun,inst_trust,AT,0.01727484585750842,0.6641842154033146,0.00036297887564180084,0.9927221659256648,4.807570977917981,6.630914826498422,2.6521694179174307,1.3093020398657345,634
trstun,inst_trust,BE,0.04238608013411311,0.2768854006452679,0.006483514826787606,0.8679598027746187,5.337878787878788,6.8954545454545455,2.3546206245891423,1.2363281847180874,660
trstun,inst_trust,BG,0.08152892100954841,0.049309708624262885,0.06646964681736824,0.10918145523852825,4.835051546391752,6.653780068728523,2.8418331059042576,1.469123805897491,582
trstun,inst_trust,CH,0.01546825623603935,0.6972442919476866,0.03802718581486912,0.33871217427039757,5.288188976377953,7.052755905511811,2.2870715427887522,1.1077463673857815,635
trstun,inst_trust,CY,0.12565308970480712,0.0012491710256357618,0.1268364081073805,0.0011218123037649152,4.147640791476408,6.474124809741248,2.5953402319451357,1.7482831830276577,657
trstun,inst_trust,DE,0.04097994191750673,0.2946214852141902,0.029394085220981407,0.4523021665636843,5.041158536585366,6.878810975609756,2.4637489956891057,1.2213841932092198,656
trstun,inst_trust,EE,0.06635538959501866,0.10128667252454678,0.08165590553428069,0.0436286039776625,4.734860883797054,7.2078559738134205,2.6460758025321387,1.0239767313936223,611
trstun,inst_trust,ES,-0.03398116742486382,0.39076524042919486,-0.00010653454002975695,0.9978538002721276,4.903125,6.78046875,2.678376213170981,1.3946611029695173,640
trstun,inst_trust,FI,-0.06401003591553768,0.09960745683633977,-0.03276513619771665,0.3996219215068109,6.44947209653092,6.994720965309201,2.1088424522160394,1.146208463570918,663
trstun,inst_trust,FR,0.018590169210156993,0.6385068954331272,-0.0004466363915152447,0.9909953779841759,5.195007800312013,6.851014040561623,2.4330485073260584,1.3169696755677613,641
trstun,inst_trust,GB,0.15166125109428705,0.00022050438395521414,0.1156940953554173,0.004934201487739628,4.911714770797962,6.352292020373515,2.688919429960457,1.6131630133921224,589
trstun,inst_trust,GR,0.013911508004298584,0.7239470076825306,0.028287728367343418,0.4725818600349365,4.213292117465224,6.909582689335394,2.415944740756023,1.150420967052332,647
trstun,inst_trust,HR,0.02968865930335813,0.4498740991579997,-6.93809209488062e-06,0.9998591359824527,4.743076923076923,6.525384615384615,2.8727758452841106,1.6483316278549611,650
trstun,inst_trust,HU,-0.04978621296052628,0.20774438719057764,-0.05026348400319326,0.20341428297921957,5.285046728971962,6.548286604361371,2.485162349040627,1.6497071622448423,642
trstun,inst_trust,IE,0.01208976943165202,0.7664580752579125,0.0307578751766837,0.4497785873817145,5.433993399339934,6.635313531353136,2.4240052014146514,1.4333133840537138,606
trstun,inst_trust,IL,0.08519220320649884,0.031434085257985286,0.054094047701200486,0.17235895255820227,2.1818181818181817,6.651253918495298,2.483512063154147,1.5095998393043224,638
trstun,inst_trust,IS,0.11491021070572181,0.0033983888456047364,0.10918299074462168,0.005397495043234109,6.322530864197531,7.023148148148148,2.2237967760241046,1.1834463450399972,648
trstun,inst_trust,IT,0.11459251020584645,0.003617647445989543,0.09551534559235111,0.015399115952950748,4.964230171073095,6.651632970451011,2.371355966167526,1.5103308757275848,643
trstun,inst_trust,LT,0.20633098482314627,4.0091151677823847e-07,0.23238214366540566,1.0313183265780671e-08,5.015177065767285,6.8423271500843175,2.606794463644832,1.381592053484491,593
trstun,inst_trust,LV,0.053335507823514254,0.2071809245834326,0.060350567086999235,0.15342349806428657,3.7896613190730837,6.690730837789661,2.822479923897544,1.512502538579042,561
trstun,inst_trust,ME,0.034830463167764614,0.37642115398006265,0.05580530838980118,0.15623898831155972,5.418856259659969,6.823802163833076,2.332795514558287,1.2812130515261242,647
trstun,inst_trust,NL,0.09988103073105004,0.012550718369924635,0.05403352903427859,0.17764690166893105,5.842948717948718,7.1167147435897435,2.043118259446827,1.134764077151508,624
trstun,inst_trust,NO,0.11397006707741965,0.003024783718186924,0.024384690156009085,0.527091127545756,6.997037037037037,7.095851851851852,2.0821389916442494,1.0490835234370803,675
trstun,inst_trust,PL,0.06036017587701395,0.12835575127864182,0.030013891444985744,0.4498873949581744,4.930817610062893,6.739779874213837,2.580653635947445,1.3805074778320545,636
trstun,inst_trust,PT,0.09375439647171674,0.01849260356929103,0.09383749884589748,0.018388470004471417,5.415213946117274,6.4770206022187,2.6062239138406813,1.6923810589761468,631
trstun,inst_trust,RS,0.058696691058334055,0.14930085804442889,0.04749109246611843,0.2434653584548927,2.847933884297521,6.728099173553719,2.826673423766548,1.421815783636774,605
trstun,inst_trust,SE,-0.014336463052022087,0.7133568748147344,-0.014382031423357849,0.7124861287162492,6.283763277693475,7.089984825493172,2.224462049333047,1.1021213999902628,659
trstun,inst_trust,SI,0.04831133587683709,0.22929040692798913,0.011196001465651114,0.7806673063412928,4.78743961352657,6.822061191626409,2.603329762669807,1.385167837550753,621
trstun,inst_trust,SK,0.1506928979332649,0.0001363713652598176,0.1465731585810268,0.00020790393906398803,4.8757861635220126,6.346698113207547,2.982148226093218,1.7044652178321458,636
trstun,inst_trust,UA,-0.008201792222837491,0.8411001278870928,0.001430496228789052,0.9721062092523945,3.5716666666666668,5.679166666666666,3.143989770182771,2.0363924300350513,600
happy,wellbeing,AT,0.2100564745675397,3.140650205525638e-08,0.2290213689588663,1.4839814022958531e-09,7.650513950073422,7.247430249632893,1.6462177327747893,0.7607639377788556,681
happy,wellbeing,BE,0.09973886893102916,0.008997093309013266,0.11562362078886773,0.0024390391192772674,7.792700729927008,7.468321167883212,1.4652722157177611,0.8003129590184723,685
happy,wellbeing,BG,0.2357880837202365,4.668411569674405e-10,0.23474848387956665,5.589178058994205e-10,6.301027900146843,7.196769456681351,2.093157367566258,1.1789407588798033,681
happy,wellbeing,CH,0.16616184287354774,1.2715603586100134e-05,0.06798200898120689,0.0758219410461802,8.150805270863836,7.546120058565154,1.482778489368937,0.6501716648516372,683
happy,wellbeing,CY,0.1753441696898468,4.231282595681741e-06,0.18796218000932077,7.953658408735803e-07,6.969117647058823,7.1308823529411764,2.112572460640209,1.2156027072839892,680
happy,wellbeing,DE,0.10399012762096217,0.006486776836274207,0.10941562573411387,0.004170594515282798,7.757309941520468,7.452192982456141,1.6765165771674968,0.6816210014687157,684
happy,wellbeing,EE,0.12602444014091815,0.0009644665203541002,0.11824881932032086,0.001964464454881075,7.430453879941435,7.495607613469986,1.7982748980454022,0.7265259225852059,683
happy,wellbeing,ES,0.07155551395678089,0.06161975902111723,0.06995999522791284,0.06766315098806802,7.881405563689604,7.264275256222548,1.5313890014275733,0.9956270340770624,683
happy,wellbeing,FI,0.05953999829176634,0.11977819703522276,0.0602836292473156,0.11521707334740139,8.096491228070175,7.494152046783626,1.4648800184466202,0.8374266937058372,684
happy,wellbeing,FR,0.13676698983290989,0.00034795215239033885,0.14995919590392262,8.655658764747181e-05,7.466176470588235,7.393382352941177,1.5949210897435897,0.970871964782353,680
happy,wellbeing,GB,0.09890263170015849,0.009807210641695083,0.08742801036809127,0.022507152820477775,7.483113069016153,7.227606461086637,1.9956039187253292,0.9434144795335118,681
happy,wellbeing,GR,0.1166949707226408,0.0022368581655942653,0.17965713235568567,2.261003149857499e-06,6.777777777777778,7.282602339181286,1.5842481495797571,0.9785121581687807,684
happy,wellbeing,HR,0.1961203691337834,2.387380696106375e-07,0.18740699420100926,8.116695285028196e-07,7.597364568081991,7.247437774524158,1.8611143731656405,1.0325941878360594,683
happy,wellbeing,HU,0.26682875754741,1.3972791521160021e-12,0.26693435752781397,1.3682222022122247e-12,7.0982404692082115,7.089442815249267,1.9675852984933986,1.2390750116075704,682
happy,wellbeing,IE,0.12877390375306833,0.0007427245374908881,0.14430248685124725,0.00015423159160982678,7.660322108345534,7.223279648609077,1.6466418012449697,1.094641610083667,683
happy,wellbeing,IL,0.16365836428929453,1.7460600703313052e-05,0.07455105547342712,0.05164900043061247,7.4017595307917885,7.494134897360704,1.9220942325266628,0.8921064675645769,682
happy,wellbeing,IS,0.15584426022047493,4.250243579095982e-05,0.12904636601030622,0.0007170323235112247,8.036549707602338,7.421783625730995,1.5190764789557039,0.7944402561615115,684
happy,wellbeing,IT,0.2015088302535975,1.112537625528877e-07,0.2001579952641599,1.356871683241873e-07,6.868035190615836,7.228005865102639,1.754425144484581,1.0779427079442536,682
happy,wellbeing,LT,0.191190441830828,4.897674162216833e-07,0.13630814185477982,0.0003571862565221998,7.404692082111437,7.24633431085044,1.9367020825213035,0.9557890972897645,682
happy,wellbeing,LV,0.20768944372172532,4.612909892240083e-08,0.17535432691203462,4.225788788476947e-06,6.807352941176471,7.153676470588235,2.069400899157685,0.977049455716219,680
happy,wellbeing,ME,0.04248221679011043,0.26932083723864764,0.05203376848454778,0.1759615330719369,6.508849557522124,7.266961651917404,1.9685289451166295,0.7577077506894555,678
happy,wellbeing,NL,0.17483332757411765,4.2331683018326966e-06,0.11507462898301887,0.002577378903884609,8.00438596491228,7.591520467836258,1.2226431548882588,0.7049820810298185,684
happy,wellbeing,NO,-0.0005819370921800603,0.9878791682863329,-0.002642163737328939,0.9450092960518673,7.954678362573099,7.510672514619883,1.5341858592481814,0.6053834749537751,684
happy,wellbeing,PL,0.200011310294373,1.4158965576794864e-07,0.1923804644696287,4.2265970688345075e-07,7.559471365638767,7.392070484581498,1.92271308376671,0.8513114283068178,681
happy,wellbeing,PT,0.18323883605405417,1.4289964811428583e-06,0.12701275694070968,0.0008785323013658067,7.0175695461200585,6.918740849194729,2.0283146599806243,1.4122630687178577,683
happy,wellbeing,RS,0.13864228235303813,0.0002817003530037693,0.10612465195832639,0.005533543717226948,7.159824046920821,7.153225806451613,2.215808633097739,1.0291192813236376,682
happy,wellbeing,SE,0.10480875510339552,0.006076010439376717,0.1395544874376821,0.00025115663368223905,7.728070175438597,7.581871345029239,1.6177189862110928,0.697113064511129,684
happy,wellbeing,SI,0.21175742554044893,2.783553129407368e-08,0.12921014136734782,0.0007657942019266458,7.745185185185186,7.321925925925926,1.7794457226616636,0.9964592331886778,675
happy,wellbeing,SK,0.18097950144184388,2.0345389680340788e-06,0.18715054683637816,8.887336475016405e-07,6.6382352941176475,7.014705882352941,2.0840250374998557,1.2363260583270435,680
happy,wellbeing,UA,0.1720814499233956,7.486838341451057e-06,0.1734935677502129,6.281679401273841e-06,5.994029850746268,6.326865671641791,2.6341372028223877,1.6003626354325329,670
stflife,wellbeing,AT,0.08198013409623778,0.032433808940379776,0.1123189001967613,0.0033357049816040273,7.709251101321586,7.260792951541851,1.689253105953353,0.9338118999139143,681
stflife,wellbeing,BE,0.21624609672206116,1.0832829129543298e-08,0.16329960419959105,1.746800218055102e-05,7.497810218978103,7.518394160583942,1.6959043867732362,0.7998064765715838,685
stflife,wellbeing,BG,0.26160425897966016,4.6807033437341836e-12,0.24761056603830875,6.458347467707848e-11,6.13589364844904,7.2697193500738555,2.224626085310034,1.0273833934298506,677
stflife,wellbeing,CH,0.14322747986057643,0.00017287901438157896,0.11791807450814372,0.0020230094984268338,8.131771595900439,7.586383601756955,1.5526632858200045,0.7623695191434224,683
stflife,wellbeing,CY,0.20158086764523483,1.1738867925842539e-07,0.21344977598930961,1.947508149752119e-08,6.378497790868925,7.162739322533137,2.386579385201395,1.3188374835639256,679
stflife,wellbeing,DE,0.06468691446781857,0.09070345770924057,0.10495299789003035,0.005969302488107274,7.689051094890511,7.475182481751824,1.7953676109634502,0.8272392101464808,685
stflife,wellbeing,EE,0.16300681260623978,1.809301540773399e-05,0.169275111774157,8.410988114808784e-06,7.02043795620438,7.574598540145986,2.0013569477920097,0.6729072112187136,685
stflife,wellbeing,ES,0.16229001860686518,2.0274478552550542e-05,0.14585872641882947,0.00013055715727254091,7.5183016105417275,7.297950219619326,1.8165584222020117,0.9376587883571416,683
stflife,wellbeing,FI,0.18788212345315616,7.325296361718971e-07,0.15335882764777192,5.570125649504296e-05,7.957664233576643,7.581897810218979,1.5671015926595087,0.7451946769140569,685
stflife,wellbeing,FR,0.2672057194324657,1.7532611713071356e-12,0.24291602913918994,1.65101020101485e-10,6.786350148367952,7.459940652818991,2.2573092179508203,0.918214558624672,674
stflife,wellbeing,GB,0.122282555164619,0.0013875593396122988,0.14841664958875003,0.00010127693180716987,6.964757709251101,7.258443465491924,2.1953005237867265,1.0364773131604028,681
stflife,wellbeing,GR,0.16091430994762662,2.386871899702068e-05,0.16329517952733544,1.7980166967158057e-05,6.396778916544656,7.394729136163983,1.9311738463063015,0.9457119034028364,683
stflife,wellbeing,HR,0.2016004762554252,1.0292372943977982e-07,0.17756563181141105,2.9244265018605006e-06,7.2846715328467155,7.243357664233576,2.0891984287520735,1.1022453674021264,685
stflife,wellbeing,HU,0.18193884330228952,1.7919966763006664e-06,0.18110209110184758,2.001877522658206e-06,6.572058823529412,7.135294117647059,2.1540348540928083,1.1513281957801333,680
stflife,wellbeing,IE,0.03215686926018246,0.402467607965947,0.08668509988427468,0.023785985855763844,7.348529411764706,7.285294117647059,1.832611843782841,1.0092743285960415,680
stflife,wellbeing,IL,0.15753626846886515,3.638352327253748e-05,0.07069721011063936,0.06520776720144528,7.145374449339207,7.534948604992658,2.0646207205866203,0.8633111898903911,681
stflife,wellbeing,IS,0.1135835813948098,0.002931844169124015,0.09778531391430173,0.010501146330293311,7.792397660818714,7.487719298245614,1.7645112504339937,0.8171450157273539,684
stflife,wellbeing,IT,0.1913463107360362,5.928216849047433e-07,0.2082671839472906,5.191083256109052e-08,6.7675111773472425,7.3213114754098365,1.864728279860286,0.9220396322475963,671
stflife,wellbeing,LT,0.16825896371704066,1.1257393849609114e-05,0.1607988572912814,2.7389141825927533e-05,7.078635014836795,7.292433234421366,2.1151236160481055,0.9690541715318971,674
stflife,wellbeing,LV,0.25372522050399504,1.825969752700083e-11,0.2291792622582963,1.4450607580806364e-09,6.306901615271659,7.154625550660794,2.270934493579623,1.0736879335724812,681
stflife,wellbeing,ME,0.0890134280892289,0.0199833805328494,0.057176160604210435,0.13550489005838556,6.175695461200585,7.316983894582723,2.185300312430131,0.8364172537202232,683
stflife,wellbeing,NL,0.10978565388142733,0.00423764140388022,0.11516404819458981,0.0026915471916697962,7.943870014771049,7.744165435745939,1.2198233579084161,0.7398519097293541,677
stflife,wellbeing,NO,0.03274098542521159,0.39257831359403816,0.004527335392781904,0.9059177276827254,7.747076023391813,7.638888888888889,1.6867601526773168,0.6502680555011185,684
stflife,wellbeing,PL,0.140347835532005,0.00023879688479740507,0.1456659509255047,0.00013636138320918874,7.293685756240822,7.4343612334801765,2.0107296190949295,0.8803040476888083,681
stflife,wellbeing,PT,0.17876149448725376,2.543461014249615e-06,0.180565005457281,2.00548933301732e-06,6.527777777777778,6.89546783625731,2.0385997771926374,1.3749888594210722,684
stflife,wellbeing,RS,0.14054985363223949,0.00024143019248132406,0.11602502361790454,0.0024800925710339104,6.6932153392330385,7.144542772861357,2.3391184917411567,1.0471419978929488,678
stflife,wellbeing,SE,0.13753732184536302,0.0003121541212151618,0.10316175980245344,0.006969016706027734,7.814055636896047,7.6670571010248905,1.813676078499441,0.727213765251357,683
stflife,wellbeing,SI,0.183486301592806,1.45814677451276e-06,0.179539887893204,2.4583907549237082e-06,7.547058823529412,7.279852941176471,1.9205478007980714,1.064858392055605,680
stflife,wellbeing,SK,0.1663371591011815,1.4207997345001897e-05,0.1859172222725544,1.1728650048894923e-06,6.336795252225519,7.048219584569733,2.2352529691678216,1.2630788955706933,674
stflife,wellbeing,UA,0.06627361057544845,0.08487116309494232,0.08847029218195633,0.021324450724487545,5.062038404726736,6.278434268833087,2.818838357358121,1.6177935976944247,677
stfeco,wellbeing,AT,0.03361112962835891,0.3843420733929071,0.030873844159564914,0.42426606210438317,5.392857142857143,6.261904761904762,2.1515896158978634,1.295357273046981,672
stfeco,wellbeing,BE,0.10780408329601011,0.004985296289369439,0.08622367511198234,0.024864158155133622,5.197932053175776,6.387001477104874,2.0717446499954293,1.1335429175182574,677
stfeco,wellbeing,BG,0.11134908195369057,0.004068552108040086,0.12059028784962747,0.001852548207305546,3.0903614457831323,5.9397590361445785,2.0851331519394054,1.4786516836555357,664
stfeco,wellbeing,CH,0.10109870921202692,0.008725620480334408,0.05345334684730269,0.16633426020605652,6.842261904761905,6.505654761904762,1.7771860080364688,1.1189457140699064,672
stfeco,wellbeing,CY,0.17118546240253685,7.617455967422795e-06,0.15414393913265584,5.7120413892228035e-05,3.5828402366863905,5.72189349112426,2.303736400412603,1.7039022647729278,676
stfeco,wellbeing,DE,0.05979956285506605,0.1195281665714586,0.09119866702290118,0.01745420370686591,4.833578792341679,6.544918998527246,2.2876461874511103,1.052024295726014,679
stfeco,wellbeing,EE,0.0528843855607002,0.1696247618622412,0.034980589782597146,0.3638306362193383,3.9763313609467454,6.600591715976331,2.236936165838725,0.98444175819569,676
stfeco,wellbeing,ES,0.03215335061873179,0.4032144576049784,0.018397371128408925,0.632511238606079,4.216814159292035,5.949852507374631,2.228832257656058,1.4504596048711527,678
stfeco,wellbeing,FI,-0.039764592258980595,0.3004655682067344,-0.021979236089872678,0.567211550995503,5.654411764705882,6.4676470588235295,1.9309840008771229,1.1144308699550918,680
stfeco,wellbeing,FR,0.09615971775104312,0.01283584263242993,0.10944459463409628,0.004596762529348222,3.672645739910314,6.346038863976084,2.1912009042429283,1.1742891868256786,669
stfeco,wellbeing,GB,0.05835988083268035,0.13156914340783207,0.07290778959148363,0.05946430163385471,3.1494768310911807,6.127055306427504,2.143452751040814,1.4036950270527242,669
stfeco,wellbeing,GR,0.05313305211035921,0.1651222514560288,0.05573771158540428,0.1453383779409128,3.491228070175439,5.912280701754386,2.0616228978157056,1.3162109211774304,684
stfeco,wellbeing,HR,-0.017570517771612434,0.6513104887285249,-0.012277963478751529,0.7521567642861229,3.7966867469879517,5.947289156626506,2.2077447358714926,1.5209225193702318,664
stfeco,wellbeing,HU,0.012528438182136758,0.7452508270701458,0.006575609813115596,0.8645976220865296,4.260740740740741,5.737777777777778,2.5428405428096985,1.5439105358889427,675
stfeco,wellbeing,IE,0.03536889339816325,0.3567484426517998,0.011503237493266212,0.7644466893166032,5.233480176211454,6.167694566813509,2.3262810044658817,1.300050497022586,681
stfeco,wellbeing,IL,0.19528885946737592,3.712096945542676e-07,0.14433311869930526,0.00018386945877280238,4.6566716641679164,6.262368815592204,2.4782470468189297,1.2598473722274277,667
stfeco,wellbeing,IS,0.022956525125887244,0.5512797416319563,0.04145330459941318,0.2818137127324311,4.479289940828402,6.396449704142012,2.294828343187931,1.140338792601139,676
stfeco,wellbeing,IT,0.07842050864432092,0.04182362052595338,0.07981000961233903,0.038316993946178095,4.1513353115727005,5.92433234421365,2.1297314420332714,1.3764852572871316,674
stfeco,wellbeing,LT,0.12638317418382505,0.0009909113794070942,0.12770574826582873,0.0008752225748816932,4.52810650887574,6.170857988165681,2.461696487092789,1.3523728953032554,676
stfeco,wellbeing,LV,0.06733139209842391,0.0829700186072233,0.06740832414411128,0.08261816786209909,3.558734939759036,6.037650602409639,2.136979351830504,1.4469287883172328,664
stfeco,wellbeing,ME,0.039507336652712166,0.30324925189092444,0.02071436528509613,0.5894546820712587,4.34654919236417,6.11453744493392,2.4138736231485765,1.325688544346115,681
stfeco,wellbeing,NL,0.0713175323380462,0.06326746467557523,0.04066812220547259,0.2899642290772567,5.812960235640648,6.589543446244478,1.8756497202430233,0.9280897996460175,679
stfeco,wellbeing,NO,0.02976882729052128,0.43731593684246284,0.027509623798564253,0.47290352258230994,5.730600292825769,6.546852122986823,2.19718243124862,1.0563317899856761,683
stfeco,wellbeing,PL,-0.052127769372084444,0.18609748614850977,-0.03648947553804443,0.354847157028014,5.2263565891472865,6.044961240310077,2.0570104105639504,1.3694175916866336,645
stfeco,wellbeing,PT,-0.014044463102680722,0.7162954832444541,-0.02015473766196657,0.6019831251653148,3.7723214285714284,5.693452380952381,2.162602195089243,1.6144149417935973,672
stfeco,wellbeing,RS,-0.13267597195416922,0.0006267599604287432,-0.12624161958151045,0.0011437844329499063,4.1467473524962175,5.746596066565809,2.6676415377541476,1.4744309848259456,661
stfeco,wellbeing,SE,0.0351511360334313,0.36149496544932386,0.02949480308857363,0.44390706786056394,4.819526627218935,6.599112426035503,1.9768970255580616,1.0039621266691814,676
stfeco,wellbeing,SI,0.08136943610699285,0.03605823796655975,0.0375465958283198,0.3340312720855873,5.25,6.265060240963855,2.1957383651805586,1.2747397318658928,664
stfeco,wellbeing,SK,0.004554552058262894,0.9066773319939485,0.022413326892641437,0.5639591318551602,3.669172932330827,5.757894736842105,2.4001813577037563,1.6169383219825522,665
stfeco,wellbeing,UA,0.0528452779751614,0.1774152428229744,0.06328971638825012,0.10613358257889174,2.660030627871363,4.464012251148545,2.435211659647135,1.7401802881978927,653
stfgov,wellbeing,AT,0.017735210241881103,0.6455474867263696,-0.002160126838188868,0.955327635796313,3.9955555555555557,6.510370370370371,2.561118388246672,1.3729192010646292,675
stfgov,wellbeing,BE,0.03095296214016441,0.42412008623491193,-0.031211274199055214,0.42026166373010165,4.393124065769806,6.752690582959642,2.1782843502703098,1.3053523837395555,669
stfgov,wellbeing,BG,0.1502720878087953,9.211606544349054e-05,0.1859796160076656,1.2064097546315014e-06,2.7351190476190474,6.302083333333333,2.1655930204835117,1.6269787142772878,672
stfgov,wellbeing,CH,-0.0005466450633454115,0.9887740217041323,-0.0250806149930294,0.5185037828482371,6.621052631578947,6.924511278195489,1.755587149558695,1.134846777358266,665
stfgov,wellbeing,CY,0.05115970641332769,0.1926893932899719,0.05135776669286801,0.19097029613573246,4.003076923076923,6.033076923076923,2.302940388214603,1.9804665705103062,650
stfgov,wellbeing,DE,-0.0678238375651938,0.07982735715477543,-0.09084829954809927,0.018849297149262683,3.967065868263473,6.820808383233533,2.463915123291649,1.2770261341632414,668
stfgov,wellbeing,EE,0.11264517955922178,0.0037333945257903844,0.10908214673064409,0.004991727143137249,3.5597579425113466,7.060968229954614,2.2739931375895233,1.1004358505203051,661
stfgov,wellbeing,ES,-0.14319085521886812,0.00021163442869249918,-0.12131557494604403,0.0017236203705481021,3.744360902255639,6.426015037593985,2.6264816109552207,1.5744572309410907,665
stfgov,wellbeing,FI,0.13867699027868635,0.00030182228567918976,0.16515158771028085,1.6144942922153545e-05,4.881481481481481,6.920740740740741,2.3633321916833996,1.2999712560333032,675
stfgov,wellbeing,FR,0.09674388404929876,0.012232807145627385,0.11788284454246181,0.002240969195008233,3.7970149253731345,6.79179104477612,2.400919738394098,1.2818176852017868,670
stfgov,wellbeing,GB,-0.004609843171029692,0.9054787590767129,0.025128229409143558,0.5173940244255647,2.9684684684684686,6.34984984984985,2.4403678503186623,1.6245230578206498,666
stfgov,wellbeing,GR,0.06716278431020266,0.07942776140055297,0.0706202467628217,0.06510574835821314,3.6486090775988287,6.449487554904832,2.3095067387390564,1.4404134103560184,683
stfgov,wellbeing,HR,-0.0405978262594834,0.295846607439155,-0.03222145933827381,0.4067841507576218,3.398496240601504,6.3165413533834585,2.525591454121873,1.665389189432394,665
stfgov,wellbeing,HU,0.04724590399815563,0.22092585214949156,0.06336054509901888,0.10052587023834678,4.469539375928678,6.166419019316494,2.7837821023675886,1.741416479169599,673
stfgov,wellbeing,IE,0.018303676635267496,0.636513227454535,-0.004402270280290429,0.9095132779208973,4.9940209267563525,6.420029895366218,2.332398756140392,1.5141407315020463,669
stfgov,wellbeing,IL,0.2181369745038355,1.926032587838667e-08,0.2341793038457673,1.5112417607866478e-09,3.893846153846154,6.5430769230769235,2.8892434763022283,1.5609318490969384,650
stfgov,wellbeing,IS,0.07858430594579555,0.04247083482257482,0.052587200293069326,0.17493175234249847,4.187406296851575,6.845727136431784,2.394806133230013,1.2628649220401862,667
stfgov,wellbeing,IT,0.13395793532258132,0.0005932064951912277,0.1498882751954711,0.00011929029309799374,4.327217125382263,6.436544342507645,2.2493747762148626,1.5149164357720304,654
stfgov,wellbeing,LT,0.15785714955578356,4.573865518178075e-05,0.14061319052850832,0.00028746315715690935,3.913767019667171,6.537821482602118,2.5447762061873567,1.530029937781446,661
stfgov,wellbeing,LV,-0.019614496381864972,0.6171248632387809,-0.018209043431602737,0.642575171815316,3.1763803680981595,6.362423312883436,2.273441214990274,1.6148548945696584,652
stfgov,wellbeing,ME,0.0873430170703219,0.024081145792920186,0.07757227521333081,0.045212842260193925,4.692653673163418,6.547226386806597,2.437813351845499,1.4468887449502301,667
stfgov,wellbeing,NL,0.0665299883586325,0.08482465454101099,0.053281773390924075,0.16770056501762537,4.596726190476191,7.044791666666667,1.9991476565367639,1.0716380005498842,672
stfgov,wellbeing,NO,0.011562099454392268,0.7639552302027383,-0.03629290648857302,0.34574287526272374,4.791728212703102,6.987149187592319,2.1646821097060798,1.1813880850896519,677
stfgov,wellbeing,PL,-0.032743275791644114,0.41875406088997896,-0.029133881690513997,0.47188730599077594,4.491830065359477,6.53562091503268,2.7649191055271984,1.3978376239745567,612
stfgov,wellbeing,PT,-0.04957937603489359,0.20129308715463462,-0.06847356527025844,0.07742116786627666,3.59009009009009,5.915915915915916,2.314743394925834,1.8731547476673434,666
stfgov,wellbeing,RS,-0.2041045153303396,2.0357616778080706e-07,-0.17442082757133037,9.532328563839257e-06,4.375196232339089,6.289638932496075,3.1908201910020777,1.5577517750577958,637
stfgov,wellbeing,SE,0.0418589721645765,0.2807228043453305,0.09340415140470504,0.015899089924232383,4.183183183183183,7.078078078078078,2.1783803225220693,1.1457275588059441,666
stfgov,wellbeing,SI,-0.011090835875827479,0.776769848573411,-0.029518433760826784,0.4503909701871031,4.286585365853658,6.591920731707317,2.491549672965445,1.5238296371880269,656
stfgov,wellbeing,SK,0.10694430781006511,0.005660739446411833,0.08133450735390717,0.03558018603327994,4.179640718562874,6.070359281437126,2.7831262592220454,1.7431352243740177,668
stfgov,wellbeing,UA,0.03475061239878698,0.37129862249074563,0.059227729129234755,0.12734520689899226,2.5421686746987953,4.810993975903615,2.5617028877154677,2.0000112156457406,664
stfhlth,wellbeing,AT,0.004913223468181559,0.8978662324793061,0.013719989794404598,0.7200084126602946,6.51970802919708,6.931386861313869,2.3536036639642797,1.0653193124816713,685
stfhlth,wellbeing,BE,0.08387006393241823,0.02828286536976157,0.01851208125539584,0.6288758990155092,7.257309941520468,7.126461988304094,1.7637613915724977,0.912986698470324,684
stfhlth,wellbeing,BG,0.0699607840147247,0.06766004722319714,0.09039333366721611,0.018133765203754513,3.8623718887262077,6.617862371888727,2.370104294307492,1.278494623776285,683
stfhlth,wellbeing,CH,-0.02285004831570729,0.5519519149397935,-0.04360665285044537,0.25613635454333317,6.8088235294117645,7.2632352941176475,1.970005965326498,0.7616361760918872,680
stfhlth,wellbeing,CY,-0.06293852259474712,0.10053592071233652,-0.07346498500794163,0.055159206509371846,5.733137829912024,6.548387096774194,2.2894224900186537,1.5305998871031175,682
stfhlth,wellbeing,DE,-0.0045397979905052715,0.9057978348663868,0.014129921606558783,0.7126150890763845,5.262463343108505,7.1341642228739,2.355989979505321,0.82586133882439,682
stfhlth,wellbeing,EE,0.02076711960575956,0.5879578162384888,0.029350680797888034,0.44378427717440216,5.7628111273792095,7.230307467057101,2.1523959924379845,0.807282319907398,683
stfhlth,wellbeing,ES,-0.036374431367112485,0.3418146498508243,-0.06740096912065986,0.07792825586637475,5.623357664233577,6.917956204379562,2.5145268808972334,1.1007899467432782,685
stfhlth,wellbeing,FI,0.02265247172767181,0.5542314622409936,0.051822649308724406,0.17581010513756298,6.419590643274854,7.160087719298246,2.0372006909045886,0.8266430860464552,684
stfhlth,wellbeing,FR,-0.008367711757212322,0.8275805881163797,-0.00449128700132332,0.9069364832650588,5.352941176470588,7.004411764705883,2.414150148416061,0.9885104045435449,680
stfhlth,wellbeing,GB,0.026124391621343012,0.4967568727055949,0.04071836557136014,0.2893682470555109,4.80559646539028,6.824742268041237,2.5149519642812974,1.164332471029123,679
stfhlth,wellbeing,GR,0.09036606100979996,0.01808396001474672,0.10271380845378127,0.007177057015907802,3.388888888888889,6.779970760233918,1.9921351787365045,1.0656596328207828,684
stfhlth,wellbeing,HR,-0.05956886709966877,0.1209638354027916,-0.04943428840421302,0.19824993314027664,5.456553755522828,6.654639175257732,2.6161705941811775,1.319673512965581,679
stfhlth,wellbeing,HU,0.038417226939632204,0.31858613703672867,0.05736299963264585,0.13624927647418936,3.5680473372781063,6.627218934911243,2.481298889988783,1.3466332072838012,676
stfhlth,wellbeing,IE,-0.09332459412007552,0.014840785531312987,-0.05825115415205223,0.1288587170134511,4.493392070484582,6.834801762114537,2.4175279864300068,1.1569262001972176,681
stfhlth,wellbeing,IL,0.0511430756954028,0.1854437759334823,0.007957227303318534,0.8368736012190575,6.523809523809524,7.002976190476191,1.887925018568345,0.9639508614123735,672
stfhlth,wellbeing,IS,0.09409424083735327,0.014032823046551334,0.09955691569219684,0.009329890405477933,5.36417033773862,7.309838472834068,2.086964357569605,0.8998562648556808,681
stfhlth,wellbeing,IT,-0.02524423828875732,0.5126266051361402,-0.06611765918240156,0.08607387376572438,5.072592592592593,6.921481481481481,2.0961470104128086,1.0276868371204724,675
stfhlth,wellbeing,LT,0.11462963890124367,0.0027575344970676534,0.06206483229063261,0.10587086301159387,4.382352941176471,6.903676470588235,2.347118759924008,1.0731292993450086,680
stfhlth,wellbeing,LV,0.04372417586448818,0.2559104764899522,0.050857032751650724,0.18627788127208125,4.0930576070901035,6.72629246676514,2.5000406419043584,1.2713106467305715,677
stfhlth,wellbeing,ME,0.012398293287455342,0.7476258722241798,0.0029142051290883242,0.9397140501855951,4.816568047337278,6.896449704142012,2.3213196878371747,0.9605179769963943,676
stfhlth,wellbeing,NL,-0.048234427720422135,0.21106504733304984,-0.046769752705987044,0.22527390338159556,6.614243323442136,7.3271990408707355,1.7805717498758933,0.8026935323017401,674
stfhlth,wellbeing,NO,0.011022150056659906,0.7735395497759131,0.009285312271110655,0.8084675318723353,7.0774853801169595,7.315789473684211,1.8701998682948657,0.9065319122254759,684
stfhlth,wellbeing,PL,-0.009580924112891454,0.8034897731504369,0.02332712269236392,0.5445715616317567,4.158050221565731,6.850073855243722,2.2890557167524648,0.9077513803359547,677
stfhlth,wellbeing,PT,0.005174907980415846,0.8927723047709245,0.012793757332959704,0.7389335831339952,3.845814977973568,6.476505139500734,2.523655895220506,1.5238901854792613,681
stfhlth,wellbeing,RS,-0.05235345639384572,0.17459603819115577,-0.026588263279126,0.49075277573403286,4.246290801186944,6.619881305637983,2.80551243806248,1.270626894512555,674
stfhlth,wellbeing,SE,0.015231324373306758,0.692401740175554,0.005130748243834068,0.8939938777252829,5.669128508124077,7.368537666174299,2.087538677606394,0.8166172217255803,677
stfhlth,wellbeing,SI,-0.031369650757424754,0.41512600638739255,-0.04620408125417443,0.22990097607179588,4.722304283604136,6.8874446085672085,2.5114510543506086,1.17843246548092,677
stfhlth,wellbeing,SK,0.0884744906391801,0.021318268727431616,0.09985906378826871,0.009323593147348352,3.8537666174298377,6.511078286558345,2.480254238473112,1.3758627808728392,677
stfhlth,wellbeing,UA,0.09694374712226934,0.012782056191874341,0.10473256884017972,0.007126194567411549,4.265553869499241,5.6600910470409715,2.6030517724679196,1.7464076870327323,659
stfedu,wellbeing,AT,-0.006760641190318743,0.863724948914403,0.011786827944906939,0.7647548751069553,6.21483771251932,6.685471406491499,2.316697218678731,1.2631619321787702,647
stfedu,wellbeing,BE,0.03408308258995477,0.37663137383779277,-0.0002227839256699463,0.995390352590341,5.758518518518518,6.999259259259259,2.023467115359531,1.1376022663323222,675
stfedu,wellbeing,BG,0.1165453581120634,0.0031977602718082474,0.11406304617619153,0.003915996841418979,4.056426332288401,6.671316614420063,2.310976012161846,1.3314603437018642,638
stfedu,wellbeing,CH,0.004185408822974589,0.9158387312022558,-0.0023909308246389247,0.9518624331605893,6.6765625,6.98359375,1.9404468603898612,1.0798175049944003,640
stfedu,wellbeing,CY,0.027214727579657406,0.487198792779708,0.025024307998880013,0.5229315536284936,4.680428134556575,6.396024464831804,2.25421486456455,1.7041655404605967,654
stfedu,wellbeing,DE,-0.03238763528593525,0.40224749243903885,0.006940065488111209,0.8575921267512243,4.284649776453056,7.007451564828614,2.2733471583842033,1.1032264365993625,671
stfedu,wellbeing,EE,0.054079491212290026,0.1617322242448961,0.08030898082960157,0.037545844139367096,6.396423248882265,7.169150521609538,2.232912366287218,0.9332589471224243,671
stfedu,wellbeing,ES,-0.029573261296815753,0.44439367842959676,-0.03571182439497876,0.3556752981961739,5.026825633383011,6.733233979135618,2.3152696044289733,1.3885184213275974,671
stfedu,wellbeing,FI,-0.01182313808376155,0.7582700957577511,-0.01899309333507161,0.621014770207085,7.239705882352941,7.016911764705882,1.7485226000909098,1.1225073938936545,680
stfedu,wellbeing,FR,-0.07175537657785423,0.06381301823436593,-0.0853987673655431,0.02730777636129505,4.574850299401198,6.922904191616767,2.1289950487462663,1.1079510688730287,668
stfedu,wellbeing,GB,-0.03489960178218886,0.37733246278588123,-0.02984628355813221,0.4502902713771254,5.297507788161994,6.588785046728972,2.2697137800755827,1.4368882418468187,642
stfedu,wellbeing,GR,0.039788800590377156,0.3085220227931307,0.05036928531328346,0.19724998650010056,3.8234398782343986,6.591324200913242,2.0375735157600605,1.252144835448704,657
stfedu,wellbeing,HR,-0.046229160075354866,0.23596636177429434,-0.04638196295215287,0.23441972501966804,5.843702579666161,6.535660091047041,2.300687542837004,1.505012894076986,659
stfedu,wellbeing,HU,-0.012863055783814394,0.7482513685107882,-0.006621704659641402,0.8687763038827129,4.0704,6.4792,2.4867928063146842,1.4320784608214447,625
stfedu,wellbeing,IE,-0.09362203272432615,0.01597102762391639,-0.13074869439297715,0.000745677870608826,6.847432024169184,6.659365558912387,1.9701212302259015,1.3484663410041402,662
stfedu,wellbeing,IL,0.10525062368195938,0.006595567987801167,0.10355686810927414,0.007525534051241957,5.285714285714286,6.914285714285715,2.085417775354012,1.1924172357138834,665
stfedu,wellbeing,IS,0.036990011574950125,0.33870966693466287,0.044607097321920565,0.24853811640254855,6.374068554396423,7.109538002980626,1.7624223462713369,1.1334131235468579,671
stfedu,wellbeing,IT,0.031792207827087464,0.41519013384847786,-0.004004232540671976,0.9182821117967169,5.068285280728376,6.518209408194234,1.97704423171944,1.4309228679261174,659
stfedu,wellbeing,LT,0.07234967420933971,0.06547457516536034,0.02888818413786097,0.46253748802518485,4.539291217257319,6.763482280431433,2.2406348561468357,1.3734949844442668,649
stfedu,wellbeing,LV,0.048536125263533896,0.2267531296525678,0.038886804885196594,0.33291976263422085,4.006430868167203,6.65112540192926,2.2421716657354636,1.3301860271017352,622
stfedu,wellbeing,ME,0.010255851339144174,0.7907213070506214,0.013895579480696765,0.7191752036065691,4.269345238095238,6.71875,2.2398133411373267,1.1941510150713046,672
stfedu,wellbeing,NL,-0.05401347163491784,0.16899745184778187,-0.022512292049524544,0.5666982134592484,6.1292307692307695,7.107692307692307,1.655706206950957,1.051788072109125,650
stfedu,wellbeing,NO,0.062325216542169624,0.10544061338626558,0.03929672508348195,0.3076250509952252,7.3328402366863905,7.05103550295858,1.6653821480015674,1.1492279373870988,676
stfedu,wellbeing,PL,-0.09033321185810962,0.021664087919105086,-0.07440771316160184,0.05873870707165833,4.970588235294118,6.642414860681114,2.381596486390045,1.3209098536907304,646
stfedu,wellbeing,PT,0.09283272442368913,0.018184134896834018,0.09833210007174215,0.01233457937980853,4.406491499227203,6.223338485316847,2.24577096048795,1.7876760728072314,647
stfedu,wellbeing,RS,-0.1258621444025011,0.0011943689610421837,-0.11143661252955007,0.004152166661880411,4.995454545454545,6.553030303030303,2.8702297930128484,1.3981040377761729,660
stfedu,wellbeing,SE,-0.04863393370122586,0.21280141063162764,-0.03882335966711889,0.32004802182795017,5.211246200607903,7.188449848024316,2.102993726831368,1.0223024561197185,658
stfedu,wellbeing,SI,-0.06127924092957006,0.11576830748756062,-0.05597736972476723,0.15086434978721694,5.5227272727272725,6.681060606060606,2.330330165705582,1.397001589453062,660
stfedu,wellbeing,SK,0.018537951393395122,0.6405013695353734,0.044889854042854546,0.25792305066097115,5.175824175824176,6.354788069073783,2.3865146859794812,1.4665118716855094,637
stfedu,wellbeing,UA,0.06327390240835497,0.12314265019571811,0.05715693905321645,0.16379699869697803,4.46890756302521,5.666386554621849,2.631131540169877,1.8058209895456314,595
imueclt,immigration,AT,0.05870670394411134,0.12871366272964865,0.057039776771882836,0.1399475432022653,4.904619970193741,6.865871833084948,2.520333926611799,1.37103755513063,671
imueclt,immigration,BE,0.012054692250104403,0.7538633539318204,-0.049524092897274156,0.19743505966556693,6.203240058910162,7.103092783505154,2.208842804882684,1.2891557601680232,679
imueclt,immigration,BG,-0.03600553905851697,0.36314412865836565,0.0071873659949388624,0.8559951721396519,4.428125,6.8598437500000005,2.948354027427594,1.4505505858644847,640
imueclt,immigration,CH,0.04573106962747388,0.23540645150192752,0.05958165287202355,0.12198826026944293,6.371851851851852,7.243703703703703,2.2293114747854474,1.1690625862099413,675
imueclt,immigration,CY,0.07943309628918356,0.03953628773373752,0.04940483942805511,0.2008559762113073,3.5967261904761907,6.904761904761905,2.593616144659924,1.5168722044087437,672
imueclt,immigration,DE,0.038914311551701,0.3112847643061573,0.08951765856089255,0.01964786142846728,5.911634756995582,7.090574374079528,2.3751100224227883,1.2516535823688588,679
imueclt,immigration,EE,0.13134142301735593,0.0006480425890233026,0.09661575101485512,0.012283414074520858,5.536512667660209,7.247391952309985,2.3445253599919242,1.206594403106023,671
imueclt,immigration,ES,0.09448066066761396,0.01442590573045853,0.10958261223769902,0.004515097365593913,6.601492537313433,7.090298507462687,2.387873733639764,1.3755210673501972,670
imueclt,immigration,FI,0.0001935156494093769,0.9959751555120896,0.0044678021956827746,0.9072849874433503,7.32258064516129,7.067888563049854,2.025908638644856,1.36531760330749,682
imueclt,immigration,FR,0.015956078818614345,0.6785636432023262,0.02287404797791329,0.5524165577999801,5.595273264401772,7.16248153618907,2.6843577335162117,1.2958325503509767,677
imueclt,immigration,GB,0.07279389446604886,0.06342388938344777,0.04600008007188234,0.2411797147443948,6.440860215053763,7.049923195084485,2.5571838832469203,1.3485761700399506,651
imueclt,immigration,GR,0.039626074658452144,0.30430432953479414,0.024401422446938055,0.5271150479166925,4.074183976261128,7.054896142433234,2.102955820162572,1.350784727476994,674
imueclt,immigration,HR,0.055765859956491554,0.14963841074180012,0.04632234907590675,0.23148944225647733,5.0,6.736173393124066,2.7210644271620006,1.6475279085377508,669
imueclt,immigration,HU,-0.03333040444987703,0.3911772005605197,-0.047395734872005775,0.2225835440209573,3.822289156626506,6.731174698795181,2.4331267460648616,1.6314983460903463,664
imueclt,immigration,IE,0.08737378740678677,0.02319707773859917,0.09299802741456115,0.01565240959175382,6.148148148148148,6.904444444444445,2.618464787145523,1.4627352668647093,675
imueclt,immigration,IL,0.008887586224148918,0.8217588754029653,0.030341490805728847,0.44173855560382747,5.013953488372093,7.213953488372093,2.584856285457056,1.289273965486683,645
imueclt,immigration,IS,0.024156625559252118,0.5300487062061707,-0.028227173129219026,0.4630820071303928,7.056047197640118,7.1486725663716815,2.153582500656508,1.327392244336455,678
imueclt,immigration,IT,0.019315501193683554,0.6201016299815041,0.02301605601549699,0.5547219740029313,4.897125567322239,6.991679273827534,2.5775853566026856,1.3978903130367188,661
imueclt,immigration,LT,0.02703078260699908,0.491148853232936,0.035919100650995954,0.3601920858706929,5.016897081413211,6.939324116743472,2.566894002217902,1.4116838296115453,651
imueclt,immigration,LV,-0.06690759906783508,0.08493002140100506,-0.06318234633977292,0.10381079868924925,4.554216867469879,6.878765060240964,2.547304550255281,1.472467576971689,664
imueclt,immigration,ME,-0.036803126857304524,0.3429693556755746,-0.036983441099833675,0.340608360508421,5.154654654654655,6.907657657657658,2.130011320726233,1.2946221592638762,666
imueclt,immigration,NL,-0.007502996478735076,0.8458389742945868,-0.025991640242942933,0.5005379799684087,6.228486646884273,7.355385756676558,2.1094892998216754,1.0955233435623997,674
imueclt,immigration,NO,0.060029455343213835,0.11649247899547853,0.013164658806364582,0.7308931201670328,6.356204379562044,7.248175182481752,2.2442539140397075,1.1768417312851809,685
imueclt,immigration,PL,0.07794337724911764,0.04733374557991369,0.032117147254409575,0.41438509216777974,5.54320987654321,6.9390432098765435,2.320125683937965,1.3243891052081365,648
imueclt,immigration,PT,0.06485735454258353,0.09955995835753291,0.08474116214928765,0.03127706875131689,5.69969040247678,6.8390092879256965,2.2300762798788494,1.6000275995411597,646
imueclt,immigration,RS,0.00940283447990304,0.814368752334103,-0.031473523289643375,0.4318158231048576,4.81629392971246,6.90335463258786,3.078668232055395,1.347829636279936,626
imueclt,immigration,SE,-0.039211080330648976,0.30868135311159367,-0.06329061034206844,0.10014334421050623,6.955621301775148,7.402810650887575,2.1556707778093385,1.0851896299645913,676
imueclt,immigration,SI,0.019215181499843286,0.6213912321243937,-0.003733307582800627,0.9235626031513781,5.360482654600301,6.891402714932127,2.603983888770556,1.493025576073072,663
imueclt,immigration,SK,0.08133428904385753,0.03699337246439476,0.08617353471555393,0.02707801028223033,3.4164133738601823,6.545592705167174,2.617672852982098,1.6478999221715886,658
imueclt,immigration,UA,0.07404738046850293,0.062413787090869,0.06781506606589038,0.08798303125527551,5.228706624605678,6.317034700315458,2.8583840648132224,1.8102202502027822,634
imwbcnt,immigration,AT,0.02350192066444151,0.5463941558870445,0.017755895071867082,0.648624034810258,4.437216338880484,4.882753403933434,2.388306258616084,2.2913418685991,661
imwbcnt,immigration,BE,0.09844932889270243,0.01037510234380092,0.08421742078183103,0.02844338071200921,5.440177252584934,5.451255539143279,2.0485335997643404,2.310700421742511,677
imwbcnt,immigration,BG,-0.07426046077022141,0.05865303845623709,-0.07364012646123648,0.0607999851786575,3.978428351309707,4.462249614791988,2.8430383886249166,2.437909546335717,649
imwbcnt,immigration,CH,0.04313424626919262,0.26776033397645393,0.03486797414912426,0.37040894668682456,5.79154078549849,5.606495468277946,1.859364257984726,2.229543778589039,662
imwbcnt,immigration,CY,0.08009386636541535,0.0372077472820165,0.0920234586563985,0.016618645103533797,3.781388478581979,4.882570162481536,2.4656352611189227,2.641390594377701,677
imwbcnt,immigration,DE,0.010692486823093903,0.7823489490157403,-0.00029397021103493937,0.9939401075611216,5.364179104477612,5.417164179104478,2.2817729380174647,2.341110021218647,670
imwbcnt,immigration,EE,0.03580718848010965,0.35911321072751234,0.028322803393655047,0.4682760904699449,4.88145896656535,5.96048632218845,2.101225923024993,2.2741926643418475,658
imwbcnt,immigration,ES,0.12429307494920176,0.0012440914503704284,0.1503593950517774,9.124350550467835e-05,5.913690476190476,5.051339285714286,2.357407087940014,2.461621602929707,672
imwbcnt,immigration,FI,0.012647277304108615,0.7421829004952878,0.000310764713708823,0.9935508719060994,6.088365243004418,5.524300441826215,2.080495915120111,2.328592648105506,679
imwbcnt,immigration,FR,-0.0011426561027636797,0.9765368594292686,0.008233839152740901,0.8321577219412595,5.166917293233083,5.393233082706767,2.207077942177866,2.477586134835758,665
imwbcnt,immigration,GB,0.1334419545131374,0.0006352573125388128,0.12242374815772097,0.0017374239170243444,6.170245398773006,5.344018404907976,2.571885917903432,2.417018091439499,652
imwbcnt,immigration,GR,-0.007284304797603528,0.8501684260389618,0.013269884799839145,0.7307425963221311,4.158518518518519,4.8822222222222225,2.186429184630577,2.319408072787275,675
imwbcnt,immigration,HR,0.028631282626879084,0.461742550199489,0.03656241318969582,0.3472300913434237,4.917043740573153,4.628205128205129,2.520141644022982,2.429551997076692,663
imwbcnt,immigration,HU,0.026850721001453692,0.49205041562319946,0.03544250681455975,0.36439739968018925,3.82648401826484,4.580669710806697,2.235460876965277,2.4303481712977995,657
imwbcnt,immigration,IE,0.1676305209333592,1.270803759243067e-05,0.17256854242762673,6.937638084571814e-06,6.083457526080477,5.3926974664679586,2.5519458126410055,2.3830164684562867,671
imwbcnt,immigration,IL,0.16390508870853718,2.603402714330471e-05,0.1671013246159375,1.7962750359491378e-05,4.766871165644171,5.4003067484662575,2.489475363202185,2.5141748496431275,652
imwbcnt,immigration,IS,0.03065429260801385,0.426880409317241,0.03358395698555428,0.3840177052397258,7.031157270029674,5.8316023738872405,2.0200869802119064,2.3164047273684796,674
imwbcnt,immigration,IT,0.022573757753651204,0.5602865076963232,0.03370061534657431,0.38450176963426574,4.559880239520958,4.7844311377245505,2.360534076234912,2.437204780517512,668
imwbcnt,immigration,LT,0.024819587832155113,0.5276109259059869,0.026093862050260912,0.5066274941918942,5.236923076923077,5.173846153846154,2.318783036563161,2.4290725606289088,650
imwbcnt,immigration,LV,0.03332828385770097,0.39626645019188134,0.04844198894364952,0.2174339389834113,4.396923076923077,4.8792307692307695,2.446214599057865,2.403217416886544,650
imwbcnt,immigration,ME,-0.001257759280221815,0.9743108862786602,0.025428687735053863,0.5149500998541152,4.724924012158055,4.880699088145897,2.2578162043182126,2.4620049984739234,658
imwbcnt,immigration,NL,0.07739738209417953,0.04425937877169266,0.05413380201974285,0.15975232210307228,5.517751479289941,5.934958852508407,1.8835691031374728,2.1469143651192293,676
imwbcnt,immigration,NO,0.022732018037400832,0.5548871519040368,0.013870719103656394,0.7186558959100224,6.242245199409158,5.816100443131463,1.988231569538075,2.2472384450586254,677
imwbcnt,immigration,PL,0.09060861529031922,0.021774980553198386,0.09147712212121237,0.020538967753718655,5.507020280811233,4.83619344773791,2.080496638702054,2.360084847525508,641
imwbcnt,immigration,PT,0.08892440240532208,0.02212712226294544,0.09336855928666708,0.01626009593368267,4.641993957703927,4.757552870090635,2.136121362423319,2.473257034055419,662
imwbcnt,immigration,RS,0.06639522877194771,0.09804885747706396,0.07179835241152191,0.07355787905997921,4.816720257234727,4.559485530546624,2.942034227101652,2.3600264182074993,622
imwbcnt,immigration,SE,0.060273109205437096,0.11743661424228748,0.039520329898311626,0.30487847937131335,6.359467455621302,5.91094674556213,2.1290406145018825,2.195139072311682,676
imwbcnt,immigration,SI,0.04207616956096568,0.2789577302599541,0.04371903741116132,0.2605991667017042,4.975903614457831,4.7522590361445785,2.3698758194141587,2.3677689352399773,664
imwbcnt,immigration,SK,0.06551742875316473,0.09285803772919447,0.06360583380376647,0.10281071743019007,3.3626707132018208,4.245827010622155,2.336547767633432,2.3552876631333644,659
imwbcnt,immigration,UA,0.08281754222551951,0.03941276016128206,0.07485130814689929,0.06272635805991515,5.321486268174475,3.8117932148626816,2.815532574380934,2.3070610303907033,619
imbgeco,immigration,AT,0.02497488277906734,0.5208994316897114,0.017704344544777904,0.649079865305266,5.6184012066365,6.663650075414782,2.481489023212641,1.1675975067594053,663
imbgeco,immigration,BE,0.10251888638262535,0.007505884324641438,0.05050172670941149,0.1887219379842653,5.603829160530191,6.93298969072165,2.202984715808637,1.0349362134790039,679
imbgeco,immigration,BG,-0.01650140389580837,0.6740678187567102,0.005370274034800316,0.8911382966765379,3.957055214723926,6.567484662576687,2.90790477989363,1.5721416287471275,652
imbgeco,immigration,CH,-0.01310484903077223,0.7335835531444189,-0.0008654552899075266,0.9820675656640544,6.4756277695716395,6.980059084194978,1.9757583587090743,0.9186438403318412,677
imbgeco,immigration,CY,0.11186744195816958,0.003637607409715929,0.1153419256267741,0.0027095025856676783,3.685459940652819,6.458456973293768,2.6232805894798505,1.763016459377506,674
imbgeco,immigration,DE,-0.024198436999548316,0.5311712814334221,-0.035173145712155324,0.36262406207974696,6.059523809523809,6.880208333333333,2.260797588055276,1.1498116030695649,672
imbgeco,immigration,EE,0.09033463931335904,0.019626650569162542,0.09586088741599211,0.013256670615596555,5.388305847076462,7.044227886056971,2.2932296179168987,1.0078112916819402,667
imbgeco,immigration,ES,0.049488071320943725,0.20009736362406974,0.09396516722822805,0.014821397834843862,6.354166666666667,6.747023809523809,2.3116720399890127,1.3640553019560488,672
imbgeco,immigration,FI,0.015545575356961168,0.6861686521287994,0.0027890495508221713,0.9422130643607601,6.541297935103245,6.985250737463127,2.0819061747018304,1.0457429404263028,678
imbgeco,immigration,FR,0.03179659306277114,0.4112446129924179,0.011031096102509921,0.7756377476046868,5.365671641791045,6.857462686567164,2.4419754946628607,1.1920499524093398,670
imbgeco,immigration,GB,0.06792783160602318,0.0807320440230821,0.07140576393302432,0.06634334047318284,6.231117824773414,6.753021148036254,2.515801491562191,1.2153636747417982,662
imbgeco,immigration,GR,0.07058147761923778,0.06891581974392699,0.055316095805889184,0.1541929162521623,4.237593984962406,6.742857142857143,2.1975000001288225,1.2198339380787913,665
imbgeco,immigration,HR,0.04871206331026893,0.20964271808764848,0.02946577146315227,0.44809992714446234,5.010526315789473,6.450375939849624,2.5480107749618126,1.6240671122100854,665
imbgeco,immigration,HU,0.032970498548596856,0.3970302768057193,4.7752165694821334e-05,0.9990215458308983,3.623867069486405,6.416163141993958,2.5241175268622467,1.6201721273401106,662
imbgeco,immigration,IE,0.08380854394876747,0.03007533489938111,0.07401221670920073,0.05551696220008507,5.998507462686567,6.55044776119403,2.654211901550039,1.5572938784071642,670
imbgeco,immigration,IL,0.0652808446812291,0.09480092038118018,0.08854500024036312,0.023329844411449824,4.939024390243903,7.067835365853658,2.6740371672666203,1.0295120953799457,656
imbgeco,immigration,IS,0.010082918698064887,0.794471049242181,-0.025046651275763332,0.5174976945408818,6.771641791044776,6.976865671641791,2.1218703125693157,1.045233624703079,670
imbgeco,immigration,IT,0.07686938594964472,0.048725736002793604,0.03063511866550512,0.43273090975922796,5.133738601823708,6.560790273556231,2.51153533637782,1.467594346020542,658
imbgeco,immigration,LT,0.13044146715422683,0.0008419757664596447,0.13150882764177865,0.0007621939042192488,5.559815950920245,6.689417177914111,2.5642787716852635,1.3908616490400898,652
imbgeco,immigration,LV,0.007978457029682256,0.8394849141694598,0.007513863328795308,0.8487158191261082,4.9922720247295205,6.7086553323029365,2.6354810982791075,1.328324167172527,647
imbgeco,immigration,ME,-0.04356754676896115,0.26334103331513486,-0.06618296968275374,0.08909280143778234,4.287443267776097,6.658850226928895,2.696064971769755,1.3761060158752225,661
imbgeco,immigration,NL,0.05190263205688906,0.17996697916762064,0.045004105705786036,0.24505478019823163,5.762331838565022,7.063527653213752,1.9412057037648276,0.9078418136385008,669
imbgeco,immigration,NO,0.08848541713903718,0.021302187358199026,0.11093705442984048,0.003851349086999328,6.1063515509601185,6.980797636632201,2.0052972334724584,1.0411293149309586,677
imbgeco,immigration,PL,0.06785775387138786,0.08058673554092252,0.05860699956285424,0.13138870638339994,5.530120481927711,6.775602409638554,2.4350995440399923,1.2458466498193024,664
imbgeco,immigration,PT,0.0735627333898457,0.05949411879878856,0.06257362942181174,0.1090662362704786,6.167427701674277,6.384322678843227,2.2160662497305585,1.7039715639768152,657
imbgeco,immigration,RS,0.01312881328363579,0.743828910193812,-0.015858629946693167,0.6930330572735036,4.622186495176849,6.653536977491961,3.001935453599727,1.372074383467361,622
imbgeco,immigration,SE,0.04022839039970729,0.2995385570408811,-0.009413781237029201,0.8082588030909446,6.032983508245877,7.027736131934033,2.0545395291657913,0.9245052906128779,667
imbgeco,immigration,SI,0.11301764032907399,0.003445391442384359,0.08151643001316634,0.03516879758292743,5.514970059880239,6.550898203592815,2.5387108781112664,1.554492189955437,668
imbgeco,immigration,SK,0.12964482444605133,0.0008659788561281145,0.14176825987063008,0.0002670666446802168,3.6971080669710807,6.28234398782344,2.6882548586304216,1.7350736217680836,657
imbgeco,immigration,UA,0.05074456143353375,0.20410606267382214,0.05616440883645002,0.15978893978893033,6.1210191082802545,5.710191082802548,2.77284696647233,2.119911969325024,628
imsmetn,immigration,AT,-0.02318974763188489,0.5472416764609414,-0.04009355967269599,0.29791179616189567,2.048816568047337,2.915680473372781,0.7957191513243553,0.49917530058531767,676
imsmetn,immigration,BE,-0.07872345628477154,0.04073686764626257,-0.07023054460138699,0.06802086782969884,1.8831360946745561,2.9955621301775146,0.7115634861234331,0.485320339249941,676
imsmetn,immigration,BG,-0.01829229304408378,0.6367230069085267,-0.0106853246794309,0.7826499732664213,2.2600896860986546,2.901345291479821,1.0183528400875712,0.5492084522369309,669
imsmetn,immigration,CH,-0.07196928384032729,0.06282614365460124,-0.04856164318646297,0.2096821803778087,1.8460388639760836,2.9626307922272046,0.6579113237090359,0.4378529710530696,669
imsmetn,immigration,CY,-0.07381804705270766,0.05506854126961674,-0.0958718374906738,0.012638332042309401,2.3653846153846154,2.826923076923077,0.8698658900466593,0.6517781944916651,676
imsmetn,immigration,DE,-0.020362172100017346,0.6001687190556113,0.0024224479025465773,0.9502827822040332,1.7593984962406015,2.9654135338345866,0.6958393555503131,0.481908403907131,665
imsmetn,immigration,EE,-0.11203099920091841,0.0035386736601538504,-0.093355549126538,0.015179971619367424,2.0502958579881656,3.0133136094674557,0.7121068800641306,0.49122700118029144,676
imsmetn,immigration,ES,-0.10172110469570349,0.008367255406051329,-0.10581298844727577,0.006078070745209312,1.8926974664679583,2.865871833084948,0.8179645447062829,0.585812950863559,671
imsmetn,immigration,FI,-0.059732712697717204,0.12132007596922488,-0.04920789298779403,0.2019862998414635,1.9332344213649852,2.992581602373887,0.6764951510490699,0.527072302913996,674
imsmetn,immigration,FR,-0.06118555773094488,0.11716364021085834,-0.055095371772653834,0.1583662693425111,1.9497716894977168,2.975646879756469,0.6998937917613459,0.5625648337651245,657
imsmetn,immigration,GB,-0.028793555940747617,0.4622824994429332,-0.02221618789901753,0.5706278154648716,1.9755351681957187,2.9021406727828745,0.7939362099686824,0.5068247898667116,654
imsmetn,immigration,GR,0.06808987146298628,0.07622048914395045,0.06782303210080606,0.07738157896814558,2.0677466863033875,2.9528718703976438,0.9398453180567647,0.46482765520708474,679
imsmetn,immigration,HR,-0.013699643977614678,0.7219812954706438,-0.008451950695699761,0.8262522244115613,2.0,2.8729689807976366,0.9003615315938174,0.5996489756572589,677
imsmetn,immigration,HU,0.07645916878182933,0.04772837816816008,0.07874056899612597,0.04144670822591008,2.8733233979135617,2.87779433681073,0.882865491371537,0.5884195066858997,671
imsmetn,immigration,IE,-0.029765582052469458,0.44007281271045706,-0.03519496445663234,0.361253009327322,2.08,2.8814814814814813,0.8644649809356623,0.5535406918242057,675
imsmetn,immigration,IL,-0.12157923966881796,0.0016974235927983015,-0.14363131598161227,0.00020447917432715442,1.8042168674698795,2.966867469879518,1.1299756352710935,0.4205704026148057,664
imsmetn,immigration,IS,-0.009013780335312473,0.8157153078292991,-0.01572889739250056,0.6842271432492746,1.602086438152012,3.014903129657228,0.6286173871147425,0.5323153715432567,671
imsmetn,immigration,IT,-0.048205458452751176,0.20998475898287808,-0.062179957508851684,0.1057387635204462,2.1194690265486726,2.892330383480826,0.8343821149870585,0.5610974133152811,678
imsmetn,immigration,LT,-0.08955108112910123,0.020245117106794466,-0.0856740395127028,0.026359441881147447,1.9181547619047619,2.9449404761904763,0.7916276803894686,0.5892261686506496,672
imsmetn,immigration,LV,-0.0540951445482976,0.16704434013329794,-0.054583590557439964,0.1632395597388104,1.9051987767584098,2.8807339449541285,0.971352543832009,0.5943805862634084,654
imsmetn,immigration,ME,-0.08367587218337294,0.029968071226306466,-0.0715262768457747,0.06367074025070833,2.2199108469539377,2.925705794947994,0.8429091441983768,0.548652691973548,673
imsmetn,immigration,NL,-0.03348334498128483,0.38615322770306915,-0.004278442598104753,0.9118511274426907,2.0982142857142856,2.9776785714285716,0.6922154514393706,0.4839682875820888,672
imsmetn,immigration,NO,-0.0030910154158570796,0.9360166401807776,0.0027271748876098274,0.9435346658462727,1.672082717872969,2.983751846381093,0.6192216475293267,0.4692012448312255,677
imsmetn,immigration,PL,-0.09043194900331177,0.01904211377750084,-0.1014884020998926,0.00846884862914395,2.2723214285714284,2.962797619047619,0.7751401763248688,0.5568566512746689,672
imsmetn,immigration,PT,-0.04189737547677268,0.27811731023950026,-0.049556933102162276,0.199471306287093,2.3824404761904763,2.8139880952380953,0.7993223635448731,0.6316874851100445,672
imsmetn,immigration,RS,0.004381195727066868,0.9105521326989602,-0.015219416155186868,0.696332971083906,1.8833333333333333,2.875757575757576,0.9349207903175173,0.5309997459657225,660
imsmetn,immigration,SE,0.024672608631782486,0.5237736937537557,0.029947547951337798,0.4389904126107981,1.7164179104477613,3.047761194029851,0.6163194226778166,0.4988351780044343,670
imsmetn,immigration,SI,-0.0916944077548386,0.017177003763484692,-0.078118510016434,0.042466640942440965,1.8681481481481481,2.908148148148148,0.7441813708617433,0.5691176798423827,675
imsmetn,immigration,SK,-0.1024670485363049,0.007899899698906657,-0.08414200681078367,0.02930280525767424,2.684053651266766,2.8301043219076005,0.8919368276845236,0.6698539523350632,671
imsmetn,immigration,UA,-0.05122148161888282,0.1942246408321809,-0.03692131882815175,0.3495529645686254,1.6832298136645962,2.737577639751553,0.8883021374416928,0.667683981457461,644
impcntr,immigration,AT,-0.01354111686280568,0.7262436535067212,-0.031670343493256314,0.41275564357001504,2.761549925484352,2.743666169895678,0.882540420686507,0.7510297221914788,671
impcntr,immigration,BE,-0.04985436835815944,0.1957834629095672,-0.03953432036732219,0.30506647296863726,2.0903703703703704,2.862222222222222,0.8184513560781624,0.7125274388663834,675
impcntr,immigration,BG,0.07673548057388456,0.04742428497922083,0.07476186655884938,0.053438909162556586,2.803892215568862,2.715568862275449,0.9744178135284784,0.7366585320567984,668
impcntr,immigration,CH,-0.02906110696036259,0.45470189478021217,-0.020625286372199052,0.5957434748907833,2.180722891566265,2.8862951807228914,0.771194498663796,0.6632627498444256,664
impcntr,immigration,CY,-0.11392222491081216,0.003080942748746875,-0.10936701524679626,0.004504623152244285,3.026745913818722,2.6478454680534917,0.7495222422277682,0.7957657437597352,673
impcntr,immigration,DE,0.012832199687826607,0.7411713274746985,0.006399243340306425,0.8691704222497962,2.1518796992481204,2.7827067669172934,0.8044119216687436,0.7217064030880955,665
impcntr,immigration,EE,-0.08604838659510354,0.02592852635978937,-0.07614103818115842,0.04883352578136409,2.743283582089552,2.928358208955224,0.8609140830968232,0.6521909654012753,670
impcntr,immigration,ES,-0.09899151408379238,0.010701489856587617,-0.08931175656807595,0.021353906133102944,2.0150602409638556,2.7484939759036147,0.878646804766819,0.7540723966906857,664
impcntr,immigration,FI,-0.06323115997747213,0.10199068313673655,-0.06662205980308865,0.08485887412930689,2.4134328358208954,2.9,0.7984281123803074,0.71947082363968,670
impcntr,immigration,FR,-0.07229528001608193,0.062426738956965884,-0.037020750222627796,0.3404853077682684,2.22406015037594,2.7714285714285714,0.8210475214755,0.7850803263111089,665
impcntr,immigration,GB,-0.10297554705815601,0.008353676634155949,-0.09114594649521963,0.01964302002765368,2.1374045801526718,2.5931297709923666,0.877543126296993,0.7848129210545842,655
impcntr,immigration,GR,0.0382779969491549,0.31855476435144925,0.043550815837326076,0.2563955373277564,3.066079295154185,2.7540381791483113,0.7746217594243142,0.697739411797487,681
impcntr,immigration,HR,-0.09002494061168768,0.019318197768677277,-0.07765261631492659,0.043718382581231514,2.299259259259259,2.6725925925925926,0.9208672451173482,0.7671316985835973,675
impcntr,immigration,HU,-0.03420447984494669,0.3767143159953107,-0.034099143030498234,0.37818652815172427,3.273134328358209,2.598507462686567,0.781910979674284,0.8119055327528129,670
impcntr,immigration,IE,-0.06138001158162227,0.11352423548430214,-0.0758303257907659,0.05045427811142052,2.2522522522522523,2.7027027027027026,0.8991404597438064,0.7099032393402408,666
impcntr,immigration,IL,0.06970992676466109,0.0746114643551312,0.07473472322289457,0.05591416479404642,3.1587786259541986,2.7893129770992364,0.8963799288875683,0.6340554279300876,655
impcntr,immigration,IS,-0.018776416369299765,0.6301590955132289,-0.02120971982200186,0.5864993677456642,1.8954545454545455,2.860606060606061,0.7885623610874215,0.678272998399428,660
impcntr,immigration,IT,-0.01573870945088157,0.6833709636155074,-0.005173424514295349,0.893353939093168,2.2700296735905043,2.671364985163205,0.8831042433461301,0.7684891336959113,674
impcntr,immigration,LT,-0.01669078388257633,0.6658147200642495,-0.01696161890674737,0.6607279071837163,2.431547619047619,2.6860119047619047,0.9109788961028922,0.7785772800949962,672
impcntr,immigration,LV,-0.06382896802148456,0.10108756338076663,-0.0737644889091424,0.05802983658772687,2.789712556732224,2.7201210287443267,0.9814723366219807,0.7232317939319949,661
impcntr,immigration,ME,-0.01128372291189232,0.770808605650363,-0.012850840459705743,0.7400557329893391,2.3721973094170403,2.813153961136024,0.8426530582508891,0.7046087005361642,669
impcntr,immigration,NL,0.005763229564841727,0.881017961528321,-0.014431889144511807,0.7077852989072179,2.3220088626292466,2.8220088626292466,0.8138974717959836,0.7259986673611013,677
impcntr,immigration,NO,-0.017201701178517777,0.6536021743105059,-0.0042631320788263,0.9114496099506642,1.828696925329429,2.8060029282576866,0.7008138756923742,0.7538225052974201,683
impcntr,immigration,PL,-0.04737993304425277,0.2223886233908843,-0.04427140303915758,0.25425957611474065,2.5278195488721806,2.7278195488721804,0.7700486394685641,0.7621854855455477,665
impcntr,immigration,PT,-0.06517745039595778,0.09184994323899404,-0.06786815828638516,0.07917931215028538,2.470149253731343,2.6104477611940298,0.8118175966779573,0.799221281753206,670
impcntr,immigration,RS,-0.05520896650058074,0.15624535425501349,-0.06767920472537416,0.08208269969057075,2.552193645990923,2.7140695915279878,1.0656121581210132,0.7374805110920495,661
impcntr,immigration,SE,0.011846335648642133,0.7590260590145194,0.00247370314364166,0.9489270599824577,1.8291233283803863,2.9197622585438334,0.6828568127592801,0.6940083302399982,673
impcntr,immigration,SI,-0.013000635722451841,0.736000325146247,-0.008503252518458777,0.8254696978527967,2.202962962962963,2.72,0.8272026383285275,0.7781130641833609,675
impcntr,immigration,SK,-0.0439038697874206,0.25466513442514555,-0.04402010347469605,0.25340839095905016,2.977777777777778,2.6074074074074076,0.8356545318120886,0.8447454649410796,675
impcntr,immigration,UA,0.014288470463238225,0.7191081286015525,0.00897117413343996,0.8213539578727397,2.3867924528301887,2.356918238993711,1.0757521130933652,0.839928343164503,636
imdfetn,immigration,AT,-0.01811516959657126,0.6387389252305473,-0.0337200336686422,0.38209286886520777,2.5875370919881306,2.850148367952522,0.8648109255542219,0.5367130510825915,674
imdfetn,immigration,BE,-0.12175961630296434,0.0015278353979312845,-0.10094734157444447,0.008676738764727859,2.066666666666667,2.897777777777778,0.7875138357787923,0.5941688290614788,675
imdfetn,immigration,BG,0.1268417770051659,0.0009831247151557176,0.12423886695979533,0.0012502783119974904,2.7336309523809526,2.830357142857143,0.9852261426319697,0.6038385833175964,672
imdfetn,immigration,CH,-0.029922619111290696,0.44005793504034063,-0.04475254513875756,0.2480604713641703,2.1152694610778444,2.944610778443114,0.7140948197121578,0.47256136224098055,668
imdfetn,immigration,CY,-0.07292353355592888,0.0582755772188242,-0.08909570949925576,0.02060802183301739,2.8903703703703703,2.740740740740741,0.7527273924274933,0.7077670298833897,675
imdfetn,immigration,DE,-0.006396203419052527,0.8692320136807291,-0.018248968756149703,0.6385330925316318,2.081203007518797,2.905263157894737,0.752120533944728,0.5898636494315747,665
imdfetn,immigration,EE,-0.07822388844742113,0.04173129025872064,-0.10412758404449109,0.006653713383095077,2.4705014749262535,2.96165191740413,0.8143016595586721,0.48157016366211164,678
imdfetn,immigration,ES,-0.07992812670594973,0.039047887801980395,-0.07500556079399902,0.05284150128152349,2.0209895052473765,2.8590704647676164,0.8748282945439865,0.6233116820541863,667
imdfetn,immigration,FI,-0.041553022711928636,0.281014158168048,-0.014505050025312112,0.7067878597367251,2.311111111111111,2.9362962962962964,0.7956359704213284,0.5664464962787744,675
imdfetn,immigration,FR,-0.03143435469234486,0.418699048214699,-0.0383695286854505,0.3235376197857512,2.1716867469879517,2.8900602409638556,0.7944260104240488,0.6321864636895826,664
imdfetn,immigration,GB,-0.11598464590964462,0.002886381458046344,-0.110055960652455,0.004708564432948065,2.0410334346504557,2.7507598784194527,0.8107835784332234,0.6518030490143469,658
imdfetn,immigration,GR,-0.06829616642522823,0.07511721206838796,-0.04366148600378106,0.2555383692469911,2.8970588235294117,2.8573529411764707,0.7965260708304562,0.5681316241916597,680
imdfetn,immigration,HR,-0.10153592866241302,0.008102788866645392,-0.07354776312868316,0.05542316272154701,2.318114874815906,2.817378497790869,0.9370190503125431,0.6441876887654964,679
imdfetn,immigration,HU,-0.03735160853236852,0.33472987200243076,-0.0026838456458083072,0.9447603228551904,3.2630792227204783,2.724962630792227,0.7598633433720781,0.716980866531813,669
imdfetn,immigration,IE,-0.051074870744148536,0.1857032317168771,-0.0537315186846652,0.16382223529104364,2.2421991084695394,2.835066864784547,0.889356329338763,0.5934819846112953,673
imdfetn,immigration,IL,0.013509390411897833,0.7302175196340465,0.012081693175501998,0.7577852442524954,2.9281345565749235,2.929663608562691,0.9819366464181382,0.4264683238308122,654
imdfetn,immigration,IS,0.012421569637470604,0.7499044112846053,-0.0037843658926595388,0.922637499472085,1.8850226928895613,2.9326777609682297,0.7951193208146419,0.5957604770414668,661
imdfetn,immigration,IT,-0.0518926618442113,0.1777805369476221,-0.06831917601962632,0.07588375537043887,2.363905325443787,2.8025147928994083,0.8541656443925186,0.6323216772217679,676
imdfetn,immigration,LT,-0.04969644757478127,0.1985426897052692,-0.0375865413187312,0.3309722042292414,2.3472429210134127,2.865871833084948,0.9110371319692073,0.6180475576755597,671
imdfetn,immigration,LV,-0.07514401783855316,0.055326601914422284,-0.08293264878885126,0.03438048873466719,2.509984639016897,2.8218125960061444,1.0127533679919616,0.6437035403837973,651
imdfetn,immigration,ME,-0.05240958348302047,0.17477642811960367,-0.040698831281266175,0.29210885318337415,2.3511904761904763,2.861607142857143,0.8343581804014111,0.6250239509994574,672
imdfetn,immigration,NL,0.005603022431137819,0.8846430470999143,-0.013900270248818354,0.7188835951885262,2.1679049034175333,2.928707280832095,0.7237743600574117,0.5710002910180904,673
imdfetn,immigration,NO,-0.010750398424374922,0.7794507612114916,-0.0029346278993869304,0.939067887329562,1.7533039647577093,2.965491923641703,0.6736152092378931,0.5680708585223533,681
imdfetn,immigration,PL,-0.19329946303896675,4.3485110718554304e-07,-0.18011014884431886,2.5726905524427526e-06,2.649331352154532,2.851411589895988,0.8066337672002105,0.620988506082764,673
imdfetn,immigration,PT,-0.10878430963452483,0.004786902145211285,-0.11517971938136383,0.0028084259359822707,2.5007451564828616,2.7160953800298064,0.811990025875951,0.7030489780349144,671
imdfetn,immigration,RS,-0.04954826776626909,0.2029406670321678,-0.04956651226152197,0.20277419675546635,2.401812688821752,2.7900302114803623,1.054575668601822,0.6122973274808549,662
imdfetn,immigration,SE,-0.04725035573027949,0.22226464264188295,-0.04514334034506809,0.2435962536354392,1.7757847533632287,3.001494768310912,0.6638299699837521,0.5620195955622381,669
imdfetn,immigration,SI,0.025817823223579228,0.5046819878307284,0.03669973122185906,0.342877662946209,2.2,2.8492537313432837,0.8065501651533021,0.6604055315992767,670
imdfetn,immigration,SK,-0.019592079739043762,0.6108380796178164,-0.026474572473324753,0.4916446132561631,2.9955686853766617,2.742983751846381,0.8257923450386621,0.7105285690025018,677
imdfetn,immigration,UA,0.008657002326878275,0.8267082144748787,0.00962456213289588,0.8076995348659778,2.2118380062305296,2.5576323987538943,1.0232782283091104,0.7329631282280296,642
gincdif,values,AT,0.0416010710148034,0.2836997281449015,-0.0028718535481000434,0.9410304491661392,1.8138138138138138,3.388888888888889,0.8730836483475676,0.5060205615272838,666
gincdif,values,BE,0.0344806687778494,0.3679048315292198,0.03455010746358895,0.36694042445736164,2.232456140350877,3.482309941520468,1.0109499133041553,0.5675664708362943,684
gincdif,values,BG,0.019692613104475908,0.6076844508639281,0.025028703388729902,0.5140586496087431,1.595307917888563,3.4442815249266863,0.834555625190917,0.5916485566675335,682
gincdif,values,CH,0.03904597844627347,0.3118044443177996,0.04695818659572128,0.2237536497682918,2.2303120356612185,3.473997028231798,1.0259299167855094,0.5397791490536293,673
gincdif,values,CY,0.004218463656382555,0.9133409645974362,0.0033370797245267656,0.9313965787435791,1.8817365269461077,3.3869760479041915,0.9209026808351298,0.6063342451294842,668
gincdif,values,DE,0.0701072284887747,0.06871279663203285,0.05667135426576574,0.14134027938180638,2.3214814814814817,3.4414814814814814,1.012707478480877,0.5788283962816749,675
gincdif,values,EE,0.11435877689265109,0.002990196073614806,0.10216380093282622,0.008039753623308006,2.4613095238095237,3.4813244047619043,0.98800107370282,0.5545075032917036,672
gincdif,values,ES,0.09927706675206022,0.010188869784420084,0.09966007723961065,0.009899652624185677,2.218236173393124,3.4248131539611357,1.014961076127945,0.5761062018021139,669
gincdif,values,FI,0.14211748590554923,0.0002074236447198795,0.13864916944000458,0.00029646737098734416,2.295420974889217,3.528803545051699,1.0095079100467599,0.5283225812038504,677
gincdif,values,FR,0.09868173759678593,0.010083379533493086,0.08546525093625552,0.02594765336226947,2.09720176730486,3.4877761413843884,1.0777890918387267,0.5797575298960979,679
gincdif,values,GB,0.03862364587418021,0.32402647597238593,0.0404652540911504,0.3014734972974635,2.197247706422018,3.41131498470948,0.9973587215265853,0.5939411661959628,654
gincdif,values,GR,0.05626029862341064,0.14247617415059893,0.05069163134036974,0.18641235995665456,1.6784140969162995,3.4334801762114533,0.8049229842814244,0.5758327115914764,681
gincdif,values,HR,0.029028888152884444,0.4511416518703019,0.023836575245222355,0.5361193478767472,1.9082840236686391,3.4023668639053253,0.9143413816370821,0.5551859388465861,676
gincdif,values,HU,0.050392956120052006,0.18967712401276574,0.05890539302062662,0.12516786545319342,1.8350515463917525,3.3377025036818853,0.9293047589984477,0.5802232505768331,679
gincdif,values,IE,0.03434692486155477,0.3729462028268593,0.02295987954886105,0.5515172718724616,2.0933333333333333,3.417037037037037,0.9691992473216753,0.5672230158101823,675
gincdif,values,IL,0.0033262469878031957,0.9317726561020319,0.004936582590453664,0.8988898522485698,2.257142857142857,3.4842105263157896,1.031892467946382,0.5265313445719454,665
gincdif,values,IS,0.07572545334855342,0.04806521618601942,0.06943838226829385,0.06994699473903991,2.0762463343108504,3.4739736070381233,0.9800020907225712,0.5610334123362009,682
gincdif,values,IT,0.026660540217701575,0.48925121069840327,0.03262692881458962,0.3973705153097778,1.8148148148148149,3.400296296296296,0.8507736502351836,0.5257183029310538,675
gincdif,values,LT,0.04299903971079499,0.26282765567121463,0.046546788124717846,0.22542982244744744,2.1323529411764706,3.383455882352941,0.9904464378429628,0.5477311331498386,680
gincdif,values,LV,0.023362891953484812,0.5496827025835022,0.05219435173824964,0.1811476087376727,1.9407294832826747,3.351823708206687,0.9433645942897954,0.5332231786216812,658
gincdif,values,ME,0.011831225086521126,0.7605449515579641,0.01659938510386092,0.6689389583526107,2.3633633633633635,3.4485735735735736,1.1158907336395691,0.6202123634544839,666
gincdif,values,NL,-0.08136279836997806,0.03416123983105531,-0.0644071269471964,0.0937957426954475,2.327433628318584,3.496755162241888,1.0163433561533994,0.5560568355552326,678
gincdif,values,NO,0.10100417191160393,0.00815769593602838,0.11849469386061631,0.0018925862839965766,2.28029197080292,3.52992700729927,0.9644135429782612,0.5516277035458308,685
gincdif,values,PL,0.0824182478902762,0.034815065955646325,0.0781185906369277,0.04549449025262779,2.5945121951219514,3.4416158536585364,1.1066352577720366,0.5368182873005901,656
gincdif,values,PT,0.0008318237815864322,0.9828411271594671,0.023762273097062102,0.5389053590689128,1.7377049180327868,3.330849478390462,0.74896552097052,0.5498322889446794,671
gincdif,values,RS,0.026501478052109582,0.5000089036986929,0.014873529101868392,0.7050642951903126,1.98,3.3684615384615384,0.9982573413547066,0.5410761711789389,650
gincdif,values,SE,0.05061323862489199,0.1887280178034488,0.030083144103106158,0.4348666330447207,2.2618343195266273,3.553846153846154,0.8816275567412865,0.5235491416320952,676
gincdif,values,SI,0.07998336430714348,0.03804078432687141,0.0661738335254927,0.08627429591904358,2.0653789004457654,3.381054977711738,0.9505037263995256,0.5712363249454985,673
gincdif,values,SK,0.06620460271118453,0.08473529544376138,0.0467588199212745,0.22366333388758872,1.9896907216494846,3.374079528718704,0.8298699431205507,0.580361752338452,679
gincdif,values,UA,0.08903322105800462,0.02352579516006919,0.08151574752807475,0.03818236851913162,2.1313755795981453,3.2404173106646064,1.105735872630492,0.5112595799493345,647
freehms,values,AT,-0.03752061945796469,0.3314602332566956,-0.021584972925344243,0.5764553466351752,1.7857142857142858,3.7529761904761907,0.8676525511644976,0.8501722869307423,672
freehms,values,BE,-0.07550211746516486,0.04956724761900979,-0.03757846747179478,0.3289155498037176,1.4785819793205317,4.048005908419498,0.8434742875848598,0.8839377069610301,677
freehms,values,BG,-0.1396700231837728,0.00036240583364555395,-0.14947250219068373,0.000133951759852536,2.9691358024691357,3.6419753086419755,1.2940135113741393,0.8864759883412654,648
freehms,values,CH,0.011317383289924569,0.7689743129634266,0.023035483750858305,0.5499109995565502,1.6908284023668638,3.9393491124260356,0.8077248670686074,0.8628233702852063,676
freehms,values,CY,-0.045542700910827696,0.23909443997070237,-0.051911722025266414,0.17956436743416157,2.6313432835820896,3.6671641791044776,1.1739205142423432,0.9285197341854112,670
freehms,values,DE,-0.047912079081194554,0.2120998337132564,-0.07494758335000179,0.050754888791042944,1.5558823529411765,3.9225000000000003,0.7198801964107923,0.849937838842881,680
freehms,values,EE,0.014292823832204206,0.7123252870047329,-0.002395784745118974,0.9507182464595075,2.2604790419161676,3.9808383233532934,1.0495066640764648,0.8329736929950263,668
freehms,values,ES,-0.10529793542522659,0.005914570462466303,-0.13315862434106793,0.0004891771900843867,1.530791788856305,3.846041055718475,0.7851909168907397,0.9282911137411939,682
freehms,values,FI,-0.012680566261422669,0.7407928382242118,-0.01314407297794501,0.7316764470358897,1.6559297218155198,3.994143484626647,0.8460218141453248,0.8714909309482703,683
freehms,values,FR,-0.04566992634072503,0.23533833379985514,-0.04571928033537946,0.23483216617120783,1.382570162481536,3.9719350073855244,0.7594710942971448,0.8841694236594074,677
freehms,values,GB,-0.02810456664959381,0.4656894437584179,-0.01371782369046285,0.721825516078999,1.6035502958579881,3.8846153846153846,0.7540031233749444,0.8335555259338245,676
freehms,values,GR,-0.14358892330638373,0.00017392123523570752,-0.14318880865410646,0.00018140723129418784,2.182621502209131,3.8247422680412373,1.1682595112951846,0.8640171064972743,679
freehms,values,HR,-0.05979017354926477,0.1281072210139801,-0.07461416320620395,0.05745726736839327,2.5500770416024654,3.7087827426810476,1.1225951636555536,0.897493026183159,649
freehms,values,HU,-0.017743189221958097,0.647123267075886,-0.03343614814553645,0.388245636517296,2.75,3.684131736526946,1.2542282311334385,0.9263361405494953,668
freehms,values,IE,-0.06922277762525002,0.07103035495773834,-0.07427288641627496,0.05270388360759006,1.6211453744493391,3.9456681350954477,0.8209172654880434,0.8803322576285444,681
freehms,values,IL,-0.14389831997430133,0.00020114026049145384,-0.15771052050978163,4.527974276395116e-05,2.779788838612368,3.8883861236802413,1.4717116914584654,0.872317271226627,663
freehms,values,IS,0.009617643570669795,0.8023230064004625,0.003930003507251046,0.9185234741424743,1.3235294117647058,3.9841911764705884,0.6700224529811796,0.8520032317098185,680
freehms,values,IT,-0.14571400303500096,0.00015203372706817488,-0.16785542687254698,1.2367094634594549e-05,2.0640834575260807,3.645305514157973,1.0090962495151983,0.8703942427802881,671
freehms,values,LT,-0.10266630801637795,0.007687629404806182,-0.10693391196640828,0.005487757609269576,3.0074294205052006,3.7585438335809807,1.1514502067898895,0.9226106309944473,673
freehms,values,LV,-0.07161256575321803,0.07178382053434233,-0.08446175641746631,0.033618982002842794,2.4739336492890995,3.679304897314376,1.2677972931834471,0.8677583646147641,633
freehms,values,ME,0.03915098891365742,0.32044879440054513,0.0332097025832183,0.3994112830543752,3.3560371517027865,3.6315789473684212,1.172099061287195,0.9033235699638439,646
freehms,values,NL,-0.060592275787806994,0.11442853964760348,-0.09022842720256939,0.018605488896436203,1.4191176470588236,4.1742647058823525,0.6902982969094629,0.8508850389814746,680
freehms,values,NO,-0.01476908360716089,0.6998105581728264,-0.01739609907002392,0.6497070139432886,1.4239766081871346,4.057748538011696,0.6437522504197893,0.8850217199182152,684
freehms,values,PL,-0.035418902772250585,0.36655537067486194,-0.011955343916890045,0.7605974375236518,2.312883435582822,3.732361963190184,1.0848572142599953,0.8555835968556368,652
freehms,values,PT,-0.17126293917250607,8.283244600693937e-06,-0.18513576281288605,1.400436586594613e-06,1.8850746268656717,3.6313432835820896,0.9344356715782379,0.9469815086079585,670
freehms,values,RS,-0.1355798335288832,0.0005076761543587158,-0.11898629256490352,0.0023044663664764545,3.1559633027522938,3.536697247706422,1.343176130706598,0.88081410384715,654
freehms,values,SE,-0.10253745862060594,0.0073636746806136555,-0.07970546783118934,0.037432806930418144,1.3900293255131966,4.090909090909091,0.6437913118215642,0.8270958661199861,682
freehms,values,SI,-0.04060507958398813,0.29980480410482313,-0.037954985663762326,0.3324796731332515,2.359327217125382,3.808868501529052,1.0431414622297743,0.8707502905194527,654
freehms,values,SK,-0.04956863432124742,0.2041297119713733,-0.06675121490509713,0.0870954318202423,2.8009118541033433,3.6519756838905777,1.2017994200779734,0.9093648004797141,658
freehms,values,UA,-0.0628261010300786,0.11459869961217023,-0.06434592863858249,0.10607176627970534,3.0063291139240507,3.199367088607595,1.3859006371814477,0.7789624401079676,632
hmsfmlsh,values,AT,0.07777168542888035,0.04697017063476362,0.04253686495101018,0.2777489573872246,4.174578866768759,2.98468606431853,1.0391847391431608,0.31779257000581,653
hmsfmlsh,values,BE,0.04750646664404928,0.2156607112079843,0.044945544814988914,0.24146408823575177,4.486049926578561,2.9941262848751835,0.9882526724287137,0.31148719438200295,681
hmsfmlsh,values,BG,-0.019720680568347512,0.6196075969079032,-0.017603397227409386,0.6576920991530701,2.790880503144654,3.011006289308176,1.3228382198049595,0.3342000814610482,636
hmsfmlsh,values,CH,-0.020228615259361662,0.6044855251148882,-0.03766016531037982,0.3347724933702255,4.334346504559271,3.007598784194529,0.906969269437028,0.30461195236003064,658
hmsfmlsh,values,CY,-0.03471485915591438,0.374333684458302,-0.04554585327622305,0.24368974609784916,3.2146118721461185,2.990867579908676,1.1782710864188022,0.36195860639452565,657
hmsfmlsh,values,DE,-0.0072756535332889625,0.8503442764999567,-0.050939351176790756,0.18621860488795716,4.463703703703704,2.9792592592592593,0.8832942964580953,0.3481822863027346,675
hmsfmlsh,values,EE,-0.08676869437628137,0.02513928076826647,-0.12203871099550052,0.0016031380472705625,3.674174174174174,3.0015015015015014,1.2104158210479992,0.38191936813565847,666
hmsfmlsh,values,ES,0.00025461190184461165,0.9947278899273156,-0.007960669020579148,0.8363241209850176,4.550295857988166,2.9837278106508878,0.8954948483656872,0.3460272006374317,676
hmsfmlsh,values,FI,0.033955227439173216,0.3763065230692047,0.04541788774462933,0.2365486177280511,4.4566813509544785,2.9779735682819384,0.8427651440462809,0.40342213244614594,681
hmsfmlsh,values,FR,-0.04595216786948622,0.2314182241361048,-0.02012242059314483,0.60040640054528,4.6308823529411764,2.976470588235294,0.8549875078437283,0.37132793070729925,680
hmsfmlsh,values,GB,0.05922886974311972,0.12421768662450794,0.039967480392733366,0.29979395608033027,4.383703703703704,2.96,0.9046703259890504,0.42531189463161445,675
hmsfmlsh,values,GR,0.009725859215922355,0.8040856743598531,0.01813524136412885,0.6436685620967729,3.4073506891271057,3.022970903522205,1.329032073576625,0.34288436505971404,653
hmsfmlsh,values,HR,0.05165580887975795,0.1964467671856537,0.03642369052676393,0.3625429343611199,3.2998405103668262,2.9904306220095696,1.2107281256874847,0.40354377438728634,627
hmsfmlsh,values,HU,0.03095653745251721,0.4296838119735396,0.02431270681008317,0.535136021989025,3.223583460949464,2.977029096477795,1.305578412763201,0.3929115724349736,653
hmsfmlsh,values,IE,0.04271181132387126,0.27503876444998665,0.04223837105774335,0.2803995477594283,4.323664122137404,2.980152671755725,1.0400123544511943,0.3513668912291326,655
hmsfmlsh,values,IL,0.0051422281191182756,0.8948599885377077,0.007631152291236082,0.8445123428759688,3.0799396681749625,3.02262443438914,1.4793458164651498,0.3576117354049496,663
hmsfmlsh,values,IS,-0.04703507665635756,0.21991547773878398,-0.06094188334747761,0.11182040953319754,4.755131964809384,3.002932551319648,0.6251073777048536,0.3251434448995946,682
hmsfmlsh,values,IT,-0.028160340336809846,0.4704945148611124,-0.038153747156015175,0.32810335088864734,3.8846737481031868,3.0045523520485586,1.0498481615904733,0.3420533893871949,659
hmsfmlsh,values,LT,-0.02051897168709316,0.5990287182812998,-0.033577157122688474,0.38947750147092747,3.080424886191199,2.9939301972685888,1.1634880224857849,0.3614722529448826,659
hmsfmlsh,values,LV,0.011580942858181327,0.7735068147067576,0.0308606041561731,0.4430488901048989,3.05,3.0129032258064514,1.3978115829126319,0.35926863015909805,620
hmsfmlsh,values,ME,0.05148574567974867,0.1990066778639247,0.0658096164743522,0.10050541478824772,3.0560897435897436,3.0048076923076925,1.1851386187721802,0.337552271495983,624
hmsfmlsh,values,NL,0.035517231397075806,0.3547338954179005,0.011208118008766761,0.7703182527287277,4.559471365638767,2.9662261380323054,0.8692808130284804,0.47001752341354097,681
hmsfmlsh,values,NO,0.011938522665254494,0.7554629884519368,0.041789315753093165,0.27544488492966474,4.575402635431918,2.9809663250366034,0.7628342393010004,0.3993259757825871,683
hmsfmlsh,values,PL,0.01993520069906172,0.6122038453876071,0.010386848553469899,0.7916975017378499,3.8043143297380584,2.9661016949152543,1.1980874160927895,0.43257454450737715,649
hmsfmlsh,values,PT,0.011629240957075113,0.7669363517938861,-0.0023649877843594834,0.9519386099462522,3.9539877300613497,2.9800613496932513,1.15378202110718,0.3894554817527928,652
hmsfmlsh,values,RS,-0.04903620990527097,0.21830362803846082,-0.04420767820066402,0.2671256304549779,2.7199367088607596,2.9952531645569622,1.4116499643956977,0.3626495199451333,632
hmsfmlsh,values,SE,-0.0881864347562923,0.0214554603251261,-0.10033822191553562,0.008836978662549363,4.591176470588235,3.0058823529411764,0.777393267798325,0.33007445625036913,680
hmsfmlsh,values,SI,-0.04863142112739443,0.2131743625698871,-0.059691368144448045,0.1263985217439862,3.7336377473363775,2.980213089802131,1.1345372201646011,0.39958585680995046,657
hmsfmlsh,values,SK,-0.022330250323403324,0.5804589139911498,0.007557483447746727,0.8516285847212922,3.0276422764227644,3.0146341463414634,1.2363456721366788,0.309639626308815,615
hmsfmlsh,values,UA,0.03545659642787176,0.3804511663682656,0.03589397632591616,0.3745991669471257,2.511400651465798,2.998371335504886,1.3645596935730617,0.3544137252402484,614
hmsacld,values,AT,-0.012175620693166498,0.7561430748402836,-0.002103552502390621,0.9572132494517012,2.3797856049004595,3.1852986217457886,1.219607933824002,0.6149702805537477,653
hmsacld,values,BE,-0.07437592121403118,0.053251862894834176,-0.07161706748829919,0.06274589644246249,1.8668639053254439,3.2884615384615383,1.1572750570832744,0.6719237170107046,676
hmsacld,values,BG,-0.10344831797329769,0.008506698129005896,-0.12223729537688716,0.0018550362329068355,3.7554179566563466,3.1609907120743035,1.2284458178393465,0.7144759731388247,646
hmsacld,values,CH,-0.0063698192815691765,0.8695719396098381,0.005753402028190721,0.8820966588559606,2.530734632683658,3.2218890554722637,1.2828973987738685,0.6520473874502052,667
hmsacld,values,CY,-0.04445804259150784,0.2519031966004556,-0.06192907535096203,0.11032528396164554,3.7837837837837838,3.0870870870870872,1.27489634835343,0.7285261142686319,666
hmsacld,values,DE,-0.003093946190915177,0.9360983821906033,-0.03033440045854486,0.431723389039084,1.9821958456973294,3.2091988130563798,1.083296349529511,0.660387305152749,674
hmsacld,values,EE,-0.05740376236438779,0.140409283331095,-0.0515705285253632,0.18542138294055135,3.096822995461422,3.329803328290469,1.3617075556472362,0.738654463065842,661
hmsacld,values,ES,0.014684350231595837,0.7033338201467374,0.03443194702966128,0.37176343386623295,1.751111111111111,3.1866666666666665,1.0493651229321987,0.7086577775607414,675
hmsacld,values,FI,0.10327201748489523,0.007246563281977213,0.11416580494996421,0.0029747603741021103,2.1837037037037037,3.328888888888889,1.1954542614867107,0.723684385633607,675
hmsacld,values,FR,0.042341289394913786,0.2723373838241855,0.0204570634449283,0.5959968939161734,2.1379821958456975,3.2833827893175074,1.3376298347150037,0.6990482675021131,674
hmsacld,values,GB,0.03497770739278584,0.3703600181002261,0.033595904122411174,0.3895740865908614,1.993920972644377,3.1565349544072947,1.0726825815150587,0.6744713242751543,658
hmsacld,values,GR,-0.07699453751790615,0.04618676198834779,-0.08978411477591151,0.020013163361178858,3.855439642324888,3.1639344262295084,1.2560169485651287,0.6034319918830879,671
hmsacld,values,HR,0.042521085964323566,0.27608825050993974,0.022638751779642523,0.5621248183075942,3.5440729483282674,3.1200607902735564,1.254047865699297,0.6284904937331359,658
hmsacld,values,HU,-0.00010593550757348832,0.9978211434981243,-0.003907456848743443,0.9197676371462065,3.36431784107946,3.131934032983508,1.2450929295959665,0.682679103535901,667
hmsacld,values,IE,0.024273944207786242,0.5357873217842579,0.022954829791085696,0.5581860808405177,2.0673813169984685,3.2052067381316998,1.1531732839340514,0.6559102431515248,653
hmsacld,values,IL,0.032259328051204045,0.4083662630948362,0.0172748897049043,0.6580154832883431,3.0197268588770867,3.2716236722306524,1.477667363493776,0.7482292801879428,659
hmsacld,values,IS,-0.006113975226471562,0.873650247803161,0.0031321327427913173,0.9350715432819695,1.5994108983799706,3.3269513991163477,1.0226345209124694,0.7240259343985325,679
hmsacld,values,IT,-0.03684523228905378,0.3475610664715041,-0.019014160751507986,0.6279421756804991,3.1319018404907975,3.142638036809816,1.2764296173008816,0.5966298883060612,652
hmsacld,values,LT,-0.0353289108274305,0.36014273385221934,-0.02310481664320389,0.5496021351411428,3.9078751857355125,3.1545319465081723,1.0324268260099034,0.6290685167409727,673
hmsacld,values,LV,-0.11504801566762868,0.0037226406654392993,-0.09492377142144504,0.0168115541300335,3.7539432176656153,3.186119873817035,1.2999059037253524,0.6651299685197238,634
hmsacld,values,ME,-0.025512086904848606,0.5164771514080372,-0.025907529846017248,0.509995320104746,3.6656394453004624,3.058551617873652,1.130691201001367,0.7112142270298251,649
hmsacld,values,NL,0.041061850084502784,0.2874623823372237,0.03433284027708308,0.37385402698524306,1.8083209509658247,3.3714710252600297,1.045307970877505,0.6559392616755223,673
hmsacld,values,NO,-0.01171824268023309,0.7598351721376388,0.0037599878582052094,0.9218648871930372,1.910688140556369,3.322108345534407,1.0773269683508253,0.737690940521777,683
hmsacld,values,PL,0.08646705408178043,0.027618031547016995,0.08207871640352817,0.03657363354571598,3.6640986132511557,3.180277349768875,1.3116133087697386,0.6572336690994336,649
hmsacld,values,PT,-0.08321160521164886,0.032171673157147404,-0.10111984320937173,0.009174529811831906,2.570135746606335,3.0708898944193064,1.2668732400356546,0.6705593270705344,663
hmsacld,values,RS,0.059512497988309085,0.1304868608275481,0.015715831498607207,0.6898912974137451,4.060278207109738,3.034003091190108,1.1515564577658222,0.5799166321981353,647
hmsacld,values,SE,0.021434608589887945,0.5768566965566675,-0.019739598193492608,0.6073577158833963,1.8191176470588235,3.3720588235294118,0.981981608840254,0.6831326930823659,680
hmsacld,values,SI,0.02401768294784147,0.5391702488054423,0.02366139941021054,0.5452079495769567,3.158536585365854,3.1478658536585367,1.3003300785428615,0.7147913934678836,656
hmsacld,values,SK,-0.0933166449171873,0.01749889455435653,-0.08921921943735263,0.02312902804081585,3.935185185185185,3.074074074074074,1.1591166610694303,0.6700070871438178,648
hmsacld,values,UA,0.03511499810033992,0.38351042234233484,0.019450009190752654,0.6293895020705593,3.627831715210356,2.9174757281553396,1.3072552155331822,0.6009059369942579,618
euftf,values,AT,-0.03449818270652915,0.3813636302950519,0.0011672339414053835,0.9763784167912176,4.6006191950464395,6.483746130030959,3.0149394821653304,1.2997193104042555,646
euftf,values,BE,0.028072751253888743,0.4698585612420507,0.046956440375017665,0.22655428130421026,5.91578947368421,6.646616541353383,2.369257232790478,1.1482404606391743,665
euftf,values,BG,0.01806933908154238,0.6547090640571677,0.05121746587948872,0.20465499949700966,5.624390243902439,6.536585365853658,2.5942287947758342,1.4575574305334964,615
euftf,values,CH,-0.07138033212702259,0.068322427937485,-0.06379170681041288,0.10338490224508239,5.0673813169984685,6.617151607963247,2.411957438291343,1.2619295175832406,653
euftf,values,CY,-0.008568463143919005,0.828584999931862,0.002859047837887372,0.9424075916053198,5.897035881435257,6.27613104524181,2.97521122363993,1.671743478468007,641
euftf,values,DE,-0.12546444822284863,0.0011561155655801232,-0.10621121828714078,0.006000804120365875,6.173652694610778,6.56437125748503,2.653349637531441,1.2811234972416294,668
euftf,values,EE,0.10486797023230822,0.007051824457987328,0.11015920145245292,0.004638119771812055,5.757207890743551,6.886191198786039,2.9123866226334854,1.0339703774784692,659
euftf,values,ES,-0.014312057867590593,0.7180271106645634,-0.021385718448216233,0.5894721908319432,6.245696400625978,6.523474178403756,2.3636569301046078,1.42175654488437,639
euftf,values,FI,-0.03502050374418486,0.3650703377159943,-0.02851154746494745,0.46092380605813493,5.57973174366617,6.690014903129657,2.087448042686622,1.274329264516997,671
euftf,values,FR,-0.04058972206571849,0.31061010798627586,-0.025800122949583306,0.5193575961986862,5.257188498402556,6.73961661341853,2.707498521294426,1.3041825074657123,626
euftf,values,GB,-0.05710898497680981,0.17794666363967065,-0.05974092414751132,0.15874769042978973,5.247311827956989,6.534050179211469,2.559830197936104,1.248951478801449,558
euftf,values,GR,0.0783836734014205,0.04887674583783274,0.06049965325758018,0.12868229475801293,5.1424050632911396,6.6479430379746836,2.325761311991123,1.179538526130695,632
euftf,values,HR,0.01968963930433339,0.621265327393801,0.02726337410901127,0.49387354369489184,5.367088607594937,6.449367088607595,2.786324835763588,1.4514759671103612,632
euftf,values,HU,0.030137988957165286,0.4451628604719113,0.017105618360023736,0.6648111421970717,4.4937888198757765,6.39751552795031,2.7921727842945843,1.6280186819214983,644
euftf,values,IE,-0.05147461355757082,0.2027569805069175,-0.06406737068282431,0.11275712071840002,5.250814332247557,6.493485342019544,2.5587308847061077,1.3561977492317758,614
euftf,values,IL,-0.04046079607185644,0.373443144051224,-0.04011651901291431,0.377526512643134,4.872427983539095,6.670781893004115,2.4604460809949376,1.3651215744965708,486
euftf,values,IS,-0.1032168562421816,0.009414240949084563,-0.10911348184919285,0.006035572086081698,5.80379746835443,6.5530063291139244,2.3758127764563635,1.4471537658959683,632
euftf,values,IT,-0.017571873374534717,0.6542550088976445,-0.04642929565947735,0.23645156300813322,4.75920245398773,6.521472392638037,2.705514305612549,1.4904712120509018,652
euftf,values,LT,-0.00614151441417714,0.8760038090897856,-0.004560298228824246,0.9077613477198446,6.08179012345679,6.469135802469136,2.778996383910553,1.4819275617843712,648
euftf,values,LV,0.031805325752752474,0.4402557582037581,0.014765709635929877,0.7201777654362032,4.7732656514382406,6.461590524534687,2.662233545923144,1.4683197504878749,591
euftf,values,ME,-0.05017274858209217,0.19695960877587546,-0.012030449707654938,0.7571723361903789,6.069381598793363,6.39291101055807,2.51905380933867,1.470966080880912,663
euftf,values,NL,0.10327310018493763,0.007925965162391965,0.07998320067123539,0.03995609956464122,5.615151515151515,6.657424242424242,2.307291498478391,1.218168991675373,660
euftf,values,NO,-0.014166351203035936,0.7250182848431969,-0.0251620566896574,0.5320640876123263,5.197092084006462,6.6777059773828755,2.0986799541043037,1.1799651292691127,619
euftf,values,PL,-0.03479199877951098,0.376209442946495,-0.07614341509867047,0.05251766582436477,5.685670261941448,6.451463790446842,2.7295470426009683,1.4365280446781126,649
euftf,values,PT,0.05252416591906371,0.20037977092398324,0.037481250257691064,0.36101435852025426,6.258389261744966,6.347315436241611,2.2537393963606402,1.5619454066240366,596
euftf,values,RS,0.008538668617431954,0.8343932079867818,-0.00406649635979835,0.9206878333208244,4.767441860465116,6.548172757475083,3.54937642116799,1.4133914971379071,602
euftf,values,SE,-0.05465732689977675,0.1659336975918117,-0.06023097856183041,0.1267839135439506,5.1770186335403725,6.703416149068323,2.079979317016588,1.2064191223253897,644
euftf,values,SI,0.04904103616006009,0.21899105876274777,0.05842212097628973,0.14299659248030844,5.6571428571428575,6.465079365079365,2.5242678603412436,1.4635104616211791,630
euftf,values,SK,0.07386483290563724,0.06223526900110923,0.0834543379062043,0.035075247006942964,4.206896551724138,6.119905956112853,3.032707536224135,1.6866253797674262,638
euftf,values,UA,0.06176544204666469,0.13333610293086529,0.03527769152738701,0.391557722107595,6.405405405405405,5.767398648648649,3.3226655106922305,1.9830759379902057,592
atchctr,attachment,AT,0.055894143030361554,0.14480052155717424,0.03178833188363009,0.40719322353679727,8.360703812316716,7.123900293255132,1.8502160298402877,1.051032933798665,682
atchctr,attachment,BE,-0.054967644417480206,0.15098900220434497,-0.0640777087792963,0.0940312929820701,6.358187134502924,7.312134502923977,2.4179793095689104,0.9470685940591596,684
atchctr,attachment,BG,-0.0016031964416308008,0.9666163900380603,-0.006196926253007482,0.8714824312562093,7.997076023391813,7.22733918128655,2.35066239443299,0.9888831250492826,684
atchctr,attachment,CH,0.04833905566573577,0.2073801503747465,0.06982007821486004,0.06841859846612637,7.803519061583578,7.262023460410557,1.8352365855368886,1.0165057822376202,682
atchctr,attachment,CY,0.029165809093619006,0.4459941913670836,0.0060397357975266255,0.874624050331792,8.246715328467154,7.328467153284672,2.1176317421023496,1.0886139119472125,685
atchctr,attachment,DE,0.014815596181864383,0.6989112058295104,0.018818576665479314,0.6232051137430746,7.14766081871345,7.233918128654971,2.257275939408476,0.9357649679692461,684
atchctr,attachment,EE,0.04704040475979766,0.21952412860190007,0.08279664716525088,0.030496427554485887,7.856515373352855,7.430161054172768,2.1721843630367514,0.9565016615610112,683
atchctr,attachment,ES,0.019394628057590308,0.6128681711998901,0.042587934920268085,0.2663660338227839,7.720351390922401,7.277452415812592,2.3265606232852343,0.9259003442663167,683
atchctr,attachment,FI,-0.015213340015789747,0.6910231063491162,-0.009201564550473135,0.8100254154496701,8.645255474452554,7.3843795620437955,1.5535269626944588,0.9523615318254814,685
atchctr,attachment,FR,-0.026826818876349925,0.4839641130133005,-0.025820606916390813,0.5005154400434124,8.1303074670571,7.326500732064422,1.72501121396836,1.0157775410144563,683
atchctr,attachment,GB,0.013459804582100091,0.7278221590498333,0.03189704627466658,0.40941708885744404,6.612518628912071,7.166169895678093,2.6875208693440706,1.0811975509714704,671
atchctr,attachment,GR,0.10011061798198877,0.008891942445767053,0.06304025870205478,0.09998611943675184,8.771260997067449,7.370967741935484,1.6041048278986314,0.9178001225959737,682
atchctr,attachment,HR,0.012334170769481258,0.7479882491484501,0.05932247442086483,0.1219606467147404,7.790014684287812,7.315712187958884,2.3031219540176706,0.9394318367321502,681
atchctr,attachment,HU,0.014801199294699734,0.7002414038751951,0.047825879712941013,0.2132622314193226,8.185567010309278,7.085419734904271,1.9350129605189088,1.3254072983251666,679
atchctr,attachment,IE,0.049338072449911514,0.19780271049326148,0.05492698413370878,0.15159229361896404,8.054172767203514,7.235871156661787,1.9408389241867856,1.1127962432432212,683
atchctr,attachment,IL,0.21627594302407852,1.9009494254512348e-08,0.16362576856793878,2.3309492589021378e-05,7.5362537764350455,7.474773413897282,2.9882852234939747,0.9301381121821989,662
atchctr,attachment,IS,0.1059296021993096,0.005621392129901299,0.07299802035800829,0.05672830704133616,8.127565982404692,7.421554252199414,1.7693348757074512,1.0445671998893524,682
atchctr,attachment,IT,0.13455966789595827,0.00043408439242719957,0.07882903529877032,0.03987644107835457,7.841176470588235,7.288235294117647,2.147316391695339,1.0047793611458173,680
atchctr,attachment,LT,-0.005000968968924257,0.8961282096023965,-0.06908035034306927,0.07099046510457901,7.771929824561403,7.219298245614035,2.325119387237383,1.0437748695332942,684
atchctr,attachment,LV,0.04843426460791611,0.2071547552804918,0.05956931972612952,0.12068657317966046,8.185294117647059,7.146323529411765,2.262797980337191,1.1430721135969328,680
atchctr,attachment,ME,-0.03506306422968715,0.3602176623113177,-0.020850085806406696,0.5864670862242368,7.448023426061494,7.31918008784773,2.5077313974813484,1.0700664194374185,683
atchctr,attachment,NL,0.04152092780165019,0.2785427292223251,0.07613446834612088,0.04670544706725391,7.013177159590044,7.468521229868228,1.9535971054407921,0.9360593184030379,683
atchctr,attachment,NO,0.003629121966259026,0.9246313997213543,0.028187709050723878,0.4623873832877428,8.419354838709678,7.4582111436950145,1.6982605405607227,0.8223734655739088,682
atchctr,attachment,PL,0.0678810231715969,0.07647533844023052,0.12155568053375018,0.001470617519441789,8.31524926686217,7.3321114369501466,2.0511883334979677,0.9449042244784843,682
atchctr,attachment,PT,0.019659738294654314,0.6077568320697734,-0.017245595594010878,0.6525378384022091,8.383040935672515,7.043128654970761,1.9411711287717186,1.2545540495989398,684
atchctr,attachment,RS,0.001977527812445462,0.9588580737570674,0.002553808314628749,0.946884406623117,8.026354319180088,7.205710102489019,2.7188722493510857,1.0355468971740311,683
atchctr,attachment,SE,-0.01908679625801285,0.6180031877309727,-0.012173788819756266,0.7504482078334653,7.835036496350365,7.393576642335767,2.1529115075154355,0.986437071160677,685
atchctr,attachment,SI,0.04217304480014255,0.2714090049099361,-0.01707953645623747,0.6561401187676643,7.818181818181818,7.19941348973607,2.246699176264226,1.158116201284133,682
atchctr,attachment,SK,0.09101129694066785,0.017520568041757004,0.034622252525568276,0.36699729437987194,7.5506607929515415,7.085168869309839,2.394387494637251,1.1813876471809786,681
atchctr,attachment,UA,-0.13367520050423992,0.0005021697702606493,-0.09979498915675272,0.009528287333866478,8.393175074183976,6.912166172106825,2.2266815791420225,1.502716825102734,674
atcherp,attachment,AT,0.058474013638987035,0.1268398829248275,0.0801857661125164,0.03615922508825708,6.4699853587115665,6.495607613469986,2.4567026932358895,1.51482741138265,683
atcherp,attachment,BE,0.038473921319678896,0.3153700365088799,0.021697995517172393,0.5713331426896122,5.7862371888726205,6.673499267935578,2.4437335713423978,1.3073726965437535,683
atcherp,attachment,BG,0.10160657421418597,0.00834378728934268,0.10204554590273185,0.008066153348643947,4.569093610698365,6.549777117384844,2.75622594663474,1.5804716306373285,673
atcherp,attachment,CH,0.04064037315117434,0.29029373889407983,0.030892132200652282,0.4215792931810112,6.101620029455081,6.763917525773196,2.2849992473574665,1.2974594982234136,679
atcherp,attachment,CY,0.09436694911369452,0.014180572709750353,0.09139314177504293,0.01754729507606587,5.214814814814815,6.435555555555555,2.6378470707983928,1.8199547825384752,675
atcherp,attachment,DE,0.02484355899517783,0.5168691676137208,0.029918031323690645,0.4350210622993667,6.550512445095168,6.719619326500732,2.3983765650064557,1.240835673511282,683
atcherp,attachment,EE,0.06990723822383459,0.07013388214296455,0.06543303079867564,0.09009879554925394,5.761904761904762,7.171875,2.6290548873034565,1.017652274240453,672
atcherp,attachment,ES,-0.01577843824063581,0.6815003071730387,-0.005697829131056509,0.8821852811586941,6.673048600883653,6.473490427098675,2.2809383223528497,1.5321157925885938,679
atcherp,attachment,FI,0.09086542241390275,0.017371224592392712,0.04323813521444819,0.258429011524011,6.905109489051095,6.781751824817518,1.9197466164387307,1.339416985966522,685
atcherp,attachment,FR,0.07352920134575489,0.05602922232775734,0.07090136950386257,0.06542498773986803,6.15680473372781,6.558431952662722,2.4703811966231872,1.4991068639149026,676
atcherp,attachment,GB,0.06694727541050226,0.0849806033362151,0.041927122387057786,0.2810295552427608,4.6968325791855206,6.010558069381599,2.7526596170605995,1.7018854363738123,663
atcherp,attachment,GR,0.14229585450675597,0.00020583226193687204,0.10538678959736468,0.006094997564126665,5.208579881656805,6.910502958579881,2.4213832094368706,1.191535224448839,676
atcherp,attachment,HR,0.026663180918521767,0.4888853490446671,-0.0029106662426051527,0.9397871199636884,6.022189349112426,6.539940828402367,2.6955840869874055,1.646959756927284,676
atcherp,attachment,HU,0.0330013678195857,0.39056851469880904,0.034669591386309824,0.3670494423192858,7.248895434462445,6.512518409425626,2.34455896550657,1.6276299768297315,679
atcherp,attachment,IE,0.03318532258937619,0.387230569696486,0.03175333050124053,0.4080554119455737,5.939794419970632,6.341409691629956,2.396238342270822,1.5533986679573974,681
atcherp,attachment,IL,0.1471894154689656,0.0001477122445725447,0.13539072600118326,0.00048714191542956805,2.456060606060606,6.095757575757576,2.3687795329738366,1.702933344122788,660
atcherp,attachment,IS,0.02289053693495823,0.5512473382300418,-0.006501192033557578,0.8656234143448278,6.298529411764706,6.709558823529412,2.1852358147678212,1.3384469203287972,680
atcherp,attachment,IT,0.10718069967480129,0.005414431521378973,0.07770864676753549,0.04403748371249717,5.7663690476190474,6.413690476190476,2.281370133876559,1.6209296368623745,672
atcherp,attachment,LT,0.16470001198889078,2.0264056558326234e-05,0.13928633183133848,0.00032161724563238304,5.880844645550528,6.813725490196078,2.7243965287044865,1.424984813635735,663
atcherp,attachment,LV,0.1772398089803728,3.916510861629449e-06,0.15742724502922617,4.261185100521047e-05,5.2432835820895525,6.658955223880597,2.822434355174035,1.5286605549180976,670
atcherp,attachment,ME,0.026357301426889017,0.4942073515274264,0.014524486190307722,0.7064131486638318,4.866666666666666,6.835259259259259,2.414102975242395,1.321484659646847,675
atcherp,attachment,NL,0.04563996131947655,0.23391772459022425,0.013509924350835529,0.7247015492001787,5.813782991202346,6.8695014662756595,2.1518528163297788,1.1801003158649077,682
atcherp,attachment,NO,0.022425833999594948,0.558781215159689,0.030313937299768,0.4293047974830505,6.67741935483871,6.819354838709677,2.1346151589330384,1.2042414738562226,682
atcherp,attachment,PL,0.08871551512158152,0.021740856258858073,0.08537679047496212,0.02723193404265697,6.8624813153961135,6.795665171898356,2.3545561264110533,1.3559347423260693,669
atcherp,attachment,PT,0.10998294900213379,0.00422536378419444,0.10923708618749527,0.004492868686456956,6.751111111111111,6.131111111111111,2.197984869746833,1.8475449532027215,675
atcherp,attachment,RS,0.10706543388815118,0.005678361752081593,0.08808585034439016,0.023003315713287113,3.545045045045045,6.581831831831832,3.057629099850668,1.4942446806537084,666
atcherp,attachment,SE,0.013084847431522512,0.7326505267106806,0.019064810859152227,0.6186653558202236,6.612573099415204,6.760964912280702,2.2279772622998375,1.263386744475727,684
atcherp,attachment,SI,-0.01401328791806337,0.7156872730821188,-0.013544075976087729,0.7248143276620963,6.002949852507375,6.6674041297935105,2.663832408834302,1.4575477834420705,678
atcherp,attachment,SK,0.13772183015696093,0.00032572452043756745,0.13433948681070332,0.00045686648569426974,5.977843426883308,6.231166912850813,2.8086583299685723,1.8183289267908085,677
atcherp,attachment,UA,0.034286840020331166,0.3839199936222515,0.0369937266980952,0.3474835103511471,5.622874806800618,5.947449768160742,3.1475533406584257,1.9820062435340209,647
health,health,AT,-0.10598557658508384,0.005491957344919216,-0.09876747940244225,0.009692857466149818,2.102189781021898,3.285036496350365,0.9309860170434934,0.5289970706089522,685
health,health,BE,-0.10114023328376598,0.008071734230800076,-0.07298878844648736,0.056215955720590946,2.0934306569343066,3.429202093772605,0.8446775553136187,0.6121177740777757,685
health,health,BG,-0.15741052375212744,3.5015098479181606e-05,-0.17480852140301745,4.178443129289602e-06,2.051094890510949,3.30978102189781,0.8812634461104484,0.5669239188429644,685
health,health,CH,-0.05312353954373733,0.16488823806125316,-0.04420640372061497,0.2479086043517471,1.8773722627737226,3.4015328467153285,0.7411261287413943,0.5447931236080601,685
health,health,CY,-0.15800796914854343,3.266646106513258e-05,-0.19519768124967243,2.617503143595902e-07,2.0423357664233577,3.2778102189781024,0.9806402780491646,0.5704244794339782,685
health,health,DE,-0.010328542847323145,0.787437553788012,0.006036844233286621,0.8747746622647017,2.31140350877193,3.410599415204679,0.8831189343283397,0.6593517538793142,684
health,health,EE,-0.08256526717624134,0.03071980717830682,-0.10059731151144012,0.008419643095144248,2.370802919708029,3.37963503649635,0.79270804858022,0.6104216843205834,685
health,health,ES,-0.08126277802214069,0.03346298778325539,-0.0890169018694246,0.01979729472884064,2.2846715328467155,3.267445255474452,0.9578004247480268,0.5137638164176793,685
health,health,FI,-0.01028764527322154,0.7881076004789705,-0.007795069772982732,0.8386293713330586,2.2554744525547443,3.3450364963503647,0.8274281746561418,0.6065169037331295,685
health,health,FR,-0.07246809067915512,0.05855369738670128,-0.07598355560662944,0.04730618614611063,2.196480938416422,3.3799853372434012,0.8984172362956573,0.6071155411077739,682
health,health,GB,-0.14912466510972494,9.04442220297744e-05,-0.16644227207681744,1.210848718517211e-05,2.236842105263158,3.312426900584795,0.9677308736662305,0.585531220489922,684
health,health,GR,-0.13761887964396965,0.00030642528931879113,-0.15871717694889378,3.047864656137212e-05,1.6666666666666667,3.3049707602339184,0.8026311052213302,0.5377180505856477,684
health,health,HR,-0.11199312109833913,0.0033583979527290007,-0.13483334379619788,0.00040614368356881486,2.1271929824561404,3.312426900584795,1.0699777713693281,0.5825857081894241,684
health,health,HU,-0.060613565329919364,0.11350239700622976,-0.06734537374125556,0.07861227465500613,2.206442166910688,3.210688140556369,0.9564502848084963,0.4908427975105116,683
health,health,IE,-0.06450776831569702,0.09160263204788709,-0.0734414248460352,0.054702650693658594,1.9372262773722628,3.3302189781021894,0.8379701961292465,0.565277537735708,685
health,health,IL,-0.02599877850872891,0.4981955756932462,-0.043512615314017795,0.25681330719297046,1.7342143906020557,3.323348017621145,0.9843576620874414,0.5616398868751691,681
health,health,IS,-0.1044100013693764,0.0062350059344789014,-0.1086866331205664,0.004401613397751183,2.0189781021897812,3.385985401459854,0.9054362173404771,0.6018556342387548,685
health,health,IT,-0.1104742746984919,0.0037919056471872087,-0.11856044325480684,0.001881503305853032,2.1708029197080294,3.2193430656934305,0.8592598970926647,0.4945850117909444,685
health,health,LT,-0.11998519981802057,0.001655484111407317,-0.15247209791622182,6.156304759058138e-05,2.394160583941606,3.321167883211679,0.810725473195796,0.5818691721254253,685
health,health,LV,-0.10602844055306822,0.0056117697503200005,-0.10962833362433813,0.0041801104500064894,2.7841409691629955,3.2723935389133625,0.8342562048870771,0.5072068822186443,681
health,health,ME,-0.0315658785870735,0.40979735416098695,-0.033206506184076556,0.38587980766012553,2.1052631578947367,3.313377192982456,0.8729051917810602,0.6303687116032887,684
health,health,NL,-0.1143267102025675,0.002730247202051593,-0.12089330013182877,0.001524729258367244,2.1343065693430656,3.607096160969385,0.73512917632062,0.6670045925146815,685
health,health,NO,-0.03591820448007811,0.34790771366946516,-0.017847223854506218,0.6410075150285469,2.013138686131387,3.4421897810218973,0.8941670564777502,0.6045039473899568,685
health,health,PL,-0.058243156619747556,0.1280686952420356,-0.05424220063525408,0.15646354632494422,2.2002923976608186,3.351405133203379,0.8184905057092986,0.5741008773153049,684
health,health,PT,-0.18413383197438407,1.2444092483062793e-06,-0.1989419246230952,1.5542405100163808e-07,2.4722222222222223,3.2557748538011695,0.8961216437099161,0.5001386181605333,684
health,health,RS,-0.14378808791280304,0.0001629054605686658,-0.138524937974804,0.00028217534256876346,2.3865300146412882,3.278038067349926,1.0260221826350007,0.5044168128932631,683
health,health,SE,-0.026707234679606742,0.48559525569853407,-0.0321432707568307,0.4012813903515526,2.077485380116959,3.4911648963464916,0.8460512661934425,0.627345933776038,684
health,health,SI,-0.13444223455796322,0.0004264978003994551,-0.14843652743347158,9.870037297715072e-05,2.1800878477306003,3.322547584187409,0.8970865148609475,0.590532300267404,683
health,health,SK,-0.09175936769165104,0.01645187424944752,-0.0788343351051867,0.03942624529388339,2.3938506588579793,3.2449487554904834,0.8790942525902717,0.5124406455958708,683
health,health,UA,-0.06721178056685456,0.07876860413247856,-0.07590662044447685,0.047044006684183355,2.756204379562044,3.194306569343066,0.8671103211501515,0.4151864860018147,685
rlgatnd,religion,AT,0.04377576377883029,0.2542952213503574,0.028950892504749696,0.4510197978715725,5.411764705882353,3.023529411764706,1.2938656004306714,0.4787433375285032,680
rlgatnd,religion,BE,0.087528957182716,0.02215457026368649,0.0834352606146935,0.029233141499086252,6.168374816983895,3.115666178623719,1.3306872609967235,0.4871702537530665,683
rlgatnd,religion,BG,-0.005506955107086114,0.8859375980297919,-0.02558114782065191,0.5051249656566015,5.3039647577092515,2.986049926578561,1.2579624603688822,0.5545499954951502,681
rlgatnd,religion,CH,0.00909130072284788,0.8126646467003092,0.009656499384121804,0.8012544012656998,5.717008797653959,3.1173020527859236,1.322116566083751,0.4446051817747721,682
rlgatnd,religion,CY,0.08791148802237363,0.02157635308582061,0.06990145237305186,0.06789383530102587,4.320644216691069,3.0190336749633966,1.3874061309002539,0.5990615366310758,683
rlgatnd,religion,DE,-0.0034633264981631822,0.9279595481133609,-0.0041897504643273005,0.9129040658626763,6.0511695906432745,3.0423976608187133,1.2227762044463824,0.5130371596088036,684
rlgatnd,religion,EE,0.006977688526431423,0.8554582041685658,-0.02543244135728094,0.5066675937775724,6.007309941520468,3.0657894736842106,1.085619733334903,0.5162647034682503,684
rlgatnd,religion,ES,0.07198828476612944,0.06005968241446206,0.06440697907185244,0.09258965256909098,5.844802342606149,3.0805270863836016,1.5170338053076198,0.5173967805441502,683
rlgatnd,religion,FI,0.02108518326598683,0.5819753205461661,0.001013826917843246,0.9788852336671315,5.847953216374269,3.0796783625730995,1.1480374331996788,0.5314522345959714,684
rlgatnd,religion,FR,0.002055472373926839,0.9573322517645684,-0.015681806779783394,0.6831237339625781,6.1647058823529415,3.0632352941176473,1.2620861596922381,0.5209610502105102,680
rlgatnd,religion,GB,0.0028373103841176223,0.9410414534243263,0.007061816472839482,0.8539473624184025,5.900293255131965,3.127565982404692,1.5391226696690687,0.5630598170777451,682
rlgatnd,religion,GR,-0.01328606287900627,0.7294659792240029,-0.014482892476450765,0.7061791246408505,4.538235294117647,3.0588235294117645,1.1983087507320118,0.5114982163859642,680
rlgatnd,religion,HR,-0.049208226511701036,0.19931713246500965,-0.03328156065220196,0.38550474913522287,4.961876832844575,2.9926686217008798,1.4261089652252996,0.5898845591392208,682
rlgatnd,religion,HU,0.0043755071434802,0.9095919968663461,0.0036624820841150473,0.9242762068581094,5.563609467455621,3.014792899408284,1.4423565043971969,0.554913501442198,676
rlgatnd,religion,IE,0.0774092824386437,0.04329237665988736,0.0775902203089673,0.04280414057819041,4.8841642228739,3.06891495601173,1.6534789442565965,0.5443084190220467,682
rlgatnd,religion,IL,0.03629609768262712,0.34391891261160035,0.04061315815958079,0.2895500052911475,5.134897360703812,3.0865102639296187,1.9821484668197247,0.5111041493045692,682
rlgatnd,religion,IS,0.026127538211024554,0.4954351513463445,0.024004418785612946,0.531131907867697,6.108345534407028,3.0995607613469986,1.1639643241438242,0.5126406083181279,683
rlgatnd,religion,IT,0.040267176274320284,0.2943931416218903,0.04417252215600093,0.2500117865015703,4.695588235294117,3.0205882352941176,1.619099353590773,0.5028808973463595,680
rlgatnd,religion,LT,0.011967904968745443,0.7552293206579588,-0.005133516647420706,0.8936248530228994,5.12481644640235,3.0425844346549193,1.184700633602654,0.5580494541059529,681
rlgatnd,religion,LV,-0.003400323064924246,0.9293702110313149,-0.020479560748810674,0.5934098232857759,5.790322580645161,3.0733137829912023,1.2256534287909395,0.5341966821576603,682
rlgatnd,religion,ME,0.03375962841868283,0.38153390263322906,0.035931410880863074,0.3516451669039789,4.244807121661721,3.0890207715133533,1.6796159368389938,0.5322563394273686,674
rlgatnd,religion,NL,0.03343119910260157,0.38267171474993605,0.0212989418479975,0.5781535321058808,6.165204678362573,3.064327485380117,1.4552031507234968,0.5035301306276418,684
rlgatnd,religion,NO,0.0013594746557415295,0.9717514862022455,-0.006065375531562174,0.8744626502824898,6.07488986784141,3.067547723935389,1.183949408162513,0.5071442605688249,681
rlgatnd,religion,PL,-0.008540875949944363,0.8250950429187281,-0.012898546924564248,0.7385607162078004,4.380952380952381,3.0788690476190474,1.4843827795346862,0.4925978769441475,672
rlgatnd,religion,PT,0.047659947865956585,0.21350568616485938,0.04926456712294477,0.19847237753799862,5.265007320644217,2.9612005856515373,1.6721952816772423,0.6259559440333036,683
rlgatnd,religion,RS,-0.039337942855372114,0.30568544009328097,-0.0482718126487538,0.2086841411460454,5.08235294117647,3.051470588235294,1.1812154166457225,0.598474409781345,680
rlgatnd,religion,SE,-0.08054390143116945,0.0353330788881598,-0.09140032149465063,0.01688013924463698,6.039531478770132,3.0980966325036605,1.1801962223607125,0.47275868126044857,683
rlgatnd,religion,SI,0.01546897272149906,0.6865407678479399,0.006918492449700232,0.8567751964038401,5.427525622254758,3.0322108345534406,1.3928822615631018,0.5848670320848011,683
rlgatnd,religion,SK,0.03277041024491521,0.39564857647368007,0.03969477964668339,0.3034659803757092,4.713649851632048,3.00593471810089,1.6756868239305578,0.6262891739935398,674
rlgatnd,religion,UA,0.019881581510259403,0.6061112904416268,0.0029999513813890343,0.9379897397880129,4.952592592592593,3.045925925925926,1.4659756187542288,0.6347693993495496,675
aesfdrk,safety,AT,-0.03527651743211632,0.3580066080035695,-0.016479734125480126,0.6677093829455404,1.7738619676945668,2.7731277533039647,0.7408011789956982,0.4467171724754979,681
aesfdrk,safety,BE,-0.0337517256463529,0.3784737744775144,-0.01146872357435385,0.7647969614796281,1.9677891654465594,2.8194729136163983,0.753575408856066,0.4307311696881384,683
aesfdrk,safety,BG,0.05032670633585037,0.19157622852602593,0.05712312561091481,0.13819071913759082,2.471111111111111,2.7355555555555555,0.8580104882935643,0.4842422981968912,675
aesfdrk,safety,CH,-0.03198859692884619,0.4035522170151605,-0.024929229100199134,0.5151158149422794,1.641812865497076,2.843859649122807,0.6836772418903135,0.3852405278702981,684
aesfdrk,safety,CY,-0.07805977880871301,0.04185985347047034,-0.07763281535444949,0.04299623106831598,2.213235294117647,2.7147058823529413,0.8068930597950521,0.5291961018857388,680
aesfdrk,safety,DE,0.007703766898502134,0.8404940112952167,0.008516424167259984,0.8239300445905254,1.9138686131386862,2.7927007299270072,0.7627265727752759,0.44023436018265466,685
aesfdrk,safety,EE,-0.010324706677618267,0.7878191654440895,-0.0018926814701201722,0.9606507363453407,1.752199413489736,2.7991202346041058,0.6356072874862875,0.4360405754819287,682
aesfdrk,safety,ES,-0.08819058283923523,0.02106817892620942,-0.07020643753226975,0.06649931806018129,1.878654970760234,2.7660818713450293,0.7623347456218187,0.4772620476230271,684
aesfdrk,safety,FI,-0.0886280401238597,0.020343682324796157,-0.09177105260317614,0.016280617441347515,1.6379562043795621,2.767883211678832,0.6261984284261259,0.4890518195927503,685
aesfdrk,safety,FR,-0.06955509830122455,0.07051065938350835,-0.055556050304842494,0.14874759041223248,1.9571639586410634,2.779911373707533,0.8615365339956037,0.4537920350432258,677
aesfdrk,safety,GB,-0.09627530215402547,0.012203538123994542,-0.0974314364164841,0.011198508398575766,1.9881831610044314,2.7559822747415064,0.7843754019193533,0.484872141670555,677
aesfdrk,safety,GR,-0.0032831806831293358,0.9316973529425469,0.003393038299694296,0.929417757957566,2.1973684210526314,2.749561403508772,0.8368833479954749,0.47467314549359724,684
aesfdrk,safety,HR,-0.009160023105312404,0.8118209585566508,0.0019132125994037765,0.9603413903576541,1.6017699115044248,2.7485250737463125,0.6250292472993628,0.48973740450104936,678
aesfdrk,safety,HU,-0.03274429569548488,0.39427234841282516,-0.04688517913855542,0.2224130940944572,1.865979381443299,2.703240058910162,0.6057786180507879,0.5208809078501806,679
aesfdrk,safety,IE,-0.02181210231466039,0.5713037369277374,-0.014816464629302733,0.7005810325291135,1.9215976331360947,2.7625739644970415,0.8081480195884662,0.4692675479491262,676
aesfdrk,safety,IL,-0.061711445160399135,0.10735834958017479,-0.055370072719496705,0.14861177393620545,2.001466275659824,2.7690615835777126,0.8696198417692281,0.45884551451137623,682
aesfdrk,safety,IS,-0.0114277586311469,0.7652784100585146,0.003585691161307916,0.9253669940042095,1.4394160583941606,2.8014598540145985,0.6497140243864535,0.44095613178064486,685
aesfdrk,safety,IT,-0.03448517750653491,0.3706686711384293,-0.06694471174276642,0.08198327953242866,2.230769230769231,2.712278106508876,0.7831560082980487,0.5274510217261551,676
aesfdrk,safety,LT,-0.11379156459869695,0.00311527959241522,-0.11080874511123547,0.004000129421915977,2.1069836552748886,2.7451708766716196,0.6729213771251261,0.46936951973400604,673
aesfdrk,safety,LV,-0.08976380008267354,0.020416488772999064,-0.09295771713023082,0.01632995224707276,2.110944527736132,2.6986506746626686,0.7728405009192716,0.5021407409626599,667
aesfdrk,safety,ME,-0.0053156916709697815,0.8908455206631688,-0.010824978326502631,0.779881835254826,1.9282511210762332,2.7473841554559044,0.6595181213679148,0.48062447257790586,669
aesfdrk,safety,NL,-0.11321111947805156,0.003091968277224367,-0.10163413308316431,0.007948599001443624,1.8223201174743024,2.8283406754772393,0.6614386439625711,0.427549489676323,681
aesfdrk,safety,NO,0.00040205158283000453,0.9916195902009274,-0.01851154098539436,0.6286342974010731,1.418978102189781,2.8255474452554745,0.6102838049786345,0.40447590757307195,685
aesfdrk,safety,PL,-0.023428075016084595,0.5437297646920102,-0.02557425103850546,0.5074444467912569,1.7626112759643917,2.75593471810089,0.6021479681636399,0.47929067997432134,674
aesfdrk,safety,PT,-0.057413235242913085,0.13446176226154935,-0.07859298747982175,0.040328797616733796,2.0176211453744495,2.6600587371512483,0.6793038675684042,0.5437527520559348,681
aesfdrk,safety,RS,0.04565922159661208,0.23544822175799793,0.045209187459385895,0.24010079862740755,1.7031019202363369,2.705317577548006,0.7431377244271222,0.5130845010408366,677
aesfdrk,safety,SE,-0.08675089931170109,0.023270789240007885,-0.06398853188633165,0.0944907436748093,1.6491228070175439,2.83187134502924,0.7338195804809474,0.4220586871517254,684
aesfdrk,safety,SI,-0.07812179026441606,0.04215179925563207,-0.058227851289547446,0.13014557248382488,1.58493353028065,2.7865583456425407,0.6012392552261909,0.4716954202086127,677
aesfdrk,safety,SK,-0.1627595911368176,2.270411764060141e-05,-0.15299951472318535,6.911531845176915e-05,2.187779433681073,2.7052160953800297,0.6957652196180308,0.5121388333024288,671
aesfdrk,safety,UA,-0.04728862739742909,0.23185874116784833,-0.05902509249493392,0.13549455750953834,2.0717628705148208,2.5510140405616224,0.8165274298403865,0.5481814265049981,641
hincfel,income,AT,-0.14391763667646454,0.00016247580627937186,-0.11264646118466501,0.0032216080233140637,1.8533724340175952,2.834310850439883,0.7364410622593854,0.43738161998118613,682
hincfel,income,BE,-0.15085152796850945,7.655566041005469e-05,-0.12396518606199508,0.0011788488834657267,1.7653958944281525,2.9134897360703813,0.8346949314850602,0.3830013139695823,682
hincfel,income,BG,-0.19704291187391498,2.1778079306232042e-07,-0.19074325706486045,5.314443341555328e-07,2.534508076358297,2.8560939794419973,0.8570117888247959,0.42339178418998863,681
hincfel,income,CH,-0.16951714392076192,9.36235974718354e-06,-0.12026806359782649,0.0017328910285880632,1.5754437869822486,2.8838757396449703,0.7150782053722363,0.388985852474583,676
hincfel,income,CY,-0.1856676403796649,1.5656729064798663e-06,-0.18425966900993176,1.8828630197345133e-06,2.0954545454545452,2.7613636363636362,0.880566071586041,0.5890564620809977,660
hincfel,income,DE,-0.1372162124765773,0.00032581710927013434,-0.15472691499361987,4.9545195192287823e-05,1.5733137829912023,2.8958944281524928,0.6602121214440657,0.3938001617561356,682
hincfel,income,EE,-0.13488193740626397,0.00040417080738835135,-0.12018218013730261,0.0016391830009935427,1.9269005847953216,2.935672514619883,0.6869895594669845,0.39053514855842775,684
hincfel,income,ES,-0.15906877821813326,2.9648490090648933e-05,-0.1345259538880027,0.0004229486678717955,1.8506588579795022,2.841874084919473,0.8147892550095673,0.47661194487651914,683
hincfel,income,FI,-0.1717309697037684,6.379222635901367e-06,-0.14964864562376962,8.639808036344774e-05,1.7979502196193264,2.882869692532943,0.6677720763144989,0.4240386321874953,683
hincfel,income,FR,-0.10937091074326476,0.0042139932771833675,-0.13166276915663802,0.0005613438870276313,1.7159590043923865,2.9019033674963395,0.7274428425835165,0.4060169261424412,683
hincfel,income,GB,-0.12659433231190179,0.0010327324181650186,-0.12930856485696457,0.0008011410947198841,1.8071748878923768,2.7847533632286994,0.8406989896655791,0.5593576356217393,669
hincfel,income,GR,-0.021751670324448392,0.5715164466464454,-0.029345670819150946,0.44520455806862363,2.4815905743740796,2.808541973490427,0.7695532571591404,0.47521219690279953,679
hincfel,income,HR,-0.18895319218038018,7.207956545925106e-07,-0.17113099642664792,7.434430042541677e-06,1.8348082595870205,2.8392330383480826,0.775833782272995,0.46355571542131285,678
hincfel,income,HU,-0.20854753915888857,4.238779105822437e-08,-0.20827784684859663,4.41591251239102e-08,2.218289085545723,2.7551622418879056,0.6999611883513801,0.574388033671576,678
hincfel,income,IE,-0.14673121844838127,0.00012301153630639208,-0.13212538561593135,0.0005518782954796375,1.8455882352941178,2.7823529411764705,0.8484472213066517,0.5424379528448177,680
hincfel,income,IL,-0.014452951011854329,0.7143043690132242,-0.002514221357885255,0.9492250838929344,1.9627329192546583,2.843167701863354,0.8967763158080527,0.45164282445719023,644
hincfel,income,IS,-0.07521699247050968,0.04959039158421939,-0.06826000096218932,0.07484272932116072,1.4897360703812317,2.8826979472140764,0.7254834354511831,0.47956146722549403,682
hincfel,income,IT,-0.1451410875068385,0.00018292269467994862,-0.13437357015557483,0.0005376028365275249,1.9015151515151516,2.841666666666667,0.7639432135031297,0.4419301139256464,660
hincfel,income,LT,-0.18979422145432878,6.927665933093688e-07,-0.1829748794699427,1.736338599874845e-06,1.9881305637982196,2.833827893175074,0.6958858556449861,0.4987186017564438,674
hincfel,income,LV,-0.17309276465487194,6.396815626545685e-06,-0.17282343163207575,6.615423864116502e-06,2.5238095238095237,2.8035714285714284,0.7945596007813457,0.5294197658588219,672
hincfel,income,ME,-0.21309745662173718,5.763573145570879e-08,-0.2095647100362959,9.609169301761299e-08,2.5676100628930816,2.8710691823899372,1.0133695001195735,0.44087899487234067,636
hincfel,income,NL,-0.23284572126128905,9.203326532177483e-10,-0.1945496614121776,3.5071596031523037e-07,1.394074074074074,2.914814814814815,0.6296062264936781,0.38296797336451727,675
hincfel,income,NO,-0.02271306653794654,0.5531719241305838,-0.03322558970835518,0.3856067040662623,1.5116959064327486,2.8728070175438596,0.6637512993080653,0.4353255803950528,684
hincfel,income,PL,-0.07244942255868053,0.058804927330420906,-0.0752202762192732,0.049748413770645795,1.935389133627019,2.883259911894273,0.5546025628899502,0.40759185719582913,681
hincfel,income,PT,-0.21339290679649395,1.8727548129262024e-08,-0.18669968931594788,9.278049473247768e-07,2.2980910425844345,2.750367107195301,0.8318013040060211,0.5577823845941454,681
hincfel,income,RS,-0.18631046836254092,1.0336785479560911e-06,-0.14852237026374035,0.0001037277940001687,1.9646017699115044,2.8311209439528024,0.7639886417503852,0.4882872548546246,678
hincfel,income,SE,-0.12168584799967681,0.0014415831472221726,-0.09776080712365594,0.010577571992159862,1.363103953147877,2.9209370424597365,0.6053890676213879,0.346178552010633,683
hincfel,income,SI,-0.1880878772512453,7.81776826677298e-07,-0.1438381652206054,0.00016753351184056427,1.5294117647058822,2.801470588235294,0.7295688043048776,0.5208446315445562,680
hincfel,income,SK,-0.23735184721296929,4.003747037738927e-10,-0.19947741971681482,1.6647368626796031e-07,2.2821270310192023,2.790251107828656,0.7948742383831332,0.5248494533539129,677
hincfel,income,UA,-0.18198095093381053,2.2380942013147437e-06,-0.18325428667834626,1.8949732220657123e-06,2.9280359820089954,2.56071964017991,0.9042323965284474,0.7079459508524636,667
