variable,domain,cntry,country_name,survey_mean,survey_sd,silicon_mean,silicon_sd,model
ppltrst,social_trust,AT,Austria,6.071829184018286,2.0976862462724717,7.136904761904762,1.1257749521014753,qwen
ppltrst,social_trust,BE,Belgium,5.458173187943939,2.195522494698598,7.0517751479289945,1.237493206758749,qwen
ppltrst,social_trust,BG,Bulgaria,3.728913646176717,2.3711881162028385,6.91678939617084,1.262722045010397,qwen
ppltrst,social_trust,CH,Switzerland,5.855593288087151,2.1151913454264175,7.287205882352941,1.193439782415125,qwen
ppltrst,social_trust,CY,Cyprus,4.092466358118389,2.456123517842882,7.279049034175334,1.1980481344309586,qwen
ppltrst,social_trust,DE,Germany,5.213421360673227,2.329440069370058,7.013670133729569,1.3088152555533492,qwen
ppltrst,social_trust,EE,Estonia,5.597881429421257,1.9956320359719784,7.234904270986745,1.2365994197963739,qwen
ppltrst,social_trust,ES,Spain,5.30377052791885,2.170845887878443,7.266273932253314,1.1016196664240403,qwen
ppltrst,social_trust,FI,Finland,6.920840954305089,1.8140828898597425,7.2920236336779904,1.2673511301192686,qwen
ppltrst,social_trust,FR,France,4.472588263453334,2.150595521187708,6.865973254086182,1.4558741787268539,qwen
ppltrst,social_trust,GB,United Kingdom,5.418093170478824,2.2752091003472237,7.046805349182764,1.4261459633504796,qwen
ppltrst,social_trust,GR,Greece,4.5659732232376244,1.9203750141942668,7.282794117647059,0.9410525013380632,qwen
ppltrst,social_trust,HR,Croatia,4.710634171131117,2.3881561272203213,7.115259259259259,1.1249614761815738,qwen
ppltrst,social_trust,HU,Hungary,4.5774672280159825,2.4378724365986537,6.965578635014837,1.1532893871868573,qwen
ppltrst,social_trust,IE,Ireland,5.414850386746617,2.381842777024013,7.463072378138848,1.0445525141479615,qwen
ppltrst,social_trust,IL,Israel,5.174017172464776,2.389764509965967,6.444444444444445,1.6735269295050013,qwen
ppltrst,social_trust,IS,Iceland,6.354200470157306,2.061858353889841,7.244329896907216,1.5010004874345968,qwen
ppltrst,social_trust,IT,Italy,4.498938379325662,2.3475202051401065,7.276070901033973,1.1163605469136089,qwen
ppltrst,social_trust,LT,Lithuania,5.1342718600800605,2.4545179848769294,7.010279001468429,1.2095988925537409,qwen
ppltrst,social_trust,LV,Latvia,3.853969529445196,2.5315340747124133,6.799851411589897,1.365622778488527,qwen
ppltrst,social_trust,ME,Montenegro,4.214523037104412,2.5013155012698616,7.282058823529412,0.9898908150373082,qwen
ppltrst,social_trust,NL,Netherlands,6.1705777782591795,1.958424103278812,7.287243401759531,1.1713033627919271,qwen
ppltrst,social_trust,NO,Norway,6.4876535997464035,1.9510974667031853,7.44903988183161,1.1347730502730586,qwen
ppltrst,social_trust,PL,Poland,4.5337215889785645,2.3334421200904445,7.0016296296296305,1.1141311150641189,qwen
ppltrst,social_trust,PT,Portugal,4.15405019735004,2.4020558131627445,7.365430267062314,0.8913356467124908,qwen
ppltrst,social_trust,RS,Serbia,4.4015442985461535,2.769641531820987,7.021481481481482,1.0948615609128707,qwen
ppltrst,social_trust,SE,Sweden,6.173553003500404,2.0369372146641576,7.333333333333333,1.2324793775358702,qwen
ppltrst,social_trust,SI,Slovenia,4.671985358795646,2.386686330953043,7.145722713864307,1.1362449466701237,qwen
ppltrst,social_trust,SK,Slovakia,4.032077870148862,2.846323197813735,7.124815361890694,1.1796493699301844,qwen
ppltrst,social_trust,UA,Ukraine,3.823509033700963,2.792401452672258,6.16248153618907,1.5718149117794726,qwen
pplfair,social_trust,AT,Austria,6.356658702906922,2.007590140567435,7.766960352422908,0.5538722085695923,qwen
pplfair,social_trust,BE,Belgium,5.898274055320637,2.038526524185433,7.7332357247437775,0.6329602159442611,qwen
pplfair,social_trust,BG,Bulgaria,4.28774413732007,2.2021907496756565,7.64882697947214,0.7882619606608774,qwen
pplfair,social_trust,CH,Switzerland,6.400660288273514,1.8848948256164268,7.741605839416058,0.7206886667291337,qwen
pplfair,social_trust,CY,Cyprus,4.423461465515083,2.2078122491415186,7.7371888726207905,0.7871543859527687,qwen
pplfair,social_trust,DE,Germany,6.186403696050097,1.9898562079629318,7.644052863436124,0.6872776796652524,qwen
pplfair,social_trust,EE,Estonia,6.111731028208338,2.0677934266941755,7.719033674963398,0.7320807150520615,qwen
pplfair,social_trust,ES,Spain,5.541573467263106,2.1802436948843513,7.734306569343065,0.7144537393309067,qwen
pplfair,social_trust,FI,Finland,7.084249691343838,1.7336838763693212,7.687865497076023,0.8113482115522683,qwen
pplfair,social_trust,FR,France,6.088517879920214,1.9971480895774854,7.644574780058652,0.7872188696490933,qwen
pplfair,social_trust,GB,United Kingdom,5.981753215098941,2.1060601678344897,7.738304093567251,0.6738760858897008,qwen
pplfair,social_trust,GR,Greece,4.935914237527794,2.005204614994723,7.766129032258065,0.5505938332648774,qwen
pplfair,social_trust,HR,Croatia,5.182213320213709,2.439485398002121,7.75036496350365,0.6773404397238283,qwen
pplfair,social_trust,HU,Hungary,5.124484568640466,2.073835982532519,7.728404099560762,0.5905772320049607,qwen
pplfair,social_trust,IE,Ireland,6.168494894931351,2.106787750467679,7.87701317715959,0.5376841659277786,qwen
pplfair,social_trust,IL,Israel,5.314318458840991,2.3022335286898072,7.373900293255132,1.1060874312681217,qwen
pplfair,social_trust,IS,Iceland,6.576929478670769,1.9072991814569054,7.780701754385965,0.9208065590114137,qwen
pplfair,social_trust,IT,Italy,4.588315451551168,2.2539241028190062,7.818686131386862,0.5458787881411661,qwen
pplfair,social_trust,LT,Lithuania,5.4409183956236085,2.235114984941725,7.782672540381792,0.6489080601700707,qwen
pplfair,social_trust,LV,Latvia,5.663738367059401,2.247497646406504,7.565885797950219,0.8815767824202296,qwen
pplfair,social_trust,ME,Montenegro,4.36938040692145,2.2653311034681702,7.734356725146199,0.672425535628262,qwen
pplfair,social_trust,NL,Netherlands,6.542182923142853,1.634480715869356,7.698540145985401,0.7541295087734617,qwen
pplfair,social_trust,NO,Norway,6.757639034501647,1.8971193298633304,7.800293255131965,0.7231639786474275,qwen
pplfair,social_trust,PL,Poland,5.225422873831028,2.2838780429825127,7.670103092783505,0.7815187286812172,qwen
pplfair,social_trust,PT,Portugal,5.2347667924699675,2.2103944076408926,7.808199121522694,0.5985981729083357,qwen
pplfair,social_trust,RS,Serbia,4.739201854594089,2.8499587721633626,7.693997071742313,0.6430834217902387,qwen
pplfair,social_trust,SE,Sweden,6.592569867878159,1.8020303379041651,7.767935578330893,0.7498463079723963,qwen
pplfair,social_trust,SI,Slovenia,5.418600199352892,2.258280124051613,7.77891654465593,0.6175778035720487,qwen
pplfair,social_trust,SK,Slovakia,4.8643116719235655,2.5431197557800247,7.719208211143695,0.5886573144230983,qwen
pplfair,social_trust,UA,Ukraine,4.693212458739193,2.43492351369049,7.557184750733138,0.805423789837094,qwen
pplhlp,social_trust,AT,Austria,6.318627057316925,2.061005753294836,7.188726207906295,1.1247307868181333,qwen
pplhlp,social_trust,BE,Belgium,5.060544624005849,2.1956473479694956,7.161674008810573,1.1129119803139895,qwen
pplhlp,social_trust,BG,Bulgaria,3.550500715225844,2.3080899941553548,7.2030791788856305,1.0008245746670466,qwen
pplhlp,social_trust,CH,Switzerland,5.8985149650676005,1.884854676878496,7.273352855051244,1.0183615023675532,qwen
pplhlp,social_trust,CY,Cyprus,4.108040391083219,2.1954327810505894,7.246774193548387,1.154800936514494,qwen
pplhlp,social_trust,DE,Germany,5.359509661907016,2.0965802980361574,7.15906432748538,1.0907798070022972,qwen
pplhlp,social_trust,EE,Estonia,5.026836971472983,2.0167271854085875,7.271994134897361,1.066989044513075,qwen
pplhlp,social_trust,ES,Spain,4.799287732107402,2.2984435948613826,7.174117647058823,1.0757088087488114,qwen
pplhlp,social_trust,FI,Finland,6.367163416606128,1.957104421735069,7.167448680351906,1.0411062121318453,qwen
pplhlp,social_trust,FR,France,4.606344443975376,2.24002307315973,7.075219941348973,1.1965020095052368,qwen
pplhlp,social_trust,GB,United Kingdom,5.990719000699621,1.942504544742161,7.110588235294117,1.2398891612215592,qwen
pplhlp,social_trust,GR,Greece,4.337120313457906,1.9778120001939348,7.380323054331865,0.7635023103012611,qwen
pplhlp,social_trust,HR,Croatia,4.343355311541862,2.4112502202938684,7.296176470588235,0.8748406619690002,qwen
pplhlp,social_trust,HU,Hungary,4.605214910806596,2.2470109750370364,7.2317647058823535,0.9631302384360584,qwen
pplhlp,social_trust,IE,Ireland,5.939084968682108,2.240485078040839,7.419202363367798,0.8373407905512746,qwen
pplhlp,social_trust,IL,Israel,5.100096960518647,2.336648940608769,6.7869117647058825,1.4633739107989099,qwen
pplhlp,social_trust,IS,Iceland,6.299077774742755,1.791363854697011,7.256194690265488,1.2793144526216702,qwen
pplhlp,social_trust,IT,Italy,4.184164039738798,2.273457502775936,7.180938416422287,1.0302988456398028,qwen
pplhlp,social_trust,LT,Lithuania,5.032521343524122,2.3988190229998003,7.329602356406479,0.9212142434604021,qwen
pplhlp,social_trust,LV,Latvia,4.838484340024971,2.2962432351850475,7.014411764705883,1.2590168246730624,qwen
pplhlp,social_trust,ME,Montenegro,4.194717188555699,2.2559179621884984,7.2985207100591705,0.9166755722476974,qwen
pplhlp,social_trust,NL,Netherlands,5.65817291172352,1.7643307067812635,7.2502196193265,1.0889389674650203,qwen
pplhlp,social_trust,NO,Norway,6.003298800640809,1.9932155036957901,7.316911764705883,1.1057191761356286,qwen
pplhlp,social_trust,PL,Poland,4.546993964205541,2.4182053882140755,7.314896755162242,0.8659141418142371,qwen
pplhlp,social_trust,PT,Portugal,4.213744814045952,2.1791089434587874,7.316715542521994,0.8855915026507308,qwen
pplhlp,social_trust,RS,Serbia,3.72835672703553,2.720929475579113,7.248017621145374,0.9189026574162714,qwen
pplhlp,social_trust,SE,Sweden,5.946359746894595,1.936482154823752,7.189766081871344,1.200419864671503,qwen
pplhlp,social_trust,SI,Slovenia,5.349566794505421,2.236529461060724,7.244346549192364,0.9664677455851576,qwen
pplhlp,social_trust,SK,Slovakia,4.195429337358618,2.5609256122451742,7.325777777777777,0.8816724957222808,qwen
pplhlp,social_trust,UA,Ukraine,4.165704117573958,2.6358905892713516,7.108689248895435,1.2043546439093729,qwen
sclmeet,social_trust,AT,Austria,4.97855907049627,1.1862131472556947,3.8689248895434463,0.8443236765312687,qwen
sclmeet,social_trust,BE,Belgium,5.115008561601236,1.4064923799551072,3.9178885630498534,0.8249075590365512,qwen
sclmeet,social_trust,BG,Bulgaria,4.99618382149749,1.6848498871293636,3.826725403817915,0.9374194848959139,qwen
sclmeet,social_trust,CH,Switzerland,5.120404033218849,1.3015620048223844,4.009278350515464,0.7782359850105988,qwen
sclmeet,social_trust,CY,Cyprus,4.063565729120625,1.6808260299062987,3.9064327485380117,0.8641312599463383,qwen
sclmeet,social_trust,DE,Germany,4.750274005473209,1.4910419350395807,3.9089574155653453,0.7973811544906491,qwen
sclmeet,social_trust,EE,Estonia,4.268464111365069,1.5064569734447395,3.9748892171344163,0.8622362530375285,qwen
sclmeet,social_trust,ES,Spain,5.250413100298126,1.4669300296384136,3.97953216374269,0.8536490018095726,qwen
sclmeet,social_trust,FI,Finland,4.91015506669888,1.3723429550400144,3.878654970760234,0.8783456119411372,qwen
sclmeet,social_trust,FR,France,5.227998279869101,1.4417715646805522,3.920704845814978,0.9153254497348831,qwen
sclmeet,social_trust,GB,United Kingdom,4.825888880970069,1.545839796639787,3.8661764705882353,0.8379985789348352,qwen
sclmeet,social_trust,GR,Greece,4.23068100764633,1.5663897051020776,4.002945508100147,0.8924413079730765,qwen
sclmeet,social_trust,HR,Croatia,5.355922756611965,1.5433309288591155,3.932452276064611,0.8444392541616459,qwen
sclmeet,social_trust,HU,Hungary,3.4073398053512745,1.5184246921707605,3.901470588235294,0.8686984571431864,qwen
sclmeet,social_trust,IE,Ireland,4.3086014206280145,1.5764076371688671,3.969298245614035,0.8120210160695629,qwen
sclmeet,social_trust,IL,Israel,5.37946729389215,1.566948729077005,3.967741935483871,0.7580118544482404,qwen
sclmeet,social_trust,IS,Iceland,5.278807458651748,1.4394663497959697,4.061764705882353,0.8007782318851955,qwen
sclmeet,social_trust,IT,Italy,4.706546679320957,1.5752412935391051,3.976505139500734,0.8957613277115432,qwen
sclmeet,social_trust,LT,Lithuania,4.364283230788744,1.5622693395152705,4.010309278350515,0.8027679209362358,qwen
sclmeet,social_trust,LV,Latvia,4.3429616960030435,1.6424937139788904,3.906528189910979,0.8663352781755903,qwen
sclmeet,social_trust,ME,Montenegro,4.834985214387212,1.6015829359800529,3.9692532942898975,0.8616582927475017,qwen
sclmeet,social_trust,NL,Netherlands,5.398005102386256,1.2576971589608217,3.8167155425219943,0.8772616609399607,qwen
sclmeet,social_trust,NO,Norway,5.688076208039842,1.3525075883274424,3.937042459736457,0.8962227887366134,qwen
sclmeet,social_trust,PL,Poland,3.896722824683607,1.4430229733040592,3.9058823529411764,0.8442619896685911,qwen
sclmeet,social_trust,PT,Portugal,5.685409759425016,1.576563523208556,3.947136563876652,0.8795862298459693,qwen
sclmeet,social_trust,RS,Serbia,5.185660516605247,1.5942757921749648,3.9647058823529413,0.8504983734982837,qwen
sclmeet,social_trust,SE,Sweden,5.514484949240079,1.3608053671737674,3.884333821376281,0.8826798470831951,qwen
sclmeet,social_trust,SI,Slovenia,4.631734240685188,1.4881140484001878,3.9750733137829912,0.8624796461318064,qwen
sclmeet,social_trust,SK,Slovakia,4.72857259415562,1.5838908117692216,3.895741556534508,0.8588618071011106,qwen
sclmeet,social_trust,UA,Ukraine,4.403961647625363,1.7492302415514074,3.7677514792899407,0.9193693347624294,qwen
inprdsc,social_trust,AT,Austria,3.118780630553028,1.1742953866443435,3.0992700729927005,0.5315342944662255,qwen
inprdsc,social_trust,BE,Belgium,3.249005581858395,1.392119874792085,3.108029197080292,0.5514545352152271,qwen
inprdsc,social_trust,BG,Bulgaria,2.077287035540825,1.2654833628886588,3.0598540145985402,0.5250257378840877,qwen
inprdsc,social_trust,CH,Switzerland,3.5672430918798415,1.2546165765107025,3.0964912280701755,0.4954131909741292,qwen
inprdsc,social_trust,CY,Cyprus,2.429658750415173,1.2914148054142078,3.089051094890511,0.5123730526152933,qwen
inprdsc,social_trust,DE,Germany,3.508134966369809,1.1978906541310246,3.090643274853801,0.5334768371834165,qwen
inprdsc,social_trust,EE,Estonia,2.5808046896837573,1.3664122962604637,3.0964912280701755,0.5566470146314003,qwen
inprdsc,social_trust,ES,Spain,2.889223323462987,1.3851422121984767,3.0846715328467154,0.5340579659151637,qwen
inprdsc,social_trust,FI,Finland,3.2591695206650804,1.2740084057461003,3.111111111111111,0.5512604425169432,qwen
inprdsc,social_trust,FR,France,2.834623969006955,1.4605348263872133,3.0628654970760234,0.527843736062979,qwen
inprdsc,social_trust,GB,United Kingdom,3.16034956015881,1.3832269727107982,3.0948905109489053,0.5445531952335474,qwen
inprdsc,social_trust,GR,Greece,2.3001774709007434,1.208559756779504,3.089051094890511,0.5292164062984414,qwen
inprdsc,social_trust,HR,Croatia,2.2941152783671246,1.422859648476235,3.0715328467153284,0.5612940490678047,qwen
inprdsc,social_trust,HU,Hungary,2.598329752384808,1.230743088053047,3.0715328467153284,0.5291155735949241,qwen
inprdsc,social_trust,IE,Ireland,2.7380058098736266,1.332686531536047,3.077485380116959,0.5231021261086469,qwen
inprdsc,social_trust,IL,Israel,2.4812293357499633,1.4132878598805871,3.065693430656934,0.5353631816694066,qwen
inprdsc,social_trust,IS,Iceland,3.671481858006674,1.317456305642698,3.162280701754386,0.5505046827392193,qwen
inprdsc,social_trust,IT,Italy,2.183433433926192,1.2779320478931364,3.0554744525547446,0.5405920119610366,qwen
inprdsc,social_trust,LT,Lithuania,2.1369766166296262,1.3544109428510231,3.08187134502924,0.5293925974388747,qwen
inprdsc,social_trust,LV,Latvia,1.8116237136593292,1.2881659791877138,3.0598540145985402,0.5574403508349359,qwen
inprdsc,social_trust,ME,Montenegro,2.1663481487525504,1.1666499399605834,3.0833333333333335,0.5137209592879319,qwen
inprdsc,social_trust,NL,Netherlands,3.7088828570517682,1.283208311296253,3.0992700729927005,0.5260045180198871,qwen
inprdsc,social_trust,NO,Norway,3.227762827620148,1.4498231395247019,3.0846715328467154,0.5528885486377451,qwen
inprdsc,social_trust,PL,Poland,3.1281270388376403,1.4096043170643204,3.0569343065693433,0.5197552871723008,qwen
inprdsc,social_trust,PT,Portugal,2.2558309190788615,1.3613593845490315,3.0905109489051097,0.5135422239139829,qwen
inprdsc,social_trust,RS,Serbia,2.567237857631098,1.4134188192546682,3.0525547445255476,0.4838140821406532,qwen
inprdsc,social_trust,SE,Sweden,3.8066124907958425,1.2668089879502242,3.124087591240876,0.5467241020647856,qwen
inprdsc,social_trust,SI,Slovenia,2.795537682887412,1.3412053782065898,3.0744525547445254,0.5061073200974108,qwen
inprdsc,social_trust,SK,Slovakia,1.9473222705088136,1.1682652569916379,3.0613138686131385,0.5234624065857547,qwen
inprdsc,social_trust,UA,Ukraine,2.211819332304769,1.3882518522667766,3.0423357664233577,0.5511448249691162,qwen
stfdem,political,AT,Austria,5.795551925183848,2.5244039995514704,6.914956011730205,1.0515825768004048,qwen
stfdem,political,BE,Belgium,5.182805903196197,2.3865646291443854,6.82043795620438,1.112734546280938,qwen
stfdem,political,BG,Bulgaria,3.345957593389132,2.389999712039281,6.707964601769912,1.2419174382432858,qwen
stfdem,political,CH,Switzerland,7.56247036533076,1.683445748396554,7.014641288433382,1.1004221977795974,qwen
stfdem,political,CY,Cyprus,4.406779475086675,2.347149478693197,6.846715328467154,1.2288593041156006,qwen
stfdem,political,DE,Germany,5.545818977658347,2.7185355902907555,6.877372262773723,0.9894910308369219,qwen
stfdem,political,EE,Estonia,5.22721288753493,2.5582260200437856,6.976608187134503,1.1840977383102205,qwen
stfdem,political,ES,Spain,4.778082098901733,2.5349581336364486,6.836496350364963,1.077200991226037,qwen
stfdem,political,FI,Finland,6.741465913056558,1.9636296674315314,6.948604992657856,1.2397824611974002,qwen
stfdem,political,FR,France,4.305012268811358,2.514246595893705,6.669590643274854,1.2524222419000821,qwen
stfdem,political,GB,United Kingdom,4.494947856238885,2.617061205631026,6.693098384728341,1.279279187212714,qwen
stfdem,political,GR,Greece,4.182779495226115,2.157520501595945,6.903649635036496,0.9730587782024552,qwen
stfdem,political,HR,Croatia,4.472592596383696,2.5378221319688405,6.918248175182482,1.057845859421703,qwen
stfdem,political,HU,Hungary,4.382887230671318,2.6638131065423503,6.797950219619326,1.0708871608630255,qwen
stfdem,political,IE,Ireland,5.78448915317907,2.27866079594196,7.080409356725146,0.9470440143544662,qwen
stfdem,political,IL,Israel,4.252040313322515,2.747872552070624,6.114035087719298,1.8000753454044864,qwen
stfdem,political,IS,Iceland,5.8824026600111425,2.272405652680811,6.967741935483871,1.397128543926262,qwen
stfdem,political,IT,Italy,5.130815160709393,2.0846916209904416,6.84963503649635,1.0313169409491816,qwen
stfdem,political,LT,Lithuania,4.574857355022262,2.410861600256052,6.907027818448023,0.9973177123964075,qwen
stfdem,political,LV,Latvia,4.246869083229774,2.4390267760652473,6.5183016105417275,1.4503115399308661,qwen
stfdem,political,ME,Montenegro,4.176534491636248,2.5802896568015807,6.97510980966325,1.0643357811703893,qwen
stfdem,political,NL,Netherlands,5.936205591465354,2.078408741443333,6.902777777777778,1.0962365556652904,qwen
stfdem,political,NO,Norway,7.2146975468472805,2.082614524813177,7.251094890510949,1.1602654458033803,qwen
stfdem,political,PL,Poland,5.138550427476645,2.3767364162321356,6.821637426900585,1.0536416429158864,qwen
stfdem,political,PT,Portugal,4.685337986277323,2.3915689544469387,6.983941605839416,1.0308284280359779,qwen
stfdem,political,RS,Serbia,3.8520056691404525,3.0167915835283035,6.741605839416058,1.1580283162567317,qwen
stfdem,political,SE,Sweden,6.567043743724975,2.175495957021821,7.196769456681351,1.1243513769415858,qwen
stfdem,political,SI,Slovenia,4.919733489476906,2.3452548113037253,6.945906432748538,0.9672518753426503,qwen
stfdem,political,SK,Slovakia,4.9175346771760795,2.678245139306602,6.890190336749634,0.9586496759794259,qwen
stfdem,political,UA,Ukraine,2.92444960662641,2.63422996055466,5.805147058823529,1.6561715639777774,qwen
polintr,political,AT,Austria,2.4547384937785983,0.9451535772834191,2.913868613138686,0.39720928567995956,qwen
polintr,political,BE,Belgium,2.6600712960145447,0.9266514161485133,2.9094890510948903,0.39438367263312935,qwen
polintr,political,BG,Bulgaria,2.9004839639486617,0.8905590486262941,2.8744525547445257,0.4543534055303226,qwen
polintr,political,CH,Switzerland,2.4221674153798274,0.9169166691677192,2.9401459854014598,0.3388706419718863,qwen
polintr,political,CY,Cyprus,2.9759581549872625,0.9464163962391792,2.894890510948905,0.4299328738376696,qwen
polintr,political,DE,Germany,2.335726481029816,0.9106218676205067,2.9474452554744524,0.3291581260208473,qwen
polintr,political,EE,Estonia,2.6443262976892985,0.850185551151809,2.913868613138686,0.37447477482637054,qwen
polintr,political,ES,Spain,2.7485941425241296,1.0134610620130429,2.899270072992701,0.42586278958184787,qwen
polintr,political,FI,Finland,2.2407843653101502,0.7790287075638991,2.9197080291970803,0.36391298845525133,qwen
polintr,political,FR,France,2.658759358424714,0.9653820372660329,2.8875912408759126,0.44973111776453567,qwen
polintr,political,GB,United Kingdom,2.5110910387053975,0.9914488060551393,2.8875912408759126,0.4688303935698511,qwen
polintr,political,GR,Greece,2.9002046633846286,0.9639196736010638,2.8976608187134505,0.41359803466067224,qwen
polintr,political,HR,Croatia,3.0240396648267,0.9305850782478338,2.899270072992701,0.43938027036176963,qwen
polintr,political,HU,Hungary,2.7535411258208278,0.9198558225391383,2.913868613138686,0.3897784799267521,qwen
polintr,political,IE,Ireland,2.6359165070327637,0.9657476643159857,2.9430656934306567,0.3350385376362779,qwen
polintr,political,IL,Israel,2.447442839207694,1.0230894939105857,2.9255474452554746,0.4209480384027587,qwen
polintr,political,IS,Iceland,2.405532385956208,0.9176495535120655,2.9036496350364964,0.41471627007782597,qwen
polintr,political,IT,Italy,3.00708233065885,0.8432736383469229,2.9007299270072995,0.4479479447039224,qwen
polintr,political,LT,Lithuania,2.7693064441571806,0.7601246187742123,2.9124087591240877,0.3837802991971065,qwen
polintr,political,LV,Latvia,2.9474422149150334,0.8112785985044871,2.8744525547445257,0.46704702498758127,qwen
polintr,political,ME,Montenegro,2.956087586463116,0.846965603333293,2.897810218978102,0.42032901921987714,qwen
polintr,political,NL,Netherlands,2.3430692690137467,0.8498537288249974,2.9255474452554746,0.38465242096373065,qwen
polintr,political,NO,Norway,2.514350938533622,0.7965049246631382,2.910948905109489,0.41104609666596487,qwen
polintr,political,PL,Poland,2.5559100924678884,0.8306258933227216,2.913868613138686,0.39351142298819813,qwen
polintr,political,PT,Portugal,2.8194495263177086,1.0126034640312167,2.910948905109489,0.38912084746927006,qwen
polintr,political,RS,Serbia,3.0522158755558984,0.8908439581576322,2.8788321167883213,0.4759463728658901,qwen
polintr,political,SE,Sweden,2.1705131773500685,0.8234276538579621,2.9547445255474454,0.2799255338843264,qwen
polintr,political,SI,Slovenia,2.7169428484465956,0.8737747745474248,2.897810218978102,0.43063721880825073,qwen
polintr,political,SK,Slovakia,2.779801422127224,0.8472630479734179,2.8905109489051095,0.43053808500886903,qwen
polintr,political,UA,Ukraine,2.7396657538670346,0.9256292617482332,2.934306569343066,0.4047304272516836,qwen
psppipla,political,AT,Austria,2.3485664758821696,0.8566886458081991,3.547591240875913,0.5130583188290165,qwen
psppipla,political,BE,Belgium,2.13617152706481,0.9075557836275948,3.5389781021897813,0.523859502881785,qwen
psppipla,political,BG,Bulgaria,1.6942362499739123,0.87775771429061,3.4,0.5248224428235021,qwen
psppipla,political,CH,Switzerland,2.925982779006587,0.9852906409289107,3.5537226277372267,0.5231246193753393,qwen
psppipla,political,CY,Cyprus,1.8534503490367205,1.0127843077196175,3.504233576642336,0.5097266246841502,qwen
psppipla,political,DE,Germany,2.487903050233573,0.9385560771030744,3.55992700729927,0.519801604570983,qwen
psppipla,political,EE,Estonia,2.1195243542575155,0.8833491059661029,3.4853284671532845,0.5134948639323744,qwen
psppipla,political,ES,Spain,1.854915319379539,0.8454162917878774,3.4445255474452554,0.515678130157172,qwen
psppipla,political,FI,Finland,2.719963352443456,0.8283100335192526,3.507810218978102,0.551275389051409,qwen
psppipla,political,FR,France,2.040170208005676,0.9328773538672157,3.4810218978102188,0.5097776213252161,qwen
psppipla,political,GB,United Kingdom,2.0858582660203373,0.8307741434463174,3.4963503649635035,0.5003520338388557,qwen
psppipla,political,GR,Greece,2.0439646230330513,0.976032462119943,3.5039416058394157,0.5179234257568486,qwen
psppipla,political,HR,Croatia,1.646717445797756,0.7626765159029129,3.4458394160583943,0.5504127137536404,qwen
psppipla,political,HU,Hungary,1.8850817858135287,0.8625218071784286,3.3929927007299265,0.4980170693948462,qwen
psppipla,political,IE,Ireland,2.1853015288609527,0.9155474991392569,3.508029197080292,0.5118562701106115,qwen
psppipla,political,IL,Israel,2.0573491368573285,1.018262378135492,3.5319708029197083,0.5165815428123176,qwen
psppipla,political,IS,Iceland,2.641453267592207,0.8256936225348067,3.5465693430656935,0.5287694502473821,qwen
psppipla,political,IT,Italy,1.7604583386620682,0.7721640887631731,3.530583941605839,0.5277971522775368,qwen
psppipla,political,LT,Lithuania,2.0074403120569206,0.932473464394509,3.4170802919708025,0.5144550295816953,qwen
psppipla,political,LV,Latvia,1.8076589637221125,0.9176440352175285,3.358394160583942,0.5489746337526562,qwen
psppipla,political,ME,Montenegro,2.1042526405745456,0.8978556808468559,3.456934306569343,0.5407104407774859,qwen
psppipla,political,NL,Netherlands,2.4346389167639173,0.9230480100889776,3.5680291970802926,0.5279952698597189,qwen
psppipla,political,NO,Norway,2.9425643516761286,0.914134339029534,3.6028467153284667,0.5122861112725892,qwen
psppipla,political,PL,Poland,2.1159541509433017,0.8349147296022332,3.4272992700729925,0.5138711918632448,qwen
psppipla,political,PT,Portugal,1.8339098330735701,0.9171098485792573,3.483941605839416,0.5098780923904819,qwen
psppipla,political,RS,Serbia,1.9334856238883207,1.0320658031992804,3.397080291970803,0.4985273057094529,qwen
psppipla,political,SE,Sweden,2.827382571754578,0.8860823668252509,3.6049635036496346,0.5123305940064071,qwen
psppipla,political,SI,Slovenia,2.1128622969847135,0.8172903125787805,3.477664233576642,0.530706611018863,qwen
psppipla,political,SK,Slovakia,1.9541371691670721,0.8752626607263215,3.4113138686131386,0.528327408121969,qwen
psppipla,political,UA,Ukraine,1.6709499625586026,0.956887839658614,3.2145985401459853,0.4213838497477983,qwen
psppsgva,political,AT,Austria,2.3193966188741926,0.8703880846344457,3.745474452554744,0.5364369275108221,qwen
psppsgva,political,BE,Belgium,2.1530505361912753,0.877857985500819,3.686788321167883,0.5384118598782511,qwen
psppsgva,political,BG,Bulgaria,2.0502500126245597,1.1437354898071712,3.5871532846715324,0.5597186909682095,qwen
psppsgva,political,CH,Switzerland,3.209170347803247,0.9722550592682613,3.7131386861313866,0.5139739563577718,qwen
psppsgva,political,CY,Cyprus,1.85783217801057,0.9686134761632819,3.6767153284671537,0.5278239415639332,qwen
psppsgva,political,DE,Germany,2.493363160809412,0.9732761550528409,3.75087591240876,0.5015246847699119,qwen
psppsgva,political,EE,Estonia,2.222444075016699,0.941670031874551,3.658686131386861,0.5232053949077712,qwen
psppsgva,political,ES,Spain,2.079969878203989,0.9585821864542219,3.6457664233576645,0.5434050682218621,qwen
psppsgva,political,FI,Finland,2.463346166400832,0.8097329921150951,3.6705109489051098,0.5407033555162165,qwen
psppsgva,political,FR,France,2.1188535078790895,0.8996060982621074,3.6464233576642338,0.5284642557723848,qwen
psppsgva,political,GB,United Kingdom,2.1788336277011933,0.8723528492925318,3.7,0.5415485701219879,qwen
psppsgva,political,GR,Greece,2.037766829714706,1.0304042697617966,3.665693430656934,0.5520347735948797,qwen
psppsgva,political,HR,Croatia,1.6457884669787406,0.7858366327570453,3.689051094890511,0.5183304890931143,qwen
psppsgva,political,HU,Hungary,2.0079709396734056,0.9855327170227215,3.6087591240875914,0.5469846171750467,qwen
psppsgva,political,IE,Ireland,2.272287546382416,0.9500184958503455,3.711313868613139,0.5163338168344153,qwen
psppsgva,political,IL,Israel,1.962432274318939,1.026544621885484,3.6751094890510947,0.4908491818075806,qwen
psppsgva,political,IS,Iceland,2.5959422073897698,0.8513607807991915,3.6963503649635037,0.5226463195226186,qwen
psppsgva,political,IT,Italy,1.733402885908017,0.7654992145531224,3.728321167883212,0.5315630836552392,qwen
psppsgva,political,LT,Lithuania,2.2035638846258188,0.9667174956064883,3.632262773722628,0.5376701317863047,qwen
psppsgva,political,LV,Latvia,1.8709990652235167,0.9648869301716746,3.5905109489051097,0.5324119249676724,qwen
psppsgva,political,ME,Montenegro,2.1775768149696137,0.8816083473708743,3.7130656934306567,0.4892193955916844,qwen
psppsgva,political,NL,Netherlands,2.520502740655418,0.9263930468303992,3.7313138686131393,0.5065879115821671,qwen
psppsgva,political,NO,Norway,2.8546836195152268,0.8551573318979147,3.748832116788321,0.5031175697841246,qwen
psppsgva,political,PL,Poland,2.259208424818116,0.9025109685040982,3.6443795620437958,0.5290547420159049,qwen
psppsgva,political,PT,Portugal,2.0314592692315667,0.9777170630242956,3.687299270072993,0.5127889338859027,qwen
psppsgva,political,RS,Serbia,1.8554453058006242,1.0459064012863455,3.623649635036496,0.5407608835754265,qwen
psppsgva,political,SE,Sweden,2.688588773731168,0.8934600691065927,3.7527737226277376,0.5139212996485618,qwen
psppsgva,political,SI,Slovenia,2.138670135863047,0.8468801031590536,3.6673722627737226,0.5290995192554092,qwen
psppsgva,political,SK,Slovakia,2.02825644229242,0.9418627230925746,3.6386131386861313,0.548311046421912,qwen
psppsgva,political,UA,Ukraine,1.7997523689337624,1.0063426365249366,3.4185401459854012,0.5428624320179745,qwen
vote,political,AT,Austria,1.4202873512065668,0.6806730157849747,2.310948905109489,0.615073669352318,qwen
vote,political,BE,Belgium,1.413311668096829,0.7089552675012378,2.295620437956204,0.612237366193975,qwen
vote,political,BG,Bulgaria,1.4058867101339767,0.5828174405368405,2.2759124087591243,0.6199091552297081,qwen
vote,political,CH,Switzerland,1.6999926450149614,0.8052753904767375,2.3094890510948907,0.5702009509939887,qwen
vote,political,CY,Cyprus,1.4236270426582018,0.6575703228270299,2.3175182481751824,0.628501630657882,qwen
vote,political,DE,Germany,1.4305384836356427,0.7306502543828278,2.2989766081871346,0.6271192866950017,qwen
vote,political,EE,Estonia,1.4174322919734064,0.6684332691569346,2.305109489051095,0.6036343593177972,qwen
vote,political,ES,Spain,1.4089006433180842,0.6866424014985538,2.2175182481751823,0.6427619736032748,qwen
vote,political,FI,Finland,1.2529287707994166,0.5442255754737033,2.310948905109489,0.6054912982841092,qwen
vote,political,FR,France,1.554019677771938,0.6616693323123516,2.2313868613138688,0.6573640237863971,qwen
vote,political,GB,United Kingdom,1.4672826493792912,0.6932364331852772,2.2090643274853803,0.6835269411744207,qwen
vote,political,GR,Greece,1.232173417380769,0.4933527832093489,2.3255474452554745,0.6560591629602746,qwen
vote,political,HR,Croatia,1.3539780715927674,0.5915865530678587,2.2992700729927007,0.6089604254473024,qwen
vote,political,HU,Hungary,1.2924385527277875,0.5615534844061386,2.321897810218978,0.6480645192578659,qwen
vote,political,IE,Ireland,1.4484250557271259,0.7020988432406423,2.2364963503649635,0.6597088575030254,qwen
vote,political,IL,Israel,1.2961812404391788,0.5421408039889731,2.3270072992700728,0.5932741506107443,qwen
vote,political,IS,Iceland,1.4089402091609768,0.7380294053147957,2.2635431918008786,0.5939112188604717,qwen
vote,political,IT,Italy,1.4355640139885806,0.6264534338962391,2.2605839416058395,0.6372177352674765,qwen
vote,political,LT,Lithuania,1.4429952465372058,0.5931433860880534,2.3167883211678832,0.602452267292878,qwen
vote,political,LV,Latvia,1.4710760530067304,0.6572433744685899,2.294890510948905,0.6074971623983992,qwen
vote,political,ME,Montenegro,1.198507287997163,0.4255208007070601,2.3138686131386863,0.5792693625664674,qwen
vote,political,NL,Netherlands,1.3596921163576228,0.675726359077966,2.278832116788321,0.6372261086826927,qwen
vote,political,NO,Norway,1.4074217859684182,0.740602560367155,2.232116788321168,0.6330255838821359,qwen
vote,political,PL,Poland,1.1775046661209774,0.4509355592446268,2.335766423357664,0.5982109323902354,qwen
vote,political,PT,Portugal,1.3813554891435997,0.6147119517505549,2.2744525547445256,0.6217346509414842,qwen
vote,political,RS,Serbia,1.2796658373067689,0.515551203038103,2.32992700729927,0.6229486761714872,qwen
vote,political,SE,Sweden,1.2362824552327312,0.6038970756726667,2.259124087591241,0.6297398915988938,qwen
vote,political,SI,Slovenia,1.3025095754173568,0.587194935817487,2.335766423357664,0.6054983480206666,qwen
vote,political,SK,Slovakia,1.3356493718574676,0.5944632166755749,2.335766423357664,0.5982109323902355,qwen
vote,political,UA,Ukraine,1.3967110796934978,0.5634271961748842,2.335766423357664,0.5757955628150591,qwen
actrolga,efficacy,AT,Austria,2.360062191223054,1.0669795296795501,3.3474452554744527,0.5120021889759839,qwen
actrolga,efficacy,BE,Belgium,2.115275861331064,1.0246591138385353,3.3698830409356724,0.5009794077345376,qwen
actrolga,efficacy,BG,Bulgaria,1.9029019506952891,1.17280912478623,3.2992700729927007,0.5562636883610413,qwen
actrolga,efficacy,CH,Switzerland,2.338362606230354,1.110605461537031,3.434160583941606,0.5169080397358105,qwen
actrolga,efficacy,CY,Cyprus,2.0119500942718256,1.0928138722798841,3.356204379562044,0.5395012470743942,qwen
actrolga,efficacy,DE,Germany,2.1704045969903616,1.0348641553008593,3.373722627737226,0.5105996464702468,qwen
actrolga,efficacy,EE,Estonia,2.0453270269830695,1.0188764821747993,3.3912408759124086,0.5230749239874675,qwen
actrolga,efficacy,ES,Spain,1.8949374822903193,1.0498830321174317,3.324087591240876,0.5435057238417289,qwen
actrolga,efficacy,FI,Finland,2.4156188644937275,1.0507217265960367,3.3802919708029195,0.5543342532588281,qwen
actrolga,efficacy,FR,France,2.075695473266248,1.094205195368371,3.321167883211679,0.5344055363949526,qwen
actrolga,efficacy,GB,United Kingdom,2.2689636323061086,1.0995314617436351,3.3401459854014597,0.5403945729248016,qwen
actrolga,efficacy,GR,Greece,2.185392249640713,1.0278805398620388,3.3897810218978104,0.5227688137984522,qwen
actrolga,efficacy,HR,Croatia,1.784089368311354,1.0468308823450982,3.345985401459854,0.5144142468190697,qwen
actrolga,efficacy,HU,Hungary,1.9633041840322543,1.0113249410044443,3.28029197080292,0.5132512203718715,qwen
actrolga,efficacy,IE,Ireland,2.3037648462898677,1.1069928781223484,3.370802919708029,0.5404893526632509,qwen
actrolga,efficacy,IL,Israel,2.11740885990875,1.1727991176975374,3.3445255474452553,0.511121875240434,qwen
actrolga,efficacy,IS,Iceland,2.6080921197716784,1.087945761044902,3.4773722627737227,0.557903435010731,qwen
actrolga,efficacy,IT,Italy,1.822327627454578,0.877476527617054,3.3649635036496353,0.5390579882980499,qwen
actrolga,efficacy,LT,Lithuania,1.963838594140131,0.9733989143686933,3.3128654970760234,0.526107259640799,qwen
actrolga,efficacy,LV,Latvia,1.5356942878819717,0.7097815735878821,3.2715328467153286,0.5207603675358985,qwen
actrolga,efficacy,ME,Montenegro,2.1225811349452295,0.9421551463710266,3.335766423357664,0.5025864718995707,qwen
actrolga,efficacy,NL,Netherlands,2.0780062524434406,1.0888467240634798,3.3635036496350366,0.5413968170483203,qwen
actrolga,efficacy,NO,Norway,2.6076304127676564,1.0947123476303535,3.4905109489051096,0.5608946502909218,qwen
actrolga,efficacy,PL,Poland,2.090930901431472,1.0154541129838304,3.3317518248175184,0.5245046365454076,qwen
actrolga,efficacy,PT,Portugal,1.7593740788367676,1.018211503462485,3.356204379562044,0.5201862736919503,qwen
actrolga,efficacy,RS,Serbia,1.9132144482547229,1.1688216569656082,3.2992700729927007,0.49802186921570013,qwen
actrolga,efficacy,SE,Sweden,2.6423151680584636,1.0918545427669148,3.480656934306569,0.5662359100393344,qwen
actrolga,efficacy,SI,Slovenia,1.9712686705573756,0.9928447281360491,3.3781021897810217,0.5001045692505282,qwen
actrolga,efficacy,SK,Slovakia,1.868476483742559,0.9199427236111426,3.318248175182482,0.5195334977439837,qwen
actrolga,efficacy,UA,Ukraine,1.748233991574511,1.0118794778870175,3.305109489051095,0.4763901123703264,qwen
cptppola,efficacy,AT,Austria,2.722022452632956,1.199636203824149,3.548905109489051,0.6301532335137011,qwen
cptppola,efficacy,BE,Belgium,2.0443776544450745,1.0290845112164275,3.4788321167883214,0.6588833652669366,qwen
cptppola,efficacy,BG,Bulgaria,2.1144918277283926,1.121158813098891,3.5058479532163744,0.7448963572184177,qwen
cptppola,efficacy,CH,Switzerland,2.7075158443151643,1.0614031466929674,3.6043795620437957,0.6531377944423732,qwen
cptppola,efficacy,CY,Cyprus,2.0561790016847135,1.0973285271190274,3.545985401459854,0.7212333692266228,qwen
cptppola,efficacy,DE,Germany,2.5743790612120034,1.0734208741676388,3.5576642335766424,0.6720965960816249,qwen
cptppola,efficacy,EE,Estonia,1.877113993648144,0.9196848483145372,3.5576642335766424,0.7039698030365462,qwen
cptppola,efficacy,ES,Spain,2.214110323875781,1.1775444561554924,3.537226277372263,0.7592516417162632,qwen
cptppola,efficacy,FI,Finland,2.2865465020469147,0.9576168280041062,3.6087591240875914,0.7326426624496671,qwen
cptppola,efficacy,FR,France,2.180147948320813,0.9874977948773156,3.47007299270073,0.6695513208652966,qwen
cptppola,efficacy,GB,United Kingdom,2.3165698562125576,1.0783771745967745,3.5693430656934306,0.7354397622033835,qwen
cptppola,efficacy,GR,Greece,2.315689573550337,1.0390720058075422,3.5547445255474455,0.7042032122686944,qwen
cptppola,efficacy,HR,Croatia,1.8203510539105203,0.9374764043066067,3.4905109489051096,0.7246579362115957,qwen
cptppola,efficacy,HU,Hungary,1.9002890329608977,0.9599319264575873,3.4715328467153284,0.6563844020108505,qwen
cptppola,efficacy,IE,Ireland,2.249292472554973,1.1144628393846572,3.624817518248175,0.7138747148236813,qwen
cptppola,efficacy,IL,Israel,2.110375003285951,1.1794141012883828,3.5036496350364965,0.6592136862068847,qwen
cptppola,efficacy,IS,Iceland,2.7486483449941344,1.0369140807170711,3.691970802919708,0.7050422402592578,qwen
cptppola,efficacy,IT,Italy,2.0131524448099043,0.8602533569512344,3.586861313868613,0.7113139063930184,qwen
cptppola,efficacy,LT,Lithuania,1.9640952699623115,0.9666747400226601,3.487591240875912,0.6744550817015964,qwen
cptppola,efficacy,LV,Latvia,1.6006501763635819,0.8271079292850201,3.45985401459854,0.6798541998421941,qwen
cptppola,efficacy,ME,Montenegro,2.160782232706074,1.0329913248927622,3.4678362573099415,0.6826573664954341,qwen
cptppola,efficacy,NL,Netherlands,2.101668153905468,1.0765970118124921,3.5562043795620437,0.6808643150275004,qwen
cptppola,efficacy,NO,Norway,2.6187482792528947,1.0727982194528864,3.705109489051095,0.7198441562863804,qwen
cptppola,efficacy,PL,Poland,1.9300081759179204,0.9226357826378481,3.4437956204379563,0.5936877161999871,qwen
cptppola,efficacy,PT,Portugal,1.7280164727772018,0.9490430688999286,3.5970802919708027,0.7539313731856494,qwen
cptppola,efficacy,RS,Serbia,1.8995170692372243,1.1386062417072487,3.448175182481752,0.7002612492630501,qwen
cptppola,efficacy,SE,Sweden,2.6529324090450634,1.057827280494317,3.667153284671533,0.7174831628983065,qwen
cptppola,efficacy,SI,Slovenia,1.9722416237706597,0.9637675445306043,3.4715328467153284,0.7057562930583374,qwen
cptppola,efficacy,SK,Slovakia,1.621899790036209,0.8634200998321819,3.4554744525547445,0.6327929028513242,qwen
cptppola,efficacy,UA,Ukraine,1.7252724626659504,1.0353239048795415,3.4452554744525545,0.6723410704744586,qwen
trstprl,inst_trust,AT,Austria,5.242175927592053,2.4357773830496763,6.621897810218978,1.2206025815377426,qwen
trstprl,inst_trust,BE,Belgium,4.628179646810118,2.363716331922886,6.554093567251462,1.3205208487095417,qwen
trstprl,inst_trust,BG,Bulgaria,2.4551554799166544,2.142437615449954,5.7547723935389135,1.7396952867574753,qwen
trstprl,inst_trust,CH,Switzerland,6.496425585697865,1.876302887388109,6.930555555555555,1.2151143014452197,qwen
trstprl,inst_trust,CY,Cyprus,3.8560576559990563,2.4132199456623815,6.704379562043796,1.2602717504418626,qwen
trstprl,inst_trust,DE,Germany,4.800677929707122,2.7016964652482187,6.696637426900585,1.1857513424379986,qwen
trstprl,inst_trust,EE,Estonia,4.665463052878149,2.5884915895988727,6.687865497076023,1.3186405904463379,qwen
trstprl,inst_trust,ES,Spain,4.285837270813649,2.644755321087217,6.602639296187683,1.3655157482926858,qwen
trstprl,inst_trust,FI,Finland,6.529776970284798,2.021074645456615,6.645255474452555,1.2394567525180258,qwen
trstprl,inst_trust,FR,France,4.252820714733623,2.5048193897715083,6.202205882352941,1.5590708928271293,qwen
trstprl,inst_trust,GB,United Kingdom,3.8178911865183927,2.554935518140703,6.271595900439238,1.6281382781835192,qwen
trstprl,inst_trust,GR,Greece,3.1793160783535845,2.134711582927409,6.646198830409356,1.175880167497897,qwen
trstprl,inst_trust,HR,Croatia,2.9156645471949654,2.495127922675425,6.3328467153284675,1.4183998422286892,qwen
trstprl,inst_trust,HU,Hungary,4.585530523962645,2.91040181403758,6.045521292217328,1.586518960390429,qwen
trstprl,inst_trust,IE,Ireland,4.970725946358056,2.320439923925165,6.793430656934307,1.1226147149318795,qwen
trstprl,inst_trust,IL,Israel,3.8246940387324297,2.716653532252178,5.213343108504398,1.8663920677425916,qwen
trstprl,inst_trust,IS,Iceland,5.359657982892509,2.2975318085254752,6.846715328467154,1.4270287238823058,qwen
trstprl,inst_trust,IT,Italy,4.445538313930969,2.391832372995066,6.366032210834553,1.426853862935871,qwen
trstprl,inst_trust,LT,Lithuania,3.7015054407031442,2.5598784163179604,6.191800878477306,1.4428883569882893,qwen
trstprl,inst_trust,LV,Latvia,3.085455968220223,2.4264638758674892,6.092375366568915,1.5823829833143297,qwen
trstprl,inst_trust,ME,Montenegro,4.129466068560609,2.4463912606990545,6.478005865102639,1.3429371933931744,qwen
trstprl,inst_trust,NL,Netherlands,5.233150010344147,2.1241407487756607,6.629472140762464,1.3294128908349623,qwen
trstprl,inst_trust,NO,Norway,6.3778614703226735,2.448114306931588,7.00878477306003,1.124211872101891,qwen
trstprl,inst_trust,PL,Poland,3.925013781281735,2.6525205010712836,5.99051094890511,1.5456921466559075,qwen
trstprl,inst_trust,PT,Portugal,4.406812631092893,2.6392617809490924,6.83625730994152,1.0504553978024271,qwen
trstprl,inst_trust,RS,Serbia,4.139536965942952,3.11180706192086,5.757309941520468,1.7424648275909342,qwen
trstprl,inst_trust,SE,Sweden,6.243150550294175,2.1840669503513883,6.839912280701754,1.1575839399134717,qwen
trstprl,inst_trust,SI,Slovenia,4.143335995733991,2.44690284252444,6.475912408759124,1.3425408804607668,qwen
trstprl,inst_trust,SK,Slovakia,4.244871028022013,2.6559370223511354,5.742313323572475,1.6772792279251718,qwen
trstprl,inst_trust,UA,Ukraine,2.154783571969598,2.560212225230448,4.272327964860907,1.6617779222735578,qwen
trstplt,inst_trust,AT,Austria,3.759807007815198,2.5517147541887493,6.120411160058737,1.5923190103427136,qwen
trstplt,inst_trust,BE,Belgium,4.0912119142117565,2.3030896924496074,5.3392070484581495,1.8225076340541182,qwen
trstplt,inst_trust,BG,Bulgaria,2.1475325125405034,2.043033768354063,4.412023460410557,1.8068321178087159,qwen
trstplt,inst_trust,CH,Switzerland,5.589920851708134,1.9233925096008715,6.296783625730995,1.4776286470918871,qwen
trstplt,inst_trust,CY,Cyprus,2.6828211384739284,2.2422617403612857,5.003660322108345,1.8622822253342244,qwen
trstplt,inst_trust,DE,Germany,3.8328900242318618,2.416750373184652,6.30307467057101,1.5115700132555274,qwen
trstplt,inst_trust,EE,Estonia,3.568793977242785,2.3163644674991177,5.71303074670571,1.6725110743354323,qwen
trstplt,inst_trust,ES,Spain,2.703188652290895,2.356131769882449,5.32796486090776,1.790548610680308,qwen
trstplt,inst_trust,FI,Finland,5.356354939762621,2.0401590612951246,5.99632892804699,1.523463943047186,qwen
trstplt,inst_trust,FR,France,3.870814232958948,2.173635778622873,4.905286343612334,1.827945233911803,qwen
trstplt,inst_trust,GB,United Kingdom,3.0158032274748607,2.323845033474665,5.108504398826979,1.876499175299541,qwen
trstplt,inst_trust,GR,Greece,2.6916226846109907,1.9888520315402693,4.96819526627219,1.7845286537034561,qwen
trstplt,inst_trust,HR,Croatia,2.0635325844053702,2.1869972012597643,4.921491228070176,1.8148864171339127,qwen
trstplt,inst_trust,HU,Hungary,4.097236675778126,2.7014218276436006,4.93952802359882,1.7505098008091895,qwen
trstplt,inst_trust,IE,Ireland,4.236359300463853,2.3611316025918088,5.036656891495602,1.8936804935413747,qwen
trstplt,inst_trust,IL,Israel,3.2341115093976076,2.4973458568954587,4.9375,1.9309103936883265,qwen
trstplt,inst_trust,IS,Iceland,4.523770015731723,2.220347967941023,6.011730205278592,1.7307388346853674,qwen
trstplt,inst_trust,IT,Italy,3.3494548812045486,2.3317383487922063,5.038011695906433,1.82106258938978,qwen
trstplt,inst_trust,LT,Lithuania,3.400487282096519,2.327756603157886,4.540381791483113,1.8178605317362586,qwen
trstplt,inst_trust,LV,Latvia,2.6659860661685597,2.240002528040905,4.733088235294118,1.7905024819881479,qwen
trstplt,inst_trust,ME,Montenegro,3.465533384712255,2.179659795186121,4.936857562408223,1.8599038855557095,qwen
trstplt,inst_trust,NL,Netherlands,4.811463308692996,2.0572352003160677,5.801459854014599,1.7526081400618592,qwen
trstplt,inst_trust,NO,Norway,5.179298822506107,2.121172112973884,6.571953010279001,1.3783911671051237,qwen
trstplt,inst_trust,PL,Poland,2.8747644511024646,2.3577784249730933,4.873715124816447,1.7827356294776684,qwen
trstplt,inst_trust,PT,Portugal,2.8960445194558364,2.364964383248404,5.37719298245614,1.848858700041159,qwen
trstplt,inst_trust,RS,Serbia,2.807561355103738,2.856745406722904,4.482300884955753,1.8404962124798938,qwen
trstplt,inst_trust,SE,Sweden,4.848564291664028,2.0135710530862836,6.478445747800587,1.4437943323565472,qwen
trstplt,inst_trust,SI,Slovenia,3.1784893447640648,2.269207551701215,5.041055718475073,1.7813070981168067,qwen
trstplt,inst_trust,SK,Slovakia,3.9693729450476685,2.584523458368587,4.62848751835536,1.7694330024648084,qwen
trstplt,inst_trust,UA,Ukraine,1.962396981919774,2.3376603746548095,3.7759643916913945,1.6869266669629854,qwen
trstlgl,inst_trust,AT,Austria,6.5286971443572615,2.377865984466505,7.458711566617863,1.0483024024336338,qwen
trstlgl,inst_trust,BE,Belgium,5.266169731715172,2.4785467994055304,7.293988269794721,1.2548322760346127,qwen
trstlgl,inst_trust,BG,Bulgaria,3.875565887842884,2.91515080536421,7.020234604105572,1.3029734223306566,qwen
trstlgl,inst_trust,CH,Switzerland,6.9523468665135075,1.982959865644012,7.575182481751825,1.078686459025812,qwen
trstlgl,inst_trust,CY,Cyprus,4.2943830474763836,2.632961859588091,7.248538011695906,1.279554585988309,qwen
trstlgl,inst_trust,DE,Germany,6.025063268339777,2.3793754390666955,7.5058737151248165,0.981802442943515,qwen
trstlgl,inst_trust,EE,Estonia,6.267710745689831,2.4762551301101157,7.368713450292398,1.1860403676884754,qwen
trstlgl,inst_trust,ES,Spain,5.272403732506698,2.624309538411468,7.293265007320644,1.0687160459415286,qwen
trstlgl,inst_trust,FI,Finland,7.3772855276226155,1.9124758052898003,7.453216374269005,1.2339766116706716,qwen
trstlgl,inst_trust,FR,France,5.277578722328512,2.5140756806538884,6.987994143484627,1.3491289423889243,qwen
trstlgl,inst_trust,GB,United Kingdom,5.6163780941442445,2.521011371523573,7.076288659793815,1.3116722688009443,qwen
trstlgl,inst_trust,GR,Greece,5.246702680608762,2.5025338591575808,7.3919590643274855,0.9380876585533018,qwen
trstlgl,inst_trust,HR,Croatia,3.1060360867847785,2.470375641568366,7.209691629955947,1.2047675118915064,qwen
trstlgl,inst_trust,HU,Hungary,5.413927522391459,2.801304195804185,7.146852122986823,1.0813404926717243,qwen
trstlgl,inst_trust,IE,Ireland,5.69203320764676,2.396033627315256,7.514411764705883,1.0196874717616047,qwen
trstlgl,inst_trust,IL,Israel,4.48102706718821,2.8574560576316346,6.3828445747800595,1.8018057843372737,qwen
trstlgl,inst_trust,IS,Iceland,5.826511704694114,2.290303931244154,7.2727272727272725,1.3649550870025384,qwen
trstlgl,inst_trust,IT,Italy,5.530528680908423,2.3101433585918305,7.47985401459854,0.9631985468455656,qwen
trstlgl,inst_trust,LT,Lithuania,5.333041524038505,2.53083676667906,7.230600292825769,1.1378134442172656,qwen
trstlgl,inst_trust,LV,Latvia,4.138967022176612,2.66581072788196,6.935818713450293,1.46522023565599,qwen
trstlgl,inst_trust,ME,Montenegro,4.23413572231689,2.1759236559663613,7.259150805270864,1.1515196560546166,qwen
trstlgl,inst_trust,NL,Netherlands,6.388762659695479,2.0597908065345725,7.31057268722467,1.296808229196491,qwen
trstlgl,inst_trust,NO,Norway,7.3011783937619,2.191185770067164,7.567352941176471,1.060090886768349,qwen
trstlgl,inst_trust,PL,Poland,4.021643146743594,2.525457601316737,7.1863636363636365,0.9877689464933865,qwen
trstlgl,inst_trust,PT,Portugal,4.435887011208429,2.4930759270446927,7.359590043923866,1.0239540727623178,qwen
trstlgl,inst_trust,RS,Serbia,4.272382534026924,3.0329847425670975,7.072076023391813,1.163838157258579,qwen
trstlgl,inst_trust,SE,Sweden,6.422212816009448,2.215417878073363,7.490909090909091,1.1547537171955118,qwen
trstlgl,inst_trust,SI,Slovenia,4.782517309791612,2.5380693623732102,7.411143695014662,1.126072866084865,qwen
trstlgl,inst_trust,SK,Slovakia,5.15859064611645,2.6736842426754746,7.264817518248175,0.9980112550416144,qwen
trstlgl,inst_trust,UA,Ukraine,2.62570472401749,2.7208794816359383,5.935555555555555,1.6611937838010555,qwen
trstprt,inst_trust,AT,Austria,3.6963347780733735,2.4576851742054227,6.773529411764706,1.3003474835312352,qwen
trstprt,inst_trust,BE,Belgium,3.901528783790737,2.198950818680616,6.539411764705883,1.3795176232690862,qwen
trstprt,inst_trust,BG,Bulgaria,2.2674519398970117,2.1398152506421457,5.840643274853801,1.7474642230313668,qwen
trstprt,inst_trust,CH,Switzerland,5.365733608710456,1.8908503187585053,6.878362573099415,1.3064877900900098,qwen
trstprt,inst_trust,CY,Cyprus,2.482863307998946,2.1835126229241606,6.560380116959065,1.5307948256374928,qwen
trstprt,inst_trust,DE,Germany,3.887155565743618,2.2491886771250265,6.835043988269795,1.2652549026554352,qwen
trstprt,inst_trust,EE,Estonia,3.6893980783220424,2.206886268768,6.698096632503661,1.4377032053861116,qwen
trstprt,inst_trust,ES,Spain,2.6973428924841145,2.389649147738557,6.315789473684211,1.526385539934632,qwen
trstprt,inst_trust,FI,Finland,5.434923773302382,1.9347737916257004,6.689604685212299,1.3971043542394777,qwen
trstprt,inst_trust,FR,France,3.47647353131399,2.0911343205670136,6.122613803230544,1.6037693410095268,qwen
trstprt,inst_trust,GB,United Kingdom,3.1850148949940458,2.348263095051111,6.2324046920821115,1.641698672722576,qwen
trstprt,inst_trust,GR,Greece,2.822445362838009,2.0601598484600308,6.502928257686676,1.3846107171165467,qwen
trstprt,inst_trust,HR,Croatia,2.1587417100304584,2.2333583748636854,6.4684287812041115,1.4658220032760019,qwen
trstprt,inst_trust,HU,Hungary,4.075109341052381,2.6270031356835526,6.304093567251462,1.5649662559156836,qwen
trstprt,inst_trust,IE,Ireland,4.1739986092793675,2.2933948015392263,6.661290322580645,1.3122925342029164,qwen
trstprt,inst_trust,IL,Israel,3.3813375609355893,2.3700459503345623,5.855457227138643,1.944326598239034,qwen
trstprt,inst_trust,IS,Iceland,4.525464685011454,2.1950486298837695,6.702923976608187,1.6113952522353034,qwen
trstprt,inst_trust,IT,Italy,3.3610208793207383,2.3497735806666395,6.459677419354839,1.5292743612577762,qwen
trstprt,inst_trust,LT,Lithuania,3.2821173428708135,2.2763117265865733,6.404552129221733,1.4646801941637657,qwen
trstprt,inst_trust,LV,Latvia,2.525386270481844,2.2211609129739815,6.215441176470589,1.7182584718867795,qwen
trstprt,inst_trust,ME,Montenegro,3.711090386615508,2.31307033299726,6.2631578947368425,1.520061828781882,qwen
trstprt,inst_trust,NL,Netherlands,4.98058333512499,1.96243459082431,6.791348973607038,1.4448851297239271,qwen
trstprt,inst_trust,NO,Norway,5.3671595304269255,2.048502318553941,6.957979502196194,1.2931037542391244,qwen
trstprt,inst_trust,PL,Poland,2.91436556509795,2.379831825361464,6.3469985358711565,1.445115824538699,qwen
trstprt,inst_trust,PT,Portugal,2.902951409350657,2.3264527645400332,6.577372262773722,1.3684515890482583,qwen
trstprt,inst_trust,RS,Serbia,2.7175046698677487,2.7055050189578025,6.033674963396779,1.6656902947804897,qwen
trstprt,inst_trust,SE,Sweden,4.999524367908062,1.9794609607411369,6.9835777126099705,1.2791425578797677,qwen
trstprt,inst_trust,SI,Slovenia,3.164576009060389,2.239666440421617,6.5854014598540145,1.4143448541187311,qwen
trstprt,inst_trust,SK,Slovakia,3.9660866445286804,2.5627466267439947,6.211453744493392,1.5163572161758119,qwen
trstprt,inst_trust,UA,Ukraine,1.91796145354318,2.3487551677241822,5.2017673048600885,1.8968059938279103,qwen
trstplc,inst_trust,AT,Austria,7.048198702400107,2.3299292139289602,7.515418502202643,0.9878587254071544,qwen
trstplc,inst_trust,BE,Belgium,6.481846683689832,2.1348624084842096,7.312591508052709,1.2607378751275595,qwen
trstplc,inst_trust,BG,Bulgaria,5.184958703759927,2.8147241541045096,7.181683899556869,1.2932762398177269,qwen
trstplc,inst_trust,CH,Switzerland,7.32249972900217,1.9502362133668902,7.618168389955687,1.0205336584034053,qwen
trstplc,inst_trust,CY,Cyprus,5.093593287394825,2.602201706540397,7.376099706744868,1.1874777532315643,qwen
trstplc,inst_trust,DE,Germany,7.004467206225458,2.112825816430906,7.47510980966325,1.0015214721538197,qwen
trstplc,inst_trust,EE,Estonia,7.451618857814621,2.145865473139831,7.513177159590044,1.115329998352663,qwen
trstplc,inst_trust,ES,Spain,6.882325569432233,2.402605682884896,7.36090775988287,1.064135570313832,qwen
trstplc,inst_trust,FI,Finland,8.36650961396084,1.4188422090457942,7.4575402635431915,1.165403450236105,qwen
trstplc,inst_trust,FR,France,6.521489045769595,2.2468552023670956,7.020558002936857,1.4563311012301163,qwen
trstplc,inst_trust,GB,United Kingdom,5.84353719624166,2.528930687537436,7.0058823529411764,1.4701128920755,qwen
trstplc,inst_trust,GR,Greece,5.851565485960466,2.389356055870539,7.461086637298091,0.9473017376680055,qwen
trstplc,inst_trust,HR,Croatia,5.391691659108795,2.572495577309672,7.4692532942898975,1.0194978345121233,qwen
trstplc,inst_trust,HU,Hungary,6.323114992395225,2.5514012895441174,7.383771929824562,1.0768493360557765,qwen
trstplc,inst_trust,IE,Ireland,6.34225194768484,2.417847478632362,7.568713450292398,0.9386530237676727,qwen
trstplc,inst_trust,IL,Israel,4.731499091666773,2.803993866551745,6.536082474226804,1.8589121931550547,qwen
trstplc,inst_trust,IS,Iceland,6.880903752638397,2.286741214103045,7.259911894273127,1.5591266384033422,qwen
trstplc,inst_trust,IT,Italy,6.735453139431022,2.03696389366766,7.494883040935672,1.006735799599444,qwen
trstplc,inst_trust,LT,Lithuania,6.840907731460925,2.3620641004973,7.390762463343108,1.012848300179401,qwen
trstplc,inst_trust,LV,Latvia,5.345565623059908,2.565313030311234,7.108247422680412,1.5065216214574764,qwen
trstplc,inst_trust,ME,Montenegro,5.33831741989394,2.289400230773549,7.317715959004392,1.1576949218622496,qwen
trstplc,inst_trust,NL,Netherlands,7.031936952279682,1.6731356506046635,7.440058479532164,1.1237763136039594,qwen
trstplc,inst_trust,NO,Norway,7.497281115481987,2.131882331185733,7.613868613138687,1.046169739126081,qwen
trstplc,inst_trust,PL,Poland,5.144209820314441,2.6126205890611636,7.323099415204679,1.0694034606723726,qwen
trstplc,inst_trust,PT,Portugal,6.35140123530796,2.37199949180341,7.44014598540146,1.0565487685358077,qwen
trstplc,inst_trust,RS,Serbia,5.298439353393637,3.0755522567357465,7.2595307917888565,1.1749109066440773,qwen
trstplc,inst_trust,SE,Sweden,7.010517082776527,2.0695476008677933,7.458944281524927,1.1810113139860852,qwen
trstplc,inst_trust,SI,Slovenia,6.298202965670212,2.39963246963771,7.559210526315789,0.9998916293286385,qwen
trstplc,inst_trust,SK,Slovakia,5.715810942457989,2.5968965560218478,7.491228070175438,0.9190893771518318,qwen
trstplc,inst_trust,UA,Ukraine,3.346869383787289,2.882555307976165,6.644117647058824,1.4703132377376669,qwen
trstep,inst_trust,AT,Austria,4.441713049182769,2.7027869412924757,6.938144329896907,0.9148093776450054,qwen
trstep,inst_trust,BE,Belgium,4.644375709423029,2.482058348908749,6.8464912280701755,1.017332644006522,qwen
trstep,inst_trust,BG,Bulgaria,4.590907637406625,2.8154598161996414,6.837758112094395,1.10868292676403,qwen
trstep,inst_trust,CH,Switzerland,4.9804047024318026,2.142752152560394,6.831140350877193,0.998261087305314,qwen
trstep,inst_trust,CY,Cyprus,4.494442682400129,2.6253215046817244,6.970717423133236,1.0010363753257496,qwen
trstep,inst_trust,DE,Germany,4.6553069483283815,2.6988466506724818,6.952871870397644,0.8169407461215502,qwen
trstep,inst_trust,EE,Estonia,4.867659024996451,2.5389822170035377,6.885964912280702,1.0073705411907758,qwen
trstep,inst_trust,ES,Spain,4.617834338361529,2.58207626029311,6.926470588235294,0.9132662654413407,qwen
trstep,inst_trust,FI,Finland,5.884698971541353,2.0478526383413707,6.77046783625731,1.118828247575586,qwen
trstep,inst_trust,FR,France,4.358218524618483,2.5065079834216193,6.689705882352941,1.1875197486468674,qwen
trstep,inst_trust,GB,United Kingdom,3.9659348201020137,2.634761088291623,6.602373887240356,1.2827789541233423,qwen
trstep,inst_trust,GR,Greece,4.325553876401601,2.3648784897283908,7.002222222222223,0.8467485960811395,qwen
trstep,inst_trust,HR,Croatia,4.181384694167215,2.639162523655762,6.945508100147276,0.9209010270547298,qwen
trstep,inst_trust,HU,Hungary,4.842041979022309,2.559677185813506,6.870778267254038,0.9507183719804255,qwen
trstep,inst_trust,IE,Ireland,5.190912190718104,2.301815167988883,6.993372606774669,0.9178821467354631,qwen
trstep,inst_trust,IL,Israel,2.7966407305118883,2.5564369022191045,6.421828908554573,1.3153771452324952,qwen
trstep,inst_trust,IS,Iceland,5.5923851198663295,2.243165922829671,6.718475073313783,1.3580386728008456,qwen
trstep,inst_trust,IT,Italy,4.647829420068639,2.3531593011282976,6.971407624633431,0.881938567491359,qwen
trstep,inst_trust,LT,Lithuania,5.023996321399762,2.632139279336537,6.844903988183161,1.0137478932476025,qwen
trstep,inst_trust,LV,Latvia,4.251592920932756,2.6260011177629847,6.664212076583211,1.2417517561830684,qwen
trstep,inst_trust,ME,Montenegro,5.54537932736838,2.362639500661553,6.883994126284875,1.0556817813597337,qwen
trstep,inst_trust,NL,Netherlands,5.1357615968982495,2.242656739308697,6.869941348973607,0.998937613092844,qwen
trstep,inst_trust,NO,Norway,5.627393518801301,2.178716230468213,6.855670103092783,1.0488479915109705,qwen
trstep,inst_trust,PL,Poland,3.957651671025209,2.697137928277827,6.895588235294118,0.9223032294150971,qwen
trstep,inst_trust,PT,Portugal,4.892394298430099,2.617896802698862,7.005865102639296,0.9035551739696944,qwen
trstep,inst_trust,RS,Serbia,2.7730792127220054,2.825146464333168,6.850220264317181,0.9523364974385153,qwen
trstep,inst_trust,SE,Sweden,5.2806213736007015,2.1710305492664226,6.840942562592047,1.0949210965227276,qwen
trstep,inst_trust,SI,Slovenia,4.528745064461624,2.5517164807944748,6.881268436578171,1.001986291093818,qwen
trstep,inst_trust,SK,Slovakia,4.626454297072137,2.9537924517663043,6.839705882352941,0.8747210295254514,qwen
trstep,inst_trust,UA,Ukraine,4.195768145519062,3.0947491383522934,6.563421828908554,1.237506463499783,qwen
trstun,inst_trust,AT,Austria,4.9381208805276975,2.66672198274972,7.2485207100591715,0.9351161708064893,qwen
trstun,inst_trust,BE,Belgium,5.238178968574235,2.396333746412237,7.11340206185567,1.0220778486340014,qwen
trstun,inst_trust,BG,Bulgaria,4.799013115669446,2.799354120493202,7.121301775147929,1.1700289673133737,qwen
trstun,inst_trust,CH,Switzerland,5.327174304085703,2.2798633759460833,7.163489736070381,1.0389060766809903,qwen
trstun,inst_trust,CY,Cyprus,4.104515544764862,2.5993390491532526,7.1911764705882355,0.9656448079778427,qwen
trstun,inst_trust,DE,Germany,4.795974606838823,2.5178768647535934,7.152716593245228,0.9394283887043605,qwen
trstun,inst_trust,EE,Estonia,4.795070493223868,2.662819868529023,7.144117647058824,1.0508965739375824,qwen
trstun,inst_trust,ES,Spain,4.869911326639016,2.6935501723222925,7.179148311306902,1.033372481404624,qwen
trstun,inst_trust,FI,Finland,6.488996062898592,2.117560252132273,7.197368421052632,0.9217998048234838,qwen
trstun,inst_trust,FR,France,5.187570945898971,2.439297260904272,7.081240768094535,1.089576595032223,qwen
trstun,inst_trust,GB,United Kingdom,5.068956337890133,2.6334564888091543,6.944608567208272,1.1679730211826462,qwen
trstun,inst_trust,GR,Greece,4.380066069687555,2.3779031168488247,7.337976539589443,0.8407276126577607,qwen
trstun,inst_trust,HR,Croatia,4.641931114635581,2.8824633999834313,7.1938325991189425,1.09572303345936,qwen
trstun,inst_trust,HU,Hungary,5.431164439172593,2.492506117115492,7.151111111111111,1.0425563954934869,qwen
trstun,inst_trust,IE,Ireland,5.348305834138985,2.419858286145188,7.287390029325513,0.9178212359833617,qwen
trstun,inst_trust,IL,Israel,2.158735877721266,2.499463206769922,6.331360946745562,1.6035955654941751,qwen
trstun,inst_trust,IS,Iceland,6.129719684805683,2.275120220593933,7.16198224852071,1.1984637968153276,qwen
trstun,inst_trust,IT,Italy,4.959247795419568,2.407398237329906,7.337683284457478,0.9341942271405218,qwen
trstun,inst_trust,LT,Lithuania,5.113734704134614,2.6384547194832537,7.231454005934718,1.0751088787422172,qwen
trstun,inst_trust,LV,Latvia,3.944849335449868,2.8572210133988953,6.865044247787611,1.3738975968413547,qwen
trstun,inst_trust,ME,Montenegro,5.477883219043625,2.3384144117845906,7.2437223042836045,1.0747132683472118,qwen
trstun,inst_trust,NL,Netherlands,5.837135196439165,2.0616843339052084,7.153367496339678,1.0899751502174364,qwen
trstun,inst_trust,NO,Norway,7.004010109627948,2.20650915385233,7.234604105571847,1.0069241507615843,qwen
trstun,inst_trust,PL,Poland,4.925437491650594,2.585202291044782,7.122058823529412,0.989539633255582,qwen
trstun,inst_trust,PT,Portugal,5.468309186576956,2.6214498499165084,7.312316715542522,0.8294121014622617,qwen
trstun,inst_trust,RS,Serbia,2.8935428453296557,2.870760992698354,7.147275405007364,1.0637999314940292,qwen
trstun,inst_trust,SE,Sweden,6.378675272276728,2.1906130537695097,7.120411160058737,1.0793014386188327,qwen
trstun,inst_trust,SI,Slovenia,4.75708153743771,2.593813931582263,7.258823529411765,0.8771750234881366,qwen
trstun,inst_trust,SK,Slovakia,5.006831482621015,3.0015706587559183,7.149560117302053,0.9715065945191069,qwen
trstun,inst_trust,UA,Ukraine,3.6013180121383064,3.107175118929105,6.612184249628529,1.4277125858891624,qwen
happy,wellbeing,AT,Austria,7.76090373708049,1.6476809008987041,7.535294117647059,0.8258997335761553,qwen
happy,wellbeing,BE,Belgium,7.693888917247725,1.5948426862606622,7.533234859675037,0.8017198743261353,qwen
happy,wellbeing,BG,Bulgaria,6.2599013533973995,2.1058326813703254,7.470544918998527,0.8036705051178727,qwen
happy,wellbeing,CH,Switzerland,8.143443693353284,1.4784609167560088,7.58625730994152,0.9293575440462206,qwen
happy,wellbeing,CY,Cyprus,6.987720510210006,2.0375544046536445,7.590643274853801,0.7854646925540295,qwen
happy,wellbeing,DE,Germany,7.770826781915745,1.6481961735890556,7.57669616519174,0.6673563880053633,qwen
happy,wellbeing,EE,Estonia,7.392975022060044,1.8125399321856848,7.53486646884273,0.922261125672115,qwen
happy,wellbeing,ES,Spain,7.9068639433129615,1.5083333876993539,7.589970501474927,0.6545058002458305,qwen
happy,wellbeing,FI,Finland,8.056294696497618,1.4941446726890395,7.560205580029368,0.7645948285153038,qwen
happy,wellbeing,FR,France,7.484937725116078,1.5824931766151542,7.399412628487519,0.9980567626874581,qwen
happy,wellbeing,GB,United Kingdom,7.58670240724883,1.8928609716961053,7.442477876106195,0.918589115611948,qwen
happy,wellbeing,GR,Greece,6.842498028815976,1.5533308312932954,7.617302052785924,0.752007431713682,qwen
happy,wellbeing,HR,Croatia,7.57452763307812,1.8953856307718508,7.576470588235294,0.808663991574478,qwen
happy,wellbeing,HU,Hungary,7.213928510077665,1.949751769688737,7.502949852507375,0.7852913921584813,qwen
happy,wellbeing,IE,Ireland,7.656938166322823,1.5969945819593403,7.683357879234168,0.6836932759851849,qwen
happy,wellbeing,IL,Israel,7.378506798276478,1.9589332675006683,7.116244411326378,1.294611643442976,qwen
happy,wellbeing,IS,Iceland,7.795136804185614,1.6901819986040958,7.609144542772861,0.710153523080666,qwen
happy,wellbeing,IT,Italy,6.866632272435569,1.7736600966317824,7.68575624082232,0.6628279826710172,qwen
happy,wellbeing,LT,Lithuania,7.462256314361242,1.9640572400944816,7.519174041297935,0.823627041141647,qwen
happy,wellbeing,LV,Latvia,6.942492161894379,2.010490673099773,7.260416666666667,1.1844918693576023,qwen
happy,wellbeing,ME,Montenegro,6.598538405658492,1.9929676150976603,7.57624633431085,0.7029779226891163,qwen
happy,wellbeing,NL,Netherlands,7.967482570449453,1.2594481552897474,7.579411764705882,0.7748929943761643,qwen
happy,wellbeing,NO,Norway,7.874301227891386,1.6412667294737115,7.653958944281525,0.6416003198345571,qwen
happy,wellbeing,PL,Poland,7.580291683668927,1.9297359190706487,7.480938416422287,0.9230704360858687,qwen
happy,wellbeing,PT,Portugal,7.18890332891691,1.9345513767482962,7.580409356725146,0.8013326065896563,qwen
happy,wellbeing,RS,Serbia,7.293745610623994,2.1956271452212994,7.464601769911504,0.8903308286573702,qwen
happy,wellbeing,SE,Sweden,7.653675579018058,1.651322113708472,7.596182085168869,0.7335951694760448,qwen
happy,wellbeing,SI,Slovenia,7.741530514531192,1.7814239483325474,7.632892804698972,0.6883731900549199,qwen
happy,wellbeing,SK,Slovakia,6.821599780133437,2.1340105043999387,7.529411764705882,0.7049287503096192,qwen
happy,wellbeing,UA,Ukraine,6.148338386295668,2.6702456732390303,7.306952662721893,1.0099925357151442,qwen
stflife,wellbeing,AT,Austria,7.78814385622568,1.663509124198267,7.670278184480234,0.6775480279098732,qwen
stflife,wellbeing,BE,Belgium,7.309428021722151,1.8917094461027428,7.704685212298682,0.6379092123701859,qwen
stflife,wellbeing,BG,Bulgaria,6.042474309791918,2.2120628343463418,7.537444933920705,0.787116063443578,qwen
stflife,wellbeing,CH,Switzerland,8.117545251532318,1.5615082032326784,7.768814055636897,0.6469256636952997,qwen
stflife,wellbeing,CY,Cyprus,6.3500031076829355,2.4105596498933695,7.677631578947368,0.767826468886007,qwen
stflife,wellbeing,DE,Germany,7.5174226887125135,1.8370147717535326,7.688970588235295,0.6912745473905799,qwen
stflife,wellbeing,EE,Estonia,6.995530555906337,2.0155902024685055,7.681524926686217,0.7367699618042947,qwen
stflife,wellbeing,ES,Spain,7.498474456930226,1.8224070220472202,7.758040935672515,0.535976244056557,qwen
stflife,wellbeing,FI,Finland,7.884236327112843,1.6106494607761095,7.668029197080292,0.7265735488946056,qwen
stflife,wellbeing,FR,France,6.770231955192009,2.2774602348290798,7.569016152716594,0.8516905686566606,qwen
stflife,wellbeing,GB,United Kingdom,7.076060810502419,2.0857563950905624,7.6551470588235295,0.7830889191015371,qwen
stflife,wellbeing,GR,Greece,6.412675488700161,1.9600409763547444,7.787829912023461,0.5460968005042611,qwen
stflife,wellbeing,HR,Croatia,7.254634337219264,2.1096005755584524,7.709397944199707,0.6218093300024699,qwen
stflife,wellbeing,HU,Hungary,6.621330451773505,2.1411539701501248,7.628299120234604,0.7024436338290835,qwen
stflife,wellbeing,IE,Ireland,7.264586614245971,1.746506935243767,7.817251461988304,0.499130184487648,qwen
stflife,wellbeing,IL,Israel,7.100674068580728,2.0995398201582294,7.315519765739385,1.1763527126337432,qwen
stflife,wellbeing,IS,Iceland,7.616733195317123,1.8741151012792872,7.733918128654971,0.7200059982416535,qwen
stflife,wellbeing,IT,Italy,6.739670239629779,1.903152675906479,7.828905109489051,0.5197667026591384,qwen
stflife,wellbeing,LT,Lithuania,7.1356614539550485,2.0928346239824207,7.661493411420206,0.715944587298924,qwen
stflife,wellbeing,LV,Latvia,6.395823933792753,2.2344529567249887,7.441262848751836,1.0446998682073532,qwen
stflife,wellbeing,ME,Montenegro,6.107432602015085,2.2377777283887044,7.734649122807017,0.5689486023683137,qwen
stflife,wellbeing,NL,Netherlands,7.911109433699263,1.2395781286526681,7.708771929824562,0.7675018596522247,qwen
stflife,wellbeing,NO,Norway,7.694714604104831,1.7955247906018192,7.761054172767204,0.677826482562291,qwen
stflife,wellbeing,PL,Poland,7.330899994057487,2.0169033095979096,7.624082232011747,0.7686552920092559,qwen
stflife,wellbeing,PT,Portugal,6.56427821284171,2.0566130251835895,7.7631578947368425,0.5709302200573821,qwen
stflife,wellbeing,RS,Serbia,6.842770538058628,2.31384027899869,7.587812041116006,0.774491142186524,qwen
stflife,wellbeing,SE,Sweden,7.761426256173515,1.765214803913871,7.7986822840409955,0.5443239693962517,qwen
stflife,wellbeing,SI,Slovenia,7.542574813136172,1.9244888595960155,7.715249266862171,0.612571920467649,qwen
stflife,wellbeing,SK,Slovakia,6.4957221910406595,2.193641926033914,7.589574155653451,0.7426462784263442,qwen
stflife,wellbeing,UA,Ukraine,5.135055056810102,2.8746660557095858,7.368768328445748,0.9583888565126668,qwen
stfeco,wellbeing,AT,Austria,5.54995975100486,2.122906575697393,6.499267935578331,1.084920388424714,qwen
stfeco,wellbeing,BE,Belgium,4.98606815137708,2.140962305023091,6.359649122807017,1.1628248004446946,qwen
stfeco,wellbeing,BG,Bulgaria,3.031413845159043,2.0478322235714828,5.75,1.3680360718917728,qwen
stfeco,wellbeing,CH,Switzerland,6.845506079176042,1.794737285619912,6.656934306569343,0.9840686828563586,qwen
stfeco,wellbeing,CY,Cyprus,3.621005068769763,2.2862779112800453,6.272992700729927,1.2471900375294553,qwen
stfeco,wellbeing,DE,Germany,4.603022073123684,2.2304373073135833,6.481751824817518,1.1271645179829497,qwen
stfeco,wellbeing,EE,Estonia,3.9325211402685727,2.2100479528054375,6.532846715328467,1.0912403405553806,qwen
stfeco,wellbeing,ES,Spain,4.237300941743682,2.24737885886348,6.221897810218978,1.235602188133284,qwen
stfeco,wellbeing,FI,Finland,5.621461226119554,1.9579719138360596,6.49051094890511,1.0381525434452383,qwen
stfeco,wellbeing,FR,France,3.660295890775978,2.2237287051207018,6.063049853372434,1.3849881418858585,qwen
stfeco,wellbeing,GB,United Kingdom,3.2607008909458353,2.1312607908213446,6.4035087719298245,1.1597391909986345,qwen
stfeco,wellbeing,GR,Greece,3.469009875643056,2.0401583899106384,5.7862371888726205,1.3068680686808216,qwen
stfeco,wellbeing,HR,Croatia,3.81438187157306,2.2290589463333133,6.159356725146199,1.2572659203113616,qwen
stfeco,wellbeing,HU,Hungary,4.222210680856891,2.5543458274354554,6.014641288433382,1.2791203831989595,qwen
stfeco,wellbeing,IE,Ireland,5.177761758303079,2.237107840768206,6.461988304093567,1.0930444915363415,qwen
stfeco,wellbeing,IL,Israel,4.637346340378427,2.4778551747260322,5.8654970760233915,1.4945610181212023,qwen
stfeco,wellbeing,IS,Iceland,4.354133278700258,2.301638119156402,6.390350877192983,1.1983250363780091,qwen
stfeco,wellbeing,IT,Italy,4.1676646263709225,2.127827664975726,6.130116959064328,1.2641119028176282,qwen
stfeco,wellbeing,LT,Lithuania,4.544519559488827,2.4391149388673945,6.281751824817518,1.2070830784175854,qwen
stfeco,wellbeing,LV,Latvia,3.5572163109068264,2.1520775282363993,6.054331864904552,1.3520081583673813,qwen
stfeco,wellbeing,ME,Montenegro,4.329125358977915,2.4212189501351213,6.391495601173021,1.1801532258755634,qwen
stfeco,wellbeing,NL,Netherlands,5.750090162399542,1.8883487420818466,6.513868613138686,1.0943223010163545,qwen
stfeco,wellbeing,NO,Norway,5.638977511362683,2.2999889990969327,6.706140350877193,0.9403390330674739,qwen
stfeco,wellbeing,PL,Poland,5.266828562831059,2.084401474654986,6.158125915080527,1.2066059625791385,qwen
stfeco,wellbeing,PT,Portugal,3.7597087439710393,2.2173779023902607,6.2773722627737225,1.1169214622068524,qwen
stfeco,wellbeing,RS,Serbia,4.08009767411611,2.6670196884026667,5.684671532846715,1.4377375476722731,qwen
stfeco,wellbeing,SE,Sweden,4.727544972683704,2.003617018275472,6.602919708029197,1.014510339485947,qwen
stfeco,wellbeing,SI,Slovenia,5.256003164705521,2.198909115847543,6.364035087719298,1.0770841169380942,qwen
stfeco,wellbeing,SK,Slovakia,3.90539600420454,2.4802603822382823,6.108187134502924,1.2208499499780157,qwen
stfeco,wellbeing,UA,Ukraine,2.582621884597501,2.473376037105537,4.360294117647059,1.3723162005565523,qwen
stfgov,wellbeing,AT,Austria,4.039162360697896,2.542751952796585,6.9900439238653,0.9542099176715894,qwen
stfgov,wellbeing,BE,Belgium,4.327179766206084,2.2310383559273848,6.855182481751825,1.2048719947236184,qwen
stfgov,wellbeing,BG,Bulgaria,2.6719832241253285,2.1518931725478994,6.636896046852123,1.3052736590290268,qwen
stfgov,wellbeing,CH,Switzerland,6.603606802594606,1.7563173900139182,7.234744525547446,0.9801338674322384,qwen
stfgov,wellbeing,CY,Cyprus,3.9267792705867395,2.318596254151223,6.883211678832117,1.237898694890165,qwen
stfgov,wellbeing,DE,Germany,3.8478023210079932,2.565662571285465,7.036496350364963,0.9244783508078444,qwen
stfgov,wellbeing,EE,Estonia,3.531555568247472,2.262874109890977,6.989766081871345,1.2649853514352172,qwen
stfgov,wellbeing,ES,Spain,3.7614892720866218,2.6222085393506376,6.833138686131386,1.0275572520189002,qwen
stfgov,wellbeing,FI,Finland,4.804454929568028,2.3543226465867253,7.040875912408759,1.1273808299547003,qwen
stfgov,wellbeing,FR,France,3.787785280082554,2.442793733642136,6.627007299270073,1.310076983678065,qwen
stfgov,wellbeing,GB,United Kingdom,3.036843581975516,2.394408469716829,6.790204678362573,1.2441043226590367,qwen
stfgov,wellbeing,GR,Greece,3.644471747398687,2.2863689257464532,6.76934306569343,1.0025961944920228,qwen
stfgov,wellbeing,HR,Croatia,3.4080005877444512,2.537664144424585,6.825768667642753,1.1716760380735494,qwen
stfgov,wellbeing,HU,Hungary,4.349290035814571,2.773293843461117,6.780701754385965,0.9808602188379448,qwen
stfgov,wellbeing,IE,Ireland,4.870906010407424,2.2837559034048587,6.9868421052631575,1.092287335659362,qwen
stfgov,wellbeing,IL,Israel,3.8927885655775873,2.9003886880694987,5.970029239766082,1.7436920823949227,qwen
stfgov,wellbeing,IS,Iceland,4.095360338555398,2.3793164587301976,6.921491228070176,1.468993379983513,qwen
stfgov,wellbeing,IT,Italy,4.305847880343379,2.240831516737721,6.867153284671533,1.0630083571661753,qwen
stfgov,wellbeing,LT,Lithuania,3.891877946823288,2.5420418151357658,6.874452554744526,1.0903637729986626,qwen
stfgov,wellbeing,LV,Latvia,3.1240201091808486,2.2787685267851967,6.577372262773722,1.4027433804280756,qwen
stfgov,wellbeing,ME,Montenegro,4.613987966891826,2.4855582034040724,6.961313868613138,1.0611595896632517,qwen
stfgov,wellbeing,NL,Netherlands,4.609865988308238,2.0062529772022137,7.081021897810219,1.0680454936098787,qwen
stfgov,wellbeing,NO,Norway,4.785794047937997,2.2175501497089307,7.28,1.1194949780360577,qwen
stfgov,wellbeing,PL,Poland,4.541712539383122,2.823730378695335,6.881751824817519,0.9577491719290231,qwen
stfgov,wellbeing,PT,Portugal,3.513193931375951,2.3111842226430293,6.924087591240876,1.1170872177075883,qwen
stfgov,wellbeing,RS,Serbia,4.258255990476471,3.198497977514989,6.672992700729927,1.1839264420233553,qwen
stfgov,wellbeing,SE,Sweden,4.269263904955265,2.167209026362757,7.173722627737226,1.0570889958628702,qwen
stfgov,wellbeing,SI,Slovenia,4.249594291009816,2.4941118540650034,6.935766423357665,1.0314312733662763,qwen
stfgov,wellbeing,SK,Slovakia,4.46334706353566,2.686925975312871,6.731386861313869,1.1801075271169643,qwen
stfgov,wellbeing,UA,Ukraine,2.4743529805980655,2.565480033331153,5.725806451612903,1.6211369111389968,qwen
stfhlth,wellbeing,AT,Austria,6.474907116097822,2.438472434018327,7.525622254758419,0.6052090724057111,qwen
stfhlth,wellbeing,BE,Belgium,7.220810024616674,1.8327609518478543,7.469354838709678,0.6484925659704899,qwen
stfhlth,wellbeing,BG,Bulgaria,3.832171344870384,2.3748257579878462,7.055263157894737,0.7160889511719886,qwen
stfhlth,wellbeing,CH,Switzerland,6.831041864274515,1.9622858222787356,7.8369343065693435,0.5708252490704221,qwen
stfhlth,wellbeing,CY,Cyprus,5.576021271821681,2.3253109754011057,7.392093704245974,0.6514559669211253,qwen
stfhlth,wellbeing,DE,Germany,5.1952004418832605,2.4462601761167653,7.525768667642753,0.6225555969819557,qwen
stfhlth,wellbeing,EE,Estonia,5.793017380383871,2.1660633774564113,7.507894736842105,0.6479807224924925,qwen
stfhlth,wellbeing,ES,Spain,5.640440850707488,2.522739885428595,7.381112737920938,0.6913652122959263,qwen
stfhlth,wellbeing,FI,Finland,6.4186579536005794,2.06315131322013,7.735474452554745,0.6351174901701716,qwen
stfhlth,wellbeing,FR,France,5.439891110440975,2.4415300288512802,7.308333333333333,0.6919771363617716,qwen
stfhlth,wellbeing,GB,United Kingdom,4.797421449561588,2.4325170399551603,7.277205882352941,0.6346600346735928,qwen
stfhlth,wellbeing,GR,Greece,3.396290051453136,2.0119449650003913,7.228982300884955,0.5828836249355752,qwen
stfhlth,wellbeing,HR,Croatia,5.3548541416674444,2.682053424056007,7.289165446559298,0.6122405181458028,qwen
stfhlth,wellbeing,HU,Hungary,3.4347744313772854,2.4617765778736294,7.172980910425845,0.5701687685545853,qwen
stfhlth,wellbeing,IE,Ireland,4.433855064113273,2.3508293625680494,7.407737226277373,0.5820273509739632,qwen
stfhlth,wellbeing,IL,Israel,6.530300993284543,1.8914696286324908,7.287847730600293,0.7545454985163933,qwen
stfhlth,wellbeing,IS,Iceland,5.112267027203692,2.1491014425562263,7.907488986784141,0.5539587558540385,qwen
stfhlth,wellbeing,IT,Italy,5.10968527191663,2.096107535799735,7.481897810218979,0.6358623706858758,qwen
stfhlth,wellbeing,LT,Lithuania,4.4780529748809945,2.3439135030424465,7.248973607038123,0.5769231791687294,qwen
stfhlth,wellbeing,LV,Latvia,4.2972221458723485,2.5047000700024427,7.199853372434018,0.6461793113402621,qwen
stfhlth,wellbeing,ME,Montenegro,4.806435046611185,2.3092924712702363,7.326138032305434,0.7140344601844005,qwen
stfhlth,wellbeing,NL,Netherlands,6.629094750304629,1.781841136689458,7.719472913616397,0.6346206873300351,qwen
stfhlth,wellbeing,NO,Norway,7.06508411422838,1.940954250732358,7.880588235294118,0.4931694924820432,qwen
stfhlth,wellbeing,PL,Poland,4.202687158652689,2.329430701915596,7.220937042459736,0.5695481054464434,qwen
stfhlth,wellbeing,PT,Portugal,3.8254868131229243,2.5085001345712525,7.3992690058479536,0.6117320949026648,qwen
stfhlth,wellbeing,RS,Serbia,4.238355203962294,2.794463373118979,7.056534508076358,0.6892807647863824,qwen
stfhlth,wellbeing,SE,Sweden,5.69363952596369,2.1003606930097036,7.805131964809385,0.623254729890309,qwen
stfhlth,wellbeing,SI,Slovenia,4.722807877332366,2.500698766976185,7.4938416422287375,0.5915634662916935,qwen
stfhlth,wellbeing,SK,Slovakia,4.139320334932395,2.4686825909138355,7.145080763582967,0.605253982369,qwen
stfhlth,wellbeing,UA,Ukraine,4.3160230699847775,2.6234838094057635,6.344117647058823,1.1377680593944688,qwen
stfedu,wellbeing,AT,Austria,6.08971976844328,2.38046437739405,7.545095168374817,0.6761013268188293,qwen
stfedu,wellbeing,BE,Belgium,5.750874806842748,2.0937724621583906,7.541935483870969,0.6758696417434225,qwen
stfedu,wellbeing,BG,Bulgaria,4.100957477790751,2.3502352553952877,7.411764705882353,0.8038071068523983,qwen
stfedu,wellbeing,CH,Switzerland,6.656270184332477,1.9459891470846695,7.78970802919708,0.5264355777798427,qwen
stfedu,wellbeing,CY,Cyprus,4.587313251616586,2.2128597138691415,7.559677419354839,0.7132695797799309,qwen
stfedu,wellbeing,DE,Germany,4.233299683415836,2.351668087490688,7.522360703812317,0.6034305978667263,qwen
stfedu,wellbeing,EE,Estonia,6.393672568840203,2.229592946471987,7.706011730205279,0.5661853599572271,qwen
stfedu,wellbeing,ES,Spain,5.012136266255524,2.334332636268724,7.65,0.595559929776968,qwen
stfedu,wellbeing,FI,Finland,7.233358833554501,1.7644323642522501,7.727606461086637,0.5729451756591848,qwen
stfedu,wellbeing,FR,France,4.601790502520427,2.1644715997236985,7.5414705882352955,0.6836945133948295,qwen
stfedu,wellbeing,GB,United Kingdom,5.308284191408358,2.2556840404889704,7.456194690265487,0.6449313594073014,qwen
stfedu,wellbeing,GR,Greece,3.7855746517544375,1.9766209943690236,7.460856720827179,0.7182250301526337,qwen
stfedu,wellbeing,HR,Croatia,5.816350566373938,2.309736824795834,7.577013177159591,0.602084729768363,qwen
stfedu,wellbeing,HU,Hungary,3.9900899154478,2.4913239593329175,7.442961876832845,0.6317716471240499,qwen
stfedu,wellbeing,IE,Ireland,6.762298407137079,1.9802964933214715,7.6950146627565985,0.6119983034505825,qwen
stfedu,wellbeing,IL,Israel,5.264336488030869,2.077408346152148,7.450879765395895,0.7411786384325086,qwen
stfedu,wellbeing,IS,Iceland,6.324844854759572,1.8284320314772442,7.843338213762811,0.6381530223009823,qwen
stfedu,wellbeing,IT,Italy,5.083092027671306,1.9801848982095867,7.663142437591778,0.5921109732826242,qwen
stfedu,wellbeing,LT,Lithuania,4.6526346854447445,2.267229560508824,7.600146627565983,0.569088697975415,qwen
stfedu,wellbeing,LV,Latvia,4.108276020925814,2.2667826388568875,7.455457227138643,0.6671162042144793,qwen
stfedu,wellbeing,ME,Montenegro,4.359771069180318,2.237590857279682,7.620206489675517,0.6208503853758467,qwen
stfedu,wellbeing,NL,Netherlands,6.163150882846764,1.6663731337868324,7.667155425219941,0.6187528092461203,qwen
stfedu,wellbeing,NO,Norway,7.199044068958358,1.8551553739170237,7.841605839416059,0.5401486604671419,qwen
stfedu,wellbeing,PL,Poland,5.05428653345802,2.3976918855549516,7.451541850220265,0.6357960284478829,qwen
stfedu,wellbeing,PT,Portugal,4.477459151602673,2.299564384881257,7.667397660818714,0.5624707154716482,qwen
stfedu,wellbeing,RS,Serbia,5.00073893907496,2.8413549190837095,7.445588235294117,0.6591228659656009,qwen
stfedu,wellbeing,SE,Sweden,5.389646077291931,2.1151413881845356,7.767251461988304,0.5900423499560323,qwen
stfedu,wellbeing,SI,Slovenia,5.530632460507522,2.3221475576997714,7.679117647058824,0.5492309130583986,qwen
stfedu,wellbeing,SK,Slovakia,5.401373334803658,2.4041600037068336,7.493401759530792,0.5826673033300225,qwen
stfedu,wellbeing,UA,Ukraine,4.466432443709682,2.5979428831754627,6.943088235294118,0.9129952927448207,qwen
imueclt,immigration,AT,Austria,5.315172390064883,2.5730849170674883,7.671532846715328,0.8980118476527907,qwen
imueclt,immigration,BE,Belgium,6.1379240168747735,2.3033707467646853,7.681021897810219,0.9161109038300308,qwen
imueclt,immigration,BG,Bulgaria,4.3822668131494416,2.959049168036001,7.474816983894583,1.189954810819821,qwen
imueclt,immigration,CH,Switzerland,6.375870738527658,2.220136533492237,7.678152492668621,0.946517282691044,qwen
imueclt,immigration,CY,Cyprus,3.5214000548356443,2.523698455719429,7.639619883040936,1.1220642848781472,qwen
imueclt,immigration,DE,Germany,5.779437891976539,2.331576961352071,7.661549707602339,1.0198604369466977,qwen
imueclt,immigration,EE,Estonia,5.480215407140887,2.365476916842202,7.631824817518249,1.009810226930006,qwen
imueclt,immigration,ES,Spain,6.6260562145120625,2.3924314712251236,7.724087591240876,0.9002538260851133,qwen
imueclt,immigration,FI,Finland,7.225142432125029,2.0684223789959995,7.632116788321168,1.1037505377115076,qwen
imueclt,immigration,FR,France,5.529569032667339,2.7050910367326035,7.682017543859649,1.0271489032191465,qwen
imueclt,immigration,GB,United Kingdom,6.569074059332347,2.475974794584905,7.704845814977974,0.8733589727653033,qwen
imueclt,immigration,GR,Greece,4.050831083263721,2.084305513053689,7.689882697947214,0.9241896800878935,qwen
imueclt,immigration,HR,Croatia,5.02874341086001,2.7210579344664114,7.635964912280702,1.0926047585275716,qwen
imueclt,immigration,HU,Hungary,3.9425759331519634,2.476597140402959,7.507320644216691,1.081681240535974,qwen
imueclt,immigration,IE,Ireland,6.296974033797106,2.5958015849501503,7.747058823529412,0.7860099622439737,qwen
imueclt,immigration,IL,Israel,5.041758655711063,2.5863937276299773,7.534457478005865,1.1881946530057756,qwen
imueclt,immigration,IS,Iceland,6.897344321807305,2.245228123872818,7.696323529411765,1.0919040731194025,qwen
imueclt,immigration,IT,Italy,4.905544540377028,2.569233998960108,7.669590643274854,1.0435800284658396,qwen
imueclt,immigration,LT,Lithuania,4.984868415465608,2.6008663349692376,7.704552129221733,0.9198752220365451,qwen
imueclt,immigration,LV,Latvia,4.627373721269217,2.526015536644707,7.453402366863905,1.292016611839207,qwen
imueclt,immigration,ME,Montenegro,5.168439134667183,2.093806458714853,7.545790251107829,1.1031024714183162,qwen
imueclt,immigration,NL,Netherlands,6.205126662609896,2.1187354477389713,7.6304985337243405,1.0868224376645261,qwen
imueclt,immigration,NO,Norway,6.238422215272888,2.2541110468704337,7.7087591240875915,0.9659006684181835,qwen
imueclt,immigration,PL,Poland,5.498733975167413,2.3334251431778825,7.547584187408492,1.1066338976574908,qwen
imueclt,immigration,PT,Portugal,5.722458315562678,2.2507075625574586,7.655701754385965,1.0214878500289666,qwen
imueclt,immigration,RS,Serbia,4.877342073718054,3.0710413542742394,7.502202643171806,1.155069832390616,qwen
imueclt,immigration,SE,Sweden,6.8122445898666175,2.2672137388256846,7.699561403508772,0.9357155000084978,qwen
imueclt,immigration,SI,Slovenia,5.355770107952107,2.6083091129330294,7.627737226277373,1.1284939199394246,qwen
imueclt,immigration,SK,Slovakia,3.8467151318694572,2.7131866439546606,7.545387994143485,1.035366519730201,qwen
imueclt,immigration,UA,Ukraine,5.1239211172083206,2.8308581148632705,7.265785609397944,1.3161289074509002,qwen
imwbcnt,immigration,AT,Austria,4.840919058547187,2.4527294866543006,6.673559822747415,1.5028851546960884,qwen
imwbcnt,immigration,BE,Belgium,5.358485242127184,2.1346963974577657,6.701327433628318,1.5648317427211378,qwen
imwbcnt,immigration,BG,Bulgaria,3.956518004842652,2.85827404247127,6.504470938897168,1.6917210997614447,qwen
imwbcnt,immigration,CH,Switzerland,5.814854504443784,1.845154843550574,6.794550810014727,1.4523350326950375,qwen
imwbcnt,immigration,CY,Cyprus,3.740407078146568,2.40767595128739,6.870919881305638,1.7261514578345192,qwen
imwbcnt,immigration,DE,Germany,5.269177671086836,2.3771917248699403,6.732142857142857,1.5244093010954571,qwen
imwbcnt,immigration,EE,Estonia,4.849486247852013,2.1075366589514086,6.705794947994057,1.6525806837260442,qwen
imwbcnt,immigration,ES,Spain,5.9073130429923815,2.36952875171434,6.881872213967311,1.4078113506868102,qwen
imwbcnt,immigration,FI,Finland,6.013981245125915,2.1083433275445627,6.739675516224189,1.6576677074674697,qwen
imwbcnt,immigration,FR,France,5.115717521574483,2.229765989025632,6.4055059523809526,1.7469366963708102,qwen
imwbcnt,immigration,GB,United Kingdom,6.345731092544239,2.463997886085941,6.693047337278107,1.6907405007034124,qwen
imwbcnt,immigration,GR,Greece,4.102898458435573,2.2185870335870215,6.974150664697193,1.3624278041956084,qwen
imwbcnt,immigration,HR,Croatia,4.943828288889388,2.5165256668371816,6.76,1.5630279523482484,qwen
imwbcnt,immigration,HU,Hungary,3.863870207165531,2.1606799294968244,6.522189349112426,1.5666274982164305,qwen
imwbcnt,immigration,IE,Ireland,6.173427287195578,2.568885902556146,7.070058997050148,1.1807929874588856,qwen
imwbcnt,immigration,IL,Israel,4.77581453687835,2.514904982885558,6.041297935103245,2.1621299669125884,qwen
imwbcnt,immigration,IS,Iceland,6.9623407745959796,2.0342840285249113,6.91865671641791,1.7183250400508439,qwen
imwbcnt,immigration,IT,Italy,4.578901303697609,2.3773137202145906,6.860530191458027,1.4289888586026258,qwen
imwbcnt,immigration,LT,Lithuania,5.224923260700287,2.3357141831373007,6.817777777777778,1.475108338156125,qwen
imwbcnt,immigration,LV,Latvia,4.589096531490459,2.463691135380754,6.4431137724550895,1.811523302828753,qwen
imwbcnt,immigration,ME,Montenegro,4.695807747965913,2.2889881687702163,6.799410029498525,1.5367097176419249,qwen
imwbcnt,immigration,NL,Netherlands,5.492398377595162,1.896279430992423,6.754424778761062,1.5759275366224674,qwen
imwbcnt,immigration,NO,Norway,6.212088062951394,1.9985317121611983,6.824183976261128,1.5983906287453131,qwen
imwbcnt,immigration,PL,Poland,5.508572016196226,2.1384570518633192,6.66248153618907,1.423142945983629,qwen
imwbcnt,immigration,PT,Portugal,4.6418732065777135,2.165342872973786,6.994082840236686,1.4152483521673904,qwen
imwbcnt,immigration,RS,Serbia,4.82965163040081,2.965475322083407,6.6106983655274885,1.5612509158601349,qwen
imwbcnt,immigration,SE,Sweden,6.259593141286771,2.200494516774948,6.804860088365243,1.5901586912276138,qwen
imwbcnt,immigration,SI,Slovenia,4.963030999588137,2.377905047032816,6.728888888888889,1.4603496729075631,qwen
imwbcnt,immigration,SK,Slovakia,3.5309623603239166,2.3151891466772065,6.619970193740685,1.4923148398376977,qwen
imwbcnt,immigration,UA,Ukraine,5.317326172753119,2.8360849591577106,6.28486646884273,1.9108300235431699,qwen
imbgeco,immigration,AT,Austria,5.930470260348815,2.499139626004691,7.077598828696925,0.9068711817517862,qwen
imbgeco,immigration,BE,Belgium,5.483701091221589,2.339388956973316,7.071953010279001,0.9119100046672635,qwen
imbgeco,immigration,BG,Bulgaria,3.9249717897549425,2.9157517131191772,6.963072378138848,1.1780015228975393,qwen
imbgeco,immigration,CH,Switzerland,6.48445283213619,1.9625326083363415,7.204411764705882,0.9231012951131589,qwen
imbgeco,immigration,CY,Cyprus,3.6828782273570484,2.5969415991911684,7.120234604105572,1.1329666607737756,qwen
imbgeco,immigration,DE,Germany,6.017000040531877,2.2911062141897083,7.11340206185567,0.9763184423842947,qwen
imbgeco,immigration,EE,Estonia,5.317774342421363,2.2944430795613218,7.126099706744868,0.9125937485042389,qwen
imbgeco,immigration,ES,Spain,6.313687149498994,2.344351933188753,7.15929203539823,0.959132778667897,qwen
imbgeco,immigration,FI,Finland,6.432967495105742,2.095123340746024,7.099560761346998,1.0269319595775397,qwen
imbgeco,immigration,FR,France,5.321947182331542,2.47236650436905,7.034023668639053,1.0612483603765561,qwen
imbgeco,immigration,GB,United Kingdom,6.376894945797732,2.4281824626662245,7.137573964497041,1.0874405024519733,qwen
imbgeco,immigration,GR,Greece,4.236081165215293,2.186585793193556,7.087020648967552,1.1503424329366647,qwen
imbgeco,immigration,HR,Croatia,5.043247114389215,2.5862925583713934,6.9941176470588236,1.075894990378432,qwen
imbgeco,immigration,HU,Hungary,3.6517531630383213,2.5155489846881656,6.979411764705882,1.1040905097700033,qwen
imbgeco,immigration,IE,Ireland,6.125966412675849,2.6587736473754444,7.248529411764705,0.9408097673172173,qwen
imbgeco,immigration,IL,Israel,4.957305921928851,2.6777145342066095,7.010233918128655,1.1699810178367178,qwen
imbgeco,immigration,IS,Iceland,6.763693051791229,2.158027222781135,7.212257100149476,0.9105662939713549,qwen
imbgeco,immigration,IT,Italy,5.143774492178013,2.5286434557028725,7.196480938416422,0.9178212359833616,qwen
imbgeco,immigration,LT,Lithuania,5.600116432947033,2.6201160644142694,7.077712609970675,0.951759504901922,qwen
imbgeco,immigration,LV,Latvia,5.152410156212118,2.633014371248394,7.010324483775811,1.0903956490705196,qwen
imbgeco,immigration,ME,Montenegro,4.2132053258244015,2.7540876643589,7.117647058823529,0.9373514494338268,qwen
imbgeco,immigration,NL,Netherlands,5.739189778032886,1.9402534025455624,7.092920353982301,1.0015836925609414,qwen
imbgeco,immigration,NO,Norway,5.971415024050874,2.0597516430305314,7.1620029455081005,1.0349209965102941,qwen
imbgeco,immigration,PL,Poland,5.516269816646318,2.4460787671796043,7.022123893805309,0.9682310703559048,qwen
imbgeco,immigration,PT,Portugal,6.145828753645978,2.2198235960337978,7.180882352941176,0.9939074126404693,qwen
imbgeco,immigration,RS,Serbia,4.6659923199193525,3.0616903539340887,7.045857988165681,1.0353588766734292,qwen
imbgeco,immigration,SE,Sweden,5.945250039445946,2.0805169005604247,7.123529411764705,1.0048655779590414,qwen
imbgeco,immigration,SI,Slovenia,5.501060923277956,2.54407463650426,7.074780058651027,1.0059924834037783,qwen
imbgeco,immigration,SK,Slovakia,3.94990465806269,2.7485725170956266,7.041055718475073,0.9171641473854009,qwen
imbgeco,immigration,UA,Ukraine,6.176947417577988,2.81877924059916,6.9617083946980856,1.1084313627520537,qwen
imsmetn,immigration,AT,Austria,1.9848903594679843,0.802259529957706,2.9430656934306567,0.3436550231232331,qwen
imsmetn,immigration,BE,Belgium,1.9048137548184112,0.7044253089373982,2.9197080291970803,0.42333944878480917,qwen
imsmetn,immigration,BG,Bulgaria,2.2584295318744276,1.0266249994343912,2.9226277372262772,0.43410738907891594,qwen
imsmetn,immigration,CH,Switzerland,1.8323559975393269,0.6536016814694029,2.932846715328467,0.3878847814267025,qwen
imsmetn,immigration,CY,Cyprus,2.3744432028480555,0.8830584763563025,2.9416058394160585,0.40764663629522374,qwen
imsmetn,immigration,DE,Germany,1.762261807972097,0.6899154737487135,2.9239766081871346,0.3749998216216871,qwen
imsmetn,immigration,EE,Estonia,2.0564161789601294,0.713834294629291,2.9416058394160585,0.38171709920502706,qwen
imsmetn,immigration,ES,Spain,1.8990792529080591,0.817962435672302,2.9416058394160585,0.3620608523225962,qwen
imsmetn,immigration,FI,Finland,1.945990096143163,0.6764863006766781,2.9386861313868615,0.3850738850616894,qwen
imsmetn,immigration,FR,France,1.9617420516802728,0.7071034326966054,2.9124087591240877,0.40599406116462267,qwen
imsmetn,immigration,GB,United Kingdom,1.8744748593233793,0.7748312328624263,2.934306569343066,0.37860121828385657,qwen
imsmetn,immigration,GR,Greece,2.0069010704420394,0.9318933493678764,2.9474452554744524,0.37872521862664704,qwen
imsmetn,immigration,HR,Croatia,2.007848082038974,0.9097033377657038,2.9635036496350367,0.2963905457589963,qwen
imsmetn,immigration,HU,Hungary,2.8666734173836588,0.8804998783990738,2.937226277372263,0.3633436541408101,qwen
imsmetn,immigration,IE,Ireland,2.0050826600753324,0.846812763013551,2.951824817518248,0.30923934923321855,qwen
imsmetn,immigration,IL,Israel,1.7927284968003243,1.1274068781525866,2.9255474452554746,0.3808326513641811,qwen
imsmetn,immigration,IS,Iceland,1.5944948628437006,0.6105481222791607,2.9386861313868615,0.36559815907026605,qwen
imsmetn,immigration,IT,Italy,2.099682499728239,0.8415914705542806,2.9007299270072995,0.45442855806038707,qwen
imsmetn,immigration,LT,Lithuania,1.9148544359816146,0.7838305143103949,2.9502923976608186,0.329847432500077,qwen
imsmetn,immigration,LV,Latvia,1.861880713866723,0.9756875974062875,2.932846715328467,0.4098761560661508,qwen
imsmetn,immigration,ME,Montenegro,2.1930207464010523,0.8437025464438357,2.9474452554744524,0.3548083025729229,qwen
imsmetn,immigration,NL,Netherlands,2.09184325558409,0.6975747306932476,2.9313868613138685,0.4042449869525228,qwen
imsmetn,immigration,NO,Norway,1.6704486013714808,0.61393824957152,2.934306569343066,0.39744026661494186,qwen
imsmetn,immigration,PL,Poland,2.2737578360377912,0.7748541968957734,2.932846715328467,0.3605367767719832,qwen
imsmetn,immigration,PT,Portugal,2.407053493784501,0.7853713456635332,2.935766423357664,0.39951308563813903,qwen
imsmetn,immigration,RS,Serbia,1.8383213518091834,0.9222608093941408,2.927007299270073,0.3943133141459018,qwen
imsmetn,immigration,SE,Sweden,1.7306353858655772,0.6354810763112095,2.9255474452554746,0.4139435925567107,qwen
imsmetn,immigration,SI,Slovenia,1.874171812683402,0.7460745822384444,2.9562043795620436,0.3641181998075402,qwen
imsmetn,immigration,SK,Slovakia,2.668491306572592,0.8979077213435557,2.9064327485380117,0.41918085060572946,qwen
imsmetn,immigration,UA,Ukraine,1.6070585920919498,0.8563087408079539,2.8947368421052633,0.4403197504349565,qwen
impcntr,immigration,AT,Austria,2.624895307919512,0.9325443380468,2.8932748538011697,0.49773875842267157,qwen
impcntr,immigration,BE,Belgium,2.1057834615457693,0.8236762083891918,2.889051094890511,0.5095116960758869,qwen
impcntr,immigration,BG,Bulgaria,2.802638021347716,0.9885390707940974,2.8563049853372435,0.5363687782847938,qwen
impcntr,immigration,CH,Switzerland,2.1668625229304874,0.7680681584421224,2.9197080291970803,0.43693500126469,qwen
impcntr,immigration,CY,Cyprus,3.01573825997671,0.7437966965961555,2.897810218978102,0.4727156757812649,qwen
impcntr,immigration,DE,Germany,2.172601577227967,0.8087067600829588,2.912280701754386,0.42735325943912067,qwen
impcntr,immigration,EE,Estonia,2.753210304141824,0.8685915970027777,2.896198830409357,0.43900279143958604,qwen
impcntr,immigration,ES,Spain,2.0156059548711043,0.8778687415693935,2.8510948905109488,0.5525217029318369,qwen
impcntr,immigration,FI,Finland,2.4102001234500756,0.8058288145550183,2.8771929824561404,0.582422127994483,qwen
impcntr,immigration,FR,France,2.232715812578728,0.8225389980837455,2.8523391812865495,0.5519647554235529,qwen
impcntr,immigration,GB,United Kingdom,2.0219395846800894,0.848430285355126,2.8554744525547444,0.5782257228401173,qwen
impcntr,immigration,GR,Greece,3.040483689666175,0.7907982393692867,2.9284671532846716,0.45482290511363566,qwen
impcntr,immigration,HR,Croatia,2.3126614395024476,0.9299349153544375,2.896198830409357,0.4834449901542249,qwen
impcntr,immigration,HU,Hungary,3.2467126616393696,0.7895514146457082,2.9134897360703813,0.41607898837131946,qwen
impcntr,immigration,IE,Ireland,2.1726471210594567,0.8902763127314905,2.937226277372263,0.4051942172519928,qwen
impcntr,immigration,IL,Israel,3.170063969761885,0.8960326441496079,2.8802919708029195,0.44947002841266925,qwen
impcntr,immigration,IS,Iceland,1.8270792549310613,0.7537421933977912,2.9209370424597365,0.4526406722135929,qwen
impcntr,immigration,IT,Italy,2.259939683854844,0.8845466728919402,2.883211678832117,0.5082030812512159,qwen
impcntr,immigration,LT,Lithuania,2.432967734905435,0.9073005874422578,2.896350364963504,0.4518332959812975,qwen
impcntr,immigration,LV,Latvia,2.704574812297274,1.01408941043032,2.8435672514619883,0.5627032847654668,qwen
impcntr,immigration,ME,Montenegro,2.3313039240519635,0.8445580009466589,2.8817518248175182,0.49474120148587647,qwen
impcntr,immigration,NL,Netherlands,2.3225956942431747,0.8131809005001652,2.912280701754386,0.48511797195467415,qwen
impcntr,immigration,NO,Norway,1.830581823036069,0.6959909901689839,2.9021897810218977,0.5136253375003228,qwen
impcntr,immigration,PL,Poland,2.5409953996613295,0.7673873645334611,2.888888888888889,0.4422019234206791,qwen
impcntr,immigration,PT,Portugal,2.4760723365670385,0.8107473607252478,2.9299270072992702,0.4534411900047582,qwen
impcntr,immigration,RS,Serbia,2.5251294720870754,1.0817646195376982,2.883211678832117,0.4693172443952995,qwen
impcntr,immigration,SE,Sweden,1.8384383959626223,0.7041014027599896,2.843795620437956,0.6000562003246386,qwen
impcntr,immigration,SI,Slovenia,2.1997549182309015,0.8258467324868838,2.8815789473684212,0.5067738726823274,qwen
impcntr,immigration,SK,Slovakia,2.8906624441759146,0.852134052987886,2.910948905109489,0.4613226015567986,qwen
impcntr,immigration,UA,Ukraine,2.328579534630941,1.0934683992270489,2.841642228739003,0.5322180345270056,qwen
imdfetn,immigration,AT,Austria,2.4517622019493235,0.8802061273251262,2.9255474452554746,0.4032088391816265,qwen
imdfetn,immigration,BE,Belgium,2.0919372892883823,0.8073378444642432,2.927007299270073,0.3980037265163629,qwen
imdfetn,immigration,BG,Bulgaria,2.7328627261284333,0.987963184314789,2.897810218978102,0.4440093700088476,qwen
imdfetn,immigration,CH,Switzerland,2.1007438940066754,0.7119868597103385,2.948905109489051,0.35707485830413666,qwen
imdfetn,immigration,CY,Cyprus,2.880309130017844,0.7480132622807513,2.9430656934306567,0.41671852667404335,qwen
imdfetn,immigration,DE,Germany,2.1155225248243354,0.7415870792779439,2.9166666666666665,0.3944156305278547,qwen
imdfetn,immigration,EE,Estonia,2.482137790581076,0.8231709958675449,2.9430656934306567,0.39510817610404186,qwen
imdfetn,immigration,ES,Spain,2.020768220216837,0.871571042977701,2.9007299270072995,0.4702395106983018,qwen
imdfetn,immigration,FI,Finland,2.3173999200612294,0.7958721225569396,2.9430656934306567,0.4096417669830692,qwen
imdfetn,immigration,FR,France,2.1846977597098185,0.8005322694530923,2.9065693430656934,0.42581266979803767,qwen
imdfetn,immigration,GB,United Kingdom,1.9310717703886444,0.7847687411676028,2.913868613138686,0.46187744281999665,qwen
imdfetn,immigration,GR,Greece,2.8650876952628623,0.8124512890397037,2.945985401459854,0.35664424395416144,qwen
imdfetn,immigration,HR,Croatia,2.319903488882591,0.9429217058981054,2.937226277372263,0.4158777266445229,qwen
imdfetn,immigration,HU,Hungary,3.2389901160797776,0.768225077208008,2.9182481751824816,0.3999669171447329,qwen
imdfetn,immigration,IE,Ireland,2.1791032143283253,0.8894551469869207,2.959124087591241,0.34381645971589436,qwen
imdfetn,immigration,IL,Israel,2.928104329006959,0.988690987686415,2.9386861313868615,0.34502482646127347,qwen
imdfetn,immigration,IS,Iceland,1.8098389980877778,0.7528171498365184,2.8859649122807016,0.4734615421091361,qwen
imdfetn,immigration,IT,Italy,2.343602730831374,0.8587056770844878,2.9197080291970803,0.44026829540447465,qwen
imdfetn,immigration,LT,Lithuania,2.3379386305133734,0.8970813904785923,2.9605839416058393,0.3197581469623073,qwen
imdfetn,immigration,LV,Latvia,2.4385633393195496,1.0373280123666098,2.888726207906296,0.47138529203792007,qwen
imdfetn,immigration,ME,Montenegro,2.284846733970834,0.8193283772273464,2.9283625730994154,0.3816619395976493,qwen
imdfetn,immigration,NL,Netherlands,2.166043221464122,0.7310213203390152,2.9416058394160585,0.38552810589331565,qwen
imdfetn,immigration,NO,Norway,1.7362368862212043,0.6723635799431303,2.948905109489051,0.3846690664587279,qwen
imdfetn,immigration,PL,Poland,2.660975103502025,0.8066234522048692,2.9707602339181287,0.27436924783169214,qwen
imdfetn,immigration,PT,Portugal,2.525527473334346,0.8079625437610874,2.9226277372262772,0.42731870078027134,qwen
imdfetn,immigration,RS,Serbia,2.3673391689506214,1.0400754281561135,2.9124087591240877,0.437203576351598,qwen
imdfetn,immigration,SE,Sweden,1.7725604395730519,0.6786479470000785,2.9635036496350367,0.39009593819396865,qwen
imdfetn,immigration,SI,Slovenia,2.202717709087987,0.809141524736039,2.8947368421052633,0.4906461103584999,qwen
imdfetn,immigration,SK,Slovakia,2.955207288230443,0.8221506042981189,2.921167883211679,0.38567754934195886,qwen
imdfetn,immigration,UA,Ukraine,2.139831627748936,1.0299020627035194,2.9051094890510947,0.41328826294369797,qwen
gincdif,values,AT,Austria,1.8357850585925592,0.8482865431523864,3.3518248175182483,0.5383131262544228,qwen
gincdif,values,BE,Belgium,2.1720802640896064,0.9949910736596599,3.370802919708029,0.5183984254189464,qwen
gincdif,values,BG,Bulgaria,1.5765544452850997,0.8410492045798288,3.32992700729927,0.5816850099535205,qwen
gincdif,values,CH,Switzerland,2.2268630321551566,1.0099093629053904,3.334306569343066,0.5248834396092896,qwen
gincdif,values,CY,Cyprus,1.9201601100983492,0.9436877140159126,3.4277372262773724,0.5293615716493585,qwen
gincdif,values,DE,Germany,2.245756485033962,0.9697362603064524,3.4,0.5412785384073073,qwen
gincdif,values,EE,Estonia,2.4714217506623983,0.9958313547948203,3.324087591240876,0.5380989859053327,qwen
gincdif,values,ES,Spain,2.2390640373900483,1.0350336504377626,3.381021897810219,0.5535019885006474,qwen
gincdif,values,FI,Finland,2.2839959243441132,1.0050396138626976,3.305109489051095,0.5477654191064735,qwen
gincdif,values,FR,France,2.1055804270824057,1.0722848192788625,3.375182481751825,0.5278474745774658,qwen
gincdif,values,GB,United Kingdom,2.1757216244786504,0.9963492209249417,3.359124087591241,0.5320921336322552,qwen
gincdif,values,GR,Greece,1.7002968943187178,0.798982811770745,3.413138686131387,0.5271596513291767,qwen
gincdif,values,HR,Croatia,1.9352503863717316,0.9033262886377711,3.432116788321168,0.5215998649243357,qwen
gincdif,values,HU,Hungary,1.8453483315603791,0.9304015630107489,3.324087591240876,0.5774168059167956,qwen
gincdif,values,IE,Ireland,2.0458435789120073,0.9407137721299345,3.4306569343065694,0.5379680803966677,qwen
gincdif,values,IL,Israel,2.254488633535265,1.0402877437796958,3.4642335766423358,0.5492867818853843,qwen
gincdif,values,IS,Iceland,2.1414361386261214,0.9982674413562134,3.3693430656934305,0.5428377413375127,qwen
gincdif,values,IT,Italy,1.8017486793566568,0.8447168535948194,3.397080291970803,0.5434271802817011,qwen
gincdif,values,LT,Lithuania,2.121179547383133,0.9805559841016092,3.3255474452554745,0.5466577338113082,qwen
gincdif,values,LV,Latvia,1.9796661004482587,0.944902861842144,3.2642335766423356,0.5231116451728114,qwen
gincdif,values,ME,Montenegro,2.293288828528572,1.0921740290493038,3.424817518248175,0.5371819774393448,qwen
gincdif,values,NL,Netherlands,2.3307843275086677,1.0063788590941443,3.343065693430657,0.5358214468188505,qwen
gincdif,values,NO,Norway,2.2834812388590824,0.9777834109203098,3.3518248175182483,0.4959046004777564,qwen
gincdif,values,PL,Poland,2.5549544515394365,1.0972876335817574,3.362043795620438,0.507564328717791,qwen
gincdif,values,PT,Portugal,1.739313170854453,0.7659278870837078,3.381021897810219,0.5208423292858648,qwen
gincdif,values,RS,Serbia,1.9827876444054082,0.9714746764454562,3.4058394160583942,0.5737644267902559,qwen
gincdif,values,SE,Sweden,2.3279505976838246,0.9073903127600642,3.3386861313868614,0.5178464423863273,qwen
gincdif,values,SI,Slovenia,2.041077543530936,0.937292547544402,3.3854014598540147,0.5133510115982794,qwen
gincdif,values,SK,Slovakia,2.0097256652350133,0.8452932908204515,3.31970802919708,0.5683976935388048,qwen
gincdif,values,UA,Ukraine,2.089412928826519,1.080375501658059,3.32992700729927,0.5399757634131676,qwen
freehms,values,AT,Austria,1.8048403829960766,0.9115840436715983,3.7226277372262775,1.0082258678944465,qwen
freehms,values,BE,Belgium,1.4898664420721157,0.869878861423761,3.937226277372263,0.979542745938816,qwen
freehms,values,BG,Bulgaria,2.936348653180641,1.2945841023392308,3.5226277372262773,0.9325962550645995,qwen
freehms,values,CH,Switzerland,1.681711327728691,0.8015227077583311,3.894890510948905,1.0003158249725572,qwen
freehms,values,CY,Cyprus,2.5601500385869453,1.130945762975391,3.624817518248175,0.9448058235093107,qwen
freehms,values,DE,Germany,1.530034629573154,0.69406445606028,3.8423357664233575,0.9680361312593508,qwen
freehms,values,EE,Estonia,2.28474033252233,1.0679866161702931,3.6963503649635037,0.9829250385715536,qwen
freehms,values,ES,Spain,1.5241104285026639,0.783908853768037,3.913868613138686,0.9911289624156665,qwen
freehms,values,FI,Finland,1.6470933615759245,0.8292731727594597,3.8423357664233575,1.0152148555284046,qwen
freehms,values,FR,France,1.4007917808708183,0.7859407229370496,3.972262773722628,1.0003456951456275,qwen
freehms,values,GB,United Kingdom,1.5388997373585795,0.7322417028973582,3.9708029197080292,1.0411251633878686,qwen
freehms,values,GR,Greece,2.17310224200268,1.1699956257615467,3.727007299270073,0.9747921993009524,qwen
freehms,values,HR,Croatia,2.565495668237443,1.1255267816775996,3.5824817518248175,1.0292433070560787,qwen
freehms,values,HU,Hungary,2.690709609447177,1.2543735068448747,3.5167883211678834,0.9200948132450707,qwen
freehms,values,IE,Ireland,1.555016083388427,0.7829197773686,3.9474452554744524,1.058319884703252,qwen
freehms,values,IL,Israel,2.7719260476232255,1.4744816242172984,3.55036496350365,0.7924279892008452,qwen
freehms,values,IS,Iceland,1.3194521636061314,0.7057087260493001,4.032116788321168,1.0268994884797453,qwen
freehms,values,IT,Italy,2.092037298307339,1.0159876456686558,3.7912408759124085,1.031058223532998,qwen
freehms,values,LT,Lithuania,3.0050030857827386,1.141480316899656,3.5797950219619326,1.0002940706197945,qwen
freehms,values,LV,Latvia,2.468777846308473,1.2558480344950962,3.538686131386861,0.9460790256038326,qwen
freehms,values,ME,Montenegro,3.3321808808026123,1.2184330113663548,3.618978102189781,0.971489244335194,qwen
freehms,values,NL,Netherlands,1.445133996683743,0.7036742854321734,4.04963503649635,1.0487477974376387,qwen
freehms,values,NO,Norway,1.4441179088078822,0.6852131508943449,4.038011695906433,1.0217343048043868,qwen
freehms,values,PL,Poland,2.3225344510924515,1.0934718813624278,3.605839416058394,0.9093219650725485,qwen
freehms,values,PT,Portugal,1.8773637836038686,0.9176823894987853,3.899270072992701,1.0029558908841432,qwen
freehms,values,RS,Serbia,3.1265715118957917,1.3386531295813646,3.4423357664233576,0.9120475829302078,qwen
freehms,values,SE,Sweden,1.425785553832825,0.698236634958843,4.084671532846715,0.9590207687709638,qwen
freehms,values,SI,Slovenia,2.3629947482756473,1.0407782454388308,3.8,1.0156667501540164,qwen
freehms,values,SK,Slovakia,2.6065690910874335,1.1808278344003713,3.5153284671532847,0.9467465458445325,qwen
freehms,values,UA,Ukraine,2.9931284831475167,1.381845135679538,3.3693430656934305,0.775687022761153,qwen
hmsfmlsh,values,AT,Austria,4.147308028861745,1.1220901785126633,2.9605839416058393,0.6164600962970322,qwen
hmsfmlsh,values,BE,Belgium,4.405791777554618,1.087304254204888,2.9664233576642336,0.6072511850896655,qwen
hmsfmlsh,values,BG,Bulgaria,2.815351952556245,1.3390006883319725,2.94289897510981,0.7027105668804189,qwen
hmsfmlsh,values,CH,Switzerland,4.338163551741064,0.9071354553573259,2.9562043795620436,0.5756843516961434,qwen
hmsfmlsh,values,CY,Cyprus,3.223456992817589,1.1377698274401407,2.9795620437956205,0.6185649641965582,qwen
hmsfmlsh,values,DE,Germany,4.476295645274503,0.8271109613357113,3.0014619883040936,0.5940142344298366,qwen
hmsfmlsh,values,EE,Estonia,3.6581727531774,1.2219923136330886,2.9780701754385963,0.6106318315656326,qwen
hmsfmlsh,values,ES,Spain,4.564413348405986,0.8773885200685794,2.972262773722628,0.605135179790252,qwen
hmsfmlsh,values,FI,Finland,4.466912225808951,0.8301666166291634,2.9766423357664236,0.6439396712828355,qwen
hmsfmlsh,values,FR,France,4.607616902636518,0.8956009678608612,2.9562043795620436,0.605392593352491,qwen
hmsfmlsh,values,GB,United Kingdom,4.421650390697318,0.9237562317333435,2.9386861313868615,0.6747588019553005,qwen
hmsfmlsh,values,GR,Greece,3.409401943597352,1.3401954676674963,2.960526315789474,0.6714576378909997,qwen
hmsfmlsh,values,HR,Croatia,3.2644572705160075,1.2071891711249758,2.9708029197080292,0.6459682183921663,qwen
hmsfmlsh,values,HU,Hungary,3.293985811219156,1.3048496503964033,3.0087591240875913,0.6687986144055702,qwen
hmsfmlsh,values,IE,Ireland,4.363610254415526,1.0362110130763555,2.9795620437956205,0.6185649641965582,qwen
hmsfmlsh,values,IL,Israel,3.092598797312127,1.4837062096008957,3.024817518248175,0.5905915636159221,qwen
hmsfmlsh,values,IS,Iceland,4.749361652255945,0.6745042977261939,2.9678362573099415,0.6641768512179055,qwen
hmsfmlsh,values,IT,Italy,3.8375576432386036,1.060070225951727,2.9708029197080292,0.6252672626158076,qwen
hmsfmlsh,values,LT,Lithuania,3.0973628167924105,1.1617294783378334,2.9693430656934305,0.63792908318621,qwen
hmsfmlsh,values,LV,Latvia,3.084096141517945,1.3840300717145457,3.0102790014684286,0.5725690903464646,qwen
hmsfmlsh,values,ME,Montenegro,2.9981544280044723,1.1686757899030416,2.9327485380116958,0.6548685032786653,qwen
hmsfmlsh,values,NL,Netherlands,4.526722688061487,0.9001308315486732,2.913868613138686,0.7152456824204023,qwen
hmsfmlsh,values,NO,Norway,4.562125366986062,0.781905796814241,2.9576642335766423,0.6418315609201232,qwen
hmsfmlsh,values,PL,Poland,3.766829360736546,1.209928337992963,3.0,0.5777727721873996,qwen
hmsfmlsh,values,PT,Portugal,3.960362500463685,1.14824218850779,2.9795620437956205,0.6394829195570226,qwen
hmsfmlsh,values,RS,Serbia,2.723069707108146,1.4182508498135005,2.9693430656934305,0.6779270566382247,qwen
hmsfmlsh,values,SE,Sweden,4.587711797305787,0.7815274095803415,2.994143484626647,0.5756248344681293,qwen
hmsfmlsh,values,SI,Slovenia,3.725860891266949,1.1407292114608247,2.973722627737226,0.620703957200462,qwen
hmsfmlsh,values,SK,Slovakia,3.140008514024636,1.2251609120289109,2.9956204379562044,0.6105635175298344,qwen
hmsfmlsh,values,UA,Ukraine,2.4866616182198324,1.3712752707286429,2.9853372434017595,0.654649442047875,qwen
hmsacld,values,AT,Austria,2.3283595156863424,1.28402390834034,3.0773722627737228,0.5473210541939936,qwen
hmsacld,values,BE,Belgium,1.8758176179656545,1.1706599407282337,3.1197080291970805,0.5046334168370681,qwen
hmsacld,values,BG,Bulgaria,3.7089479531413008,1.2535944355507374,2.9941605839416057,0.5823634070902697,qwen
hmsacld,values,CH,Switzerland,2.508597984239608,1.278082604057314,3.115328467153285,0.5012980972460114,qwen
hmsacld,values,CY,Cyprus,3.716198939903026,1.2720113850934618,3.051094890510949,0.4732797085266753,qwen
hmsacld,values,DE,Germany,1.9107101931485644,1.0429038893935523,3.1226277372262774,0.5068237148008095,qwen
hmsacld,values,EE,Estonia,3.0847703715488484,1.3700731885725446,3.0948905109489053,0.4938690145086019,qwen
hmsacld,values,ES,Spain,1.735098497487845,1.0477927104779508,3.0948905109489053,0.536438489124806,qwen
hmsacld,values,FI,Finland,2.13443652053681,1.1925924458743113,3.090643274853801,0.4905850288289229,qwen
hmsacld,values,FR,France,2.1379974437669227,1.3368024660251876,3.1313868613138687,0.5046207285196318,qwen
hmsacld,values,GB,United Kingdom,1.891252942041102,1.0373934649471324,3.0978102189781023,0.5386341771518074,qwen
hmsacld,values,GR,Greece,3.864890146669234,1.2614793048487902,3.0715328467153284,0.5346131717766218,qwen
hmsacld,values,HR,Croatia,3.5825735883876977,1.2332019349605594,3.0583941605839415,0.4891576384842506,qwen
hmsacld,values,HU,Hungary,3.3170250072457623,1.259370001644766,3.0744525547445254,0.4670470249875812,qwen
hmsacld,values,IE,Ireland,1.9511084635234233,1.1206117655581447,3.1124087591240874,0.4719384647843918,qwen
hmsacld,values,IL,Israel,3.004916357312073,1.4805841885094917,3.074561403508772,0.4947711487501155,qwen
hmsacld,values,IS,Iceland,1.6136432116387014,1.1099785778643343,3.1255474452554743,0.5118521003889281,qwen
hmsacld,values,IT,Italy,3.189110426066679,1.2746065593696327,3.048175182481752,0.5637829345913253,qwen
hmsacld,values,LT,Lithuania,3.8929680058979232,1.0254374314810153,3.055636896046852,0.5304314046135673,qwen
hmsacld,values,LV,Latvia,3.691122363824701,1.3127537249694412,3.065693430656934,0.49565922141383606,qwen
hmsacld,values,ME,Montenegro,3.609247573779838,1.1522096115416658,3.0686131386861315,0.4982061130834027,qwen
hmsacld,values,NL,Netherlands,1.8122463900339445,1.0545263148827153,3.1722627737226277,0.5096624738802817,qwen
hmsacld,values,NO,Norway,1.8546935913036795,1.0651081892831464,3.1605839416058394,0.5077409064713263,qwen
hmsacld,values,PL,Poland,3.690918841333205,1.3092616604835379,3.090643274853801,0.5576305721454926,qwen
hmsacld,values,PT,Portugal,2.532455748115913,1.2532817523691113,3.048175182481752,0.5791330218399997,qwen
hmsacld,values,RS,Serbia,4.054340716461004,1.1343128680878303,3.0321167883211677,0.55841964592986,qwen
hmsacld,values,SE,Sweden,1.7863564870804594,0.9946625844214346,3.162043795620438,0.47297295814007273,qwen
hmsacld,values,SI,Slovenia,3.1789430084301267,1.300934490290156,3.062773722627737,0.5751947673276607,qwen
hmsacld,values,SK,Slovakia,3.803739725541597,1.1867565910602178,3.0948905109489053,0.46646630534049655,qwen
hmsacld,values,UA,Ukraine,3.6298902633912213,1.303423642630915,3.049780380673499,0.4567953318030293,qwen
euftf,values,AT,Austria,4.825502874722448,3.0342084393956115,7.057017543859649,1.0272825285881297,qwen
euftf,values,BE,Belgium,5.765449320758711,2.416902944449942,7.045255474452555,1.0011667756710465,qwen
euftf,values,BG,Bulgaria,5.673726649526171,2.5693029420564284,6.8939617083946985,1.2482230691627187,qwen
euftf,values,CH,Switzerland,5.058785730554144,2.414685662231084,6.9692532942898975,1.0994228819178662,qwen
euftf,values,CY,Cyprus,5.792117109114383,2.9949679655598245,6.942982456140351,1.2567686817618833,qwen
euftf,values,DE,Germany,6.214667663946268,2.6418240606486596,7.086383601756955,0.9686458240240987,qwen
euftf,values,EE,Estonia,5.716786505267848,2.89821692560743,6.983941605839416,1.0194191655946185,qwen
euftf,values,ES,Spain,6.219196303613679,2.3809300800724755,7.083333333333333,1.0038359808392632,qwen
euftf,values,FI,Finland,5.534029420072393,2.0625584465525115,6.91800878477306,1.1041168575442233,qwen
euftf,values,FR,France,5.208859418881203,2.7424846505392346,7.014684287812041,1.0388435008685772,qwen
euftf,values,GB,United Kingdom,5.343863392336422,2.4756337672732776,7.0,1.0029282639547537,qwen
euftf,values,GR,Greece,5.151211798556243,2.336877597222095,7.064421669106881,1.0932782139142339,qwen
euftf,values,HR,Croatia,5.322777832267683,2.7974378070924315,6.972181551976574,1.1074735782497664,qwen
euftf,values,HU,Hungary,4.477193257978707,2.800913282537003,6.960583941605839,1.1081409056166167,qwen
euftf,values,IE,Ireland,5.243559180491938,2.5821933775669614,7.08625730994152,0.9694535288136351,qwen
euftf,values,IL,Israel,4.852961097473329,2.491458730736414,6.903367496339678,1.2263135603613489,qwen
euftf,values,IS,Iceland,5.62716797734462,2.263634006374303,6.913489736070381,1.2440140930757773,qwen
euftf,values,IT,Italy,4.73214741711083,2.715610563008266,7.147877013177159,0.9158625100661844,qwen
euftf,values,LT,Lithuania,6.1896127724052565,2.778846660603036,6.976573938506589,0.9669199997659417,qwen
euftf,values,LV,Latvia,4.827724410534694,2.6225231586716697,6.8049853372434015,1.1780313164161758,qwen
euftf,values,ME,Montenegro,6.083059795496807,2.4725380356147033,7.021961932650073,1.0048785478402134,qwen
euftf,values,NL,Netherlands,5.575385357085336,2.301409214067249,7.0964912280701755,0.9570816266338367,qwen
euftf,values,NO,Norway,5.097026537869741,2.078064846793545,7.008797653958944,1.1105866304983918,qwen
euftf,values,PL,Poland,5.6268710507039295,2.7656972811566396,6.944281524926686,1.0451501152970581,qwen
euftf,values,PT,Portugal,6.304979972798495,2.229811268835333,7.019005847953216,1.0539981218965044,qwen
euftf,values,RS,Serbia,4.8863689602539795,3.507210676588169,6.972222222222222,1.0454336474909962,qwen
euftf,values,SE,Sweden,5.135459709443543,2.0268768402526756,7.083333333333333,1.0009146622235945,qwen
euftf,values,SI,Slovenia,5.628276825877404,2.5334816153476174,7.027737226277372,1.026315296945221,qwen
euftf,values,SK,Slovakia,4.506864222072202,3.1069045221663543,6.995614035087719,1.0513790999763832,qwen
euftf,values,UA,Ukraine,6.357211111872502,3.37601453739195,6.714285714285714,1.3083414192325309,qwen
atchctr,attachment,AT,Austria,8.143301566730617,1.963193689283061,7.386530014641289,0.9296801046444422,qwen
atchctr,attachment,BE,Belgium,6.4384596891130395,2.4364640132962894,7.347222222222222,0.9873168768229764,qwen
atchctr,attachment,BG,Bulgaria,7.809716109099207,2.4319335045433403,7.521897810218978,0.8915387946076825,qwen
atchctr,attachment,CH,Switzerland,7.74467005313434,1.8717420285613302,7.488321167883211,0.8697369446221882,qwen
atchctr,attachment,CY,Cyprus,8.104507952397872,2.1998829115038263,7.577372262773722,0.8751768994722565,qwen
atchctr,attachment,DE,Germany,7.173427417552009,2.250203405654173,7.321637426900585,0.9613617157878375,qwen
atchctr,attachment,EE,Estonia,7.764812738799736,2.177116452813285,7.475182481751824,0.8877645410774282,qwen
atchctr,attachment,ES,Spain,7.6705586518274265,2.361073643641371,7.500145985401461,0.9247490456175422,qwen
atchctr,attachment,FI,Finland,8.532889956209539,1.721974346336809,7.483941605839416,0.9676970896948334,qwen
atchctr,attachment,FR,France,8.11408061265241,1.7557768826141311,7.3369343065693435,1.1359847481446417,qwen
atchctr,attachment,GB,United Kingdom,6.446242122238281,2.686254482171474,7.31185944363104,1.0968990806442338,qwen
atchctr,attachment,GR,Greece,8.881524692125504,1.5027453695254007,7.576134699853587,0.7739726854997704,qwen
atchctr,attachment,HR,Croatia,7.805299599467808,2.3082126079291276,7.546715328467153,0.8605257381604715,qwen
atchctr,attachment,HU,Hungary,8.192343443970984,1.9373680552289099,7.400584795321637,0.9544837290349641,qwen
atchctr,attachment,IE,Ireland,7.940130153125142,1.9499742875864232,7.498540145985402,0.888933374372387,qwen
atchctr,attachment,IL,Israel,7.589408771063847,2.976638904720854,7.36058394160584,1.2060615464541262,qwen
atchctr,attachment,IS,Iceland,7.798589150536426,1.9086261257204415,7.691240875912409,0.9653707626802399,qwen
atchctr,attachment,IT,Italy,7.8728001015022055,2.1457995087140276,7.6039473684210535,0.8318683148628233,qwen
atchctr,attachment,LT,Lithuania,7.66776595743522,2.351043034499375,7.512884333821376,0.8472195492359601,qwen
atchctr,attachment,LV,Latvia,8.002254051978401,2.3460469517606706,7.289897510980967,1.1849497884766276,qwen
atchctr,attachment,ME,Montenegro,7.43172280951192,2.611198558009051,7.594436310395315,0.8499256979595663,qwen
atchctr,attachment,NL,Netherlands,6.91995596751002,1.9759069697496663,7.404379562043796,1.0137842813795854,qwen
atchctr,attachment,NO,Norway,8.356020732898022,1.7609468632769683,7.486111111111111,0.9493914638433798,qwen
atchctr,attachment,PL,Poland,8.381322284672837,2.067943260908936,7.434210526315789,0.9889872910758419,qwen
atchctr,attachment,PT,Portugal,8.323597733262226,1.958016904353307,7.567153284671533,0.8896833565979921,qwen
atchctr,attachment,RS,Serbia,7.955240033272359,2.769081811317891,7.497810218978103,0.8721207560041869,qwen
atchctr,attachment,SE,Sweden,7.687499171975582,2.2106911613218845,7.389489051094891,1.030970927979548,qwen
atchctr,attachment,SI,Slovenia,7.822256846162968,2.2401440085016127,7.485401459854015,0.8510004557747662,qwen
atchctr,attachment,SK,Slovakia,7.3373376954344876,2.401305239829526,7.4211678832116785,0.9013821953671476,qwen
atchctr,attachment,UA,Ukraine,8.384846624537102,2.2335078090949296,7.799559471365638,1.033547480227409,qwen
atcherp,attachment,AT,Austria,6.459312965022585,2.4740283129114413,7.47956204379562,0.989871121486889,qwen
atcherp,attachment,BE,Belgium,5.737255057652594,2.4869016145939025,7.285190615835777,1.018752530492387,qwen
atcherp,attachment,BG,Bulgaria,4.557503875500378,2.7733848582900498,7.325036603221084,1.0129961034951531,qwen
atcherp,attachment,CH,Switzerland,6.089205374334021,2.29180426314845,7.472262773722628,0.9392925301336159,qwen
atcherp,attachment,CY,Cyprus,5.111489573318731,2.6391498452836135,7.463503649635037,0.9901470674927229,qwen
atcherp,attachment,DE,Germany,6.372853835697904,2.5349371781994114,7.448099415204679,0.9488434273080979,qwen
atcherp,attachment,EE,Estonia,5.66938285217246,2.650948355524505,7.398540145985401,0.9839342054635895,qwen
atcherp,attachment,ES,Spain,6.66848211243954,2.265122140456476,7.436496350364964,0.9778150179949606,qwen
atcherp,attachment,FI,Finland,6.847523322270992,1.9594314130921375,7.339416058394161,1.0636441321232541,qwen
atcherp,attachment,FR,France,6.118343031458958,2.506014263379807,7.356204379562044,1.0682732770341286,qwen
atcherp,attachment,GB,United Kingdom,4.782086100508302,2.709499960031744,6.961143695014663,1.3557514986767671,qwen
atcherp,attachment,GR,Greece,5.377431957724561,2.396499458360454,7.4751461988304095,0.9006890849729093,qwen
atcherp,attachment,HR,Croatia,6.017784696959767,2.7024896573637998,7.521929824561403,0.8789643951563291,qwen
atcherp,attachment,HU,Hungary,7.386025960497832,2.308692837898404,7.305433186490455,1.1067771822689312,qwen
atcherp,attachment,IE,Ireland,5.9434348180023875,2.383310584470113,7.26099706744868,1.0350271669905198,qwen
atcherp,attachment,IL,Israel,2.430308978588516,2.3683137968434713,6.404831625183016,1.6509190791553663,qwen
atcherp,attachment,IS,Iceland,6.068364672873836,2.2551332756453117,7.228070175438597,1.2770763259725548,qwen
atcherp,attachment,IT,Italy,5.7209684284249445,2.308495754114149,7.437683284457478,0.8926207018990765,qwen
atcherp,attachment,LT,Lithuania,5.910696311492451,2.677545132751692,7.438506588579795,0.9618204854428523,qwen
atcherp,attachment,LV,Latvia,5.3753155336116425,2.768291889432703,7.365882352941177,1.04417062703499,qwen
atcherp,attachment,ME,Montenegro,4.7930529170902565,2.497743690399417,7.457602339181286,0.9304279371198738,qwen
atcherp,attachment,NL,Netherlands,5.724042520406502,2.175500955768772,7.317518248175182,1.1295407265592468,qwen
atcherp,attachment,NO,Norway,6.528823298702699,2.258380187969604,7.266081871345029,1.1920755300827077,qwen
atcherp,attachment,PL,Poland,6.852986064225321,2.392893967990444,7.511678832116789,0.8190946447458106,qwen
atcherp,attachment,PT,Portugal,6.708304466826482,2.185217417074786,7.408467153284672,1.0264419970274117,qwen
atcherp,attachment,RS,Serbia,3.5381177753021533,3.0939519700451057,7.258064516129032,1.1695981495229604,qwen
atcherp,attachment,SE,Sweden,6.492313928148823,2.2401736423879495,7.36090775988287,1.1228016887419383,qwen
atcherp,attachment,SI,Slovenia,5.98720295951601,2.6551961227910086,7.464233576642336,0.8880079245238522,qwen
atcherp,attachment,SK,Slovakia,6.0905108649622255,2.750945268381491,7.3845029239766085,1.0390443090292818,qwen
atcherp,attachment,UA,Ukraine,5.628034619503941,3.1507378764613088,7.067547723935389,1.403196353654845,qwen
health,health,AT,Austria,1.9141356256686646,0.9232104251785521,3.594971707218167,0.574033025597551,qwen
health,health,BE,Belgium,2.114847504252695,0.8827077394660321,3.636182696866923,0.5415995313360269,qwen
health,health,BG,Bulgaria,2.0014969415203407,0.89154254997927,3.5110461338531516,0.5328147858406079,qwen
health,health,CH,Switzerland,1.8562260693555466,0.7370794966101829,3.6915491710079995,0.5429222938310827,qwen
health,health,CY,Cyprus,1.9838909971504628,0.972816685203613,3.5945985401459857,0.5453149937380473,qwen
health,health,DE,Germany,2.3404064086681218,0.9204941688404913,3.6405221363284705,0.5562907820249982,qwen
health,health,EE,Estonia,2.384538456606737,0.8140440645423924,3.552644935059048,0.5638647785018671,qwen
health,health,ES,Spain,2.2450335664243757,0.9550380949578365,3.620315584382933,0.5358258199352363,qwen
health,health,FI,Finland,2.242125842698102,0.832107114210838,3.5441640597844977,0.5728160486182431,qwen
health,health,FR,France,2.1955373529269524,0.917509906548585,3.5690510948905114,0.5415740584959622,qwen
health,health,GB,United Kingdom,2.1475728850864075,0.9299975852006594,3.600511695906433,0.5276364060814943,qwen
health,health,GR,Greece,1.6507620037517867,0.7968449482650742,3.6328216374269005,0.5280293680546643,qwen
health,health,HR,Croatia,2.1587218174065788,1.0763146128824166,3.578957293877698,0.5831466615184133,qwen
health,health,HU,Hungary,2.1453850505528766,0.968639011634433,3.4965693430656937,0.5264140493926427,qwen
health,health,IE,Ireland,1.7979717869331635,0.7767376972115357,3.660453216374269,0.5166237384402186,qwen
health,health,IL,Israel,1.805679135155322,1.0235947764484168,3.6167496915385176,0.5229346346071864,qwen
health,health,IS,Iceland,2.0520469187203223,0.933014525178925,3.64423054800146,0.5710336473926446,qwen
health,health,IT,Italy,2.208019228294266,0.8613077531480793,3.6365300146412882,0.5601909447908451,qwen
health,health,LT,Lithuania,2.3620473814182037,0.8127189824484872,3.568769816887934,0.5539748426965463,qwen
health,health,LV,Latvia,2.651565011670587,0.829205302339946,3.4548316251830165,0.5595794079816473,qwen
health,health,ME,Montenegro,2.0184010632287226,0.8525585211091011,3.6070072992700735,0.5492170995710737,qwen
health,health,NL,Netherlands,2.136731618071862,0.7366112674677908,3.614971613949716,0.5631160834951695,qwen
health,health,NO,Norway,2.065780416217236,0.9372793967065801,3.6628574660368396,0.5578462800060078,qwen
health,health,PL,Poland,2.234161722961197,0.8088475011682066,3.616099919572733,0.5370787907658968,qwen
health,health,PT,Portugal,2.392226647275271,0.8990897224501815,3.589051094890511,0.5176460485660271,qwen
health,health,RS,Serbia,2.3095017135503286,1.0226643886584024,3.5270164808123776,0.5519579558209102,qwen
health,health,SE,Sweden,2.049525199592529,0.8356555728872694,3.6235127885327985,0.5371345547510968,qwen
health,health,SI,Slovenia,2.1846749396506233,0.8942901128662777,3.5371532846715326,0.5754377292727928,qwen
health,health,SK,Slovakia,2.2348633159025577,0.8945051260799347,3.5129278183292785,0.5369210212104714,qwen
health,health,UA,Ukraine,2.673107019642948,0.8603051181585082,3.5128934581025737,0.5255733857599586,qwen
rlgatnd,religion,AT,Austria,5.479338666840443,1.3400087072150901,3.3036496350364963,0.7141437394346442,qwen
rlgatnd,religion,BE,Belgium,6.116130995693989,1.3653135699401429,3.2748538011695905,0.7120871158684328,qwen
rlgatnd,religion,BG,Bulgaria,5.327140858928711,1.2396764000564964,3.283211678832117,0.6721886812906167,qwen
rlgatnd,religion,CH,Switzerland,5.734269035247372,1.3171909253730611,3.3284671532846715,0.66567348224,qwen
rlgatnd,religion,CY,Cyprus,4.353221003891415,1.3570157202418038,3.2554744525547443,0.7176675699374614,qwen
rlgatnd,religion,DE,Germany,6.072509764828908,1.2470883860930286,3.2364963503649635,0.6836516067106152,qwen
rlgatnd,religion,EE,Estonia,6.052758649598297,1.0707400981460191,3.2404692082111435,0.6509487595784549,qwen
rlgatnd,religion,ES,Spain,5.881227715894526,1.5065486967625719,3.3226277372262776,0.6984729271283718,qwen
rlgatnd,religion,FI,Finland,5.850632443390991,1.165045751022802,3.2613138686131387,0.7031932361491113,qwen
rlgatnd,religion,FR,France,6.127880470150239,1.2904666557657698,3.2248175182481753,0.7427801637244272,qwen
rlgatnd,religion,GB,United Kingdom,5.845746367740842,1.583302523856709,3.3532846715328466,0.7458512048128869,qwen
rlgatnd,religion,GR,Greece,4.563632269248038,1.173277911508533,3.267153284671533,0.7743238409606052,qwen
rlgatnd,religion,HR,Croatia,4.986787808266148,1.4499214808058578,3.2777777777777777,0.6596753962644324,qwen
rlgatnd,religion,HU,Hungary,5.677079152143987,1.4075077348572846,3.3065693430656933,0.712893410374829,qwen
rlgatnd,religion,IE,Ireland,5.103841421421447,1.5704984412755174,3.308029197080292,0.6987936968270618,qwen
rlgatnd,religion,IL,Israel,5.142386564860492,1.9814960341303947,3.359124087591241,0.6552258153359668,qwen
rlgatnd,religion,IS,Iceland,6.145479970306821,1.1653814568349314,3.2583941605839417,0.7247345083326656,qwen
rlgatnd,religion,IT,Italy,4.662641162701375,1.628398840444458,3.394160583941606,0.6301125889552536,qwen
rlgatnd,religion,LT,Lithuania,5.138376199062481,1.1990503855709085,3.2733918128654973,0.6581794525752961,qwen
rlgatnd,religion,LV,Latvia,5.814837262072342,1.2054114115367247,3.349926793557833,0.6558640249826102,qwen
rlgatnd,religion,ME,Montenegro,4.338197625667527,1.6547586813358335,3.3372262773722627,0.6787293877272669,qwen
rlgatnd,religion,NL,Netherlands,6.162729781781611,1.4696419827192204,3.310948905109489,0.6718742694397538,qwen
rlgatnd,religion,NO,Norway,6.076685746987576,1.1874551439866414,3.297810218978102,0.730743748463722,qwen
rlgatnd,religion,PL,Poland,4.294966622278048,1.466940204585177,3.3795620437956204,0.6204528960509725,qwen
rlgatnd,religion,PT,Portugal,5.25733500990477,1.682959356254799,3.305109489051095,0.7367068703686852,qwen
rlgatnd,religion,RS,Serbia,5.063040211682718,1.1521434257006364,3.3416058394160584,0.7315610897498764,qwen
rlgatnd,religion,SE,Sweden,6.053227284345842,1.1352555567958624,3.367883211678832,0.661485823818226,qwen
rlgatnd,religion,SI,Slovenia,5.421129340400725,1.3829041678849663,3.2627737226277373,0.7321968166113936,qwen
rlgatnd,religion,SK,Slovakia,4.802303803279733,1.6272285940989588,3.283211678832117,0.7019781305495479,qwen
rlgatnd,religion,UA,Ukraine,4.903262379016235,1.4965780611518245,3.1973684210526314,0.732387402744091,qwen
aesfdrk,safety,AT,Austria,1.7451200858393296,0.7781357867038727,2.8557664233576645,0.4060754305590396,qwen
aesfdrk,safety,BE,Belgium,1.9608103558736638,0.7680524114258143,2.8589181286549707,0.40065027562760436,qwen
aesfdrk,safety,BG,Bulgaria,2.5147298946457233,0.8500712838204036,2.7751824817518247,0.47967170515041024,qwen
aesfdrk,safety,CH,Switzerland,1.6449212604938928,0.6840492099370598,2.9299270072992702,0.323622804836858,qwen
aesfdrk,safety,CY,Cyprus,2.206599297143829,0.7915801586684562,2.865255474452555,0.40257410107905156,qwen
aesfdrk,safety,DE,Germany,1.9377331019707613,0.7754115407227861,2.8718248175182484,0.36028379607009214,qwen
aesfdrk,safety,EE,Estonia,1.7614117223777974,0.6534452556480626,2.8642335766423357,0.3704622579203926,qwen
aesfdrk,safety,ES,Spain,1.8616260813447065,0.7579753018268469,2.8372262773722627,0.44933467698372576,qwen
aesfdrk,safety,FI,Finland,1.6502650058100996,0.6329304653417683,2.8875912408759126,0.3723729139688714,qwen
aesfdrk,safety,FR,France,1.9970340137772633,0.8798602580096239,2.8229197080291972,0.43057516372167787,qwen
aesfdrk,safety,GB,United Kingdom,1.9204157097348173,0.7639990590412803,2.8284671532846715,0.4460595679658737,qwen
aesfdrk,safety,GR,Greece,2.214238278814882,0.8221606948682242,2.8627737226277374,0.40663490299989,qwen
aesfdrk,safety,HR,Croatia,1.607796724970234,0.6176597085881051,2.8576642335766422,0.40170008373352906,qwen
aesfdrk,safety,HU,Hungary,1.88843413734752,0.5869997343161297,2.824087591240876,0.44104566528452066,qwen
aesfdrk,safety,IE,Ireland,1.8840217477145313,0.7786320886168319,2.8934306569343065,0.36917094955379526,qwen
aesfdrk,safety,IL,Israel,2.003908804589909,0.8713027199520768,2.772992700729927,0.47901941286325667,qwen
aesfdrk,safety,IS,Iceland,1.4502312563915707,0.6582303359278844,2.8875912408759126,0.4331722466234454,qwen
aesfdrk,safety,IT,Italy,2.2515240159291157,0.7870124590342552,2.8824817518248174,0.3613040485921662,qwen
aesfdrk,safety,LT,Lithuania,2.1023968977184855,0.6603483022587546,2.8684210526315788,0.3673295956297797,qwen
aesfdrk,safety,LV,Latvia,2.0343555398162096,0.7569815019136503,2.801610541727672,0.4520533608565802,qwen
aesfdrk,safety,ME,Montenegro,1.9127651028518395,0.6766689768568745,2.9021897810218977,0.32879968512204427,qwen
aesfdrk,safety,NL,Netherlands,1.8321046219530455,0.6716373504943086,2.8817518248175182,0.36857933717548225,qwen
aesfdrk,safety,NO,Norway,1.4444036804392373,0.621264626266143,2.926715328467153,0.34083898354397646,qwen
aesfdrk,safety,PL,Poland,1.7455882829221274,0.6103235977360933,2.8207299270072994,0.44430383655350564,qwen
aesfdrk,safety,PT,Portugal,2.0040593848451977,0.6692397650858066,2.891970802919708,0.3627498925243137,qwen
aesfdrk,safety,RS,Serbia,1.7162551018890868,0.7411910287910501,2.818248175182482,0.42684394927477176,qwen
aesfdrk,safety,SE,Sweden,1.7102098196296691,0.7724201277122971,2.9033576642335768,0.367427992253737,qwen
aesfdrk,safety,SI,Slovenia,1.5854336586751598,0.6011680445006672,2.854014598540146,0.4071751563807713,qwen
aesfdrk,safety,SK,Slovakia,2.14238162067109,0.6523475023052114,2.821897810218978,0.41229555069261764,qwen
aesfdrk,safety,UA,Ukraine,2.0477057283918545,0.8012970852475175,2.691970802919708,0.5036501840744367,qwen
hincfel,income,AT,Austria,1.7885763610856038,0.7016947571657278,2.8864233576642335,0.3445561116472975,qwen
hincfel,income,BE,Belgium,1.86522641109487,0.8896511295112408,2.8854014598540147,0.3662557797451067,qwen
hincfel,income,BG,Bulgaria,2.5741661039618227,0.8640364971527,2.8260233918128654,0.46831804529157983,qwen
hincfel,income,CH,Switzerland,1.5683709540776045,0.7180125713220007,2.8905109489051095,0.3592721711119604,qwen
hincfel,income,CY,Cyprus,2.079467994970561,0.8671987095784793,2.8935672514619886,0.3449949517029013,qwen
hincfel,income,DE,Germany,1.626667978914573,0.6834186975768242,2.8603801169590644,0.4163853048125285,qwen
hincfel,income,EE,Estonia,1.9440503292166416,0.7082959549773526,2.945906432748538,0.2538100245609632,qwen
hincfel,income,ES,Spain,1.85549258919365,0.8177486918848212,2.8635036496350366,0.4000869628437521,qwen
hincfel,income,FI,Finland,1.8378014985173585,0.685850382143259,2.8854014598540147,0.370225975324373,qwen
hincfel,income,FR,France,1.7442598225119734,0.7357233858495562,2.847953216374269,0.41598220218805515,qwen
hincfel,income,GB,United Kingdom,1.782693631351505,0.8396131057994066,2.8773722627737226,0.3968060901827613,qwen
hincfel,income,GR,Greece,2.4566459133957133,0.763509976228362,2.8554744525547444,0.4130403085601896,qwen
hincfel,income,HR,Croatia,1.8591769298216114,0.7951207513223731,2.8675182481751826,0.40200480966162416,qwen
hincfel,income,HU,Hungary,2.1792181814427543,0.7150166923772696,2.897953216374269,0.34206575640170495,qwen
hincfel,income,IE,Ireland,1.817426696357792,0.8275290655892819,2.897810218978102,0.3604065186249406,qwen
hincfel,income,IL,Israel,1.992257796033195,0.909257685789422,2.843065693430657,0.4177697014574436,qwen
hincfel,income,IS,Iceland,1.5782702126796426,0.7523342908941502,2.8985401459854017,0.3487625160637103,qwen
hincfel,income,IT,Italy,1.9337770882399752,0.7686205038007697,2.8817518248175182,0.37154233977954404,qwen
hincfel,income,LT,Lithuania,1.9270208834320273,0.6560368551061526,2.9097810218978104,0.3198237525266701,qwen
hincfel,income,LV,Latvia,2.441784891392683,0.7822267281510663,2.8686131386861313,0.39676171366383345,qwen
hincfel,income,ME,Montenegro,2.541803177342517,1.0498763840763221,2.894890510948905,0.3544456935702958,qwen
hincfel,income,NL,Netherlands,1.418800054685903,0.6486966976962052,2.9036496350364964,0.3379956311190551,qwen
hincfel,income,NO,Norway,1.5104027324668359,0.6803905012376829,2.927007299270073,0.3149546634122478,qwen
hincfel,income,PL,Poland,1.94692268620397,0.5536224979120611,2.9153284671532846,0.3212481394464304,qwen
hincfel,income,PT,Portugal,2.2961930159308017,0.8230599117177357,2.85985401459854,0.3871963730314167,qwen
hincfel,income,RS,Serbia,1.919298210772144,0.7621331198511583,2.8728070175438596,0.38155536380208727,qwen
hincfel,income,SE,Sweden,1.3799038798597794,0.6167472715921849,2.919270072992701,0.3195062781061801,qwen
hincfel,income,SI,Slovenia,1.5381724922383904,0.7351340898757903,2.913138686131387,0.31894781288829127,qwen
hincfel,income,SK,Slovakia,2.1619024707248014,0.8206651601987425,2.9021897810218977,0.34612879014769055,qwen
hincfel,income,UA,Ukraine,2.8978141350157722,0.9025688044675382,2.837956204379562,0.4266576525331573,qwen
