variable,domain,cntry,r_pearson,p_pearson,r_spearman,p_spearman,human_mean,silicon_mean,human_sd,silicon_sd,n_valid
ppltrst,social_trust,AT,0.005787145699836088,0.8831055928259769,0.012547193433033578,0.749881760293956,5.87037037037037,7.3,2.158735931252988,0.9649979378696806,648
ppltrst,social_trust,BE,-0.03753008971938394,0.34354774150168294,-0.013560372837859155,0.7322532315715335,5.613458528951487,7.358215962441314,2.106685974255264,0.9698223718346289,639
ppltrst,social_trust,BG,-0.11683172367475556,0.002768614838244043,-0.11622575855559021,0.002913704915162414,3.7186544342507646,7.061162079510703,2.381729979790785,0.8488831657692654,654
ppltrst,social_trust,CH,-0.011268024406469438,0.7736377559542231,-0.029169581900073262,0.4564546021756847,5.888379204892966,7.773394495412843,2.093836825616575,1.0282808503655305,654
ppltrst,social_trust,CY,-0.038707268912454455,0.32372306471036405,-0.022238454162402065,0.5708340116125004,4.096625766871166,7.446779141104295,2.5049605399564765,0.9386260149817339,652
ppltrst,social_trust,DE,-0.021679099942958115,0.5814379318134923,-0.013841652865894965,0.7248683945461695,5.397534668721109,7.239445300462249,2.2393217307919024,1.03556375198545,649
ppltrst,social_trust,EE,0.05204072392754666,0.18243712583082522,0.04541527967159649,0.2446851702146784,5.708206686930091,7.782522796352583,1.9916017294740698,0.5968830914828335,658
ppltrst,social_trust,ES,-0.033263626204065415,0.3993797494616071,-0.06424195874044526,0.10335669337494233,5.372670807453416,7.305900621118012,2.1275644141256405,0.9694698633402502,644
ppltrst,social_trust,FI,-0.010064203766470709,0.7968074249919446,-0.07388514233182907,0.05838365462270602,6.986301369863014,7.865601217656013,1.8174613393449017,0.7508557998668166,657
ppltrst,social_trust,FR,-0.03458987275145457,0.3879867950303643,0.02287689406648106,0.5680998598022083,4.5392,7.303520000000002,2.144346173737,0.8855429451428698,625
ppltrst,social_trust,GB,-0.05671834847334094,0.15083437290530324,-0.07344668890421525,0.06270027094402446,5.435458786936237,7.011664074650078,2.2897821046323332,1.1065948721035743,643
ppltrst,social_trust,GR,0.02442940115434444,0.5353890823301108,0.0330144673284655,0.40218997070996104,4.520123839009288,7.099535603715171,1.9173780506961284,1.0213153554703647,646
ppltrst,social_trust,HR,0.06340946466083795,0.10654981796320948,0.05054261518644123,0.19846501268591465,4.687211093990755,7.33497688751926,2.3705705452485883,0.9137124320132708,649
ppltrst,social_trust,HU,0.06364819966486926,0.10741290282015328,0.055633872741967336,0.1594636651925167,4.510140405616225,6.870982839313573,2.4673442476690317,1.1709506559917675,641
ppltrst,social_trust,IE,0.014979481202008668,0.7030625344483911,0.011740804559462244,0.7651177514499954,5.427692307692308,7.4884615384615385,2.498412913322559,0.9390217687495913,650
ppltrst,social_trust,IL,-0.025934021831913484,0.5095626042047442,-0.023323336062964196,0.5531086024572177,5.221879815100154,7.192295839753467,2.3537628485600868,0.9174588153022868,649
ppltrst,social_trust,IS,-0.00042715397202804204,0.9913142846064414,0.039971969516259157,0.3081532660495832,6.549079754601227,8.054294478527607,2.0736920804757624,0.7585639835525055,652
ppltrst,social_trust,IT,-0.02277099830694945,0.5610424847327085,-0.02285610080772293,0.5595790948110853,4.542813455657492,7.386544342507645,2.3251409821543523,0.9233416824244425,654
ppltrst,social_trust,LT,-0.06814731085307486,0.08446647572575079,-0.05788493710927009,0.14290929207377137,5.110591900311526,7.142211838006231,2.3918569523089603,1.093938810181477,642
ppltrst,social_trust,LV,0.03886020355760054,0.3221863592366309,0.05664148438995305,0.1488593358443519,3.869431643625192,7.192780337941628,2.56242123772634,1.0488499691701352,651
ppltrst,social_trust,ME,-0.0412995660134922,0.29534136827321966,-0.07387937200912761,0.06096251861551968,4.24223602484472,7.583385093167702,2.5503365374621643,0.850607888473274,644
ppltrst,social_trust,NL,-0.0145766290846707,0.708983637530545,0.00635378642323065,0.8707735674157171,6.261398176291793,7.79772036474164,1.9612065345207519,0.6180277224145581,658
ppltrst,social_trust,NO,0.026014086332995998,0.5049941274560996,0.05732599810270181,0.14155345263232524,6.70257966616085,8.051138088012141,1.864606192508793,0.6273486526378705,659
ppltrst,social_trust,PL,0.12244362982909004,0.0018220400072620365,0.0956476755866213,0.015019791142812034,4.56656346749226,7.086377708978328,2.3422766937147115,0.798370553587539,646
ppltrst,social_trust,PT,0.014291453812553269,0.7169379341360427,0.009969986834863321,0.8003315880346074,4.142414860681114,7.556346749226005,2.3901924390811784,0.7178445107361812,646
ppltrst,social_trust,RS,-0.12716159263427457,0.0010605631014733885,-0.12784045341285022,0.0009962977405956147,4.334848484848485,6.996363636363637,2.793608161991278,1.1370910845834914,660
ppltrst,social_trust,SE,-0.005142553407026425,0.894932540430031,0.03389834034545036,0.38387178033688196,6.3217522658610275,8.03368580060423,2.024235447971009,0.51956983057619,662
ppltrst,social_trust,SI,-0.03782180669331592,0.33566841305497314,0.018077203987956463,0.6454942727030157,4.686153846153847,7.35876923076923,2.366293671336412,1.1089320890372323,650
ppltrst,social_trust,SK,-0.028396303209982435,0.4695099314038458,-0.03272080990597228,0.40457382633631933,4.0153609831029184,7.12089093701997,2.738288738545402,0.9300917103304536,651
ppltrst,social_trust,UA,0.02375698383404549,0.5507634922006222,0.023562545061787316,0.5540300124462272,3.9842022116903633,6.03870458135861,2.849561931166274,1.53997458971141,633
pplfair,social_trust,AT,0.040402354499935365,0.29420322103955776,0.03881545190375977,0.3135918725708938,6.344674556213017,7.283727810650888,1.9883701974425136,0.7854425559938566,676
pplfair,social_trust,BE,0.003391056525458053,0.9297692810337657,0.03993834339454984,0.2990711595604587,6.010324483775811,7.41504424778761,1.9847750370584902,0.6352828243171136,678
pplfair,social_trust,BG,0.05033102062240683,0.19186864033791515,0.056134342065840566,0.14545477004682258,4.311572700296736,7.066468842729971,2.2105278739101792,0.7898522402544126,674
pplfair,social_trust,CH,0.02404930699889098,0.5343178061129582,0.006227767557727752,0.8721703361097867,6.416417910447761,7.873582089552239,1.8840925634693722,0.5994297277270471,670
pplfair,social_trust,CY,0.0619915163701689,0.10732243535274018,0.08040865478259344,0.036605115720830354,4.399408284023669,7.525295857988165,2.2437269799297344,0.7367369909403594,676
pplfair,social_trust,DE,-0.06000254506640845,0.11909499784161778,-0.03635360876445747,0.34529407300224263,6.236686390532545,7.276331360946746,1.9375930763840856,0.6130933126672123,676
pplfair,social_trust,EE,-0.027686681046792297,0.47202227010364595,-0.03840276134859445,0.3184095231124644,6.212703101920236,7.583456425406204,2.0480076742801727,0.6918104111083995,677
pplfair,social_trust,ES,0.03288730372205086,0.3929100231065493,0.036618622140646366,0.34142851008947506,5.583456425406204,7.395420974889217,2.1724930161620777,0.6689387128220835,677
pplfair,social_trust,FI,0.045424696176883446,0.23751725293766363,0.016843868942141498,0.6615242228168947,7.169616519174041,7.710619469026549,1.6995499014434043,0.6711655020938572,678
pplfair,social_trust,FR,-0.018293372366872458,0.6374627744484982,-0.01985030368517511,0.6090959308305444,6.154654654654655,7.355105105105105,1.986825241990695,0.6858041135553121,666
pplfair,social_trust,GB,-0.007985494823246881,0.8379988984614059,-0.021321576364137035,0.5850983843801897,5.949848024316109,7.2803951367781155,2.1935789042421336,0.6297025188122843,658
pplfair,social_trust,GR,0.07017314991979191,0.06865791717663744,0.06622236450488635,0.08580984674127234,4.927299703264095,7.2976261127596445,2.0005339872062216,0.8137709643612675,674
pplfair,social_trust,HR,0.012300998485222817,0.7502598805551524,0.010513281673170975,0.785594688592044,5.212797619047619,7.330059523809524,2.4245914555842365,0.6896432020103276,672
pplfair,social_trust,HU,-0.014268290202677612,0.7109484089357851,-0.008165263123677047,0.8320565288097811,5.110782865583457,7.087149187592319,2.1145772183229337,0.8107617481884073,677
pplfair,social_trust,IE,0.02950032685085333,0.4444991385254057,0.034188980144570266,0.37550486385278825,6.146884272997033,7.559347181008902,2.1759384090183818,0.6163041268401855,674
pplfair,social_trust,IL,0.066002606857169,0.08899912560354997,0.057815034627881866,0.13639478405065253,5.3503759398496245,7.31563909774436,2.287130839925497,0.6530251122768901,665
pplfair,social_trust,IS,0.004755102374428403,0.902150152944409,-0.009668032293536962,0.8026055995506466,6.991058122205663,7.9068554396423245,1.8259924100859222,0.5915177354145169,671
pplfair,social_trust,IT,0.014681680661557922,0.7038057179131152,0.014157107488573682,0.713915339139328,4.644873699851412,7.5323922734026745,2.2220903976914688,0.7818950655373388,673
pplfair,social_trust,LT,-0.004842090414417427,0.9006663228252005,-0.0186356190484417,0.6309224721635736,5.533733133433284,7.2895052473763124,2.23472156816769,0.661042193720893,667
pplfair,social_trust,LV,-0.017802511314386215,0.6462716889073433,-0.014084104546007312,0.7165476167956765,5.623688155922039,7.181109445277362,2.2335638334515426,0.7077031950811513,667
pplfair,social_trust,ME,0.05812998431068968,0.13634352128772606,0.05402652508489713,0.16628557443051672,4.348024316109423,7.579939209726445,2.336691136347147,0.6285631431398394,658
pplfair,social_trust,NL,-0.03538609029962646,0.3608024764235799,-0.020890366774584182,0.5896257399468322,6.617339312406577,7.632286995515695,1.6232032277343067,0.7462908289283784,669
pplfair,social_trust,NO,0.05153634238139206,0.17981269161583963,0.07350482173850699,0.055566184586731585,6.888070692194404,7.919734904270987,1.8440262207896732,0.5649229883072099,679
pplfair,social_trust,PL,-0.06830893205808346,0.08088208592367821,-0.05586884399949866,0.1535397726779316,5.232415902140673,7.149694189602446,2.2645387966478188,0.7776697225053594,654
pplfair,social_trust,PT,-0.0003921434966845111,0.9918801789398142,-0.007063162891377819,0.8545589803483601,5.134615384615385,7.553994082840236,2.2146816508958604,0.7053018434225916,676
pplfair,social_trust,RS,-0.020482622454808037,0.5980136357893677,-0.01256120079731225,0.7464479898158058,4.6721804511278195,7.1233082706766915,2.8508441305243215,0.6607415533383677,665
pplfair,social_trust,SE,0.03820142760842969,0.32275537822658346,0.003926008699900707,0.9190863279208442,6.751488095238095,7.774553571428571,1.778954008676093,0.6546120522902243,672
pplfair,social_trust,SI,0.0026130299346768904,0.9463770297248749,-8.956153273465272e-05,0.9981606931077442,5.443609022556391,7.385563909774436,2.2455227670876177,0.7337203161355095,665
pplfair,social_trust,SK,-0.04085320000944092,0.2881294967322399,-0.03754314632688131,0.3290124261352684,4.853982300884955,7.171533923303835,2.5074613170899616,0.7284476977316373,678
pplfair,social_trust,UA,0.005537782316265471,0.8878506654482801,-0.019456708947843425,0.6202295949398205,4.788018433179723,6.714285714285714,2.4155733652151032,1.2733101277060044,651
pplhlp,social_trust,AT,-0.018253675575405477,0.63667858207433,-0.02314447671090978,0.5492151232900767,6.244047619047619,7.307291666666667,2.062357321254209,0.7836768689472725,672
pplhlp,social_trust,BE,0.026701568973937738,0.49150634007698596,0.020706076152003993,0.5937466149680108,5.231231231231231,7.329879879879881,2.139633300881529,0.7316840091930791,666
pplhlp,social_trust,BG,0.016486295843218646,0.6729352398726596,0.017347013333620938,0.6569236865573572,3.5440729483282674,7.0232522796352574,2.2899495466444866,0.9021150862278995,658
pplhlp,social_trust,CH,-0.05863079552005173,0.13007198382168167,-0.04666816769557573,0.22836987187531868,5.92814371257485,7.65434131736527,1.887602930939911,0.658262455665817,668
pplhlp,social_trust,CY,-0.0028954876369036322,0.9409499132156023,-0.011132256644888502,0.7757915581661292,4.109589041095891,7.533789954337899,2.249698350050776,0.6629455048485741,657
pplhlp,social_trust,DE,0.038376921911039016,0.32053583367472305,0.032414451513009875,0.4015059406196519,5.4375,7.207589285714286,2.003489876204432,0.7417618035718995,672
pplhlp,social_trust,EE,-0.017089979894162034,0.656892481855083,-0.023553068415257252,0.5403801165035341,5.088495575221239,7.658702064896755,2.002469031910801,0.7001831980332986,678
pplhlp,social_trust,ES,0.08386194001688267,0.030466607127919168,0.0761750660095225,0.04941296428842855,4.816816816816817,7.279879879879879,2.2822135579932477,0.6579878079981963,666
pplhlp,social_trust,FI,0.016694536814751963,0.6652755720653973,0.02631942524087745,0.4951492438343653,6.402077151335312,7.55786350148368,1.9273726590869074,0.6658551166118511,674
pplhlp,social_trust,FR,0.057020782783809384,0.1464643778547952,0.05514812013379964,0.16020890262072857,4.644615384615385,7.230076923076924,2.1978088800927895,0.7782526516237469,650
pplhlp,social_trust,GB,0.04225530553432735,0.2776417247837706,0.011176308037927409,0.7740933479280301,6.080060422960725,7.333836858006042,1.9851021525607908,0.7089252208842952,662
pplhlp,social_trust,GR,0.07854967695073022,0.042406839110712136,0.07993328909780073,0.03888820081006413,4.362275449101796,7.128443113772455,1.9880940000662692,0.7845200032120055,668
pplhlp,social_trust,HR,-0.048160250440450615,0.21347785018050025,-0.0373112685665105,0.3352524970469064,4.434977578475336,7.292974588938715,2.401478313625565,0.7281518115960137,669
pplhlp,social_trust,HU,-0.042720373093427466,0.26913549855061386,-0.023168627185345757,0.5490969578669358,4.540983606557377,6.8856929955290616,2.29685799365447,0.8884185620688461,671
pplhlp,social_trust,IE,0.01870587390724616,0.6309268983881267,0.011031884459783495,0.7769349725947046,6.0604229607250755,7.519939577039275,2.2631639058421067,0.6933625205084363,662
pplhlp,social_trust,IL,-0.024145586179551252,0.5351479530304014,-0.05684169798250376,0.14403796313467915,5.111782477341389,7.342447129909367,2.339468659911072,0.7724229866282004,662
pplhlp,social_trust,IS,0.06212676577480164,0.10999529199296575,0.057060133479496365,0.14219859967225412,6.583710407239819,7.998793363499246,1.7942102557083741,0.5795599886980614,663
pplhlp,social_trust,IT,-0.01373879887922148,0.7248114986604829,0.016377824354333437,0.6747301850897897,4.20030349013657,7.2908952959028825,2.245414083467457,0.7832064983844148,659
pplhlp,social_trust,LT,-0.014632297207510948,0.705385549650543,-0.01731352630018158,0.6546250931948612,5.049253731343284,7.180298507462686,2.398110437916684,0.6922158915439535,670
pplhlp,social_trust,LV,-0.025504296606845927,0.5127389587707227,-0.03459276934925473,0.3745623914631405,4.9742813918305595,7.056732223903177,2.317444642750678,0.7597074213577931,661
pplhlp,social_trust,ME,-0.04134298062396211,0.29483358273282834,-0.027269205320004857,0.4896919141756127,4.245341614906832,7.587732919254658,2.195441348248656,0.6230326299243141,644
pplhlp,social_trust,NL,-0.07938561219125718,0.040400545070403644,-0.07170374628213304,0.06420483055066882,5.713643178410795,7.567766116941529,1.7682153024930711,0.8499222465005024,667
pplhlp,social_trust,NO,-0.0014497980400055971,0.9699866688491334,0.0023733952627152267,0.9508860270941798,6.15680473372781,7.911538461538461,1.9041392332474991,0.549032819635618,676
pplhlp,social_trust,PL,0.028251392407332643,0.4714395547588519,0.0385705655727603,0.3254361323119778,4.523006134969325,7.069938650306748,2.377782114683459,0.8266591077394726,652
pplhlp,social_trust,PT,0.019721334949822922,0.6092845489285174,-0.02209424151087777,0.5669121307887445,4.080118694362018,7.4873887240356085,2.1495614779658907,0.7073618443431514,674
pplhlp,social_trust,RS,0.02114645401084453,0.5870490900423114,0.013348060449757537,0.7317464540840695,3.731117824773414,7.1141993957703935,2.7188307792258906,0.6717179700481183,662
pplhlp,social_trust,SE,0.01642009516948722,0.6737049644711115,0.010742067948485293,0.7829678108610786,6.140909090909091,7.760757575757577,1.8987638557458588,0.5864603075054567,660
pplhlp,social_trust,SI,-0.03438965358222248,0.37342007742393324,-0.04060177407899299,0.29326217439703434,5.354166666666667,7.406845238095237,2.253564268568417,0.6486125417892119,672
pplhlp,social_trust,SK,0.020444424233985802,0.5975951059116945,0.023051894712725025,0.5517083634852578,4.188340807174888,7.0446935724962625,2.540766144736557,0.7512800077025845,669
pplhlp,social_trust,UA,-0.009552533967288956,0.8072182029076898,0.006963645322991696,0.8588155742910271,4.256488549618321,6.634809160305344,2.6850218604182223,1.4276573222889937,655
sclmeet,social_trust,AT,-0.054807425425489914,0.15522642234306927,-0.03780957402258081,0.3270258558128913,4.913946587537092,3.7603857566765577,1.1949677186244236,0.8030886695433953,674
sclmeet,social_trust,BE,0.01259656842396679,0.7444656790989783,-0.013714572284285948,0.7226816224960861,5.1711309523809526,3.7916666666666665,1.3645063963308146,0.7767421487362763,672
sclmeet,social_trust,BG,0.0059218402591365285,0.8790340814861208,0.00837973080552545,0.8294831266750436,4.950226244343892,3.6968325791855206,1.6686904729024827,0.9165014165566174,663
sclmeet,social_trust,CH,-0.026629373677469346,0.49040563859774416,-0.03273459031469586,0.3965174401682897,5.104011887072808,3.932095096582467,1.2833173900746497,0.8032548611092022,673
sclmeet,social_trust,CY,0.01307686591825342,0.7350810084758771,0.017004582747466784,0.659922389551151,4.013392857142857,3.8169642857142856,1.7068632669461972,0.8444494031910453,672
sclmeet,social_trust,DE,-0.034334139716798016,0.3752649919305832,-0.01750312852472786,0.6513359647743506,4.828101644245142,3.765321375186846,1.3956903776882406,0.733761794531627,669
sclmeet,social_trust,EE,0.005534670625693622,0.8860406513440912,0.006714946292447028,0.8619606331200115,4.24665676077266,3.8310549777117386,1.4815607609077381,0.8429336447274065,673
sclmeet,social_trust,ES,-0.08930480101841852,0.020311434257700923,-0.0800173513596214,0.03767325360072676,5.24,3.9244444444444446,1.4703397939905882,0.8729759690461969,675
sclmeet,social_trust,FI,0.004708500156513187,0.9028163624157585,0.006506113539963072,0.8660150920946883,4.887407407407407,3.79037037037037,1.3571674568305,0.8284512447912391,675
sclmeet,social_trust,FR,-0.0023190805727268332,0.9522226129327422,-0.012711422129176971,0.7425896711170077,5.2164179104477615,3.7917910447761196,1.4234946172147174,0.8194249056523674,670
sclmeet,social_trust,GB,0.03752822436017822,0.32992186510553734,0.0642804533200618,0.09493399196278174,4.798816568047338,3.6634615384615383,1.5760424196464677,0.8198351234422868,676
sclmeet,social_trust,GR,0.003427577535592941,0.929488121624691,-0.005071989305315487,0.8958206431783011,4.176382660687594,3.804932735426009,1.6107734436861463,0.9538715014492711,669
sclmeet,social_trust,HR,0.04833694044230721,0.2114585391332259,0.042942450267803425,0.26701011378505723,5.338805970149254,3.9059701492537315,1.5378099878426785,0.8515141875880019,670
sclmeet,social_trust,HU,0.06645521887811726,0.08682492867999095,0.06903037372091396,0.0752560491383012,3.3654135338345865,3.672932330827068,1.521039450823396,0.901064281998518,665
sclmeet,social_trust,IE,0.0507138032412502,0.190493308563382,0.04480929904955019,0.24746057052189432,4.2155688622754495,3.7275449101796405,1.6183718861768204,0.7532171615363165,668
sclmeet,social_trust,IL,-0.0008708505394816408,0.9820900304413595,0.008296877777014008,0.8306408112877463,5.422788605697152,3.9032983508245875,1.5357470295360607,0.819720108633903,667
sclmeet,social_trust,IS,-0.0074735198058723225,0.8483695052064429,-0.01238207360727781,0.7514065750366762,5.287671232876712,4.045662100456621,1.4123961957250628,0.8852880688895238,657
sclmeet,social_trust,IT,-0.018623242335408546,0.6298680108153885,-0.0170346216438973,0.6593594317382746,4.739583333333333,3.8891369047619047,1.5602299705025686,0.8925012153387609,672
sclmeet,social_trust,LT,-0.0199634904682051,0.6065143847960864,-0.03112350754457458,0.4219188312465465,4.36377245508982,3.7776946107784433,1.5568214713232131,0.843208736947066,668
sclmeet,social_trust,LV,0.013037838640182422,0.7375577390807241,0.011565619256989713,0.7662766824478724,4.206636500754148,3.6772247360482653,1.6084608240966263,0.8082150837635074,663
sclmeet,social_trust,ME,0.0007421734783776908,0.9848051208390034,0.0016178502663296555,0.9668844570729827,4.809379727685325,3.9010894706202723,1.6255450580932664,0.8256389240259736,661
sclmeet,social_trust,NL,-0.02024324929144048,0.6001166384241609,-0.004219889511632442,0.9129880368653709,5.4145616641901935,3.77667161961367,1.2579138150949571,0.8351679903261253,673
sclmeet,social_trust,NO,-0.016309766058158228,0.6725372788323334,-0.0254802491993333,0.5090067388306836,5.658753709198813,3.919139465875371,1.3439166514321574,0.8540116859376051,674
sclmeet,social_trust,PL,0.03818963407254282,0.32399141563670963,0.03578915113480957,0.3553547993189637,3.922272047832586,3.7585949177877427,1.4299816518688548,0.8072121381409948,669
sclmeet,social_trust,PT,0.04843127761436551,0.20920583031359796,0.059632178091496305,0.12194903734049738,5.6246290801186944,3.766320474777448,1.6153200232519307,0.8334085427177718,674
sclmeet,social_trust,RS,0.036881874439967224,0.3397636730686098,0.027537539964585477,0.4760556890214821,5.153273809523809,3.779017857142857,1.6090341066960787,0.8101757383144564,672
sclmeet,social_trust,SE,0.03947343994036963,0.3101674227848769,0.02645303580046743,0.49652519338148926,5.431372549019608,3.8672699849170438,1.3810475089672918,0.8024883493640923,663
sclmeet,social_trust,SI,-0.008179318333979946,0.832017622920246,7.342884759719333e-05,0.9984806678903171,4.62962962962963,3.788148148148148,1.5034122451752017,0.8401154940253522,675
sclmeet,social_trust,SK,0.03187607707771806,0.4100756757149955,0.044004138184936724,0.2553531318598813,4.565671641791044,3.7544776119402985,1.5631263218303233,0.8565770926434604,670
sclmeet,social_trust,UA,0.07042149967365859,0.07389960555004123,0.05837459278113338,0.13862839580486308,4.337984496124031,3.603875968992248,1.771197869852263,0.8696400251899041,645
inprdsc,social_trust,AT,0.01174311967279985,0.7603716833489562,0.008536644085636137,0.8245393098874332,3.050221565731167,3.1070901033973413,1.166781637113744,0.6325560614391824,677
inprdsc,social_trust,BE,0.00397505242054137,0.9180181410881312,0.014230073457865916,0.7125060803352404,3.3551263001485885,3.111441307578009,1.3801984061266461,0.6416147574067301,673
inprdsc,social_trust,BG,-0.005536649564205118,0.886847720853862,-0.007179224399856462,0.8536134864791103,2.028657616892911,3.0867269984917045,1.266853457070069,0.5702376639028892,663
inprdsc,social_trust,CH,0.008755651089081724,0.8202449162700723,0.0004800764445207055,0.9900595027758423,3.5384615384615383,3.21301775147929,1.2649110640673518,0.6636882844707125,676
inprdsc,social_trust,CY,0.03916267928273598,0.3107204102686925,0.019446048770968727,0.6148178343050175,2.4360119047619047,3.177827380952381,1.3223114116223342,0.5725978501768143,672
inprdsc,social_trust,DE,0.015598467985536636,0.6855993640128308,0.027958684145751443,0.46800899924800476,3.5902366863905324,3.0428994082840237,1.220501149121815,0.6523529119412037,676
inprdsc,social_trust,EE,-0.014274253688238463,0.7118587573284652,-0.009230529800767879,0.8112278739233876,2.5907738095238093,3.169642857142857,1.3673120244876682,0.6374557221825218,672
inprdsc,social_trust,ES,-0.044183533020378835,0.2512964434016228,-0.048680587227479345,0.20619327903929982,2.8905325443786984,3.1072485207100593,1.3898571247029108,0.6649694866277374,676
inprdsc,social_trust,FI,-0.025102786601995386,0.5134344789431483,-0.017899898143296813,0.6412507151130384,3.25,3.1801470588235294,1.2736713022425024,0.6045750772213719,680
inprdsc,social_trust,FR,-0.052180664129782166,0.17731766275187247,-0.04574550895958022,0.23700688621077856,2.870149253731343,3.1194029850746268,1.4516126721296332,0.5843598840882083,670
inprdsc,social_trust,GB,-0.02593242864176176,0.5047177947738735,-0.024357140257129584,0.5309542648916015,3.0828313253012047,3.1091867469879517,1.4282457027745146,0.6314220117545517,664
inprdsc,social_trust,GR,-0.06459209721090493,0.09505873152177911,-0.04733294850964823,0.2214565457018822,2.227204783258595,3.1659192825112106,1.1922057709206944,0.6457866201342318,669
inprdsc,social_trust,HR,0.019291552937406857,0.61947607648232,0.040789227011000156,0.2935736454325793,2.345864661654135,3.1345864661654135,1.3908322505341275,0.6199549527919415,665
inprdsc,social_trust,HU,0.02487141504600012,0.5216855129077258,0.03907029012850693,0.31404224095488303,2.4654654654654653,3.0705705705705704,1.221182531605043,0.5507113420208001,666
inprdsc,social_trust,IE,-0.08731358538649596,0.023916985651034443,-0.058688880210175993,0.12940346925280782,2.6278026905829597,3.179372197309417,1.3247544512928782,0.6773443833508852,669
inprdsc,social_trust,IL,0.016756653000168504,0.6659910805332205,0.036261854793295786,0.35011915147344486,2.5225225225225225,3.1321321321321323,1.3971841511137864,0.5149967112419589,666
inprdsc,social_trust,IS,-0.045262506857583096,0.2405940245164719,-0.022563067433270568,0.5587101494444302,3.529673590504451,3.370178041543027,1.3240862324451659,0.6608232276783629,674
inprdsc,social_trust,IT,0.02362895672353301,0.541488550053948,0.031236114553450496,0.4195431923136518,2.234328358208955,3.1402985074626866,1.283568949947508,0.6147318740543205,670
inprdsc,social_trust,LT,-0.012217512643387936,0.7526170298623724,-0.0034257359219155565,0.9295786596924932,2.104790419161677,3.1736526946107784,1.3856539927031843,0.6337062721151382,668
inprdsc,social_trust,LV,-0.08893352533591985,0.023253158858526333,-0.05858580276946941,0.13538241506625334,1.7434715821812596,3.1797235023041477,1.3009817323995518,0.731144887493806,651
inprdsc,social_trust,ME,-0.0006151334473982572,0.9874058354959784,0.014922336316576936,0.7017588744773295,2.1754916792738275,3.2481089258698943,1.1739876136382852,0.5887970995859391,661
inprdsc,social_trust,NL,-0.04552635351560849,0.23821034463609342,-0.05401568860353583,0.1616016138160733,3.7310549777117386,3.177563150074294,1.2643938829803756,0.6943985102381878,673
inprdsc,social_trust,NO,-0.04483797436323361,0.24680304363037397,-0.06226009842892084,0.10763619264653168,3.2391629297458895,3.2937219730941703,1.4319566673146409,0.6410760418605566,669
inprdsc,social_trust,PL,0.02290640691804883,0.5560112433664233,0.006429490299625366,0.8687543874148548,3.1493212669683257,3.035444947209653,1.3819166571783235,0.619932073733213,663
inprdsc,social_trust,PT,-0.029987857547339816,0.43940525461387353,-0.059461033449763966,0.12499564636568632,2.2338830584707647,3.1221889055472265,1.4011547376777334,0.6275597481789172,667
inprdsc,social_trust,RS,-0.03845195974189408,0.3206765050196695,-0.027164793082028738,0.4830323307045145,2.484304932735426,3.084454409566517,1.4337073512932403,0.6208434549852656,669
inprdsc,social_trust,SE,0.027097673305455247,0.48280606748862753,0.037521439902186766,0.3310887973419876,3.8098068350668646,3.208023774145617,1.2663544854699569,0.6343076836435035,673
inprdsc,social_trust,SI,-0.006720170564705128,0.862878073542324,0.006669889011285663,0.8638940199868425,2.8159879336349927,3.1425339366515836,1.34723086697033,0.6024628995188958,663
inprdsc,social_trust,SK,-0.0219242453427396,0.5739498126901855,0.003034513900762538,0.9379788130068156,1.7378787878787878,3.1007575757575756,1.1632022608734511,0.5991263508116683,660
inprdsc,social_trust,UA,-0.013065201441366983,0.7356893036372548,-0.015478302949191487,0.6892141301865674,2.162686567164179,3.0768656716417913,1.3925206812831727,0.6472794831547466,670
stfdem,political,AT,0.05437155604058107,0.1616773375432329,0.03592957650035607,0.355280972484105,5.739457831325301,7.169126506024097,2.4873514734891393,0.8036465659583275,664
stfdem,political,BE,-0.012493392325976998,0.7503597914573156,-0.030770024492498823,0.43317813959978285,5.271889400921659,7.2411674347158215,2.371262427820923,0.6588296298385915,651
stfdem,political,BG,0.01699034303526674,0.6671778690164321,-0.011866816351289245,0.7639199504909615,3.315707620528771,6.884914463452566,2.372253733753925,0.8642102172074136,643
stfdem,political,CH,-0.06958347162088584,0.0751408782226121,-0.05053929622420755,0.19642447469257918,7.554198473282443,7.718320610687023,1.671777768891654,0.5750683414668423,655
stfdem,political,CY,0.029117907005193823,0.45794448386118786,0.036266142211910435,0.3551961591398244,4.4892638036809815,7.431748466257669,2.3123673529858504,0.8503300224495529,652
stfdem,political,DE,0.05310983850009635,0.16971619287714768,0.019060780990437756,0.6223662348576202,5.723880597014926,7.135820895522388,2.591211405453924,0.7291089413058733,670
stfdem,political,EE,-0.006869030137753562,0.8620946148420472,0.004428201050860533,0.9108373554776718,5.244548286604362,7.51993769470405,2.59442758153391,0.7642405685764241,642
stfdem,political,ES,0.025955162346011494,0.5056358905272201,0.014490113595331077,0.7102118244474938,4.784848484848485,7.128484848484849,2.5219667653392457,0.6501365385349579,660
stfdem,political,FI,-0.07305939051199302,0.05970058844678007,-0.06290697179723238,0.10506632237443138,6.774436090225564,7.55187969924812,1.972768456212757,0.6135519616155741,665
stfdem,political,FR,-0.0754643258497344,0.0530083394290687,-0.0736212767888056,0.05909737948049238,4.326747720364741,7.09756838905775,2.487334504601298,0.658252968243716,658
stfdem,political,GB,-0.012673375975697142,0.7528069403638183,-0.019603519792196045,0.6261268874738174,4.346774193548387,7.116935483870968,2.6265832361809105,0.6377618597031427,620
stfdem,political,GR,-0.04713743770572225,0.22511737491319886,-0.05440547440198172,0.16141548091133873,4.167168674698795,6.993975903614458,2.202577770307108,0.7747679101848981,664
stfdem,political,HR,0.003591615439040183,0.9270125883010062,-0.01005807381388291,0.7975364389917372,4.465543644716692,7.16385911179173,2.5266902658212578,0.7076131519114844,653
stfdem,political,HU,0.02203084221618448,0.5750256496055848,-0.007125132174320419,0.8561253611181795,4.469230769230769,6.943076923076923,2.6622640061603766,0.7976215086839906,650
stfdem,political,IE,-0.04828509369348197,0.21964196341531056,-0.04320415870566368,0.272122521225914,5.830246913580247,7.300154320987654,2.2928310964004877,0.6349798090571093,648
stfdem,political,IL,0.04641219944393702,0.24063467732890792,0.02792819418004551,0.4802857930879618,4.273010920436818,7.207488299531981,2.7582895200546043,0.801759837952432,641
stfdem,political,IS,-0.014697173040612075,0.7073287319861106,-0.00216325712195929,0.9559325359520724,5.929770992366413,7.841221374045801,2.2923784990592893,0.6945473774202084,655
stfdem,political,IT,0.015221438484311924,0.6984989305195402,0.052449382495629894,0.18169716695333032,5.126153846153846,7.124615384615384,2.0643183993640193,0.528693120616868,650
stfdem,political,LT,-0.009408083835525364,0.8138288907756891,0.009755001814727911,0.8070965515840647,4.634340222575517,7.094276629570747,2.3868997065031965,0.8237124636165732,629
stfdem,political,LV,0.0025405298340469224,0.9502764348515405,0.011511731215330287,0.7775026986220276,4.226446280991736,7.0438016528925615,2.4433911605425433,0.9332784698658511,605
stfdem,political,ME,-0.06983690214111107,0.07842405138903573,-0.03000581426409411,0.4500094127231063,4.158805031446541,7.520440251572327,2.584313884736292,0.6157183586770051,636
stfdem,political,NL,-0.0045780726307891656,0.9066213896499036,0.007953364390594143,0.8385204282631017,5.918057663125948,7.42124430955994,2.0773694179893885,0.855380414194811,659
stfdem,political,NO,0.05128120396857833,0.18425755172079072,0.050881820014577965,0.18770279134593018,7.2351190476190474,7.840773809523809,2.031367723806717,0.5459003113700076,672
stfdem,political,PL,-0.10786918164323354,0.0063864693241368195,-0.13082207960652562,0.0009258011244407734,5.117554858934169,7.002351097178684,2.3266200228861442,0.7079349247628282,638
stfdem,political,PT,-0.035646425825297604,0.36533623149689576,-0.04308948904496496,0.27377013046827675,4.723338485316847,7.380216383307573,2.3526145092669095,0.561905715935637,647
stfdem,political,RS,0.054180038818246186,0.18802703900447562,0.07147980837156193,0.08225905679922788,3.886824324324324,7.007601351351352,2.968365992631191,0.7576075464567755,592
stfdem,political,SE,-0.017144541188073882,0.6604339041631598,-0.005936209024938923,0.8791077256906329,6.650986342943854,7.742488619119879,2.086913508561008,0.702027370963216,659
stfdem,political,SI,0.09421571590275321,0.01747092187655691,0.06616690410747993,0.09547253338977035,4.955974842767295,7.273584905660377,2.343282338740075,0.8107508199146485,636
stfdem,political,SK,-0.05880767687165505,0.13007075099017992,-0.07030919291150256,0.0702076485855178,4.572289156626506,6.992469879518072,2.664930653008118,0.8675152615985908,664
stfdem,political,UA,-0.009930595876256065,0.8050808599684692,-0.012323338939497433,0.7594211021676485,3.009677419354839,5.425,2.6618655426559608,1.4698161282034494,620
polintr,political,AT,-0.050861064227069416,0.18526681004105922,-0.04131716410034391,0.2819733025967217,2.4176470588235293,2.952205882352941,0.8678416299587283,0.38125575623066216,680
polintr,political,BE,0.06001233207841831,0.11794435239888072,0.07475693120199678,0.05134764014898635,2.5691176470588237,2.9411764705882355,0.9216360801285669,0.4197745710041899,680
polintr,political,BG,-0.003044347256055479,0.9370272746420036,-0.009791116265826115,0.799415223988639,2.8076923076923075,2.9008875739644973,0.9002057378012931,0.47820570106058574,676
polintr,political,CH,-0.046547808853931984,0.22541963854468386,-0.044689800379608006,0.2445030962549183,2.4044117647058822,2.9661764705882354,0.9128333633246808,0.30149861046319315,680
polintr,political,CY,-0.014169020216934728,0.7124636975848379,0.003806437925541397,0.921134814808204,2.921944035346097,2.948453608247423,0.9507511654340752,0.408601969827956,679
polintr,political,DE,0.030879523337568503,0.42245591761992163,0.019881060313355545,0.6055856331485168,2.220088626292467,2.9224519940915803,0.8805985681839411,0.4109786445628267,677
polintr,political,EE,0.01969071621026875,0.6079833449995,0.02039399025393912,0.5952256984496452,2.5932452276064613,2.9434654919236416,0.8491595568621242,0.38170172648105477,681
polintr,political,ES,0.0039267501675164925,0.9183515572711387,-0.017490354659169642,0.6479367205044158,2.75,2.9707602339181287,1.008202087623089,0.3698268453965091,684
polintr,political,FI,-0.05213805263593617,0.1728767230226248,-0.03962134161090519,0.3004343126530201,2.1854014598540146,2.9810218978102188,0.7737034188933265,0.38379698251652616,685
polintr,political,FR,0.06169095357278584,0.1072169328750466,0.07408835295715857,0.052946290965449436,2.6002928257686677,2.938506588579795,0.9776684976276162,0.41844790143759114,683
polintr,political,GB,-0.011641171326032531,0.7618773784268147,0.005968103541362346,0.8765500049764046,2.5058823529411764,2.913235294117647,1.0007187921757048,0.3986000582172709,680
polintr,political,GR,-0.007024767715258014,0.8554471190246709,-0.005557001325921433,0.8854146721489633,2.9125925925925924,2.9674074074074075,0.9574345690181567,0.4241993032838141,675
polintr,political,HR,-0.02360115584908659,0.5380562803900697,-0.03894144604136261,0.3095210370524438,3.049780380673499,2.9414348462664717,0.9144550057612084,0.40823163787518524,683
polintr,political,HU,0.03272063854530803,0.3946142572668704,0.02348695175297947,0.5412188415766965,2.8409425625920472,2.9278350515463916,0.8898160268239911,0.46636724094895854,679
polintr,political,IE,-0.01986671595715941,0.6053120611047222,0.007397814542606308,0.8474156107579135,2.57879234167894,2.9705449189985274,0.9981802097570874,0.3290526725729335,679
polintr,political,IL,0.017789228179981274,0.6425806735802495,0.013273112373102504,0.7291451089304298,2.4714494875549047,3.0775988286969254,1.0247618026693557,0.4032261070058089,683
polintr,political,IS,0.014633920813934545,0.7030509090908521,0.019333249641159955,0.6145141976242048,2.2569750367107195,3.013215859030837,0.8861925900891175,0.4181208966539576,681
polintr,political,IT,-0.010466096727772543,0.7852931356683389,-0.019066881034584177,0.619658925607209,2.9941176470588236,2.9301470588235294,0.8407658954779705,0.4651824119926203,680
polintr,political,LT,-0.04747375333510285,0.21733589279739626,-0.043961162940818026,0.25334021018320446,2.756277695716396,2.949778434268833,0.7795327645808336,0.4111832880822573,677
polintr,political,LV,-0.08499866719018268,0.028159234454816554,-0.08086899837318134,0.03679297546240435,2.896551724137931,2.9160419790104948,0.8089793266822553,0.45404149580935704,667
polintr,political,ME,0.02536287954998139,0.5122222106528074,0.022350888902841825,0.5635812951384965,2.9074626865671642,2.928358208955224,0.8366266939699125,0.39154210854657545,670
polintr,political,NL,-0.0011482119292334115,0.9760872118000685,8.844789544286881e-05,0.9981577007784572,2.2792397660818713,2.93859649122807,0.8362795009018469,0.4146318246022961,684
polintr,political,NO,0.05230086928947224,0.17248187955094513,0.02696107340285558,0.48210053919739265,2.4545454545454546,2.9560117302052786,0.7919296579240606,0.4480015207162909,682
polintr,political,PL,-0.03352808078550211,0.3837501021280008,-0.04139380760035453,0.28214850562016963,2.5819793205317576,2.9571639586410634,0.8308939967837375,0.43131448115925664,677
polintr,political,PT,-0.032360696185575105,0.3984486177172343,-0.03914325478641355,0.30701853390820927,2.8682284040995607,2.938506588579795,1.0074069937125116,0.428831319024705,683
polintr,political,RS,-0.010454717071950342,0.7852122951676075,-0.018765283735169776,0.6246987385282816,3.0146627565982405,2.904692082111437,0.9034550847781418,0.47369107905963403,682
polintr,political,SE,-0.055658773875544514,0.14709839991265766,-0.04401605990677462,0.251694921216969,2.0794117647058825,2.975,0.8083800458546149,0.250404679832237,680
polintr,political,SI,0.01813831514887286,0.637311845656286,0.021707523626738133,0.5725816800235638,2.7094395280235988,2.954277286135693,0.8745199882103283,0.37179471287687793,678
polintr,political,SK,0.01648512927604385,0.667376950526939,0.008124961717451413,0.8322640861343892,2.6759530791788855,2.9486803519061584,0.8213251983810337,0.3967633595238715,682
polintr,political,UA,0.018372602634856412,0.6334733061741554,0.004995108965730025,0.8968565656100197,2.7263313609467454,3.054733727810651,0.9143881190498259,0.5401986631423199,676
psppipla,political,AT,0.016059508509553365,0.676145553925919,0.01069401943734921,0.7808931426351261,2.3475699558173786,3.6044968090328915,0.8343417118155887,0.4944725657412089,679
psppipla,political,BE,-0.08624192730336772,0.024833469788303815,-0.09528934704234772,0.013122793702408412,2.190546528803545,3.624815361890694,0.8924564678561405,0.5112681499798141,677
psppipla,political,BG,0.04841205924958157,0.21177719182880167,0.040848976821495395,0.29213910061452375,1.7151424287856072,3.340329835082459,0.8936521730574533,0.47417563590731954,667
psppipla,political,CH,-0.040903360207299524,0.288969170368031,-0.035518661076544465,0.3572086544070377,2.927299703264095,3.7066023738872405,0.9838500392048067,0.47913077474824095,674
psppipla,political,CY,0.013856313110153135,0.7201357963798058,0.01105953941377772,0.7749108756992573,1.8315946348733234,3.546944858420268,1.020659863922315,0.5070712466642868,671
psppipla,political,DE,0.027312543891818492,0.47705553632349607,0.030219659335601022,0.4314210962232501,2.5441176470588234,3.6275,0.9326956440029219,0.4928587970346406,680
psppipla,political,EE,0.026205447933937014,0.4983038718466984,0.02085749615052377,0.5899327959370043,2.129850746268657,3.626052557731344,0.8813827506684169,0.4904385518091636,670
psppipla,political,ES,0.02381250415801519,0.5362289153683247,0.02999378526670046,0.43589245422637213,1.8552437223042837,3.518463810930576,0.8459911423867126,0.5000284050561229,677
psppipla,political,FI,-0.025799312082607464,0.5005544757724761,-0.022904761740978326,0.5498265527217046,2.7339181286549707,3.633333333333333,0.8414352754171046,0.49459745970329116,684
psppipla,political,FR,-0.02223578888920208,0.5644297384659279,-0.018442119458381003,0.6326949021552611,2.0548961424332344,3.459940652818991,0.9402418540070963,0.4987628046018004,674
psppipla,political,GB,0.005287520574721378,0.8919072315545048,0.00813549628914476,0.8343800672298146,2.0482654600301657,3.4238310708898942,0.830367284221561,0.494537333107185,663
psppipla,political,GR,-0.10644653174672962,0.005599392559790936,-0.10099124944684469,0.00859810119676857,1.9985207100591715,3.4208579881656807,0.9790384706322145,0.5199941628829989,676
psppipla,political,HR,-0.09531859610989457,0.013230531654507497,-0.07659491686331545,0.04667593692711071,1.665185185185185,3.522962962962963,0.7726134421154383,0.49984281516544127,675
psppipla,political,HU,0.031317656947351,0.41486507603020806,0.02791220769358191,0.46743193648880627,1.8529411764705883,3.2955882352941175,0.8575181828641589,0.4693660762752252,680
psppipla,political,IE,-0.029625001383636655,0.44393796714374717,-0.03875096068011715,0.3165624342325916,2.165671641791045,3.5313432835820895,0.9072127914499413,0.4993894494174872,670
psppipla,political,IL,-0.0668208006362224,0.08580980070462108,-0.06902440375411192,0.07594503410665979,2.078549848942598,3.5634441087613293,1.0171862110647736,0.49633352737489506,662
psppipla,political,IS,-0.03543661243423051,0.35760634420317694,-0.03558746825412577,0.3555621099755551,2.6420118343195265,3.690828402366864,0.8583937315581119,0.4782423623826058,676
psppipla,political,IT,-0.022193707112853688,0.5689567525470858,-0.01601319796651174,0.6811127455979785,1.7866868381240544,3.5113464447806355,0.7774500316940298,0.51810391736417,661
psppipla,political,LT,0.018068823170969698,0.640847028573832,0.030398002795715542,0.43247909910816007,2.01644245142003,3.4648729446935724,0.9436354189747661,0.5168196650361828,669
psppipla,political,LV,0.04719130410566576,0.22180533938209554,0.05654024797666905,0.14315749668781355,1.7306547619047619,3.4419642857142856,0.8686015894353065,0.5088437070905846,672
psppipla,political,ME,-0.013126612483507567,0.7364154141161023,-0.01757192901577958,0.6522705912909856,2.0833333333333335,3.6333333333333333,0.9188769508394561,0.4822598967277986,660
psppipla,political,NL,-0.016658655804226846,0.6640887174379987,-0.017999050543704178,0.6389100330042755,2.4545454545454546,3.637911371782339,0.9205524972973222,0.5130664678684187,682
psppipla,political,NO,-0.054116804324072454,0.1601940672540957,-0.0659778400323435,0.08674121783047774,2.994074074074074,3.77,0.9065998501397606,0.44514359367635287,675
psppipla,political,PL,0.04634766663192604,0.23123422776635613,0.04457013539401812,0.24963993779337204,2.1225710014947685,3.3721973094170403,0.8279810755646273,0.48683702033022036,669
psppipla,political,PT,0.021958546013799575,0.5701607229060492,0.027856938040542536,0.47128412824524474,1.7943368107302533,3.584202682563338,0.9122863519102726,0.49322658114805823,671
psppipla,political,RS,0.014397324683758619,0.7166326500265023,0.011998687999030993,0.7622805635470232,1.9184952978056427,3.3793103448275863,1.0207899759583756,0.504620560237416,638
psppipla,political,SE,-0.0022208404735657074,0.954107538064408,-0.015513054481196262,0.6876700827298546,2.830860534124629,3.7470326409495547,0.8980067914328079,0.4755524905786332,674
psppipla,political,SI,-0.028192215369237193,0.46629558148864997,-0.023710396181226973,0.5400955409120649,2.117910447761194,3.5559701492537314,0.8162082615353776,0.5145870961519888,670
psppipla,political,SK,0.025441621587565064,0.5099648209394971,0.01527081642894023,0.6925138700865691,1.9271916790490342,3.462109955423477,0.865537604986025,0.5165185135080594,673
psppipla,political,UA,-0.017496417389802597,0.6524392427473662,-0.0015464656247696723,0.9682488891651105,1.6796992481203008,3.1593984962406014,0.951200842063444,0.3663228203820709,665
psppsgva,political,AT,0.05004367057986686,0.19243990072853775,0.05515740173561808,0.15078144327750473,2.3088235294117645,3.738970588235294,0.8223203089196762,0.44077398690073827,680
psppsgva,political,BE,-0.024570158296316518,0.5242612985183711,-0.02452804012923056,0.5249728825767731,2.2091988130563798,3.7250741839762607,0.8870062235702623,0.47967027786724914,674
psppsgva,political,BG,0.050239824924283735,0.19978240798346,0.05324748775399153,0.17413506440960416,2.076569678407351,3.4640122511485454,1.1499343246648397,0.4990854948182953,653
psppsgva,political,CH,-0.07701841264300914,0.044993337433340046,-0.0723752183837983,0.059628505152731125,3.21976401179941,3.8085545722713863,0.963326924020817,0.42355041428721846,678
psppsgva,political,CY,0.03907882467155818,0.3113972608985304,0.03783453032216738,0.32706690132342875,1.8959881129271916,3.7028231797919764,0.994567960689422,0.46701406493043657,673
psppsgva,political,DE,0.02982670636304501,0.4394744384632079,0.03150680946049722,0.41412915457672905,2.543026706231454,3.7246341593819334,0.9514610845549168,0.4550358248990927,674
psppsgva,political,EE,0.03194413746194817,0.4090763086865372,0.031113980250682335,0.42136449086341976,2.2119402985074625,3.7741791044776116,0.9374331885406496,0.45756112174302616,670
psppsgva,political,ES,0.016842172709280054,0.6641528994032135,0.021139957385108637,0.5857503278332314,2.0944527736131935,3.6761619190404797,0.9703173339800621,0.49630916227052385,667
psppsgva,political,FI,-0.07868891009838719,0.03964690538020292,-0.07811158335464098,0.041124990847831264,2.4634502923976607,3.743786549707602,0.7972190475799101,0.4558246638908554,684
psppsgva,political,FR,-0.02285230603070174,0.5545659756954777,-0.02087691318115795,0.5893079562644238,2.1326378539493294,3.6219076005961255,0.9135752556625917,0.48969676616544144,671
psppsgva,political,GB,0.03930948953895995,0.3132843010212811,0.0406029364476587,0.29761546397052496,2.1333333333333333,3.6015151515151516,0.8357224225947983,0.5111777659675273,660
psppsgva,political,GR,0.005988827821790304,0.8763971286448773,0.008381058839679477,0.8276866393961227,1.9970457902511078,3.5598227474150663,1.0476757111955708,0.49974428184149233,677
psppsgva,political,HR,0.012815721942591934,0.7401787827022064,0.029569465476847884,0.44411171293611434,1.6428571428571428,3.6614583333333335,0.78575783261367,0.48098224578982884,672
psppsgva,political,HU,-0.08898743989429873,0.02011112786120171,-0.0845504736609356,0.02724769271360836,1.9824046920821115,3.5190615835777126,0.9768155702608059,0.5029314935898112,682
psppsgva,political,IE,-0.07125370831882544,0.06389730286320196,-0.06456232741573106,0.09324781179241219,2.2629246676514034,3.6942392909896604,0.9647633682632638,0.4642668286850225,677
psppsgva,political,IL,0.031186239509238198,0.4248484598330199,0.02999940288283128,0.4426930410818285,1.9634703196347032,3.7229832572298327,1.0129672120407265,0.4512566343269984,657
psppsgva,political,IS,-0.01702374224721466,0.6602789252557598,0.0032835596304444754,0.9324436183212786,2.57847533632287,3.893871449925262,0.8504402213702769,0.5095860609455681,669
psppsgva,political,IT,-0.12274246381254073,0.0015177045923056554,-0.10080290679544646,0.009289763853405214,1.7759398496240602,3.6285714285714286,0.7699309912688556,0.4835504092427485,665
psppsgva,political,LT,-0.018350272813554832,0.6346427779790405,-0.02353039369491065,0.5422720475636275,2.236255572065379,3.6285289747399703,0.9830674812447819,0.4896734876744287,673
psppsgva,political,LV,-0.008097467366609015,0.8345293165241708,-0.014640589112836846,0.7056476937800895,1.8158682634730539,3.628368263473054,0.9214679283834347,0.4944291173007118,668
psppsgva,political,ME,-0.027072423334956304,0.48748655477458563,-0.031297307221492675,0.42213954196502657,2.1954545454545453,3.7454545454545456,0.906716100805726,0.44284287083503304,660
psppsgva,political,NL,0.01996018653686274,0.6049563518634223,0.008336964298854863,0.8289548662174608,2.540059347181009,3.7945103857566767,0.9214453386253911,0.44823359508320876,674
psppsgva,political,NO,-0.034515064364266365,0.3698988823723439,-0.03359739879193575,0.3827670789567605,2.895125553914328,3.9413589364844905,0.8280885474977414,0.4173421640821363,677
psppsgva,political,PL,-0.009672189072407895,0.8038290012834102,-0.010842663929917609,0.78066251115991,2.270392749244713,3.5634441087613293,0.884049014157572,0.5053950199803259,662
psppsgva,political,PT,-0.08600931176930977,0.025885022740843856,-0.0801070454866696,0.0380299159029991,1.9910581222056631,3.7034277198211623,0.9650197962034397,0.4635716567714294,671
psppsgva,political,RS,-0.014088005548411348,0.7230955760488689,-0.004527525116973776,0.9093441508179306,1.853543307086614,3.563779527559055,1.0305885791593936,0.49630643507635397,635
psppsgva,political,SE,0.03410077055718557,0.37496798600099196,0.02391430887732412,0.5338820412144836,2.6671575846833577,3.863107511045656,0.8980293191323413,0.400347089734814,679
psppsgva,political,SI,0.011198336503949465,0.772661120602795,0.0098161222088677,0.800086269623518,2.1497005988023954,3.7005988023952097,0.8527492711928171,0.46159842305458504,668
psppsgva,political,SK,-0.06363635145304276,0.09930292552852236,-0.05378349145929308,0.16372871623556515,2.0297619047619047,3.5699404761904763,0.911431590313995,0.4984518470660813,672
psppsgva,political,UA,0.07411261921365303,0.056291001339284504,0.07900441791784758,0.04183602825005603,1.7575301204819278,3.2198795180722892,0.9763124742401114,0.42525405477577344,664
vote,political,AT,0.02703570674342923,0.48413420176239363,0.032173553348153014,0.40501581995725333,1.3005952380952381,2.1160714285714284,0.5664222986645073,0.637789621621215,672
vote,political,BE,-0.028627382375663986,0.4564289765539649,-0.028444522246865275,0.4593116047341478,1.3549337260677468,2.1472754050073637,0.6842744494352834,0.6394970132376827,679
vote,political,BG,0.01044075114348467,0.7853382923758419,0.007370197810642644,0.8475350025649483,1.3850658857979503,2.172767203513909,0.570187590723065,0.6310786162752472,683
vote,political,CH,-0.0004684895322399775,0.9903934829680308,0.0004005856581358557,0.9917858188381717,1.6711915535444948,2.1644042232277525,0.7968212514462351,0.6469542161597766,663
vote,political,CY,-0.02789460912384479,0.47035278305851863,-0.02888154082769986,0.4547876398898012,1.3467261904761905,2.150297619047619,0.5958285163474206,0.6294083760479598,672
vote,political,DE,0.08223305797190801,0.032027847254093605,0.07521144694504833,0.04994396213955401,1.3426470588235293,2.1720588235294116,0.6681952428840233,0.6408631854422343,680
vote,political,EE,-0.033441954260410904,0.38462154714918684,-0.043028341228873564,0.2632077956886774,1.3702064896755162,2.1799410029498527,0.6362721135634047,0.6362361601343546,678
vote,political,ES,-0.034354295618458604,0.37142574037231973,-0.021860049269451832,0.5696008379378825,1.3917525773195876,2.170839469808542,0.6693829043343048,0.6698111184274564,679
vote,political,FI,0.011974797826520634,0.7564949858303279,0.015458473427638763,0.6889312125929256,1.188707280832095,2.1931649331352157,0.46456933355106134,0.6601863899557237,673
vote,political,FR,-0.054934986593872755,0.1564306172459617,-0.04888983688420929,0.2072974846610502,1.487256371814093,2.176911544227886,0.6279784037817271,0.630939570333861,667
vote,political,GB,0.006877879325909627,0.858229423058601,0.007974431142731355,0.8359252240955819,1.3722304283604136,2.051698670605613,0.6059345709073498,0.6999477437477173,677
vote,political,GR,0.013019382534726284,0.7350669543496867,0.012756545703762537,0.7402207402165569,1.1843657817109146,2.3480825958702063,0.42442815344755414,0.6655175431631751,678
vote,political,HR,-0.07481192040102717,0.053278862910589274,-0.07855785684239748,0.042385272646373956,1.347305389221557,2.2649700598802394,0.5839240027010647,0.6339948535789658,668
vote,political,HU,-0.04649049304486473,0.22736723155650626,-0.044503710312648354,0.24787443718665808,1.2766272189349113,2.0961538461538463,0.5295290850741945,0.660807586719967,676
vote,political,IE,0.03136285240904874,0.41419172986342,0.03902426458007559,0.309561208123183,1.3191176470588235,2.0808823529411766,0.6064837094437662,0.6541489547982745,680
vote,political,IL,0.05575672314591116,0.1518611095824761,0.05374777493941533,0.1671925952365782,1.3141993957703928,2.2673716012084593,0.5564183681576615,0.6527901556173753,662
vote,political,IS,0.027350783596963118,0.4780701577492478,0.02360356908617315,0.5404137713747182,1.2681481481481482,2.3614814814814813,0.626403688042663,0.6557195500865858,675
vote,political,IT,-0.04864837909990053,0.2102397791148859,-0.03772333997559928,0.33139404448672233,1.413533834586466,2.21203007518797,0.6077786379299445,0.6778595824740934,665
vote,political,LT,-0.001413176697504301,0.9706793951876118,-0.0019215157041926787,0.9601399724838225,1.4300441826215022,2.2135493372606776,0.5829776817306552,0.6380687885364927,679
vote,political,LV,-0.06130524209315088,0.11396543986917083,-0.04422707304609911,0.2543776776176845,1.412912912912913,2.135135135135135,0.6270217812874971,0.6322627200180065,666
vote,political,ME,0.04388843118308334,0.2573199053156903,0.03252226924730641,0.40135236026568183,1.1946107784431137,2.2574850299401197,0.4289043235317414,0.5994907569692824,668
vote,political,NL,-0.01896957426600243,0.6222204576843757,0.010749063564270519,0.7801116678498635,1.2983751846381093,2.1831610044313146,0.6222313976991961,0.6264486589211269,677
vote,political,NO,0.056536404404746415,0.1408171700448282,0.053504430601912824,0.16342141930741855,1.3044117647058824,2.1911764705882355,0.658004710004901,0.6503053081815386,680
vote,political,PL,-0.058094378712202285,0.13131589860497997,-0.060428032605221206,0.11649520852032154,1.198224852071006,2.18491124260355,0.47677600893918526,0.629974831566111,676
vote,political,PT,0.0722449276147082,0.06104633872657458,0.059880914368668936,0.12067410576813241,1.347696879643388,2.1723625557206536,0.5832979540675722,0.6591909086691276,673
vote,political,RS,-0.07743511887258733,0.04625145408815044,-0.05186264030401567,0.18227667836411762,1.2503770739064857,2.191553544494721,0.47670413932800315,0.6464786090174801,663
vote,political,SE,0.006505563687364671,0.8657306460043278,-0.005309094060973774,0.8902511829236055,1.1297935103244838,2.247787610619469,0.44252894003027776,0.6129711661575248,678
vote,political,SI,-0.08998269688087855,0.019106807437156804,-0.09146968536295835,0.017203549942400708,1.3126843657817109,2.1887905604719764,0.5975218572966463,0.6050438028255863,678
vote,political,SK,0.018295412441130816,0.6341481119316492,0.010455128473231266,0.7856671380621119,1.2430044182621502,2.170839469808542,0.4779878409401696,0.642844230183755,679
vote,political,UA,-0.032406192993196456,0.4076682504216298,-0.04276689767717768,0.2744195836425078,1.380152671755725,2.331297709923664,0.5451229201404236,0.6485792482054129,655
actrolga,efficacy,AT,-0.04759020110209048,0.21999286326641254,-0.06071277985457281,0.117509262082099,2.3363363363363363,3.49024024024024,1.0539297465997963,0.5190890829447518,666
actrolga,efficacy,BE,0.016361884669916175,0.6701739480185496,0.024405558408414872,0.5252048279021315,2.1676470588235293,3.4911764705882353,1.0275213146108233,0.5261176599219809,680
actrolga,efficacy,BG,-0.018128846058290852,0.6392365070865534,-0.006378867878866957,0.8689993383079897,1.92548435171386,3.386736214605067,1.164316606673486,0.5065127369587761,671
actrolga,efficacy,CH,-0.010539363720884735,0.7846066393918115,-0.016826275794928156,0.6625609622824015,2.3496296296296295,3.6585185185185187,1.1279346211135373,0.48804478578864813,675
actrolga,efficacy,CY,-0.011179225795248604,0.773536606850344,-0.02194103781118032,0.5722029363490881,2.0330827067669173,3.512781954887218,1.1134934852271317,0.5179625186808605,665
actrolga,efficacy,DE,-0.00519619360668936,0.8928081442949464,-0.004599302054372491,0.9050594455364281,2.2888888888888888,3.4562962962962964,1.05955218878153,0.5329787809293915,675
actrolga,efficacy,EE,0.03023972344137355,0.4331628131606322,0.03693866848476082,0.3382996301121024,2.065281899109792,3.5534124629080117,1.039436065843627,0.5034460022384265,674
actrolga,efficacy,ES,-0.04401711000782844,0.2523846377372401,-0.04504545197756154,0.24146080575200712,1.8761061946902655,3.4601769911504423,1.0324090371653345,0.49877957224155445,678
actrolga,efficacy,FI,0.0213980152407489,0.5763862029276696,0.02016159189875695,0.5986220404529234,2.4415204678362574,3.539473684210526,1.059476388474822,0.5217582204382588,684
actrolga,efficacy,FR,0.004833109440204154,0.9001102287421016,-0.017159634688414444,0.6558225514328869,2.119645494830133,3.395864106351551,1.1248331335278972,0.5265276723873322,677
actrolga,efficacy,GB,-0.03235048322665808,0.40455264344263403,-0.03356080154868327,0.38719280817165813,2.2162162162162162,3.354354354354354,1.1244814108760588,0.4971684823156821,666
actrolga,efficacy,GR,0.046942651741790714,0.22634060504416534,0.04689190676890642,0.2268434969349039,2.1516516516516515,3.4474474474474475,1.0446305122110786,0.5154174316154079,666
actrolga,efficacy,HR,0.05752605624085261,0.13747854415054375,0.04744131396188747,0.22074598373418386,1.7889221556886228,3.3907185628742513,1.034080448872704,0.5063649670887425,668
actrolga,efficacy,HU,0.039052870474164295,0.3102799908014658,0.05848154675610959,0.1284773691837204,1.8847858197932053,3.3397341211225995,0.9858565599120904,0.5186765591298989,677
actrolga,efficacy,IE,0.0053786317280252564,0.8894790164882197,-0.0013141042206361467,0.9729160298018477,2.2298507462686565,3.467164179104478,1.1182699275683743,0.5111281989728208,670
actrolga,efficacy,IL,-0.0327815854309769,0.39974229936726746,-0.0292466692870704,0.45251022155813064,2.1450151057401814,3.5634441087613293,1.1746686852875035,0.5142968812324477,662
actrolga,efficacy,IS,-0.030217715555265014,0.43247243414516806,-0.023656890417997005,0.538896570619092,2.6469719350073855,3.844903988183161,1.0964077253005675,0.6281311140115544,677
actrolga,efficacy,IT,0.010662943928512903,0.7829352615756187,-0.0025016604774264826,0.9484661586755387,1.862686567164179,3.4649253731343284,0.8810979393592157,0.5207585393499701,670
actrolga,efficacy,LT,0.002443662563545147,0.9497346787567613,0.012416875846043634,0.7487150756370226,1.9491017964071857,3.3914670658682633,0.9904108918774025,0.5016933279559495,668
actrolga,efficacy,LV,0.04580050969569294,0.2392719941728313,0.03878621337115112,0.31903958223141227,1.5060422960725075,3.4788519637462234,0.712409806182578,0.5371296035710995,662
actrolga,efficacy,ME,-0.01699312658425099,0.6651800164628053,-0.015297158048904065,0.6968507476116949,2.0952380952380953,3.555069124423963,0.9282698862318984,0.5280563371596472,651
actrolga,efficacy,NL,0.02427204135023362,0.5271698476706362,0.023863567876644586,0.5341472995861031,2.1116005873715125,3.518355359765051,1.0951217736208507,0.531397378177321,681
actrolga,efficacy,NO,-0.015257776084662337,0.6914618403971493,-0.017426685974190344,0.650335718501073,2.69219440353461,3.703976435935199,1.0785305134052603,0.48120924318543773,679
actrolga,efficacy,PL,0.024173035685677805,0.5334474543315056,0.01252570468411135,0.7469557861932924,2.1096096096096097,3.355105105105105,1.0164056517306084,0.5249670847435335,666
actrolga,efficacy,PT,0.05424955078093566,0.15762830873987502,0.06802845546058957,0.07626924611048251,1.7029411764705882,3.5044117647058823,0.9799117191813218,0.5233667557083473,680
actrolga,efficacy,RS,0.007607397657786883,0.8454543721327568,0.05232999879554422,0.17968283333535348,1.905918057663126,3.4104704097116842,1.1722260274949738,0.5026037889351408,659
actrolga,efficacy,SE,0.006467162266300339,0.8666136915073482,-0.0025958251220479585,0.9462500106897463,2.682422451994092,3.6809453471196454,1.0801605370348204,0.5089207093730441,677
actrolga,efficacy,SI,0.06529672788662325,0.09247706428718104,0.07018872180109102,0.07047830069439544,1.9729323308270676,3.487218045112782,0.9875068872376018,0.5201386420011488,665
actrolga,efficacy,SK,-0.04062453725825959,0.291554028655638,-0.03767491179723734,0.32803370592023834,1.8550295857988166,3.411242603550296,0.8925974576177136,0.5187942662423634,676
actrolga,efficacy,UA,0.014266818063532818,0.7151043475044218,-0.0073054062093118105,0.8517404725206149,1.7473363774733637,3.34855403348554,1.0106580193638897,0.5138050402713552,657
cptppola,efficacy,AT,-0.03866810878786741,0.3183251067428789,-0.05738936790777023,0.13841706758403843,2.690119760479042,3.481287425149701,1.1989843218019072,0.6588301075893722,668
cptppola,efficacy,BE,-0.02522586250656349,0.5107483554265159,-0.009869351047534712,0.7969681470688359,2.06891495601173,3.461876832844575,1.0136810090249928,0.6149254669375298,682
cptppola,efficacy,BG,-0.00875605336177191,0.827750003527199,-0.018332429873855444,0.6486841557610242,2.085483870967742,3.390322580645161,1.098147474315381,0.6194764784923511,620
cptppola,efficacy,CH,0.021046887194609433,0.5851613838012789,0.022725158491099295,0.5555938105992285,2.7214814814814816,3.7333333333333334,1.0630275046050142,0.7206162875122191,675
cptppola,efficacy,CY,-0.005638124881280703,0.8841835685375818,-0.007271242000994245,0.8509844607180826,2.082089552238806,3.71044776119403,1.0993170013228248,0.7414957469250817,670
cptppola,efficacy,DE,0.021313458046998517,0.5809800252634246,0.016720143542193828,0.6650278673905757,2.6671619613670132,3.5200594353640415,1.04186494256737,0.6361846813961596,673
cptppola,efficacy,EE,0.05288321559978953,0.16963421566127151,0.048437191159573977,0.20847328137355658,1.8831360946745561,3.789940828402367,0.9331489909058348,0.7927183401838924,676
cptppola,efficacy,ES,0.018803585596388388,0.6237368356380794,0.016715897105907034,0.6627728676951808,2.171303074670571,3.513909224011713,1.1519189270355241,0.6683215970949404,683
cptppola,efficacy,FI,-0.022705982575078908,0.5532957404908695,-0.027238947454913634,0.4769479759659138,2.3391812865497075,3.7660818713450293,0.9780234808120501,0.7734362672294935,684
cptppola,efficacy,FR,0.011756033119890248,0.7606339660090918,0.011091824665506587,0.7737793792532137,2.234421364985163,3.4443620178041545,1.0073735762065352,0.6010930801769686,674
cptppola,efficacy,GB,0.06743481396530654,0.08226573463934204,0.0514942299461608,0.18474231230212199,2.2887218045112783,3.3849624060150374,1.077260451619405,0.6030165436352611,665
cptppola,efficacy,GR,0.008479775422628188,0.8273506184353283,-0.010612564445221467,0.7848846653585899,2.2876506024096384,3.5022590361445785,1.0536575204242338,0.6868146373455295,664
cptppola,efficacy,HR,0.03130266398311815,0.4171619467020678,0.029007123772710107,0.45215383540176357,1.814540059347181,3.483679525222552,0.9409121964319253,0.6790436360787364,674
cptppola,efficacy,HU,-0.04068199446932193,0.2915889975443594,-0.028923167688091923,0.45346422976547873,1.857566765578635,3.378338278931751,0.9538585201781328,0.6386786820840301,674
cptppola,efficacy,IE,0.010716319136514715,0.7807643978100965,0.0193003309183553,0.6161611889868,2.2008862629246675,3.5753323485967505,1.1071843575221711,0.655154855696838,677
cptppola,efficacy,IL,-0.08113713650288022,0.03631139621019768,-0.07839515382985374,0.04312939419052932,2.1366366366366365,3.7274774774774775,1.184210701929987,0.7074120601178947,666
cptppola,efficacy,IS,0.04410600757691667,0.2510763495919383,0.051114032400046555,0.1834108508325127,2.752577319587629,4.3019145802650955,1.0135024915750295,0.8156900828603826,679
cptppola,efficacy,IT,0.025545838066339026,0.5117321200857458,-4.998375698138169e-05,0.9989758199754005,2.054380664652568,3.5294561933534743,0.8627808328981942,0.6822535456109036,662
cptppola,efficacy,LT,0.0005734030111589902,0.9882245556813293,0.00884373703671221,0.8199307094270468,1.9443609022556392,3.4661654135338344,0.9576431232359539,0.6805038019029611,665
cptppola,efficacy,LV,-0.014084286657271378,0.7171571224305212,-0.006477591144511871,0.867682355236971,1.552710843373494,3.5271084337349397,0.8258229776837644,0.7065861762187863,664
cptppola,efficacy,ME,-0.07136138927960729,0.06903629002076804,-0.07154014161099817,0.06834153146344078,2.1569230769230767,3.7746153846153847,1.0220932674597323,0.7501732248297006,650
cptppola,efficacy,NL,-0.020577940165821196,0.5910911325421287,-0.02770132527757969,0.46949720643803633,2.128654970760234,3.5964912280701755,1.082726320396843,0.6894218289228073,684
cptppola,efficacy,NO,-0.02250208725546796,0.5574446813689461,-0.027761025046461916,0.4691932155936966,2.689149560117302,4.093841642228739,1.0647879748303972,0.8338419606943672,682
cptppola,efficacy,PL,-0.03306959241359189,0.3909943909357585,-0.012769213839815302,0.7405292783945183,1.9496296296296296,3.379259259259259,0.9278795962380291,0.5853169138665003,675
cptppola,efficacy,PT,-0.0003221288947384922,0.9933051686049418,0.007388540870590876,0.8473822059323303,1.7077826725403817,3.6901615271659325,0.947790582351099,0.7603444287565956,681
cptppola,efficacy,RS,-0.012106190017496282,0.7576706203357634,-0.007885930477014955,0.8407154801995604,1.8911042944785277,3.441717791411043,1.1435173625196893,0.6255998977492978,652
cptppola,efficacy,SE,-0.011803008237613394,0.7598803159888052,-0.015697741759501373,0.6843733024483933,2.6924219910846956,3.7971768202080236,1.0741354165500274,0.7024241993912719,673
cptppola,efficacy,SI,-0.05768165619818203,0.13641613791317594,-0.04702310903457101,0.22484692523738128,1.9805389221556886,3.535928143712575,0.9647047120188333,0.7013990351597911,668
cptppola,efficacy,SK,0.038913108382288716,0.31201605729074067,0.03061348247206112,0.4264660677293278,1.6129985228951256,3.446085672082718,0.8673956232063765,0.6518999621849767,677
cptppola,efficacy,UA,0.019661446375102788,0.6117043991455022,0.019244081324800207,0.6192849515787084,1.7204783258594918,3.390134529147982,1.0444674938513707,0.6528093227083503,669
trstprl,inst_trust,AT,0.05093355729578538,0.18758353482321388,0.009921312251206503,0.7975450787289459,5.086438152011922,7.155141579731744,2.4752465841835636,0.6925830534278261,671
trstprl,inst_trust,BE,-0.019199001640554207,0.6272822424023116,-0.023874170818919505,0.5459605004690433,4.693146417445483,7.282087227414331,2.3059814524465945,0.6987218139909095,642
trstprl,inst_trust,BG,-0.02826742698966009,0.46948587614763254,0.013998112930035686,0.7202429696385066,2.496194824961948,6.754185692541857,2.1549151442826107,1.0226482459662811,657
trstprl,inst_trust,CH,-0.06491908019932283,0.09664891106188969,-0.09185548070076088,0.01861573119113378,6.478658536585366,7.577743902439025,1.8859469120260122,0.6784975104733164,656
trstprl,inst_trust,CY,0.007608427187215986,0.8455500021529008,0.021264581700502043,0.5861022080623557,3.9376899696048633,7.338145896656535,2.4502493547985513,0.764522053017012,658
trstprl,inst_trust,DE,0.04329218884853507,0.2613500057520393,0.04972104806313582,0.19698311810313432,5.1466666666666665,7.122370370370371,2.638586079421386,0.4868785811986202,675
trstprl,inst_trust,EE,-0.017708924164244796,0.6480055258725111,0.008549805193291585,0.8255595974807646,4.72263868065967,7.386956521739131,2.5853851647933217,0.6104157517616123,667
trstprl,inst_trust,ES,-0.0201577444259676,0.6063029568934143,-0.0033028100595671223,0.9327128783224629,4.285060975609756,7.164786585365854,2.6424871460211468,0.5450072765421532,656
trstprl,inst_trust,FI,-0.019977042285338423,0.6019740074239291,-0.008120041655437445,0.832121297892721,6.593567251461988,7.3802631578947375,2.009862831907712,0.5793209947691779,684
trstprl,inst_trust,FR,0.05895947720457537,0.13024368088762978,0.02478106629332536,0.5250841662330887,4.274242424242424,7.105454545454546,2.512295144099402,0.6035307893655768,660
trstprl,inst_trust,GB,-0.08695632044575896,0.02593786105748925,-0.07951019468879743,0.041770980447468124,3.5838414634146343,7.034756097560976,2.576875651131165,0.6282747016442105,656
trstprl,inst_trust,GR,0.0032985885145997255,0.9319829626325384,0.036871488901112415,0.33989977123758935,3.150297619047619,7.002976190476191,2.1382263289452363,0.7816773279530618,672
trstprl,inst_trust,HR,0.0053520628432528975,0.8915051763566062,0.0214721748741655,0.5841810372319945,2.9662576687116564,7.121165644171779,2.4976971478879957,0.6510394785474901,652
trstprl,inst_trust,HU,-0.06991554566010136,0.07331650290799135,-0.06225901582521207,0.11086172405161017,4.578386605783866,6.896499238964992,2.918144741861594,0.8194119212715792,657
trstprl,inst_trust,IE,0.008333741097644707,0.8318015952037757,0.00564245414618708,0.885657814140025,5.056748466257669,7.225460122699387,2.351879434989335,0.717733848341843,652
trstprl,inst_trust,IL,0.00738927263807915,0.8511948615290743,-0.004647594219337371,0.9060762544191399,3.811437403400309,6.914219474497681,2.7102018487013253,0.8529580479909552,647
trstprl,inst_trust,IS,-0.02980745347846807,0.43976993576249707,0.0006999962086651357,0.9855277833406554,5.553412462908012,7.7544510385756675,2.298839151243883,0.6485916241554662,674
trstprl,inst_trust,IT,0.0013581915033329566,0.9721337878492113,0.026214754601173944,0.5000887586450458,4.447289156626506,7.087801204819278,2.373863186046377,0.7124948093367975,664
trstprl,inst_trust,LT,-0.0010538751897389996,0.9783104792656556,0.010159345423762008,0.793251788603751,3.7425149700598803,7.047904191616767,2.5436850621544593,0.7049483121059477,668
trstprl,inst_trust,LV,0.011721962295346411,0.7654836713923994,0.017536613684591754,0.6554011909895296,3.0876923076923077,7.042307692307692,2.3864026535243656,0.7484823252141594,650
trstprl,inst_trust,ME,0.06636926299595569,0.09446109722159846,0.06807038302851369,0.08629341695470648,4.221698113207547,7.3298742138364785,2.396763094747349,0.5414073087027028,636
trstprl,inst_trust,NL,-0.0035285033187283364,0.9273090075883211,-0.01836632401772261,0.6348524268056075,5.228017883755589,7.448286140089419,2.1146656571360727,0.6176454195331678,671
trstprl,inst_trust,NO,0.058581037723719344,0.12698325304315589,0.05161061247667952,0.1788643196835106,6.482352941176471,7.684558823529412,2.351882721299753,0.5394426126314269,680
trstprl,inst_trust,PL,0.03688659295547223,0.34664882454193213,0.038325642791965216,0.32814793940337494,3.9218989280245022,6.8591117917304745,2.5957187632222887,0.8219928320922565,653
trstprl,inst_trust,PT,0.007199066812969383,0.8539845796412395,0.017180383459486255,0.6604979873149431,4.382621951219512,7.284756097560976,2.630694300786233,0.5986595216511021,656
trstprl,inst_trust,RS,-0.040207280010634616,0.31792675648977087,-0.03404886273815266,0.39774311316185107,4.168012924071083,6.833602584814217,3.0868042187061917,0.8565009972618012,619
trstprl,inst_trust,SE,0.022279097755751688,0.563671251886427,0.015467523483854856,0.6885387555227749,6.274480712166172,7.460089020771514,2.2224777239950395,0.5246613492906217,674
trstprl,inst_trust,SI,0.00016626175395448764,0.9965829477479524,-0.0266101294274683,0.4929916529343261,4.183183183183183,7.186936936936937,2.468341396688065,0.7097350467734939,666
trstprl,inst_trust,SK,0.0019301938734416068,0.9602568916987958,-0.014129075020443206,0.7152727955903944,4.116591928251121,6.858744394618834,2.7730810999357693,0.8440540051501442,669
trstprl,inst_trust,UA,-0.009945944601351349,0.8000469221491985,-0.016795614450022343,0.6688391896326723,2.230414746543779,5.025345622119816,2.579635569973889,1.6071148526450567,651
trstplt,inst_trust,AT,0.057828366605810026,0.1396014918730017,0.06767373411104206,0.08375162255179827,3.6223241590214066,7.053975535168196,2.4970776387536864,0.6684587923979255,654
trstplt,inst_trust,BE,-0.021115995403502556,0.5921550919391607,-0.021066154244403387,0.593029622808171,4.139318885448916,6.958204334365325,2.225107366213521,0.7173071056138576,646
trstplt,inst_trust,BG,-0.0018485077580573921,0.9625125271261312,-0.008411377740180024,0.8306448716225493,2.211093990755008,5.305855161787365,2.068308832064032,1.575045438490746,649
trstplt,inst_trust,CH,0.00013885423839629245,0.9971634875070017,-0.02046701577050549,0.600232261523003,5.6063829787234045,7.360638297872341,1.915670057151839,0.6026457798271896,658
trstplt,inst_trust,CY,0.0910395892603134,0.02105299670253296,0.08680668715641277,0.027853041825363918,2.674454828660436,6.707943925233645,2.258269966958378,1.0089223533570089,642
trstplt,inst_trust,DE,-0.03568584190807056,0.3600133825063471,-0.023939389588241405,0.5392574711114871,4.069696969696969,6.9739393939393945,2.3536991643555947,0.6702792632229974,660
trstplt,inst_trust,EE,0.006080988615904254,0.8764636515966279,0.01762329187431594,0.6523134396072969,3.5884146341463414,7.176524390243903,2.306602521610853,0.703316544122395,656
trstplt,inst_trust,ES,-0.016728221801468084,0.664641318115766,-0.012731444844862877,0.741454831437017,2.7373887240356085,6.7114243323442135,2.363201609822805,0.9989757255356282,674
trstplt,inst_trust,FI,-0.02591684139485736,0.5005008621827969,-0.03553119942094274,0.35561060848352377,5.402654867256637,7.166666666666667,2.027533964016917,0.7449154747353864,678
trstplt,inst_trust,FR,-0.04057449028968751,0.29722068105117366,-0.041301558784701,0.2886411795046329,3.8836858006042294,6.3330815709969785,2.1698120719556395,1.0972428060754678,662
trstplt,inst_trust,GB,-0.07258426872537628,0.062371206876139854,-0.05899721397887986,0.12999748012723675,2.9287878787878787,6.3568181818181815,2.3195589261737797,1.335984583578592,660
trstplt,inst_trust,GR,-0.028267678385324697,0.4691427130600576,-0.04075194861608954,0.29658020381054684,2.683890577507599,5.693009118541034,2.092331886840704,1.360168224187818,658
trstplt,inst_trust,HR,0.03456340532470126,0.3760583164495989,0.0030421677561875346,0.9379171417600857,2.080547112462006,6.677507598784195,2.1626168695738666,1.0464894656022332,658
trstplt,inst_trust,HU,0.009121868509058472,0.8153346060826646,-0.008511052913034188,0.827499076338972,4.083586626139818,5.7803951367781155,2.6662107873917478,1.4443070930704152,658
trstplt,inst_trust,IE,-0.002120283193861858,0.9572391129414561,-0.01853734428848119,0.6391990391586216,4.317757009345795,6.475077881619938,2.4068212897709356,1.197111217446362,642
trstplt,inst_trust,IL,0.006055570359086192,0.8775375049883656,0.0028459631212243443,0.9422687864555968,3.2553846153846155,6.363076923076923,2.5034971391641356,1.2937647350888,650
trstplt,inst_trust,IS,-0.035258075849058094,0.3680006669872245,-0.0033659708171722667,0.9315340099464525,4.764525993883792,7.571865443425076,2.205984135878123,0.8019905596850393,654
trstplt,inst_trust,IT,0.015198802268084198,0.6954122255920259,0.02231750222887596,0.5653339510040006,3.373873873873874,6.635135135135135,2.31954928387152,1.1453323632520553,666
trstplt,inst_trust,LT,0.03683526132540208,0.34584264085849586,0.06413984643397772,0.10046691588148485,3.4809741248097414,5.981430745814308,2.2946159731572684,1.3015665134253904,657
trstplt,inst_trust,LV,0.03389746792620672,0.3937972002889481,0.042538374581744184,0.2844817015217106,2.6031496062992128,6.096062992125984,2.2033791444594377,1.3348283821922051,635
trstplt,inst_trust,ME,-0.03299847871627766,0.4049891535621927,-0.03500840223600895,0.3769682047286321,3.6979655712050077,7.049295774647887,2.235614884330149,0.8920558333828664,639
trstplt,inst_trust,NL,0.01728374042370423,0.6559065588703281,0.032478317752730065,0.402343152774263,4.8410794602698655,7.197901049475262,2.0398265923135765,0.6804620642069055,667
trstplt,inst_trust,NO,0.029802689146076557,0.44189363927785097,0.04011123961930305,0.30058582898213426,5.2859281437125745,7.61497005988024,2.048288027818328,0.570791159556525,668
trstplt,inst_trust,PL,0.06015015787922472,0.1269990679390192,0.05534491432982045,0.16033783449199712,2.8093023255813954,5.992248062015504,2.2975629088118565,1.3825449350295622,645
trstplt,inst_trust,PT,0.00469451609893455,0.9043301615291565,-0.04575759769030681,0.2411433507256303,2.8617021276595747,6.998480243161095,2.3629609207440363,0.8042869160271616,658
trstplt,inst_trust,RS,-0.058017169943062406,0.144833464176885,-0.06015768402230495,0.13055556360746953,2.859399684044234,5.578199052132701,2.843626721317299,1.482161410797531,633
trstplt,inst_trust,SE,0.057313375114598705,0.13894097200002964,0.05501544041271422,0.155513057862911,4.865269461077844,7.346556886227545,1.990183650260605,0.6531231402571153,668
trstplt,inst_trust,SI,-0.03612750940841452,0.3559313939382063,-0.023082349921281213,0.5553944518476938,3.23206106870229,6.899236641221374,2.294364428512063,0.8335011619875361,655
trstplt,inst_trust,SK,0.02214161651974765,0.5692789784398976,0.014146145917375485,0.7161739440572104,3.865761689291101,5.791101055806938,2.640908931678313,1.4313692640736824,663
trstplt,inst_trust,UA,0.05232923182655216,0.1827011974223217,0.03090985777884469,0.43144520494528044,2.0246153846153847,3.723076923076923,2.3393222497896247,1.6543139879276474,650
trstlgl,inst_trust,AT,-0.0020218592494890123,0.9583087974600195,0.0036431765457388453,0.9249534683663557,6.648286140089419,7.574366616989567,2.328600735776394,0.8082218420634207,671
trstlgl,inst_trust,BE,0.03417527213747594,0.37927509330368003,0.04465575706248953,0.2505132907605786,5.3629518072289155,7.602108433734939,2.4634671928081318,0.9296661268325018,664
trstlgl,inst_trust,BG,-0.03385025178551376,0.3937102380037089,-0.011636812005466981,0.7694205497087834,3.857142857142857,7.13767660910518,2.9219404253092844,0.8786386709687988,637
trstlgl,inst_trust,CH,0.11492718430133471,0.003177889706857354,0.05606535665534896,0.15115591173659726,6.933028919330289,7.973363774733638,1.9820279681529336,0.6412923618606818,657
trstlgl,inst_trust,CY,0.014531594943212156,0.7111131410023189,0.011085355253272002,0.7775431152006621,4.392638036809816,7.581288343558282,2.6424063483199567,0.8076931534279175,652
trstlgl,inst_trust,DE,-0.055440403154937076,0.15264890455726166,-0.07454586536522194,0.05431523359069671,6.322338830584708,7.622938530734633,2.34990803967546,0.6146595538074121,667
trstlgl,inst_trust,EE,0.023255897268901666,0.5515125180449142,0.01445471961809547,0.7113081801060439,6.334346504559271,7.86565349544073,2.4539731921308854,0.5829173585296034,658
trstlgl,inst_trust,ES,-0.011369055273792561,0.769124273774503,-0.03358128681454611,0.385831654725687,5.303437967115097,7.535127055306427,2.609116356678651,0.6374355834547831,669
trstlgl,inst_trust,FI,0.04831679301798167,0.21164918707688826,-0.028593469826475936,0.45997216574687116,7.479104477611941,7.875074626865672,1.880275821244321,0.5939829662778104,670
trstlgl,inst_trust,FR,0.049859551979617195,0.1987550683891887,0.07103754348995861,0.06693123960908007,5.285285285285285,7.408108108108109,2.4377346182195176,0.6329501473630775,666
trstlgl,inst_trust,GB,0.023344761110663432,0.5536668509239672,0.03511780300773354,0.3728653750806528,5.521671826625387,7.279566563467493,2.5283498293505833,0.8244239507687747,646
trstlgl,inst_trust,GR,0.026546810093244007,0.4963087254534485,0.02171582443759252,0.5778867849964225,5.245827010622155,7.264491654021245,2.5204862825907792,0.7189247128256155,659
trstlgl,inst_trust,HR,-0.024034898112715624,0.5401243654295957,-0.0010836672297994236,0.9779671556705456,3.1395705521472395,7.471319018404907,2.4281690078752427,0.9341232659296678,652
trstlgl,inst_trust,HU,0.04876895596935003,0.21188133767445821,0.02636345721415548,0.49994335105055115,5.380517503805175,7.171385083713852,2.7879506154558387,0.8291396874481136,657
trstlgl,inst_trust,IE,-0.07448485058506633,0.057122504250795264,-0.07101125444814788,0.06976628499856136,5.684532924961715,7.6715160796324655,2.4385118735149067,0.685397872764072,653
trstlgl,inst_trust,IL,0.01987453407934979,0.6132869511719612,0.0062004829907906815,0.8747268663686615,4.496147919876734,7.454237288135594,2.8545611027261364,0.7490022658341784,649
trstlgl,inst_trust,IS,0.03269804251906378,0.4005883388751375,0.062236903833384684,0.10936515655741756,6.1855203619909505,8.083559577677224,2.1793389181247234,0.5622177699440929,663
trstlgl,inst_trust,IT,0.08684684015076469,0.025227602845197226,0.08569953483022053,0.027228560750210597,5.515060240963855,7.66039156626506,2.3001899710352673,0.6655363323231788,664
trstlgl,inst_trust,LT,0.061374049876519815,0.11772222548673622,0.07489947322709471,0.056126957312521854,5.301075268817204,7.407834101382488,2.5099767842358247,0.7386787019692654,651
trstlgl,inst_trust,LV,-0.011870436392227332,0.7716869483716602,0.021698383640395936,0.5957973455138329,4.051666666666667,7.24,2.6173296658723206,0.8565177782787189,600
trstlgl,inst_trust,ME,-0.03836052103063252,0.33679514934790367,-0.0339088227810603,0.3958915778703203,4.319554848966614,7.644038155802862,2.2306383777353185,0.8607045542763251,629
trstlgl,inst_trust,NL,0.05954647269401925,0.12388809125564258,0.04311505588491026,0.2654487583199869,6.431988041853513,7.923168908819133,2.0444738777941227,0.5681555433392347,669
trstlgl,inst_trust,NO,0.06278769235444298,0.10546572331238252,0.09183784051767756,0.01775845532641172,7.48948948948949,8.068318318318319,1.9956442894375117,0.5247864105677339,666
trstlgl,inst_trust,PL,-0.026383260902916424,0.5035793974330535,-0.06459856214949358,0.10118618221147271,4.065116279069767,7.196434108527131,2.490124942698057,0.7315237632682251,645
trstlgl,inst_trust,PT,0.012416661519088986,0.7512881302432769,0.009920119396003995,0.8001041344230285,4.444954128440367,7.637614678899083,2.426726615272906,0.6329573734454015,654
trstlgl,inst_trust,RS,-0.07851055838743465,0.04904998336290701,-0.049565361300771875,0.21446415484644996,4.1860095389507155,7.089030206677266,3.0220097301011557,0.8954185482078416,629
trstlgl,inst_trust,SE,0.024678029109343896,0.5280689103995828,0.05493153214103761,0.1599286276059271,6.609756097560975,7.949390243902439,2.1487072488322223,0.5454317655178977,656
trstlgl,inst_trust,SI,-0.03666527495410915,0.34844305508819773,-0.050479498793347594,0.19661230897011175,4.797256097560975,7.720274390243903,2.565786358034758,0.736839082155659,656
trstlgl,inst_trust,SK,-0.034469661078056824,0.3751806524553395,-0.0315473240702095,0.4170280674781106,5.043674698795181,7.286295180722892,2.7548759552858226,0.7894528014443061,664
trstlgl,inst_trust,UA,0.02928238779337578,0.46350050990856884,0.02477045902934369,0.5351923524173727,2.5548489666136724,5.245627980922099,2.626832908963033,1.579022755181643,629
trstprt,inst_trust,AT,-0.003372657704451981,0.9307189785624905,0.014707192033859083,0.7045831254165802,3.572713643178411,7.1695652173913045,2.4202670875822783,0.6390122044742433,667
trstprt,inst_trust,BE,0.03702610516864135,0.3415110820808875,0.06347363136365398,0.1027437152258645,3.918429003021148,7.196374622356496,2.1458171555370673,0.7255560745995335,662
trstprt,inst_trust,BG,-0.007175965992533428,0.854668308391941,-0.013678614502841715,0.7269720800496207,2.2889908256880735,6.45565749235474,2.1385332001167203,1.3091818911097222,654
trstprt,inst_trust,CH,0.0495360348258426,0.20826725889803246,0.022445081022072735,0.5687555269374269,5.344667697063369,7.482071097372488,1.8844890347018635,0.7528192880009485,647
trstprt,inst_trust,CY,0.062127213196836895,0.11695405976483798,0.039436531934006744,0.3199563697524277,2.523510971786834,7.108150470219436,2.2283838098761284,0.8377266253559296,638
trstprt,inst_trust,DE,0.031750359811152117,0.415804729336885,0.007369204881316958,0.8502352717570919,4.0151745068285285,7.152503793626707,2.2086622279747172,0.7037927739062173,659
trstprt,inst_trust,EE,-0.041520629843315754,0.2853596673533312,-0.04057559662556137,0.2964761576997965,3.7018072289156625,7.4019578313253005,2.2075415204686895,0.6156425659083244,664
trstprt,inst_trust,ES,-0.08153842088660782,0.03553354746646106,-0.08434114075192377,0.029649658732859258,2.745864661654135,7.079398496240602,2.3764821398811353,0.69934108337874,665
trstprt,inst_trust,FI,-0.014003928371736307,0.7164732642307076,-0.03247686678979615,0.39954612743649104,5.460740740740741,7.388,1.8994414412579284,0.6675532186299936,675
trstprt,inst_trust,FR,-0.004313904826878003,0.9118536574292873,-0.0012281613269297521,0.9748578909939455,3.4826021180030255,7.011346444780635,2.125262880123744,0.7634301595968279,661
trstprt,inst_trust,GB,0.009633847253768929,0.8067814682088167,0.006317401314120957,0.8725805457288341,3.061823802163833,6.92967542503864,2.341418376166446,0.8106778036304936,647
trstprt,inst_trust,GR,-0.011535819914256278,0.7653247575110265,-0.0060064350896092515,0.8764932782247506,2.787202380952381,6.634672619047619,2.135000336969923,1.1038221956487564,672
trstprt,inst_trust,HR,0.009791866735161968,0.800863429412295,0.008437936000083824,0.8279337066433812,2.1576576576576576,7.068918918918919,2.2399133797517474,0.8202389360503223,666
trstprt,inst_trust,HU,0.049651014100222726,0.2020044615507085,0.030310231275185145,0.43623427634562956,4.052870090634441,6.5,2.6262809847067135,1.1369864886358119,662
trstprt,inst_trust,IE,-0.03480969928663694,0.3763359553514105,-0.025348942147242096,0.519487006914879,4.185185185185185,7.078703703703703,2.33969105140825,0.7200872683579236,648
trstprt,inst_trust,IL,0.005351919837016862,0.8917573596596678,-0.0009851298483446037,0.9800164536420366,3.3867488443759632,7.021571648690292,2.382396228635902,1.039125045142247,649
trstprt,inst_trust,IS,-0.024434371932316568,0.5308991632385659,-0.03126574120246202,0.4226079764020434,4.653030303030303,7.760151515151515,2.232177410738342,0.7546738382891012,660
trstprt,inst_trust,IT,-0.02969500437974359,0.4449188110618737,-0.026589203440672213,0.4939841127428566,3.3855421686746987,7.100150602409639,2.3163466595890947,0.7266630532585091,664
trstprt,inst_trust,LT,-0.01597618961420787,0.6831832533489278,-0.029283575152476773,0.4543500607339291,3.316030534351145,6.912977099236641,2.235240985232503,0.9199950926079797,655
trstprt,inst_trust,LV,0.011603374268664639,0.771300828043967,-0.00035427783637370744,0.9929191516687985,2.488888888888889,6.949206349206349,2.200383772793078,0.8184814773319297,630
trstprt,inst_trust,ME,0.08998012147495564,0.023138281639674293,0.04917964048798691,0.21514179929585445,3.8445839874411303,7.29905808477237,2.314030834377018,0.7068615136298221,637
trstprt,inst_trust,NL,0.0010555486928383838,0.9782108737499288,0.015485437027547419,0.6886372627220196,5.001488095238095,7.388690476190476,1.9452255401990193,0.7340292083540759,672
trstprt,inst_trust,NO,0.029565571520860246,0.4428140091662969,0.02666954486848135,0.4887815881513299,5.452662721893491,7.6499999999999995,1.9548553823940404,0.7279702883639831,676
trstprt,inst_trust,PL,0.011829163995437389,0.7642906124278535,0.02316158611165486,0.5570901413565944,2.89922480620155,6.810542635658915,2.3173828715377915,0.8658356015666298,645
trstprt,inst_trust,PT,0.00540222364617357,0.8891627171069445,0.0013270803299383336,0.972689683863831,2.8637724550898205,7.189820359281438,2.3214672806120453,0.8097705252186661,668
trstprt,inst_trust,RS,-0.032819184240803885,0.41051050538887146,-0.010737016000106537,0.7877882892850396,2.7955625990491284,6.707606973058637,2.725723313141908,1.0330287466069754,631
trstprt,inst_trust,SE,0.011345653766747654,0.7699222829310873,0.012729472942090604,0.7427964428655599,4.976011994002999,7.505097451274362,1.9619565646103099,0.7137670953924435,667
trstprt,inst_trust,SI,-0.0007398309398926661,0.9849337880174844,0.01412566089023759,0.718422080704846,3.197247706422018,7.224006116207951,2.243778209221439,0.8273031371994882,654
trstprt,inst_trust,SK,0.032364003565400326,0.405776380857029,0.025318469174400917,0.5154977051246029,3.8851963746223563,6.69939577039275,2.6170842538282666,1.0387206712304262,662
trstprt,inst_trust,UA,-0.036871077256711515,0.34574232137446753,-0.018640278819528382,0.6336790584048929,1.9496951219512195,4.494664634146342,2.3565208988256656,1.7689999444286504,656
trstplc,inst_trust,AT,0.004689204270013371,0.9041481693416425,-0.004250781033724388,0.9130726690748288,7.33987915407855,7.799546827794562,2.1824936778964523,0.6507180533414884,662
trstplc,inst_trust,BE,-0.06296733246807854,0.10343124182068728,-0.0638007917829442,0.0989347147121992,6.54179104477612,7.812686567164179,2.0964522137467316,0.645488151657257,670
trstplc,inst_trust,BG,-0.03320161094577393,0.3962494200583557,-0.025527825759273516,0.5142778395440896,5.13587786259542,7.402290076335878,2.8394627539795296,0.9050880343799839,655
trstplc,inst_trust,CH,0.020917116334243042,0.5874777276032603,0.010989286414631391,0.7756522106004676,7.336296296296296,8.074814814814815,1.9277224537432218,0.46056965735461186,675
trstplc,inst_trust,CY,-0.04457450992487399,0.25499190245601216,-0.06280613958138088,0.10856426556909199,5.079510703363915,7.853211009174312,2.5672771292229744,0.6004187625947877,654
trstplc,inst_trust,DE,-0.056873108743206384,0.14290798572746408,-0.10063645395053729,0.009407338303041878,7.090225563909774,7.761654135338346,2.1129928191699032,0.7418961587162745,665
trstplc,inst_trust,EE,0.022755386549132756,0.5577273649944511,0.031761753889058254,0.4131621988126356,7.512012012012012,7.903903903903904,2.1020591064652625,0.6214824017734211,666
trstplc,inst_trust,ES,0.03951755442476023,0.3074391795435525,0.011777630187166172,0.7610748068984338,6.911808669656203,7.753363228699552,2.402530075926857,0.5274003194057816,669
trstplc,inst_trust,FI,-0.03214580810528089,0.4033248442363922,-0.0402760036758488,0.29500096453828656,8.364306784660767,7.9446902654867255,1.4063667344301254,0.7135281562574527,678
trstplc,inst_trust,FR,0.04212045260052069,0.2766425950043322,0.0481566203673129,0.2135124013165461,6.566517189835576,7.497757847533633,2.1798924549958376,0.7638409841444965,669
trstplc,inst_trust,GB,-0.08808536830381244,0.02321133411573483,-0.06857754705244062,0.07741774237362406,5.84789156626506,7.350903614457831,2.5584087980555377,0.736609428887508,664
trstplc,inst_trust,GR,-0.015419304480222294,0.692990581245441,0.017155330002135514,0.6604762374748302,5.911854103343465,7.467325227963526,2.409673407957947,0.896931597059654,658
trstplc,inst_trust,HR,0.021002193423918607,0.590450704456547,0.03419100764040734,0.38086310512170063,5.441578148710167,7.7526555386949925,2.543392643277962,0.61104680324485,659
trstplc,inst_trust,HU,0.035679676653784506,0.36009643438044237,0.043705077621157544,0.26219798266691674,6.351515151515152,7.408787878787879,2.5132270680686544,0.7913119187854321,660
trstplc,inst_trust,IE,-0.018497921929075376,0.6378272278733782,-0.0030278230689410493,0.9385867613377363,6.523076923076923,7.837692307692308,2.3276173518099155,0.7449124191926145,650
trstplc,inst_trust,IL,-0.031825699053364215,0.4168391908132609,-0.039901671783166295,0.3086333641307308,4.696784073506891,7.689892802450229,2.811011227384579,0.7183541307758432,653
trstplc,inst_trust,IS,0.026322993089553087,0.49637822910151574,0.03283272789131142,0.3961618293038922,7.2522388059701495,8.198208955223881,2.0677506831289008,0.5246079762724853,670
trstplc,inst_trust,IT,0.052086179716574546,0.17875602715233407,0.05809297776183516,0.13363816036222007,6.705089820359281,7.788922155688622,2.0462796513942836,0.6388684993395898,668
trstplc,inst_trust,LT,-0.025449062580174268,0.5155770689174536,-0.015156948253111641,0.6986136348886144,6.870229007633588,7.608396946564885,2.338341980901546,0.6882631341911949,655
trstplc,inst_trust,LV,0.02234488063036368,0.5765246170875039,-0.008290382877575518,0.8358690946775406,5.250398724082935,7.551674641148325,2.5572322424300085,0.8942358381479161,627
trstplc,inst_trust,ME,-0.019936682169964397,0.6113532682858807,-0.046297170299727824,0.23778946496666836,5.380368098159509,7.742791411042945,2.205867302341609,0.8317399079016004,652
trstplc,inst_trust,NL,0.003619225795187081,0.9260035081034701,0.01672672439701938,0.667734874004041,7.05143721633888,7.901664145234493,1.6543107759428772,0.5930253321793492,661
trstplc,inst_trust,NO,-0.016932421326361684,0.661988072581872,-0.008634222435302001,0.8236047885962943,7.660687593423019,8.090433482810164,1.881988407198853,0.5623927366658185,669
trstplc,inst_trust,PL,0.06597466871290177,0.091583962262656,0.06183426270508418,0.11387513845439723,5.186259541984733,7.3989312977099235,2.5411826137186297,0.7408455082797099,655
trstplc,inst_trust,PT,-0.058128075789266674,0.13369523632892757,-0.03373300898214757,0.3844022079003878,6.365817091454272,7.800599700149925,2.3476845118317815,0.6199628974173246,667
trstplc,inst_trust,RS,0.036294692828416596,0.3593007766439964,-0.012616901989328896,0.7500496559185857,5.2515625,7.30828125,3.0659160230264613,1.017734842050998,640
trstplc,inst_trust,SE,-0.04190485956625529,0.27803139739593147,-0.0001479664368871614,0.9969452366602412,7.138392857142857,7.933779761904762,1.967746433677733,0.5664531310130773,672
trstplc,inst_trust,SI,-0.0221645615869061,0.5688787380192861,-0.020163465883652285,0.604278440182108,6.339366515837104,7.823981900452489,2.384695200502588,0.6543471733238146,663
trstplc,inst_trust,SK,-0.007282328557961265,0.8524268235807608,-0.005850200541871806,0.8812070118252646,5.654961832061069,7.5164885496183205,2.7433604513113603,0.8322273305784031,655
trstplc,inst_trust,UA,-0.01785163159021992,0.6560069542469119,-0.028179850786033044,0.48191514397056023,3.4,6.0216,2.840864801519569,1.4978394696772672,625
trstep,inst_trust,AT,-0.009828886251151173,0.8033989856543944,0.026218620206387013,0.5065779493593906,4.195652173913044,7.109472049689441,2.616893266292071,0.5619232422370899,644
trstep,inst_trust,BE,0.06386114638735295,0.10623959563269172,0.07495398007739255,0.057874428956574575,4.70826833073323,7.11201248049922,2.4265607663699904,0.6851066339220442,641
trstep,inst_trust,BG,-0.019278547611845068,0.6396991911009031,0.00962646161714699,0.8151928117307974,4.616554054054054,6.89695945945946,2.816424444256139,0.8068179512600788,592
trstep,inst_trust,CH,0.05711221481888447,0.15957465631698473,0.108700140325694,0.007302432280686807,4.947368421052632,7.2269736842105265,2.135568318262502,0.6316444263580356,608
trstep,inst_trust,CY,-0.0230418877571651,0.5716259471238496,-0.016509303968552047,0.6852841943124034,4.5917355371900825,7.159504132231405,2.6124253142738567,0.7316834567354791,605
trstep,inst_trust,DE,-0.03196555240131813,0.415152604206319,-0.03910606458335117,0.3187592013228663,4.6656441717791415,7.041411042944786,2.613656216176135,0.725741214240198,652
trstep,inst_trust,EE,-0.03394172029342594,0.3973253016057378,-0.04432738062890467,0.26889063142087666,4.858974358974359,7.266025641025641,2.5444963878379343,0.559235524384079,624
trstep,inst_trust,ES,-0.02706098479197559,0.5012167528017979,-0.030533683340584435,0.4478972484380161,4.633870967741935,7.111290322580645,2.572342240775747,0.7017413924035667,620
trstep,inst_trust,FI,0.008453070315752096,0.8293006397911412,0.024272862079330926,0.5358055097146011,5.856049004594181,7.13093415007657,2.023810946225246,0.7896523368811109,653
trstep,inst_trust,FR,0.00504762888678261,0.8993010140306948,-0.027439699879341153,0.4914274277469757,4.342313787638669,7.0340729001584785,2.5229298355977483,0.7653378055354989,631
trstep,inst_trust,GB,0.04543671866887412,0.2771363731590573,0.02618472440978633,0.5312616643062273,3.773519163763066,7.001742160278746,2.6685935963264664,0.7373106380845678,574
trstep,inst_trust,GR,0.0296498474029722,0.451518147532253,0.004723189628194836,0.9045557708877845,4.117465224111283,6.922720247295208,2.371487183119925,0.7127064497651056,647
trstep,inst_trust,HR,-0.030601034005723133,0.4425139316390998,-0.023744633158221146,0.5512867184606021,4.2674050632911396,7.0284810126582276,2.638796412087037,0.7911829312496044,632
trstep,inst_trust,HU,0.04815859955084102,0.22121163702993354,0.026779906168822594,0.49651480838529116,4.734157650695518,6.854714064914992,2.5968172696137346,1.0213230674999192,647
trstep,inst_trust,IE,-0.04545569140495238,0.2727726372154509,-0.019114587253481304,0.6448148870789298,5.169520547945205,7.1323630136986305,2.360414485854466,0.7402404910791476,584
trstep,inst_trust,IL,-0.006890605868077996,0.8716779443498458,-0.025665835535796645,0.5473453605445883,2.818840579710145,6.559782608695652,2.5546243106117283,1.1879057613488597,552
trstep,inst_trust,IS,-0.034894830500804164,0.40034947424843104,-0.01569778106873812,0.705253110838848,5.746140651801029,7.301543739279588,2.1628020582267067,0.7939078718555705,583
trstep,inst_trust,IT,-0.047051076224381046,0.2327549502428466,-0.023458015618938156,0.5520534224740555,4.669767441860465,7.153178294573643,2.332813613594241,0.6051102056806067,645
trstep,inst_trust,LT,0.03932487255553106,0.33183052100747307,0.0347288047890461,0.39147715088121815,4.960720130932897,6.923895253682487,2.5719346813539916,0.9915306343458521,611
trstep,inst_trust,LV,-0.04011779702645049,0.336912191989435,-0.055713162926983466,0.1821763680385366,4.114782608695652,6.952869565217392,2.6074218472645514,0.724307629526693,575
trstep,inst_trust,ME,0.028020307303106708,0.495121712238997,-0.0019291311071486426,0.962546976505752,5.610084033613445,7.178991596638656,2.328110856741283,0.8135918149437137,595
trstep,inst_trust,NL,-0.0037237446303583733,0.9257402262848834,0.007179115986733736,0.8573916355278492,5.104928457869635,7.274085850556438,2.220731331374297,0.6141998048365515,629
trstep,inst_trust,NO,-0.026447484502346887,0.51894966842513,-0.021802295323334192,0.5949650078271118,5.623115577889447,7.353433835845896,2.1079113541341807,0.5711542837387114,597
trstep,inst_trust,PL,-0.03015394166641788,0.4510182933380614,-0.023507601658444125,0.5568436417264269,4.015948963317384,6.921212121212122,2.654744535150579,0.718633641825058,627
trstep,inst_trust,PT,-0.027242508930041997,0.5004433947044492,0.0008372427011414074,0.9834819496553762,4.894136807817589,7.144951140065147,2.6225645557576,0.8351957586066017,614
trstep,inst_trust,RS,0.010195864773362245,0.8059445187916597,0.011254152532223683,0.7862669588420883,2.680960548885077,6.843910806174957,2.761000697022078,0.9745876591835411,583
trstep,inst_trust,SE,0.1035860054453488,0.010092642708219853,0.09338093857245483,0.020448593604694053,5.262987012987013,7.257142857142856,2.137316950331075,0.5526117904467535,616
trstep,inst_trust,SI,-0.028884869051681476,0.46853297170441505,-0.013845688336002826,0.7282887354537166,4.5854430379746836,7.195094936708861,2.571755052611526,0.5884988481728647,632
trstep,inst_trust,SK,-0.030658151591465576,0.43770047202979157,-0.0059557990328071644,0.8801876609157713,4.399688958009332,6.962674961119752,2.9355167296543168,0.6474298565151907,643
trstep,inst_trust,UA,-0.0417046766664802,0.3098251136453911,-0.04340740469270257,0.29046954284747867,4.184873949579832,6.047899159663865,3.126314906002265,1.365696177932767,595
trstun,inst_trust,AT,-0.041070351798257645,0.30961121533437325,-0.0152543712323799,0.7059951606385819,4.835504885993485,7.247557003257329,2.6566380873920874,0.7624671634732987,614
trstun,inst_trust,BE,0.03047015977355165,0.441589054093231,0.021452994217726024,0.5880086662285858,5.3359375,7.253125,2.3592701443965676,0.9269008300081496,640
trstun,inst_trust,BG,-0.0010374271214859644,0.9804751773751041,0.006882765847645505,0.8710159597691463,4.813953488372093,7.126118067978533,2.846947419735043,0.8396093521222658,559
trstun,inst_trust,CH,0.01007381870018887,0.8026410990817984,-0.015945764070864673,0.6923794596750262,5.289644012944984,7.456310679611651,2.2919610486289885,0.7244518280284309,618
trstun,inst_trust,CY,-0.05435809929890562,0.17679830237697364,-0.04675639287938607,0.2454103563989605,4.1373182552504035,7.369951534733441,2.5924111143112922,0.8261317612631204,619
trstun,inst_trust,DE,-0.07352415204905606,0.06387238255520168,-0.10596938864570005,0.007479084229323386,5.044025157232705,7.2492138364779874,2.4644774870965014,0.7211644203169517,636
trstun,inst_trust,EE,-0.06314244705507818,0.122977273037244,-0.02113106055873366,0.6060526579001392,4.740802675585284,7.415551839464883,2.6564369578594573,0.839742889474955,598
trstun,inst_trust,ES,0.008870808273068588,0.8241444064699643,0.01233451137652153,0.7573286026859078,4.917460317460318,7.315079365079365,2.6609428312545513,0.5983638874989627,630
trstun,inst_trust,FI,0.017054587183074423,0.6630721966644401,0.03631951114475022,0.3533791308533374,6.465648854961832,7.347328244274809,2.1082976810646623,0.6831667855822279,655
trstun,inst_trust,FR,-0.036072490105755306,0.373009821783319,-0.05960097408945972,0.14082068845290774,5.189542483660131,7.249673202614379,2.4022674340518577,0.6735473362293171,612
trstun,inst_trust,GB,0.004566434579545328,0.9136789420309587,-0.022204282358376876,0.5980867932218868,4.911660777385159,7.060070671378092,2.6752166528323658,0.8698057937784284,566
trstun,inst_trust,GR,0.012681241524038782,0.7516919995018486,-0.006544667732456894,0.8702893928406094,4.1904,7.2376,2.4246141643886037,0.793570315822011,625
trstun,inst_trust,HR,0.04944604153240063,0.21374876252177863,-0.012321976976393532,0.7568203280311387,4.7066246056782335,7.34384858044164,2.8726064084130716,0.7446926584510581,634
trstun,inst_trust,HU,-0.003870023868338124,0.9227093213768545,-0.020661433462937338,0.6044335004835754,5.269413629160064,7.007923930269413,2.4932288248541874,0.8796286918206182,631
trstun,inst_trust,IE,-0.0292625574368906,0.48220734569080925,-0.016796643901640994,0.6867106899449061,5.431778929188256,7.389464594127807,2.44880285267123,0.6245077425116987,579
trstun,inst_trust,IL,-0.03206207386525519,0.4228785031572275,-0.02716310157220183,0.4971814297494682,2.1770334928229667,6.970494417862839,2.4881024507816605,1.005737650490503,627
trstun,inst_trust,IS,0.01249113206855928,0.7530236215765385,0.02477168398602905,0.5325771264488744,6.343799058084772,7.645996860282574,2.202667053423668,0.7158606246696285,637
trstun,inst_trust,IT,-0.01202006490571179,0.76259782510061,0.01073918699480284,0.7872525872206062,4.979495268138801,7.425867507886435,2.3737417681395163,0.6347192446609057,634
trstun,inst_trust,LT,0.02327571175699074,0.5778648517680922,0.025744554255762407,0.5381894706696961,5.022648083623693,7.161149825783972,2.6010823277223825,0.9773558740620887,574
trstun,inst_trust,LV,0.055089360987222745,0.2037246014699305,0.05271465644336992,0.22392984256092766,3.764044943820225,7.120786516853933,2.8152191797213937,0.970444347715512,534
trstun,inst_trust,ME,0.010431006659428112,0.7980800799127551,-0.029015922012623617,0.4766010794085636,5.3990066225165565,7.4114238410596025,2.3297198046364445,0.9790603471412912,604
trstun,inst_trust,NL,-0.01685190327688591,0.6763614573926504,0.04208892085086048,0.2969668213942105,5.8603896103896105,7.367694805194805,2.0314572872067824,0.8491670970646459,616
trstun,inst_trust,NO,-0.014053668185992192,0.7175415938637012,-0.010284391737340897,0.7912268853904557,6.996992481203008,7.603007518796993,2.0862407770347744,0.6058126884587343,665
trstun,inst_trust,PL,0.036948736073326556,0.3615033892729913,0.04087254859595036,0.31274174944386823,4.916666666666667,7.029411764705882,2.571641263642871,0.7664941211131188,612
trstun,inst_trust,PT,-0.005192272050737494,0.8975849901176911,0.012894610159916055,0.7492266470092056,5.426256077795786,7.453808752025932,2.5958554165069785,0.6445746979884597,617
trstun,inst_trust,RS,-0.010389156925810016,0.8021742831997041,-0.02474571347397567,0.5506293408197475,2.8784246575342465,7.126712328767123,2.8218603132059674,0.9363291775690444,584
trstun,inst_trust,SE,-0.01497808932255321,0.7059443103122368,-0.020320506042842214,0.60871265248117,6.2888540031397175,7.425431711145997,2.2250895195836136,0.6972633006994244,637
trstun,inst_trust,SI,-0.02174072949229889,0.5960056592786938,-0.04505756331855092,0.2716944917251387,4.844221105527638,7.45142378559464,2.55559412798736,0.6800010977367824,597
trstun,inst_trust,SK,-0.004835740804218858,0.904737278932064,0.010998578631646867,0.785461158550996,4.847154471544715,7.135772357723577,3.005324406582967,0.8110726080050777,615
trstun,inst_trust,UA,0.03604910714554368,0.38947878932379953,0.03532328078170106,0.39910254452745386,3.5681818181818183,6.085664335664336,3.1540541584022765,1.496523962786824,572
happy,wellbeing,AT,0.025033996266707728,0.5218149921900146,0.021480707949125072,0.5825877949131097,7.633181126331811,7.3025875190258756,1.6595054414285741,1.0246099802423752,657
happy,wellbeing,BE,-0.0762687724209006,0.052128957598151573,-0.04469950312346703,0.2554904543134087,7.788906009244992,7.440677966101695,1.4551314709103045,0.8291246515457101,649
happy,wellbeing,BG,-0.032319832777405154,0.40963865520552384,-0.05480656574278383,0.1618466304378713,6.309341500765697,7.166921898928025,2.100070484080554,1.236463833428026,653
happy,wellbeing,CH,0.003913285788000105,0.9198293276657236,0.03259546726211786,0.40171249689868654,8.167168674698795,7.740210843373494,1.4667991218342153,0.6139852883920607,664
happy,wellbeing,CY,-0.021408293035452285,0.584147341567649,0.020692859518957107,0.5967765494061407,6.974085365853658,7.53125,2.1094333565750105,0.9962597035645699,656
happy,wellbeing,DE,-0.05566749712240478,0.1572656036087761,-0.05860427282921175,0.1364696873444987,7.741885625965997,7.238794435857805,1.7040722031608981,1.0545172326239534,647
happy,wellbeing,EE,0.05522093390076057,0.15773610135527566,-0.0007655905481058758,0.9843853654837531,7.449695121951219,7.5774390243902445,1.8000593455121088,0.8363918304157582,656
happy,wellbeing,ES,0.02054889062902224,0.5984959721932751,0.03316127037548402,0.39538044230194475,7.867981790591806,7.445371775417299,1.5276153097630045,0.8834284760020366,659
happy,wellbeing,FI,-0.08337324089177593,0.03196712617844519,-0.08422538721292443,0.03024849078665914,8.089123867069487,7.5545317220543815,1.4809642828319847,0.8039815865921174,662
happy,wellbeing,FR,0.015067443243643971,0.7014022194251773,0.04087898493321112,0.2980414073989345,7.470769230769231,7.327538461538461,1.6021675492140062,1.0386795735970737,650
happy,wellbeing,GB,0.061696922073615684,0.11951583339824189,0.011915158215132537,0.7638862294496783,7.471786833855799,7.163009404388715,2.0136863588893594,1.0479456032411936,638
happy,wellbeing,GR,0.095418607766191,0.01667527604704014,0.006457828414192502,0.8715885367532219,6.796502384737678,7.3068362480127185,1.5941534828320372,1.1439265015624835,629
happy,wellbeing,HR,0.03332249097722563,0.4011310290636538,0.09573286392260497,0.015649187684665673,7.577708006279435,7.328100470957613,1.880637626752977,1.2108179843178646,637
happy,wellbeing,HU,-0.025915373680662972,0.5121671913036461,-0.04039304312289365,0.3068329026153465,7.095015576323988,7.109553478660437,1.961884878744955,1.1511412296807753,642
happy,wellbeing,IE,-0.06813889643236348,0.08474834298786696,-0.038692803331803784,0.3280358649949499,7.645865834633385,7.370514820592824,1.6595422676815221,1.11085041333009,641
happy,wellbeing,IL,0.018036651849759312,0.645219083037283,0.04352205391826214,0.26639388935032804,7.40519877675841,7.502293577981652,1.9305008610503422,0.8968607490092123,654
happy,wellbeing,IS,0.051185860978686895,0.19246173235577174,0.05729165709319183,0.14455313165742611,8.027692307692307,7.691692307692308,1.5331476320720396,0.7961726033156852,650
happy,wellbeing,IT,0.0771707298769089,0.04853124270233214,0.05704631087708671,0.1450430975437921,6.86085626911315,7.5504587155963305,1.7754226123687868,0.861668723971297,654
happy,wellbeing,LT,-0.02924764561193063,0.45698505610209833,-0.022427800428530643,0.5684544068358361,7.403697996918336,7.203389830508475,1.9229892194921474,1.3523827522562262,649
happy,wellbeing,LV,0.02216548467436886,0.5774729715501302,0.012270564430129681,0.7578032295084284,6.7586750788643535,7.1474763406940065,2.0714249688000956,1.3268767222060396,634
happy,wellbeing,ME,-0.012366211086536546,0.7601305095781686,-0.046360248229886034,0.2521427685292599,6.514705882352941,7.5776143790849675,1.9855730257750461,0.7964357147816828,612
happy,wellbeing,NL,-0.025624953198317008,0.5081894771318806,0.02551105968791884,0.5100770717074729,7.997010463378176,7.555455904334829,1.2296207127385839,1.0874712371096007,669
happy,wellbeing,NO,-0.08851641887406293,0.024348310865779304,-0.04065537562714257,0.3018167446429578,7.9536321483771255,7.604018547140649,1.538267774748161,1.141186140690907,647
happy,wellbeing,PL,0.047037393498043735,0.23108149164749753,-0.009457164800816596,0.809824352281775,7.541538461538462,7.288461538461538,1.9331582618183278,0.8466042580242975,650
happy,wellbeing,PT,-0.024995773414024387,0.5234057457388412,-0.026139216683733434,0.5045776488390666,7.007645259938838,7.42874617737003,2.046534355776271,0.9802330971537616,654
happy,wellbeing,RS,-0.04996977539823434,0.20117594191024518,-0.015108123054280559,0.6993183310775569,7.170731707317073,7.210365853658536,2.2147589770407126,1.0285760647169382,656
happy,wellbeing,SE,-0.055976143261120125,0.15338169038429073,-0.013418968222154827,0.7323495795171266,7.737730061349693,7.471012269938651,1.6311822446761879,1.0305488462855121,652
happy,wellbeing,SI,-0.04441045266596827,0.26117380401665247,-0.033559762628382936,0.39593145355840825,7.7632398753894085,7.369158878504673,1.730704842780088,1.235846136080918,642
happy,wellbeing,SK,-0.018248410586965587,0.6416001121417348,0.013470818311023376,0.7311565005000438,6.647779479326187,7.196784073506891,2.085220148535992,0.9568635229037364,653
happy,wellbeing,UA,-0.00040718603293628307,0.9917650328079101,0.008685350098814925,0.8257490206706646,6.013953488372093,6.937209302325582,2.6230211170408073,1.359180297790146,645
stflife,wellbeing,AT,0.04754145569928043,0.22611563809596044,-0.017744423817541453,0.6515855544973486,7.7215384615384615,7.597384615384614,1.678559833563061,0.9176622957990634,650
stflife,wellbeing,BE,-0.04945016052948656,0.2073004119950705,-0.034194125961654935,0.3833708227663001,7.495398773006135,7.66963190184049,1.67615709458057,0.8875471573170116,652
stflife,wellbeing,BG,-0.009507154160441835,0.8089832880641921,0.012631495485241104,0.7480695413934682,6.151001540832049,7.406471494607088,2.241995999833458,0.719238301357688,649
stflife,wellbeing,CH,-0.0016480402979967591,0.9661646277554377,-0.009106208840691713,0.8146819971682624,8.133834586466165,8.026766917293234,1.5537986496587943,0.3424388716714227,665
stflife,wellbeing,CY,0.04919478458380313,0.20895895672202097,0.008737070240491229,0.8235249048946471,6.368501529051988,7.840214067278287,2.3970985305646124,0.616953402464504,654
stflife,wellbeing,DE,-0.008344652566344105,0.8296804860589032,0.01089606116346453,0.7787978956941434,7.691154422788606,7.670464767616192,1.7943763549336087,0.7505034905797779,667
stflife,wellbeing,EE,0.0074290503762750575,0.8482405671465636,0.005795805225813237,0.8813228427486078,7.027027027027027,7.84009009009009,2.005823669156799,0.5831204554427681,666
stflife,wellbeing,ES,0.03809126756668851,0.3285285546258132,0.003980535462673102,0.9187024106691735,7.513636363636364,7.781212121212122,1.8216691277000017,0.5132346029524162,660
stflife,wellbeing,FI,-0.030173798090297133,0.4348519944670591,-0.004996451825659601,0.8971341123476,7.944940476190476,7.863392857142858,1.5666812092301245,0.6196237792786541,672
stflife,wellbeing,FR,0.0038084099902575665,0.9227390593233106,0.0070988043792722345,0.8565417803738536,6.775729646697388,7.786328725038402,2.237875547656001,0.632514305892142,651
stflife,wellbeing,GB,0.005223799882270595,0.8937660933112302,-0.017788418420062107,0.6492726410319455,7.0,7.49359756097561,2.200624477643347,0.8632559612243995,656
stflife,wellbeing,GR,-0.013605366554431222,0.7261842437628379,-0.03782230471847753,0.33012617503260516,6.378947368421053,7.606766917293233,1.93279608275859,0.9681832670847613,665
stflife,wellbeing,HR,-0.04356737342368741,0.26082041979972304,-0.03569867587481372,0.3569341419509012,7.25748502994012,7.701796407185629,2.0907852999985685,0.745740371789008,668
stflife,wellbeing,HU,-0.08104425174831249,0.03946908545797668,-0.0730288520576056,0.06359298564871955,6.521671826625387,7.357430340557275,2.168554905681885,0.7132623318630864,646
stflife,wellbeing,IE,-0.051082103707402404,0.19233744747627177,-0.05398184909252923,0.16826298435425519,7.356814701378254,7.749310872894334,1.8284821283036565,0.6845716383669757,653
stflife,wellbeing,IL,0.03912089892551235,0.31341533940470434,-0.014699365874264635,0.7049447902109873,7.13963963963964,7.722972972972973,2.0702015860266454,0.8775722779508477,666
stflife,wellbeing,IS,0.04810090138497807,0.21786389073785759,0.016959996684141703,0.6641043052463307,7.785714285714286,8.034650455927052,1.7821991931053038,0.6069736410427097,658
stflife,wellbeing,IT,0.027413694844735794,0.48168057344336707,0.03237557074314793,0.4059647328383132,6.7609682299546146,7.840544629349471,1.8668694344685093,0.6337399857955252,661
stflife,wellbeing,LT,0.0470896342057999,0.23456492269740792,0.09292225720752745,0.018802859568554122,7.070422535211268,7.573708920187794,2.1231043493520168,0.9247199947793693,639
stflife,wellbeing,LV,-0.034748572601560244,0.3749669529579615,-0.054318691777711245,0.16529483386847785,6.314984709480123,7.523700305810397,2.272113772497245,0.870551606706145,654
stflife,wellbeing,ME,0.052828531432770415,0.17889134467300294,0.045053091493857195,0.25174612418121944,6.1525423728813555,7.775192604006164,2.196341762448745,0.6777215378812877,649
stflife,wellbeing,NL,0.005656814031746916,0.8851936853567631,0.005480640441786192,0.8887455849763307,7.9327217125382266,7.817431192660551,1.230694568114795,0.8506202442956667,654
stflife,wellbeing,NO,-0.012417463394401917,0.7490687522336508,0.015874422613877212,0.6825932039807713,7.747747747747748,7.980180180180181,1.672251025163487,0.5163177583975388,666
stflife,wellbeing,PL,-0.00699775278655997,0.8581313618106785,-0.005906215925837192,0.8800781181955637,7.270229007633588,7.448244274809161,2.033048608548999,0.8532860397433218,655
stflife,wellbeing,PT,0.05590686961685646,0.14679492483528314,0.010970112307940379,0.7760332193553062,6.511111111111111,7.831111111111111,2.039908455889018,0.588901641551757,675
stflife,wellbeing,RS,0.03060610112790125,0.43211644745497535,0.025142545081434056,0.5187383899085273,6.709531013615734,7.478214826021181,2.3225606149294675,0.6973611445306285,661
stflife,wellbeing,SE,0.08219834139897834,0.034065381053704574,0.05010267431727389,0.19690931040319917,7.818045112781955,7.923759398496241,1.8264223120125296,0.5394449980110628,665
stflife,wellbeing,SI,0.005794546804473764,0.8825080216645791,0.027638383958207967,0.4807797089786595,7.5451761102603365,7.75436447166922,1.9233459568829143,0.5705987346957713,653
stflife,wellbeing,SK,0.017785786390438825,0.6495715011331161,-0.02794317496370638,0.4752752890735307,6.338931297709924,7.501984732824428,2.235643033572274,0.6483187146225687,655
stflife,wellbeing,UA,0.047395240280805245,0.22364019730574367,0.04140005117624633,0.2878576383836834,5.074130105900151,7.026475037821482,2.810523413133945,1.026015156452323,661
stfeco,wellbeing,AT,-0.036057969554572675,0.35392734768169454,-0.019935888571734676,0.6083660436578658,5.392156862745098,6.925037707390649,2.1527889645318425,0.7863683535072842,663
stfeco,wellbeing,BE,0.037607035577408514,0.33398507823790013,0.04159714529011414,0.2852013146506129,5.20845921450151,6.9211480362537765,2.068140514250666,0.7310116997232637,662
stfeco,wellbeing,BG,0.004641059918020949,0.9059906711971925,0.024132575196081755,0.5391046072169952,3.086153846153846,6.4338461538461535,2.087889869156126,1.0661158745460035,650
stfeco,wellbeing,CH,0.030873169981157137,0.42496904425997584,0.027388774103841867,0.47910062908325474,6.835820895522388,7.1180597014925375,1.775914383106561,0.4603752898361179,670
stfeco,wellbeing,CY,0.03940036817024633,0.3114311962761172,0.026930391100162005,0.48911461875046264,3.581570996978852,7.04154078549849,2.2994754273075935,0.7682304050332402,662
stfeco,wellbeing,DE,0.012705045690659994,0.7419718639989415,-0.0007723163036844533,0.9840327763936,4.838278931750742,6.9473293768546,2.290678962513706,0.5748314474558242,674
stfeco,wellbeing,EE,0.03993540224151458,0.30198600652676033,0.017507525449799916,0.6510099923622267,3.988059701492537,7.074626865671642,2.2383745429078057,0.5450808098458514,670
stfeco,wellbeing,ES,-0.03950356974639688,0.3083374428907333,-0.05259398394946392,0.1748760445882892,4.2053973013493255,6.918290854572714,2.235685385674029,0.6087411955868635,667
stfeco,wellbeing,FI,-0.07032396514014246,0.06765437272337943,-0.07716037222839872,0.044915236108248865,5.650887573964497,7.028846153846154,1.9335668316680565,0.5087202534756173,676
stfeco,wellbeing,FR,-0.059832696315011,0.12492543028581564,-0.07719763385250568,0.047598599947411176,3.675265553869499,6.811077389984826,2.190927281628975,0.7121707206415285,659
stfeco,wellbeing,GB,-0.014203020378858068,0.7159089128226803,0.031782626213500934,0.4153308056865762,3.1350531107739,6.939301972685888,2.1469495830998286,0.5281902331089867,659
stfeco,wellbeing,GR,0.016457090538827025,0.6706802426031745,0.017103132408854024,0.6585548553455653,3.5134328358208955,6.382835820895522,2.052880547382153,1.008967721184417,670
stfeco,wellbeing,HR,-0.02117265542539655,0.5877229452703969,0.01544460013596686,0.6925125587169141,3.791793313069909,6.910334346504559,2.2112469136384254,0.6594468952667603,658
stfeco,wellbeing,HU,-0.0013313074448383603,0.972664524505248,0.02113769639236597,0.5863550228113324,4.257142857142857,6.537593984962406,2.544492212529121,1.0797005318688984,665
stfeco,wellbeing,IE,0.08747588547880854,0.023655769281964577,0.051740996690017554,0.18132861541015705,5.240657698056801,7.0347533632287,2.3267045488853273,0.5251952649489042,669
stfeco,wellbeing,IL,0.025542256775295646,0.51147147797949,0.06722256577100037,0.08370354608580588,4.656108597285068,6.902714932126697,2.4751309160593755,0.7363820197672628,663
stfeco,wellbeing,IS,-0.034202305296001,0.3760307333174123,-0.051288876465414544,0.18419182620026156,4.477678571428571,7.229910714285714,2.2948348594502783,0.7747205588637529,672
stfeco,wellbeing,IT,0.05909099793337784,0.12650958731047696,0.021196511249570272,0.5839012574174616,4.146268656716418,6.8104477611940295,2.134374397387652,0.6942286809060748,670
stfeco,wellbeing,LT,-0.014957567521565287,0.6989375298441808,0.02364196419462018,0.5409631320511681,4.523099850968704,6.879284649776453,2.4584280720690797,0.6749483746226892,671
stfeco,wellbeing,LV,-0.03377145807811466,0.38964678402220143,-0.043721990493790365,0.26530391093707695,3.565284178187404,6.844086021505376,2.148335821917491,0.7129836886501851,651
stfeco,wellbeing,ME,0.00048610037274740683,0.9900701830826653,0.03458103378412265,0.37581476070562164,4.332826747720365,7.107142857142857,2.431437599649267,0.6898882937078821,658
stfeco,wellbeing,NL,0.017176039083917884,0.6559928813731026,0.012373519530356224,0.7482938109223176,5.819259259259259,7.045185185185185,1.8735824036293045,0.4155220017096865,675
stfeco,wellbeing,NO,-0.02870242733582028,0.4539191363884315,-0.0352975225978743,0.3570126954283541,5.730600292825769,7.240849194729136,2.19718243124862,0.5739076165183188,683
stfeco,wellbeing,PL,0.04128404833278094,0.2993180408761647,0.03336500663259034,0.4016460717227253,5.23186119873817,6.729495268138801,2.064105482667727,0.7927977918991282,634
stfeco,wellbeing,PT,0.021218939608201925,0.5843503454779012,0.005985606564376143,0.87737496610901,3.7796101949025487,7.009745127436282,2.1646222852067343,0.537185771927233,667
stfeco,wellbeing,RS,0.07009303078857468,0.07391093544864097,0.07615268722683335,0.05212502202830571,4.139784946236559,6.580645161290323,2.678771121785416,0.8862332815237741,651
stfeco,wellbeing,SE,0.0077265722713481776,0.841421932405331,0.008614147930399167,0.8234895541058267,4.823179791976226,7.078008915304606,1.975278158247129,0.4663602288099159,673
stfeco,wellbeing,SI,-0.041333275567574185,0.29010576386213366,-0.025268593711497037,0.5179201457594786,5.249619482496195,6.968036529680365,2.2020854877205855,0.632369680881124,657
stfeco,wellbeing,SK,0.03199039968505185,0.41193091789751907,0.0373577300875884,0.33793534601212005,3.6772727272727272,6.7712121212121215,2.3944355989449426,0.8175363916046317,660
stfeco,wellbeing,UA,0.04270633368429196,0.2784361320738434,0.05217726760961122,0.1853373737385529,2.654798761609907,4.904024767801857,2.4317091714109327,1.337618811996643,646
stfgov,wellbeing,AT,0.0035003571780371865,0.9280488146063659,-0.012841478538316482,0.7404261917829736,4.001497005988024,7.092514970059881,2.5681121771476048,0.8351557457837377,668
stfgov,wellbeing,BE,0.034806981562995325,0.375634879484357,0.014013160989076045,0.7213937067217395,4.4,7.14,2.174229226018436,0.9386086151914206,650
stfgov,wellbeing,BG,0.00791276993627507,0.8401806414945456,-0.005893008836439367,0.8806175832208608,2.7407975460122698,6.671779141104294,2.157114042235015,1.1726928430504773,652
stfgov,wellbeing,CH,0.04355067281787141,0.2646166132074572,0.04530243777832556,0.24586064140433417,6.617021276595745,7.6209726443769,1.7618869441052152,0.7435676243865913,658
stfgov,wellbeing,CY,0.008080849522512415,0.8389528419625919,0.002603416747968311,0.947795900025192,4.017322834645669,7.187086614173229,2.3016964833807028,0.8261442788386064,635
stfgov,wellbeing,DE,-0.04260531238373355,0.27404154899805594,0.007392082818150109,0.8495499101209599,3.972768532526475,7.044326777609682,2.462294394919243,0.7395035449912329,661
stfgov,wellbeing,EE,-0.02285453031976509,0.559606083577962,-0.003022779699006892,0.9385001425330805,3.565749235474006,7.3909785932721705,2.2739865833885804,0.7031288351404608,654
stfgov,wellbeing,ES,0.007552389565042064,0.847252094632817,0.007737857863613883,0.8435487352944939,3.747320061255743,7.11186830015314,2.618746659106526,0.7218442219676328,653
stfgov,wellbeing,FI,-0.0039473742385962764,0.9188900602969309,0.0003378991029738497,0.9930450229052172,4.883233532934132,7.389820359281437,2.355539012908219,0.7084950141476893,668
stfgov,wellbeing,FR,-0.004260070790338967,0.912949259771143,-0.007231338916498983,0.852783797931863,3.7957639939485626,6.950075642965205,2.3967870346927564,0.9259331871127339,661
stfgov,wellbeing,GB,0.006163150813507498,0.8755705178440404,0.021741861777337168,0.5806372229343764,2.942901234567901,6.987654320987654,2.438386773082832,0.7757941880466475,648
stfgov,wellbeing,GR,-0.029419966858124074,0.4467593072737903,-0.006204216293523091,0.8725550760723771,3.651266766020864,6.801043219076006,2.3090983002187153,1.0008871212442527,671
stfgov,wellbeing,HR,-0.03436878692027731,0.3805780538873216,-0.0027331022033460404,0.9444263583905765,3.4104134762633995,7.060949464012252,2.5204711521410372,0.8363063431479139,653
stfgov,wellbeing,HU,-0.0008844983293836921,0.9817957173370008,0.008754053282179715,0.8213296131523793,4.4655688622754495,6.588323353293413,2.7787499707689567,1.2008173891281375,668
stfgov,wellbeing,IE,0.0006573875374677072,0.9866022618195741,0.0034792759651980044,0.9291811057294939,4.996946564885496,7.062290076335878,2.3357328945392446,0.9207085465301513,655
stfgov,wellbeing,IL,-0.03984434470766958,0.31345557383068084,0.015137376085961095,0.7018524422522814,3.8613707165109035,7.036292834890966,2.875650097772635,0.8505704949291721,642
stfgov,wellbeing,IS,-0.025771894956624877,0.5122137602062621,0.011738104453774698,0.7653462653933797,4.14637904468413,7.619106317411402,2.3911791317368976,1.007060783826448,649
stfgov,wellbeing,IT,0.027841571833490675,0.4785760252364215,0.06723118390129633,0.08676690405207665,4.3246153846153845,7.051933574548923,2.2489532418199314,0.8883300716073744,650
stfgov,wellbeing,LT,0.026275667446263196,0.5046598574063677,0.009829342110317994,0.8029403048409993,3.921174652241113,6.9992272024729525,2.5434246881659335,0.9997287663130758,647
stfgov,wellbeing,LV,0.017405731916247384,0.6640668929864679,-0.021270504000264503,0.5955863883215086,3.1808,6.9456,2.261214785837981,0.8610615094619681,625
stfgov,wellbeing,ME,-0.007667691812084826,0.8472022412875423,-0.027637744182790788,0.4872683842406379,4.712933753943218,7.356940063091483,2.4044961646946055,0.9371349431192724,634
stfgov,wellbeing,NL,0.0758204749013105,0.05065829654245265,0.03429824586689494,0.3772011072113205,4.590977443609023,7.374736842105263,2.0040417987449635,0.8179790506671758,665
stfgov,wellbeing,NO,0.04422407481361198,0.2544099095885865,0.06866996169047293,0.0765730248415789,4.801801801801802,7.679279279279279,2.1715307091562805,0.6539803566225836,666
stfgov,wellbeing,PL,-0.03588136437383747,0.3806900517989544,-0.05189136584208334,0.20472092753427254,4.474123539232053,6.8686143572621035,2.7527271108094693,0.8801508212163633,599
stfgov,wellbeing,PT,-0.004107187152899227,0.9165711220957397,-0.01265261711543051,0.7469097892511236,3.6003062787136293,7.106431852986217,2.3191255818371896,0.9212496399492,653
stfgov,wellbeing,RS,-0.04150369645337915,0.2998321114362052,-0.03490773709054052,0.38325668507956495,4.354632587859425,6.797923322683706,3.176733307155691,0.9361087973687577,626
stfgov,wellbeing,SE,-0.00932170502453526,0.811646885472301,0.003238111362203805,0.9340279337957783,4.2057926829268295,7.582926829268292,2.1780367894483907,0.6012058880522626,656
stfgov,wellbeing,SI,0.06009561681357055,0.1291350960488743,0.04167224560778294,0.2928894116885746,4.270735524256651,7.163693270735525,2.4926735135171567,0.8159438674307848,639
stfgov,wellbeing,SK,-0.0005996054660962287,0.9878079025882239,0.023839039181109214,0.5434320575982586,4.211656441717792,6.863957055214724,2.794770025366957,0.8488928280314151,652
stfgov,wellbeing,UA,-0.06439168284261747,0.10148851681301323,-0.06691878458128935,0.08873784343619301,2.5262345679012346,5.231481481481482,2.5404164283816675,1.5583835092633698,648
stfhlth,wellbeing,AT,-0.03535615690603957,0.3586996023469674,-0.021278705950754102,0.5807531053394375,6.517751479289941,7.469082840236686,2.347823888356737,0.8241573306838452,676
stfhlth,wellbeing,BE,-0.00946219486901573,0.8070079445625739,-0.0012099311624287716,0.9750810120002268,7.272047832585949,7.5941704035874436,1.738300194607046,0.6588495514138187,669
stfhlth,wellbeing,BG,-0.01365177495681226,0.7242953377900797,-0.017712094808004213,0.6472067717321761,3.87910447761194,6.8997014925373135,2.3679497551425728,0.7825640470534465,670
stfhlth,wellbeing,CH,0.05672898896371881,0.14123125074103754,0.031552286498918336,0.41345532311206284,6.816023738872404,8.114985163204748,1.9720133034477745,0.581204684570304,674
stfhlth,wellbeing,CY,0.004310947261988557,0.9120471695083388,0.012982618461381833,0.7393924256363151,5.7147192716236725,7.375265553869499,2.2905804281158857,0.7618235486932493,659
stfhlth,wellbeing,DE,-0.0066296049877980325,0.8637984448495957,-0.01710734854125852,0.6579972572785163,5.269345238095238,7.5303571428571425,2.3540080643598444,0.6488562840305646,672
stfhlth,wellbeing,EE,-0.046467111851687753,0.22760133096659801,-0.051941129331369365,0.17737529633076668,5.779585798816568,7.650887573964497,2.1479217462894717,0.6385277829224688,676
stfhlth,wellbeing,ES,0.0019067557465634315,0.9603875249425163,0.0016968624531460124,0.9647450089631163,5.616740088105727,7.363289280469897,2.5172841232857412,0.5877952724973354,681
stfhlth,wellbeing,FI,0.028908213077559537,0.4516876945397104,0.020359175910825436,0.5961254256361919,6.419117647058823,7.841911764705882,2.0356004822654823,0.7021485171013134,680
stfhlth,wellbeing,FR,0.018044330658105952,0.6403007985143373,0.01871611089629909,0.6279049353306141,5.356612184249628,7.2518573551263,2.4221243000045956,0.5976892237556148,673
stfhlth,wellbeing,GB,-0.06203906783523954,0.10810036006496554,-0.056209309187378396,0.14551705624773184,4.809523809523809,7.146726190476191,2.5130417048788862,0.5163681458275735,672
stfhlth,wellbeing,GR,0.003420938407683599,0.9290997449591861,-0.03444633168647126,0.3701449563108041,3.3917525773195876,7.079234167893962,1.9962331098739976,0.6962575916103758,679
stfhlth,wellbeing,HR,0.01331055226509988,0.730142568660882,0.018056349443863157,0.6398288408939814,5.451038575667655,7.282195845697329,2.614079001057492,0.6197424933158523,674
stfhlth,wellbeing,HU,-0.01981354980180653,0.6084151972888749,-0.04813914269000455,0.21299303705777198,3.5618479880774965,6.9274217585693,2.4891355894824283,0.8031239747816906,671
stfhlth,wellbeing,IE,0.044779895724434526,0.24600262664356096,0.040821269500918855,0.2902982771596313,4.49479940564636,7.34219910846954,2.4091318697721857,0.5744841699188058,673
stfhlth,wellbeing,IL,0.05369942306745131,0.1659735825444554,0.004004567048232653,0.9177806309611727,6.517241379310345,7.341829085457271,1.8890198469547865,0.582738394831183,667
stfhlth,wellbeing,IS,-0.08875194077195393,0.02149057250299385,-0.07777279383696596,0.04402050711639435,5.365126676602086,8.261102831594634,2.092468357517664,0.49804810638687524,671
stfhlth,wellbeing,IT,0.005109912097977449,0.8947335445410213,-0.006475122542465198,0.8668439215953635,5.057949479940564,7.462704309063892,2.0954670359216823,0.6329657589633856,673
stfhlth,wellbeing,LT,0.013979403937338635,0.7175533710780357,0.047250703511528144,0.22122351647774835,4.392857142857143,7.2162202380952385,2.353386662733182,0.6485949498330792,672
stfhlth,wellbeing,LV,0.00549643818285844,0.8873266826269635,0.003948461784240815,0.9189285589435894,4.095952023988006,7.209445277361319,2.4998075212584854,0.5786887097150654,667
stfhlth,wellbeing,ME,-0.032953500658258354,0.39870905025612857,-0.03758530248253566,0.33573484393264225,4.816109422492401,7.488449848024316,2.336510960921153,0.6246243545035223,658
stfhlth,wellbeing,NL,0.004095848546606362,0.9155987728898618,-0.01122099138556055,0.7715492975887069,6.616071428571429,7.893750000000001,1.7845780928709831,0.6906807264372107,672
stfhlth,wellbeing,NO,-0.08887959713401988,0.020729049518770942,-0.08114316150347341,0.03478415465123335,7.0768094534711965,8.093057607090103,1.870040149404251,0.45692788580952265,677
stfhlth,wellbeing,PL,-0.06640788059042038,0.08633846532556337,-0.050273842830538665,0.19437338350716937,4.179640718562874,7.065494011976048,2.2869301794842283,0.6402856570334606,668
stfhlth,wellbeing,PT,0.051005281153828595,0.1849960114688461,0.051390791985236446,0.18169309166882572,3.844903988183161,7.377843426883309,2.5252321115294447,0.648607579370332,677
stfhlth,wellbeing,RS,0.01745644146418467,0.6524485714188238,0.013139096219210106,0.7346340539926831,4.245508982035928,6.994311377245508,2.802263094570809,0.6783417288504,668
stfhlth,wellbeing,SE,0.024013155089553227,0.5346268857203798,-0.0016195794621446733,0.9665984619211935,5.655737704918033,8.058867362146051,2.0888743701055072,0.5087660506767726,671
stfhlth,wellbeing,SI,-0.020308671616330515,0.5986663050126895,-0.018760388480335632,0.6268347646930738,4.724035608308605,7.591246290801187,2.5025011628474028,0.6206433333843867,674
stfhlth,wellbeing,SK,-0.012404804454768126,0.7480417114160341,0.0008268660835858845,0.9829178872294606,3.8573551263001487,7.142347696879644,2.4671370083647317,0.6143413655703064,673
stfhlth,wellbeing,UA,-0.02805853632602999,0.4724386793559962,-0.02250582372554568,0.5644234378578465,4.28419452887538,5.90273556231003,2.6106722843758803,1.2843603646970077,658
stfedu,wellbeing,AT,0.03591106977210123,0.3644053309232321,0.045036892917209484,0.2552443928517937,6.196875,7.3625,2.319271427205458,0.8347312219107124,640
stfedu,wellbeing,BE,0.03969970490862391,0.3085011772878097,0.014056482715767645,0.7185100012370333,5.751515151515152,7.49469696969697,2.0163401109102805,0.6830168721479397,660
stfedu,wellbeing,BG,-0.011410835865904651,0.7762177531576966,0.018213837392453466,0.6500149352324578,4.065810593900482,6.96083467094703,2.2999726566423306,0.6612425772243167,623
stfedu,wellbeing,CH,0.07963700867254063,0.04451683661996847,0.07775098793506811,0.04982515648030531,6.671899529042387,8.096938775510203,1.9435536899876364,0.5415539756199922,637
stfedu,wellbeing,CY,0.03757474310040732,0.3429734818615051,0.03411068979817908,0.38933300430366946,4.694835680751174,7.554929577464789,2.2428894812959377,0.6809107535356907,639
stfedu,wellbeing,DE,-0.012214942574548983,0.7533875825767049,-0.027897256153874388,0.4729748285043974,4.292168674698795,7.4228915662650605,2.280258008842541,0.7224341376534024,664
stfedu,wellbeing,EE,-0.001622687755520723,0.9666346083335369,0.01813477798301672,0.6401314908346126,6.392803598200899,7.731334332833583,2.235760902404317,0.6661654787744393,667
stfedu,wellbeing,ES,0.02321438994828655,0.5495070884940928,0.024634112428769027,0.5253553077786537,5.032983508245877,7.329835082458771,2.3124140639234394,0.6109809493831332,667
stfedu,wellbeing,FI,-0.03700610327844338,0.33741790272643174,-0.04566163986102786,0.23646759545838028,7.225519287833828,7.773145400593473,1.752824537909389,0.6899231515561051,674
stfedu,wellbeing,FR,0.012051098726513146,0.7567686649869141,0.031390188405462253,0.4197051292345428,4.579185520361991,7.389064856711915,2.1279299190656342,0.6037311232669309,663
stfedu,wellbeing,GB,-0.054492178237686685,0.17022747645781694,-0.046273370270578824,0.24427065014013158,5.305511811023622,7.1651968503937,2.2601787667849593,0.5986852714479783,635
stfedu,wellbeing,GR,0.08468671159672814,0.030735074831014616,0.044737018269003635,0.2543576629658695,3.824884792626728,7.10568356374808,2.043389667405776,0.7169904739353581,651
stfedu,wellbeing,HR,0.017593147530076764,0.6526211235461864,0.01556709226666037,0.69042366143165,5.8432267884322675,7.367123287671234,2.3035141364537495,0.6851093279027944,657
stfedu,wellbeing,HU,-0.009308299836228908,0.8164913616154026,-0.021440598053663894,0.5929447837741563,4.075320512820513,7.028525641025642,2.4825102295788795,0.7182914492621053,624
stfedu,wellbeing,IE,0.012811978571438301,0.743263746610147,0.006499839889222378,0.8680299465099933,6.8551829268292686,7.357621951219511,1.9627222013746954,0.6844866469391634,656
stfedu,wellbeing,IL,-0.023275466559622766,0.5499653191237007,-0.016905976303962258,0.664151243178096,5.290030211480363,7.404531722054379,2.0831120525776345,0.6823985517347894,662
stfedu,wellbeing,IS,0.12726654704002402,0.0009702247550988983,0.06537521431959292,0.09110876312799518,6.37219730941704,8.114648729446936,1.7638769178630336,0.5958645438084011,669
stfedu,wellbeing,IT,-0.004509168921705511,0.9082999366013321,-0.009735210276410033,0.8036060653417636,5.068702290076335,7.427633587786259,1.9745740054443133,0.6772288290847711,655
stfedu,wellbeing,LT,-0.07448784047867554,0.058466325191312236,-0.05911615720127104,0.1333735465651009,4.529411764705882,7.336068111455109,2.2395117049702122,0.676000106650026,646
stfedu,wellbeing,LV,0.008058456986349216,0.8421735507572607,0.04138791204188633,0.3062778517569008,4.00163132137031,7.152773246329526,2.2531743652152443,0.6476898180916095,613
stfedu,wellbeing,ME,-0.05484457068925018,0.16514526860078882,-0.0015353444112026007,0.9690288475245264,4.242990654205608,7.692367601246106,2.219644761511899,0.7728753789570354,642
stfedu,wellbeing,NL,0.0033746839923659874,0.931990771803701,0.0026441422836099107,0.9466883097591087,6.137071651090342,7.799532710280372,1.642805757284946,0.686929294893338,642
stfedu,wellbeing,NO,-0.0036888197950363934,0.9237897803895369,-0.029963454379492147,0.4370378057987523,7.333333333333333,8.15274074074074,1.6647862785101657,0.45098380692575074,675
stfedu,wellbeing,PL,0.03232853153717277,0.41680654291885527,0.05490992326652102,0.16764321736106916,4.947867298578199,7.133649289099527,2.3831155881352255,0.7354638488802686,633
stfedu,wellbeing,PT,0.01586028484536243,0.6876507268449391,0.0165174893907634,0.6754302258031973,4.406201550387597,7.477984496124031,2.2490768271051116,0.7342839710015571,645
stfedu,wellbeing,RS,-0.033312503031962516,0.39358828315772026,0.001908787459270903,0.9610227138028071,4.998480243161095,7.156155015197569,2.8724796325361646,0.6488809852440887,658
stfedu,wellbeing,SE,0.011994062764565699,0.7603841078718572,0.011582938969466536,0.76835909326062,5.218798151001541,8.043759630200308,2.1004594818304376,0.5627002064866423,649
stfedu,wellbeing,SI,0.004285796712210632,0.9126245908153482,0.014397981975993575,0.712390956276113,5.519756838905775,7.5349544072948325,2.3252446757866827,0.6942644439705037,658
stfedu,wellbeing,SK,-0.01912932677511617,0.6315016650815927,-0.02062184588351149,0.605126333153892,5.179080824088748,7.128605388272582,2.396016491343586,0.6747029596177507,631
stfedu,wellbeing,UA,0.028621550990274844,0.48775566900703043,0.039065329807317126,0.343515048770153,4.503389830508475,6.23135593220339,2.63497863908217,1.154580392733193,590
imueclt,immigration,AT,0.03543467719712582,0.36014302985080365,0.009089010707972127,0.8144782321541035,4.908819133034379,7.636472346786248,2.522188351909435,0.8931962343636812,669
imueclt,immigration,BE,0.07271008346015041,0.05920641473704618,0.03254458538917644,0.39891435309639367,6.195845697329377,7.623145400593472,2.2110583777919,1.0466666339958823,674
imueclt,immigration,BG,0.0010424759591395232,0.9790340722406768,0.027565799293422528,0.48702905659561463,4.423197492163009,7.462382445141066,2.9516609689883553,0.845244503731623,638
imueclt,immigration,CH,-0.040444773669014826,0.29513424185547915,-0.017202264018723403,0.6562211940899215,6.373511904761905,7.892857142857143,2.2334833459840304,0.6616892466589845,672
imueclt,immigration,CY,-0.015556018038283968,0.6879572257519794,-0.04584287490142733,0.23636052413386308,3.596412556053812,7.727952167414051,2.5969326073788013,0.9061394838410279,669
imueclt,immigration,DE,0.03060514365094775,0.4272785801579028,0.036260192979135394,0.3468941268137865,5.90962962962963,7.762962962962963,2.3730332813954376,0.6749811230178049,675
imueclt,immigration,EE,-0.03264944503028057,0.39880530127593056,-0.03019231630732735,0.4352570858253556,5.540298507462687,7.688805970149254,2.3442235529522364,0.6805717775216094,670
imueclt,immigration,ES,-0.025796328016539544,0.5063158087477441,0.02285459600853649,0.5560109051109468,6.599099099099099,7.767267267267267,2.3898153134227473,0.7351808395263415,666
imueclt,immigration,FI,-0.056679150477919445,0.1398152819322697,-0.08390181482473494,0.0286896452644119,7.320588235294117,7.670588235294118,2.028555993269347,0.8414096495694792,680
imueclt,immigration,FR,-0.01562523905891775,0.6868647753255134,-0.0005825029491398263,0.9880106407526273,5.591317365269461,7.686377245508982,2.676856679061792,0.8286891374682781,668
imueclt,immigration,GB,-0.03791519863088103,0.3382360748710557,-0.031616869476896035,0.4245881791858854,6.459375,7.6171875,2.553019553771677,0.8641811030526179,640
imueclt,immigration,GR,-0.043517987840699636,0.2610037594784087,-0.04773775866041125,0.2175262146609386,4.077727952167414,7.581464872944694,2.101453071022886,0.8632640366902156,669
imueclt,immigration,HR,-0.03250123194504107,0.40201107430580535,-0.0430830213276614,0.2665228102052594,5.004497751124438,7.593703148425787,2.7226627871943148,0.7768164349501696,667
imueclt,immigration,HU,-0.047585840844298344,0.22178146162191073,-0.0412709807896809,0.28936450195334734,3.827534039334342,7.344175491679274,2.4359488477002746,1.0491338965033832,661
imueclt,immigration,IE,-0.016128719726247173,0.6775625141908126,-0.03304232648699298,0.3942171555844193,6.139430284857571,7.690404797601199,2.6114879560524447,0.7738389449812805,667
imueclt,immigration,IL,-0.013525336222627818,0.7325153911060195,0.013031035077656343,0.741936886117494,5.006240249609984,7.701248049921997,2.5829897402893294,0.7516014169342666,641
imueclt,immigration,IS,0.002406233358896223,0.9505035911591888,-0.01630528111393864,0.674003347745534,7.041916167664671,7.752245508982036,2.147773976569897,0.852060411081705,668
imueclt,immigration,IT,-0.09614168469278862,0.013474759081516666,-0.08320565788080739,0.032577894371329824,4.8954545454545455,7.790151515151515,2.579181965465179,0.6485491978142917,660
imueclt,immigration,LT,-0.045376807254947915,0.24835176263593883,-0.01982857349233411,0.614108065520382,5.012326656394453,7.511556240369799,2.5681757789143904,0.8950854571564683,649
imueclt,immigration,LV,-0.05081712539470326,0.19159848029010737,-0.05101588412784574,0.189864793772789,4.5589123867069485,7.517371601208459,2.549124739859198,0.8283463527779419,662
imueclt,immigration,ME,0.0293734171989746,0.4533127328990803,0.040423548406981,0.3019724099505943,5.129969418960244,7.704892966360856,2.128330234147677,0.6879451419905738,654
imueclt,immigration,NL,0.0414428971082693,0.2830089921760981,0.03412109958556028,0.37680972802010154,6.2303120356612185,7.74739970282318,2.110525505280909,0.8447649975062984,673
imueclt,immigration,NO,0.05271196435320184,0.1691281503658977,0.039130370678740804,0.30753358738497394,6.36217008797654,7.835777126099707,2.2428034652318707,0.7087734624212104,682
imueclt,immigration,PL,-0.034278473893924875,0.3844052550961337,-0.021667036276555928,0.5825259363681271,5.54953560371517,7.445820433436532,2.319420824752658,0.9314519092141723,646
imueclt,immigration,PT,0.00526780432615268,0.8940233823516582,0.04904638303071908,0.2145877825955604,5.685358255451713,7.758566978193146,2.229584924468086,0.6283448798379944,642
imueclt,immigration,RS,0.05501740571698789,0.1698709784141364,0.014244886660868152,0.722483436905865,4.8173076923076925,7.443910256410256,3.0834235722716157,0.9140747665982007,624
imueclt,immigration,SE,-0.03833258022568752,0.3214573640003704,-0.036301580018350786,0.3477819440260638,6.9538002980625935,7.8405365126676605,2.1543319112755603,0.6405890559400843,671
imueclt,immigration,SI,0.02580217486193359,0.5071823441386119,0.05226880194648851,0.17887158479099513,5.369532428355957,7.666666666666667,2.5986472646013206,0.7584701303083662,663
imueclt,immigration,SK,0.00866290069176919,0.8248666286506131,-0.0042290854901225194,0.9139730093074576,3.4229007633587787,7.567175572519084,2.617237755483881,0.768297966783228,655
imueclt,immigration,UA,0.0003253673880940451,0.9934814368618919,0.030816274311153167,0.4389466579678265,5.23696682464455,7.3191153238546605,2.853061584604024,1.0784414332593608,633
imwbcnt,immigration,AT,0.041548272106300854,0.2928168355542895,0.04806668130707869,0.22353564507016352,4.440124416796268,6.930793157076205,2.392370007421327,0.9415721388525585,643
imwbcnt,immigration,BE,-0.03397563666175653,0.38641934326664257,-0.030486660534369676,0.4370749117297638,5.424846625766871,7.16717791411043,2.03853712671445,0.8939784972533751,652
imwbcnt,immigration,BG,-0.020144518893220765,0.6143558339654582,0.006355883177021591,0.8736986105363729,3.9426751592356686,6.629777070063694,2.8357301914800686,1.2515847490421026,628
imwbcnt,immigration,CH,-0.014202569168967635,0.7209373444217549,0.01441908631582376,0.7168645011254471,5.7779527559055115,7.490551181102362,1.8719628771792847,0.7612907301723795,635
imwbcnt,immigration,CY,-0.011903906313236694,0.7614183571459802,-0.014522547128309794,0.7110727605139838,3.774885145482389,7.169984686064319,2.4607059552368096,0.9954895979579216,653
imwbcnt,immigration,DE,-0.04857802512487329,0.21649853789912352,-0.037014413356115716,0.3464667525155057,5.348228043143298,7.001540832049306,2.281602636282528,0.9237925545820114,649
imwbcnt,immigration,EE,-0.021833571154079624,0.5796302402346561,0.006448086148430363,0.8700678740412944,4.874613003095975,7.1006191950464395,2.089042528818047,0.9976404350809455,646
imwbcnt,immigration,ES,0.009525672900362037,0.8078941785955219,0.012730363064844668,0.7452194114642352,5.90519877675841,7.159785932721713,2.373966229164047,0.8063229928548502,654
imwbcnt,immigration,FI,0.03260381058481291,0.4019480189085993,0.01333180155932694,0.7318654155556017,6.111613876319758,7.158371040723982,2.0820556065024984,0.8518427162206769,663
imwbcnt,immigration,FR,0.00987701721810048,0.8027578946655654,-0.006809552610672129,0.8632769287087386,5.17601246105919,6.957632398753894,2.197399751067412,1.1204297713193914,642
imwbcnt,immigration,GB,-0.03325463196084494,0.4077108002005808,-0.02468784721365505,0.5388398619396227,6.188102893890675,7.018488745980707,2.563522122111533,1.0231124401015435,622
imwbcnt,immigration,GR,-0.029099804102058265,0.4568433370372408,-0.006444040273335433,0.869152646578901,4.132621951219512,7.002286585365853,2.1767199535304402,1.1496740793528413,656
imwbcnt,immigration,HR,-0.026822935836334064,0.4951551246826478,-0.034044481519744894,0.3865567785803724,4.918335901386749,7.01617873651772,2.527830220082836,1.0046804995995302,649
imwbcnt,immigration,HU,-0.009917222962199712,0.8025790712478482,-0.019519681436842424,0.6226337650989692,3.830721003134796,6.514890282131661,2.228584766210637,1.3063716227890483,638
imwbcnt,immigration,IE,-0.0025885460647338335,0.9482167388177842,-0.018494529095785993,0.6426015241520179,6.0585443037974684,7.242879746835443,2.570968559822055,0.830259691354679,632
imwbcnt,immigration,IL,-0.05518140413905309,0.1655489285864643,-0.0439377034447278,0.26968059127283617,4.764612954186414,7.111374407582939,2.4866502206573435,1.1462639534822914,633
imwbcnt,immigration,IS,0.02702400359712492,0.4895917102343183,0.011737420602562361,0.7641301337880863,7.0442073170731705,7.528201219512195,2.0241737501248434,0.9679823017742261,656
imwbcnt,immigration,IT,-0.01685590411484048,0.6667598150960858,-0.047914874027950444,0.22070900882561412,4.584732824427481,7.224427480916031,2.353683861317816,0.9425461322800387,655
imwbcnt,immigration,LT,0.006325523309772564,0.873998319319002,-0.03210833210071469,0.42072707622654826,5.229793977812995,6.863708399366086,2.3182094462866303,1.2732154784311414,631
imwbcnt,immigration,LV,0.003858261953968437,0.9236187101608754,-0.015728740900543506,0.695888647280944,4.411290322580645,6.754032258064516,2.4607158971653136,1.2288533863570912,620
imwbcnt,immigration,ME,-0.003502766086041645,0.9318244984547905,-0.020179367881042805,0.6220846382503117,4.709515859766277,7.222036727879799,2.2448215248121066,0.9284333508352237,599
imwbcnt,immigration,NL,-0.06534722164382134,0.09371168871054897,-0.043560188714275694,0.2641480545754319,5.526555386949924,7.2799696509863425,1.872974196707602,0.9703786114365179,659
imwbcnt,immigration,NO,0.04213177109622806,0.2860851938408346,0.04159595909801803,0.29226273765291433,6.230171073094867,7.398911353032659,1.9882578518215777,0.7616481124966186,643
imwbcnt,immigration,PL,-0.11335799697589456,0.004919680903496369,-0.0962555563030873,0.01704199865943315,5.547231270358306,6.706840390879479,2.0760933530009114,1.1471869775380121,614
imwbcnt,immigration,PT,-0.005999755169235129,0.8794972697507851,0.009848402512907582,0.8034683046265448,4.645865834633385,7.286271450858035,2.143526425827666,0.913201090915521,641
imwbcnt,immigration,RS,0.04747618542640749,0.23973923032529582,0.018316097285810587,0.6503050954186377,4.824390243902439,6.827642276422765,2.941623714120264,1.0365707693029507,615
imwbcnt,immigration,SE,0.039415493740220985,0.3175641128548341,0.05576045013846683,0.1572170460886927,6.358139534883721,7.317519379844962,2.14398978203459,0.943605506817605,645
imwbcnt,immigration,SI,0.007720482692898108,0.8443700703594735,-0.0019951752729116495,0.9595405821465264,4.9676425269645605,7.108628659476117,2.37928317255969,0.9057359052744309,649
imwbcnt,immigration,SK,0.0010297785738206393,0.9791271058016937,0.01614780659534087,0.6815938414255394,3.384259259259259,6.716049382716049,2.3322612904896842,1.0963992537748894,648
imwbcnt,immigration,UA,0.021702913780480226,0.5932691405363019,0.022522357203443755,0.5793899643135259,5.345394736842105,6.157894736842105,2.8160130207827025,1.6670279096357021,608
imbgeco,immigration,AT,0.005657250404705821,0.8856232764377213,-0.017935509547227883,0.6483385254942834,5.602465331278891,7.162557781201849,2.4998259369866958,0.8118529276010087,649
imbgeco,immigration,BE,-0.010670302671980698,0.7848622299704815,-0.00581250382015921,0.8817874322845197,5.601217656012176,7.245053272450533,2.1925313309060974,0.7686169309135651,657
imbgeco,immigration,BG,0.06885653558915766,0.08295898818543855,0.10096143482290004,0.01090767905152732,3.9196850393700786,7.132283464566929,2.8904563776314527,0.8618154385484574,635
imbgeco,immigration,CH,-0.029321958773416663,0.4503194672869548,-0.008019530300967618,0.836463909058717,6.473684210526316,7.504511278195489,1.967273460911406,0.6245317115109942,665
imbgeco,immigration,CY,0.0063585703568483695,0.8709707969873237,-0.00320973409318717,0.9346547241777156,3.6580152671755726,7.329770992366412,2.632249831242939,0.992917938755376,655
imbgeco,immigration,DE,-0.00044518662456388415,0.9909128501367522,-0.015781238183099924,0.6863894062453194,6.057838660578387,7.123287671232877,2.249594181186347,1.0425502990074746,657
imbgeco,immigration,EE,-0.060962900325775234,0.11822428836395048,-0.02540019700377598,0.5154212662013294,5.375379939209727,7.348024316109423,2.2883069702243772,0.8288026899999817,658
imbgeco,immigration,ES,0.03596798824427506,0.35404013447549987,0.03093145907700445,0.42548668918788035,6.363363363363363,7.283783783783784,2.306599249836752,0.7671496554009208,666
imbgeco,immigration,FI,-0.03220504513424408,0.40525868056294895,-0.03867986657725154,0.317451774850694,6.540298507462687,7.307462686567164,2.0828906340877014,0.9203420162400213,670
imbgeco,immigration,FR,-0.002640117746118636,0.9456996599412045,-0.05035013837358047,0.1936964067779313,5.374251497005988,7.25748502994012,2.4367369257267297,0.7856591068391999,668
imbgeco,immigration,GB,0.005030824597524516,0.8988434397532705,0.04326880169859865,0.27401958894894124,6.227769110764431,7.154446177847114,2.5226306054606695,0.7942270499449603,641
imbgeco,immigration,GR,-0.009229655758874756,0.813612609442872,-0.007881753895294113,0.8404363980758088,4.259541984732825,7.190076335877863,2.197398330510146,0.928305727234251,655
imbgeco,immigration,HR,0.015033654367075431,0.7020398288368607,0.03496044778976288,0.37353221823840693,5.003076923076923,7.21076923076923,2.5620177688694596,0.7832261276301302,650
imbgeco,immigration,HU,-0.06989834788537572,0.07360748677707352,-0.06984445083759126,0.073830453433986,3.6341463414634148,7.004573170731708,2.528673768179621,0.932030763578215,656
imbgeco,immigration,IE,-0.0358730793643966,0.35896339577150854,-0.07510799901206101,0.054511320111159806,5.984756097560975,7.317073170731708,2.6373267638851177,0.7556896455817009,656
imbgeco,immigration,IL,-0.04308308854746116,0.27309830455676826,-0.050440989809624436,0.19937011716147482,4.946070878274268,7.369029275808937,2.6848662750166166,0.7215461455728159,649
imbgeco,immigration,IS,-0.04399110553762938,0.26017464496374054,-0.029396290784338256,0.4519225005731033,6.7656012176560125,7.515220700152207,2.1234400973014953,0.9490429975918728,657
imbgeco,immigration,IT,-0.0015400754531964662,0.9688365023702674,0.005055341795743201,0.8979580806812056,5.142414860681114,7.281733746130031,2.5085583224396326,0.7703059476792165,646
imbgeco,immigration,LT,-0.056165960247049264,0.1564789336877802,-0.013465223859698831,0.7342617502725016,5.575235109717869,7.152037617554859,2.5677289364848166,0.9883563501479775,638
imbgeco,immigration,LV,0.005841264700052497,0.8844964908316185,0.022094925637781267,0.5826208756940022,5.022544283413849,7.106280193236715,2.6199250112490002,0.8971150061549242,621
imbgeco,immigration,ME,-0.10458296929403538,0.008938004981663644,-0.09315310626724944,0.0199460811488055,4.336538461538462,7.322115384615385,2.668202550866579,0.981575704196836,624
imbgeco,immigration,NL,0.003949254882029038,0.9191559157786136,0.027677060795874717,0.4768102307366451,5.755656108597285,7.355203619909502,1.9473493835830615,0.695909007481456,663
imbgeco,immigration,NO,0.003987566831161533,0.9188684793942302,0.05156876468740496,0.1874521115774885,6.120610687022901,7.501526717557252,2.003617430279357,0.7424425278495961,655
imbgeco,immigration,PL,-0.016390041765852542,0.6777935342119812,0.009479256513772228,0.8101118940211405,5.506976744186047,7.071007751937985,2.4486079847788873,0.7745844858478715,645
imbgeco,immigration,PT,-0.008053683129675849,0.8373738313010279,-0.020775657438633844,0.5964372251217818,6.1656441717791415,7.2975460122699385,2.2108899687313586,0.8312041065206688,652
imbgeco,immigration,RS,0.013140300247426451,0.7458197399625057,-0.027216651949750263,0.5019025434857279,4.633387888707038,7.101472995090016,2.993402276994966,0.780614170039374,611
imbgeco,immigration,SE,0.016861348637927702,0.6673797101819153,0.009198859822433004,0.8146429392942288,6.041411042944786,7.414110429447852,2.0589924540955122,0.8105394309015481,652
imbgeco,immigration,SI,-0.003321426595235224,0.9321797522129067,-0.0075524233310078565,0.8465572952164381,5.515933232169955,7.21092564491654,2.5266310152708478,0.8538143767257897,659
imbgeco,immigration,SK,0.01445221570881463,0.7138928485223166,-0.008457980916765332,0.8301103637159045,3.6640866873065017,7.06656346749226,2.675211159135299,0.7797214478746303,646
imbgeco,immigration,UA,-0.088474957308389,0.02722831012711199,-0.12000522196182374,0.002698380445794531,6.138041733547351,7.081861958266453,2.7663946875649077,0.9133038151279939,623
imsmetn,immigration,AT,0.007523259072504321,0.8461113270754345,0.014036919607618992,0.7172531437334364,2.0464071856287425,2.967065868263473,0.7987634533083577,0.2547169670164349,668
imsmetn,immigration,BE,0.04857399239759201,0.2075271249150835,0.04680743326432546,0.22455510301399922,1.88,2.9703703703703703,0.707400473753773,0.24180149609229856,675
imsmetn,immigration,BG,-0.02272142066507482,0.5601002623168422,-0.032965562942809765,0.39781773353087035,2.2590909090909093,2.981818181818182,1.0163275959624445,0.1899677242046167,660
imsmetn,immigration,CH,-0.015845634605404207,0.6831375917172003,-0.014053275130934937,0.7173452093214194,1.8453453453453454,2.990990990990991,0.657027448838459,0.13402920760097134,666
imsmetn,immigration,CY,0.0298467409486004,0.44190606091331947,0.033045503868472444,0.3945277164399472,2.3603603603603602,2.975975975975976,0.8701512387026807,0.21804192055938806,666
imsmetn,immigration,DE,0.07257508956346752,0.06361199741276768,0.07464882261584437,0.056386461571088405,1.7599388379204892,2.9724770642201834,0.6948843895090273,0.2331769637214561,654
imsmetn,immigration,EE,-0.07519651595270675,0.05118788368835448,-0.05248869885434938,0.17380429948165874,2.0490341753343237,2.9791976225854384,0.7127473173668504,0.20305980351577047,673
imsmetn,immigration,ES,0.026204241084523978,0.499290607066583,0.046487859432213965,0.23052493764651075,1.893553223388306,2.95952023988006,0.8196555700685496,0.2884332912106733,667
imsmetn,immigration,FI,-0.08529889106337489,0.02702791658924635,-0.06751982735778299,0.08028207527832246,1.9330357142857142,2.9851190476190474,0.6774927556025783,0.17200141438866037,672
imsmetn,immigration,FR,0.04807299113687629,0.22167643257980457,0.04677950293709458,0.2343752673064954,1.9506172839506173,2.9722222222222223,0.701532604728237,0.23424052685306584,648
imsmetn,immigration,GB,-0.06416296356145816,0.10191530196883063,-0.05142108760551692,0.19008109593039896,1.9754224270353302,2.9662058371735793,0.7938288507970673,0.2579699696828735,651
imsmetn,immigration,GR,-0.04070408099747866,0.2931303172016922,-0.029957653143088316,0.4391790110097378,2.0612855007473843,2.9738415545590433,0.9417839601780965,0.23147608613045614,669
imsmetn,immigration,HR,-0.017235936301656398,0.6560732247340354,-0.011505769386692257,0.7662579516956491,2.002985074626866,2.982089552238806,0.9034016680125909,0.18855549799703886,670
imsmetn,immigration,HU,0.05521217207751813,0.15465837526777718,0.06655102448670869,0.0861332519444019,2.873873873873874,2.951951951951952,0.8854763005327252,0.3064775929511757,666
imsmetn,immigration,IE,0.04049060884152783,0.29639695784058473,0.038494092140767565,0.32087331530373375,2.0839580209895052,2.970014992503748,0.8658505780216018,0.2432274848459708,667
imsmetn,immigration,IL,0.03838982195862442,0.3243812568221888,0.03288458346560642,0.3986201783333694,1.806354009077156,2.987897125567322,1.1316475741428726,0.15522797020559584,661
imsmetn,immigration,IS,-0.034222960230778116,0.37897059653460036,-0.030529816395761255,0.4325677441952116,1.6003016591251886,2.9924585218702866,0.6303980659497096,0.1399303484989745,663
imsmetn,immigration,IT,0.04654066936739823,0.22894618935956343,0.050269388530172224,0.19374396292560794,2.1194029850746268,2.955223880597015,0.8367920104484855,0.2910131686054934,670
imsmetn,immigration,LT,-0.03100159132254703,0.4258372939685459,-0.021278405160514803,0.5847174930843575,1.918429003021148,2.984894259818731,0.792929387690067,0.17328778804610329,662
imsmetn,immigration,LV,-0.03402627056282936,0.3875464518154699,-0.05958299526266571,0.13003109615807398,1.9088098918083463,2.979907264296754,0.9730261305842889,0.19569197077020942,647
imsmetn,immigration,ME,-0.051683677538862285,0.18953614053314605,-0.040845850244789345,0.29993080500412644,2.221362229102167,2.9938080495356036,0.8402151821453725,0.1111966774791016,646
imsmetn,immigration,NL,0.013517881628652664,0.7268909078866749,0.011041084910956456,0.7754400213566683,2.098507462686567,2.982089552238806,0.6932285200139039,0.18855549799703886,670
imsmetn,immigration,NO,0.01383165206665512,0.7210137931902029,0.015690324229690474,0.6854063730363883,1.6711509715994022,2.970104633781764,0.6186391450951956,0.2489561821930691,669
imsmetn,immigration,PL,-0.058494945297787836,0.13096575007461272,-0.05369302015885508,0.16570585837363233,2.2739520958083834,2.9790419161676644,0.7752416719163522,0.20381145866751177,668
imsmetn,immigration,PT,-0.005673674634532266,0.8833718648058381,-0.010724270842175589,0.7815589956059998,2.384500745156483,2.979135618479881,0.7981310330359084,0.20335946652406606,671
imsmetn,immigration,RS,-0.014683581328765098,0.7065204909748979,-0.0035449557964426265,0.9275726743809846,1.8833333333333333,2.9727272727272727,0.9349207903175173,0.23212775415163608,660
imsmetn,immigration,SE,0.040441317545100136,0.29807883494525544,0.05019755239639165,0.19639946885184548,1.7153614457831325,2.9879518072289155,0.6179849916087877,0.16432876612240235,664
imsmetn,immigration,SI,-0.015370043735307063,0.6919347170975298,-0.02632683031457494,0.4972848204800971,1.8650674662668665,2.9865067466266866,0.7452110086367622,0.15919542789830365,667
imsmetn,immigration,SK,-0.009749922063935702,0.8012602380299207,-0.0018189308550527424,0.962546090226341,2.6831091180866964,2.9805680119581464,0.8931032598116507,0.19247592646522463,669
imsmetn,immigration,UA,0.08645181769841256,0.028500666081857844,0.0984242853345086,0.012594028966724218,1.6838006230529594,2.9750778816199377,0.8891892979634403,0.2220358437772391,642
impcntr,immigration,AT,-0.061312310507833916,0.11474430914861958,-0.05911732601373136,0.12834589895892004,2.7631975867269984,2.9788838612368025,0.8810029483716183,0.2045715220636758,663
impcntr,immigration,BE,0.014889204663632426,0.7000336182867802,0.008854938865675347,0.8187730116389437,2.0892857142857144,2.9657738095238093,0.8195113744850453,0.2508192169892476,672
impcntr,immigration,BG,-0.050274344994617685,0.1970719063126405,-0.048693588537006866,0.2115441085279143,2.8045454545454547,2.9727272727272727,0.977583626883852,0.23212775415163608,660
impcntr,immigration,CH,0.024953784360998477,0.5225159740566128,0.024859780618295548,0.5240843213145402,2.1851289833080423,2.9787556904400607,0.7692951260321403,0.20518573269840187,659
impcntr,immigration,CY,0.07570180257250263,0.05427883863407635,0.08223995794207786,0.036494895087816503,3.024729520865533,2.993817619783617,0.7543520046050303,0.11111084527057051,647
impcntr,immigration,DE,0.06849877129439096,0.08073824814528396,0.05691958929992867,0.14687134043892497,2.1490015360983103,2.9800307219662057,0.7986015190014872,0.195095240589981,651
impcntr,immigration,EE,0.015387683501998551,0.6920399241636731,0.01756695602183301,0.651130553443448,2.7413533834586468,2.993984962406015,0.8621149236026043,0.10959907666059741,665
impcntr,immigration,ES,-0.02294826100266278,0.5567902721312611,-0.024730971906189628,0.5265524737239637,2.0182370820668694,2.9901215805471124,0.8808646947024316,0.14166755451538188,658
impcntr,immigration,FI,-0.04220279239814048,0.2775122990007823,-0.04763266084248878,0.2202773303197756,2.414156626506024,2.9849397590361444,0.7969653299362697,0.17302820453076265,664
impcntr,immigration,FR,-0.014416640694308348,0.7124548890279575,-0.025729910116993906,0.510628528148855,2.2240853658536586,2.9603658536585367,0.8252313589260775,0.27895528163642636,656
impcntr,immigration,GB,-0.07224421359598902,0.06628896495012544,-0.07810056947152566,0.04705845023942411,2.134466769706337,2.972179289026275,0.8756257302978669,0.23441920589088985,647
impcntr,immigration,GR,0.0055864533952851795,0.885152282588353,0.012599025632129569,0.7446018539487226,3.067064083457526,2.992548435171386,0.7745794393265804,0.11565996337603031,671
impcntr,immigration,HR,-0.0033355105948959045,0.9316346356654668,-0.0054929614707490155,0.887650257489087,2.3012048192771086,2.9819277108433737,0.9204882927287268,0.18939903581168488,664
impcntr,immigration,HU,0.057336451584714704,0.14027397098071173,0.05337398364283417,0.1698454648965946,3.2745098039215685,2.9788838612368025,0.7812369304635132,0.1970491299224516,663
impcntr,immigration,IE,-0.006237986462055729,0.8733969142428378,-0.010060754299351972,0.7971793519069172,2.2503816793893128,2.9908396946564886,0.9027120237534114,0.13514652919940892,655
impcntr,immigration,IL,0.027640401813422685,0.48482288382711886,0.01002177147280307,0.8000811295834189,3.1731669266770672,2.985959438377535,0.8907322050731331,0.16237319545474274,641
impcntr,immigration,IS,-0.03194593880671312,0.4154390373392716,-0.02628304722320259,0.5028916315764994,1.892638036809816,3.0061349693251533,0.7882437482930149,0.09580654569336537,652
impcntr,immigration,IT,0.00015333727084708703,0.9968485734511808,0.007023108971953103,0.856440601556212,2.264264264264264,2.9714714714714714,0.8804386206010324,0.23414524750517593,666
impcntr,immigration,LT,0.03208751085095539,0.41158207824405835,0.029956259594425924,0.4433496730122323,2.4307458143074583,2.990867579908676,0.9098872003184447,0.1349413009211289,657
impcntr,immigration,LV,-0.02490378856886988,0.529422726471371,-0.024437803911818413,0.5371578448292559,2.790625,2.9484375,0.9801981132189858,0.3147357425475103,640
impcntr,immigration,ME,-0.025138821377583692,0.5261930993838916,-0.016336563426677636,0.6804434891584527,2.3605015673981193,2.9905956112852663,0.8377706826083386,0.13692962858059873,638
impcntr,immigration,NL,-0.08554860196427709,0.027855326647274227,-0.0746405986022163,0.05510494322327769,2.3282904689863844,2.995461422087746,0.818128840922025,0.08692023743729893,661
impcntr,immigration,NO,0.005749149430796076,0.8815687960577419,0.0095621214642323,0.8042953570557875,1.8308605341246291,2.986646884272997,0.7010055406620846,0.17613913670907883,674
impcntr,immigration,PL,-0.05146252183121603,0.1870152085154705,-0.027245664700447102,0.48503642051130086,2.534142640364188,2.990895295902883,0.7698555015719616,0.1455801295739704,659
impcntr,immigration,PT,0.05043528231782247,0.19327770957317497,0.0496517958323283,0.20029586718706985,2.469265367316342,2.9850074962518742,0.8092186013616885,0.17264100718293798,667
impcntr,immigration,RS,0.01958409526904192,0.6174001390467355,0.020484390823066356,0.6013171837027138,2.549770290964778,2.9816232771822357,1.0650847956850453,0.1909753755293304,653
impcntr,immigration,SE,0.008894503251020855,0.8198575940992292,-0.008374154294449657,0.830231213726223,1.8221884498480243,2.9954407294832825,0.6826798842811758,0.11695217633781756,658
impcntr,immigration,SI,-0.03540599467620494,0.3616154082192919,-0.04959114787523641,0.20118597759224205,2.21021021021021,2.9864864864864864,0.8285965764908074,0.15931421819116529,666
impcntr,immigration,SK,0.029189083650127123,0.45135392390979906,0.027566914681111374,0.4769064794553131,2.9775449101796405,2.9925149700598803,0.8364478094956295,0.11591869436634153,668
impcntr,immigration,UA,0.056339865108929056,0.15982387135586684,0.054413828366638474,0.1746104902172151,2.3878205128205128,2.9711538461538463,1.0721540669766487,0.23864508268724358,624
imdfetn,immigration,AT,0.07499087874662522,0.053066825727829,0.0683559470183446,0.0779327507178211,2.5855855855855854,2.987987987987988,0.8667818117643252,0.154646839503032,666
imdfetn,immigration,BE,0.018909387487773748,0.6253933303487633,0.025293642017612448,0.5136905413005154,2.070254110612855,2.9805680119581464,0.7869615417955715,0.19247592646522463,669
imdfetn,immigration,BG,,,,,2.7282282282282284,3.0,0.985465280215513,0.0,666
imdfetn,immigration,CH,,,,,2.1148036253776437,3.0,0.7164322899821347,0.0,662
imdfetn,immigration,CY,0.014581129574930646,0.7074189247220497,0.01954853723638745,0.614817034968777,2.8917293233082706,2.98796992481203,0.7567014969850735,0.1547625435215297,665
imdfetn,immigration,DE,0.050505802768542774,0.19637887498719234,0.03185166255598379,0.41538639981559455,2.073170731707317,2.9878048780487805,0.7439196838349024,0.14568835831033544,656
imdfetn,immigration,EE,-0.035307007108676514,0.36044081784335363,-0.04305487182658711,0.26468723649587705,2.472511144130758,2.9940564635958395,0.81626094407308,0.10894670124368151,673
imdfetn,immigration,ES,0.030981872441541443,0.4254312086497854,0.037959350228444086,0.3287409414124574,2.0210843373493974,2.98644578313253,0.875082257953893,0.17745482312596586,664
imdfetn,immigration,FI,-0.012951539863814747,0.7369603782555341,-0.013643981351173071,0.7234584214553219,2.311111111111111,2.994074074074074,0.7956359704213284,0.10878541952818534,675
imdfetn,immigration,FR,-0.008451650409360748,0.8284272487348765,-0.007663619459821446,0.8442097333605616,2.172727272727273,3.0015151515151515,0.796720412468224,0.038924947208076155,660
imdfetn,immigration,GB,0.047572056862091094,0.22581663093281093,0.04954794665289383,0.20710239071950967,2.0384615384615383,2.9846153846153847,0.8121178362001188,0.17487020873100084,650
imdfetn,immigration,GR,-0.032695920527172496,0.3960217495103974,-0.03216121223393876,0.4037965591231992,2.8979289940828403,2.985207100591716,0.7981061848890144,0.17149482664011095,676
imdfetn,immigration,HR,0.014388879036354779,0.7100635919154044,-0.01045221614721962,0.7871209456411231,2.319402985074627,2.996268656716418,0.9372284947712087,0.08850756972171034,670
imdfetn,immigration,HU,-0.037497122116093524,0.3339394424358004,-0.04116703613346305,0.2887577412330293,3.2672672672672673,2.996996996996997,0.7583385345425022,0.07749842582921286,666
imdfetn,immigration,IE,-0.07645979878247347,0.04806068006622023,-0.06407584746137618,0.09773667873129041,2.2406576980568014,2.9970104633781762,0.8909509407154577,0.0773244673027059,669
imdfetn,immigration,IL,-0.028181578263776347,0.4725362810582603,-0.029233685203280978,0.4561578809106236,2.9263803680981595,2.9907975460122698,0.9825405622570276,0.13545613489013983,652
imdfetn,immigration,IS,-0.09716260876002213,0.013131564260420985,-0.10198235827335256,0.009218563569384466,1.880184331797235,2.996927803379416,0.7967765615569006,0.1239966228247232,651
imdfetn,immigration,IT,0.01079768076548063,0.7802622585652982,0.01753285959789514,0.6505385017174801,2.3686567164179104,2.988059701492537,0.8522736592207101,0.15418660491733607,670
imdfetn,immigration,LT,0.008523885886697773,0.8259512530805723,0.01594628626787191,0.6807813547206972,2.344311377245509,2.9925149700598803,0.9103835322337603,0.13940640301954452,668
imdfetn,immigration,LV,0.016774357398490588,0.6706767351249813,0.033521576240843565,0.39536402554630246,2.5131782945736436,2.9937984496124033,1.0116848259738713,0.0963236795384634,645
imdfetn,immigration,ME,0.0017012136271724334,0.9657116957971261,-0.0012031240573143023,0.9757470677962237,2.354134165366615,2.9906396255850236,0.8390950710268348,0.13660983306431346,641
imdfetn,immigration,NL,0.015530627891960129,0.6886614207058387,0.016075687964318387,0.6783351829552335,2.1676646706586826,2.9910179640718564,0.7256507774432129,0.13382901992228752,668
imdfetn,immigration,NO,0.05795474093347381,0.13110379569081665,0.0568040399460139,0.13894322051801142,1.7529411764705882,3.0088235294117647,0.6740444801261999,0.09358715172703519,680
imdfetn,immigration,PL,-0.07319988871289769,0.05844887007088585,-0.04655157552586215,0.2291859870784094,2.6487294469357248,2.9887892376681613,0.8064591603362582,0.15556502810024866,669
imdfetn,immigration,PT,-0.07138570013535568,0.0645933849226763,-0.06311163700821489,0.10238419256259441,2.5007451564828616,2.9970193740685542,0.811990025875951,0.07720914364821829,671
imdfetn,immigration,RS,0.03326259756318192,0.394658663549964,0.03545747861472325,0.3641946966924787,2.400304414003044,2.984779299847793,1.0546932994815794,0.17394189262473517,657
imdfetn,immigration,SE,-0.05222383776785623,0.17891737376397773,-0.03833222922251913,0.32400855698683173,1.7756024096385543,2.9954819277108435,0.663148437933205,0.11642257885594992,664
imdfetn,immigration,SI,0.015856487127429444,0.6829323487501894,0.015918966391945247,0.6817511957732839,2.1966966966966965,2.9924924924924925,0.8034069678494653,0.11609214943999308,666
imdfetn,immigration,SK,0.06573559702703766,0.08909598715966022,0.06877992899459873,0.07522218294159343,2.991044776119403,2.994029850746269,0.8255507457852254,0.10918997448314981,670
imdfetn,immigration,UA,0.07830026307305497,0.047700637519403455,0.074744096600069,0.058779313274306355,2.215625,2.98828125,1.0226264552512103,0.14887217829226376,640
gincdif,values,AT,0.07560300034804819,0.051150920447645104,0.05892252394173983,0.1287434452258376,1.8138138138138138,3.4114114114114114,0.8730836483475676,0.5015363962883598,666
gincdif,values,BE,-0.06909089283230244,0.07094729596824104,-0.057307752216476604,0.13432001568486496,2.232456140350877,3.3596491228070176,1.0109499133041553,0.5069449099382103,684
gincdif,values,BG,0.0018728737630735405,0.9610908544386796,0.014366795635437024,0.7082212093969468,1.5961820851688693,3.372980910425844,0.8348565158698539,0.5358649532899722,681
gincdif,values,CH,0.04023554483045237,0.2972809433596045,0.032987666611517565,0.39287465108538516,2.2303120356612185,3.459138187221397,1.0259299167855094,0.4986981566153919,673
gincdif,values,CY,0.006759273962113803,0.8616753682814104,0.010488054809064498,0.7868775587067582,1.881559220389805,3.469265367316342,0.9215823792249339,0.4994290133586173,667
gincdif,values,DE,-0.006072325920466316,0.8750569906992255,-0.016854682874087687,0.662498320018275,2.325408618127786,3.3521545319465083,1.0116402233075317,0.5139995135152031,673
gincdif,values,EE,0.06934976265597584,0.07240425606876133,0.06671854253872135,0.08394370108639772,2.4613095238095237,3.4032738095238093,0.98800107370282,0.4999445537350226,672
gincdif,values,ES,-0.07365066302178218,0.056910062562899995,-0.07055383421191821,0.0681917129711744,2.218236173393124,3.400597907324365,1.014961076127945,0.4903862598889061,669
gincdif,values,FI,0.0061897022923470425,0.8722862324228863,-0.0003865336534344939,0.9919903943987555,2.295420974889217,3.3545051698670605,1.0095079100467599,0.49691170389448036,677
gincdif,values,FR,-0.016679529996752464,0.6646242643555896,-0.02899081017428626,0.4510649567448151,2.0973451327433628,3.2964601769911503,1.078578322740166,0.45703350258880904,678
gincdif,values,GB,0.009286071421235392,0.8126354893386196,0.010977862680433166,0.7793141552985811,2.197247706422018,3.287461773700306,0.9973587215265853,0.4823963703301695,654
gincdif,values,GR,-0.028783343113952368,0.4533119606295003,-0.02914596338976342,0.4476393683895401,1.6784140969162995,3.39647577092511,0.8049229842814244,0.518696814212169,681
gincdif,values,HR,-0.014015276933509777,0.7160516626821308,0.008564664983815211,0.8241011725061732,1.9082840236686391,3.440828402366864,0.9143413816370821,0.539729885933592,676
gincdif,values,HU,-0.020844557361222534,0.5876684266753923,-0.028390386869398584,0.4601669490144955,1.8350515463917525,3.2577319587628866,0.9293047589984477,0.4670514225358544,679
gincdif,values,IE,0.0017810906451999691,0.9631601174636871,0.03152768643616024,0.4134722794679839,2.0933333333333333,3.3718518518518517,0.9691992473216753,0.49277447605473296,675
gincdif,values,IL,0.051165444333973624,0.1875656990482082,0.03105177929768025,0.4240370712286703,2.257142857142857,3.482706766917293,1.031892467946382,0.5264840296373442,665
gincdif,values,IS,-0.00018924925848562877,0.9960638895213936,0.00796765478184605,0.8354648251939863,2.0762463343108504,3.5205278592375366,0.9800020907225712,0.5340293869757609,682
gincdif,values,IT,-0.09062725072661908,0.018520266727154944,-0.05704776427076518,0.13871232340466122,1.8148148148148149,3.4074074074074074,0.8507736502351836,0.5594653060989856,675
gincdif,values,LT,0.06440917424791653,0.09330053457189831,0.060756715470924864,0.11344677542224393,2.1323529411764706,3.302941176470588,0.9904464378429628,0.4786980958102298,680
gincdif,values,LV,0.03291203168343767,0.40002328205592014,0.013053938227323144,0.73859046005515,1.9420731707317074,3.355182926829268,0.9440846614965124,0.5157701986198869,656
gincdif,values,ME,0.0815488774236068,0.0359290036535945,0.08287193557659688,0.03301667890018021,2.3564954682779455,3.490936555891239,1.1137071087970936,0.5353546187617816,662
gincdif,values,NL,0.08759433209752311,0.022548665908367738,0.07643837440525383,0.04663783881480592,2.327433628318584,3.3746312684365782,1.0163433561533994,0.5281494934863429,678
gincdif,values,NO,-0.024325034523809935,0.5253549869836026,-0.02856419597628591,0.4557662015308298,2.280701754385965,3.5482456140350878,0.9650596163909867,0.5153683450634828,684
gincdif,values,PL,0.019223699539006562,0.6233577270193742,0.027847214823268435,0.47679331093096117,2.5923664122137406,3.352671755725191,1.1061143882296842,0.5151123276856834,655
gincdif,values,PT,0.004165069564978615,0.9142416941381771,-0.005702218112065307,0.8827893435914499,1.7377049180327868,3.403874813710879,0.74896552097052,0.5176726411637764,671
gincdif,values,RS,-0.02988098874262387,0.4469424937414301,-0.037542731132724154,0.33924899172885475,1.98,3.376923076923077,0.9982573413547066,0.5217220599007943,650
gincdif,values,SE,-0.008516778883083895,0.8250687233321865,-0.002366824072736626,0.9510218375576389,2.2618343195266273,3.489644970414201,0.8816275567412865,0.5262410583991296,676
gincdif,values,SI,-0.01858679475851135,0.6302831262693949,-0.04104460398152687,0.28766505168621664,2.0653789004457654,3.386329866270431,0.9505037263995256,0.5052613579483841,673
gincdif,values,SK,0.011841148237337592,0.7580864943277663,0.02085028293800927,0.5875658199091924,1.9896907216494846,3.3549337260677468,0.8298699431205507,0.5230117175200136,679
gincdif,values,UA,0.02196264207340999,0.577094989502754,0.011008761519023505,0.7798703533925585,2.1313755795981453,3.330757341576507,1.105735872630492,0.5026522979820206,647
freehms,values,AT,0.01777046509032682,0.6461232671482057,0.026154418895280848,0.49914106979575673,1.7865671641791045,3.573134328358209,0.8683774403393387,0.6740064025351447,670
freehms,values,BE,0.03934488773791103,0.3070320853828022,0.027755822615212228,0.4712451171423968,1.477810650887574,3.727810650887574,0.8421024480327123,0.7117190038140715,676
freehms,values,BG,0.029739923447344805,0.45155349407021667,0.040722749085366036,0.30252049562797434,2.967340590979782,3.3670295489891133,1.2947979746014622,0.5544791084252086,643
freehms,values,CH,-0.012103226649100534,0.7543225451177185,-0.03213107519886529,0.40598751339332545,1.6900149031296572,3.7347242921013413,0.8043938107436183,0.6404067317577594,671
freehms,values,CY,-0.03724349602935611,0.3394156529545833,-0.04571615764571958,0.24085343650100402,2.631818181818182,3.5606060606060606,1.172220062891326,0.6525027777146064,660
freehms,values,DE,-0.032001372938319186,0.4054421727839115,-0.04509776402035773,0.24091412385396216,1.556047197640118,3.678466076696165,0.72042393404233,0.626714021603233,678
freehms,values,EE,-0.0011171238836086906,0.9770783028774892,0.0004052529325900334,0.9916838298120924,2.26355421686747,3.6370481927710845,1.0513784760598153,0.6208161495080018,664
freehms,values,ES,0.008744956342781593,0.8199374975851776,0.008870133905054258,0.817405090039238,1.5323529411764707,3.601470588235294,0.7858170567489867,0.7003034576951208,680
freehms,values,FI,-0.0494794596299148,0.19717820374857875,-0.03557559020215394,0.3539433049888665,1.657856093979442,3.8487518355359764,0.8465157566870368,0.710655702875671,681
freehms,values,FR,-0.10042007444432727,0.009034216673943204,-0.09971193633510328,0.009534947039656435,1.3837037037037037,3.674074074074074,0.7603106704756163,0.6915087966684703,675
freehms,values,GB,-0.0046451651746284555,0.9045438912536019,-0.008237052394785014,0.8315946417580025,1.6053811659192825,3.713004484304933,0.7560342361108342,0.7531340317236633,669
freehms,values,GR,-0.007526263554796255,0.8451397237444607,0.0038760955532399907,0.9198740675259257,2.18491124260355,3.51405325443787,1.1635743746936793,0.6355126179157528,676
freehms,values,HR,-0.006126680081309335,0.8765863786378453,-0.0036698576882724645,0.9258858036535953,2.551937984496124,3.5023255813953487,1.1253088447835577,0.6369162308628205,645
freehms,values,HU,0.020035590716246783,0.6052149105671328,0.02981874836930107,0.441647575968945,2.75,3.3667664670658684,1.2542282311334385,0.5518704946197771,668
freehms,values,IE,-0.00015667184824265796,0.9967558666751779,0.015004393424995413,0.6969697908020597,1.6242603550295858,3.753698224852071,0.8224283196751712,0.6973396583926763,676
freehms,values,IL,-0.033764262896773894,0.3868393305244085,-0.018065564244030063,0.6434228892427009,2.7723823975720787,3.595599393019727,1.4699923286381575,0.586677365910228,659
freehms,values,IS,0.08989376240833848,0.019586655378618763,0.08175792157519539,0.03382321665267211,1.3264094955489614,4.163204747774481,0.6745092442827785,0.7374985609523897,674
freehms,values,IT,0.03199598677700465,0.40866726776369566,0.02910175741825526,0.45237015797958346,2.0657698056801195,3.606875934230194,1.009762324965273,0.7088072661680792,669
freehms,values,LT,-0.038085329171870234,0.3253156433495423,-0.018528352438384542,0.6323788175261015,2.998505231689088,3.530642750373692,1.1523202999600994,0.6641164311758093,669
freehms,values,LV,-0.008590837349301234,0.8296082316414887,-0.02418138912567813,0.5446267979319198,2.477777777777778,3.573015873015873,1.2691702589043221,0.6529147925248181,630
freehms,values,ME,0.01663114728442114,0.6808582341391043,0.02271085489265185,0.5743350804982977,3.3485342019543975,3.6628664495114007,1.167402325896509,0.6844978334002415,614
freehms,values,NL,-0.028032923263863484,0.46583717663940605,0.005353514028856654,0.8892574601527038,1.4197349042709868,3.8379970544919,0.6906193538140173,0.7488237344275678,679
freehms,values,NO,-0.00527290815888857,0.8909143846866894,0.01051384544080857,0.7844929853010568,1.4241531664212077,4.103092783505154,0.6447471984869521,0.7335044435207326,679
freehms,values,PL,0.021608754349028536,0.5838335263615061,0.01190741142356032,0.7627779593233711,2.311627906976744,3.496124031007752,1.089448825470646,0.6120430987918717,645
freehms,values,PT,0.0036497600046786626,0.9252117515991124,0.02582161124129368,0.5065409040724324,1.8795180722891567,3.7575301204819276,0.9275093928802255,0.713965778822556,664
freehms,values,RS,-0.003384367930274099,0.9313718533762748,0.0006320778480883106,0.9871674814161363,3.149230769230769,3.3584615384615386,1.3441218345021926,0.5997925444362124,650
freehms,values,SE,-0.031594191442401005,0.4100654071637224,-0.0460208678966815,0.23003361241870549,1.3900293255131966,3.9457478005865103,0.6437913118215642,0.6908173335147548,682
freehms,values,SI,0.004616150859728046,0.9064210653842101,-0.00975233169323915,0.8038593324331572,2.3625192012288787,3.5883256528417817,1.0439904718913753,0.6879974004441022,651
freehms,values,SK,0.026495988542059375,0.4984474587302825,0.03523400336587155,0.36796069036628554,2.8,3.4564885496183204,1.2032067245566527,0.6618825940404874,655
freehms,values,UA,-0.08600047103063274,0.031172360565841026,-0.09300491704839496,0.019747687625490118,3.0031847133757963,3.320859872611465,1.3834252562067686,0.5850295261960681,628
hmsfmlsh,values,AT,0.06648082557431896,0.09085034080623346,0.050573717913950454,0.19853593901938063,4.171296296296297,2.9691358024691357,1.0401418515131027,0.5236046682450515,648
hmsfmlsh,values,BE,-0.005110322351447834,0.8942579182173649,-0.0056450621002121035,0.883268514356064,4.488954344624448,2.9572901325478647,0.9878817044182525,0.5318213456815633,679
hmsfmlsh,values,BG,-0.007501424056644576,0.8511798227482554,0.005946582414562408,0.8817703548857273,2.7961783439490446,3.031847133757962,1.3184440760001301,0.4714548004923081,628
hmsfmlsh,values,CH,-0.008415328341310676,0.8297940962602491,-0.016377590935030023,0.6756703246634972,4.338931297709924,3.001526717557252,0.902559435731592,0.4708611300540575,655
hmsfmlsh,values,CY,0.03497762834792033,0.37109211125872266,0.03826601236030294,0.3277888463917082,3.2134146341463414,3.038109756097561,1.1787701905660808,0.46895572814297554,656
hmsfmlsh,values,DE,0.009811778482320323,0.799732529666293,0.017984747632398268,0.6419028640947055,4.463487332339791,3.007451564828614,0.8833919023839305,0.461927729334519,671
hmsfmlsh,values,EE,-0.0659959245160408,0.08927309625565158,-0.07251790403847481,0.06181864811354019,3.6731927710843375,2.977409638554217,1.212107616424308,0.4506759538203757,664
hmsfmlsh,values,ES,-0.021712225366165905,0.5742089625087391,-0.014749038155759212,0.7027226820837922,4.5476190476190474,2.9761904761904763,0.8974846373788987,0.5535672792590263,672
hmsfmlsh,values,FI,0.02610566086389386,0.4970656407279623,0.028671834330719733,0.45572976723241376,4.455081001472754,2.9705449189985274,0.8434897052185136,0.47567821226368506,679
hmsfmlsh,values,FR,0.07751865233535667,0.04392692873416433,0.06657590517344568,0.08368578142994965,4.637573964497041,2.9541420118343193,0.8487076199438638,0.46758386432075655,676
hmsfmlsh,values,GB,-0.010769719864983283,0.7801778308367923,0.0032154985468913484,0.9335935514579471,4.382789317507418,2.9540059347181007,0.9050299889813328,0.47769596847842105,674
hmsfmlsh,values,GR,0.007271052948692615,0.8530998866742724,0.029125941223929443,0.45816676222340597,3.4055299539170507,3.0476190476190474,1.3295112416951163,0.5456454322441797,651
hmsfmlsh,values,HR,0.0057048238803028735,0.8869047504890463,-0.02078106182032927,0.6043704545209637,3.3060897435897436,2.988782051282051,1.208939985774492,0.4986683299598389,624
hmsfmlsh,values,HU,-0.008566421009830684,0.8271784206500767,-0.013774612757348287,0.7255383042520748,3.2223926380368098,3.004601226993865,1.3062258266144828,0.5034232984150863,652
hmsfmlsh,values,IE,0.007852947596669671,0.8412523965170339,-0.037499042663822695,0.338695448601384,4.3215926493108725,2.9946401225114854,1.0409304058795357,0.4926316591307334,653
hmsfmlsh,values,IL,-0.06443049925764974,0.09841792760640218,-0.051961648716204865,0.18276984913075423,3.0743550834597877,3.0682852807283765,1.4800376858498128,0.4676903776131054,659
hmsfmlsh,values,IS,-0.0017858393178786984,0.9629523551765687,-0.044360333945894344,0.24835113193202657,4.7540500736377025,2.979381443298969,0.6262761158627573,0.5845999819938213,679
hmsfmlsh,values,IT,-0.037102057274295344,0.34272707816280007,-0.02182698355429517,0.5768144434202808,3.8841463414634148,2.986280487804878,1.050768618679613,0.5107643193379598,656
hmsfmlsh,values,LT,0.0030873135476605497,0.9371417663683339,-0.010742563962344215,0.7837642822971655,3.0839694656488548,3.016793893129771,1.1654963632575321,0.45738130288826007,655
hmsfmlsh,values,LV,-0.07392993775108567,0.06670213086613368,-0.06534441083130209,0.10517997884950214,3.050324675324675,3.0551948051948052,1.402344109020887,0.49734805110752156,616
hmsfmlsh,values,ME,-0.026189413195050852,0.5219911913089326,-0.0221674390551943,0.587871258030523,3.058333333333333,3.033333333333333,1.1862866498370133,0.49257141602888754,600
hmsfmlsh,values,NL,0.004248298069306622,0.912015145695898,-0.011026199352094541,0.7742685701389583,4.5581737849779085,2.9941089837997055,0.8702321728429672,0.4917856752152313,679
hmsfmlsh,values,NO,0.01787199469699336,0.6427559721834245,-0.0032155968414304516,0.9334929330479013,4.57396449704142,3.0,0.7652661363724476,0.5416025603090641,676
hmsfmlsh,values,PL,-0.004307149884413781,0.9129279377665356,-0.025024593658354764,0.5251681704267507,3.80370942812983,3.017001545595054,1.1986002526247386,0.5519638216125442,647
hmsfmlsh,values,PT,0.0808720595229472,0.039584011435099986,0.08567358635842433,0.029206099996837535,3.949074074074074,2.984567901234568,1.1551373353147627,0.45483097903900427,648
hmsfmlsh,values,RS,-0.014495247660040282,0.7165119836112807,-0.010603876637854899,0.7905210275993496,2.7174603174603176,3.0317460317460316,1.4106724351912758,0.571397026408678,630
hmsfmlsh,values,SE,0.0028280273867570794,0.9414935627185445,0.020095243672564447,0.6019752838821324,4.590236686390533,3.0207100591715976,0.778883875840749,0.49547591662756163,676
hmsfmlsh,values,SI,-0.06301234150813186,0.10713746815282771,-0.047214843069887866,0.22753501187048045,3.7297709923664124,3.0091603053435114,1.1341039826663948,0.47882539475948144,655
hmsfmlsh,values,SK,-0.006963778711866392,0.863275502382461,-0.009942571176133378,0.8057819009514862,3.02442996742671,2.995114006514658,1.2347824441255701,0.5552439347816572,614
hmsfmlsh,values,UA,0.015453909409675231,0.7030276443848502,0.021283455379707165,0.5995307526571035,2.513911620294599,3.088379705400982,1.366239154848739,0.5628200305026422,611
hmsacld,values,AT,-0.06649381123638089,0.0895459512252234,-0.10029280418522063,0.01033463209522439,2.3797856049004595,3.215926493108729,1.219607933824002,0.46429966469676615,653
hmsacld,values,BE,-0.026917522428001953,0.4850720864499726,0.0202799842895745,0.5989111448760405,1.8651851851851853,3.234074074074074,1.1573092781788412,0.5095763881844393,675
hmsacld,values,BG,0.044533473241018084,0.2594815734832873,0.04414351812077014,0.2636807431643762,3.7573872472783827,3.150855365474339,1.2280169223768735,0.4709092245219437,643
hmsacld,values,CH,0.039443304515171196,0.31017124177552885,0.03837604730563231,0.3234553624130034,2.5346385542168677,3.26355421686747,1.2840848007999972,0.4895252911043088,664
hmsacld,values,CY,-0.00931490124727937,0.8106549715274224,-0.02358734855291796,0.5440216993283226,3.7846385542168677,3.2379518072289155,1.276427018089289,0.5039865425581176,664
hmsacld,values,DE,-0.0430568386154174,0.2650219625924901,-0.054668806317188186,0.15689329547252168,1.9776785714285714,3.1964285714285716,1.0786266441699401,0.5151525587869886,672
hmsacld,values,EE,0.030433122579996995,0.434375585880478,0.027627668345496553,0.4779309364149613,3.096676737160121,3.212990936555891,1.3606823335154044,0.4518716798454211,662
hmsacld,values,ES,0.016439909739411753,0.6698465944634211,0.0482128041024361,0.21093033827156304,1.751111111111111,3.1733333333333333,1.0493651229321987,0.5263389031313901,675
hmsacld,values,FI,-0.014447736281754936,0.7076861100908547,0.00028824802839568333,0.9940314171683156,2.18491124260355,3.214497041420118,1.194980920148042,0.498736075077617,676
hmsacld,values,FR,-0.0022955760579369882,0.9526355648451428,-0.020002841108808775,0.6047238885465732,2.1354166666666665,3.175595238095238,1.3387924599688144,0.47482016660850146,672
hmsacld,values,GB,-0.0070167017887831935,0.8576434835312265,-0.027653877828879483,0.47952342769086775,1.9954268292682926,3.2103658536585367,1.073615764556876,0.4800914547021731,656
hmsacld,values,GR,0.007461070320268976,0.8473677394689142,0.0071118341739191,0.8544305337430866,3.8517964071856285,3.182634730538922,1.2572594862474438,0.4923988383448681,668
hmsacld,values,HR,0.02319135287301488,0.5532244046415097,0.008016270538943887,0.8376280461770459,3.542682926829268,3.1722560975609757,1.2557075059632676,0.45488873058658136,656
hmsacld,values,HU,0.01978697467089144,0.6102387820753725,0.018663032229038905,0.6306774571408437,3.3618618618618616,3.1726726726726726,1.2444108376130685,0.3899925633427136,666
hmsacld,values,IE,0.08867832096027707,0.023653460396380274,0.0795033620949558,0.042578946212125,2.067588325652842,3.2642089093701996,1.1549399675849124,0.44125009058761444,651
hmsacld,values,IL,-0.016202850390681818,0.6784728234429085,-0.02325169556331642,0.5518880948152514,3.015220700152207,3.284627092846271,1.4773946007753376,0.49965648815471475,657
hmsacld,values,IS,0.0319067665377117,0.40683262810018284,0.05482225790903562,0.15389024169300763,1.6002949852507375,3.382005899705015,1.0231298037285501,0.5214178941589839,678
hmsacld,values,IT,0.037562986577554254,0.3382434496547418,0.04678816029047056,0.23284452494789276,3.1319018404907975,3.2162576687116564,1.2764296173008816,0.49344033284306743,652
hmsacld,values,LT,0.08544945354824701,0.026985973892089617,0.0992413904760188,0.010159555968783637,3.9059701492537315,3.198507462686567,1.0338632033172332,0.43156216301030426,670
hmsacld,values,LV,-0.027374031552156064,0.49246529563144226,-0.027235832022612736,0.4946533216294564,3.7496038034865293,3.2694136291600633,1.3010602519818586,0.4649623351238167,631
hmsacld,values,ME,-0.05735146746401312,0.1475863734388645,-0.053032271105764556,0.18060613169817383,3.6604068857589986,3.2331768388106417,1.130448002717977,0.4448532761833468,639
hmsacld,values,NL,0.014729478859124874,0.7026761732027577,-0.003930680041597907,0.9188698911348196,1.8071216617210681,3.265578635014837,1.044995016961138,0.5333755584744448,674
hmsacld,values,NO,-0.02048235691166765,0.5933593771869597,-0.03257403465363377,0.3956920915577163,1.9105571847507332,3.3299120234604107,1.0781122269803158,0.523696612580699,682
hmsacld,values,PL,0.036938367910909695,0.34820596529699954,0.007433321048482469,0.8503182395982493,3.659969088098918,3.179289026275116,1.3115309038434715,0.4295625122589429,647
hmsacld,values,PT,0.006473116966273434,0.8681696259710164,0.009136277668138076,0.8147713467974382,2.56969696969697,3.227272727272727,1.2681423567630725,0.4705420806202483,660
hmsacld,values,RS,-0.019341179795650833,0.6233835670451031,-0.013099790918465018,0.7394522693330549,4.060278207109738,3.1360123647604325,1.1515564577658222,0.43817612399165445,647
hmsacld,values,SE,0.009288053532288664,0.8093795306914643,0.007955613263630276,0.8363069310879245,1.8212703101920236,3.397341211225997,0.983122145593147,0.49868942763707386,677
hmsacld,values,SI,0.04375375462597952,0.2634879546594924,0.05627840451877901,0.1502296853773119,3.1603053435114505,3.1541984732824426,1.3005338464752358,0.4516804406734502,655
hmsacld,values,SK,-0.014697084075464729,0.708832517293998,-0.00410063023221434,0.9170234079163545,3.935185185185185,3.1604938271604937,1.1591166610694303,0.4771577396025448,648
hmsacld,values,UA,0.04756657548300438,0.23769778096351754,0.04288174620987274,0.28716803544872155,3.627831715210356,3.121359223300971,1.3072552155331822,0.44082223573788976,618
euftf,values,AT,0.010678639859067697,0.7876075652701409,0.016472939365349125,0.6776857063925208,4.597809076682316,7.032863849765258,3.011377831865303,0.7041189376087413,639
euftf,values,BE,-0.0011294316401890526,0.9769135601629564,0.027411301657053813,0.48238517530937985,5.911987860394537,7.063732928679818,2.3735162685467426,0.738974909185999,659
euftf,values,BG,-0.005249437302581767,0.8969676065468433,0.012686524820240741,0.7543101304925014,5.623567921440262,7.008183306055646,2.596788881478292,0.8559905425685245,611
euftf,values,CH,0.08185751514596437,0.03767442507183799,0.06354660650563736,0.10687860571926645,5.06046511627907,7.241860465116279,2.409428252475641,0.7799603504035617,645
euftf,values,CY,-0.009920027087127274,0.8032867877683084,-0.02733578129424153,0.49238318598765013,5.9052132701421804,7.150078988941548,2.9688021271129217,0.8593698899047636,633
euftf,values,DE,0.029977060293187682,0.4409502412811673,0.012622847969030031,0.7456180964665792,6.170437405731524,7.081447963800905,2.6513806963366946,0.7183417144108825,663
euftf,values,EE,-0.019232757764416675,0.6229279276560646,-0.014751130390938397,0.7060894448391798,5.753048780487805,7.0625,2.911937499968655,0.8144098223736167,656
euftf,values,ES,-0.06724310542189921,0.0904457774181397,-0.03719980476655193,0.3493336658030149,6.258267716535433,7.094488188976378,2.3648464161014626,0.7785883738746906,635
euftf,values,FI,-0.012988999588246408,0.7383142380143979,-0.015085327792625319,0.6980076201271154,5.582831325301205,7.021084337349397,2.0782012602953697,0.847055782198267,664
euftf,values,FR,-0.07215517470687198,0.0719048067050955,-0.08098450915646214,0.043317960629401145,5.274478330658106,7.065008025682183,2.697523040753842,0.831085346780482,623
euftf,values,GB,0.039228774379676826,0.3593638216713333,0.07604853369494065,0.07527878456130126,5.268248175182482,6.956204379562044,2.5602671815013918,0.8998770026754886,548
euftf,values,GR,-0.02296954871070426,0.5652890330151908,-0.06687054235559979,0.09380781351435874,5.151033386327504,7.171701112877583,2.3270261455352403,0.664687417327526,629
euftf,values,HR,-0.01461503799979469,0.7151436638854101,0.013903949097181607,0.7284424249311712,5.359424920127796,7.039936102236422,2.7874373587139125,0.863482805799017,626
euftf,values,HU,-0.06699076730740781,0.08988759960660649,-0.04097486419468351,0.29991218747416476,4.485981308411215,6.940809968847352,2.794683450373871,0.7877284021759624,642
euftf,values,IE,0.022621121310168923,0.5793024475715778,-0.013003619789249366,0.7499778642215081,5.240464344941957,7.041459369817579,2.562226460558941,0.7448198914426485,603
euftf,values,IL,0.005896628667793678,0.8973673001537764,0.020796811955727204,0.6491292621979988,4.896049896049896,7.130977130977131,2.45238085626435,0.7994118159992706,481
euftf,values,IS,0.03302006760500699,0.4072774204266266,0.015375787470122427,0.6996456150223261,5.787974683544304,7.261075949367089,2.3811158165545363,0.9470301132630311,632
euftf,values,IT,-0.007497019897291213,0.8487041972166645,-0.022474838918222332,0.5673439501957659,4.758461538461538,7.12,2.7107838237669184,0.8461277701327563,650
euftf,values,LT,-0.025795996789511538,0.5147718555637867,-0.047375404688132255,0.23136790931651413,6.1109375,7.03125,2.7655163165076626,0.7945185843689676,640
euftf,values,LV,-0.015868480849687866,0.7021999460936874,0.0017082575483553031,0.9671698914669594,4.770154373927959,6.962264150943396,2.676485580390523,0.8113984060887467,583
euftf,values,ME,0.06822175961419392,0.08127111146076378,0.04137162603491457,0.29076610618360155,6.051987767584098,7.102446483180428,2.5271064677592676,0.8040251777225691,654
euftf,values,NL,0.04058999621673426,0.2981372788572102,0.026786573205175374,0.4924257829153366,5.6054628224582705,7.113050075872534,2.31140305744811,0.6705119503812722,659
euftf,values,NO,-0.022846383972678366,0.5736279564290775,-0.014904740764026635,0.7135572612348996,5.195402298850575,7.149425287356322,2.104094976107673,0.7794674916107271,609
euftf,values,PL,0.002977276636737999,0.9400303912877533,-0.002248924808479312,0.9546828731676923,5.681747269890796,6.928237129485179,2.7269134460553914,0.839176407963038,641
euftf,values,PT,0.05311874542906027,0.19607954704352443,0.06416818412083748,0.1182337156593222,6.260942760942761,7.107744107744108,2.256918862564353,0.9044618433884656,594
euftf,values,RS,0.01157772572924891,0.7777120194723685,0.019034458505276425,0.6425421746989584,4.790619765494137,7.031825795644891,3.5494652850643753,0.6932020220883865,597
euftf,values,SE,-0.05979374257980587,0.1332109626113014,-0.026019544916325726,0.5137970016864519,5.174050632911392,7.169778481012658,2.0772919217140897,0.7192979155145773,632
euftf,values,SI,0.016912129871110706,0.6722933238152105,0.025788583223281845,0.5188754697820235,5.654458598726115,7.011146496815287,2.5264209973200167,0.9114913857451141,628
euftf,values,SK,-0.01834479336275179,0.6445100395832781,0.0005562116525581085,0.9888391737422463,4.211023622047244,6.94015748031496,3.0370277565538224,0.9054043698550562,635
euftf,values,UA,-0.014263594126267008,0.7304211740431087,-0.023209646949798803,0.5749871050711891,6.387372013651877,6.643344709897611,3.328988592304584,1.2254139676383153,586
atchctr,attachment,AT,0.04102580956346952,0.28824580133200994,0.03256902356293543,0.3992634551821476,8.34672619047619,7.242410714285714,1.8579241006200309,0.8019920193927634,672
atchctr,attachment,BE,0.0015001578029880769,0.9696202775572608,-0.0057946376450380204,0.8830453946406153,6.384853168469861,7.316537867078826,2.403934971100548,0.8507991552130463,647
atchctr,attachment,BG,-0.01124896395165143,0.7713284163819435,0.01128436793440456,0.7706288016404593,7.991044776119403,7.367611940298508,2.3440750830556953,0.8046456843146644,670
atchctr,attachment,CH,0.02070477006426656,0.5921056403957106,-0.0005880428508498443,0.9878603080154618,7.803571428571429,7.584077380952381,1.8417542618143226,0.7268530745046252,672
atchctr,attachment,CY,-0.06329598683134667,0.10087365709601694,-0.017887128913354238,0.6432162120030109,8.252600297176821,7.476225854383358,2.1069110872514876,0.9982273080003867,673
atchctr,attachment,DE,0.05842373220940619,0.13056978380520315,0.052072040419269564,0.17789779499863997,7.1385991058122205,7.266915052160955,2.2666005458762166,0.8180113437139708,671
atchctr,attachment,EE,-0.0362616512528777,0.34651645563487654,-0.011735240778667168,0.7606997099113582,7.847633136094674,7.549408284023668,2.1791286784087203,0.8720089732069822,676
atchctr,attachment,ES,-0.014291793286327448,0.7111092539541172,0.017707321442696992,0.6463120994564115,7.734421364985163,7.544213649851632,2.3158672983858666,0.8523391755544713,674
atchctr,attachment,FI,-0.005793384177811688,0.8806643540865092,-0.002561620923808134,0.9470751229971827,8.655786350148368,7.552077151335312,1.5515617560907715,0.6972692351683313,674
atchctr,attachment,FR,-0.022499394029027408,0.5601131275926091,-0.041512121258756876,0.2822049863602078,8.13521545319465,7.389895988112927,1.7306306455131941,0.9393919740087707,673
atchctr,attachment,GB,0.005788064389922756,0.8822808507707844,-0.009527967006570312,0.8074155926036518,6.602739726027397,7.048706240487062,2.673639119439207,0.9567167881139996,657
atchctr,attachment,GR,0.04254423429056885,0.26968738315396407,0.06590262331490393,0.08710194093467795,8.779259259259259,7.498222222222222,1.6003104435611746,0.9487129081012979,675
atchctr,attachment,HR,-0.04554806931406641,0.24045146698011136,-0.025933125095205237,0.5040629308427113,7.7942942942942945,7.466966966966967,2.2891763362010877,0.8440622088691166,666
atchctr,attachment,HU,-0.012917282765257046,0.7404664045163121,0.01894961310946712,0.6270060276554671,8.186363636363636,7.2318181818181815,1.9399471516069007,0.8788803559608135,660
atchctr,attachment,IE,0.02655410923074655,0.49098767304941826,0.018662052034443,0.6283874018662842,8.045925925925927,7.368148148148149,1.941876595617183,0.8944812540934589,675
atchctr,attachment,IL,0.037224483103415425,0.3415054056745515,0.004604322078895746,0.9063736619837579,7.531297709923664,7.652671755725191,2.9829045008826856,0.9483873520144498,655
atchctr,attachment,IS,-0.005766345901549819,0.8825416169305349,-0.000782993030288328,0.9839938707180357,8.141122913505312,7.9822458270106225,1.7710417868320263,1.1233784505342164,659
atchctr,attachment,IT,0.10013370195159688,0.009338694458764497,0.08776473646995489,0.02278760971389184,7.827637444279346,7.620059435364042,2.1526582208926692,0.818261802490231,673
atchctr,attachment,LT,0.06270426365633958,0.10384833279303168,0.04031926968365071,0.29591612183728205,7.783382789317508,7.43160237388724,2.326401824512296,0.9454016885973269,674
atchctr,attachment,LV,-0.05410390014598624,0.16471360108710345,-0.04129710054935359,0.28905913344201783,8.199697428139183,7.309379727685325,2.255511747175104,0.9353996437176992,661
atchctr,attachment,ME,0.014476043688415726,0.715150537147803,-0.004233101753391358,0.9150164410807169,7.43730407523511,7.522884012539185,2.518064144872281,0.9438272510239345,638
atchctr,attachment,NL,-0.03515843677186177,0.3621090846960143,-0.061575070554140236,0.11023666814174306,7.01186943620178,7.461275964391691,1.960192641664952,0.91394943519326,674
atchctr,attachment,NO,-0.007245019218911592,0.8511862101207929,0.024870110622183007,0.5195191969862563,8.420505200594354,7.718424962852898,1.692067024624358,0.7907496541677429,673
atchctr,attachment,PL,-0.07116170725906931,0.06523770525784649,-0.10286986240163351,0.007612043481877214,8.299107142857142,7.362797619047619,2.059067932717019,0.8342428682067268,672
atchctr,attachment,PT,0.047767661886348,0.2144988819348687,0.02693840889700093,0.4840845588176516,8.37370753323486,7.538700147710487,1.9469487560578875,0.8574819129063403,677
atchctr,attachment,RS,0.02511099439029425,0.5145428829496285,0.007609219324453418,0.8434547307957346,8.029585798816568,7.329142011834319,2.719315895458695,0.8768765294788711,676
atchctr,attachment,SE,-0.024398143221330576,0.5247200042213339,-0.02402270678299038,0.5311210257883797,7.834310850439882,7.628739002932551,2.1569398041659524,0.6823091951608597,682
atchctr,attachment,SI,-0.027768729446921357,0.47235895444563464,-0.028961793315326764,0.4535348145445366,7.811011904761905,7.520089285714286,2.257294356542503,0.7072951717454685,672
atchctr,attachment,SK,-0.031107544381733424,0.42250591811546084,-0.0576444494226491,0.13696471215531414,7.553223388305847,7.224887556221889,2.39332799119681,0.9576363439308746,667
atchctr,attachment,UA,0.04667303059276591,0.2304302188635903,0.03694302421623578,0.3425961868946624,8.3987915407855,7.609516616314199,2.2251209942565215,1.137525278811544,662
atcherp,attachment,AT,2.6630050120416207e-05,0.9994502219934295,0.007796236903141541,0.8401290826227135,6.459821428571429,7.334821428571429,2.4576639395164963,0.9149081363831086,672
atcherp,attachment,BE,0.0037871841971578897,0.9226386891804839,-0.0041565704021897226,0.9151203863848391,5.806060606060606,7.300757575757576,2.4455142290684515,0.9006401544052112,660
atcherp,attachment,BG,0.03822751597161237,0.33050656884139185,-0.006664326755973447,0.8653384790465247,4.573846153846154,7.216153846153846,2.7759020756806114,1.043639761431874,650
atcherp,attachment,CH,0.011810573076022684,0.7606011928870373,0.025792139215429465,0.5057448017434506,6.104790419161676,7.456287425149701,2.2843790867721547,0.8979934259920807,668
atcherp,attachment,CY,-0.019196986077416007,0.6265119615560555,-0.011342305228151916,0.7737223642837443,5.206201550387597,7.482170542635659,2.6232285338263654,0.9752726655209212,645
atcherp,attachment,DE,-0.0011277039391789656,0.9767392061868152,-0.03323239227470938,0.3900794876063264,6.563338301043219,7.219523099850969,2.4067870830203337,0.978694109661694,671
atcherp,attachment,EE,0.035043474830152944,0.3665552963126399,0.06569405362887545,0.09026331455954187,5.758258258258258,7.5758258258258255,2.6369495875324085,0.8170373729921161,666
atcherp,attachment,ES,0.027944805785600265,0.47055113390582837,0.01596921287160813,0.6801209347978056,6.645739910313901,7.410463378176384,2.2801671459981203,0.9580784445531135,669
atcherp,attachment,FI,0.011551609950612303,0.7645025961489315,0.0006607423805150826,0.9863290962448655,6.900740740740741,7.522222222222222,1.9299104504177125,0.8977111239795996,675
atcherp,attachment,FR,0.006394579443537256,0.8698529685482431,-0.013939729830078764,0.7209535149423699,6.148710166919575,7.28619119878604,2.4746208464737083,0.9655182238524108,659
atcherp,attachment,GB,-0.09286701670614483,0.019061710278369323,-0.11261528077613517,0.00443061200285634,4.671899529042387,6.925431711145997,2.747905721003713,1.0726063055021096,637
atcherp,attachment,GR,-0.0501394318349655,0.2010300441834603,-0.05129519421347595,0.190827744768648,5.211656441717792,7.3343558282208585,2.4194524685097236,1.1604136329167576,652
atcherp,attachment,HR,-0.032495399972207024,0.4024499242951785,-0.020663751995964805,0.5945015844484225,6.04054054054054,7.414414414414415,2.692765413480759,0.9914079163360897,666
atcherp,attachment,HU,-0.04035176675054364,0.3002492397194553,-0.03248332895071745,0.4044031960680108,7.251134644478063,7.183509833585477,2.345308550165577,0.9984307817968744,661
atcherp,attachment,IE,-0.005665997359619797,0.884484003885338,0.004001482667018169,0.9182760814428684,5.959090909090909,7.293939393939394,2.383521913897483,0.8498645411797786,660
atcherp,attachment,IL,-0.012923219318407847,0.7430319273514483,-0.022496004053902716,0.5681791284351185,2.4520123839009287,6.8312693498452015,2.3499999617024336,1.364618445768626,646
atcherp,attachment,IS,-0.0389607528631564,0.3201898800022871,-0.02220795609757219,0.5710663822670878,6.303215926493109,7.505053598774885,2.176972079142401,1.2893340906954696,653
atcherp,attachment,IT,0.00928316966395158,0.8128340900863836,0.04517431683627284,0.24901087363978708,5.751914241960184,7.510719754977029,2.291558966228398,0.8101398819941442,653
atcherp,attachment,LT,0.006934409922443226,0.8602577730369988,0.006842866509160913,0.8620839915170014,5.879443585780526,7.453323029366306,2.73793344807447,0.9016928999903325,647
atcherp,attachment,LV,0.024758069798384387,0.5308717045878582,-0.005263843743030788,0.894020315594671,5.267496111975117,7.320217729393468,2.810746696486058,1.079385692312665,643
atcherp,attachment,ME,-0.07388494923415385,0.062576616207415,-0.05504814001834726,0.16556932000331612,4.84748427672956,7.412735849056604,2.379772362184119,1.0654981753200983,636
atcherp,attachment,NL,-0.0896804516336746,0.019787915431776482,-0.06602035130232276,0.08653787587037934,5.817777777777778,7.473037037037037,2.1565532818293502,0.8670093162201735,675
atcherp,attachment,NO,0.007793211283353117,0.8408983924164077,0.0099257185209193,0.7981995667043467,6.678678678678678,7.513513513513513,2.1525425557911944,0.886726156012644,666
atcherp,attachment,PL,0.01665598135542626,0.67000373186966,-0.009672119413405289,0.8045603180665832,6.867579908675799,7.220700152207002,2.35476924328222,1.0377761738874098,657
atcherp,attachment,PT,-0.08960948500397407,0.02073032788578308,-0.08772311325345047,0.023575253951395217,6.755255255255255,7.543543543543543,2.1892102488555425,0.8232863151709283,666
atcherp,attachment,RS,-0.009462792278360228,0.8092815178010787,0.006890584668653603,0.8604936555584732,3.5283307810107196,7.110260336906585,3.0503760907999657,0.9585434820431314,653
atcherp,attachment,SE,-0.011673721895450481,0.7629472126339683,-0.004872443760749034,0.8998226984094382,6.61044776119403,7.392537313432836,2.2341709823964737,1.0343594065960335,670
atcherp,attachment,SI,-0.03764820430441904,0.33199410125122325,-0.026209508019836396,0.49952739875400576,6.025525525525525,7.458708708708708,2.6592344610613674,0.9507531557360666,666
atcherp,attachment,SK,0.021389150325466184,0.5821929591493761,0.01929749493388137,0.6196327098768016,5.966867469879518,7.207831325301205,2.8121882657705872,0.9922925275309272,664
atcherp,attachment,UA,0.014542224899718433,0.7149836667198404,0.02481632126384101,0.5331347506916361,5.609794628751975,7.014218009478673,3.1347933312912053,1.3020018896879892,633
health,health,AT,-0.016275818678096434,0.6724925645566568,0.010299119670716285,0.7890942317527518,2.0930576070901035,3.845970119014823,0.923987828400106,0.457936061613115,677
health,health,BE,0.010827330286479324,0.7790323231839487,0.07973803215113581,0.038492312065711555,2.0949554896142435,3.8283028312544714,0.8426968389371491,0.513014951951693,674
health,health,BG,0.0008040268538016817,0.9834516903967253,0.024621493652796592,0.5252561663905004,2.0449101796407185,3.694709653234089,0.8852046363932023,0.5449715422332921,668
health,health,CH,-0.025428811573570624,0.5073524954224881,-0.04986752849484437,0.1933552094078471,1.8768328445747802,3.9423421466566646,0.7407322239005419,0.4438839404004503,682
health,health,CY,0.028529128085688544,0.46098289980298335,-0.0074962275256495155,0.8464300214813427,2.0582089552238805,3.8972388059701486,0.9832147713578383,0.4427077165113139,670
health,health,DE,-0.06044662415329809,0.11802201258061269,-0.0650515452323632,0.09248051102065735,2.3119402985074626,3.8235222134486424,0.8865415223608345,0.5277273591031736,670
health,health,EE,0.04222302584519362,0.271193756014872,0.00744124578988611,0.8463070206467118,2.3715124816446402,3.8496030869373565,0.7942878257984485,0.5461872283359754,681
health,health,ES,0.03319188132969027,0.39030369502115253,0.0004731815250931557,0.9902313991025324,2.2842261904761907,3.81488573741258,0.9602477307186383,0.47273219659691523,672
health,health,FI,0.009200743761166778,0.810452026166392,0.04316808944937245,0.26025141314046424,2.2521994134897363,3.849179530721938,0.8259926621610238,0.49261114517110943,682
health,health,FR,-0.017625011028774226,0.6471125090476738,-0.0215307336358321,0.5759961929186936,2.1979320531757756,3.7800647335678472,0.8999318719073264,0.4926672469137469,677
health,health,GB,0.0011032783685030587,0.977124082534625,0.0041145866114453535,0.9148364618486199,2.2359882005899707,3.749115044247787,0.9694307576883192,0.4717569364930616,678
health,health,GR,0.025461656743366808,0.510896979443602,0.010777122234163043,0.7808301008477895,1.6621823617339313,3.745759157907993,0.7982514702825084,0.548771667708519,669
health,health,HR,0.021571306624193275,0.5752771115048004,0.0006234962379615312,0.9870804913018626,2.1285081240768093,3.8427012854411835,1.069908330700598,0.518064592125942,677
health,health,HU,-0.0293906350429209,0.44755276101154845,-0.03630825613899802,0.34805407590402127,2.2119402985074625,3.6453731343283584,0.9594970013934487,0.5561863748619608,670
health,health,IE,0.04398606837421778,0.2530711412088226,0.02851765427524302,0.4588227816994627,1.9394387001477105,3.8912362613750764,0.8413473509495273,0.4412132553778652,677
health,health,IL,-0.04765248914817151,0.2180048375528638,-0.07362363739530678,0.05681548073153483,1.7343283582089553,3.8762686567164186,0.9847191580703825,0.4212545709133406,670
health,health,IS,-0.006511238638632824,0.8669018558774787,0.0036773932501282807,0.924590422669039,2.0180451127819548,3.992973238429539,0.9016245868165604,0.5420630695145069,665
health,health,IT,-0.055130057987136764,0.15219596995587492,-0.06495311593784148,0.09151919876553097,2.1701183431952664,3.8501064336977073,0.8618983273651716,0.4708997686692393,676
health,health,LT,-0.03000734861728818,0.43568486356953057,0.02277623376522128,0.5541174470996494,2.3943870014771047,3.764732612038701,0.8119837190901521,0.5169259671281554,677
health,health,LV,0.027905970783816254,0.4738420428751417,0.023333969573472422,0.5492658703477572,2.789712556732224,3.7806402656459905,0.8364517821834365,0.5068894709747002,661
health,health,ME,-0.03956230938913674,0.3061665846916313,0.0020782078823182847,0.9571479758789334,2.105812220566319,3.926751117734724,0.8771454144662054,0.5074921033672268,671
health,health,NL,0.002936267547179669,0.9389890863032823,0.020672358020819664,0.5899361321796934,2.1363636363636362,3.9012651859359395,0.7354243800844429,0.4724722607478776,682
health,health,NO,-0.04158040035551683,0.2806970442122981,-0.04832424820953149,0.20987601294501446,2.0192592592592593,4.03274753972317,0.8973664317343305,0.3798560757205771,675
health,health,PL,-0.06892846107693067,0.07330071230371867,-0.059876806542844,0.1198719006499741,2.2041420118343193,3.673161063627219,0.8199624222346018,0.5226544388651929,676
health,health,PT,-0.055987838088608764,0.1453130309752131,-0.0550451977731445,0.15222065472425858,2.4749262536873156,3.82333240101226,0.8956432760101328,0.47741340532320126,678
health,health,RS,0.005617761497128079,0.8843417209909945,-0.013988539506536385,0.7171747660783745,2.386329866270431,3.7698621284071328,1.0246618451853775,0.4985385819129186,673
health,health,SE,0.010346438559529408,0.7892243286547259,-0.006543441261581081,0.8657507673469854,2.0776119402985076,3.9597282708767914,0.8487784056631015,0.4576260409443434,670
health,health,SI,-0.01862969047289504,0.6284736475765585,-0.0350082526685475,0.36309518794529716,2.171344165435746,3.8416904034212473,0.8855547494170916,0.509170840178343,677
health,health,SK,-0.02403678450008637,0.5336138799133987,-0.00871391693428834,0.82147939814844,2.3937592867756314,3.7530597081961368,0.8802172596091128,0.49628497995435533,673
health,health,UA,0.019171549346485458,0.6200827484951921,0.03328192947997084,0.3893729454188115,2.758569299552906,3.579371444795827,0.8663598805222134,0.6881686524463735,671
rlgatnd,religion,AT,-0.06803167224450547,0.07712809796863664,-0.025732618696474738,0.5041843466770848,5.412721893491124,3.2544378698224854,1.2903347781018786,0.6579842240487876,676
rlgatnd,religion,BE,-0.009561473585503282,0.8037382295588282,-0.002713354184279459,0.9437787848179048,6.169616519174041,3.2772861356932155,1.3310817339348642,0.5672892948068692,678
rlgatnd,religion,BG,-0.06786823357192569,0.07895458465800825,-0.06725113970272321,0.08172315852707902,5.311475409836065,3.1669150521609537,1.249418754021999,0.6316355388727933,671
rlgatnd,religion,CH,0.028450907257456456,0.4592107795550067,0.046538686419549884,0.22585337092638544,5.718703976435935,3.27540500736377,1.3244203159506232,0.5715724618015932,679
rlgatnd,religion,CY,-0.005618895366721224,0.884232915378863,-0.017199503878409187,0.6557928477817021,4.311572700296736,3.2626112759643915,1.3869320761522028,0.6002943856242866,674
rlgatnd,religion,DE,-0.07368657053982978,0.05478379394481532,-0.06738518543661594,0.07909625971826272,6.047058823529412,3.1720588235294116,1.2235382415930998,0.6126659165102956,680
rlgatnd,religion,EE,-0.06995542705759608,0.06788325411327656,-0.06422710192756402,0.09374740948328011,6.008797653958944,3.1202346041055717,1.086526220446807,0.6321545128684952,682
rlgatnd,religion,ES,-0.02617499892485828,0.4968800823786001,-0.024619403386111204,0.5228120594219463,5.844674556213017,3.2707100591715976,1.518620635534159,0.5804979461112709,676
rlgatnd,religion,FI,-0.008311129393471227,0.8284797012181817,-0.037394721304814284,0.3295018983545347,5.847507331378299,3.2008797653958942,1.1496923948327165,0.6313859916070322,682
rlgatnd,religion,FR,-0.044386602881551655,0.25017917557754943,-0.061065043976824905,0.1134906322919353,6.161961367013373,3.166419019316493,1.264997065564274,0.5867600074173375,673
rlgatnd,religion,GB,-0.03445103673569459,0.37149819063503653,-0.014018452392579095,0.7161919016685239,5.894814814814815,3.2044444444444444,1.5424420172683297,0.6557061415114441,675
rlgatnd,religion,GR,-0.020846437029693667,0.5887410954658512,-0.00867231198308628,0.8220571462620991,4.5377777777777775,3.22962962962963,1.2019930695590768,0.6131683145027147,675
rlgatnd,religion,HR,-0.010015781910470395,0.7947651846103015,0.001532059190421493,0.968261067607294,4.967503692762186,3.2304283604135895,1.4232250864869793,0.6154485252576647,677
rlgatnd,religion,HU,-0.04599378506280859,0.23411869347317626,-0.022281072297838926,0.5645091291296345,5.5618479880774965,3.225037257824143,1.4461391257025504,0.6022586518136619,671
rlgatnd,religion,IE,-0.0541083909431595,0.16088212673619856,-0.025904940575904565,0.5022870417831932,4.881129271916791,3.261515601783061,1.652239795518452,0.6338342952371087,673
rlgatnd,religion,IL,-0.06106948124963203,0.1123935425390183,-0.06290995474380738,0.10195190872018844,5.131462333825701,3.2481536189069424,1.982654014511023,0.5630514286258091,677
rlgatnd,religion,IS,0.03593407543389884,0.350535825587502,0.008487454934900432,0.8255340541258434,6.1063515509601185,3.152141802067947,1.1642751054624134,0.9209345285621183,677
rlgatnd,religion,IT,0.014751261014105215,0.7031033108275899,0.0447440518667086,0.24744083613073062,4.686567164179104,3.2119402985074625,1.617440034064058,0.6582856722774468,670
rlgatnd,religion,LT,0.006377170762494354,0.8690338773652702,0.013781840850025217,0.7215773259357261,5.1385991058122205,3.2421758569299555,1.1820234883891592,0.589581717715198,671
rlgatnd,religion,LV,-0.02364803230040165,0.5435962300980093,-0.028515121623386673,0.46390112173365017,5.7990936555891235,3.1661631419939575,1.2239908042734928,0.6219899430291839,662
rlgatnd,religion,ME,-0.05534023657892217,0.1546358993368721,-0.06093373857914316,0.11700583262812486,4.251885369532428,3.271493212669683,1.6766276500374848,0.5753381006763016,663
rlgatnd,religion,NL,0.034705271737491314,0.3658487566576937,0.039120587098208724,0.3080108680533229,6.168869309838473,3.1997063142437594,1.4529786997793914,0.6717404318183352,681
rlgatnd,religion,NO,0.022942219336125728,0.5539008095743939,-0.022608183363197337,0.5596883833088991,6.06437125748503,3.25,1.1898068052315585,0.7277432204442366,668
rlgatnd,religion,PL,-0.0005216266428302042,0.989295859156639,-0.0029872024577320922,0.9387588156809532,4.370481927710843,3.2289156626506026,1.4833726226175,0.610620952496403,664
rlgatnd,religion,PT,0.043751247440612186,0.2538616083196027,0.03611869752144132,0.3462840300775324,5.265395894428153,3.2346041055718473,1.6733917227361137,0.6325290624497966,682
rlgatnd,religion,RS,0.027843986458920108,0.4704973457095836,0.008905787284417436,0.817483312598111,5.08753709198813,3.265578635014837,1.1779520543959847,0.6039265086366821,674
rlgatnd,religion,SE,0.0436215790426737,0.2577353110858648,0.01989678982283661,0.6058357295169179,6.045925925925926,3.277037037037037,1.1718611691860674,0.650489514457003,675
rlgatnd,religion,SI,0.015144815132798008,0.6932006205941117,0.027085577229981197,0.480402364134197,5.427312775330397,3.195301027900147,1.394659974572579,0.6382708295825532,681
rlgatnd,religion,SK,-0.03269645756409567,0.3984798592652837,-0.03685462797077225,0.341205044749028,4.7040358744394615,3.2511210762331837,1.6746610628296714,0.6090776122250842,669
rlgatnd,religion,UA,0.029505136799931202,0.44680871578000814,0.020328302710542298,0.6002262832043045,4.95952023988006,3.265367316341829,1.4673150933928407,0.5953145192989439,667
aesfdrk,safety,AT,0.04326987574611511,0.2594789806550746,0.021576823169513173,0.5740483596536846,1.7738619676945668,3.016152716593245,0.7408011789956982,0.20587803398769547,681
aesfdrk,safety,BE,0.02803855405992774,0.4667382644119981,0.027778845085079877,0.4708772362590535,1.9718934911242603,3.021153846153846,0.7547047264954744,0.16815997674172584,676
aesfdrk,safety,BG,0.08379480813077131,0.02985666880531671,0.11321621707445027,0.0032938987268026714,2.4717261904761907,2.9672619047619047,0.8592989184940006,0.19409986331023527,672
aesfdrk,safety,CH,0.05917982320453248,0.12369303411404706,0.030341935640664976,0.43024045656542587,1.6430678466076696,3.0848082595870205,0.6849537379703904,0.2923786346294962,678
aesfdrk,safety,CY,-0.01455206300924229,0.7052569421751329,-0.015027113222332108,0.6961058387175852,2.215339233038348,3.0390855457227137,0.8066932630465005,0.21472469763173496,678
aesfdrk,safety,DE,-0.021440495705399295,0.577597009924452,-0.017713057159619947,0.645469991553475,1.9158050221565732,3.028803545051699,0.763634340318968,0.21306557478628887,677
aesfdrk,safety,EE,0.0460663655904571,0.22957274923848314,0.05207503518781071,0.17434523705052776,1.752199413489736,3.075219941348974,0.6356072874862875,0.2613958268224127,682
aesfdrk,safety,ES,-0.0571334471639231,0.13666313077879533,-0.07285306287091824,0.05759025254310617,1.8794117647058823,3.0308823529411764,0.763790027266921,0.21827908588470332,680
aesfdrk,safety,FI,-0.007621786431810627,0.8421690252140158,-0.014352640627180453,0.7076769701514334,1.6379562043795621,3.0708029197080293,0.6261984284261259,0.2882089742824812,685
aesfdrk,safety,FR,0.012088027302191029,0.7537348321834787,0.018400692774233056,0.6329541207754664,1.9571005917159763,3.014792899408284,0.8621728942015897,0.20313130584962424,676
aesfdrk,safety,GB,-0.007769170723173092,0.840442070491994,-0.0286521365682795,0.45770906905171627,1.9881305637982196,2.992581602373887,0.78612129673503,0.13608246348285408,674
aesfdrk,safety,GR,0.03890583987841191,0.3103197185389796,0.03981246816828578,0.29917128358088296,2.196480938416422,3.0219941348973607,0.8375121839271539,0.2727735609088519,682
aesfdrk,safety,HR,0.016773544018536108,0.6635534594414557,0.006535407995546762,0.865417539552964,1.6014814814814815,3.0165925925925925,0.6256136672979324,0.20690657506609844,675
aesfdrk,safety,HU,0.04881000279688373,0.20431715888639018,0.03620559065108135,0.3465481081603252,1.8672566371681416,2.971976401179941,0.6053102008143799,0.17387558848053344,678
aesfdrk,safety,IE,-0.01203007599064287,0.7552301475189204,-0.013743705912734359,0.7217193380476731,1.9183976261127595,3.0044510385756675,0.8072037010028094,0.11555568236570182,674
aesfdrk,safety,IL,-0.0003586795168380228,0.9925455549403808,-0.011817979626911087,0.7581995854073795,2.001468428781204,3.0616740088105727,0.8702590313937457,0.2905615547571227,681
aesfdrk,safety,IS,-0.027274835346353356,0.47798941960763325,-0.019357634372724045,0.6145903998195601,1.4403534609720177,3.1620029455081,0.6509968702141082,0.3687251336430726,679
aesfdrk,safety,IT,-0.024490738506040825,0.5259119607807924,-0.024591433813566505,0.5242112503103435,2.2288261515601784,3.0208023774145616,0.7818255238806602,0.1712557207777346,673
aesfdrk,safety,LT,0.020227126828509714,0.6009510309483248,0.00965353311948378,0.8028955445992391,2.107302533532042,3.017138599105812,0.6738995646698611,0.19337113843468762,671
aesfdrk,safety,LV,0.02815305067555597,0.4699343072100041,0.02095396711686308,0.5907398425358089,2.1149773071104385,3.0098335854765508,0.7738742798409856,0.19143034849483026,661
aesfdrk,safety,ME,0.011118304444561298,0.7762316538594538,0.0058235994065815,0.8816532798888408,1.9283536585365855,3.019817073170732,0.6580477974602755,0.19435694732948802,656
aesfdrk,safety,NL,0.037894607761287544,0.3241437130173575,0.02855846670542734,0.4575141778289838,1.8217967599410898,3.0436671575846836,0.6623429940887086,0.17827330108147693,679
aesfdrk,safety,NO,0.00851314387613014,0.8241236300434072,-0.010962249567084257,0.7747370090685154,1.4166666666666667,3.1141812865497074,0.6077223878812301,0.35610640800477217,684
aesfdrk,safety,PL,0.0015504421320967866,0.9680235427748417,0.0052750059400446915,0.8915144156133274,1.7645305514157974,3.0007451564828616,0.6019815873661789,0.18827428158700368,671
aesfdrk,safety,PT,-0.03177536214948401,0.40807581189169284,-0.03630047515127319,0.34457180783458785,2.0161764705882352,3.023529411764706,0.6787561816180585,0.22252907477214423,680
aesfdrk,safety,RS,-0.05211790320138847,0.1768685276414416,-0.05587904109783808,0.14759902081487805,1.7043090638930163,3.0178306092124814,0.7441813012292577,0.13243390472687006,673
aesfdrk,safety,SE,-0.007384862360111393,0.8474572584969849,0.005723245082941517,0.8814901004897312,1.6505139500734214,3.0837004405286343,0.7344689158896042,0.2926277370399118,681
aesfdrk,safety,SI,0.07519051277574174,0.05068913564132996,0.0666847842325341,0.0831802230687921,1.5857988165680474,3.0187869822485207,0.601262460271661,0.18876363948930963,676
aesfdrk,safety,SK,0.023994550794698498,0.5364747691123629,0.021871920878241115,0.573124943493974,2.189189189189189,2.970720720720721,0.698184716237912,0.19650729980913376,666
aesfdrk,safety,UA,-0.05173712645496205,0.19115357346507672,-0.03442139792636249,0.3846527355719287,2.071875,2.8921875,0.817161151436998,0.3346474974870347,640
hincfel,income,AT,-0.01261867460045337,0.742378842048337,0.010066519364111244,0.7931520633635503,1.854625550660793,2.9530102790014685,0.7362543613327515,0.2614898741939187,681
hincfel,income,BE,-0.11182460479085622,0.0037015389549645756,-0.08511818148116371,0.0273550989554499,1.7604166666666667,2.96875,0.8265590276139714,0.22623646018390245,672
hincfel,income,BG,0.011882484670176793,0.7570947479270256,0.007848253832998843,0.838131541128303,2.536764705882353,2.927941176470588,0.855615499333358,0.33338783521626836,680
hincfel,income,CH,0.007122530451429441,0.8536735689255602,0.0005929484952666949,0.9877499049270976,1.576523031203566,2.989598811292719,0.715796534227588,0.15634969047897276,673
hincfel,income,CY,-0.024005719922811475,0.5396829570799212,-0.030118652128013818,0.44157996260783866,2.0916030534351147,2.952671755725191,0.8783009529227641,0.3017097670415366,655
hincfel,income,DE,-0.02924366540186583,0.44678892710579526,-0.055771927429349846,0.1465748708711102,1.5758468335787923,2.933726067746686,0.6605663611692588,0.31204358539589777,679
hincfel,income,EE,-0.07422435506800422,0.05268473182395822,-0.06150388975786839,0.10854770116370843,1.9281524926686218,2.9794721407624634,0.6870732926390029,0.2017275243570456,682
hincfel,income,ES,0.0006869357973186211,0.985713434312196,-0.004692826087411155,0.9026379716782245,1.848973607038123,2.942815249266862,0.8141951707675587,0.28872547596629605,682
hincfel,income,FI,-0.025710293547949507,0.5039223654069585,-0.020668669306353867,0.5910990178569522,1.8008849557522124,2.9852507374631267,0.6680285475667774,0.17124320545074104,678
hincfel,income,FR,-0.009102866305472484,0.8129733934759552,-0.0050279945245481706,0.8960281802026333,1.7123893805309736,2.920353982300885,0.7240497559181347,0.34310924108933266,678
hincfel,income,GB,0.014599068702810792,0.7066541796971852,0.013275439909510566,0.7321792708018275,1.8065967016491755,2.9430284857571216,0.8418938454556677,0.3238170489170162,667
hincfel,income,GR,0.030582307268782725,0.42762370209625244,0.04133448528933319,0.28355416534414996,2.4755555555555557,2.9451851851851854,0.7668451174934486,0.29073694314036724,675
hincfel,income,HR,-0.0034425527604281313,0.9288109204453678,-0.0006120183502146393,0.9873277087390802,1.8357988165680474,2.959319526627219,0.7762909617167019,0.2857900990490088,676
hincfel,income,HU,-0.05978795981509372,0.12097552022288938,-0.04381380907573027,0.25599557555822405,2.2195845697329375,2.893175074183976,0.6997149532977959,0.39744467096730146,674
hincfel,income,IE,0.03288184023308872,0.3933397016918313,0.06073471132036629,0.11464910148567523,1.8461538461538463,2.9837278106508878,0.848528137423857,0.1756301075900386,676
hincfel,income,IL,0.009000205483519038,0.8196769416762755,-0.015356771287677711,0.6972931599694877,1.9627329192546583,2.9658385093167703,0.8967763158080527,0.2273946262038535,644
hincfel,income,IS,0.01001665815811415,0.794747629814985,0.006084513725623477,0.8744384945639472,1.484490398818316,2.9881831610044314,0.7186105400463237,0.18001259525310054,677
hincfel,income,IT,-0.01578232858144648,0.68659584304917,-0.021473602529975093,0.5830006730202927,1.8978658536585367,2.972560975609756,0.7638362521805472,0.23282564836340658,656
hincfel,income,LT,-0.08001482715846242,0.03839751431852799,-0.08169809164101544,0.03449056838347744,1.9865671641791045,2.9805970149253733,0.6968636812537593,0.1923334843412577,670
hincfel,income,LV,-0.03945311172601379,0.3085925085841188,-0.03887645369253133,0.3157226653578497,2.5269461077844313,2.938622754491018,0.7940133666863437,0.30606937150115504,668
hincfel,income,ME,0.08407602377637696,0.03501754746475686,0.05751721171802912,0.14962763535593732,2.5659777424483305,2.9896661367249604,1.0130611393767295,0.15290618813691254,629
hincfel,income,NL,0.018495288063513624,0.6317143182923899,0.006848547108252082,0.8591386949456385,1.3946587537091988,2.984421364985163,0.6298904024027971,0.20967116521366685,674
hincfel,income,NO,-0.011861684619246448,0.7578535997989417,-0.004830495865447283,0.9000903711024427,1.508849557522124,2.9852507374631267,0.6628425678850104,0.17124320545074104,678
hincfel,income,PL,-0.059787687206417056,0.12070072840047848,-0.055706093220157085,0.1482537745847224,1.9348148148148148,2.9340740740740743,0.5543620546303863,0.3089090027062369,675
hincfel,income,PT,-0.054671638038934156,0.1544163127796234,-0.052037232418640784,0.17529433315566256,2.2985294117647057,2.9676470588235295,0.8323348721157007,0.24054502208455236,680
hincfel,income,RS,-0.008226799769203093,0.8313047259132912,-0.007649379542826331,0.8429855455533491,1.9673105497771173,2.947994056463596,0.7650093682268513,0.2705258106915791,673
hincfel,income,SE,0.009620810282339836,0.802688497243016,0.005630133346321824,0.8837460218074018,1.3604135893648448,3.0124815361890693,0.6057650600527703,0.11536558188657119,677
hincfel,income,SI,-0.008553172362275856,0.8239489524818918,-0.041361031995986654,0.28181761569562663,1.5287187039764358,2.972017673048601,0.7298825877134523,0.22547339837443864,679
hincfel,income,SK,0.06253827260080687,0.10425286297796259,0.056137095885970704,0.14483690991711737,2.2781065088757395,2.914940828402367,0.7941601446218011,0.35768618075198594,676
hincfel,income,UA,0.02678397936279066,0.49049693174419595,0.02739766206359792,0.48060925410323924,2.9278195488721805,2.8917293233082706,0.9055845299486549,0.3603138509717628,665
