variable,domain,cntry,country_name,survey_mean,survey_sd,silicon_mean,silicon_sd,model
ppltrst,social_trust,AT,Austria,6.071829184018286,2.0976862462724717,6.517543859649122,1.5798833628595579,qwen
ppltrst,social_trust,BE,Belgium,5.458173187943939,2.195522494698598,6.829428989751098,1.453269383909334,qwen
ppltrst,social_trust,BG,Bulgaria,3.728913646176717,2.3711881162028385,6.380847953216374,1.74281167798759,qwen
ppltrst,social_trust,CH,Switzerland,5.855593288087151,2.1151913454264175,7.050366032210834,1.3915262030381814,qwen
ppltrst,social_trust,CY,Cyprus,4.092466358118389,2.456123517842882,6.561911764705883,1.891000122939477,qwen
ppltrst,social_trust,DE,Germany,5.213421360673227,2.329440069370058,6.714494875549049,1.514023644591235,qwen
ppltrst,social_trust,EE,Estonia,5.597881429421257,1.9956320359719784,7.264379562043796,1.2227442898709806,qwen
ppltrst,social_trust,ES,Spain,5.30377052791885,2.170845887878443,6.427525622254758,1.7221442502369138,qwen
ppltrst,social_trust,FI,Finland,6.920840954305089,1.8140828898597425,7.216496350364964,1.259805744355078,qwen
ppltrst,social_trust,FR,France,4.472588263453334,2.150595521187708,6.7716788321167884,1.5703160972359673,qwen
ppltrst,social_trust,GB,United Kingdom,5.418093170478824,2.2752091003472237,6.402639296187684,1.658429829585097,qwen
ppltrst,social_trust,GR,Greece,4.5659732232376244,1.9203750141942668,6.560672514619883,1.6017158125378042,qwen
ppltrst,social_trust,HR,Croatia,4.710634171131117,2.3881561272203213,6.64714494875549,1.7165154008012253,qwen
ppltrst,social_trust,HU,Hungary,4.5774672280159825,2.4378724365986537,6.6106569343065695,1.7406190521666256,qwen
ppltrst,social_trust,IE,Ireland,5.414850386746617,2.381842777024013,6.68081991215227,1.5822599473015162,qwen
ppltrst,social_trust,IL,Israel,5.174017172464776,2.389764509965967,6.927859237536657,1.6187188215773114,qwen
ppltrst,social_trust,IS,Iceland,6.354200470157306,2.061858353889841,6.94692082111437,1.4952290910885542,qwen
ppltrst,social_trust,IT,Italy,4.498938379325662,2.3475202051401065,6.279648609077599,1.7373704790080635,qwen
ppltrst,social_trust,LT,Lithuania,5.1342718600800605,2.4545179848769294,6.56158357771261,1.661260021824309,qwen
ppltrst,social_trust,LV,Latvia,3.853969529445196,2.5315340747124133,6.564212076583211,1.6844247258402743,qwen
ppltrst,social_trust,ME,Montenegro,4.214523037104412,2.5013155012698616,6.722873900293255,1.680030053204474,qwen
ppltrst,social_trust,NL,Netherlands,6.1705777782591795,1.958424103278812,7.258187134502925,1.2052740082299809,qwen
ppltrst,social_trust,NO,Norway,6.4876535997464035,1.9510974667031853,7.305588235294118,1.2092176445085043,qwen
ppltrst,social_trust,PL,Poland,4.5337215889785645,2.3334421200904445,6.835139092240117,1.6404243879883929,qwen
ppltrst,social_trust,PT,Portugal,4.15405019735004,2.4020558131627445,6.267203513909224,1.8908970697306822,qwen
ppltrst,social_trust,RS,Serbia,4.4015442985461535,2.769641531820987,6.309809663250366,1.7159012556508086,qwen
ppltrst,social_trust,SE,Sweden,6.173553003500404,2.0369372146641576,7.1840643274853795,1.2923336860237031,qwen
ppltrst,social_trust,SI,Slovenia,4.671985358795646,2.386686330953043,6.740350877192982,1.6602343833320818,qwen
ppltrst,social_trust,SK,Slovakia,4.032077870148862,2.846323197813735,6.392375366568915,1.8669316278963153,qwen
ppltrst,social_trust,UA,Ukraine,3.823509033700963,2.792401452672258,5.63533724340176,1.8850982097888742,qwen
pplfair,social_trust,AT,Austria,6.356658702906922,2.007590140567435,6.998686131386862,0.8333586114747218,qwen
pplfair,social_trust,BE,Belgium,5.898274055320637,2.038526524185433,7.076788321167884,0.8929065279746043,qwen
pplfair,social_trust,BG,Bulgaria,4.28774413732007,2.2021907496756565,7.022043795620439,0.8555777934543644,qwen
pplfair,social_trust,CH,Switzerland,6.400660288273514,1.8848948256164268,7.180000000000001,0.87859204219489,qwen
pplfair,social_trust,CY,Cyprus,4.423461465515083,2.2078122491415186,7.056642335766424,0.8976433386427711,qwen
pplfair,social_trust,DE,Germany,6.186403696050097,1.9898562079629318,7.014306569343066,0.7773284166176752,qwen
pplfair,social_trust,EE,Estonia,6.111731028208338,2.0677934266941755,7.248175182481752,0.7288040140556706,qwen
pplfair,social_trust,ES,Spain,5.541573467263106,2.1802436948843513,6.99970802919708,0.892987578420448,qwen
pplfair,social_trust,FI,Finland,7.084249691343838,1.7336838763693212,7.158394160583941,0.894724820952794,qwen
pplfair,social_trust,FR,France,6.088517879920214,1.9971480895774854,7.021021897810218,0.9875077057005835,qwen
pplfair,social_trust,GB,United Kingdom,5.981753215098941,2.1060601678344897,6.973722627737226,0.969209456070139,qwen
pplfair,social_trust,GR,Greece,4.935914237527794,2.005204614994723,7.0372262773722625,0.8158702972890658,qwen
pplfair,social_trust,HR,Croatia,5.182213320213709,2.439485398002121,6.997080291970803,0.8714897514134221,qwen
pplfair,social_trust,HU,Hungary,5.124484568640466,2.073835982532519,7.108759124087591,0.8682571819450914,qwen
pplfair,social_trust,IE,Ireland,6.168494894931351,2.106787750467679,7.069343065693431,0.8350475389867218,qwen
pplfair,social_trust,IL,Israel,5.314318458840991,2.3022335286898072,7.125547445255474,0.8339497016225259,qwen
pplfair,social_trust,IS,Iceland,6.576929478670769,1.9072991814569054,7.143503649635036,0.883228718764513,qwen
pplfair,social_trust,IT,Italy,4.588315451551168,2.2539241028190062,7.1065693430656935,0.8615575094218809,qwen
pplfair,social_trust,LT,Lithuania,5.4409183956236085,2.235114984941725,7.04963503649635,0.8746865844363176,qwen
pplfair,social_trust,LV,Latvia,5.663738367059401,2.247497646406504,7.157372262773723,0.7946966669770141,qwen
pplfair,social_trust,ME,Montenegro,4.36938040692145,2.2653311034681702,7.028467153284671,0.9475999928034172,qwen
pplfair,social_trust,NL,Netherlands,6.542182923142853,1.634480715869356,7.231824817518248,0.8080608321454009,qwen
pplfair,social_trust,NO,Norway,6.757639034501647,1.8971193298633304,7.187007299270073,0.7840463020433247,qwen
pplfair,social_trust,PL,Poland,5.225422873831028,2.2838780429825127,7.081021897810219,0.8059113513562959,qwen
pplfair,social_trust,PT,Portugal,5.2347667924699675,2.2103944076408926,6.989489051094891,0.9917527761286546,qwen
pplfair,social_trust,RS,Serbia,4.739201854594089,2.8499587721633626,6.999270072992701,0.8858451832289028,qwen
pplfair,social_trust,SE,Sweden,6.592569867878159,1.8020303379041651,7.212992700729926,0.8607714180647317,qwen
pplfair,social_trust,SI,Slovenia,5.418600199352892,2.258280124051613,7.084671532846715,0.8219299168119049,qwen
pplfair,social_trust,SK,Slovakia,4.8643116719235655,2.5431197557800247,7.0150364963503655,0.9669502942101453,qwen
pplfair,social_trust,UA,Ukraine,4.693212458739193,2.43492351369049,6.864766081871345,1.0354201886983507,qwen
pplhlp,social_trust,AT,Austria,6.318627057316925,2.061005753294836,6.510898379970544,1.4320083839775632,qwen
pplhlp,social_trust,BE,Belgium,5.060544624005849,2.1956473479694956,6.719236417033772,1.3974546204022562,qwen
pplhlp,social_trust,BG,Bulgaria,3.550500715225844,2.3080899941553548,6.629325513196482,1.4090401903621854,qwen
pplhlp,social_trust,CH,Switzerland,5.8985149650676005,1.884854676878496,6.755783308931187,1.2962412703590318,qwen
pplhlp,social_trust,CY,Cyprus,4.108040391083219,2.1954327810505894,6.719941348973607,1.4431003486355174,qwen
pplhlp,social_trust,DE,Germany,5.359509661907016,2.0965802980361574,6.467302052785925,1.3920166947204722,qwen
pplhlp,social_trust,EE,Estonia,5.026836971472983,2.0167271854085875,6.884750733137829,1.2009305053765413,qwen
pplhlp,social_trust,ES,Spain,4.799287732107402,2.2984435948613826,6.611290322580644,1.4035946428590929,qwen
pplhlp,social_trust,FI,Finland,6.367163416606128,1.957104421735069,6.845668135095448,1.2975937691372146,qwen
pplhlp,social_trust,FR,France,4.606344443975376,2.24002307315973,6.705116959064328,1.336398917001771,qwen
pplhlp,social_trust,GB,United Kingdom,5.990719000699621,1.942504544742161,6.462170087976539,1.4896530005575739,qwen
pplhlp,social_trust,GR,Greece,4.337120313457906,1.9778120001939348,6.699117647058823,1.3522247367638653,qwen
pplhlp,social_trust,HR,Croatia,4.343355311541862,2.4112502202938684,6.653225806451613,1.397889064745835,qwen
pplhlp,social_trust,HU,Hungary,4.605214910806596,2.2470109750370364,6.566959064327485,1.5315487882711278,qwen
pplhlp,social_trust,IE,Ireland,5.939084968682108,2.240485078040839,6.703681885125183,1.2357869211894386,qwen
pplhlp,social_trust,IL,Israel,5.100096960518647,2.336648940608769,6.859356725146199,1.315584097745817,qwen
pplhlp,social_trust,IS,Iceland,6.299077774742755,1.791363854697011,6.820735294117648,1.338881356844898,qwen
pplhlp,social_trust,IT,Italy,4.184164039738798,2.273457502775936,6.616593245227606,1.3927662362072868,qwen
pplhlp,social_trust,LT,Lithuania,5.032521343524122,2.3988190229998003,6.660557184750733,1.3517644901436077,qwen
pplhlp,social_trust,LV,Latvia,4.838484340024971,2.2962432351850475,6.777092511013217,1.258396881173334,qwen
pplhlp,social_trust,ME,Montenegro,4.194717188555699,2.2559179621884984,6.683847283406754,1.385928399876603,qwen
pplhlp,social_trust,NL,Netherlands,5.65817291172352,1.7643307067812635,6.9178623718887255,1.170671711749521,qwen
pplhlp,social_trust,NO,Norway,6.003298800640809,1.9932155036957901,6.959530791788856,1.178305516884716,qwen
pplhlp,social_trust,PL,Poland,4.546993964205541,2.4182053882140755,6.680673499267935,1.4363447877347182,qwen
pplhlp,social_trust,PT,Portugal,4.213744814045952,2.1791089434587874,6.567107195301028,1.5094034666903924,qwen
pplhlp,social_trust,RS,Serbia,3.72835672703553,2.720929475579113,6.628508771929824,1.3460391866027646,qwen
pplhlp,social_trust,SE,Sweden,5.946359746894595,1.936482154823752,6.729325513196482,1.4301933418972248,qwen
pplhlp,social_trust,SI,Slovenia,5.349566794505421,2.236529461060724,6.667642752562226,1.4167798898739905,qwen
pplhlp,social_trust,SK,Slovakia,4.195429337358618,2.5609256122451742,6.490204678362572,1.5692993332325365,qwen
pplhlp,social_trust,UA,Ukraine,4.165704117573958,2.6358905892713516,6.346774193548387,1.6165162153038835,qwen
sclmeet,social_trust,AT,Austria,4.97855907049627,1.1862131472556947,3.7927007299270072,0.7220053130014975,qwen
sclmeet,social_trust,BE,Belgium,5.115008561601236,1.4064923799551072,3.8128467153284675,0.7760551663421231,qwen
sclmeet,social_trust,BG,Bulgaria,4.99618382149749,1.6848498871293636,3.798832116788321,0.825240586657969,qwen
sclmeet,social_trust,CH,Switzerland,5.120404033218849,1.3015620048223844,3.8854014598540147,0.7392049769523215,qwen
sclmeet,social_trust,CY,Cyprus,4.063565729120625,1.6808260299062987,3.8715328467153283,0.7577039903579176,qwen
sclmeet,social_trust,DE,Germany,4.750274005473209,1.4910419350395807,3.8773722627737226,0.6815222792145381,qwen
sclmeet,social_trust,EE,Estonia,4.268464111365069,1.5064569734447395,3.8408759124087593,0.728147005806615,qwen
sclmeet,social_trust,ES,Spain,5.250413100298126,1.4669300296384136,3.9065693430656934,0.8006945431298753,qwen
sclmeet,social_trust,FI,Finland,4.91015506669888,1.3723429550400144,3.8802919708029195,0.7150061767265198,qwen
sclmeet,social_trust,FR,France,5.227998279869101,1.4417715646805522,3.883503649635036,0.7749208516845767,qwen
sclmeet,social_trust,GB,United Kingdom,4.825888880970069,1.545839796639787,3.824561403508772,0.7869240378329138,qwen
sclmeet,social_trust,GR,Greece,4.23068100764633,1.5663897051020776,3.9079678362573103,0.720144238127166,qwen
sclmeet,social_trust,HR,Croatia,5.355922756611965,1.5433309288591155,3.8605839416058396,0.7324314294625525,qwen
sclmeet,social_trust,HU,Hungary,3.4073398053512745,1.5184246921707605,3.8445255474452553,0.7916707948211109,qwen
sclmeet,social_trust,IE,Ireland,4.3086014206280145,1.5764076371688671,3.783941605839416,0.7492914368947841,qwen
sclmeet,social_trust,IL,Israel,5.37946729389215,1.566948729077005,3.9656934306569345,0.7501888608413649,qwen
sclmeet,social_trust,IS,Iceland,5.278807458651748,1.4394663497959697,3.9423357664233576,0.742872824442324,qwen
sclmeet,social_trust,IT,Italy,4.706546679320957,1.5752412935391051,3.8842335766423357,0.7860346504308691,qwen
sclmeet,social_trust,LT,Lithuania,4.364283230788744,1.5622693395152705,3.7927007299270072,0.8025575926662522,qwen
sclmeet,social_trust,LV,Latvia,4.3429616960030435,1.6424937139788904,3.7898975109809663,0.8355203594201196,qwen
sclmeet,social_trust,ME,Montenegro,4.834985214387212,1.6015829359800529,3.834306569343066,0.7369168778262591,qwen
sclmeet,social_trust,NL,Netherlands,5.398005102386256,1.2576971589608217,3.867883211678832,0.6858782633882637,qwen
sclmeet,social_trust,NO,Norway,5.688076208039842,1.3525075883274424,3.8985401459854017,0.740632079649816,qwen
sclmeet,social_trust,PL,Poland,3.896722824683607,1.4430229733040592,3.8931185944363103,0.7451678720053551,qwen
sclmeet,social_trust,PT,Portugal,5.685409759425016,1.576563523208556,3.8204379562043798,0.7839898971231316,qwen
sclmeet,social_trust,RS,Serbia,5.185660516605247,1.5942757921749648,3.82992700729927,0.7997043462729848,qwen
sclmeet,social_trust,SE,Sweden,5.514484949240079,1.3608053671737674,3.86029197080292,0.706403399327634,qwen
sclmeet,social_trust,SI,Slovenia,4.631734240685188,1.4881140484001878,3.884333821376281,0.7771124571758189,qwen
sclmeet,social_trust,SK,Slovakia,4.72857259415562,1.5838908117692216,3.8625730994152048,0.737096785419783,qwen
sclmeet,social_trust,UA,Ukraine,4.403961647625363,1.7492302415514074,3.6486131386861316,0.8398962467963993,qwen
inprdsc,social_trust,AT,Austria,3.118780630553028,1.1742953866443435,2.8408759124087593,0.5456573299372613,qwen
inprdsc,social_trust,BE,Belgium,3.249005581858395,1.392119874792085,2.8715328467153283,0.4662512099774979,qwen
inprdsc,social_trust,BG,Bulgaria,2.077287035540825,1.2654833628886588,2.7912408759124085,0.5762698224514602,qwen
inprdsc,social_trust,CH,Switzerland,3.5672430918798415,1.2546165765107025,2.8788321167883213,0.5086144832132243,qwen
inprdsc,social_trust,CY,Cyprus,2.429658750415173,1.2914148054142078,2.7854014598540147,0.5690019149683345,qwen
inprdsc,social_trust,DE,Germany,3.508134966369809,1.1978906541310246,2.8248175182481754,0.5228382144823307,qwen
inprdsc,social_trust,EE,Estonia,2.5808046896837573,1.3664122962604637,2.8364963503649636,0.5589353800969192,qwen
inprdsc,social_trust,ES,Spain,2.889223323462987,1.3851422121984767,2.872992700729927,0.5324971034205924,qwen
inprdsc,social_trust,FI,Finland,3.2591695206650804,1.2740084057461003,2.835036496350365,0.5163399137785166,qwen
inprdsc,social_trust,FR,France,2.834623969006955,1.4605348263872133,2.8394160583941606,0.5411917843080858,qwen
inprdsc,social_trust,GB,United Kingdom,3.16034956015881,1.3832269727107982,2.8627737226277374,0.5285707446094877,qwen
inprdsc,social_trust,GR,Greece,2.3001774709007434,1.208559756779504,2.845255474452555,0.5742998283340495,qwen
inprdsc,social_trust,HR,Croatia,2.2941152783671246,1.422859648476235,2.8423357664233575,0.5338980874641153,qwen
inprdsc,social_trust,HU,Hungary,2.598329752384808,1.230743088053047,2.8248175182481754,0.5960127041870094,qwen
inprdsc,social_trust,IE,Ireland,2.7380058098736266,1.332686531536047,2.8306569343065693,0.5163357802649511,qwen
inprdsc,social_trust,IL,Israel,2.4812293357499633,1.4132878598805871,2.875912408759124,0.5050223704507941,qwen
inprdsc,social_trust,IS,Iceland,3.671481858006674,1.317456305642698,2.886131386861314,0.5059850103169772,qwen
inprdsc,social_trust,IT,Italy,2.183433433926192,1.2779320478931364,2.8014598540145985,0.5632489038593942,qwen
inprdsc,social_trust,LT,Lithuania,2.1369766166296262,1.3544109428510231,2.821897810218978,0.5518066192947825,qwen
inprdsc,social_trust,LV,Latvia,1.8116237136593292,1.2881659791877138,2.8627737226277374,0.5001472442942747,qwen
inprdsc,social_trust,ME,Montenegro,2.1663481487525504,1.1666499399605834,2.832116788321168,0.5010127618236264,qwen
inprdsc,social_trust,NL,Netherlands,3.7088828570517682,1.283208311296253,2.9036496350364964,0.49800901244870033,qwen
inprdsc,social_trust,NO,Norway,3.227762827620148,1.4498231395247019,2.896350364963504,0.5009360768484508,qwen
inprdsc,social_trust,PL,Poland,3.1281270388376403,1.4096043170643204,2.835036496350365,0.5675935712429815,qwen
inprdsc,social_trust,PT,Portugal,2.2558309190788615,1.3613593845490315,2.754744525547445,0.6103362608464705,qwen
inprdsc,social_trust,RS,Serbia,2.567237857631098,1.4134188192546682,2.7766423357664234,0.5604226127934246,qwen
inprdsc,social_trust,SE,Sweden,3.8066124907958425,1.2668089879502242,2.8773722627737226,0.5376188432100857,qwen
inprdsc,social_trust,SI,Slovenia,2.795537682887412,1.3412053782065898,2.837956204379562,0.4970867449422365,qwen
inprdsc,social_trust,SK,Slovakia,1.9473222705088136,1.1682652569916379,2.8043795620437955,0.5616741648126043,qwen
inprdsc,social_trust,UA,Ukraine,2.211819332304769,1.3882518522667766,2.756204379562044,0.5902300713410783,qwen
stfdem,political,AT,Austria,5.795551925183848,2.5244039995514704,6.617518248175182,1.2017225581460809,qwen
stfdem,political,BE,Belgium,5.182805903196197,2.3865646291443854,6.788321167883212,1.0813453888174502,qwen
stfdem,political,BG,Bulgaria,3.345957593389132,2.389999712039281,6.447368421052632,1.3910429128165183,qwen
stfdem,political,CH,Switzerland,7.56247036533076,1.683445748396554,6.934306569343065,0.9295693176972598,qwen
stfdem,political,CY,Cyprus,4.406779475086675,2.347149478693197,6.221167883211679,1.7224197015265386,qwen
stfdem,political,DE,Germany,5.545818977658347,2.7185355902907555,6.861313868613139,1.0783114490568249,qwen
stfdem,political,EE,Estonia,5.22721288753493,2.5582260200437856,7.077372262773722,0.8087598531744231,qwen
stfdem,political,ES,Spain,4.778082098901733,2.5349581336364486,6.527046783625731,1.3061682891438768,qwen
stfdem,political,FI,Finland,6.741465913056558,1.9636296674315314,6.973722627737226,0.9860333192026932,qwen
stfdem,political,FR,France,4.305012268811358,2.514246595893705,6.74014598540146,1.1952916802518652,qwen
stfdem,political,GB,United Kingdom,4.494947856238885,2.617061205631026,6.442335766423358,1.4188436641280944,qwen
stfdem,political,GR,Greece,4.182779495226115,2.157520501595945,6.583941605839416,1.163795563466454,qwen
stfdem,political,HR,Croatia,4.472592596383696,2.5378221319688405,6.4225146198830405,1.4564911378488414,qwen
stfdem,political,HU,Hungary,4.382887230671318,2.6638131065423503,6.431286549707602,1.385857488271549,qwen
stfdem,political,IE,Ireland,5.78448915317907,2.27866079594196,6.574452554744526,1.368079564747451,qwen
stfdem,political,IL,Israel,4.252040313322515,2.747872552070624,6.779562043795621,1.2411757940652866,qwen
stfdem,political,IS,Iceland,5.8824026600111425,2.272405652680811,6.890510948905109,1.092764829443035,qwen
stfdem,political,IT,Italy,5.130815160709393,2.0846916209904416,6.514598540145985,1.34390219910457,qwen
stfdem,political,LT,Lithuania,4.574857355022262,2.410861600256052,6.605109489051095,1.259137431469637,qwen
stfdem,political,LV,Latvia,4.246869083229774,2.4390267760652473,6.53036496350365,1.2998022840870904,qwen
stfdem,political,ME,Montenegro,4.176534491636248,2.5802896568015807,6.5992700729927005,1.2248938580561377,qwen
stfdem,political,NL,Netherlands,5.936205591465354,2.078408741443333,6.925547445255474,0.982450480656182,qwen
stfdem,political,NO,Norway,7.2146975468472805,2.082614524813177,6.99021897810219,0.9488562421951786,qwen
stfdem,political,PL,Poland,5.138550427476645,2.3767364162321356,6.575182481751825,1.2315172156020562,qwen
stfdem,political,PT,Portugal,4.685337986277323,2.3915689544469387,6.1401459854014595,1.6483848134695331,qwen
stfdem,political,RS,Serbia,3.8520056691404525,3.0167915835283035,6.309941520467836,1.4669578873077558,qwen
stfdem,political,SE,Sweden,6.567043743724975,2.175495957021821,7.059124087591241,0.8471274772133967,qwen
stfdem,political,SI,Slovenia,4.919733489476906,2.3452548113037253,6.586861313868613,1.3270585640778718,qwen
stfdem,political,SK,Slovakia,4.9175346771760795,2.678245139306602,6.233576642335766,1.4968913876277752,qwen
stfdem,political,UA,Ukraine,2.92444960662641,2.63422996055466,4.945906432748538,1.8935811038336967,qwen
polintr,political,AT,Austria,2.4547384937785983,0.9451535772834191,2.8715328467153283,0.383685746684692,qwen
polintr,political,BE,Belgium,2.6600712960145447,0.9266514161485133,2.9167883211678833,0.3551149519566468,qwen
polintr,political,BG,Bulgaria,2.9004839639486617,0.8905590486262941,2.8627737226277374,0.4172815286617554,qwen
polintr,political,CH,Switzerland,2.4221674153798274,0.9169166691677192,2.924087591240876,0.32456123045822616,qwen
polintr,political,CY,Cyprus,2.9759581549872625,0.9464163962391792,2.846715328467153,0.45387401562549956,qwen
polintr,political,DE,Germany,2.335726481029816,0.9106218676205067,2.927007299270073,0.30672378606947787,qwen
polintr,political,EE,Estonia,2.6443262976892985,0.850185551151809,2.9313868613138685,0.3415119086433901,qwen
polintr,political,ES,Spain,2.7485941425241296,1.0134610620130429,2.8802919708029195,0.40857751668813114,qwen
polintr,political,FI,Finland,2.2407843653101502,0.7790287075638991,2.9635036496350367,0.24805557067244316,qwen
polintr,political,FR,France,2.658759358424714,0.9653820372660329,2.9124087591240877,0.3392986521661442,qwen
polintr,political,GB,United Kingdom,2.5110910387053975,0.9914488060551393,2.848175182481752,0.45597113600377215,qwen
polintr,political,GR,Greece,2.9002046633846286,0.9639196736010638,2.908029197080292,0.34029106782604596,qwen
polintr,political,HR,Croatia,3.0240396648267,0.9305850782478338,2.846715328467153,0.4441054967408699,qwen
polintr,political,HU,Hungary,2.7535411258208278,0.9198558225391383,2.854014598540146,0.4315778541943684,qwen
polintr,political,IE,Ireland,2.6359165070327637,0.9657476643159857,2.846715328467153,0.4273286898799554,qwen
polintr,political,IL,Israel,2.447442839207694,1.0230894939105857,2.9167883211678833,0.3751353251082964,qwen
polintr,political,IS,Iceland,2.405532385956208,0.9176495535120655,2.9386861313868615,0.29475140064904415,qwen
polintr,political,IT,Italy,3.00708233065885,0.8432736383469229,2.843795620437956,0.4430854923031935,qwen
polintr,political,LT,Lithuania,2.7693064441571806,0.7601246187742123,2.818978102189781,0.49788042651868547,qwen
polintr,political,LV,Latvia,2.9474422149150334,0.8112785985044871,2.8364963503649636,0.4519088676062505,qwen
polintr,political,ME,Montenegro,2.956087586463116,0.846965603333293,2.8875912408759126,0.3868158468035795,qwen
polintr,political,NL,Netherlands,2.3430692690137467,0.8498537288249974,2.913868613138686,0.3492227128639994,qwen
polintr,political,NO,Norway,2.514350938533622,0.7965049246631382,2.9547445255474454,0.2692774615597282,qwen
polintr,political,PL,Poland,2.5559100924678884,0.8306258933227216,2.921167883211679,0.3581610473084827,qwen
polintr,political,PT,Portugal,2.8194495263177086,1.0126034640312167,2.754744525547445,0.5655782636883091,qwen
polintr,political,RS,Serbia,3.0522158755558984,0.8908439581576322,2.8306569343065693,0.4990578907628784,qwen
polintr,political,SE,Sweden,2.1705131773500685,0.8234276538579621,2.9401459854014598,0.30718964131807636,qwen
polintr,political,SI,Slovenia,2.7169428484465956,0.8737747745474248,2.8364963503649636,0.4709198278585076,qwen
polintr,political,SK,Slovakia,2.779801422127224,0.8472630479734179,2.8248175182481754,0.44750461820901166,qwen
polintr,political,UA,Ukraine,2.7396657538670346,0.9256292617482332,2.6978102189781024,0.6334334123703262,qwen
psppipla,political,AT,Austria,2.3485664758821696,0.8566886458081991,3.394160583941606,0.5600969036037953,qwen
psppipla,political,BE,Belgium,2.13617152706481,0.9075557836275948,3.5189781021897812,0.5693862560548089,qwen
psppipla,political,BG,Bulgaria,1.6942362499739123,0.87775771429061,3.4423357664233576,0.6259171782246198,qwen
psppipla,political,CH,Switzerland,2.925982779006587,0.9852906409289107,3.509635036496351,0.6059601736945941,qwen
psppipla,political,CY,Cyprus,1.8534503490367205,1.0127843077196175,3.4145985401459855,0.6162445385432761,qwen
psppipla,political,DE,Germany,2.487903050233573,0.9385560771030744,3.430875912408759,0.5979001687344977,qwen
psppipla,political,EE,Estonia,2.1195243542575155,0.8833491059661029,3.564087591240876,0.6252678428941421,qwen
psppipla,political,ES,Spain,1.854915319379539,0.8454162917878774,3.4532846715328467,0.6438021079677815,qwen
psppipla,political,FI,Finland,2.719963352443456,0.8283100335192526,3.547226277372263,0.6380419722657888,qwen
psppipla,political,FR,France,2.040170208005676,0.9328773538672157,3.464963503649635,0.6053599819366958,qwen
psppipla,political,GB,United Kingdom,2.0858582660203373,0.8307741434463174,3.4175182481751825,0.6070850940646814,qwen
psppipla,political,GR,Greece,2.0439646230330513,0.976032462119943,3.413795620437956,0.5570023824673991,qwen
psppipla,political,HR,Croatia,1.646717445797756,0.7626765159029129,3.466788321167883,0.6130368923991059,qwen
psppipla,political,HU,Hungary,1.8850817858135287,0.8625218071784286,3.391897810218978,0.6067330945494185,qwen
psppipla,political,IE,Ireland,2.1853015288609527,0.9155474991392569,3.4284671532846716,0.5830135596094844,qwen
psppipla,political,IL,Israel,2.0573491368573285,1.018262378135492,3.5210948905109487,0.5668055542284888,qwen
psppipla,political,IS,Iceland,2.641453267592207,0.8256936225348067,3.5564963503649634,0.5993156321675123,qwen
psppipla,political,IT,Italy,1.7604583386620682,0.7721640887631731,3.3556934306569346,0.6156793846704977,qwen
psppipla,political,LT,Lithuania,2.0074403120569206,0.932473464394509,3.4305109489051095,0.5924134417093841,qwen
psppipla,political,LV,Latvia,1.8076589637221125,0.9176440352175285,3.4385401459854017,0.6243622947193642,qwen
psppipla,political,ME,Montenegro,2.1042526405745456,0.8978556808468559,3.435766423357664,0.5857390526163077,qwen
psppipla,political,NL,Netherlands,2.4346389167639173,0.9230480100889776,3.4991970802919705,0.5505274695492541,qwen
psppipla,political,NO,Norway,2.9425643516761286,0.914134339029534,3.5155474452554745,0.5869274237439691,qwen
psppipla,political,PL,Poland,2.1159541509433017,0.8349147296022332,3.45,0.6321665151872382,qwen
psppipla,political,PT,Portugal,1.8339098330735701,0.9171098485792573,3.337956204379562,0.5917477565955487,qwen
psppipla,political,RS,Serbia,1.9334856238883207,1.0320658031992804,3.39058394160584,0.5951212054337802,qwen
psppipla,political,SE,Sweden,2.827382571754578,0.8860823668252509,3.4856204379562046,0.5909909179325477,qwen
psppipla,political,SI,Slovenia,2.1128622969847135,0.8172903125787805,3.4693430656934305,0.631595265579377,qwen
psppipla,political,SK,Slovakia,1.9541371691670721,0.8752626607263215,3.4,0.5433005048741362,qwen
psppipla,political,UA,Ukraine,1.6709499625586026,0.956887839658614,3.1813868613138685,0.5172820083309606,qwen
psppsgva,political,AT,Austria,2.3193966188741926,0.8703880846344457,3.6132846715328464,0.6960930122542094,qwen
psppsgva,political,BE,Belgium,2.1530505361912753,0.877857985500819,3.691532846715328,0.7235702685265194,qwen
psppsgva,political,BG,Bulgaria,2.0502500126245597,1.1437354898071712,3.656058394160584,0.7370196003648607,qwen
psppsgva,political,CH,Switzerland,3.209170347803247,0.9722550592682613,3.753576642335766,0.6987287299446855,qwen
psppsgva,political,CY,Cyprus,1.85783217801057,0.9686134761632819,3.6498538011695905,0.7694667254353159,qwen
psppsgva,political,DE,Germany,2.493363160809412,0.9732761550528409,3.6076642335766422,0.7249745536709234,qwen
psppsgva,political,EE,Estonia,2.222444075016699,0.941670031874551,3.744817518248175,0.7283062363880102,qwen
psppsgva,political,ES,Spain,2.079969878203989,0.9585821864542219,3.6350364963503647,0.7227092506304114,qwen
psppsgva,political,FI,Finland,2.463346166400832,0.8097329921150951,3.7664233576642334,0.7098180901407408,qwen
psppsgva,political,FR,France,2.1188535078790895,0.8996060982621074,3.716788321167883,0.7623802123399447,qwen
psppsgva,political,GB,United Kingdom,2.1788336277011933,0.8723528492925318,3.6032116788321167,0.6723365627902257,qwen
psppsgva,political,GR,Greece,2.037766829714706,1.0304042697617966,3.6524817518248174,0.6830506272515526,qwen
psppsgva,political,HR,Croatia,1.6457884669787406,0.7858366327570453,3.642043795620438,0.7409977652716768,qwen
psppsgva,political,HU,Hungary,2.0079709396734056,0.9855327170227215,3.6543065693430656,0.737150943881216,qwen
psppsgva,political,IE,Ireland,2.272287546382416,0.9500184958503455,3.640875912408759,0.6999952740573078,qwen
psppsgva,political,IL,Israel,1.962432274318939,1.026544621885484,3.7489051094890513,0.6762595772604097,qwen
psppsgva,political,IS,Iceland,2.5959422073897698,0.8513607807991915,3.7065693430656936,0.7086768392638995,qwen
psppsgva,political,IT,Italy,1.733402885908017,0.7654992145531224,3.5827737226277367,0.672992716007921,qwen
psppsgva,political,LT,Lithuania,2.2035638846258188,0.9667174956064883,3.6025547445255475,0.7648223709202411,qwen
psppsgva,political,LV,Latvia,1.8709990652235167,0.9648869301716746,3.6182481751824818,0.7294172730351774,qwen
psppsgva,political,ME,Montenegro,2.1775768149696137,0.8816083473708743,3.675912408759124,0.7024940476996228,qwen
psppsgva,political,NL,Netherlands,2.520502740655418,0.9263930468303992,3.7409489051094895,0.659920785618947,qwen
psppsgva,political,NO,Norway,2.8546836195152268,0.8551573318979147,3.7754744525547443,0.638102966542784,qwen
psppsgva,political,PL,Poland,2.259208424818116,0.9025109685040982,3.7124087591240875,0.7634989148031723,qwen
psppsgva,political,PT,Portugal,2.0314592692315667,0.9777170630242956,3.5386131386861313,0.6977733827588808,qwen
psppsgva,political,RS,Serbia,1.8554453058006242,1.0459064012863455,3.545620437956204,0.733878247819497,qwen
psppsgva,political,SE,Sweden,2.688588773731168,0.8934600691065927,3.7331386861313867,0.6655887687608697,qwen
psppsgva,political,SI,Slovenia,2.138670135863047,0.8468801031590536,3.712700729927007,0.7384584699009635,qwen
psppsgva,political,SK,Slovakia,2.02825644229242,0.9418627230925746,3.6105109489051093,0.7493899284520218,qwen
psppsgva,political,UA,Ukraine,1.7997523689337624,1.0063426365249366,3.340643274853801,0.6661993301739746,qwen
vote,political,AT,Austria,1.4202873512065668,0.6806730157849747,2.089051094890511,0.6207520943099377,qwen
vote,political,BE,Belgium,1.413311668096829,0.7089552675012378,2.1535087719298245,0.6412852885410842,qwen
vote,political,BG,Bulgaria,1.4058867101339767,0.5828174405368405,2.1169590643274856,0.6248200617742754,qwen
vote,political,CH,Switzerland,1.6999926450149614,0.8052753904767375,2.1489051094890512,0.6031249989632661,qwen
vote,political,CY,Cyprus,1.4236270426582018,0.6575703228270299,2.0583941605839415,0.6596829754025996,qwen
vote,political,DE,Germany,1.4305384836356427,0.7306502543828278,2.075912408759124,0.6444233955905031,qwen
vote,political,EE,Estonia,1.4174322919734064,0.6684332691569346,2.153284671532847,0.640843182559599,qwen
vote,political,ES,Spain,1.4089006433180842,0.6866424014985538,2.062773722627737,0.6581703439442341,qwen
vote,political,FI,Finland,1.2529287707994166,0.5442255754737033,2.124087591240876,0.631127917665594,qwen
vote,political,FR,France,1.554019677771938,0.6616693323123516,2.1708029197080294,0.6477762888986436,qwen
vote,political,GB,United Kingdom,1.4672826493792912,0.6932364331852772,2.0905109489051097,0.664897126510511,qwen
vote,political,GR,Greece,1.232173417380769,0.4933527832093489,2.091970802919708,0.6343088509902175,qwen
vote,political,HR,Croatia,1.3539780715927674,0.5915865530678587,2.110948905109489,0.6856591603906423,qwen
vote,political,HU,Hungary,1.2924385527277875,0.5615534844061386,2.091970802919708,0.6766855059775445,qwen
vote,political,IE,Ireland,1.4484250557271259,0.7020988432406423,2.075912408759124,0.660113133517054,qwen
vote,political,IL,Israel,1.2961812404391788,0.5421408039889731,2.0875912408759123,0.5808147704595539,qwen
vote,political,IS,Iceland,1.4089402091609768,0.7380294053147957,2.064233576642336,0.608388873489301,qwen
vote,political,IT,Italy,1.4355640139885806,0.6264534338962391,2.078832116788321,0.6349276627921482,qwen
vote,political,LT,Lithuania,1.4429952465372058,0.5931433860880534,2.156204379562044,0.6514560069015863,qwen
vote,political,LV,Latvia,1.4710760530067304,0.6572433744685899,2.14014598540146,0.6562185502366182,qwen
vote,political,ME,Montenegro,1.198507287997163,0.4255208007070601,2.113868613138686,0.6656991314320968,qwen
vote,political,NL,Netherlands,1.3596921163576228,0.675726359077966,2.132116788321168,0.6000650922987589,qwen
vote,political,NO,Norway,1.4074217859684182,0.740602560367155,2.0875912408759123,0.6360796016005296,qwen
vote,political,PL,Poland,1.1775046661209774,0.4509355592446268,2.1211678832116787,0.6742366982616663,qwen
vote,political,PT,Portugal,1.3813554891435997,0.6147119517505549,2.102189781021898,0.6609919837085763,qwen
vote,political,RS,Serbia,1.2796658373067689,0.515551203038103,2.1503649635036495,0.6639334418034072,qwen
vote,political,SE,Sweden,1.2362824552327312,0.6038970756726667,2.1357664233576643,0.6537942817936301,qwen
vote,political,SI,Slovenia,1.3025095754173568,0.587194935817487,2.116788321167883,0.6651923767670669,qwen
vote,political,SK,Slovakia,1.3356493718574676,0.5944632166755749,2.167883211678832,0.634870515251629,qwen
vote,political,UA,Ukraine,1.3967110796934978,0.5634271961748842,2.040875912408759,0.676306915920042,qwen
actrolga,efficacy,AT,Austria,2.360062191223054,1.0669795296795501,3.040875912408759,0.39524859756614444,qwen
actrolga,efficacy,BE,Belgium,2.115275861331064,1.0246591138385353,3.1313868613138687,0.43288637962331394,qwen
actrolga,efficacy,BG,Bulgaria,1.9029019506952891,1.17280912478623,3.016058394160584,0.4695763887688886,qwen
actrolga,efficacy,CH,Switzerland,2.338362606230354,1.110605461537031,3.0773722627737228,0.47894143459042376,qwen
actrolga,efficacy,CY,Cyprus,2.0119500942718256,1.0928138722798841,3.026277372262774,0.5094530482117721,qwen
actrolga,efficacy,DE,Germany,2.1704045969903616,1.0348641553008593,3.1023391812865495,0.4171229938061998,qwen
actrolga,efficacy,EE,Estonia,2.0453270269830695,1.0188764821747993,3.141605839416058,0.5090758648994876,qwen
actrolga,efficacy,ES,Spain,1.8949374822903193,1.0498830321174317,3.0554744525547446,0.41866533062649935,qwen
actrolga,efficacy,FI,Finland,2.4156188644937275,1.0507217265960367,3.1664233576642338,0.4698944407189068,qwen
actrolga,efficacy,FR,France,2.075695473266248,1.094205195368371,3.0963503649635036,0.40760474905340593,qwen
actrolga,efficacy,GB,United Kingdom,2.2689636323061086,1.0995314617436351,3.0437956204379564,0.43374833600446167,qwen
actrolga,efficacy,GR,Greece,2.185392249640713,1.0278805398620388,3.0496350364963503,0.44967891202150906,qwen
actrolga,efficacy,HR,Croatia,1.784089368311354,1.0468308823450982,3.0335766423357664,0.42958523656780123,qwen
actrolga,efficacy,HU,Hungary,1.9633041840322543,1.0113249410044443,3.0496350364963503,0.4464158905198839,qwen
actrolga,efficacy,IE,Ireland,2.3037648462898677,1.1069928781223484,3.051094890510949,0.4763587504300533,qwen
actrolga,efficacy,IL,Israel,2.11740885990875,1.1727991176975374,3.1474452554744525,0.5327134956210364,qwen
actrolga,efficacy,IS,Iceland,2.6080921197716784,1.087945761044902,3.2,0.42509028968674983,qwen
actrolga,efficacy,IT,Italy,1.822327627454578,0.877476527617054,3.016058394160584,0.41327277015313885,qwen
actrolga,efficacy,LT,Lithuania,1.963838594140131,0.9733989143686933,3.075912408759124,0.5073330030091565,qwen
actrolga,efficacy,LV,Latvia,1.5356942878819717,0.7097815735878821,3.040875912408759,0.4758118246476176,qwen
actrolga,efficacy,ME,Montenegro,2.1225811349452295,0.9421551463710266,3.0087591240875913,0.38225906920246616,qwen
actrolga,efficacy,NL,Netherlands,2.0780062524434406,1.0888467240634798,3.1605839416058394,0.41856718567398177,qwen
actrolga,efficacy,NO,Norway,2.6076304127676564,1.0947123476303535,3.1861313868613137,0.4752934584034835,qwen
actrolga,efficacy,PL,Poland,2.090930901431472,1.0154541129838304,3.115328467153285,0.4151534823187912,qwen
actrolga,efficacy,PT,Portugal,1.7593740788367676,1.018211503462485,3.0306569343065695,0.513496505707321,qwen
actrolga,efficacy,RS,Serbia,1.9132144482547229,1.1688216569656082,3.0321637426900585,0.4000226890725007,qwen
actrolga,efficacy,SE,Sweden,2.6423151680584636,1.0918545427669148,3.2145985401459853,0.45796079692298286,qwen
actrolga,efficacy,SI,Slovenia,1.9712686705573756,0.9928447281360491,3.035036496350365,0.4208719785757655,qwen
actrolga,efficacy,SK,Slovakia,1.868476483742559,0.9199427236111426,3.024817518248175,0.3834631782184405,qwen
actrolga,efficacy,UA,Ukraine,1.748233991574511,1.0118794778870175,2.9007299270072995,0.534277720667721,qwen
cptppola,efficacy,AT,Austria,2.722022452632956,1.199636203824149,3.0985401459854014,0.4146416407838321,qwen
cptppola,efficacy,BE,Belgium,2.0443776544450745,1.0290845112164275,3.2204379562043797,0.4981161420340452,qwen
cptppola,efficacy,BG,Bulgaria,2.1144918277283926,1.121158813098891,3.141605839416058,0.539742511678689,qwen
cptppola,efficacy,CH,Switzerland,2.7075158443151643,1.0614031466929674,3.2072992700729928,0.46839202299683624,qwen
cptppola,efficacy,CY,Cyprus,2.0561790016847135,1.0973285271190274,3.151824817518248,0.530102907059798,qwen
cptppola,efficacy,DE,Germany,2.5743790612120034,1.0734208741676388,3.1627737226277373,0.4898095015886298,qwen
cptppola,efficacy,EE,Estonia,1.877113993648144,0.9196848483145372,3.258686131386861,0.5843985481145333,qwen
cptppola,efficacy,ES,Spain,2.214110323875781,1.1775444561554924,3.1664233576642338,0.5029557914057583,qwen
cptppola,efficacy,FI,Finland,2.2865465020469147,0.9576168280041062,3.2532846715328465,0.5302337417502073,qwen
cptppola,efficacy,FR,France,2.180147948320813,0.9874977948773156,3.1883211678832115,0.5168315658516054,qwen
cptppola,efficacy,GB,United Kingdom,2.3165698562125576,1.0783771745967745,3.12992700729927,0.5093231610515808,qwen
cptppola,efficacy,GR,Greece,2.315689573550337,1.0390720058075422,3.1054744525547444,0.3954085362388935,qwen
cptppola,efficacy,HR,Croatia,1.8203510539105203,0.9374764043066067,3.1496350364963503,0.5241428658294311,qwen
cptppola,efficacy,HU,Hungary,1.9002890329608977,0.9599319264575873,3.1343065693430656,0.4831121629789341,qwen
cptppola,efficacy,IE,Ireland,2.249292472554973,1.1144628393846572,3.124087591240876,0.49626168986853875,qwen
cptppola,efficacy,IL,Israel,2.110375003285951,1.1794141012883828,3.2627737226277373,0.5706013165655903,qwen
cptppola,efficacy,IS,Iceland,2.7486483449941344,1.0369140807170711,3.2865693430656937,0.5779025873975359,qwen
cptppola,efficacy,IT,Italy,2.0131524448099043,0.8602533569512344,3.0948905109489053,0.47883892954809126,qwen
cptppola,efficacy,LT,Lithuania,1.9640952699623115,0.9666747400226601,3.1445255474452556,0.5280051429658811,qwen
cptppola,efficacy,LV,Latvia,1.6006501763635819,0.8271079292850201,3.116058394160584,0.5394161854695688,qwen
cptppola,efficacy,ME,Montenegro,2.160782232706074,1.0329913248927622,3.1284671532846717,0.4693763600924828,qwen
cptppola,efficacy,NL,Netherlands,2.101668153905468,1.0765970118124921,3.2145985401459853,0.5527099831163376,qwen
cptppola,efficacy,NO,Norway,2.6187482792528947,1.0727982194528864,3.2583941605839417,0.5417702108545284,qwen
cptppola,efficacy,PL,Poland,1.9300081759179204,0.9226357826378481,3.1693430656934307,0.443201082337718,qwen
cptppola,efficacy,PT,Portugal,1.7280164727772018,0.9490430688999286,3.0686131386861315,0.5098090206601102,qwen
cptppola,efficacy,RS,Serbia,1.8995170692372243,1.1386062417072487,3.0832116788321167,0.48100913400673423,qwen
cptppola,efficacy,SE,Sweden,2.6529324090450634,1.057827280494317,3.291970802919708,0.5347648543413094,qwen
cptppola,efficacy,SI,Slovenia,1.9722416237706597,0.9637675445306043,3.145985401459854,0.5149823420779281,qwen
cptppola,efficacy,SK,Slovakia,1.621899790036209,0.8634200998321819,3.10985401459854,0.460891561312077,qwen
cptppola,efficacy,UA,Ukraine,1.7252724626659504,1.0353239048795415,3.0423976608187133,0.4926553798881465,qwen
trstprl,inst_trust,AT,Austria,5.242175927592053,2.4357773830496763,5.453676470588236,1.9154786943753985,qwen
trstprl,inst_trust,BE,Belgium,4.628179646810118,2.363716331922886,5.847953216374269,1.7837673518699835,qwen
trstprl,inst_trust,BG,Bulgaria,2.4551554799166544,2.142437615449954,4.8343151693667155,2.011988573157378,qwen
trstprl,inst_trust,CH,Switzerland,6.496425585697865,1.876302887388109,6.220351390922401,1.5700118215303762,qwen
trstprl,inst_trust,CY,Cyprus,3.8560576559990563,2.4132199456623815,4.980994152046784,2.1224426258015407,qwen
trstprl,inst_trust,DE,Germany,4.800677929707122,2.7016964652482187,5.929307805596466,1.6850491159340353,qwen
trstprl,inst_trust,EE,Estonia,4.665463052878149,2.5884915895988727,6.205710102489019,1.5875467206740752,qwen
trstprl,inst_trust,ES,Spain,4.285837270813649,2.644755321087217,5.344525547445255,1.9542246824152523,qwen
trstprl,inst_trust,FI,Finland,6.529776970284798,2.021074645456615,5.915812591508053,1.7389825892644741,qwen
trstprl,inst_trust,FR,France,4.252820714733623,2.5048193897715083,5.6864904552129225,1.8404426066877784,qwen
trstprl,inst_trust,GB,United Kingdom,3.8178911865183927,2.554935518140703,5.137426900584796,2.0431229044173893,qwen
trstprl,inst_trust,GR,Greece,3.1793160783535845,2.134711582927409,4.963343108504398,1.9577338549612393,qwen
trstprl,inst_trust,HR,Croatia,2.9156645471949654,2.495127922675425,4.826951399116347,1.9970172409036255,qwen
trstprl,inst_trust,HU,Hungary,4.585530523962645,2.91040181403758,4.667400881057269,2.0382072210211484,qwen
trstprl,inst_trust,IE,Ireland,4.970725946358056,2.320439923925165,5.221407624633431,1.9537859811974214,qwen
trstprl,inst_trust,IL,Israel,3.8246940387324297,2.716653532252178,4.899707174231333,1.9743145146329624,qwen
trstprl,inst_trust,IS,Iceland,5.359657982892509,2.2975318085254752,5.9566813509544785,1.7162596556658924,qwen
trstprl,inst_trust,IT,Italy,4.445538313930969,2.391832372995066,4.9678362573099415,1.9588715480645273,qwen
trstprl,inst_trust,LT,Lithuania,3.7015054407031442,2.5598784163179604,5.096774193548387,1.9687771733577462,qwen
trstprl,inst_trust,LV,Latvia,3.085455968220223,2.4264638758674892,5.115271659324523,1.974916667915467,qwen
trstprl,inst_trust,ME,Montenegro,4.129466068560609,2.4463912606990545,5.123529411764705,1.9604422006549027,qwen
trstprl,inst_trust,NL,Netherlands,5.233150010344147,2.1241407487756607,5.7325036603221085,1.7357287459965238,qwen
trstprl,inst_trust,NO,Norway,6.3778614703226735,2.448114306931588,6.16593567251462,1.6251664184047065,qwen
trstprl,inst_trust,PL,Poland,3.925013781281735,2.6525205010712836,4.712719298245614,1.8697716140963117,qwen
trstprl,inst_trust,PT,Portugal,4.406812631092893,2.6392617809490924,4.956076134699853,2.075263571586923,qwen
trstprl,inst_trust,RS,Serbia,4.139536965942952,3.11180706192086,4.4662756598240465,1.9508363883374753,qwen
trstprl,inst_trust,SE,Sweden,6.243150550294175,2.1840669503513883,6.200292397660819,1.5608965876776777,qwen
trstprl,inst_trust,SI,Slovenia,4.143335995733991,2.44690284252444,5.243777452415813,1.9617534552082871,qwen
trstprl,inst_trust,SK,Slovakia,4.244871028022013,2.6559370223511354,4.589705882352941,1.9494827459343755,qwen
trstprl,inst_trust,UA,Ukraine,2.154783571969598,2.560212225230448,3.502202643171806,1.6821933756239213,qwen
trstplt,inst_trust,AT,Austria,3.759807007815198,2.5517147541887493,4.792521994134898,1.9130864968551393,qwen
trstplt,inst_trust,BE,Belgium,4.0912119142117565,2.3030896924496074,5.0900439238653,1.9559714938800576,qwen
trstplt,inst_trust,BG,Bulgaria,2.1475325125405034,2.043033768354063,4.3777614138438885,1.9953316450332648,qwen
trstplt,inst_trust,CH,Switzerland,5.589920851708134,1.9233925096008715,5.442982456140351,1.850082628754811,qwen
trstplt,inst_trust,CY,Cyprus,2.6828211384739284,2.2422617403612857,4.255847953216374,2.0820387182484628,qwen
trstplt,inst_trust,DE,Germany,3.8328900242318618,2.416750373184652,5.375549048316252,1.908048114870565,qwen
trstplt,inst_trust,EE,Estonia,3.568793977242785,2.3163644674991177,5.669106881405564,1.8675803952033456,qwen
trstplt,inst_trust,ES,Spain,2.703188652290895,2.356131769882449,4.294852941176471,1.9332117793812238,qwen
trstplt,inst_trust,FI,Finland,5.356354939762621,2.0401590612951246,5.41374269005848,1.9146926779055076,qwen
trstplt,inst_trust,FR,France,3.870814232958948,2.173635778622873,4.867302052785924,1.981834106457216,qwen
trstplt,inst_trust,GB,United Kingdom,3.0158032274748607,2.323845033474665,4.1522693997071745,1.8712847776611226,qwen
trstplt,inst_trust,GR,Greece,2.6916226846109907,1.9888520315402693,4.381323529411765,1.9143335046550698,qwen
trstplt,inst_trust,HR,Croatia,2.0635325844053702,2.1869972012597643,4.187865497076023,1.930380250521718,qwen
trstplt,inst_trust,HU,Hungary,4.097236675778126,2.7014218276436006,4.135233918128655,1.9487356950182375,qwen
trstplt,inst_trust,IE,Ireland,4.236359300463853,2.3611316025918088,4.294289897510981,1.8970372526979002,qwen
trstplt,inst_trust,IL,Israel,3.2341115093976076,2.4973458568954587,4.3240469208211145,1.9716737191458025,qwen
trstplt,inst_trust,IS,Iceland,4.523770015731723,2.220347967941023,5.217518248175183,1.9614671756178248,qwen
trstplt,inst_trust,IT,Italy,3.3494548812045486,2.3317383487922063,4.369276218611521,1.8534235655228366,qwen
trstplt,inst_trust,LT,Lithuania,3.400487282096519,2.327756603157886,4.6742647058823525,1.9594939506141087,qwen
trstplt,inst_trust,LV,Latvia,2.6659860661685597,2.240002528040905,4.691068814055637,1.9674087635919155,qwen
trstplt,inst_trust,ME,Montenegro,3.465533384712255,2.179659795186121,4.6678885630498534,1.909873395535997,qwen
trstplt,inst_trust,NL,Netherlands,4.811463308692996,2.0572352003160677,5.2555555555555555,1.8310598619358454,qwen
trstplt,inst_trust,NO,Norway,5.179298822506107,2.121172112973884,5.603216374269006,1.7692231894147281,qwen
trstplt,inst_trust,PL,Poland,2.8747644511024646,2.3577784249730933,4.36896046852123,1.8558862376702872,qwen
trstplt,inst_trust,PT,Portugal,2.8960445194558364,2.364964383248404,4.054014598540146,1.9457185941805117,qwen
trstplt,inst_trust,RS,Serbia,2.807561355103738,2.856745406722904,4.042772861356932,1.8502902431192647,qwen
trstplt,inst_trust,SE,Sweden,4.848564291664028,2.0135710530862836,5.734649122807017,1.8016946698705452,qwen
trstplt,inst_trust,SI,Slovenia,3.1784893447640648,2.269207551701215,4.741935483870968,1.9661528903408625,qwen
trstplt,inst_trust,SK,Slovakia,3.9693729450476685,2.584523458368587,3.9970717423133237,1.8529101085082522,qwen
trstplt,inst_trust,UA,Ukraine,1.962396981919774,2.3376603746548095,3.3744493392070485,1.642055481303756,qwen
trstlgl,inst_trust,AT,Austria,6.5286971443572615,2.377865984466505,6.962719298245614,1.2735623146934796,qwen
trstlgl,inst_trust,BE,Belgium,5.266169731715172,2.4785467994055304,7.206140350877193,1.04540702947989,qwen
trstlgl,inst_trust,BG,Bulgaria,3.875565887842884,2.91515080536421,6.520527859237537,1.5266658699175253,qwen
trstlgl,inst_trust,CH,Switzerland,6.9523468665135075,1.982959865644012,7.386695906432749,0.8725259377674238,qwen
trstlgl,inst_trust,CY,Cyprus,4.2943830474763836,2.632961859588091,6.606725146198831,1.6964820478546903,qwen
trstlgl,inst_trust,DE,Germany,6.025063268339777,2.3793754390666955,7.30425219941349,0.9173780461841814,qwen
trstlgl,inst_trust,EE,Estonia,6.267710745689831,2.4762551301101157,7.349706744868035,0.9832256403476088,qwen
trstlgl,inst_trust,ES,Spain,5.272403732506698,2.624309538411468,6.8618421052631575,1.3305697757654904,qwen
trstlgl,inst_trust,FI,Finland,7.3772855276226155,1.9124758052898003,7.353587115666179,1.004286057937708,qwen
trstlgl,inst_trust,FR,France,5.277578722328512,2.5140756806538884,7.109237536656892,1.2200068627903684,qwen
trstlgl,inst_trust,GB,United Kingdom,5.6163780941442445,2.521011371523573,6.766129032258065,1.4172979921660396,qwen
trstlgl,inst_trust,GR,Greece,5.246702680608762,2.5025338591575808,6.75402635431918,1.2376524625567389,qwen
trstlgl,inst_trust,HR,Croatia,3.1060360867847785,2.470375641568366,6.574561403508772,1.5998706794466937,qwen
trstlgl,inst_trust,HU,Hungary,5.413927522391459,2.801304195804185,6.616058394160584,1.527057789889158,qwen
trstlgl,inst_trust,IE,Ireland,5.69203320764676,2.396033627315256,6.792093704245974,1.3548962508045317,qwen
trstlgl,inst_trust,IL,Israel,4.48102706718821,2.8574560576316346,6.988217967599411,1.259129342713682,qwen
trstlgl,inst_trust,IS,Iceland,5.826511704694114,2.290303931244154,7.265739385065886,1.0851019261086872,qwen
trstlgl,inst_trust,IT,Italy,5.530528680908423,2.3101433585918305,6.7631578947368425,1.4284453758277982,qwen
trstlgl,inst_trust,LT,Lithuania,5.333041524038505,2.53083676667906,6.82043795620438,1.4456093378300887,qwen
trstlgl,inst_trust,LV,Latvia,4.138967022176612,2.66581072788196,6.7547723935389135,1.4356526440248651,qwen
trstlgl,inst_trust,ME,Montenegro,4.23413572231689,2.1759236559663613,6.660322108345534,1.444828338714377,qwen
trstlgl,inst_trust,NL,Netherlands,6.388762659695479,2.0597908065345725,7.4488304093567255,0.859627302135125,qwen
trstlgl,inst_trust,NO,Norway,7.3011783937619,2.191185770067164,7.412408759124087,0.8879015651505799,qwen
trstlgl,inst_trust,PL,Poland,4.021643146743594,2.525457601316737,6.8111273792093705,1.3101428320412194,qwen
trstlgl,inst_trust,PT,Portugal,4.435887011208429,2.4930759270446927,6.501464128843338,1.6649300249802919,qwen
trstlgl,inst_trust,RS,Serbia,4.272382534026924,3.0329847425670975,6.296052631578948,1.6605399385188535,qwen
trstlgl,inst_trust,SE,Sweden,6.422212816009448,2.215417878073363,7.470029239766082,0.883503938029825,qwen
trstlgl,inst_trust,SI,Slovenia,4.782517309791612,2.5380693623732102,6.957664233576643,1.4151293324099259,qwen
trstlgl,inst_trust,SK,Slovakia,5.15859064611645,2.6736842426754746,6.382309941520468,1.7587996498562322,qwen
trstlgl,inst_trust,UA,Ukraine,2.62570472401749,2.7208794816359383,4.779648609077599,2.0667338320761957,qwen
trstprt,inst_trust,AT,Austria,3.6963347780733735,2.4576851742054227,5.201756954612006,1.907785365921938,qwen
trstprt,inst_trust,BE,Belgium,3.901528783790737,2.198950818680616,5.504385964912281,1.9246367732100722,qwen
trstprt,inst_trust,BG,Bulgaria,2.2674519398970117,2.1398152506421457,4.947214076246334,2.0741042709544013,qwen
trstprt,inst_trust,CH,Switzerland,5.365733608710456,1.8908503187585053,5.793430656934307,1.8450662985743362,qwen
trstprt,inst_trust,CY,Cyprus,2.482863307998946,2.1835126229241606,4.779325513196481,2.1741501250217894,qwen
trstprt,inst_trust,DE,Germany,3.887155565743618,2.2491886771250265,5.736803519061583,1.8281556434796307,qwen
trstprt,inst_trust,EE,Estonia,3.6893980783220424,2.206886268768,6.117397660818714,1.70811643020765,qwen
trstprt,inst_trust,ES,Spain,2.6973428924841145,2.389649147738557,4.885964912280702,1.9822068181508483,qwen
trstprt,inst_trust,FI,Finland,5.434923773302382,1.9347737916257004,5.907624633431085,1.8900311754594814,qwen
trstprt,inst_trust,FR,France,3.47647353131399,2.0911343205670136,5.328193832599119,1.9415725427715187,qwen
trstprt,inst_trust,GB,United Kingdom,3.1850148949940458,2.348263095051111,4.806734992679356,1.9911788676662323,qwen
trstprt,inst_trust,GR,Greece,2.822445362838009,2.0601598484600308,4.856076134699853,1.9748203392952302,qwen
trstprt,inst_trust,HR,Croatia,2.1587417100304584,2.2333583748636854,4.828885630498534,2.028729394488926,qwen
trstprt,inst_trust,HU,Hungary,4.075109341052381,2.6270031356835526,4.817982456140351,2.137508852238046,qwen
trstprt,inst_trust,IE,Ireland,4.1739986092793675,2.2933948015392263,4.779648609077599,1.9712326686909976,qwen
trstprt,inst_trust,IL,Israel,3.3813375609355893,2.3700459503345623,5.266081871345029,2.0991433445547703,qwen
trstprt,inst_trust,IS,Iceland,4.525464685011454,2.1950486298837695,5.560205580029368,1.947483886219977,qwen
trstprt,inst_trust,IT,Italy,3.3610208793207383,2.3497735806666395,4.958590308370044,2.1017752463852313,qwen
trstprt,inst_trust,LT,Lithuania,3.2821173428708135,2.2763117265865733,5.008467153284672,2.0127847553842497,qwen
trstprt,inst_trust,LV,Latvia,2.525386270481844,2.2211609129739815,5.08389458272328,1.9641145843121917,qwen
trstprt,inst_trust,ME,Montenegro,3.711090386615508,2.31307033299726,4.956076134699853,2.0184930516287642,qwen
trstprt,inst_trust,NL,Netherlands,4.98058333512499,1.96243459082431,5.757309941520468,1.7327748590035363,qwen
trstprt,inst_trust,NO,Norway,5.3671595304269255,2.048502318553941,6.097947214076247,1.6936857453389418,qwen
trstprt,inst_trust,PL,Poland,2.91436556509795,2.379831825361464,4.992700729927007,1.9856810164029304,qwen
trstprt,inst_trust,PT,Portugal,2.902951409350657,2.3264527645400332,4.662701908957416,2.070135200361504,qwen
trstprt,inst_trust,RS,Serbia,2.7175046698677487,2.7055050189578025,4.761708394698085,2.0094116378134577,qwen
trstprt,inst_trust,SE,Sweden,4.999524367908062,1.9794609607411369,6.1405286343612335,1.6948197065711175,qwen
trstprt,inst_trust,SI,Slovenia,3.164576009060389,2.239666440421617,5.113304093567251,2.045589095542325,qwen
trstprt,inst_trust,SK,Slovakia,3.9660866445286804,2.5627466267439947,4.5227272727272725,1.9686969263378233,qwen
trstprt,inst_trust,UA,Ukraine,1.91796145354318,2.3487551677241822,3.6310395314787702,1.7792474116343135,qwen
trstplc,inst_trust,AT,Austria,7.048198702400107,2.3299292139289602,7.574561403508772,0.7968618615451131,qwen
trstplc,inst_trust,BE,Belgium,6.481846683689832,2.1348624084842096,7.5928362573099415,0.8408101942842545,qwen
trstplc,inst_trust,BG,Bulgaria,5.184958703759927,2.8147241541045096,7.364035087719298,1.1075775626709865,qwen
trstplc,inst_trust,CH,Switzerland,7.32249972900217,1.9502362133668902,7.756222547584187,0.6952510192192926,qwen
trstplc,inst_trust,CY,Cyprus,5.093593287394825,2.602201706540397,7.382137628111273,1.1422068462255222,qwen
trstplc,inst_trust,DE,Germany,7.004467206225458,2.112825816430906,7.651094890510949,0.7385695028724583,qwen
trstplc,inst_trust,EE,Estonia,7.451618857814621,2.145865473139831,7.717551622418879,0.6311242175523895,qwen
trstplc,inst_trust,ES,Spain,6.882325569432233,2.402605682884896,7.564963503649635,0.8186059360221073,qwen
trstplc,inst_trust,FI,Finland,8.36650961396084,1.4188422090457942,7.700729927007299,0.7719967607389093,qwen
trstplc,inst_trust,FR,France,6.521489045769595,2.2468552023670956,7.387994143484627,1.0892581025826236,qwen
trstplc,inst_trust,GB,United Kingdom,5.84353719624166,2.528930687537436,7.075912408759124,1.228649566963025,qwen
trstplc,inst_trust,GR,Greece,5.851565485960466,2.389356055870539,7.451683748169839,0.8885105363201456,qwen
trstplc,inst_trust,HR,Croatia,5.391691659108795,2.572495577309672,7.368421052631579,1.1831899054968962,qwen
trstplc,inst_trust,HU,Hungary,6.323114992395225,2.5514012895441174,7.402189781021898,1.1361592190129213,qwen
trstplc,inst_trust,IE,Ireland,6.34225194768484,2.417847478632362,7.3718887262079065,1.1605314433490148,qwen
trstplc,inst_trust,IL,Israel,4.731499091666773,2.803993866551745,7.558910162002945,0.9498048188876108,qwen
trstplc,inst_trust,IS,Iceland,6.880903752638397,2.286741214103045,7.574670571010249,0.8725126362456446,qwen
trstplc,inst_trust,IT,Italy,6.735453139431022,2.03696389366766,7.525697503671072,0.9109628823762735,qwen
trstplc,inst_trust,LT,Lithuania,6.840907731460925,2.3620641004973,7.4333821376281115,1.0973300623696476,qwen
trstplc,inst_trust,LV,Latvia,5.345565623059908,2.565313030311234,7.280058651026393,1.2812947733111524,qwen
trstplc,inst_trust,ME,Montenegro,5.33831741989394,2.289400230773549,7.284875183553598,1.185224112829822,qwen
trstplc,inst_trust,NL,Netherlands,7.031936952279682,1.6731356506046635,7.782894736842105,0.6919426135247758,qwen
trstplc,inst_trust,NO,Norway,7.497281115481987,2.131882331185733,7.789051094890511,0.5889676308529298,qwen
trstplc,inst_trust,PL,Poland,5.144209820314441,2.6126205890611636,7.466374269005848,0.9490895754542464,qwen
trstplc,inst_trust,PT,Portugal,6.35140123530796,2.37199949180341,7.344525547445255,1.147838020391771,qwen
trstplc,inst_trust,RS,Serbia,5.298439353393637,3.0755522567357465,7.119152046783626,1.3523143808871603,qwen
trstplc,inst_trust,SE,Sweden,7.010517082776527,2.0695476008677933,7.736803519061583,0.6354738905706481,qwen
trstplc,inst_trust,SI,Slovenia,6.298202965670212,2.39963246963771,7.436217008797654,1.1581768547362878,qwen
trstplc,inst_trust,SK,Slovakia,5.715810942457989,2.5968965560218478,7.282481751824817,1.2028169793050516,qwen
trstplc,inst_trust,UA,Ukraine,3.346869383787289,2.882555307976165,5.9443631039531475,1.9345545146144072,qwen
trstep,inst_trust,AT,Austria,4.441713049182769,2.7027869412924757,6.01099706744868,1.6591611568756002,qwen
trstep,inst_trust,BE,Belgium,4.644375709423029,2.482058348908749,6.514641288433382,1.4058182342658072,qwen
trstep,inst_trust,BG,Bulgaria,4.590907637406625,2.8154598161996414,5.991150442477876,1.856143499112657,qwen
trstep,inst_trust,CH,Switzerland,4.9804047024318026,2.142752152560394,6.413970588235294,1.4049236371534037,qwen
trstep,inst_trust,CY,Cyprus,4.494442682400129,2.6253215046817244,5.723935389133627,1.9778552901464945,qwen
trstep,inst_trust,DE,Germany,4.6553069483283815,2.6988466506724818,6.375917767988253,1.519609591597464,qwen
trstep,inst_trust,EE,Estonia,4.867659024996451,2.5389822170035377,6.821847507331379,1.2304891236088877,qwen
trstep,inst_trust,ES,Spain,4.617834338361529,2.58207626029311,6.095900439238653,1.7442694280358328,qwen
trstep,inst_trust,FI,Finland,5.884698971541353,2.0478526383413707,6.32992700729927,1.5510025508660297,qwen
trstep,inst_trust,FR,France,4.358218524618483,2.5065079834216193,6.32258064516129,1.5292220907173388,qwen
trstep,inst_trust,GB,United Kingdom,3.9659348201020137,2.634761088291623,5.615441176470588,1.8387451168615294,qwen
trstep,inst_trust,GR,Greece,4.325553876401601,2.3648784897283908,6.1829629629629625,1.494626415453582,qwen
trstep,inst_trust,HR,Croatia,4.181384694167215,2.639162523655762,5.952276064610866,1.7879083129290942,qwen
trstep,inst_trust,HU,Hungary,4.842041979022309,2.559677185813506,5.8501461988304095,1.8314360771017064,qwen
trstep,inst_trust,IE,Ireland,5.190912190718104,2.301815167988883,6.037555228276878,1.6838169265108176,qwen
trstep,inst_trust,IL,Israel,2.7966407305118883,2.5564369022191045,6.105417276720352,1.8005008899351005,qwen
trstep,inst_trust,IS,Iceland,5.5923851198663295,2.243165922829671,6.351906158357771,1.5270649446150453,qwen
trstep,inst_trust,IT,Italy,4.647829420068639,2.3531593011282976,6.045387994143485,1.6877134804388634,qwen
trstep,inst_trust,LT,Lithuania,5.023996321399762,2.632139279336537,6.145680819912152,1.6949358582742424,qwen
trstep,inst_trust,LV,Latvia,4.251592920932756,2.6260011177629847,6.184094256259205,1.6775404359974424,qwen
trstep,inst_trust,ME,Montenegro,5.54537932736838,2.362639500661553,6.118594436310396,1.639591649799476,qwen
trstep,inst_trust,NL,Netherlands,5.1357615968982495,2.242656739308697,6.625,1.2408154523630177,qwen
trstep,inst_trust,NO,Norway,5.627393518801301,2.178716230468213,6.479502196193265,1.4207887976566007,qwen
trstep,inst_trust,PL,Poland,3.957651671025209,2.697137928277827,6.088970588235294,1.6505755141320793,qwen
trstep,inst_trust,PT,Portugal,4.892394298430099,2.617896802698862,5.64766081871345,1.9435994205669092,qwen
trstep,inst_trust,RS,Serbia,2.7730792127220054,2.825146464333168,5.963396778916545,1.7301809948346358,qwen
trstep,inst_trust,SE,Sweden,5.2806213736007015,2.1710305492664226,6.648093841642229,1.3096515784613953,qwen
trstep,inst_trust,SI,Slovenia,4.528745064461624,2.5517164807944748,6.167397660818714,1.729759742554952,qwen
trstep,inst_trust,SK,Slovakia,4.626454297072137,2.9537924517663043,5.686303387334315,1.8720828325715606,qwen
trstep,inst_trust,UA,Ukraine,4.195768145519062,3.0947491383522934,4.75,2.072862740532966,qwen
trstun,inst_trust,AT,Austria,4.9381208805276975,2.66672198274972,6.787280701754386,1.269820511696718,qwen
trstun,inst_trust,BE,Belgium,5.238178968574235,2.396333746412237,6.94216691068814,1.1487374128382106,qwen
trstun,inst_trust,BG,Bulgaria,4.799013115669446,2.799354120493202,6.936217008797654,1.2815621432430355,qwen
trstun,inst_trust,CH,Switzerland,5.327174304085703,2.2798633759460833,7.019736842105263,1.0545054648738768,qwen
trstun,inst_trust,CY,Cyprus,4.104515544764862,2.5993390491532526,6.91776798825257,1.3794153745348616,qwen
trstun,inst_trust,DE,Germany,4.795974606838823,2.5178768647535934,6.969208211143695,1.0786632917487515,qwen
trstun,inst_trust,EE,Estonia,4.795070493223868,2.662819868529023,7.256578947368421,0.9647676229188898,qwen
trstun,inst_trust,ES,Spain,4.869911326639016,2.6935501723222925,6.983187134502924,1.1093616356813043,qwen
trstun,inst_trust,FI,Finland,6.488996062898592,2.117560252132273,7.045387994143485,1.071212876443878,qwen
trstun,inst_trust,FR,France,5.187570945898971,2.439297260904272,6.970029239766082,1.2429217452184014,qwen
trstun,inst_trust,GB,United Kingdom,5.068956337890133,2.6334564888091543,6.469162995594714,1.4923099065599261,qwen
trstun,inst_trust,GR,Greece,4.380066069687555,2.3779031168488247,7.098540145985401,0.9578839832462113,qwen
trstun,inst_trust,HR,Croatia,4.641931114635581,2.8824633999834313,6.740849194729136,1.4544049319097574,qwen
trstun,inst_trust,HU,Hungary,5.431164439172593,2.492506117115492,6.77917282127031,1.4777623500698251,qwen
trstun,inst_trust,IE,Ireland,5.348305834138985,2.419858286145188,6.84070796460177,1.2118911452650862,qwen
trstun,inst_trust,IL,Israel,2.158735877721266,2.499463206769922,6.850812407680945,1.2453654041705964,qwen
trstun,inst_trust,IS,Iceland,6.129719684805683,2.275120220593933,7.008064516129032,1.2021796438047019,qwen
trstun,inst_trust,IT,Italy,4.959247795419568,2.407398237329906,6.927525622254758,1.2143222276574726,qwen
trstun,inst_trust,LT,Lithuania,5.113734704134614,2.6384547194832537,7.01099706744868,1.2956311554736448,qwen
trstun,inst_trust,LV,Latvia,3.944849335449868,2.8572210133988953,6.863770250368188,1.4246816899359407,qwen
trstun,inst_trust,ME,Montenegro,5.477883219043625,2.3384144117845906,6.945985401459854,1.151531817234053,qwen
trstun,inst_trust,NL,Netherlands,5.837135196439165,2.0616843339052084,7.107771260997067,1.0101022849274894,qwen
trstun,inst_trust,NO,Norway,7.004010109627948,2.20650915385233,7.139296187683285,0.9485802531039164,qwen
trstun,inst_trust,PL,Poland,4.925437491650594,2.585202291044782,6.908625730994152,1.1846622960846152,qwen
trstun,inst_trust,PT,Portugal,5.468309186576956,2.6214498499165084,6.76099706744868,1.4281841679603273,qwen
trstun,inst_trust,RS,Serbia,2.8935428453296557,2.870760992698354,6.857459379615952,1.3362242741574275,qwen
trstun,inst_trust,SE,Sweden,6.378675272276728,2.1906130537695097,7.25366568914956,0.8326274564998237,qwen
trstun,inst_trust,SI,Slovenia,4.75708153743771,2.593813931582263,6.868613138686132,1.3771183482724934,qwen
trstun,inst_trust,SK,Slovakia,5.006831482621015,3.0015706587559183,6.581259150805271,1.474236278811139,qwen
trstun,inst_trust,UA,Ukraine,3.6013180121383064,3.107175118929105,5.828676470588236,1.9250655780668673,qwen
happy,wellbeing,AT,Austria,7.76090373708049,1.6476809008987041,7.398540145985401,0.820246842879852,qwen
happy,wellbeing,BE,Belgium,7.693888917247725,1.5948426862606622,7.623538011695906,0.6707778727933191,qwen
happy,wellbeing,BG,Bulgaria,6.2599013533973995,2.1058326813703254,7.384728340675477,0.9276798816711451,qwen
happy,wellbeing,CH,Switzerland,8.143443693353284,1.4784609167560088,7.643065693430657,0.671016033793447,qwen
happy,wellbeing,CY,Cyprus,6.987720510210006,2.0375544046536445,7.3201754385964914,1.0719924245728985,qwen
happy,wellbeing,DE,Germany,7.770826781915745,1.6481961735890556,7.5928362573099415,0.6320559514088141,qwen
happy,wellbeing,EE,Estonia,7.392975022060044,1.8125399321856848,7.637096774193548,0.6485400430123494,qwen
happy,wellbeing,ES,Spain,7.9068639433129615,1.5083333876993539,7.453947368421052,0.8173622379169269,qwen
happy,wellbeing,FI,Finland,8.056294696497618,1.4941446726890395,7.619883040935672,0.6793002930986534,qwen
happy,wellbeing,FR,France,7.484937725116078,1.5824931766151542,7.560117302052786,0.7529044988960476,qwen
happy,wellbeing,GB,United Kingdom,7.58670240724883,1.8928609716961053,7.350877192982456,0.9783823515844726,qwen
happy,wellbeing,GR,Greece,6.842498028815976,1.5533308312932954,7.508797653958944,0.7434957456190759,qwen
happy,wellbeing,HR,Croatia,7.57452763307812,1.8953856307718508,7.385233918128655,0.8781893246095201,qwen
happy,wellbeing,HU,Hungary,7.213928510077665,1.949751769688737,7.3464912280701755,0.9925650245136596,qwen
happy,wellbeing,IE,Ireland,7.656938166322823,1.5969945819593403,7.393274853801169,0.911299704424813,qwen
happy,wellbeing,IL,Israel,7.378506798276478,1.9589332675006683,7.6039531478770135,0.807878477349964,qwen
happy,wellbeing,IS,Iceland,7.795136804185614,1.6901819986040958,7.630116959064328,0.648705875417574,qwen
happy,wellbeing,IT,Italy,6.866632272435569,1.7736600966317824,7.457602339181286,0.7412451119650568,qwen
happy,wellbeing,LT,Lithuania,7.462256314361242,1.9640572400944816,7.357664233576642,0.9668271666316691,qwen
happy,wellbeing,LV,Latvia,6.942492161894379,2.010490673099773,7.299270072992701,0.9471792804082255,qwen
happy,wellbeing,ME,Montenegro,6.598538405658492,1.9929676150976603,7.408625730994152,0.8957677520284681,qwen
happy,wellbeing,NL,Netherlands,7.967482570449453,1.2594481552897474,7.664181286549708,0.6992491701341769,qwen
happy,wellbeing,NO,Norway,7.874301227891386,1.6412667294737115,7.656204379562044,0.6480809856922813,qwen
happy,wellbeing,PL,Poland,7.580291683668927,1.9297359190706487,7.478832116788321,0.8280031867870902,qwen
happy,wellbeing,PT,Portugal,7.18890332891691,1.9345513767482962,7.27046783625731,1.0624452102262247,qwen
happy,wellbeing,RS,Serbia,7.293745610623994,2.1956271452212994,7.280701754385965,1.0066435706920591,qwen
happy,wellbeing,SE,Sweden,7.653675579018058,1.651322113708472,7.691520467836257,0.5550392316122983,qwen
happy,wellbeing,SI,Slovenia,7.741530514531192,1.7814239483325474,7.510233918128655,0.9110741834503815,qwen
happy,wellbeing,SK,Slovakia,6.821599780133437,2.1340105043999387,7.230994152046784,1.0559064330140902,qwen
happy,wellbeing,UA,Ukraine,6.148338386295668,2.6702456732390303,6.520527859237537,1.5576124515261498,qwen
stflife,wellbeing,AT,Austria,7.78814385622568,1.663509124198267,7.488321167883211,0.7736585913687213,qwen
stflife,wellbeing,BE,Belgium,7.309428021722151,1.8917094461027428,7.7021897810218976,0.6102759362095743,qwen
stflife,wellbeing,BG,Bulgaria,6.042474309791918,2.2120628343463418,7.486131386861314,0.8161547340815447,qwen
stflife,wellbeing,CH,Switzerland,8.117545251532318,1.5615082032326784,7.735766423357664,0.6113853057980824,qwen
stflife,wellbeing,CY,Cyprus,6.3500031076829355,2.4105596498933695,7.512408759124088,0.9149861194321884,qwen
stflife,wellbeing,DE,Germany,7.5174226887125135,1.8370147717535326,7.645985401459854,0.6246653605347972,qwen
stflife,wellbeing,EE,Estonia,6.995530555906337,2.0155902024685055,7.730701754385965,0.5587520910084256,qwen
stflife,wellbeing,ES,Spain,7.498474456930226,1.8224070220472202,7.57007299270073,0.6690052145689274,qwen
stflife,wellbeing,FI,Finland,7.884236327112843,1.6106494607761095,7.729635036496351,0.5821019694728893,qwen
stflife,wellbeing,FR,France,6.770231955192009,2.2774602348290798,7.642043795620438,0.6962400467924135,qwen
stflife,wellbeing,GB,United Kingdom,7.076060810502419,2.0857563950905624,7.5175182481751825,0.8875271028082178,qwen
stflife,wellbeing,GR,Greece,6.412675488700161,1.9600409763547444,7.621167883211679,0.6807106985403967,qwen
stflife,wellbeing,HR,Croatia,7.254634337219264,2.1096005755584524,7.489051094890511,0.9197856691697566,qwen
stflife,wellbeing,HU,Hungary,6.621330451773505,2.1411539701501248,7.4554744525547445,0.9083691211386409,qwen
stflife,wellbeing,IE,Ireland,7.264586614245971,1.746506935243767,7.513138686131387,0.8548808540362138,qwen
stflife,wellbeing,IL,Israel,7.100674068580728,2.0995398201582294,7.737226277372263,0.6963781929473264,qwen
stflife,wellbeing,IS,Iceland,7.616733195317123,1.8741151012792872,7.670802919708029,0.7158563946555486,qwen
stflife,wellbeing,IT,Italy,6.739670239629779,1.903152675906479,7.5379562043795625,0.7463489481905259,qwen
stflife,wellbeing,LT,Lithuania,7.1356614539550485,2.0928346239824207,7.453284671532847,1.0054712240009331,qwen
stflife,wellbeing,LV,Latvia,6.395823933792753,2.2344529567249887,7.4035087719298245,0.9517123190001815,qwen
stflife,wellbeing,ME,Montenegro,6.107432602015085,2.2377777283887044,7.437134502923977,0.780712577262183,qwen
stflife,wellbeing,NL,Netherlands,7.911109433699263,1.2395781286526681,7.822919708029197,0.589293065157897,qwen
stflife,wellbeing,NO,Norway,7.694714604104831,1.7955247906018192,7.746715328467153,0.5525130115282078,qwen
stflife,wellbeing,PL,Poland,7.330899994057487,2.0169033095979096,7.572700729927008,0.7623443218027183,qwen
stflife,wellbeing,PT,Portugal,6.56427821284171,2.0566130251835895,7.327445255474453,1.0300627565599445,qwen
stflife,wellbeing,RS,Serbia,6.842770538058628,2.31384027899869,7.376642335766423,0.8462389074935871,qwen
stflife,wellbeing,SE,Sweden,7.761426256173515,1.765214803913871,7.78029197080292,0.6065962239875102,qwen
stflife,wellbeing,SI,Slovenia,7.542574813136172,1.9244888595960155,7.488759124087592,0.94806932567188,qwen
stflife,wellbeing,SK,Slovakia,6.4957221910406595,2.193641926033914,7.397810218978102,0.9561639942047329,qwen
stflife,wellbeing,UA,Ukraine,5.135055056810102,2.8746660557095858,6.564963503649635,1.5200218931593101,qwen
stfeco,wellbeing,AT,Austria,5.54995975100486,2.122906575697393,6.442335766423358,1.111458305767094,qwen
stfeco,wellbeing,BE,Belgium,4.98606815137708,2.140962305023091,6.556204379562044,1.096969597276612,qwen
stfeco,wellbeing,BG,Bulgaria,3.031413845159043,2.0478322235714828,5.994134897360704,1.4131626560645845,qwen
stfeco,wellbeing,CH,Switzerland,6.845506079176042,1.794737285619912,6.697810218978102,0.9856030268336269,qwen
stfeco,wellbeing,CY,Cyprus,3.621005068769763,2.2862779112800453,6.048245614035087,1.5206763804571621,qwen
stfeco,wellbeing,DE,Germany,4.603022073123684,2.2304373073135833,6.62992700729927,1.0585467365660741,qwen
stfeco,wellbeing,EE,Estonia,3.9325211402685727,2.2100479528054375,6.675912408759124,0.9718648459874787,qwen
stfeco,wellbeing,ES,Spain,4.237300941743682,2.24737885886348,6.278832116788321,1.3133052059134178,qwen
stfeco,wellbeing,FI,Finland,5.621461226119554,1.9579719138360596,6.57007299270073,1.0517574378698582,qwen
stfeco,wellbeing,FR,France,3.660295890775978,2.2237287051207018,6.424087591240876,1.1387978135528778,qwen
stfeco,wellbeing,GB,United Kingdom,3.2607008909458353,2.1312607908213446,6.3255474452554745,1.260281064741608,qwen
stfeco,wellbeing,GR,Greece,3.469009875643056,2.0401583899106384,6.0891812865497075,1.2984729974908926,qwen
stfeco,wellbeing,HR,Croatia,3.81438187157306,2.2290589463333133,6.221897810218978,1.2682996934277793,qwen
stfeco,wellbeing,HU,Hungary,4.222210680856891,2.5543458274354554,6.077372262773722,1.4402826589019306,qwen
stfeco,wellbeing,IE,Ireland,5.177761758303079,2.237107840768206,6.356204379562044,1.213403537699816,qwen
stfeco,wellbeing,IL,Israel,4.637346340378427,2.4778551747260322,6.429197080291971,1.243589444010611,qwen
stfeco,wellbeing,IS,Iceland,4.354133278700258,2.301638119156402,6.578394160583941,1.078213430233292,qwen
stfeco,wellbeing,IT,Italy,4.1676646263709225,2.127827664975726,6.221897810218978,1.2473782639607083,qwen
stfeco,wellbeing,LT,Lithuania,4.544519559488827,2.4391149388673945,6.2569343065693435,1.382207088585695,qwen
stfeco,wellbeing,LV,Latvia,3.5572163109068264,2.1520775282363993,6.23065693430657,1.3020205869117623,qwen
stfeco,wellbeing,ME,Montenegro,4.329125358977915,2.4212189501351213,6.264619883040936,1.2720119300443278,qwen
stfeco,wellbeing,NL,Netherlands,5.750090162399542,1.8883487420818466,6.7070802919708035,0.9026829410605841,qwen
stfeco,wellbeing,NO,Norway,5.638977511362683,2.2999889990969327,6.754744525547445,0.8449169310115041,qwen
stfeco,wellbeing,PL,Poland,5.266828562831059,2.084401474654986,6.214598540145985,1.3308386830454935,qwen
stfeco,wellbeing,PT,Portugal,3.7597087439710393,2.2173779023902607,5.949635036496351,1.4796437499752517,qwen
stfeco,wellbeing,RS,Serbia,4.08009767411611,2.6670196884026667,5.908029197080292,1.4844249085379173,qwen
stfeco,wellbeing,SE,Sweden,4.727544972683704,2.003617018275472,6.73065693430657,0.8930827453425575,qwen
stfeco,wellbeing,SI,Slovenia,5.256003164705521,2.198909115847543,6.327007299270073,1.2335172722981036,qwen
stfeco,wellbeing,SK,Slovakia,3.90539600420454,2.4802603822382823,6.02266081871345,1.5107708742299686,qwen
stfeco,wellbeing,UA,Ukraine,2.582621884597501,2.473376037105537,4.709489051094891,1.7367663039942616,qwen
stfgov,wellbeing,AT,Austria,4.039162360697896,2.542751952796585,6.597810218978102,1.3319327706198145,qwen
stfgov,wellbeing,BE,Belgium,4.327179766206084,2.2310383559273848,6.871532846715328,1.221574390684035,qwen
stfgov,wellbeing,BG,Bulgaria,2.6719832241253285,2.1518931725478994,6.389165446559297,1.5431714232392513,qwen
stfgov,wellbeing,CH,Switzerland,6.603606802594606,1.7563173900139182,7.087591240875913,0.99136957480109,qwen
stfgov,wellbeing,CY,Cyprus,3.9267792705867395,2.318596254151223,6.164963503649635,1.8142383271583689,qwen
stfgov,wellbeing,DE,Germany,3.8478023210079932,2.565662571285465,6.906140350877194,1.050910649185492,qwen
stfgov,wellbeing,EE,Estonia,3.531555568247472,2.262874109890977,7.108029197080292,0.9365903691657953,qwen
stfgov,wellbeing,ES,Spain,3.7614892720866218,2.6222085393506376,6.502919708029197,1.4607407000103,qwen
stfgov,wellbeing,FI,Finland,4.804454929568028,2.3543226465867253,6.968713450292398,1.1947974508324624,qwen
stfgov,wellbeing,FR,France,3.787785280082554,2.442793733642136,6.727737226277372,1.3812513357410545,qwen
stfgov,wellbeing,GB,United Kingdom,3.036843581975516,2.394408469716829,6.394890510948905,1.5625047914725698,qwen
stfgov,wellbeing,GR,Greece,3.644471747398687,2.2863689257464532,6.522627737226277,1.2878192672184228,qwen
stfgov,wellbeing,HR,Croatia,3.4080005877444512,2.537664144424585,6.472262773722628,1.5615879760270992,qwen
stfgov,wellbeing,HU,Hungary,4.349290035814571,2.773293843461117,6.305109489051095,1.7211413817938594,qwen
stfgov,wellbeing,IE,Ireland,4.870906010407424,2.2837559034048587,6.42992700729927,1.5600253485862106,qwen
stfgov,wellbeing,IL,Israel,3.8927885655775873,2.9003886880694987,6.722953216374269,1.389802662768757,qwen
stfgov,wellbeing,IS,Iceland,4.095360338555398,2.3793164587301976,6.904379562043796,1.2515994803573554,qwen
stfgov,wellbeing,IT,Italy,4.305847880343379,2.240831516737721,6.57007299270073,1.3805438459005024,qwen
stfgov,wellbeing,LT,Lithuania,3.891877946823288,2.5420418151357658,6.587299270072993,1.43117927882664,qwen
stfgov,wellbeing,LV,Latvia,3.1240201091808486,2.2787685267851967,6.525985401459854,1.4986726387537552,qwen
stfgov,wellbeing,ME,Montenegro,4.613987966891826,2.4855582034040724,6.614598540145986,1.426951323564482,qwen
stfgov,wellbeing,NL,Netherlands,4.609865988308238,2.0062529772022137,7.00921052631579,1.0517586009799496,qwen
stfgov,wellbeing,NO,Norway,4.785794047937997,2.2175501497089307,6.97007299270073,1.08931311606889,qwen
stfgov,wellbeing,PL,Poland,4.541712539383122,2.823730378695335,6.6310948905109495,1.319261089721808,qwen
stfgov,wellbeing,PT,Portugal,3.513193931375951,2.3111842226430293,6.159124087591241,1.6804932940026704,qwen
stfgov,wellbeing,RS,Serbia,4.258255990476471,3.198497977514989,6.257664233576643,1.5537505382297707,qwen
stfgov,wellbeing,SE,Sweden,4.269263904955265,2.167209026362757,7.135766423357664,0.8859475736503406,qwen
stfgov,wellbeing,SI,Slovenia,4.249594291009816,2.4941118540650034,6.691520467836257,1.3619547245101775,qwen
stfgov,wellbeing,SK,Slovakia,4.46334706353566,2.686925975312871,6.1547445255474456,1.7055109677881206,qwen
stfgov,wellbeing,UA,Ukraine,2.4743529805980655,2.565480033331153,4.883771929824562,1.8745462578052359,qwen
stfhlth,wellbeing,AT,Austria,6.474907116097822,2.438472434018327,7.168128654970761,0.8523202374872951,qwen
stfhlth,wellbeing,BE,Belgium,7.220810024616674,1.8327609518478543,7.232796486090776,0.8068487620347562,qwen
stfhlth,wellbeing,BG,Bulgaria,3.832171344870384,2.3748257579878462,6.915328467153285,0.9240840661161948,qwen
stfhlth,wellbeing,CH,Switzerland,6.831041864274515,1.9622858222787356,7.402919708029197,0.7352786802946356,qwen
stfhlth,wellbeing,CY,Cyprus,5.576021271821681,2.3253109754011057,6.964233576642336,1.1740827716642954,qwen
stfhlth,wellbeing,DE,Germany,5.1952004418832605,2.4462601761167653,7.255865102639296,0.8052703959274703,qwen
stfhlth,wellbeing,EE,Estonia,5.793017380383871,2.1660633774564113,7.303649635036496,0.8000738963608451,qwen
stfhlth,wellbeing,ES,Spain,5.640440850707488,2.522739885428595,7.144736842105263,0.8548980851056998,qwen
stfhlth,wellbeing,FI,Finland,6.4186579536005794,2.06315131322013,7.346715328467154,0.8078607856311637,qwen
stfhlth,wellbeing,FR,France,5.439891110440975,2.4415300288512802,7.159356725146199,0.9039769922821581,qwen
stfhlth,wellbeing,GB,United Kingdom,4.797421449561588,2.4325170399551603,7.010980966325037,0.9968187247531116,qwen
stfhlth,wellbeing,GR,Greece,3.396290051453136,2.0119449650003913,7.026277372262774,0.7864226198344226,qwen
stfhlth,wellbeing,HR,Croatia,5.3548541416674444,2.682053424056007,6.99121522693997,0.9874188718013754,qwen
stfhlth,wellbeing,HU,Hungary,3.4347744313772854,2.4617765778736294,6.899266862170088,1.0954917853340294,qwen
stfhlth,wellbeing,IE,Ireland,4.433855064113273,2.3508293625680494,7.010964912280702,1.0742342181427826,qwen
stfhlth,wellbeing,IL,Israel,6.530300993284543,1.8914696286324908,7.183941605839416,0.8327395758960296,qwen
stfhlth,wellbeing,IS,Iceland,5.112267027203692,2.1491014425562263,7.397360703812317,0.9030176602176703,qwen
stfhlth,wellbeing,IT,Italy,5.10968527191663,2.096107535799735,7.179093567251462,0.878247821370408,qwen
stfhlth,wellbeing,LT,Lithuania,4.4780529748809945,2.3439135030424465,7.096350364963504,0.9624840515975032,qwen
stfhlth,wellbeing,LV,Latvia,4.2972221458723485,2.5047000700024427,6.955409356725146,1.0202129836633673,qwen
stfhlth,wellbeing,ME,Montenegro,4.806435046611185,2.3092924712702363,7.013909224011713,0.8795642269239322,qwen
stfhlth,wellbeing,NL,Netherlands,6.629094750304629,1.781841136689458,7.362043795620438,0.8049673440455359,qwen
stfhlth,wellbeing,NO,Norway,7.06508411422838,1.940954250732358,7.45095168374817,0.7381586043853308,qwen
stfhlth,wellbeing,PL,Poland,4.202687158652689,2.329430701915596,6.94216691068814,0.9518970047141885,qwen
stfhlth,wellbeing,PT,Portugal,3.8254868131229243,2.5085001345712525,6.97007299270073,1.0788615509537194,qwen
stfhlth,wellbeing,RS,Serbia,4.238355203962294,2.794463373118979,6.7894736842105265,1.0965033006450546,qwen
stfhlth,wellbeing,SE,Sweden,5.69363952596369,2.1003606930097036,7.474340175953079,0.7809224496471878,qwen
stfhlth,wellbeing,SI,Slovenia,4.722807877332366,2.500698766976185,7.107299270072993,1.0269493684382516,qwen
stfhlth,wellbeing,SK,Slovakia,4.139320334932395,2.4686825909138355,6.819708029197081,1.0790969405137245,qwen
stfhlth,wellbeing,UA,Ukraine,4.3160230699847775,2.6234838094057635,5.932551319648094,1.6114482868099949,qwen
stfedu,wellbeing,AT,Austria,6.08971976844328,2.38046437739405,6.594160583941606,1.391639952646096,qwen
stfedu,wellbeing,BE,Belgium,5.750874806842748,2.0937724621583906,7.036549707602339,1.1328880010845637,qwen
stfedu,wellbeing,BG,Bulgaria,4.100957477790751,2.3502352553952877,6.6608187134502925,1.388516984618706,qwen
stfedu,wellbeing,CH,Switzerland,6.656270184332477,1.9459891470846695,7.012408759124088,1.1991983954859309,qwen
stfedu,wellbeing,CY,Cyprus,4.587313251616586,2.2128597138691415,6.4071637426900585,1.7360002233558847,qwen
stfedu,wellbeing,DE,Germany,4.233299683415836,2.351668087490688,6.939970717423133,1.2112248710668196,qwen
stfedu,wellbeing,EE,Estonia,6.393672568840203,2.229592946471987,7.177159590043924,1.0427544237626922,qwen
stfedu,wellbeing,ES,Spain,5.012136266255524,2.334332636268724,6.779239766081871,1.3658484642695652,qwen
stfedu,wellbeing,FI,Finland,7.233358833554501,1.7644323642522501,6.985380116959064,1.2503901594145514,qwen
stfedu,wellbeing,FR,France,4.601790502520427,2.1644715997236985,6.904379562043796,1.272451507201029,qwen
stfedu,wellbeing,GB,United Kingdom,5.308284191408358,2.2556840404889704,6.672262773722628,1.448013860905805,qwen
stfedu,wellbeing,GR,Greece,3.7855746517544375,1.9766209943690236,6.693265007320644,1.2621776433114253,qwen
stfedu,wellbeing,HR,Croatia,5.816350566373938,2.309736824795834,6.571637426900585,1.4991406841085482,qwen
stfedu,wellbeing,HU,Hungary,3.9900899154478,2.4913239593329175,6.50219298245614,1.5347353063336528,qwen
stfedu,wellbeing,IE,Ireland,6.762298407137079,1.9802964933214715,6.698540145985401,1.4599920592520104,qwen
stfedu,wellbeing,IL,Israel,5.264336488030869,2.077408346152148,7.022693997071742,1.1419732902602076,qwen
stfedu,wellbeing,IS,Iceland,6.324844854759572,1.8284320314772442,7.168128654970761,1.059824845800029,qwen
stfedu,wellbeing,IT,Italy,5.083092027671306,1.9801848982095867,6.704245973645681,1.3658259329056885,qwen
stfedu,wellbeing,LT,Lithuania,4.6526346854447445,2.267229560508824,6.876099706744868,1.2658860868015032,qwen
stfedu,wellbeing,LV,Latvia,4.108276020925814,2.2667826388568875,6.704245973645681,1.3997578795014634,qwen
stfedu,wellbeing,ME,Montenegro,4.359771069180318,2.237590857279682,6.75219298245614,1.3106427237173597,qwen
stfedu,wellbeing,NL,Netherlands,6.163150882846764,1.6663731337868324,7.1,1.1514674085628547,qwen
stfedu,wellbeing,NO,Norway,7.199044068958358,1.8551553739170237,7.221897810218978,1.0168690716312632,qwen
stfedu,wellbeing,PL,Poland,5.05428653345802,2.3976918855549516,6.696350364963504,1.2985264229953013,qwen
stfedu,wellbeing,PT,Portugal,4.477459151602673,2.299564384881257,6.415204678362573,1.6877744324737813,qwen
stfedu,wellbeing,RS,Serbia,5.00073893907496,2.8413549190837095,6.489035087719298,1.4926210711421084,qwen
stfedu,wellbeing,SE,Sweden,5.389646077291931,2.1151413881845356,7.149341142020498,1.0485062713435662,qwen
stfedu,wellbeing,SI,Slovenia,5.530632460507522,2.3221475576997714,6.805839416058395,1.3781803423523504,qwen
stfedu,wellbeing,SK,Slovakia,5.401373334803658,2.4041600037068336,6.361111111111111,1.5369083242037145,qwen
stfedu,wellbeing,UA,Ukraine,4.466432443709682,2.5979428831754627,5.741202346041056,1.8150829214830357,qwen
imueclt,immigration,AT,Austria,5.315172390064883,2.5730849170674883,6.738304093567251,1.5600035818315574,qwen
imueclt,immigration,BE,Belgium,6.1379240168747735,2.3033707467646853,6.851094890510949,1.409456200780393,qwen
imueclt,immigration,BG,Bulgaria,4.3822668131494416,2.959049168036001,6.746696035242291,1.58997552056595,qwen
imueclt,immigration,CH,Switzerland,6.375870738527658,2.220136533492237,7.079295154185022,1.428037558038184,qwen
imueclt,immigration,CY,Cyprus,3.5214000548356443,2.523698455719429,6.822076023391813,1.7051882984891205,qwen
imueclt,immigration,DE,Germany,5.779437891976539,2.331576961352071,6.9443631039531475,1.4190708816272828,qwen
imueclt,immigration,EE,Estonia,5.480215407140887,2.365476916842202,7.162225475841875,1.2667443997531789,qwen
imueclt,immigration,ES,Spain,6.6260562145120625,2.3924314712251236,6.978770131771596,1.426828284838263,qwen
imueclt,immigration,FI,Finland,7.225142432125029,2.0684223789959995,7.082602339181286,1.319735857947695,qwen
imueclt,immigration,FR,France,5.529569032667339,2.7050910367326035,7.026392961876833,1.452389254732755,qwen
imueclt,immigration,GB,United Kingdom,6.569074059332347,2.475974794584905,7.045255474452555,1.3597154631678403,qwen
imueclt,immigration,GR,Greece,4.050831083263721,2.084305513053689,7.037280701754386,1.2356344906931132,qwen
imueclt,immigration,HR,Croatia,5.02874341086001,2.7210579344664114,6.715643274853801,1.6159176265912665,qwen
imueclt,immigration,HU,Hungary,3.9425759331519634,2.476597140402959,6.616228070175438,1.6326239640337024,qwen
imueclt,immigration,IE,Ireland,6.296974033797106,2.5958015849501503,6.917105263157895,1.5495192984449633,qwen
imueclt,immigration,IL,Israel,5.041758655711063,2.5863937276299773,7.256954612005856,1.2535313552682763,qwen
imueclt,immigration,IS,Iceland,6.897344321807305,2.245228123872818,7.189051094890511,1.274621766631298,qwen
imueclt,immigration,IT,Italy,4.905544540377028,2.569233998960108,6.913138686131387,1.4070009537858927,qwen
imueclt,immigration,LT,Lithuania,4.984868415465608,2.6008663349692376,6.769736842105263,1.5878305284764813,qwen
imueclt,immigration,LV,Latvia,4.627373721269217,2.526015536644707,6.854744525547445,1.5787315770072263,qwen
imueclt,immigration,ME,Montenegro,5.168439134667183,2.093806458714853,6.816058394160584,1.4641542264817318,qwen
imueclt,immigration,NL,Netherlands,6.205126662609896,2.1187354477389713,7.238450292397661,1.2191365528799456,qwen
imueclt,immigration,NO,Norway,6.238422215272888,2.2541110468704337,7.199561403508772,1.3558127494056946,qwen
imueclt,immigration,PL,Poland,5.498733975167413,2.3334251431778825,6.731386861313869,1.6895686075598362,qwen
imueclt,immigration,PT,Portugal,5.722458315562678,2.2507075625574586,6.815058479532164,1.5757379445141186,qwen
imueclt,immigration,RS,Serbia,4.877342073718054,3.0710413542742394,6.841874084919473,1.4203807681900438,qwen
imueclt,immigration,SE,Sweden,6.8122445898666175,2.2672137388256846,7.228070175438597,1.2856460924413189,qwen
imueclt,immigration,SI,Slovenia,5.355770107952107,2.6083091129330294,6.841374269005848,1.534874772858027,qwen
imueclt,immigration,SK,Slovakia,3.8467151318694572,2.7131866439546606,6.497076023391813,1.7288754933534063,qwen
imueclt,immigration,UA,Ukraine,5.1239211172083206,2.8308581148632705,6.228801169590644,1.9175702265832588,qwen
imwbcnt,immigration,AT,Austria,4.840919058547187,2.4527294866543006,4.849194729136164,2.3960705420897197,qwen
imwbcnt,immigration,BE,Belgium,5.358485242127184,2.1346963974577657,5.5358187134502925,2.2438699450260082,qwen
imwbcnt,immigration,BG,Bulgaria,3.956518004842652,2.85827404247127,4.568483063328424,2.389309257496309,qwen
imwbcnt,immigration,CH,Switzerland,5.814854504443784,1.845154843550574,5.536656891495602,2.243471055194552,qwen
imwbcnt,immigration,CY,Cyprus,3.740407078146568,2.40767595128739,4.847283406754772,2.594994467381186,qwen
imwbcnt,immigration,DE,Germany,5.269177671086836,2.3771917248699403,5.132309941520468,2.331676311604425,qwen
imwbcnt,immigration,EE,Estonia,4.849486247852013,2.1075366589514086,5.581021897810219,2.4592447863338918,qwen
imwbcnt,immigration,ES,Spain,5.9073130429923815,2.36952875171434,5.091970802919708,2.4084724476958477,qwen
imwbcnt,immigration,FI,Finland,6.013981245125915,2.1083433275445627,5.54014598540146,2.4255420764484827,qwen
imwbcnt,immigration,FR,France,5.115717521574483,2.229765989025632,5.204277286135693,2.3992113413306426,qwen
imwbcnt,immigration,GB,United Kingdom,6.345731092544239,2.463997886085941,5.3011695906432745,2.296301394456687,qwen
imwbcnt,immigration,GR,Greece,4.102898458435573,2.2185870335870215,4.929721815519766,2.319156057677152,qwen
imwbcnt,immigration,HR,Croatia,4.943828288889388,2.5165256668371816,4.66593567251462,2.547905953030819,qwen
imwbcnt,immigration,HU,Hungary,3.863870207165531,2.1606799294968244,4.37316715542522,2.432126798099293,qwen
imwbcnt,immigration,IE,Ireland,6.173427287195578,2.568885902556146,5.068081991215227,2.3674801269758006,qwen
imwbcnt,immigration,IL,Israel,4.77581453687835,2.514904982885558,5.500730994152047,2.4721729893293727,qwen
imwbcnt,immigration,IS,Iceland,6.9623407745959796,2.0342840285249113,5.723357664233577,2.2718485264542685,qwen
imwbcnt,immigration,IT,Italy,4.578901303697609,2.3773137202145906,4.84407027818448,2.5271671935942916,qwen
imwbcnt,immigration,LT,Lithuania,5.224923260700287,2.3357141831373007,4.940615835777126,2.4587178771935965,qwen
imwbcnt,immigration,LV,Latvia,4.589096531490459,2.463691135380754,4.952415812591508,2.4404050892970406,qwen
imwbcnt,immigration,ME,Montenegro,4.695807747965913,2.2889881687702163,4.60352422907489,2.4595108139419475,qwen
imwbcnt,immigration,NL,Netherlands,5.492398377595162,1.896279430992423,5.728070175438597,2.230797693513999,qwen
imwbcnt,immigration,NO,Norway,6.212088062951394,1.9985317121611983,5.4904970760233915,2.2875908901109314,qwen
imwbcnt,immigration,PL,Poland,5.508572016196226,2.1384570518633192,4.76064610866373,2.396070715994696,qwen
imwbcnt,immigration,PT,Portugal,4.6418732065777135,2.165342872973786,4.719298245614035,2.4737583995931534,qwen
imwbcnt,immigration,RS,Serbia,4.82965163040081,2.965475322083407,4.379941434846266,2.2929367502935225,qwen
imwbcnt,immigration,SE,Sweden,6.259593141286771,2.200494516774948,5.726539589442815,2.285512577882253,qwen
imwbcnt,immigration,SI,Slovenia,4.963030999588137,2.377905047032816,4.905286343612334,2.418112100611147,qwen
imwbcnt,immigration,SK,Slovakia,3.5309623603239166,2.3151891466772065,4.271929824561403,2.262243749636523,qwen
imwbcnt,immigration,UA,Ukraine,5.317326172753119,2.8360849591577106,3.5718475073313782,2.2439278390914397,qwen
imbgeco,immigration,AT,Austria,5.930470260348815,2.499139626004691,6.687591240875912,1.2817001031088084,qwen
imbgeco,immigration,BE,Belgium,5.483701091221589,2.339388956973316,6.961820851688693,1.0109745895915792,qwen
imbgeco,immigration,BG,Bulgaria,3.9249717897549425,2.9157517131191772,6.63582966226138,1.5224717500715457,qwen
imbgeco,immigration,CH,Switzerland,6.48445283213619,1.9625326083363415,6.954678362573099,1.0573559036292501,qwen
imbgeco,immigration,CY,Cyprus,3.6828782273570484,2.5969415991911684,6.5372262773722625,1.7429057247568962,qwen
imbgeco,immigration,DE,Germany,6.017000040531877,2.2911062141897083,6.913616398243045,1.0097787042315558,qwen
imbgeco,immigration,EE,Estonia,5.317774342421363,2.2944430795613218,7.06058394160584,1.0225782733758564,qwen
imbgeco,immigration,ES,Spain,6.313687149498994,2.344351933188753,6.855263157894737,1.1673141530101618,qwen
imbgeco,immigration,FI,Finland,6.432967495105742,2.095123340746024,7.031386861313869,0.9882904952712522,qwen
imbgeco,immigration,FR,France,5.321947182331542,2.47236650436905,6.9071637426900585,1.1012802995539686,qwen
imbgeco,immigration,GB,United Kingdom,6.376894945797732,2.4281824626662245,6.802919708029197,1.1914008172258674,qwen
imbgeco,immigration,GR,Greece,4.236081165215293,2.186585793193556,6.822108345534407,1.1069204884345458,qwen
imbgeco,immigration,HR,Croatia,5.043247114389215,2.5862925583713934,6.592972181551977,1.488147831511779,qwen
imbgeco,immigration,HU,Hungary,3.6517531630383213,2.5155489846881656,6.546715328467153,1.5604323088429917,qwen
imbgeco,immigration,IE,Ireland,6.125966412675849,2.6587736473754444,6.638888888888889,1.425713227565618,qwen
imbgeco,immigration,IL,Israel,4.957305921928851,2.6777145342066095,7.132309941520468,0.9433251290569927,qwen
imbgeco,immigration,IS,Iceland,6.763693051791229,2.158027222781135,7.011713030746706,0.9818038755674259,qwen
imbgeco,immigration,IT,Italy,5.143774492178013,2.5286434557028725,6.68081991215227,1.409757960990656,qwen
imbgeco,immigration,LT,Lithuania,5.600116432947033,2.6201160644142694,6.683211678832117,1.417186145368222,qwen
imbgeco,immigration,LV,Latvia,5.152410156212118,2.633014371248394,6.676900584795321,1.40126225738348,qwen
imbgeco,immigration,ME,Montenegro,4.2132053258244015,2.7540876643589,6.698540145985401,1.3669012101619062,qwen
imbgeco,immigration,NL,Netherlands,5.739189778032886,1.9402534025455624,7.094298245614035,0.7721049579668403,qwen
imbgeco,immigration,NO,Norway,5.971415024050874,2.0597516430305314,7.0774853801169595,0.9859134305869429,qwen
imbgeco,immigration,PL,Poland,5.516269816646318,2.4460787671796043,6.7299270072992705,1.3548356627380493,qwen
imbgeco,immigration,PT,Portugal,6.145828753645978,2.2198235960337978,6.604379562043795,1.4556237290307381,qwen
imbgeco,immigration,RS,Serbia,4.6659923199193525,3.0616903539340887,6.565789473684211,1.4742988375818464,qwen
imbgeco,immigration,SE,Sweden,5.945250039445946,2.0805169005604247,7.121345029239766,0.8521167876956575,qwen
imbgeco,immigration,SI,Slovenia,5.501060923277956,2.54407463650426,6.674707602339181,1.3707744556911987,qwen
imbgeco,immigration,SK,Slovakia,3.94990465806269,2.7485725170956266,6.3601756954612005,1.6143585830833842,qwen
imbgeco,immigration,UA,Ukraine,6.176947417577988,2.81877924059916,5.768328445747801,2.112613644008746,qwen
imsmetn,immigration,AT,Austria,1.9848903594679843,0.802259529957706,2.843795620437956,0.6948916901876885,qwen
imsmetn,immigration,BE,Belgium,1.9048137548184112,0.7044253089373982,2.9401459854014598,0.6124273263980742,qwen
imsmetn,immigration,BG,Bulgaria,2.2584295318744276,1.0266249994343912,2.8642335766423357,0.70955644928287,qwen
imsmetn,immigration,CH,Switzerland,1.8323559975393269,0.6536016814694029,2.9284671532846716,0.5842660344334722,qwen
imsmetn,immigration,CY,Cyprus,2.3744432028480555,0.8830584763563025,2.848175182481752,0.7317069474766039,qwen
imsmetn,immigration,DE,Germany,1.762261807972097,0.6899154737487135,2.9766423357664236,0.613715409897302,qwen
imsmetn,immigration,EE,Estonia,2.0564161789601294,0.713834294629291,2.9708029197080292,0.6459682183921662,qwen
imsmetn,immigration,ES,Spain,1.8990792529080591,0.817962435672302,2.9051094890510947,0.6565372087061587,qwen
imsmetn,immigration,FI,Finland,1.945990096143163,0.6764863006766781,2.964963503649635,0.6701216657530804,qwen
imsmetn,immigration,FR,France,1.9617420516802728,0.7071034326966054,2.982456140350877,0.6308207413653779,qwen
imsmetn,immigration,GB,United Kingdom,1.8744748593233793,0.7748312328624263,2.8335766423357662,0.6764930825083817,qwen
imsmetn,immigration,GR,Greece,2.0069010704420394,0.9318933493678764,2.889051094890511,0.6705674074768999,qwen
imsmetn,immigration,HR,Croatia,2.007848082038974,0.9097033377657038,2.8510948905109488,0.6891087544688073,qwen
imsmetn,immigration,HU,Hungary,2.8666734173836588,0.8804998783990738,2.8744525547445257,0.6591715956832471,qwen
imsmetn,immigration,IE,Ireland,2.0050826600753324,0.846812763013551,2.886131386861314,0.6634993270390416,qwen
imsmetn,immigration,IL,Israel,1.7927284968003243,1.1274068781525866,2.9401459854014598,0.5521700748162672,qwen
imsmetn,immigration,IS,Iceland,1.5944948628437006,0.6105481222791607,2.9401459854014598,0.6909460264055673,qwen
imsmetn,immigration,IT,Italy,2.099682499728239,0.8415914705542806,2.8262773722627736,0.7258056698046456,qwen
imsmetn,immigration,LT,Lithuania,1.9148544359816146,0.7838305143103949,2.889051094890511,0.7230214818212314,qwen
imsmetn,immigration,LV,Latvia,1.861880713866723,0.9756875974062875,2.8554744525547444,0.7538322858626758,qwen
imsmetn,immigration,ME,Montenegro,2.1930207464010523,0.8437025464438357,2.884671532846715,0.7588551810531727,qwen
imsmetn,immigration,NL,Netherlands,2.09184325558409,0.6975747306932476,2.9653284671532845,0.5987792785390412,qwen
imsmetn,immigration,NO,Norway,1.6704486013714808,0.61393824957152,2.9927007299270074,0.6785815784060881,qwen
imsmetn,immigration,PL,Poland,2.2737578360377912,0.7748541968957734,2.9474452554744524,0.6862347785858428,qwen
imsmetn,immigration,PT,Portugal,2.407053493784501,0.7853713456635332,2.8145985401459854,0.7369270146029842,qwen
imsmetn,immigration,RS,Serbia,1.8383213518091834,0.9222608093941408,2.8686131386861313,0.68417276476731,qwen
imsmetn,immigration,SE,Sweden,1.7306353858655772,0.6354810763112095,2.978102189781022,0.6428549408086542,qwen
imsmetn,immigration,SI,Slovenia,1.874171812683402,0.7460745822384444,2.8773722627737226,0.7067958236747189,qwen
imsmetn,immigration,SK,Slovakia,2.668491306572592,0.8979077213435557,2.769343065693431,0.7604594298281562,qwen
imsmetn,immigration,UA,Ukraine,1.6070585920919498,0.8563087408079539,2.6271929824561404,0.8043933269797068,qwen
impcntr,immigration,AT,Austria,2.624895307919512,0.9325443380468,2.6481751824817517,0.8636673970777196,qwen
impcntr,immigration,BE,Belgium,2.1057834615457693,0.8236762083891918,2.858394160583942,0.8158375970505239,qwen
impcntr,immigration,BG,Bulgaria,2.802638021347716,0.9885390707940974,2.7036496350364962,0.7918082753427009,qwen
impcntr,immigration,CH,Switzerland,2.1668625229304874,0.7680681584421224,2.835036496350365,0.8569965950170092,qwen
impcntr,immigration,CY,Cyprus,3.01573825997671,0.7437966965961555,2.5935672514619883,0.9079216172739647,qwen
impcntr,immigration,DE,Germany,2.172601577227967,0.8087067600829588,2.689051094890511,0.894073962437936,qwen
impcntr,immigration,EE,Estonia,2.753210304141824,0.8685915970027777,2.951824817518248,0.6939696588431559,qwen
impcntr,immigration,ES,Spain,2.0156059548711043,0.8778687415693935,2.7094890510948906,0.8577035853393192,qwen
impcntr,immigration,FI,Finland,2.4102001234500756,0.8058288145550183,2.8408759124087593,0.8303943564423696,qwen
impcntr,immigration,FR,France,2.232715812578728,0.8225389980837455,2.7386861313868613,0.8919923306896392,qwen
impcntr,immigration,GB,United Kingdom,2.0219395846800894,0.848430285355126,2.5109809663250364,0.9322092785063747,qwen
impcntr,immigration,GR,Greece,3.040483689666175,0.7907982393692867,2.7532846715328465,0.8068648349172853,qwen
impcntr,immigration,HR,Croatia,2.3126614395024476,0.9299349153544375,2.68029197080292,0.8173770108012061,qwen
impcntr,immigration,HU,Hungary,3.2467126616393696,0.7895514146457082,2.5562043795620437,0.8711474346543,qwen
impcntr,immigration,IE,Ireland,2.1726471210594567,0.8902763127314905,2.716788321167883,0.8011841878041416,qwen
impcntr,immigration,IL,Israel,3.170063969761885,0.8960326441496079,2.858394160583942,0.6767485837295018,qwen
impcntr,immigration,IS,Iceland,1.8270792549310613,0.7537421933977912,2.897810218978102,0.780656789126976,qwen
impcntr,immigration,IT,Italy,2.259939683854844,0.8845466728919402,2.616058394160584,0.8852456606084395,qwen
impcntr,immigration,LT,Lithuania,2.432967734905435,0.9073005874422578,2.6978102189781024,0.8380975352251018,qwen
impcntr,immigration,LV,Latvia,2.704574812297274,1.01408941043032,2.6963503649635037,0.8505595646228181,qwen
impcntr,immigration,ME,Montenegro,2.3313039240519635,0.8445580009466589,2.745985401459854,0.8322813182866878,qwen
impcntr,immigration,NL,Netherlands,2.3225956942431747,0.8131809005001652,2.797080291970803,0.811822511591912,qwen
impcntr,immigration,NO,Norway,1.830581823036069,0.6959909901689839,2.7985401459854016,0.8220272865681235,qwen
impcntr,immigration,PL,Poland,2.5409953996613295,0.7673873645334611,2.67007299270073,0.8596174998953108,qwen
impcntr,immigration,PT,Portugal,2.4760723365670385,0.8107473607252478,2.5445255474452555,0.9427252788942582,qwen
impcntr,immigration,RS,Serbia,2.5251294720870754,1.0817646195376982,2.55036496350365,0.8302684065052848,qwen
impcntr,immigration,SE,Sweden,1.8384383959626223,0.7041014027599896,2.964963503649635,0.8299573053977103,qwen
impcntr,immigration,SI,Slovenia,2.1997549182309015,0.8258467324868838,2.745985401459854,0.8234514616709909,qwen
impcntr,immigration,SK,Slovakia,2.8906624441759146,0.852134052987886,2.629197080291971,0.8998180927228918,qwen
impcntr,immigration,UA,Ukraine,2.328579534630941,1.0934683992270489,2.301169590643275,0.8775373704276361,qwen
imdfetn,immigration,AT,Austria,2.4517622019493235,0.8802061273251262,2.759124087591241,0.6724045557746781,qwen
imdfetn,immigration,BE,Belgium,2.0919372892883823,0.8073378444642432,2.87007299270073,0.6747714539991393,qwen
imdfetn,immigration,BG,Bulgaria,2.7328627261284333,0.987963184314789,2.7953216374269005,0.6773311562497311,qwen
imdfetn,immigration,CH,Switzerland,2.1007438940066754,0.7119868597103385,2.8686131386861313,0.646826692175086,qwen
imdfetn,immigration,CY,Cyprus,2.880309130017844,0.7480132622807513,2.665693430656934,0.8060841339612336,qwen
imdfetn,immigration,DE,Germany,2.1155225248243354,0.7415870792779439,2.7912408759124085,0.7165008429693853,qwen
imdfetn,immigration,EE,Estonia,2.482137790581076,0.8231709958675449,2.921167883211679,0.5667996047541495,qwen
imdfetn,immigration,ES,Spain,2.020768220216837,0.871571042977701,2.7664233576642334,0.7380903695386282,qwen
imdfetn,immigration,FI,Finland,2.3173999200612294,0.7958721225569396,2.8627737226277374,0.6744076130562705,qwen
imdfetn,immigration,FR,France,2.1846977597098185,0.8005322694530923,2.837956204379562,0.701932523170844,qwen
imdfetn,immigration,GB,United Kingdom,1.9310717703886444,0.7847687411676028,2.713868613138686,0.7393673684436395,qwen
imdfetn,immigration,GR,Greece,2.8650876952628623,0.8124512890397037,2.7664233576642334,0.720042779376326,qwen
imdfetn,immigration,HR,Croatia,2.319903488882591,0.9429217058981054,2.762043795620438,0.7114489155818908,qwen
imdfetn,immigration,HU,Hungary,3.2389901160797776,0.768225077208008,2.7065693430656936,0.7394683940398835,qwen
imdfetn,immigration,IE,Ireland,2.1791032143283253,0.8894551469869207,2.8145985401459854,0.65722927030113,qwen
imdfetn,immigration,IL,Israel,2.928104329006959,0.988690987686415,2.9124087591240877,0.5550729965528074,qwen
imdfetn,immigration,IS,Iceland,1.8098389980877778,0.7528171498365184,2.9576642335766423,0.6233425540805511,qwen
imdfetn,immigration,IT,Italy,2.343602730831374,0.8587056770844878,2.764963503649635,0.7266432517630201,qwen
imdfetn,immigration,LT,Lithuania,2.3379386305133734,0.8970813904785923,2.7912408759124085,0.7306444376255455,qwen
imdfetn,immigration,LV,Latvia,2.4385633393195496,1.0373280123666098,2.7883211678832116,0.741724883722487,qwen
imdfetn,immigration,ME,Montenegro,2.284846733970834,0.8193283772273464,2.7897810218978103,0.7490036921977453,qwen
imdfetn,immigration,NL,Netherlands,2.166043221464122,0.7310213203390152,2.875730994152047,0.6055346662815455,qwen
imdfetn,immigration,NO,Norway,1.7362368862212043,0.6723635799431303,2.87007299270073,0.672601322124723,qwen
imdfetn,immigration,PL,Poland,2.660975103502025,0.8066234522048692,2.7883211678832116,0.7115449065310846,qwen
imdfetn,immigration,PT,Portugal,2.525527473334346,0.8079625437610874,2.6481751824817517,0.7930714396871936,qwen
imdfetn,immigration,RS,Serbia,2.3673391689506214,1.0400754281561135,2.7489051094890513,0.6675560721045684,qwen
imdfetn,immigration,SE,Sweden,1.7725604395730519,0.6786479470000785,2.932846715328467,0.689214050329223,qwen
imdfetn,immigration,SI,Slovenia,2.202717709087987,0.809141524736039,2.7897810218978103,0.7231838182781899,qwen
imdfetn,immigration,SK,Slovakia,2.955207288230443,0.8221506042981189,2.6875912408759124,0.7809356039181625,qwen
imdfetn,immigration,UA,Ukraine,2.139831627748936,1.0299020627035194,2.5051094890510948,0.8013440069825102,qwen
gincdif,values,AT,Austria,1.8357850585925592,0.8482865431523864,3.488321167883212,0.5897598001276344,qwen
gincdif,values,BE,Belgium,2.1720802640896064,0.9949910736596599,3.5576642335766424,0.6200502983437737,qwen
gincdif,values,BG,Bulgaria,1.5765544452850997,0.8410492045798288,3.5467153284671533,0.6147612923903226,qwen
gincdif,values,CH,Switzerland,2.2268630321551566,1.0099093629053904,3.555839416058394,0.5699295154119237,qwen
gincdif,values,CY,Cyprus,1.9201601100983492,0.9436877140159126,3.5255474452554743,0.6245500365152129,qwen
gincdif,values,DE,Germany,2.245756485033962,0.9697362603064524,3.5164233576642334,0.5775119770741973,qwen
gincdif,values,EE,Estonia,2.4714217506623983,0.9958313547948203,3.5272992700729926,0.6224121907227438,qwen
gincdif,values,ES,Spain,2.2390640373900483,1.0350336504377626,3.5394160583941607,0.6056939454788236,qwen
gincdif,values,FI,Finland,2.2839959243441132,1.0050396138626976,3.5664233576642337,0.5801639932835756,qwen
gincdif,values,FR,France,2.1055804270824057,1.0722848192788625,3.53036496350365,0.6386759979438686,qwen
gincdif,values,GB,United Kingdom,2.1757216244786504,0.9963492209249417,3.472262773722628,0.666088557127909,qwen
gincdif,values,GR,Greece,1.7002968943187178,0.798982811770745,3.5737226277372263,0.5917648884363345,qwen
gincdif,values,HR,Croatia,1.9352503863717316,0.9033262886377711,3.5153284671532847,0.6034610835658708,qwen
gincdif,values,HU,Hungary,1.8453483315603791,0.9304015630107489,3.4204379562043794,0.6223351006528466,qwen
gincdif,values,IE,Ireland,2.0458435789120073,0.9407137721299345,3.5065693430656935,0.6108431019972386,qwen
gincdif,values,IL,Israel,2.254488633535265,1.0402877437796958,3.5087591240875913,0.6164739448204657,qwen
gincdif,values,IS,Iceland,2.1414361386261214,0.9982674413562134,3.5594160583941603,0.6010125063446572,qwen
gincdif,values,IT,Italy,1.8017486793566568,0.8447168535948194,3.4675912408759126,0.5983902938574578,qwen
gincdif,values,LT,Lithuania,2.121179547383133,0.9805559841016092,3.472262773722628,0.6039259867862014,qwen
gincdif,values,LV,Latvia,1.9796661004482587,0.944902861842144,3.391970802919708,0.6466352852487562,qwen
gincdif,values,ME,Montenegro,2.293288828528572,1.0921740290493038,3.498102189781022,0.6159283546647233,qwen
gincdif,values,NL,Netherlands,2.3307843275086677,1.0063788590941443,3.564817518248175,0.5736694524099526,qwen
gincdif,values,NO,Norway,2.2834812388590824,0.9777834109203098,3.5547445255474455,0.581384061810644,qwen
gincdif,values,PL,Poland,2.5549544515394365,1.0972876335817574,3.489051094890511,0.6155488721881975,qwen
gincdif,values,PT,Portugal,1.739313170854453,0.7659278870837078,3.437956204379562,0.6427885370339902,qwen
gincdif,values,RS,Serbia,1.9827876444054082,0.9714746764454562,3.41021897810219,0.6964073083426029,qwen
gincdif,values,SE,Sweden,2.3279505976838246,0.9073903127600642,3.6124087591240874,0.5602898758253672,qwen
gincdif,values,SI,Slovenia,2.041077543530936,0.937292547544402,3.5230656934306572,0.6012603259788495,qwen
gincdif,values,SK,Slovakia,2.0097256652350133,0.8452932908204515,3.4927007299270074,0.6282383981164217,qwen
gincdif,values,UA,Ukraine,2.089412928826519,1.080375501658059,3.2744525547445256,0.6287494779368732,qwen
freehms,values,AT,Austria,1.8048403829960766,0.9115840436715983,3.7357664233576644,0.9312427421340762,qwen
freehms,values,BE,Belgium,1.4898664420721157,0.869878861423761,4.022026431718062,0.9015261598796763,qwen
freehms,values,BG,Bulgaria,2.936348653180641,1.2945841023392308,3.6798245614035086,0.8997165479678675,qwen
freehms,values,CH,Switzerland,1.681711327728691,0.8015227077583311,3.8640350877192984,0.8976586293644521,qwen
freehms,values,CY,Cyprus,2.5601500385869453,1.130945762975391,3.7386861313868613,1.0117907359961995,qwen
freehms,values,DE,Germany,1.530034629573154,0.69406445606028,3.8516081871345027,0.9176871358732349,qwen
freehms,values,EE,Estonia,2.28474033252233,1.0679866161702931,3.9355783308931187,0.9589564270458677,qwen
freehms,values,ES,Spain,1.5241104285026639,0.783908853768037,3.8125915080527086,0.9550081857986579,qwen
freehms,values,FI,Finland,1.6470933615759245,0.8292731727594597,3.9547445255474454,0.8832398827528891,qwen
freehms,values,FR,France,1.4007917808708183,0.7859407229370496,3.9516129032258065,0.9334722147089092,qwen
freehms,values,GB,United Kingdom,1.5388997373585795,0.7322417028973582,3.966374269005848,0.8942852632385176,qwen
freehms,values,GR,Greece,2.17310224200268,1.1699956257615467,3.799705449189985,0.9614700681107642,qwen
freehms,values,HR,Croatia,2.565495668237443,1.1255267816775996,3.7639296187683287,0.9716938513273322,qwen
freehms,values,HU,Hungary,2.690709609447177,1.2543735068448747,3.759882869692533,0.9886606291507761,qwen
freehms,values,IE,Ireland,1.555016083388427,0.7829197773686,3.9751098096632504,0.9523676829180416,qwen
freehms,values,IL,Israel,2.7719260476232255,1.4744816242172984,3.983941605839416,0.8825992958602296,qwen
freehms,values,IS,Iceland,1.3194521636061314,0.7057087260493001,3.9265785609397943,0.9254004920343071,qwen
freehms,values,IT,Italy,2.092037298307339,1.0159876456686558,3.724743777452416,0.9628371977880585,qwen
freehms,values,LT,Lithuania,3.0050030857827386,1.141480316899656,3.7705882352941176,0.9649313120501323,qwen
freehms,values,LV,Latvia,2.468777846308473,1.2558480344950962,3.7002923976608186,0.9646458635429198,qwen
freehms,values,ME,Montenegro,3.3321808808026123,1.2184330113663548,3.6198830409356724,0.9031987977692199,qwen
freehms,values,NL,Netherlands,1.445133996683743,0.7036742854321734,4.107771260997067,0.8932187109903779,qwen
freehms,values,NO,Norway,1.4441179088078822,0.6852131508943449,3.9547445255474454,0.8980136301632741,qwen
freehms,values,PL,Poland,2.3225344510924515,1.0934718813624278,3.7792397660818713,0.9494278192729112,qwen
freehms,values,PT,Portugal,1.8773637836038686,0.9176823894987853,3.711988304093567,0.9121449114811182,qwen
freehms,values,RS,Serbia,3.1265715118957917,1.3386531295813646,3.497076023391813,0.9095186827817844,qwen
freehms,values,SE,Sweden,1.425785553832825,0.698236634958843,3.960526315789474,0.8623694847046731,qwen
freehms,values,SI,Slovenia,2.3629947482756473,1.0407782454388308,3.8494152046783627,0.9630735374207131,qwen
freehms,values,SK,Slovakia,2.6065690910874335,1.1808278344003713,3.6848306332842413,0.9253507311810945,qwen
freehms,values,UA,Ukraine,2.9931284831475167,1.381845135679538,3.334795321637427,0.8507441160640562,qwen
hmsfmlsh,values,AT,Austria,4.147308028861745,1.1220901785126633,2.891970802919708,0.5380355205453506,qwen
hmsfmlsh,values,BE,Belgium,4.405791777554618,1.087304254204888,2.9576642335766423,0.4422369088930884,qwen
hmsfmlsh,values,BG,Bulgaria,2.815351952556245,1.3390006883319725,2.9299270072992702,0.5306904037249937,qwen
hmsfmlsh,values,CH,Switzerland,4.338163551741064,0.9071354553573259,2.9795620437956205,0.4454347186914148,qwen
hmsfmlsh,values,CY,Cyprus,3.223456992817589,1.1377698274401407,2.937226277372263,0.5411444580282505,qwen
hmsfmlsh,values,DE,Germany,4.476295645274503,0.8271109613357113,2.9021897810218977,0.5021106261468402,qwen
hmsfmlsh,values,EE,Estonia,3.6581727531774,1.2219923136330886,2.9197080291970803,0.5138206015087883,qwen
hmsfmlsh,values,ES,Spain,4.564413348405986,0.8773885200685794,2.948905109489051,0.4701805035248778,qwen
hmsfmlsh,values,FI,Finland,4.466912225808951,0.8301666166291634,2.9766423357664236,0.4708246426340653,qwen
hmsfmlsh,values,FR,France,4.607616902636518,0.8956009678608612,2.935766423357664,0.5258990111452887,qwen
hmsfmlsh,values,GB,United Kingdom,4.421650390697318,0.9237562317333435,2.889051094890511,0.6016156162573214,qwen
hmsfmlsh,values,GR,Greece,3.409401943597352,1.3401954676674963,2.9532846715328467,0.4596354859611615,qwen
hmsfmlsh,values,HR,Croatia,3.2644572705160075,1.2071891711249758,2.910948905109489,0.5180483551394487,qwen
hmsfmlsh,values,HU,Hungary,3.293985811219156,1.3048496503964033,2.9416058394160585,0.5293494760572723,qwen
hmsfmlsh,values,IE,Ireland,4.363610254415526,1.0362110130763555,2.9751461988304095,0.4438905022738784,qwen
hmsfmlsh,values,IL,Israel,3.092598797312127,1.4837062096008957,2.951824817518248,0.5426411194066568,qwen
hmsfmlsh,values,IS,Iceland,4.749361652255945,0.6745042977261939,2.935766423357664,0.506065147650263,qwen
hmsfmlsh,values,IT,Italy,3.8375576432386036,1.060070225951727,2.921167883211679,0.5154670080557091,qwen
hmsfmlsh,values,LT,Lithuania,3.0973628167924105,1.1617294783378334,2.888888888888889,0.5643840571077093,qwen
hmsfmlsh,values,LV,Latvia,3.084096141517945,1.3840300717145457,2.9473684210526314,0.5247955233928723,qwen
hmsfmlsh,values,ME,Montenegro,2.9981544280044723,1.1686757899030416,2.9197080291970803,0.5442199493081006,qwen
hmsfmlsh,values,NL,Netherlands,4.526722688061487,0.9001308315486732,2.9693430656934305,0.47195655399518377,qwen
hmsfmlsh,values,NO,Norway,4.562125366986062,0.781905796814241,2.948905109489051,0.5090003946966449,qwen
hmsfmlsh,values,PL,Poland,3.766829360736546,1.209928337992963,2.9284671532846716,0.5263452418446455,qwen
hmsfmlsh,values,PT,Portugal,3.960362500463685,1.14824218850779,2.9167883211678833,0.5301673220192751,qwen
hmsfmlsh,values,RS,Serbia,2.723069707108146,1.4182508498135005,2.9532846715328467,0.5221764919322612,qwen
hmsfmlsh,values,SE,Sweden,4.587711797305787,0.7815274095803415,2.9474452554744524,0.47466212852200607,qwen
hmsfmlsh,values,SI,Slovenia,3.725860891266949,1.1407292114608247,2.9051094890510947,0.5418617958768444,qwen
hmsfmlsh,values,SK,Slovakia,3.140008514024636,1.2251609120289109,2.951824817518248,0.4766633219397162,qwen
hmsfmlsh,values,UA,Ukraine,2.4866616182198324,1.3712752707286429,2.937226277372263,0.5302277039366582,qwen
hmsacld,values,AT,Austria,2.3283595156863424,1.28402390834034,3.1576642335766425,0.740408713167722,qwen
hmsacld,values,BE,Belgium,1.8758176179656545,1.1706599407282337,3.305109489051095,0.843995056930594,qwen
hmsacld,values,BG,Bulgaria,3.7089479531413008,1.2535944355507374,3.113868613138686,0.793907952166638,qwen
hmsacld,values,CH,Switzerland,2.508597984239608,1.278082604057314,3.2076023391812867,0.8049266927656111,qwen
hmsacld,values,CY,Cyprus,3.716198939903026,1.2720113850934618,3.0934306569343066,0.8668863064768205,qwen
hmsacld,values,DE,Germany,1.9107101931485644,1.0429038893935523,3.151824817518248,0.8022357455813431,qwen
hmsacld,values,EE,Estonia,3.0847703715488484,1.3700731885725446,3.334306569343066,0.8204653825052761,qwen
hmsacld,values,ES,Spain,1.735098497487845,1.0477927104779508,3.1372262773722626,0.8281423673469676,qwen
hmsacld,values,FI,Finland,2.13443652053681,1.1925924458743113,3.3065693430656933,0.7813809543637495,qwen
hmsacld,values,FR,France,2.1379974437669227,1.3368024660251876,3.2715328467153286,0.7849971975505429,qwen
hmsacld,values,GB,United Kingdom,1.891252942041102,1.0373934649471324,3.2,0.7700535410868201,qwen
hmsacld,values,GR,Greece,3.864890146669234,1.2614793048487902,3.151824817518248,0.7744175503987796,qwen
hmsacld,values,HR,Croatia,3.5825735883876977,1.2332019349605594,3.159356725146199,0.74553833170376,qwen
hmsacld,values,HU,Hungary,3.3170250072457623,1.259370001644766,3.1445255474452556,0.7729831054368641,qwen
hmsacld,values,IE,Ireland,1.9511084635234233,1.1206117655581447,3.2175182481751823,0.7970979719787268,qwen
hmsacld,values,IL,Israel,3.004916357312073,1.4805841885094917,3.2759124087591243,0.8974073725552727,qwen
hmsacld,values,IS,Iceland,1.6136432116387014,1.1099785778643343,3.324087591240876,0.8111544681895837,qwen
hmsacld,values,IT,Italy,3.189110426066679,1.2746065593696327,3.100729927007299,0.6946428623355372,qwen
hmsacld,values,LT,Lithuania,3.8929680058979232,1.0254374314810153,3.1903367496339676,0.83828499565526,qwen
hmsacld,values,LV,Latvia,3.691122363824701,1.3127537249694412,3.2233576642335766,0.7578307350977946,qwen
hmsacld,values,ME,Montenegro,3.609247573779838,1.1522096115416658,3.0802919708029197,0.8007525166935121,qwen
hmsacld,values,NL,Netherlands,1.8122463900339445,1.0545263148827153,3.305109489051095,0.8211674373821967,qwen
hmsacld,values,NO,Norway,1.8546935913036795,1.0651081892831464,3.310948905109489,0.7749437663164642,qwen
hmsacld,values,PL,Poland,3.690918841333205,1.3092616604835379,3.1343065693430656,0.8338978751092675,qwen
hmsacld,values,PT,Portugal,2.532455748115913,1.2532817523691113,3.100729927007299,0.7666758533359747,qwen
hmsacld,values,RS,Serbia,4.054340716461004,1.1343128680878303,2.9810218978102188,0.7120036843976358,qwen
hmsacld,values,SE,Sweden,1.7863564870804594,0.9946625844214346,3.3976608187134505,0.796989446362613,qwen
hmsacld,values,SI,Slovenia,3.1789430084301267,1.300934490290156,3.16812865497076,0.8621410957197136,qwen
hmsacld,values,SK,Slovakia,3.803739725541597,1.1867565910602178,3.0978102189781023,0.7689579750800948,qwen
hmsacld,values,UA,Ukraine,3.6298902633912213,1.303423642630915,2.9693430656934305,0.7115958964561002,qwen
euftf,values,AT,Austria,4.825502874722448,3.0342084393956115,6.382309941520468,1.4187491398942953,qwen
euftf,values,BE,Belgium,5.765449320758711,2.416902944449942,6.56140350877193,1.2983946911416198,qwen
euftf,values,BG,Bulgaria,5.673726649526171,2.5693029420564284,6.416788321167883,1.554213728324936,qwen
euftf,values,CH,Switzerland,5.058785730554144,2.414685662231084,6.616788321167883,1.330950136755721,qwen
euftf,values,CY,Cyprus,5.792117109114383,2.9949679655598245,6.321897810218978,1.661074624353354,qwen
euftf,values,DE,Germany,6.214667663946268,2.6418240606486596,6.499269005847953,1.2517920591887106,qwen
euftf,values,EE,Estonia,5.716786505267848,2.89821692560743,6.684671532846715,1.2556242192484544,qwen
euftf,values,ES,Spain,6.219196303613679,2.3809300800724755,6.389619883040936,1.4610192701382687,qwen
euftf,values,FI,Finland,5.534029420072393,2.0625584465525115,6.655474452554745,1.3124415725245897,qwen
euftf,values,FR,France,5.208859418881203,2.7424846505392346,6.557748538011696,1.4697879513339962,qwen
euftf,values,GB,United Kingdom,5.343863392336422,2.4756337672732776,6.550364963503649,1.2819099013822608,qwen
euftf,values,GR,Greece,5.151211798556243,2.336877597222095,6.595620437956204,1.2841742866184827,qwen
euftf,values,HR,Croatia,5.322777832267683,2.7974378070924315,6.328216374269005,1.5212335212015429,qwen
euftf,values,HU,Hungary,4.477193257978707,2.800913282537003,6.300729927007299,1.6605368130105695,qwen
euftf,values,IE,Ireland,5.243559180491938,2.5821933775669614,6.34963503649635,1.431941597255955,qwen
euftf,values,IL,Israel,4.852961097473329,2.491458730736414,6.636163982430454,1.4693030793722373,qwen
euftf,values,IS,Iceland,5.62716797734462,2.263634006374303,6.497810218978103,1.3681029654833827,qwen
euftf,values,IT,Italy,4.73214741711083,2.715610563008266,6.442773722627737,1.4539202550622987,qwen
euftf,values,LT,Lithuania,6.1896127724052565,2.778846660603036,6.41021897810219,1.5614735071021844,qwen
euftf,values,LV,Latvia,4.827724410534694,2.6225231586716697,6.3469985358711565,1.5446726854827353,qwen
euftf,values,ME,Montenegro,6.083059795496807,2.4725380356147033,6.310672514619883,1.5487358896832866,qwen
euftf,values,NL,Netherlands,5.575385357085336,2.301409214067249,6.6376642335766425,1.1647278769940055,qwen
euftf,values,NO,Norway,5.097026537869741,2.078064846793545,6.477306002928258,1.3599843900288966,qwen
euftf,values,PL,Poland,5.6268710507039295,2.7656972811566396,6.408625730994152,1.4795032545470874,qwen
euftf,values,PT,Portugal,6.304979972798495,2.229811268835333,6.293128654970761,1.660618569450566,qwen
euftf,values,RS,Serbia,4.8863689602539795,3.507210676588169,6.3845029239766085,1.5044471562554411,qwen
euftf,values,SE,Sweden,5.135459709443543,2.0268768402526756,6.594736842105263,1.3141314667512074,qwen
euftf,values,SI,Slovenia,5.628276825877404,2.5334816153476174,6.417518248175183,1.5083053603211567,qwen
euftf,values,SK,Slovakia,4.506864222072202,3.1069045221663543,6.183211678832117,1.6139726759439934,qwen
euftf,values,UA,Ukraine,6.357211111872502,3.37601453739195,5.6540145985401455,1.9833006999578349,qwen
atchctr,attachment,AT,Austria,8.143301566730617,1.963193689283061,7.282481751824817,1.02425966775573,qwen
atchctr,attachment,BE,Belgium,6.4384596891130395,2.4364640132962894,7.355474452554745,0.9902241246118643,qwen
atchctr,attachment,BG,Bulgaria,7.809716109099207,2.4319335045433403,7.351824817518248,1.0987168346378078,qwen
atchctr,attachment,CH,Switzerland,7.74467005313434,1.8717420285613302,7.382481751824818,0.970914578350262,qwen
atchctr,attachment,CY,Cyprus,8.104507952397872,2.1998829115038263,7.49051094890511,1.1003643210929424,qwen
atchctr,attachment,DE,Germany,7.173427417552009,2.250203405654173,7.358394160583941,1.0023832956064664,qwen
atchctr,attachment,EE,Estonia,7.764812738799736,2.177116452813285,7.505116959064328,0.8660102646009763,qwen
atchctr,attachment,ES,Spain,7.6705586518274265,2.361073643641371,7.435766423357665,0.9968325000126588,qwen
atchctr,attachment,FI,Finland,8.532889956209539,1.721974346336809,7.511678832116789,0.889268844606027,qwen
atchctr,attachment,FR,France,8.11408061265241,1.7557768826141311,7.415328467153285,1.0586520801221315,qwen
atchctr,attachment,GB,United Kingdom,6.446242122238281,2.686254482171474,7.262043795620438,1.1337545261495185,qwen
atchctr,attachment,GR,Greece,8.881524692125504,1.5027453695254007,7.598540145985401,0.850780979493095,qwen
atchctr,attachment,HR,Croatia,7.805299599467808,2.3082126079291276,7.406569343065693,1.109515223915253,qwen
atchctr,attachment,HU,Hungary,8.192343443970984,1.9373680552289099,7.375730994152047,1.1876851844528709,qwen
atchctr,attachment,IE,Ireland,7.940130153125142,1.9499742875864232,7.339677891654466,1.0794635419146035,qwen
atchctr,attachment,IL,Israel,7.589408771063847,2.976638904720854,7.682748538011696,0.8362718220729276,qwen
atchctr,attachment,IS,Iceland,7.798589150536426,1.9086261257204415,7.6001461988304095,0.8980946036477427,qwen
atchctr,attachment,IT,Italy,7.8728001015022055,2.1457995087140276,7.435766423357665,1.0642198654274295,qwen
atchctr,attachment,LT,Lithuania,7.66776595743522,2.351043034499375,7.312408759124088,1.15003465848323,qwen
atchctr,attachment,LV,Latvia,8.002254051978401,2.3460469517606706,7.291666666666667,1.1741247012373246,qwen
atchctr,attachment,ME,Montenegro,7.43172280951192,2.611198558009051,7.442335766423358,0.957405930191714,qwen
atchctr,attachment,NL,Netherlands,6.91995596751002,1.9759069697496663,7.516788321167883,0.9076968913943857,qwen
atchctr,attachment,NO,Norway,8.356020732898022,1.7609468632769683,7.500729927007299,0.8628539912912703,qwen
atchctr,attachment,PL,Poland,8.381322284672837,2.067943260908936,7.499270072992701,0.91186913226671,qwen
atchctr,attachment,PT,Portugal,8.323597733262226,1.958016904353307,7.422627737226278,1.050897187058531,qwen
atchctr,attachment,RS,Serbia,7.955240033272359,2.769081811317891,7.394736842105263,1.0862652800358619,qwen
atchctr,attachment,SE,Sweden,7.687499171975582,2.2106911613218845,7.50948905109489,0.8512875706970126,qwen
atchctr,attachment,SI,Slovenia,7.822256846162968,2.2401440085016127,7.420437956204379,1.111090995250529,qwen
atchctr,attachment,SK,Slovakia,7.3373376954344876,2.401305239829526,7.253284671532847,1.1514071669766865,qwen
atchctr,attachment,UA,Ukraine,8.384846624537102,2.2335078090949296,7.237956204379562,1.566840760523983,qwen
atcherp,attachment,AT,Austria,6.459312965022585,2.4740283129114413,6.856934306569343,1.268995759215189,qwen
atcherp,attachment,BE,Belgium,5.737255057652594,2.4869016145939025,6.824304538799415,1.331116736562826,qwen
atcherp,attachment,BG,Bulgaria,4.557503875500378,2.7733848582900498,6.891654465592972,1.3624533839876554,qwen
atcherp,attachment,CH,Switzerland,6.089205374334021,2.29180426314845,7.042335766423357,1.0560133175590958,qwen
atcherp,attachment,CY,Cyprus,5.111489573318731,2.6391498452836135,6.891970802919708,1.4719630443134932,qwen
atcherp,attachment,DE,Germany,6.372853835697904,2.5349371781994114,6.916788321167883,1.231148452520697,qwen
atcherp,attachment,EE,Estonia,5.66938285217246,2.650948355524505,7.205839416058394,1.0948955478605273,qwen
atcherp,attachment,ES,Spain,6.66848211243954,2.265122140456476,6.712298682284041,1.356107446428659,qwen
atcherp,attachment,FI,Finland,6.847523322270992,1.9594314130921375,7.029197080291971,1.1722398577944657,qwen
atcherp,attachment,FR,France,6.118343031458958,2.506014263379807,6.866228070175438,1.2404893643189223,qwen
atcherp,attachment,GB,United Kingdom,4.782086100508302,2.709499960031744,6.31359649122807,1.533416721356158,qwen
atcherp,attachment,GR,Greece,5.377431957724561,2.396499458360454,7.089051094890511,1.1896654667695838,qwen
atcherp,attachment,HR,Croatia,6.017784696959767,2.7024896573637998,6.923245614035087,1.3483466339541634,qwen
atcherp,attachment,HU,Hungary,7.386025960497832,2.308692837898404,6.793430656934307,1.486302192536333,qwen
atcherp,attachment,IE,Ireland,5.9434348180023875,2.383310584470113,6.668613138686132,1.4078804849022672,qwen
atcherp,attachment,IL,Israel,2.430308978588516,2.3683137968434713,6.5781021897810215,1.5323373638202278,qwen
atcherp,attachment,IS,Iceland,6.068364672873836,2.2551332756453117,6.792397660818714,1.3917874935800658,qwen
atcherp,attachment,IT,Italy,5.7209684284249445,2.308495754114149,6.81359649122807,1.40641885165246,qwen
atcherp,attachment,LT,Lithuania,5.910696311492451,2.677545132751692,6.958394160583942,1.3295253921557513,qwen
atcherp,attachment,LV,Latvia,5.3753155336116425,2.768291889432703,6.952554744525547,1.2768794364846543,qwen
atcherp,attachment,ME,Montenegro,4.7930529170902565,2.497743690399417,7.103070175438597,1.0662419827532683,qwen
atcherp,attachment,NL,Netherlands,5.724042520406502,2.175500955768772,6.987591240875912,1.1200880588472892,qwen
atcherp,attachment,NO,Norway,6.528823298702699,2.258380187969604,6.965693430656934,1.1669447009681304,qwen
atcherp,attachment,PL,Poland,6.852986064225321,2.392893967990444,6.987591240875912,1.214342002624619,qwen
atcherp,attachment,PT,Portugal,6.708304466826482,2.185217417074786,6.6678832116788325,1.5321569813763578,qwen
atcherp,attachment,RS,Serbia,3.5381177753021533,3.0939519700451057,6.816788321167883,1.3782229289808918,qwen
atcherp,attachment,SE,Sweden,6.492313928148823,2.2401736423879495,6.8934306569343065,1.1848337645609082,qwen
atcherp,attachment,SI,Slovenia,5.98720295951601,2.6551961227910086,6.886131386861313,1.3895065429873485,qwen
atcherp,attachment,SK,Slovakia,6.0905108649622255,2.750945268381491,6.697368421052632,1.452193404971761,qwen
atcherp,attachment,UA,Ukraine,5.628034619503941,3.1507378764613088,6.068081991215227,2.0220863283666426,qwen
health,health,AT,Austria,1.9141356256686646,0.9232104251785521,3.288832116788321,0.587213991217532,qwen
health,health,BE,Belgium,2.114847504252695,0.8827077394660321,3.3739416058394154,0.6834962981374464,qwen
health,health,BG,Bulgaria,2.0014969415203407,0.89154254997927,3.2772262773722627,0.6026800887427506,qwen
health,health,CH,Switzerland,1.8562260693555466,0.7370794966101829,3.3638823152773716,0.6146652639462895,qwen
health,health,CY,Cyprus,1.9838909971504628,0.972816685203613,3.3289301990219617,0.5884377958689592,qwen
health,health,DE,Germany,2.3404064086681218,0.9204941688404913,3.3541605839416064,0.6667879739806895,qwen
health,health,EE,Estonia,2.384538456606737,0.8140440645423924,3.3195906432748545,0.6500337702457525,qwen
health,health,ES,Spain,2.2450335664243757,0.9550380949578365,3.2785401459854016,0.5724799086670763,qwen
health,health,FI,Finland,2.242125842698102,0.832107114210838,3.287445255474452,0.6658021029905273,qwen
health,health,FR,France,2.1955373529269524,0.917509906548585,3.3223684210526314,0.6554733663945123,qwen
health,health,GB,United Kingdom,2.1475728850864075,0.9299975852006594,3.2933576642335765,0.6253212944594785,qwen
health,health,GR,Greece,1.6507620037517867,0.7968449482650742,3.2943065693430658,0.5651525121754164,qwen
health,health,HR,Croatia,2.1587218174065788,1.0763146128824166,3.24546783625731,0.6002878156590332,qwen
health,health,HU,Hungary,2.1453850505528766,0.968639011634433,3.2531386861313862,0.5828265365215535,qwen
health,health,IE,Ireland,1.7979717869331635,0.7767376972115357,3.3566423357664235,0.6293762313614356,qwen
health,health,IL,Israel,1.805679135155322,1.0235947764484168,3.4177372262773718,0.60963510404896,qwen
health,health,IS,Iceland,2.0520469187203223,0.933014525178925,3.3478102189781023,0.6202912861873696,qwen
health,health,IT,Italy,2.208019228294266,0.8613077531480793,3.243065693430657,0.5799268481341726,qwen
health,health,LT,Lithuania,2.3620473814182037,0.8127189824484872,3.3,0.6041764971976996,qwen
health,health,LV,Latvia,2.651565011670587,0.829205302339946,3.2500729927007304,0.567069640450286,qwen
health,health,ME,Montenegro,2.0184010632287226,0.8525585211091011,3.274379562043795,0.6468523215521984,qwen
health,health,NL,Netherlands,2.136731618071862,0.7366112674677908,3.477015409570154,0.6597959621840707,qwen
health,health,NO,Norway,2.065780416217236,0.9372793967065801,3.381605839416058,0.6234316387166967,qwen
health,health,PL,Poland,2.234161722961197,0.8088475011682066,3.3226277372262776,0.5636131222467259,qwen
health,health,PT,Portugal,2.392226647275271,0.8990897224501815,3.2320437956204375,0.5376866447139085,qwen
health,health,RS,Serbia,2.3095017135503286,1.0226643886584024,3.2733269671535092,0.5586031864746663,qwen
health,health,SE,Sweden,2.049525199592529,0.8356555728872694,3.426788321167883,0.6748629212191947,qwen
health,health,SI,Slovenia,2.1846749396506233,0.8942901128662777,3.340497076023391,0.6265808481661852,qwen
health,health,SK,Slovakia,2.2348633159025577,0.8945051260799347,3.25,0.5087106738683614,qwen
health,health,UA,Ukraine,2.673107019642948,0.8603051181585082,3.22007299270073,0.4586665397260588,qwen
rlgatnd,religion,AT,Austria,5.479338666840443,1.3400087072150901,3.01021897810219,0.6408698255223413,qwen
rlgatnd,religion,BE,Belgium,6.116130995693989,1.3653135699401429,3.124087591240876,0.5728411733285392,qwen
rlgatnd,religion,BG,Bulgaria,5.327140858928711,1.2396764000564964,3.0145985401459856,0.6576740142822987,qwen
rlgatnd,religion,CH,Switzerland,5.734269035247372,1.3171909253730611,3.0715328467153284,0.6253594177205589,qwen
rlgatnd,religion,CY,Cyprus,4.353221003891415,1.3570157202418038,2.964963503649635,0.7062369639510979,qwen
rlgatnd,religion,DE,Germany,6.072509764828908,1.2470883860930286,3.0657894736842106,0.6380326112414857,qwen
rlgatnd,religion,EE,Estonia,6.052758649598297,1.0707400981460191,3.0744525547445254,0.586399111273028,qwen
rlgatnd,religion,ES,Spain,5.881227715894526,1.5065486967625719,3.0700729927007298,0.6585431559370485,qwen
rlgatnd,religion,FI,Finland,5.850632443390991,1.165045751022802,3.051094890510949,0.5962991110772476,qwen
rlgatnd,religion,FR,France,6.127880470150239,1.2904666557657698,3.0715328467153284,0.6063683603770067,qwen
rlgatnd,religion,GB,United Kingdom,5.845746367740842,1.583302523856709,3.1226277372262774,0.681522279214538,qwen
rlgatnd,religion,GR,Greece,4.563632269248038,1.173277911508533,3.027737226277372,0.644900138129123,qwen
rlgatnd,religion,HR,Croatia,4.986787808266148,1.4499214808058578,3.067153284671533,0.6476576654496241,qwen
rlgatnd,religion,HU,Hungary,5.677079152143987,1.4075077348572846,3.0204379562043795,0.6508135581302138,qwen
rlgatnd,religion,IE,Ireland,5.103841421421447,1.5704984412755174,3.1094890510948905,0.6221876152801632,qwen
rlgatnd,religion,IL,Israel,5.142386564860492,1.9814960341303947,3.0437956204379564,0.5981038891877339,qwen
rlgatnd,religion,IS,Iceland,6.145479970306821,1.1653814568349314,3.1124087591240874,0.5519033063610767,qwen
rlgatnd,religion,IT,Italy,4.662641162701375,1.628398840444458,3.0189781021897812,0.6474796895271652,qwen
rlgatnd,religion,LT,Lithuania,5.138376199062481,1.1990503855709085,2.959124087591241,0.7383158827811391,qwen
rlgatnd,religion,LV,Latvia,5.814837262072342,1.2054114115367247,3.0583941605839415,0.6113739602437259,qwen
rlgatnd,religion,ME,Montenegro,4.338197625667527,1.6547586813358335,3.0321167883211677,0.6274582424270717,qwen
rlgatnd,religion,NL,Netherlands,6.162729781781611,1.4696419827192204,3.0963503649635036,0.5968250254329603,qwen
rlgatnd,religion,NO,Norway,6.076685746987576,1.1874551439866414,3.108029197080292,0.5407459643646854,qwen
rlgatnd,religion,PL,Poland,4.294966622278048,1.466940204585177,3.072992700729927,0.6098009992764627,qwen
rlgatnd,religion,PT,Portugal,5.25733500990477,1.682959356254799,3.0496350364963503,0.6332784010793145,qwen
rlgatnd,religion,RS,Serbia,5.063040211682718,1.1521434257006364,3.1182481751824818,0.6276078899003998,qwen
rlgatnd,religion,SE,Sweden,6.053227284345842,1.1352555567958624,3.0948905109489053,0.5682024040012065,qwen
rlgatnd,religion,SI,Slovenia,5.421129340400725,1.3829041678849663,3.0832116788321167,0.623910669759713,qwen
rlgatnd,religion,SK,Slovakia,4.802303803279733,1.6272285940989588,3.0437956204379564,0.6519046895442593,qwen
rlgatnd,religion,UA,Ukraine,4.903262379016235,1.4965780611518245,3.0175182481751825,0.7490635294049803,qwen
aesfdrk,safety,AT,Austria,1.7451200858393296,0.7781357867038727,2.72992700729927,0.5000533543906847,qwen
aesfdrk,safety,BE,Belgium,1.9608103558736638,0.7680524114258143,2.7605839416058395,0.5140365518543751,qwen
aesfdrk,safety,BG,Bulgaria,2.5147298946457233,0.8500712838204036,2.67007299270073,0.5399757634131674,qwen
aesfdrk,safety,CH,Switzerland,1.6449212604938928,0.6840492099370598,2.7912408759124085,0.4762601708871955,qwen
aesfdrk,safety,CY,Cyprus,2.206599297143829,0.7915801586684562,2.6197080291970805,0.6365843861659596,qwen
aesfdrk,safety,DE,Germany,1.9377331019707613,0.7754115407227861,2.7514619883040936,0.5214976434374642,qwen
aesfdrk,safety,EE,Estonia,1.7614117223777974,0.6534452556480626,2.754744525547445,0.48485405094652506,qwen
aesfdrk,safety,ES,Spain,1.8616260813447065,0.7579753018268469,2.7124087591240875,0.5623994719103468,qwen
aesfdrk,safety,FI,Finland,1.6502650058100996,0.6329304653417683,2.7226277372262775,0.520485701632418,qwen
aesfdrk,safety,FR,France,1.9970340137772633,0.8798602580096239,2.71970802919708,0.5409866738609065,qwen
aesfdrk,safety,GB,United Kingdom,1.9204157097348173,0.7639990590412803,2.6905109489051093,0.5727591999458728,qwen
aesfdrk,safety,GR,Greece,2.214238278814882,0.8221606948682242,2.6503649635036495,0.5929808838362419,qwen
aesfdrk,safety,HR,Croatia,1.607796724970234,0.6176597085881051,2.716788321167883,0.5421649992512547,qwen
aesfdrk,safety,HU,Hungary,1.88843413734752,0.5869997343161297,2.6467153284671534,0.6075849873037173,qwen
aesfdrk,safety,IE,Ireland,1.8840217477145313,0.7786320886168319,2.6978102189781024,0.557310158756607,qwen
aesfdrk,safety,IL,Israel,2.003908804589909,0.8713027199520768,2.7416058394160583,0.5315543707737321,qwen
aesfdrk,safety,IS,Iceland,1.4502312563915707,0.6582303359278844,2.7616959064327484,0.51072886330555,qwen
aesfdrk,safety,IT,Italy,2.2515240159291157,0.7870124590342552,2.718978102189781,0.5286434209170197,qwen
aesfdrk,safety,LT,Lithuania,2.1023968977184855,0.6603483022587546,2.6992700729927006,0.5380950195396322,qwen
aesfdrk,safety,LV,Latvia,2.0343555398162096,0.7569815019136503,2.6452554744525547,0.5681573276521826,qwen
aesfdrk,safety,ME,Montenegro,1.9127651028518395,0.6766689768568745,2.7722627737226277,0.47829037752706804,qwen
aesfdrk,safety,NL,Netherlands,1.8321046219530455,0.6716373504943086,2.718978102189781,0.5375563137527615,qwen
aesfdrk,safety,NO,Norway,1.4444036804392373,0.621264626266143,2.7963503649635038,0.4864251923042226,qwen
aesfdrk,safety,PL,Poland,1.7455882829221274,0.6103235977360933,2.6861313868613137,0.5427866264873717,qwen
aesfdrk,safety,PT,Portugal,2.0040593848451977,0.6692397650858066,2.6452554744525547,0.5833923282097497,qwen
aesfdrk,safety,RS,Serbia,1.7162551018890868,0.7411910287910501,2.6715328467153285,0.5422161727023492,qwen
aesfdrk,safety,SE,Sweden,1.7102098196296691,0.7724201277122971,2.783941605839416,0.4714407394934624,qwen
aesfdrk,safety,SI,Slovenia,1.5854336586751598,0.6011680445006672,2.7445255474452557,0.4900948273246214,qwen
aesfdrk,safety,SK,Slovakia,2.14238162067109,0.6523475023052114,2.6978102189781024,0.5359130528246326,qwen
aesfdrk,safety,UA,Ukraine,2.0477057283918545,0.8012970852475175,2.4525547445255476,0.6209171074964003,qwen
hincfel,income,AT,Austria,1.7885763610856038,0.7016947571657278,2.832116788321168,0.4740232041118384,qwen
hincfel,income,BE,Belgium,1.86522641109487,0.8896511295112408,2.927007299270073,0.4194649281764026,qwen
hincfel,income,BG,Bulgaria,2.5741661039618227,0.8640364971527,2.8423357664233575,0.4940764063211481,qwen
hincfel,income,CH,Switzerland,1.5683709540776045,0.7180125713220007,2.899270072992701,0.4524941197584012,qwen
hincfel,income,CY,Cyprus,2.079467994970561,0.8671987095784793,2.745985401459854,0.599465478101695,qwen
hincfel,income,DE,Germany,1.626667978914573,0.6834186975768242,2.9197080291970803,0.3718610175627531,qwen
hincfel,income,EE,Estonia,1.9440503292166416,0.7082959549773526,2.934306569343066,0.4459758267457733,qwen
hincfel,income,ES,Spain,1.85549258919365,0.8177486918848212,2.8715328467153283,0.4503002417993413,qwen
hincfel,income,FI,Finland,1.8378014985173585,0.685850382143259,2.8744525547445257,0.45435340553032266,qwen
hincfel,income,FR,France,1.7442598225119734,0.7357233858495562,2.891970802919708,0.45884077079903635,qwen
hincfel,income,GB,United Kingdom,1.782693631351505,0.8396131057994066,2.8131386861313867,0.5044853666103728,qwen
hincfel,income,GR,Greece,2.4566459133957133,0.763509976228362,2.8043795620437955,0.5239677422354516,qwen
hincfel,income,HR,Croatia,1.8591769298216114,0.7951207513223731,2.8423357664233575,0.497026630968007,qwen
hincfel,income,HU,Hungary,2.1792181814427543,0.7150166923772696,2.8233576642335767,0.5124563558256597,qwen
hincfel,income,IE,Ireland,1.817426696357792,0.8275290655892819,2.808759124087591,0.5185836610725365,qwen
hincfel,income,IL,Israel,1.992257796033195,0.909257685789422,2.8277372262773723,0.47089716645498747,qwen
hincfel,income,IS,Iceland,1.5782702126796426,0.7523342908941502,2.9313868613138685,0.38573841711101275,qwen
hincfel,income,IT,Italy,1.9337770882399752,0.7686205038007697,2.8525547445255475,0.4427915651535946,qwen
hincfel,income,LT,Lithuania,1.9270208834320273,0.6560368551061526,2.85985401459854,0.48748367104375717,qwen
hincfel,income,LV,Latvia,2.441784891392683,0.7822267281510663,2.795620437956204,0.553282154304418,qwen
hincfel,income,ME,Montenegro,2.541803177342517,1.0498763840763221,2.884671532846715,0.48949348909839746,qwen
hincfel,income,NL,Netherlands,1.418800054685903,0.6486966976962052,2.921167883211679,0.35816104730848264,qwen
hincfel,income,NO,Norway,1.5104027324668359,0.6803905012376829,2.8613138686131387,0.4617295503411684,qwen
hincfel,income,PL,Poland,1.94692268620397,0.5536224979120611,2.8554744525547444,0.45993257006882704,qwen
hincfel,income,PT,Portugal,2.2961930159308017,0.8230599117177357,2.7518248175182483,0.5720209108787944,qwen
hincfel,income,RS,Serbia,1.919298210772144,0.7621331198511583,2.7868613138686134,0.5419287514735769,qwen
hincfel,income,SE,Sweden,1.3799038798597794,0.6167472715921849,2.932846715328467,0.39163577501375935,qwen
hincfel,income,SI,Slovenia,1.5381724922383904,0.7351340898757903,2.845255474452555,0.5180895521554058,qwen
hincfel,income,SK,Slovakia,2.1619024707248014,0.8206651601987425,2.821897810218978,0.513375956373998,qwen
hincfel,income,UA,Ukraine,2.8978141350157722,0.9025688044675382,2.5445255474452555,0.7313889402196438,qwen
