variable,domain,cntry,r_pearson,p_pearson,r_spearman,p_spearman,human_mean,silicon_mean,human_sd,silicon_sd,n_valid
ppltrst,social_trust,AT,0.014210547416887787,0.7155578876384608,-0.0002566151804167932,0.9947499042972948,5.886363636363637,6.850757575757576,2.163456064666894,1.298446381793136,660
ppltrst,social_trust,BE,0.023043505421970926,0.5527496410309332,0.01001172111281913,0.7964892128231162,5.656156156156156,7.051801801801802,2.119816902208032,1.0270498211355148,666
ppltrst,social_trust,BG,0.04275237308256599,0.27238724838739686,0.0213875685960912,0.5830777062827691,3.7140695915279878,6.267776096822995,2.410507036062591,1.4792010696105053,661
ppltrst,social_trust,CH,0.05227155832224366,0.17656308817402377,0.017561367958371196,0.6500081030264904,5.8462686567164175,7.3147761194029846,2.1264810794428404,1.0411443890694259,670
ppltrst,social_trust,CY,0.008363528348365406,0.82879607156626,-0.006321517914660188,0.8701666404154256,4.049180327868853,7.043219076005961,2.510092181568366,1.2138790952579337,671
ppltrst,social_trust,DE,-0.01231434221232501,0.7509022237338955,0.0017579336472581027,0.9638555341633762,5.362818590704648,6.902098950524738,2.2361344209870158,1.2109467305328034,667
ppltrst,social_trust,EE,6.350984952583334e-05,0.9986878593158662,-0.00812892329939978,0.8332821598846395,5.716196136701337,7.307726597325409,1.9995510887974937,0.8879985367838283,673
ppltrst,social_trust,ES,0.007695308097833784,0.8429878897398873,0.01617611773538021,0.6771278517040905,5.326315789473684,6.892932330827068,2.1572899225105044,1.1279691621028258,665
ppltrst,social_trust,FI,-0.05549297680895677,0.14951183458612813,-0.0628087192179904,0.10276047157595718,7.005917159763314,7.272781065088757,1.8167844330272898,1.0519957552355097,676
ppltrst,social_trust,FR,0.05180124179654381,0.18580568839933823,0.0361675471214446,0.35576713621741557,4.5703363914373085,6.76651376146789,2.1527661346784757,1.2344199965927212,654
ppltrst,social_trust,GB,-0.020904815095733387,0.590487651206473,-0.015074880102908632,0.6979897035954513,5.433082706766918,6.875187969924812,2.2976127541753613,1.334290909502257,665
ppltrst,social_trust,GR,-0.02160185318507154,0.5775852165573441,-0.023511844696185415,0.5444020004139488,4.5187406296851576,6.752623688155922,1.9244420205045634,1.2066401050693418,667
ppltrst,social_trust,HR,0.036606163167716706,0.3473842032220666,0.05350277438352141,0.1694625738132009,4.6868381240544625,6.873676248108926,2.375434726299165,1.2171140522720223,661
ppltrst,social_trust,HU,0.028339461150630865,0.4653115898909442,0.030880670601716672,0.426247454849965,4.48048048048048,6.527027027027027,2.4921670511618217,1.327564061019485,666
ppltrst,social_trust,IE,-0.044645573930606405,0.2527815924540387,-0.03756242288428527,0.33602931193449304,5.40273556231003,7.196808510638298,2.4736895815967324,1.0564459659411523,658
ppltrst,social_trust,IL,0.009368617617515007,0.8100079345753781,0.0031396422096095634,0.9357860175540739,5.208774583963692,6.91981845688351,2.3712894802428957,1.0274640583663182,661
ppltrst,social_trust,IS,-0.07854191109672828,0.04417113628529315,-0.06940663168673612,0.07543865577221219,6.555555555555555,7.4563165905631665,2.067541776431609,0.9261086682842813,657
ppltrst,social_trust,IT,0.04815517781491768,0.21559888302493732,0.08312898960371923,0.03234371490484348,4.582202111613876,6.850075414781298,2.3304337423250496,1.2016337671337736,663
ppltrst,social_trust,LT,0.01057431094997514,0.7864330908483158,0.00809288906701461,0.8357275469517196,5.128983308042488,6.7831562974203345,2.4050467514417786,1.2269411361274967,659
ppltrst,social_trust,LV,-0.08321592639893846,0.03335892954126579,-0.10535032137366655,0.0070067820225458875,3.879204892966361,6.6681957186544345,2.5593886815992266,1.2993687187637324,654
ppltrst,social_trust,ME,0.04824108204932798,0.21168305820600525,0.030514542513433374,0.42968044608724343,4.227678571428571,7.168898809523809,2.5625309939084295,0.9000579424294441,672
ppltrst,social_trust,NL,-0.01231561034977,0.7517854893886403,0.009171858382803048,0.8137857359773366,6.255287009063444,7.197280966767372,1.9640708040317798,0.9969811510972709,662
ppltrst,social_trust,NO,-0.05015578123708488,0.19609709838206826,-0.04501463182055185,0.24600916093187433,6.663663663663663,7.534684684684685,1.900004218697596,0.8241913638143396,666
ppltrst,social_trust,PL,0.08506513649966842,0.02949118203803349,0.07913726754318044,0.04290176041439612,4.512977099236641,6.737404580152671,2.344112181282073,1.2133518085427553,655
ppltrst,social_trust,PT,0.020922920269318517,0.5912902375763427,0.035579962494632134,0.36107647012493366,4.1119515885022695,7.022692889561271,2.3708186741148225,1.1399492324265899,661
ppltrst,social_trust,RS,0.016132646965536096,0.6786359552472245,0.02499758633559189,0.5208363412701954,4.333836858006042,6.645770392749244,2.7867261697021237,1.1705431178607226,662
ppltrst,social_trust,SE,0.027553229195111273,0.4781200771852676,0.058757661052989685,0.13010802455264003,6.29624060150376,7.463007518796992,2.0189764649742994,0.9092976776114892,665
ppltrst,social_trust,SI,0.043153421471391916,0.2646651215110987,0.08226402216037085,0.033255515945797176,4.6940298507462686,6.907910447761195,2.3871467352740225,1.1248704124845703,670
ppltrst,social_trust,SK,0.011663224819157682,0.763326186338489,0.009022015985236994,0.8158211173389883,4.0358744394618835,6.615097159940209,2.7279708338687376,1.3285992345980622,669
ppltrst,social_trust,UA,0.008065712542019403,0.8378778393832331,0.021514629398270504,0.585181864889323,3.93343653250774,5.393188854489164,2.8025840155439923,1.5711201903898948,646
pplfair,social_trust,AT,0.021052170854799254,0.5831204145369225,0.039187659037944994,0.306825368194065,6.346041055718475,7.155131964809384,1.986124522276712,0.7862876194149183,682
pplfair,social_trust,BE,0.03533110936808433,0.35797233541488466,0.03312935283082661,0.38873242883091613,6.030927835051546,7.268041237113402,1.9748979718479935,0.6525607543516552,679
pplfair,social_trust,BG,0.10968473957823112,0.004388746228388384,0.10038964104091555,0.009158573760268655,4.315007429420505,7.0334323922734026,2.2184354823902486,0.8464718190449546,673
pplfair,social_trust,CH,0.050288160916504725,0.18994655756499879,0.055896075025467354,0.14508262204182742,6.411160058737151,7.459618208516887,1.8797978550403005,0.6737073687639061,681
pplfair,social_trust,CY,0.024268760095670885,0.5272257118786822,0.015123272290309594,0.6936149477784155,4.424375917767988,7.258443465491924,2.256479350332729,0.7602379175524221,681
pplfair,social_trust,DE,-0.03186733746618987,0.40741296464832133,0.005863657810889721,0.878871423676964,6.2463126843657815,7.157079646017699,1.9460469273865715,0.7677212321212699,678
pplfair,social_trust,EE,-0.003995772408198876,0.9171648166140868,-0.02018475632479761,0.5992779103515317,6.213235294117647,7.299411764705883,2.0566644723008083,0.665718260390831,680
pplfair,social_trust,ES,-0.049678966521243026,0.19636637177106306,-0.048440150132299645,0.20777118823193721,5.588495575221239,7.202064896755163,2.168047221018335,0.6942655057919553,678
pplfair,social_trust,FI,0.02272912852370663,0.5540587658562273,0.04349611848456424,0.25734473821373677,7.1573529411764705,7.301617647058824,1.7077158500717644,0.7067611835178785,680
pplfair,social_trust,FR,0.08551284992312343,0.02608506664464278,0.06686810881376684,0.08210737404653744,6.144756277695716,7.148153618906942,1.9991913619646748,0.727553849268394,677
pplfair,social_trust,GB,0.024722535207706002,0.5216910252472575,0.02347504704419675,0.5429220365971233,5.958456973293768,7.144658753709199,2.1801607133162015,0.8008592817548457,674
pplfair,social_trust,GR,0.03134200870251247,0.41622965320340816,0.0384541503122938,0.31848043412811855,4.922962962962963,7.110814814814815,1.989584926842482,0.7914144755965464,675
pplfair,social_trust,HR,0.0015582776732967485,0.96783801351244,0.010292394112223399,0.7899930167918037,5.175595238095238,7.165625,2.4284944591575885,0.7704063780449508,672
pplfair,social_trust,HU,-0.03473061939011278,0.36656058960010385,-0.03534130504128393,0.35818909266289317,5.101769911504425,6.995575221238938,2.1197453499780607,0.8666534607725314,678
pplfair,social_trust,IE,0.017901032135655137,0.6424631551601527,-0.0031259408512260105,0.9353910564782985,6.152592592592592,7.38562962962963,2.1588555336285427,0.6327025161149832,675
pplfair,social_trust,IL,-0.021637221793017594,0.5749625797120651,-0.01345344646628316,0.7273601570249515,5.347181008902077,7.241543026706232,2.282682282111387,0.6955780467330158,674
pplfair,social_trust,IS,-0.02517902081361532,0.5115338176431246,-0.019141402405973708,0.6177730794628373,6.976539589442815,7.544721407624634,1.8368173943355806,0.7234137511216978,682
pplfair,social_trust,IT,0.08631871465266344,0.02546307893511761,0.09543518152149616,0.01346196106613383,4.625373134328358,7.258955223880597,2.22869204831284,0.6876241767531741,670
pplfair,social_trust,LT,0.020326532801168307,0.5999839108134286,0.026917324299011145,0.48735624163152963,5.528443113772455,7.200748502994013,2.2372274756645893,0.7594577345695124,668
pplfair,social_trust,LV,-0.031237341508446766,0.41987344093051643,-0.026302780670928255,0.4970316855614915,5.642750373692078,7.091180866965621,2.227219117862153,0.8436429835571653,669
pplfair,social_trust,ME,0.003432399784369409,0.9292308581676758,-0.017734120333602086,0.6463051443831349,4.3601190476190474,7.247172619047619,2.329379259681421,0.7426486493342318,672
pplfair,social_trust,NL,-0.021924430004765745,0.5681786482183387,-0.006594821637574827,0.863706892267991,6.626470588235295,7.278676470588235,1.613238461890119,0.687721910977669,680
pplfair,social_trust,NO,0.04375972031724656,0.25446949313228634,0.045143934412317586,0.23973741496693934,6.889705882352941,7.5504411764705885,1.8479491244042825,0.6480511939620729,680
pplfair,social_trust,PL,0.004404561870073309,0.9096694840220905,0.008229407652157399,0.8321220405079973,5.226726726726727,7.033483483483484,2.2520714822801797,0.8252985956047942,666
pplfair,social_trust,PT,0.015367235131391828,0.6906722270065823,0.01346644021505396,0.727302484339085,5.136701337295691,7.262258543833581,2.2050481439002305,0.7848655547340547,673
pplfair,social_trust,RS,0.04373109713408323,0.25938940254233445,0.056116227942827016,0.14770111501687244,4.650674662668665,7.032983508245877,2.8594732700245133,0.7767012353774925,667
pplfair,social_trust,SE,0.050629334785294106,0.1879323270811335,0.050563201981041854,0.18851044632024727,6.7536873156342185,7.4620943952802365,1.785327439033413,0.6809453698273951,678
pplfair,social_trust,SI,-0.04155332114192968,0.28316715249960517,-0.030207654899576896,0.4353679662142041,5.43796711509716,7.133183856502242,2.2509730548204576,0.7893976692504476,669
pplfair,social_trust,SK,0.007339567268145608,0.8488237062166257,-0.0034186680972472273,0.9292512116458843,4.859675036927622,7.077252584933531,2.50610766606061,0.8073714470812646,677
pplfair,social_trust,UA,0.013953113211758433,0.7206967969752863,0.009614604588201183,0.805408529453997,4.790591805766312,6.8072837632776935,2.4292736194028604,1.2063188736097739,659
pplhlp,social_trust,AT,-0.043928075614263054,0.2565328301600428,-0.0239877702991362,0.5356704313765425,6.257100149476831,6.790881913303439,2.0487248751861644,1.2464166480698,669
pplhlp,social_trust,BE,-0.052223989697655536,0.1769576893453348,-0.025158640978514977,0.51562622079384,5.246268656716418,6.938059701492537,2.1506649549252166,1.0617549547208858,670
pplhlp,social_trust,BG,0.011087208379135757,0.7773402036821723,0.009153551020477808,0.815400078564992,3.594180704441041,6.576569678407351,2.298124697836265,1.22140389660822,653
pplhlp,social_trust,CH,-0.03029667902305313,0.43332666952862053,-0.04715198244631154,0.2225367171105281,5.909090909090909,7.109239940387481,1.8987248452558518,1.0725076713148722,671
pplhlp,social_trust,CY,0.04427585355118539,0.25457052910317746,0.047587876486100175,0.22071194080560722,4.164156626506024,6.906325301204819,2.2394740978314496,1.186661307376178,664
pplhlp,social_trust,DE,0.005143160826022222,0.8949994366828935,-0.022059363220089227,0.5712986716730056,5.444780635400908,6.891830559757943,2.0087816649809995,1.1441656249455803,661
pplhlp,social_trust,EE,-0.09202664475996344,0.01752468450117293,-0.06489958320591768,0.09423278293000707,5.1006006006006,7.1091591591591605,1.993319579748104,1.0420296339782837,666
pplhlp,social_trust,ES,0.04089749608976279,0.2948569690298419,0.01730474707525171,0.657706364578396,4.805471124620061,6.7919452887538,2.3110812086653776,1.1782835270262775,658
pplhlp,social_trust,FI,-0.049629627390077036,0.1994840133591167,-0.00993821889944566,0.7973560114655813,6.407462686567164,6.912089552238807,1.9088976958977746,1.1533742494881962,670
pplhlp,social_trust,FR,-0.02084269485049735,0.5949693204045837,-0.0111461650915068,0.7761876003609584,4.643185298621746,6.900918836140889,2.181159628035904,1.2005746634605565,653
pplhlp,social_trust,GB,-0.08891387569607805,0.022550944004286057,-0.06713984137035069,0.08526789633380506,6.042553191489362,6.806231003039514,1.999546566041686,1.2548502265820516,658
pplhlp,social_trust,GR,-0.010817111619669294,0.7806818041611541,-0.010753369458341752,0.7819414913659776,4.354887218045112,6.854887218045112,1.9910366225011011,1.1015778774523386,665
pplhlp,social_trust,HR,-0.042463922717230866,0.2756385015370805,-0.05534346586839481,0.15523758362351345,4.408472012102875,6.88714069591528,2.388645031384512,1.0908716947547454,661
pplhlp,social_trust,HU,0.06819884200384782,0.07884592352166211,0.06139069545272408,0.11373360194025688,4.524812030075188,6.59624060150376,2.2918926655095575,1.3528977164517502,665
pplhlp,social_trust,IE,-0.06210538433420042,0.10798648117877827,-0.029734104492332367,0.4419192432719069,6.055141579731743,7.074962742175857,2.264904123551477,1.0554898233836738,671
pplhlp,social_trust,IL,0.0466938698029128,0.22916476685676568,0.03653769939743271,0.3468274158153904,5.118796992481203,6.983157894736842,2.3231467019510674,1.0375127872786174,665
pplhlp,social_trust,IS,-0.1037593284528607,0.00782220981369128,-0.11007717474786023,0.00476424899876919,6.589939024390244,7.307621951219512,1.784023070727222,0.9868307590145615,656
pplhlp,social_trust,IT,-0.006527566287479058,0.8670709712510117,-0.012371952027164363,0.7510532704447281,4.206060606060606,6.826969696969697,2.2472292018952853,1.1966569134166356,660
pplhlp,social_trust,LT,0.004396108484023914,0.9105894237519467,0.005239687231853378,0.893525991834902,5.021374045801527,6.805496183206108,2.42618890536663,1.1215161576891735,655
pplhlp,social_trust,LV,-0.06086089550275794,0.11997331214944482,-0.04427891137327363,0.2581595784587962,4.961773700305811,6.710703363914373,2.317139131721363,1.1916022366682477,654
pplhlp,social_trust,ME,0.041111079277093156,0.29050712293978603,0.013923002262681968,0.7204621089245433,4.282051282051282,7.094720965309201,2.182827931799371,0.9205537570425255,663
pplhlp,social_trust,NL,-0.031905572513510415,0.41069673497975084,0.0004519818377932417,0.9907039426206367,5.712143928035982,7.144077961019491,1.7573234297963691,0.9409631095279629,667
pplhlp,social_trust,NO,-0.09727567023620672,0.01176240209146129,-0.09547924882481773,0.013418863558098579,6.141791044776119,7.370746268656716,1.894658470174582,0.8736523911411188,670
pplhlp,social_trust,PL,-0.02751367288663593,0.48276242532524793,-0.03306121155593105,0.3989747752259774,4.531393568147013,6.72052067381317,2.3907434066800923,1.189644107586849,653
pplhlp,social_trust,PT,0.017010569642538543,0.6610032058297487,-0.002939281252188489,0.9396031459366461,4.073463268365817,6.943778110944527,2.1558636779659994,1.1773268948588527,667
pplhlp,social_trust,RS,0.021216684400960896,0.5860918644001217,0.02620207218102064,0.5012695060493861,3.6656580937972767,6.779878971255673,2.7139120926366407,1.1276298489482,661
pplhlp,social_trust,SE,-0.01993357988087533,0.6089508819099054,-0.06230238061831822,0.10952929893883158,6.128593040847202,7.114220877458396,1.8933974560449682,1.0521452283037067,661
pplhlp,social_trust,SI,-0.07540480003326251,0.0541125097001071,-0.06136532558754894,0.11720974775738213,5.3506891271056665,6.887442572741194,2.248616544648345,1.0965485654009774,653
pplhlp,social_trust,SK,0.053443704564837914,0.17123727918269077,0.07599655399303332,0.051528556123075005,4.210045662100456,6.749010654490107,2.556976855224876,1.2832420456609746,657
pplhlp,social_trust,UA,0.022784812275561714,0.5650457582968262,0.003469856253004378,0.9301867706391915,4.25625,6.5140625,2.661960342275926,1.5531146139008425,640
sclmeet,social_trust,AT,-0.019947831506327594,0.6035721513009134,-0.0362200648729987,0.3456422834291884,4.913235294117647,3.7191176470588236,1.1939223129978518,0.901113262205634,680
sclmeet,social_trust,BE,0.0024839789390779677,0.9486770167867288,-0.013730220026483598,0.7219810874611757,5.179525222551929,3.692878338278932,1.3678963187637412,0.9453301317448592,674
sclmeet,social_trust,BG,0.047631244988669705,0.2213403137938792,0.053366452413085214,0.17055364713652196,4.9803328290468984,3.5173978819969745,1.6673079039675731,1.082260488134592,661
sclmeet,social_trust,CH,0.053453206068182824,0.164761584920796,0.053010861741470176,0.16828932112950962,5.100443131462334,3.7474150664697192,1.2969980514078885,0.8785814079996941,677
sclmeet,social_trust,CY,-0.03690740158138862,0.3369170467834082,-0.004896137469010412,0.8986654265624359,4.014727540500736,3.7098674521354935,1.7105661246950574,0.9835249711297772,679
sclmeet,social_trust,DE,-0.029182547984336515,0.4507761751631832,-0.030574711614075097,0.4294613469408479,4.838805970149254,3.656716417910448,1.3975159709472,0.9190272170015102,670
sclmeet,social_trust,EE,0.016413910890986916,0.6698770756536854,0.027002158719775814,0.4830504419444377,4.248153618906942,3.6078286558345645,1.4827959117866802,0.965475408022988,677
sclmeet,social_trust,ES,0.012511159009982046,0.745042888810843,0.005725035021556575,0.8817137455391456,5.241887905604719,3.71165191740413,1.47070375917077,0.9865251296303518,678
sclmeet,social_trust,FI,-0.00406721802941303,0.9159374934311314,0.0014433042419002952,0.9701210388615792,4.881656804733728,3.6967455621301775,1.3545711604449515,0.8767218742537971,676
sclmeet,social_trust,FR,0.01945062715158786,0.6149988961944058,0.012005401883477672,0.7562451596631066,5.2220566318926975,3.660208643815201,1.4183833354704505,1.0078257747367252,671
sclmeet,social_trust,GB,0.04398537506097626,0.2534307278588239,0.0299218544226549,0.43733439741246577,4.797337278106509,3.6804733727810652,1.5744417974261096,0.8819021937210162,676
sclmeet,social_trust,GR,0.07631158256643511,0.04766141426007654,0.0777414959365091,0.04363350651768417,4.160237388724036,3.7106824925816024,1.6054764939687494,1.0217421578981987,674
sclmeet,social_trust,HR,0.11352246239272683,0.003119790628972511,0.10880719371627487,0.004623410888510213,5.359467455621302,3.6915680473372783,1.5268701505750486,1.0893028269016993,676
sclmeet,social_trust,HU,0.05938567353524662,0.12238976309196717,0.05175337939247959,0.17830495961633583,3.3716814159292037,3.5914454277286136,1.51522859675437,1.000613093801589,678
sclmeet,social_trust,IE,-0.03246766017263208,0.40143760610756635,-0.030511196347850114,0.430420899752489,4.2029850746268655,3.7029850746268655,1.6230744736952325,0.9532369758949621,670
sclmeet,social_trust,IL,0.055581925041608665,0.14976756269592026,0.04038288640810486,0.2955139660822046,5.416047548291234,3.6597325408618127,1.5418307601594576,0.9598167234659302,673
sclmeet,social_trust,IS,-0.033513993299856396,0.39218124566468504,-0.02786561249913377,0.47684010165800683,5.2859327217125385,3.685015290519878,1.38992799015814,1.0552233891413498,654
sclmeet,social_trust,IT,-0.0005107953669541526,0.9894391852033201,-0.006707097124164812,0.8620186257941804,4.743323442136498,3.707715133531157,1.5603724531042449,1.0538402717837938,674
sclmeet,social_trust,LT,0.05460221269348028,0.15990292004439108,0.05995087301450717,0.12275714012818906,4.356927710843373,3.6897590361445785,1.5565790567054207,0.9321558734012327,664
sclmeet,social_trust,LV,0.02632715607056393,0.4976033377175176,0.05309108109632801,0.17115195193849803,4.178678678678678,3.5705705705705704,1.614658993415762,0.9941053204994873,666
sclmeet,social_trust,ME,0.040425566085178714,0.29973266071005755,0.059963788508536245,0.12381345423494002,4.803030303030303,3.786363636363636,1.6344145696313641,0.9009161352437015,660
sclmeet,social_trust,NL,0.041432102788660975,0.2834937822574374,0.036841912284873046,0.34028755152519863,5.419642857142857,3.7455357142857144,1.2507289762813754,0.8558439478690661,672
sclmeet,social_trust,NO,-0.029187810168363297,0.4479936680364284,-0.0084631834802448,0.825898141930639,5.647492625368732,3.762536873156342,1.345022410329368,0.8937402830891117,678
sclmeet,social_trust,PL,-0.038412136046099284,0.3197305289839745,-0.011916563877040242,0.7576420404577847,3.9435364041604757,3.6329866270430906,1.4267086578145114,1.0032296781013204,673
sclmeet,social_trust,PT,0.011146963352265797,0.7718642380781764,0.014330961584608292,0.709325611872735,5.634756995581738,3.6325478645066274,1.6035633876485487,1.020852420285883,679
sclmeet,social_trust,RS,0.024763325847248125,0.5203840725884077,0.007073710632599822,0.8543442084353535,5.162721893491124,3.690828402366864,1.5954103578545538,1.0127945468920796,676
sclmeet,social_trust,SE,0.030745666886406377,0.4261930075851104,0.04132841960574258,0.2847014028380285,5.428571428571429,3.6458333333333335,1.3889984107457756,0.9422270708039476,672
sclmeet,social_trust,SI,-0.027572381911702352,0.47385403329142,-0.019167668482698446,0.618588384993924,4.639586410635155,3.6957163958641064,1.5054433207545228,0.9709672917147573,677
sclmeet,social_trust,SK,0.09431534974280588,0.014451689753725537,0.09360399164789596,0.015211398365461556,4.5461309523809526,3.6324404761904763,1.559820550493219,0.9410435891551919,672
sclmeet,social_trust,UA,-0.026924903516209287,0.490854648759276,-0.005248464510906971,0.893186347613794,4.322678843226789,3.4292237442922375,1.7701764093379815,1.0233247047670495,657
inprdsc,social_trust,AT,0.00827236677303554,0.8302599687605727,0.03102984105568797,0.4212353436880393,3.056379821958457,3.0311572700296736,1.166558269986657,0.5875702320631983,674
inprdsc,social_trust,BE,0.07224443683144156,0.05933856726325365,0.07201015539657277,0.06017005411513149,3.3607038123167157,3.033724340175953,1.3833851849720415,0.5686684090364563,682
inprdsc,social_trust,BG,0.056037327128109375,0.14495710683825477,0.05941278297493819,0.12221892975991562,2.023598820058997,2.987463126843658,1.2628204692225762,0.6512610611995907,678
inprdsc,social_trust,CH,0.037983542278804204,0.3222944391865398,0.0194393125756397,0.6125732302567423,3.5462555066079293,3.066813509544787,1.2653719236685328,0.5398937604039393,681
inprdsc,social_trust,CY,-0.02155771164955817,0.5752350163061117,-0.02192588985930781,0.5687245894670894,2.438053097345133,3.051622418879056,1.3229584087892772,0.5868993398065266,678
inprdsc,social_trust,DE,-0.003982755428741343,0.9173730091475285,-0.02554619072793742,0.5057072680719044,3.580029368575624,2.9926578560939796,1.228274973652449,0.6312490993359561,681
inprdsc,social_trust,EE,-0.004170547520671007,0.9136190564553053,0.00012315217629709952,0.9974442676443358,2.593519882179676,3.0648011782032403,1.3663742514792903,0.5473841631464199,679
inprdsc,social_trust,ES,-0.04980794086120081,0.19421694158710212,-0.03991618803999124,0.2982688839395936,2.882525697503671,3.0425844346549193,1.3872327807335034,0.5447139716172248,681
inprdsc,social_trust,FI,-0.0075920970292359695,0.8433452970558493,-0.02067535831771066,0.5904300092825104,3.2441176470588236,3.041176470588235,1.2759682399338685,0.5830788461519936,680
inprdsc,social_trust,FR,-0.024005659149298492,0.5326234591649193,-0.02432892817964423,0.5271177911330478,2.859882005899705,3.0014749262536875,1.4450489969155593,0.5475857110003844,678
inprdsc,social_trust,GB,-0.0060632351646487635,0.874690146912406,-0.025902976676231326,0.5004133125960114,3.0957290132547866,3.027982326951399,1.429141301135499,0.650015130057541,679
inprdsc,social_trust,GR,0.03189856592413281,0.40764866978762176,0.04124377140458421,0.28425525150896647,2.230769230769231,3.0724852071005917,1.1913266803271298,0.57277521264916,676
inprdsc,social_trust,HR,0.011923086370838061,0.7569887245229823,-0.0186646311669729,0.6280846294430009,2.3402366863905324,3.002958579881657,1.3972171082549278,0.6509185337206886,676
inprdsc,social_trust,HU,0.015778684734108178,0.6823870758154602,-0.0034136790976215326,0.9294587303884969,2.453333333333333,2.9992592592592593,1.2224895550335686,0.5558558370806779,675
inprdsc,social_trust,IE,0.04428257841572277,0.24813528309972968,0.03521559605149357,0.3584839820029987,2.621700879765396,3.099706744868035,1.3221255230303477,0.5699523917426073,682
inprdsc,social_trust,IL,0.05656681358017593,0.1411906459474596,0.06568697556622877,0.08743687245796852,2.505899705014749,3.061946902654867,1.407658101648722,0.6261158194240748,678
inprdsc,social_trust,IS,-0.034170312025377736,0.37505577172673066,-0.046330381937292824,0.22897374333931714,3.5458579881656807,3.136094674556213,1.3151980007908477,0.600591424490558,676
inprdsc,social_trust,IT,0.0035536665876514714,0.9267374848599185,0.02358675497796235,0.5416066912733369,2.2410714285714284,3.043154761904762,1.2820824322162978,0.6571270532328998,672
inprdsc,social_trust,LT,-0.0634948793006621,0.09905009566752322,-0.0384299488962586,0.31842578773405705,2.1050295857988166,3.0258875739644973,1.3821844757662811,0.5796511945486363,676
inprdsc,social_trust,LV,0.11414983031837588,0.003132588724927627,0.10375675094633505,0.0072771028301213195,1.7395209580838322,3.0494011976047903,1.2985268130145875,0.6331304870338791,668
inprdsc,social_trust,ME,-0.011552273942225183,0.765511494392043,0.003269195771354898,0.9327384412185915,2.186846038863976,3.1121076233183858,1.1796961480438874,0.5507098416745855,669
inprdsc,social_trust,NL,-0.031585168037827925,0.4112344771479756,-0.028882195427319474,0.45242905060993416,3.7187039764359353,3.0721649484536084,1.2663517265857234,0.5611092016476888,679
inprdsc,social_trust,NO,0.037930695387870104,0.3236828209011938,0.04852053402332758,0.20668108133100607,3.244477172312224,3.0648011782032403,1.4428221226386408,0.7072618981431005,679
inprdsc,social_trust,PL,0.0024934026342004587,0.9487899525563139,-0.0038965310249969823,0.920051248643607,3.1546546546546548,3.0165165165165164,1.3781706140603582,0.5683617379278169,666
inprdsc,social_trust,PT,0.021866179063492763,0.5706361417795055,0.026221183158869454,0.4964407536912482,2.2355555555555555,3.0562962962962965,1.3938965444597298,0.5865211281275138,675
inprdsc,social_trust,RS,-0.0070764966199155085,0.8540737165639446,-0.015236374978963617,0.6920886058734436,2.4837758112094397,3.0147492625368733,1.4253049293708275,0.5620343237344009,678
inprdsc,social_trust,SE,0.011094667149691748,0.7722532463076048,-0.006745732209166356,0.8603144783553772,3.815519765739385,3.061493411420205,1.2715909461901613,0.5974251652179592,683
inprdsc,social_trust,SI,0.04242794870583485,0.27242962607828575,0.011839171940956085,0.7595156360845153,2.8181818181818183,3.023845007451565,1.3459825140345762,0.624880263014951,671
inprdsc,social_trust,SK,0.01780321335477768,0.6467551440469871,0.029291899780555283,0.4507841681066098,1.7518796992481203,3.051127819548872,1.1629704323282637,0.5408906840864739,665
inprdsc,social_trust,UA,0.03420531135481093,0.3763454943724867,0.026398782551132444,0.49481584462598327,2.156482861400894,3.0193740685543964,1.392179274971817,0.5944370685956474,671
stfdem,political,AT,-0.02901760934281899,0.45571852782341593,-0.03073634762950985,0.42945949371382713,5.733031674208145,6.972850678733032,2.485531123171067,0.8755760401819921,663
stfdem,political,BE,0.05169468227191062,0.18436375281090803,0.04097223632265333,0.29287256940905115,5.225416036308624,7.01285930408472,2.3834699083320237,0.8249340615662819,661
stfdem,political,BG,0.019574521762495786,0.6183843112722063,-0.016341085813422033,0.6775245648615975,3.330769230769231,6.733846153846154,2.3779562301779094,1.0997656177073338,650
stfdem,political,CH,-0.026721908779856456,0.49314243870324226,-0.05252332509049209,0.1777480723979826,7.5621212121212125,7.284848484848485,1.673888112057962,0.73545427916029,660
stfdem,political,CY,-0.036380298601184656,0.3503691973241661,-0.04619374713452073,0.2356132700258328,4.50983358547655,7.068078668683812,2.307821379075684,0.8922532422733559,661
stfdem,political,DE,0.01621190833088534,0.6741606165173695,0.025287798045780775,0.5118991142698686,5.70962962962963,7.002962962962963,2.603093174719668,0.7587218618251261,675
stfdem,political,EE,-0.03435635914720358,0.38517969275508757,-0.015204182007455632,0.700822795790311,5.244929797191888,7.170046801872075,2.582557484186241,0.8047368539194426,641
stfdem,political,ES,0.010726115391073949,0.7821604528782397,-0.010641842164783394,0.7838293999940688,4.7901049475262365,6.976011994002999,2.522753718718063,0.7569658414626205,667
stfdem,political,FI,0.016608737953651226,0.6673587496991441,0.041254066048046246,0.2855695498049137,6.788690476190476,7.186011904761905,1.9616266736017238,0.7965541585032717,672
stfdem,political,FR,0.02855630497793853,0.4625783435426035,0.01875032639405372,0.6295969974220192,4.353915662650603,6.887801204819277,2.4800348545442485,0.7958140768329146,664
stfdem,political,GB,0.03316312547659804,0.4033882168479191,0.02922479912272454,0.46154258454596836,4.328100470957613,6.924646781789639,2.627391693179106,0.7894579040540616,637
stfdem,political,GR,-0.03336226597499408,0.38893944405949404,-0.032514825035662075,0.4011066972529309,4.149476831091181,6.856502242152466,2.2067711249109734,0.8875589001679945,669
stfdem,political,HR,0.06924305742874955,0.07658126833267524,0.07514657796999578,0.054571912921127314,4.477862595419848,7.035114503816794,2.517652967402684,0.754388147901673,655
stfdem,political,HU,0.013934440278281238,0.7218706818005393,-0.00916742003884915,0.8148465902453125,4.448854961832061,6.729770992366412,2.665912538977246,0.9651174966488272,655
stfdem,political,IE,-0.007491335490989824,0.8485870454174168,-0.014678018241091802,0.7083345624925426,5.831288343558282,7.120398773006135,2.2817790636983504,0.6520659550280429,652
stfdem,political,IL,-0.03852544277434209,0.3293777112388628,-0.029833475239663003,0.4501308860829112,4.23950233281493,6.976671850699844,2.7516963447568927,0.9022730708222391,643
stfdem,political,IS,0.005854508223986957,0.8807590803295162,0.023588330700050862,0.5455309150699238,5.898330804248862,7.4250379362670715,2.2944985625012215,0.732834852508431,659
stfdem,political,IT,0.03872314627812441,0.3212996987148749,-0.013547354383662663,0.7286925299774505,5.121580547112462,6.9080547112462005,2.060823067175453,0.8364665390646097,658
stfdem,political,LT,0.03563824602163044,0.3707056878236746,0.007348563326853835,0.8536030482198309,4.636650868878357,6.95260663507109,2.388139767765477,0.8756355730142866,633
stfdem,political,LV,0.00855889178391217,0.8337340495441546,0.008833514511299429,0.828480650935359,4.254966887417218,6.9072847682119205,2.4537969695401234,0.9695256632196857,604
stfdem,political,ME,0.05949779978406249,0.1264771875514797,0.034363900341032795,0.37773275664867334,4.199697428139183,7.11875945537065,2.5877449933746948,0.8052172516492939,661
stfdem,political,NL,-0.034037195970850385,0.38156507228459025,-0.030201855364039017,0.4375300914631917,5.912518853695325,7.171945701357466,2.0875570413952875,0.6808762237679629,663
stfdem,political,NO,-0.01237128083090702,0.7486996644001784,-0.0042817563387942525,0.9117175437837415,7.231797919762259,7.430163447251115,2.0324157001338157,0.8052263084183546,673
stfdem,political,PL,0.01794781132871574,0.6496404863716869,-0.009613173802746417,0.8077754545416559,5.1244167962674965,6.830482115085537,2.328894305421215,0.9525523595753628,643
stfdem,political,PT,-0.042001505504849726,0.28384699033961996,-0.0499193400268026,0.2026696574682164,4.7396630934150075,7.11791730474732,2.369845949628408,0.7851383836589351,653
stfdem,political,RS,-0.028926247850422034,0.48016867411832653,-0.03878468576899807,0.3437335520616222,3.9698996655518393,6.812709030100335,2.972080635934875,0.9814215678056839,598
stfdem,political,SE,-0.012197239763131038,0.7533735045510307,-0.04359677717804606,0.26121599035941534,6.624624624624625,7.358108108108108,2.0933680298756587,0.822924563016175,666
stfdem,political,SI,0.011120449815661121,0.7780314680636548,-0.010402554733456958,0.7920212665108892,4.9364341085271315,7.053488372093023,2.3413624127638,0.8464436482316248,645
stfdem,political,SK,0.011057382020518671,0.7762681519404767,0.017346368740945084,0.6557137934185046,4.580693815987933,6.83001508295626,2.6773732676952147,0.9615199918026713,663
stfdem,political,UA,-0.022152330777612896,0.5798151607724178,-0.01634296960869063,0.6829520506122378,3.0239234449760763,5.615629984051036,2.649564780803876,1.5305028648842867,627
polintr,political,AT,0.006467388527847628,0.8659252042217596,0.011139554422602966,0.7711941032375945,2.4195906432748537,2.8815789473684212,0.8679906327129788,0.518201494382397,684
polintr,political,BE,0.028133762870876183,0.4625874009879182,0.02053276703069125,0.5919061189144761,2.5657894736842106,2.9166666666666665,0.9215489806276004,0.46589387313517033,684
polintr,political,BG,0.05560256037643682,0.1475078913445948,0.045387329664557885,0.2372102939009284,2.8073529411764704,2.738235294117647,0.8998144427386116,0.6684625958507027,680
polintr,political,CH,-0.029203124658388997,0.44541225456562356,-0.028495049645040123,0.4565281127037664,2.4029197080291973,2.9401459854014598,0.9151056569745459,0.4092247437995493,685
polintr,political,CY,0.04399656858671164,0.2505100236719794,0.04063709365785399,0.2885570216497462,2.925438596491228,2.9166666666666665,0.9506084731043086,0.48135058892482135,684
polintr,political,DE,0.07448457601412634,0.05185836981824562,0.07239528443998544,0.0588082468763651,2.218475073313783,2.936950146627566,0.8775610425331529,0.41323347339191885,682
polintr,political,EE,-0.021397230834929337,0.5769602824342569,-0.029943938229853185,0.43496105882598013,2.593841642228739,2.906158357771261,0.8486787994848797,0.48470608878694477,682
polintr,political,ES,-0.027508398073695924,0.4722735277250378,-0.025043933505097565,0.5128747473448466,2.7518248175182483,2.85985401459854,1.0085962532226507,0.5704030397709255,685
polintr,political,FI,-0.027382208900942936,0.4743086181201705,-0.028635421621113488,0.4543121692043639,2.1854014598540146,2.886131386861314,0.7737034188933265,0.5202314039986505,685
polintr,political,FR,0.023567721181857435,0.5389309400238032,0.029688770429942425,0.43888675078523204,2.599706744868035,2.8841642228739004,0.9782659756740436,0.5335292044972337,682
polintr,political,GB,-0.013339072664295692,0.7278523150059876,-0.03253616908294756,0.39589450821204497,2.505124450951684,2.8799414348462666,1.002000977825154,0.5024211142430565,683
polintr,political,GR,-0.04754915504969231,0.21491029397745973,-0.049002195702221925,0.20120742837812922,2.9164222873900294,2.906158357771261,0.9558814541830738,0.5281977432205299,682
polintr,political,HR,-0.02913531362845302,0.44747098413413827,-0.029417823722897512,0.44307734414991046,3.0410557184750733,2.8607038123167157,0.9171641473854009,0.5550024304031768,682
polintr,political,HU,-0.006752481531842504,0.8600745148004325,-0.007288849221828682,0.8490881522161681,2.8391812865497075,2.8801169590643276,0.8894286760176449,0.5331878638528754,684
polintr,political,IE,-0.0005210183703509236,0.9891479265368068,-0.0042169899963769505,0.9123400857967606,2.5760233918128654,2.9166666666666665,0.9985690960415069,0.46902596805674485,684
polintr,political,IL,-0.018525706541374694,0.6286233358374803,-0.02849787685921285,0.4568134856383533,2.4707602339181287,2.9444444444444446,1.024169988320123,0.4715770384622382,684
polintr,political,IS,0.01229778567744063,0.7481704513396603,0.006628004610936589,0.8626281119368621,2.260233918128655,2.8932748538011697,0.8856083453736534,0.5373448420238279,684
polintr,political,IT,-0.056751776142854975,0.1398927668439032,-0.05578179741076619,0.1468020522437838,2.994100294985251,2.7765486725663715,0.8420068181445926,0.692220032186176,678
polintr,political,LT,0.04606863670470275,0.2298928113742815,0.058543584094183455,0.12694646682462207,2.7474302496328926,2.906020558002937,0.778911384879807,0.4850489904186574,681
polintr,political,LV,0.05581931472466085,0.1462315375400237,0.06728194307922858,0.07978014059376597,2.893961708394698,2.8762886597938144,0.8040873121814797,0.5288271759652218,679
polintr,political,ME,-0.022224759340572504,0.562600746421233,-0.02845065262790052,0.458551767760455,2.910425844346549,2.879588839941263,0.8344917231686422,0.5031171727563359,681
polintr,political,NL,-0.07884822870305812,0.039103176357422095,-0.06785296786334281,0.07595001179681397,2.28029197080292,2.908029197080292,0.8361215999082302,0.4732706892943135,685
polintr,political,NO,0.003098000677964979,0.9355411774770651,0.004369344745887789,0.9091864816764074,2.456140350877193,2.9239766081871346,0.7913183862845042,0.4295913540988035,684
polintr,political,PL,-0.012134379694099407,0.7524664478546559,0.005957728417546415,0.8769434843237909,2.584070796460177,2.8805309734513274,0.8320641917574495,0.539876632400449,678
polintr,political,PT,-0.07593285332707714,0.046967616828385274,-0.0769390693361995,0.04411515393504241,2.8656934306569344,2.8642335766423357,1.0084756283680514,0.5439375106918327,685
polintr,political,RS,-0.048238775387221565,0.2073240176845738,-0.04064744346143912,0.2880806732475842,3.0175182481751825,2.8715328467153283,0.9030404952143213,0.5523671686940625,685
polintr,political,SE,-0.01964341870133205,0.6085818548906206,-0.019189203967431092,0.6168952914829449,2.0762463343108504,2.9222873900293256,0.8093027315721574,0.4580512120717538,682
polintr,political,SI,-0.021261752848434883,0.5796544580441917,-0.0260314035161741,0.4976563895646918,2.7063142437591776,2.8560939794419973,0.8738545853857828,0.5367346945478246,681
polintr,political,SK,0.07208169657069763,0.05935342440630288,0.07607164619150271,0.046565184357744496,2.6773722627737224,2.846715328467153,0.8215831868138809,0.5708630860334978,685
polintr,political,UA,0.06846826577476577,0.0750287443240432,0.06419272294714796,0.09514120197983955,2.7296898079763663,2.9246676514032495,0.9146516416275999,0.5719762923635776,677
psppipla,political,AT,0.019669653315934704,0.6088962283976737,0.04469464103857283,0.24480039110614815,2.3475699558173786,3.5422680412371133,0.8343417118155887,0.5414621677276963,679
psppipla,political,BE,-0.05544697583947155,0.14954795339382224,-0.057814620923607965,0.1328986640610967,2.193500738552437,3.554291810274085,0.8918196636649439,0.5567968122761946,677
psppipla,political,BG,-0.032753128195050746,0.3973085892124968,-0.00832651160250034,0.829667764912523,1.7104477611940299,3.31044776119403,0.8916041418126777,0.5514308953931429,670
psppipla,political,CH,0.002394315778542664,0.9504904096702401,0.006605830456502948,0.8639813667194186,2.9274074074074075,3.5885185185185184,0.9831238914798386,0.5278216789834647,675
psppipla,political,CY,0.09670263738430873,0.012205094963946466,0.1058426864762194,0.006063750256018572,1.8315946348733234,3.479880774962742,1.020659863922315,0.5175695071383153,671
psppipla,political,DE,0.03847581863816563,0.31605834884659606,0.029821824522536365,0.4371748322822791,2.5462555066079293,3.565712187958884,0.9336778569199983,0.5139550787031535,681
psppipla,political,EE,0.036696794409721255,0.34255504694781225,0.0672074039474089,0.08192232307796911,2.1296572280178836,3.501043219076006,0.8807390224212779,0.5268737277517216,671
psppipla,political,ES,0.0452662142785157,0.23950768828585733,0.0566576017237341,0.1408466036436143,1.8552437223042837,3.4697193500738552,0.8459911423867126,0.5420611096203919,677
psppipla,political,FI,0.059583709818167255,0.11950624239799928,0.0667553657376654,0.0810488569533013,2.7339181286549707,3.56140350877193,0.8414352754171046,0.5307817001587332,684
psppipla,political,FR,0.05106803812311368,0.1851074071383664,0.04414417359748985,0.2520716801046447,2.0562962962962965,3.453333333333333,0.9402480422319317,0.5491833700024432,675
psppipla,political,GB,0.025470538909255047,0.512658273963261,0.018145792171024216,0.6409371865260429,2.0482654600301657,3.378582202111614,0.830367284221561,0.563190988503633,663
psppipla,political,GR,-0.026540927110087067,0.49055923944748114,-0.005306024278415654,0.8903949461152785,1.9985228951255538,3.400295420974889,0.9783140634017249,0.6038828270536947,677
psppipla,political,HR,0.007724817790430932,0.8412243276859684,0.01902267225338592,0.6217637828025362,1.665185185185185,3.4340740740740743,0.7726134421154383,0.52223028944811,675
psppipla,political,HU,-0.00397851860162092,0.9174605934648782,0.007770498675375486,0.8395967696440829,1.8516886930983847,3.36417033773862,0.8575105538734312,0.5253650778839728,681
psppipla,political,IE,-0.02418581393160841,0.5313856006536737,-0.014467279250792608,0.7081393795939779,2.168154761904762,3.4955357142857144,0.907000848594619,0.5431961042427189,672
psppipla,political,IL,-0.0006718623702278988,0.9862340450827853,-0.005193827315996413,0.8938911167682129,2.0755287009063443,3.5649546827794563,1.0174153460193667,0.5482842839595531,662
psppipla,political,IS,-0.030107213523019857,0.43449905517702503,-0.044404166699324864,0.2489348404174373,2.6420118343195265,3.584319526627219,0.8583937315581119,0.550008467250983,676
psppipla,political,IT,0.03609470424992299,0.3534369067815769,0.05291853302461009,0.17352301401829065,1.7888386123680242,3.5007541478129713,0.7777469646254971,0.5437777987839264,663
psppipla,political,LT,0.0022613607190831112,0.9534103830325347,-0.0018447426821585143,0.9619865289521115,2.017910447761194,3.4388059701492537,0.943695210153398,0.5143545518866498,670
psppipla,political,LV,0.009466512716059703,0.8066378700964802,-0.014018563425914203,0.7169986236989077,1.7317436661698957,3.377049180327869,0.8687904268790538,0.5206290073068607,671
psppipla,political,ME,0.044997395202369804,0.24726089039485696,0.03676022610765884,0.34462593037504685,2.081447963800905,3.4705882352941178,0.9161209846641,0.534569977936971,663
psppipla,political,NL,-0.002020673759149962,0.9579921253997042,0.016536004287909037,0.6664122327296343,2.4545454545454546,3.5397360703812324,0.9205524972973222,0.566947092001304,682
psppipla,political,NO,0.008965857726438984,0.816139783851164,0.006210901601795876,0.8720410772524382,2.994074074074074,3.632222222222222,0.9065998501397606,0.5528610058507534,675
psppipla,political,PL,0.031271537432399944,0.419364476942617,0.019066182799937777,0.6225284847954188,2.1225710014947685,3.3796711509715993,0.8279810755646273,0.5126593919704092,669
psppipla,political,PT,-0.0008933602713253929,0.9815581935304403,0.019022199302149802,0.6225509126352877,1.7931547619047619,3.450892857142857,0.91212115170471,0.596036916966605,672
psppipla,political,RS,0.030574328641287927,0.44074697788201045,0.023387900644720284,0.5554124014868982,1.9184952978056427,3.3358150470219434,1.0207899759583756,0.5639818714249552,638
psppipla,political,SE,0.014936907526057471,0.6984789148838552,0.023351369650247557,0.5447508364618766,2.831111111111111,3.638074074074074,0.8973639822926496,0.5025845608409512,675
psppipla,political,SI,0.010422964156895979,0.7875473111291053,0.013959691358890422,0.7181363905730398,2.1207153502235467,3.481371087928465,0.818828847525622,0.526204572044425,671
psppipla,political,SK,0.013019559738577395,0.7358196611315837,0.02341691758267249,0.5439217148688474,1.927299703264095,3.408011869436202,0.8648988684750155,0.5268380206548267,674
psppipla,political,UA,0.05463065070547391,0.15905549855500076,0.05149978092633156,0.18436385880284142,1.6801801801801801,3.219219219219219,0.9521470619797443,0.42478476459445896,666
psppsgva,political,AT,-0.0017242130602710733,0.9642035256761279,0.007901992346887283,0.8370386511263406,2.3088235294117645,3.7129411764705886,0.8223203089196762,0.537690087149594,680
psppsgva,political,BE,0.02606334411569116,0.4990372549712931,0.025431468698239406,0.509503488146792,2.2088888888888887,3.7466666666666666,0.8863845367464309,0.4957983700445902,675
psppsgva,political,BG,0.01947152359054639,0.6191551585927569,-0.0036523306614681707,0.9257254242951458,2.0749235474006116,3.576452599388379,1.1498243731511566,0.5303605783606007,654
psppsgva,political,CH,0.013466808069270917,0.7263211232156055,0.007415561294914409,0.8471657645607641,3.21976401179941,3.713864306784661,0.963326924020817,0.527654260371103,678
psppsgva,political,CY,0.1016804788583218,0.008200654741418043,0.10145381881338758,0.008345289966448411,1.8962962962962964,3.6933333333333334,0.9931073590595881,0.5073934087240562,675
psppsgva,political,DE,0.04418440831076769,0.25163925316202,0.04282273664094721,0.26656191730582224,2.542222222222222,3.7362962962962962,0.9509847049248421,0.5125440427492799,675
psppsgva,political,EE,0.07625957468508739,0.04865075731011054,0.09157693750016517,0.017827037531864307,2.212257100149477,3.698056801195815,0.9380987044600064,0.5205470893376468,669
psppsgva,political,ES,0.06763905025216112,0.08065378711166514,0.08235205452117302,0.03333081992214469,2.094311377245509,3.6691616766467066,0.9695965738864041,0.5221979992619339,668
psppsgva,political,FI,-0.022828176151870817,0.5511618932247849,-0.027141198832835604,0.47853133032338024,2.4634502923976607,3.7521929824561404,0.7972190475799101,0.4782941726158656,684
psppsgva,political,FR,0.06644868520074038,0.08544032119191045,0.06719687330975792,0.08197033628710593,2.134128166915052,3.676602086438152,0.9125398907474899,0.5195041446936196,671
psppsgva,political,GB,-0.013735518341879024,0.7246736013095508,0.005275486358666816,0.8923954539401387,2.1333333333333333,3.6484848484848484,0.8357224225947983,0.5375836524501242,660
psppsgva,political,GR,0.012091926672959222,0.7533043340374391,0.0012818546066271637,0.9734226662835515,1.9985250737463127,3.640117994100295,1.04761001479209,0.5410597273845535,678
psppsgva,political,HR,0.08492939269200486,0.02770054508567124,0.07604045616768086,0.048795116897780315,1.6428571428571428,3.6800595238095237,0.78575783261367,0.5407573174099549,672
psppsgva,political,HU,-0.062252968850270075,0.10430372714106015,-0.05146353330719121,0.17946597838286812,1.9824046920821115,3.5542521994134897,0.9768155702608059,0.563829819647551,682
psppsgva,political,IE,-0.05671295800635944,0.1404582194047265,-0.058458728435246944,0.12862673160224408,2.2629246676514034,3.7104874446085674,0.9647633682632638,0.5263128683768353,677
psppsgva,political,IL,0.06481394254217693,0.09668105127026246,0.06024622082165803,0.12261964017569146,1.965045592705167,3.7158054711246202,1.013002265547011,0.47439077826486653,658
psppsgva,political,IS,-0.040901378496515886,0.2900722922646231,-0.007179977417813428,0.8527244406044069,2.5767511177347244,3.7801788375558867,0.8497561699763808,0.5122767129745018,671
psppsgva,political,IT,0.031207846233733193,0.4217106824318887,0.049330970666772535,0.20390396364338312,1.7759398496240602,3.6980451127819545,0.7699309912688556,0.5521145805083983,665
psppsgva,political,LT,-0.010794609681258196,0.7800027557865421,-0.013489329745429502,0.7270530759031528,2.238095238095238,3.6294642857142856,0.9826397443723776,0.5218570062164481,672
psppsgva,political,LV,-0.034883128668895126,0.3683929945964288,-0.03245064798780364,0.40274436891568755,1.8170914542728636,3.5817091454272862,0.9216165760473164,0.561926185899642,667
psppsgva,political,ME,-0.09086223507546877,0.019010363467385355,-0.07740198578603588,0.045851788698593174,2.195195195195195,3.6726726726726726,0.903314385546236,0.5211938906425052,666
psppsgva,political,NL,0.013453337229515503,0.7269727799149444,0.030937818817733484,0.4219245245293227,2.544378698224852,3.7159763313609466,0.9250975036124607,0.5381276946369346,676
psppsgva,political,NO,-0.03440617227698844,0.37141166978728785,-0.01887036075038915,0.6240430075406217,2.895125553914328,3.8353028064992616,0.8280885474977414,0.4643524200506602,677
psppsgva,political,PL,0.054741770770210675,0.15915174259943443,0.05897454569944262,0.12927223013627212,2.268476621417798,3.6184012066365008,0.8847577726674779,0.5278576453694469,663
psppsgva,political,PT,0.0922388734441966,0.01684988550896548,0.0871071194644477,0.02404075921993784,1.9910581222056631,3.642324888226528,0.9650197962034397,0.6011903281890103,671
psppsgva,political,RS,0.01644851752413372,0.679093160143286,0.024796705988517437,0.532810127164412,1.853543307086614,3.5511811023622046,1.0305885791593936,0.5824545773346527,635
psppsgva,political,SE,0.01060303929640913,0.7827103284932097,-0.01958056635575261,0.6105196257470558,2.6671575846833577,3.786818851251841,0.8980293191323413,0.5531547078833784,679
psppsgva,political,SI,-0.020819159813600902,0.5911735867355102,0.0035327316004006254,0.9273851737056467,2.1497005988023954,3.6182634730538923,0.8527492711928171,0.5764716980336475,668
psppsgva,political,SK,0.0658504150594764,0.08806180210254132,0.05099012892522242,0.18676382295538974,2.0297619047619047,3.5558035714285716,0.911431590313995,0.5682317148625211,672
psppsgva,political,UA,0.03865103251472946,0.3203638133731911,0.029357919147533867,0.4504488040407707,1.7571644042232277,3.2941176470588234,0.9770040748924256,0.49414557284817623,663
vote,political,AT,-0.00815711969920414,0.8322215364975071,-0.009654141826250993,0.8020190563224638,1.2998522895125555,2.0841949778434268,0.5654369222650558,0.6708213704406184,677
vote,political,BE,-0.037973039497972504,0.3227852002403049,-0.04321687028925858,0.26041509689009124,1.3514705882352942,2.125,0.6811133238738003,0.6192482020869527,680
vote,political,BG,-0.10173332652494488,0.007796396655659282,-0.09156440430940263,0.016683226987911533,1.3865300146412884,2.115666178623719,0.5704811933678124,0.6451515222336229,683
vote,political,CH,0.010214257468656344,0.7924651890468121,0.007554148178977061,0.8457168426394106,1.6711711711711712,2.111111111111111,0.7975399077732456,0.6153155285427399,666
vote,political,CY,0.015006025202768199,0.696724712705191,0.02916534795164622,0.44867937411954906,1.3471196454948302,2.072378138847858,0.5951317333519341,0.66110615480704,677
vote,political,DE,-0.06083858012978522,0.1116402360954844,-0.039154448011983554,0.3061703721510799,1.34014598540146,2.1124087591240874,0.6663880836812058,0.6559940957999052,685
vote,political,EE,-0.0740790628304077,0.053150882745143076,-0.07101454676477312,0.06381177498773055,1.3709677419354838,2.1363636363636362,0.6379403823322093,0.6369878891720068,682
vote,political,ES,-0.004458908871771793,0.9077402437544664,-0.012214961113227337,0.7508768305592538,1.3893805309734513,2.028023598820059,0.6670151549050306,0.6944255264965091,678
vote,political,FI,-0.08372491749681042,0.029871595365150348,-0.08716779555166879,0.023732623908572708,1.1901931649331352,2.099554234769688,0.46556301503138875,0.6773656366834458,673
vote,political,FR,-0.024001049221180355,0.5372871029378308,-0.023776284262149207,0.5411058314818554,1.4856711915535445,2.0452488687782804,0.6262315676439786,0.6603150098937737,663
vote,political,GB,-0.034789975211915,0.36645226413735155,-0.03793586198294488,0.32469208377561415,1.3683431952662721,2.014792899408284,0.6028113695242493,0.6840533561666372,676
vote,political,GR,-0.09113200099585346,0.01712493850481074,-0.09044312271709787,0.01798539369422789,1.1871345029239766,2.16812865497076,0.42959135409880356,0.6926356019783492,684
vote,political,HR,-0.02351288181534023,0.5425727078290665,-0.02443671829480258,0.5268255027920763,1.347696879643388,2.163447251114413,0.5858435744254655,0.6748244947954354,673
vote,political,HU,-0.04934164335616642,0.1980999831973158,-0.045883419480404,0.23142986506720944,1.280058651026393,2.1099706744868034,0.5358084969965334,0.6667608590728874,682
vote,political,IE,-0.008836111289336711,0.8179613516391305,-0.017919948160303324,0.6406308541352915,1.3142437591776799,2.067547723935389,0.6023872063518914,0.6783336033976854,681
vote,political,IL,0.017722388644356765,0.6480031822938607,0.012836511074389094,0.7408991583763909,1.3138138138138138,2.1666666666666665,0.5584792898239602,0.6330496660604507,666
vote,political,IS,-0.01761972907925153,0.6467240032679323,-0.025270880303602798,0.5109295950871663,1.2621502209131075,2.1325478645066274,0.6208487632587519,0.6193424672442207,679
vote,political,IT,-0.011829084709551681,0.7602374340696624,-0.00492109677689895,0.8989786024569595,1.4131736526946108,2.037425149700599,0.6072575457917099,0.694877780132281,668
vote,political,LT,-0.00889116752901463,0.8172453130731573,-0.0016674477389793706,0.9654323860893986,1.4277286135693215,2.0973451327433628,0.5828148245723972,0.6356880467805744,678
vote,political,LV,0.004004833106235394,0.9170998491882828,-0.0004915640472693051,0.9898065517900243,1.4100294985250736,2.1002949852507373,0.624478274898204,0.6603118427638301,678
vote,political,ME,-0.0038238380905431936,0.9212437815541985,-0.007404737214185061,0.8481692511643317,1.195230998509687,2.157973174366617,0.42920394761651304,0.6315756693738154,671
vote,political,NL,-0.014444559561871071,0.7073338029849295,-0.006854071598501744,0.8586114098180798,1.294985250737463,2.1106194690265485,0.6185260865339908,0.6817991879417312,678
vote,political,NO,-0.029932414408208763,0.43581452639864904,-0.0145742952651102,0.7044115974839756,1.3044117647058824,2.1044117647058824,0.655762678328438,0.6462612136496109,680
vote,political,PL,-0.03559240890220078,0.3551383821684351,-0.027365427135185732,0.47718059835768983,1.1964549483013294,2.1462333825701623,0.47554312125346115,0.6510379686134006,677
vote,political,PT,-0.02850812594060403,0.4599735589602958,-0.02517087817813227,0.5141661250695828,1.3471810089020773,2.029673590504451,0.5830182826084799,0.7101540424630515,674
vote,political,RS,0.0121892539374537,0.7535297496969342,0.013846332560379558,0.7213330118773917,1.2522522522522523,2.175675675675676,0.4774960089139535,0.6424178317850521,666
vote,political,SE,-0.0465536147351445,0.22365777965921696,-0.030497777078940483,0.4254912247894919,1.1284671532846715,2.1474452554744525,0.4404524695582757,0.6399333266589816,685
vote,political,SI,-0.0006033832536334178,0.9874786981188636,0.010348161727947012,0.787807382187297,1.3122238586156112,2.1516936671575846,0.5972016132953362,0.6510435828189595,679
vote,political,SK,-0.08791046810792093,0.021577877147235497,-0.10485825680745173,0.006089193197013566,1.24597364568082,2.1390922401171304,0.479302443295469,0.6739673726068072,683
vote,political,UA,-0.04146708618064612,0.28781021731584944,-0.042586559190354874,0.27498294008261465,1.377845220030349,2.1168437025796663,0.5442662445933175,0.6797136833545883,659
actrolga,efficacy,AT,0.003796319026181089,0.9221593130015886,0.02297591132583548,0.5542143417983184,2.3353383458646615,3.356390977443609,1.0544080941572709,0.5736893632103001,665
actrolga,efficacy,BE,0.08937269890561204,0.019847823051818925,0.08364035959112483,0.029311364084810183,2.1678939617083945,3.369661266568483,1.028258607817365,0.5594653765062748,679
actrolga,efficacy,BG,0.03299233365305167,0.3938684712781703,0.0431338803891209,0.26488172797547194,1.9208955223880597,3.22910447761194,1.162960671175255,0.5509639096400148,670
actrolga,efficacy,CH,0.0254323017572269,0.5101198884320416,0.03284940220857607,0.3948623194716481,2.3521545319465083,3.4531946508172364,1.1283279981115584,0.549317259548624,673
actrolga,efficacy,CY,0.018895779487418135,0.6266811882410463,0.020481546264478994,0.5980328753256696,2.030075187969925,3.3015037593984964,1.1135789043736264,0.5346411027933473,665
actrolga,efficacy,DE,0.095726508196957,0.012707923531672601,0.10346888368989211,0.007050700047931773,2.290989660265879,3.409896602658789,1.0614792604225165,0.5350215567771561,677
actrolga,efficacy,EE,0.03230446173021579,0.40310622335622376,0.04599433592869091,0.233763553599824,2.0639880952380953,3.3764880952380953,1.037485576654281,0.569660803073647,672
actrolga,efficacy,ES,0.07180272273625238,0.06206590990008588,0.08404930693624836,0.028881132770363253,1.8772189349112427,3.3735207100591715,1.033375749378657,0.5191674541960272,676
actrolga,efficacy,FI,0.018949740991748572,0.6212980519057753,0.037682287656687505,0.32579368376434614,2.439882697947214,3.3870967741935485,1.0592125677847024,0.5758304373076858,682
actrolga,efficacy,FR,-0.007240345590666535,0.8510620425125236,0.003520753994869605,0.9272521377342853,2.1214814814814815,3.314074074074074,1.1256640101190618,0.5013576468488857,675
actrolga,efficacy,GB,-0.010955524720925222,0.7781116908521362,-0.02423398589553607,0.5330341210339874,2.2183734939759034,3.2951807228915664,1.1251518036501365,0.5262986929472354,664
actrolga,efficacy,GR,-0.0117876594067255,0.7615743485105414,-0.017554448502975762,0.6513625248932822,2.1503759398496243,3.3639097744360904,1.0434552238785881,0.5376401954829035,665
actrolga,efficacy,HR,0.05655059161596079,0.14488877925957303,0.03635042034683125,0.34894285583990453,1.7897897897897899,3.310810810810811,1.0351495991340207,0.5269605885623594,666
actrolga,efficacy,HU,0.0711299387065373,0.06416384711238028,0.051878476428224796,0.17725658050376353,1.8864306784660767,3.269911504424779,0.9860587755183722,0.5429910525474849,678
actrolga,efficacy,IE,0.041577201104282674,0.2828903453136669,0.04235440394305074,0.27398112885916737,2.2286995515695067,3.384155455904335,1.1160297523357525,0.5556892033928176,669
actrolga,efficacy,IL,0.0228951747889805,0.5559062265037522,0.048521502165394394,0.21177796186952286,2.1430722891566263,3.470632530120482,1.176317420384238,0.5762746830399061,664
actrolga,efficacy,IS,-0.07193435900768333,0.06101142826024279,-0.07471022213417669,0.051666228207206684,2.6553755522827687,3.577319587628866,1.0912347740994086,0.5995213450252065,679
actrolga,efficacy,IT,0.03716651899253375,0.338221833550517,0.051635108762126666,0.18321180008698001,1.8618618618618619,3.3318318318318316,0.88197598665697,0.5747378155640589,666
actrolga,efficacy,LT,-0.021907584925317285,0.5730788294448808,-0.007791132929202078,0.8411769700989656,1.9518072289156627,3.3102409638554215,0.9920177887013931,0.5602336851435363,664
actrolga,efficacy,LV,0.05497174230971941,0.1574048094882038,0.06189824972343746,0.11131183453736807,1.506787330316742,3.311463046757164,0.712129966469866,0.5536651851322795,663
actrolga,efficacy,ME,0.06164331827938213,0.1155559375646088,0.04413038939119772,0.26012740730432504,2.088820826952527,3.3437978560490045,0.925812851303757,0.5122238614400204,653
actrolga,efficacy,NL,0.04559897043723997,0.23572037699779413,0.07573201094763798,0.04870836761744876,2.1106194690265485,3.407817109144543,1.0969970692308375,0.5732703988986119,678
actrolga,efficacy,NO,0.028075744557932457,0.46581639857841517,0.023348719997826593,0.5441989876472001,2.6957163958641064,3.514032496307238,1.0791992275312983,0.5317113868843021,677
actrolga,efficacy,PL,0.08366883987532318,0.030978972242521993,0.07565841943293555,0.051155400764127765,2.1082706766917294,3.294736842105263,1.016582770379976,0.5626844797183553,665
actrolga,efficacy,PT,0.07602898455097444,0.047499959360036814,0.10456525238101612,0.0063488840260147285,1.7029411764705882,3.2838235294117646,0.9799117191813218,0.5403076345437734,680
actrolga,efficacy,RS,0.031878095133709115,0.41393043981730937,0.048028052502468735,0.21821148282356176,1.9074355083459789,3.261001517450683,1.171698664287135,0.5664207182729806,659
actrolga,efficacy,SE,0.09655886420541503,0.01176206848308895,0.10161437282193445,0.00800709730511057,2.679411764705882,3.4970588235294118,1.081448712460148,0.5692075436579194,680
actrolga,efficacy,SI,0.09827358067173421,0.011348472293727593,0.08761050893709123,0.02407397170846233,1.9758672699849171,3.2926093514328807,0.98907466621437,0.6011491837479926,663
actrolga,efficacy,SK,0.056772095325139445,0.14092877948052698,0.06727769179519977,0.0809211339035688,1.86053412462908,3.308605341246291,0.891507069767797,0.49934591544348433,674
actrolga,efficacy,UA,0.05603502190634695,0.15200394713698476,0.08781284201673219,0.024611828556504713,1.7465648854961833,3.2900763358778624,1.0121054530040632,0.5163763061728992,655
cptppola,efficacy,AT,-0.07742456724591412,0.04513962701203447,-0.06888857312418736,0.0747615959450786,2.68955223880597,3.502985074626866,1.1975478593540263,0.6509668902129984,670
cptppola,efficacy,BE,-0.056155720590219435,0.14292639839658564,-0.05188999706740361,0.17588313298808175,2.0733137829912023,3.4281524926686218,1.0155431630806941,0.6284721142935342,682
cptppola,efficacy,BG,0.0058674597330949305,0.8841685723465149,-0.003257126606290185,0.9355431227419102,2.0840064620355414,3.3376413570274637,1.0984187398772447,0.6132740883267792,619
cptppola,efficacy,CH,-0.07137815965969878,0.06343356604594896,-0.06065046046212988,0.11488452904043737,2.7178729689807977,3.48301329394387,1.0638726685300108,0.6378758352406495,677
cptppola,efficacy,CY,0.00581246466205,0.8803627839754375,0.027045927837739472,0.4836426443600278,2.0787518573551265,3.4561664190193166,1.0984473292151014,0.6580057684482074,673
cptppola,efficacy,DE,0.009967222837435936,0.7963313813626832,0.024991919710156733,0.5174751224822384,2.664190193164933,3.4175334323922733,1.043764780088734,0.6240148253277531,673
cptppola,efficacy,EE,0.03694963079406177,0.3374378335060316,0.00887064046121131,0.8179252154733623,1.886094674556213,3.535502958579882,0.9335152917399577,0.6972410486992529,676
cptppola,efficacy,ES,-0.0504101053258437,0.18822279167939576,-0.02951277330701197,0.44127040827185315,2.171303074670571,3.49194729136164,1.1519189270355241,0.6706080207187578,683
cptppola,efficacy,FI,-0.029708984624794387,0.4375660848178227,-0.02540057785180632,0.5068889496019953,2.3401459854014597,3.576642335766423,0.9776343818141108,0.6723728138738518,685
cptppola,efficacy,FR,-0.08504732434757901,0.02691237862990635,-0.08997940880779541,0.01920028413493639,2.2319054652880355,3.389955686853767,1.006334112548886,0.6606564991489601,677
cptppola,efficacy,GB,-0.0012894585671040612,0.9735035120818439,0.01436977987521246,0.7112610061127239,2.2867867867867866,3.421921921921922,1.0776078518140602,0.635349575128882,666
cptppola,efficacy,GR,0.015248503434176901,0.6944661899607687,0.0007915010305903444,0.9837339518554291,2.2837837837837838,3.4324324324324325,1.0544320103536517,0.6799595957251696,666
cptppola,efficacy,HR,-0.02048351435875532,0.5949742956204,-0.03634713094959003,0.3453800920751251,1.8150887573964498,3.437869822485207,0.9411467352627001,0.6352491870875364,676
cptppola,efficacy,HU,-0.05679841587476826,0.14015425362972914,-0.028565655049864636,0.4584001329327687,1.856508875739645,3.3594674556213016,0.9530313126461624,0.6057128133634188,676
cptppola,efficacy,IE,-0.05660757234118374,0.14031697923104483,-0.06210568588328797,0.10564087133293851,2.2044117647058825,3.486764705882353,1.107337134642515,0.6733742023760186,680
cptppola,efficacy,IL,-0.00916876993019357,0.8132940063227113,0.013582982375797848,0.7264187321033994,2.1366366366366365,3.524024024024024,1.184210701929987,0.6490196373358378,666
cptppola,efficacy,IS,-0.014176646788040662,0.7121127231727127,-0.019220839106775366,0.6168341112545447,2.7588235294117647,3.711764705882353,1.0156703415698032,0.7436583954086508,680
cptppola,efficacy,IT,0.005913747921773646,0.8791981174299669,0.006945082696381621,0.8583364819077026,2.055806938159879,3.4283559577677223,0.8629107833795074,0.6366772079008113,663
cptppola,efficacy,LT,-0.06619394599148533,0.08783524938439327,-0.0464431870066103,0.23132501205924363,1.945945945945946,3.4024024024024024,0.9577966993963372,0.676297034172345,666
cptppola,efficacy,LV,-0.012441203567374572,0.7480566989990088,-0.014608807400131674,0.7060466691452897,1.5500747384155455,3.403587443946188,0.8240150137641918,0.6600573715475989,669
cptppola,efficacy,ME,-0.056480426394585934,0.14939297989721248,-0.07534511080809522,0.05430371832387182,2.1562021439509955,3.3843797856049003,1.0242963927396431,0.6417488015207572,653
cptppola,efficacy,NL,-0.010157824310506179,0.7910187917777061,-0.005525337138765107,0.8853920934421998,2.130307467057101,3.4743777452415814,1.0826562828215691,0.6959261540839065,683
cptppola,efficacy,NO,0.00017838884560608608,0.9962843125226434,0.002395756729029411,0.9501306929226476,2.690058479532164,3.6608187134502925,1.0647365085281462,0.7212624582667054,684
cptppola,efficacy,PL,0.029545288198057473,0.44346587485721656,0.03588935471885615,0.351851220489988,1.9525925925925927,3.3777777777777778,0.9280359297401524,0.600032969750279,675
cptppola,efficacy,PT,-0.01966327092987383,0.6082196397764503,-0.002329209682282011,0.9515852985236432,1.7096774193548387,3.436950146627566,0.94838616228976,0.7467883819254509,682
cptppola,efficacy,RS,-0.03059657755197769,0.4340128081005632,-0.01925047426000223,0.622607660441231,1.891768292682927,3.3597560975609757,1.1413903058109518,0.6757495820736308,656
cptppola,efficacy,SE,3.4333324632925764e-05,0.99928907346569,-0.0006693344764540786,0.9861410500721761,2.6937869822485205,3.5991124260355027,1.0705581135819826,0.6558674972952446,676
cptppola,efficacy,SI,-0.0483987395463707,0.21121671730933447,-0.008149230717700092,0.833363724293629,1.985052316890882,3.393124065769806,0.966389139433868,0.6423296515740413,669
cptppola,efficacy,SK,0.04163380396200157,0.2790090711685395,0.06262118885067972,0.10328167855511204,1.612094395280236,3.312684365781711,0.867074425307997,0.5825007394449219,678
cptppola,efficacy,UA,0.04437821382977428,0.25062234250212806,0.05102324556679487,0.18647741530906542,1.7172619047619047,3.392857142857143,1.0432379391929856,0.6644986392449885,672
trstprl,inst_trust,AT,0.019012977246751498,0.622719634759328,0.034824188323315255,0.36740816572750545,5.101190476190476,7.0461309523809526,2.475248274476046,0.8506768940419834,672
trstprl,inst_trust,BE,-0.04649929289124094,0.2321720668977213,-0.021166739082459012,0.5866903704116431,4.706948640483383,7.158610271903323,2.296859671675065,0.6690091590115776,662
trstprl,inst_trust,BG,0.009144160241181046,0.8144760779606948,0.01766486751419599,0.650305297646295,2.4931921331316187,6.3419062027231465,2.167675533628023,1.3406405062306288,661
trstprl,inst_trust,CH,-0.011255725406208618,0.7733722966929291,-0.004569572280890058,0.9069354166729691,6.47945205479452,7.378234398782344,1.887851325218072,0.5483605720004641,657
trstprl,inst_trust,CY,0.012842889189409196,0.740398703194399,0.05434455983401811,0.16062301876993823,3.931137724550898,6.9895209580838324,2.4589073569979942,0.9503622340307638,668
trstprl,inst_trust,DE,-0.006176826848108489,0.8733955596574277,-0.01532401321890211,0.6925910742587272,5.125748502994012,7.120508982035928,2.6345180481351385,0.7483605539175832,668
trstprl,inst_trust,EE,0.015796653192569156,0.6845150739691922,0.028148637213279704,0.46899423239963806,4.73644578313253,7.109939759036145,2.5758121951391844,0.787318795825409,664
trstprl,inst_trust,ES,-0.0155853896681834,0.6900786150568058,0.005519114340916067,0.8877137718466567,4.290715372907154,7.025875190258752,2.6461757276046356,0.7925531083282265,657
trstprl,inst_trust,FI,-0.005235389912110086,0.8915267649666824,-0.02587601985836016,0.5002271554282371,6.593245227606461,7.136563876651983,2.012581356794344,0.7218232220762081,681
trstprl,inst_trust,FR,-0.0031314641649079398,0.9358559420256561,0.00897546479562264,0.8175666202180839,4.294117647058823,7.041478129713424,2.5048735152753703,0.6910185042105975,663
trstprl,inst_trust,GB,-0.07266263331050572,0.06268716407241745,-0.049299700587807964,0.2069446031086871,3.582952815829528,6.904870624048706,2.5732349715497893,0.9381029881990863,657
trstprl,inst_trust,GR,-0.032374915095754436,0.40137866703088615,-0.020519254224663348,0.5948797598799505,3.1617210682492582,6.66246290801187,2.1411459082087276,1.1405404675229651,674
trstprl,inst_trust,HR,0.006221157755344813,0.8735438640009456,0.00042596099923325763,0.9913052677735373,2.928462709284627,6.767884322678843,2.48766399978326,1.0431632527865484,657
trstprl,inst_trust,HU,-0.04485837621719808,0.24836790442281928,-0.05155832633566511,0.18452703010546778,4.569277108433735,6.567018072289157,2.905451591187869,1.1668935541822378,664
trstprl,inst_trust,IE,-0.04127571012414125,0.2941198836031888,-0.05165776718681633,0.18907172712988557,5.070987654320987,7.075617283950617,2.3386856663318567,0.680138581531148,648
trstprl,inst_trust,IL,0.03736599463256753,0.3407846478462401,0.02432871733582087,0.5351812263287792,3.817484662576687,6.576687116564417,2.7106437173268647,1.1621036358599535,652
trstprl,inst_trust,IS,-0.044585961296008794,0.24911682839007532,-0.06725808975690932,0.08192015480931654,5.549253731343284,7.385820895522388,2.3061219062391265,0.6975456636851477,670
trstprl,inst_trust,IT,0.0249457334612545,0.5198137763501728,0.04196353709413019,0.27879837489613535,4.42814371257485,6.9206586826347305,2.376026850754771,0.9407443145386492,668
trstprl,inst_trust,LT,-0.009949476647362477,0.7975779256227595,-0.009059490677188668,0.8153425413254209,3.7241379310344827,6.706146926536731,2.533037375822321,0.9573524534474861,667
trstprl,inst_trust,LV,0.03637457354763235,0.35228063961679146,0.03304456122515947,0.39812738880208687,3.0945121951219514,6.821646341463414,2.3985174313632456,0.9459698540709541,656
trstprl,inst_trust,ME,0.03299794298173506,0.39735415211844444,0.00891153165450724,0.8192482659288279,4.193939393939394,6.86969696969697,2.421820305613001,0.8103970994937544,660
trstprl,inst_trust,NL,-0.03908503904079337,0.3131312247354337,-0.019932518654925284,0.6070729765769949,5.232035928143713,7.200598802395209,2.1154937933522118,0.6997748197237474,668
trstprl,inst_trust,NO,-0.06909806812354478,0.07217146942332646,-0.07715838232735021,0.044603891365274324,6.477876106194691,7.452064896755163,2.357667068376517,0.566405793675021,678
trstprl,inst_trust,PL,-0.020966746469238788,0.5907955553724068,-0.016674370005390033,0.6689496259694134,3.93030303030303,6.531060606060606,2.5918027483167005,1.1189587463973985,660
trstprl,inst_trust,PT,-0.03947725983933393,0.3093891655625505,-0.06812185822817468,0.0791851908532049,4.386466165413534,7.064661654135338,2.635964820587441,0.8049354056926687,665
trstprl,inst_trust,RS,-0.14412552039637327,0.00030737614623735495,-0.11904297975818302,0.0029210130496671906,4.157303370786517,6.268057784911718,3.0674581446062876,1.3465057493341575,623
trstprl,inst_trust,SE,-0.022465405658088557,0.5618774896736468,-0.033951519220311234,0.3806127853539911,6.275037369207773,7.230194319880418,2.219737645684129,0.6410952393333081,669
trstprl,inst_trust,SI,0.06833575096821488,0.0782454815762139,0.0550788939321266,0.1559698415594479,4.190977443609023,6.909774436090226,2.4747964090115997,0.9257742332620887,665
trstprl,inst_trust,SK,0.051015076929344934,0.18589142377532641,0.046857581427329154,0.22440312298425275,4.1335311572700295,6.379821958456973,2.7855448875797513,1.2423708214544913,674
trstprl,inst_trust,UA,-0.04603521490364576,0.24191117369410162,-0.041617705366033736,0.290134448443935,2.2314814814814814,4.904320987654321,2.564553818335114,1.605664192178475,648
trstplt,inst_trust,AT,-0.0512179216913638,0.18811435349474243,-0.04549638162917478,0.24240930256184356,3.6555891238670695,6.351963746223565,2.5000678720716243,1.355770123595127,662
trstplt,inst_trust,BE,0.005095351926646542,0.8966002004741329,0.0007454655621769976,0.9848307099130066,4.1255742725880555,6.113323124042879,2.2270309920019264,1.447238797237091,653
trstplt,inst_trust,BG,0.035509985454765795,0.37054218102238434,0.034059047727115314,0.3904243137803175,2.2225705329153604,4.775078369905956,2.0703464336433823,1.7710269600047275,638
trstplt,inst_trust,CH,-0.06884142537624621,0.07853835700426293,-0.04214405751213893,0.28184486709740514,5.620795107033639,6.744648318042813,1.8978335301156297,1.2111378656986878,654
trstplt,inst_trust,CY,-0.04429773885570659,0.25577657579836904,-0.03411126766049001,0.38161319633686475,2.6893939393939394,5.342424242424243,2.260475784037772,1.7397486960362463,660
trstplt,inst_trust,DE,-0.039928698911179214,0.30425016811750644,-0.025210929224062702,0.5166491613648573,4.075301204819277,6.509036144578313,2.3617856768443155,1.2947543447199692,664
trstplt,inst_trust,EE,0.04311135445418628,0.26910579527841977,0.038925355139781286,0.31840850255096026,3.5857359635811834,6.495447647951441,2.331203010089805,1.2514346435543187,659
trstplt,inst_trust,ES,0.021703990801755398,0.5778046971327505,0.010139107891789194,0.7948704689327339,2.7075757575757575,5.9818181818181815,2.349106995023851,1.5920333807921958,660
trstplt,inst_trust,FI,-0.04252048089019903,0.26995510965260966,-0.023355857773474993,0.5446735038481281,5.392592592592592,6.511851851851852,2.021752245181047,1.2364429125286824,675
trstplt,inst_trust,FR,-0.04576409255577279,0.24036003254157132,-0.031305954582300746,0.42201126958279234,3.893939393939394,5.545454545454546,2.1676948581012923,1.6568872050848378,660
trstplt,inst_trust,GB,-0.01060688380399963,0.7869085776036565,-0.017872574298575854,0.6487321692951421,2.915644171779141,5.302147239263804,2.3188138651231434,1.772583920162017,652
trstplt,inst_trust,GR,0.009457918412902357,0.8089472877365184,-0.006837507060631397,0.861241755081302,2.6478658536585367,5.373475609756097,2.065217956889345,1.70181693457126,656
trstplt,inst_trust,HR,-0.020954567422493776,0.5935625100561859,0.0005498354764565636,0.9888284427275859,2.0937019969278032,5.740399385560676,2.185013352603948,1.7191802591126675,651
trstplt,inst_trust,HU,0.005367694770533492,0.8911902567002036,0.00575550390195697,0.8833830884371991,4.075153374233129,5.25,2.676436830665851,1.6840491398342103,652
trstplt,inst_trust,IE,-0.018675801149948386,0.6353829093607111,-0.031013358110688217,0.430974116380043,4.304482225656878,5.139876352395673,2.410958277663479,1.720883921348478,647
trstplt,inst_trust,IL,0.04218078208900024,0.2843991416231181,0.04453192791354577,0.2583853235886865,3.2445820433436534,5.793343653250774,2.5049891417399794,1.6309322856817312,646
trstplt,inst_trust,IS,-0.0372969794001117,0.34093564125776205,-0.04066432883378356,0.29909957420029415,4.795107033639144,6.605504587155964,2.182536964074673,1.4083649592080245,654
trstplt,inst_trust,IT,-0.04884277996721898,0.20876475691863736,-0.025900675351632277,0.5052398301267004,3.3930722891566263,5.624246987951807,2.3277485845546355,1.6109072153764783,664
trstplt,inst_trust,LT,0.010001004896909476,0.7992672055364728,0.009970320087961676,0.7998700166415922,3.4514637904468413,5.419106317411402,2.304290519542916,1.620662816729938,649
trstplt,inst_trust,LV,-0.01221141736835327,0.7580117249100063,-0.00906299019754662,0.8191374829554519,2.621283255086072,5.510172143974961,2.1944467343267955,1.6692328691868978,639
trstplt,inst_trust,ME,0.002235731997509297,0.9545624351881997,-0.0193782910721486,0.6213712834871006,3.705521472392638,5.944018404907975,2.251287435969449,1.6027082838054814,652
trstplt,inst_trust,NL,0.08848172699208212,0.023113186079137406,0.09112510345994676,0.019299204823470573,4.855842185128983,6.398330804248862,2.0299074677531985,1.4032572637093312,659
trstplt,inst_trust,NO,-0.012771916588590608,0.741595111822486,0.018610893473403677,0.6308627907477917,5.286995515695067,7.031390134529148,2.0425477445832243,1.0344665141147307,669
trstplt,inst_trust,PL,0.03855900668790299,0.3316133735287505,0.05423209865504954,0.1719400976943212,2.8647798742138364,5.567610062893082,2.3195068268863253,1.5814339985608286,636
trstplt,inst_trust,PT,0.05433868727916641,0.1622489369356673,0.07494277103337325,0.053761031296779276,2.8733031674208145,5.873303167420814,2.362009701057609,1.6283726172962822,663
trstplt,inst_trust,RS,-0.17987350754150166,5.643977689307499e-06,-0.16429695788363546,3.465204614774648e-05,2.9077901430842608,5.026232114467408,2.8566192626846343,1.767909796326699,629
trstplt,inst_trust,SE,0.07222108483528202,0.06471321488576867,0.0832595476606006,0.03313126260669545,4.85648854961832,6.756946564885497,1.9994303178197284,1.1452240230145183,655
trstplt,inst_trust,SI,0.0015837218424677542,0.9679537830932126,0.005665843646624283,0.8857149906677387,3.210526315789474,5.8691950464396285,2.28963570476762,1.620219614468115,646
trstplt,inst_trust,SK,0.034150210419812796,0.3807077008689343,0.03711442693318058,0.34072629581750274,3.875945537065053,5.194402420574886,2.6319216202636264,1.7521715050949946,661
trstplt,inst_trust,UA,-0.04948969549949276,0.21370701377295967,-0.04941225731587585,0.21442534124931806,1.9699842022116905,4.0947867298578196,2.2789729878822325,1.6582230825402213,633
trstlgl,inst_trust,AT,-0.02411564454847751,0.5353453566266437,-0.03101452379482406,0.4252935360603021,6.6500754147812975,7.524585218702866,2.3263944251769413,0.7645756488816227,663
trstlgl,inst_trust,BE,0.01903951243921031,0.6237987418993359,0.00013307076463268743,0.9972650940844979,5.366366366366367,7.478228228228228,2.4686322676925054,0.7458499811960104,666
trstlgl,inst_trust,BG,0.00730047749823067,0.8529625595620276,0.009306864343072496,0.8132165224467014,3.846986089644513,7.033230293663061,2.91782490951609,1.1111143742950516,647
trstlgl,inst_trust,CH,0.0023902997163792366,0.9510528026773215,0.006443035090181715,0.8685790985598213,6.938066465256798,7.747432024169185,1.973523970194233,0.6236763707992509,662
trstlgl,inst_trust,CY,-0.016977164915866847,0.6633041331093366,0.011159115084641463,0.7747645139360609,4.351515151515152,7.465151515151515,2.6564687517275893,0.8046700610844121,660
trstlgl,inst_trust,DE,0.0062342934010468426,0.8720375394017191,-0.02338159570903043,0.5457305647236604,6.3194029850746265,7.61313432835821,2.3484395993637004,0.6216863342730762,670
trstlgl,inst_trust,EE,-0.033911527561781896,0.38368670185248566,-0.02675281727501605,0.49198504304594226,6.332326283987915,7.63761329305136,2.463312720204833,0.6044382358376604,662
trstlgl,inst_trust,ES,0.024999144020066547,0.518920068262847,0.00995518079049521,0.7973153729674758,5.287425149700598,7.437874251497006,2.626931893159885,0.7745693599084811,668
trstlgl,inst_trust,FI,0.038801392146012414,0.3134083347138049,0.019749594239074787,0.6079726301406527,7.48301329394387,7.679615952732645,1.868872493711651,0.6765719151956607,677
trstlgl,inst_trust,FR,0.024367003742832474,0.5289301415710999,0.04078968872806465,0.2917537295518578,5.2880597014925375,7.431044776119403,2.4358448280475034,0.7406156981470742,670
trstlgl,inst_trust,GB,0.0062981982081919295,0.8723796724204859,0.016872423432831345,0.6669336449969967,5.546707503828484,7.365237366003063,2.5277070228072573,0.8295176440509414,653
trstlgl,inst_trust,GR,-0.0840570215640669,0.030080988571238396,-0.05828004147028378,0.1329722748485826,5.243243243243243,7.364864864864865,2.541266806998583,0.7821676433556544,666
trstlgl,inst_trust,HR,0.0325750994659666,0.4034335242019451,0.0333396641668352,0.3924816094728256,3.175757575757576,7.386363636363637,2.466655357221237,0.9854612876771351,660
trstlgl,inst_trust,HU,0.05347330674906686,0.17002239388493587,0.08571890094329632,0.027662606244319245,5.368181818181818,7.1878787878787875,2.791579528566636,0.9844797354305931,660
trstlgl,inst_trust,IE,-0.026747632928428255,0.49272616616264425,-0.06620140803491313,0.08924655095970883,5.706060606060606,7.497424242424243,2.4198771453207626,0.9823059961766573,660
trstlgl,inst_trust,IL,-0.033244591183922555,0.400754065142058,0.0025604411639838158,0.9484138414983618,4.5023400936037445,7.438377535101404,2.835116424488705,0.8480823152822725,641
trstlgl,inst_trust,IS,-0.007466589553778487,0.8475966548332766,-0.008732818553278343,0.8221512091048635,6.172932330827067,7.681203007518797,2.198408783107205,0.7191601502292019,665
trstlgl,inst_trust,IT,0.017451539717756974,0.6518090947722307,-0.02775054182902734,0.4729800566619637,5.533532041728763,7.522056631892697,2.3021714373514564,0.7839943285737487,671
trstlgl,inst_trust,LT,0.04333660685063614,0.2677052561030505,0.06335906701235039,0.10494940059642241,5.3125,7.384908536585366,2.505851929609922,0.8940520968752411,656
trstlgl,inst_trust,LV,0.04704096954227376,0.25073304091753973,0.02533883613553301,0.536285534621028,4.043478260869565,7.376421404682275,2.6215412134272222,0.7961354962054459,598
trstlgl,inst_trust,ME,4.48596903851032e-05,0.9990857045463458,-0.0006557160097664174,0.9866363248298556,4.338931297709924,7.449312977099237,2.2039571208818067,0.8122317866779488,655
trstlgl,inst_trust,NL,-0.013168852981637783,0.7338636011399129,-0.04802995567498746,0.2147205217235046,6.4275037369207775,7.590881913303439,2.0596399354095656,0.7777928041672139,669
trstlgl,inst_trust,NO,-0.06757980335463852,0.07956394445162714,-0.05320288141359013,0.1676973496299168,7.485163204747774,7.741839762611276,2.0030999868396693,0.560699147907444,674
trstlgl,inst_trust,PL,-0.0422559931929982,0.2805675944826747,0.004931136943784248,0.8998383299052788,4.0703363914373085,7.261467889908257,2.4869535617633387,0.8164549962096277,654
trstlgl,inst_trust,PT,-0.061043603419416476,0.11801760734565832,-0.04967729951733173,0.20348342687249948,4.421613394216134,7.482496194824962,2.4514222756348727,0.9081681393161924,657
trstlgl,inst_trust,RS,-0.025506951365728538,0.5221273940008292,-0.012773017682052214,0.7485998835212653,4.17879746835443,7.100158227848102,3.0057514561728453,0.996706131615863,632
trstlgl,inst_trust,SE,0.01459154711772672,0.7089115112806821,-0.0028428773370682225,0.9420209352018428,6.614916286149163,7.700152207001522,2.1397706953437883,0.6414660048157645,657
trstlgl,inst_trust,SI,0.0047155932992603315,0.903538678199711,0.046102353382426194,0.2358316697265073,4.802413273001508,7.469532428355958,2.5501365814862615,0.8175977588312647,663
trstlgl,inst_trust,SK,0.030710979086259433,0.42810010100581,0.050833108235409666,0.18945101477115833,5.016467065868263,7.294910179640719,2.7507171920933158,0.8652916716793413,668
trstlgl,inst_trust,UA,0.07259126087192264,0.07156888653014078,0.06953332457195005,0.08439082456612554,2.53322528363047,5.838735818476499,2.623436108565127,1.4325779448539047,617
trstprt,inst_trust,AT,-0.05171392122818897,0.18221400756757694,-0.02863076620384759,0.4603975439921196,3.5517241379310347,6.899550224887556,2.4052512362269853,1.0989141959276032,667
trstprt,inst_trust,BE,0.013087936943728565,0.7392905757976245,-0.00421486673357785,0.9146547265285475,3.9121725731895225,6.959167950693375,2.1430312833189458,0.9723555072870744,649
trstprt,inst_trust,BG,-0.02375789955412051,0.5438778310479153,-0.01965791432671933,0.6155325199728257,2.314503816793893,6.147328244274809,2.144337616388521,1.571211196659078,655
trstprt,inst_trust,CH,0.0038028566463982993,0.9231484305467194,0.02490685919999001,0.5274404983047889,5.360681114551084,7.207430340557275,1.8879303710018847,0.9002190382598365,646
trstprt,inst_trust,CY,-0.040291955468916674,0.2998683055194171,-0.030763007938187675,0.4287100344311927,2.4909638554216866,6.728915662650603,2.2092448643114393,1.2814400949160223,664
trstprt,inst_trust,DE,-0.01275534593602225,0.7437933801646092,-0.038974439707854885,0.31779817907087937,3.9939301972685888,6.960546282245827,2.216261989216667,1.0299277008136691,659
trstprt,inst_trust,EE,0.057132991846090844,0.1438174290402101,0.06167237290795185,0.11454876063098694,3.6966463414634148,7.120426829268292,2.1820337253469484,0.8935616020301023,656
trstprt,inst_trust,ES,0.016177040971393532,0.676651013175297,0.015556404082629642,0.6883938295345141,2.733133433283358,6.746626686656672,2.382524511885742,1.1258496358172951,667
trstprt,inst_trust,FI,0.026087057749071708,0.49864669929846495,0.052857606738955655,0.17015852132997833,5.468148148148148,7.144444444444445,1.8941050144890959,0.8964707149867653,675
trstprt,inst_trust,FR,-0.011757684909404497,0.7628598622575574,0.017831270685603813,0.6472332112361832,3.464447806354009,6.673222390317701,2.130732739042192,1.1901846280945068,661
trstprt,inst_trust,GB,-0.017600905112911333,0.6519824148237183,-0.04149707989480549,0.2874613740952071,3.0819423368740515,6.594840667678301,2.338255628174162,1.2230824942106473,659
trstprt,inst_trust,GR,0.029107822007417877,0.45329526010238935,0.016575160101333194,0.6693934935645426,2.764264264264264,6.57957957957958,2.123265143926393,1.2650788452246804,666
trstprt,inst_trust,HR,0.04797218748158523,0.21596283042837033,0.035790302073496774,0.3560621551700186,2.1409295352323836,6.721889055472264,2.22082439569831,1.3127123993962602,667
trstprt,inst_trust,HU,0.00432685789615715,0.9114564621118277,0.007291753005568526,0.8513454631617384,4.052790346907994,6.411764705882353,2.6271739200959567,1.4070325286566985,663
trstprt,inst_trust,IE,-0.034291419615855516,0.38385644326200574,-0.04499954795483231,0.25304567387459637,4.185471406491499,6.742658423493045,2.3381820063394083,1.1317283335305242,647
trstprt,inst_trust,IL,-0.006263442486573525,0.8741466378755298,0.004239571516251273,0.9146206271537884,3.4065420560747666,6.937694704049845,2.3622395186496936,1.0795271023384718,642
trstprt,inst_trust,IS,0.041611908435454655,0.28539572593544255,0.08269479393097566,0.03352871977061545,4.653555219364599,7.242511346444781,2.222360247245507,1.0163924850092037,661
trstprt,inst_trust,IT,0.018924566083799655,0.6269385870760246,-0.009785488125702919,0.8015786562387518,3.406344410876133,6.687764350453173,2.3225831234461065,1.2800995678220033,662
trstprt,inst_trust,LT,0.009287074649333349,0.8141751008503512,0.010706222994571394,0.7864202703353516,3.3405909797822706,6.657076205287714,2.24940648988593,1.3123160326587175,643
trstprt,inst_trust,LV,0.01171442404101356,0.7689951099157353,0.026882673511564363,0.5002681274216788,2.4817749603803487,6.614896988906498,2.2037271501824782,1.26486084830006,631
trstprt,inst_trust,ME,-0.011493043146841289,0.7666788786643133,-0.04196322759991737,0.2784410580374445,3.8714499252615844,6.844544095665172,2.324351913270728,1.0293831258012722,669
trstprt,inst_trust,NL,0.04095693083037246,0.2912278477417634,0.018117821534717554,0.6406958046688066,5.009009009009009,7.042642642642642,1.9435437542619785,0.9491657983224988,666
trstprt,inst_trust,NO,0.054364698650628984,0.16173031684989989,0.04734747516875652,0.22305540566081972,5.4397590361445785,7.297138554216867,1.9517522627351245,0.8860955105265358,664
trstprt,inst_trust,PL,-0.008382822537900906,0.832502146824172,-0.007987111190805111,0.8403000555158139,2.871674491392801,6.560250391236306,2.3144216351311915,1.2974114329056041,639
trstprt,inst_trust,PT,0.0023363961422282033,0.9519383874279035,0.0027676058055520402,0.9430819028674595,2.8577844311377247,6.639970059880239,2.3211076043952668,1.3262219899844963,668
trstprt,inst_trust,RS,-0.07195680609593877,0.06998137492245624,-0.05304586400411116,0.18186980186379872,2.8031496062992125,6.192125984251969,2.7522270021336364,1.4573649733306155,635
trstprt,inst_trust,SE,0.07255350171542133,0.06052243999885433,0.06740824323804802,0.0812385401799736,4.982089552238806,7.2205970149253735,1.9560893671551047,0.8420344794395697,670
trstprt,inst_trust,SI,-0.02897827799681501,0.4590700353455515,-0.052112269339499105,0.1828387150395913,3.213740458015267,6.789312977099237,2.2551593364640046,1.2518641700945459,655
trstprt,inst_trust,SK,-0.010219259137553552,0.7917553157203536,0.00021725733966359304,0.9955214447189993,3.9,6.438059701492537,2.6182925551463545,1.3491288655951192,670
trstprt,inst_trust,UA,-0.09289464528806504,0.01810667408592428,-0.07467109305762891,0.05765308751696851,1.9520865533230294,5.375579598145286,2.348675498937235,1.7337186708920906,647
trstplc,inst_trust,AT,0.0010846437214349406,0.9776606423416494,0.023028730266625285,0.5521082940599057,7.342301943198804,7.7306427503736925,2.1772547865832816,0.5596216424162735,669
trstplc,inst_trust,BE,-0.06841170679985956,0.07791396692755743,-0.10077302417179441,0.009310774688311318,6.548872180451128,7.702255639097745,2.0987164946468155,0.7219103427600729,665
trstplc,inst_trust,BG,-0.019434102374897448,0.6195605780099362,-0.023888967501616638,0.5416572192461594,5.117557251908397,7.358015267175572,2.837588482663856,0.9723198243094451,655
trstplc,inst_trust,CH,-0.06608317285530821,0.0867067065185899,-0.08837613908332767,0.021853690714659077,7.344725111441307,7.785289747399703,1.9187451621412628,0.7357013665495953,673
trstplc,inst_trust,CY,-0.03766888996466638,0.32847043886744137,-0.05473763799956987,0.15544620576343754,5.0814814814814815,7.614074074074074,2.5725434880292997,0.8462838089589553,675
trstplc,inst_trust,DE,-0.05408235868996684,0.16328719882743847,-0.042048344588057895,0.2785504226460686,7.0825825825825826,7.713213213213213,2.1248469057485315,0.5721923591111197,666
trstplc,inst_trust,EE,0.029317476361622696,0.44970585801088414,0.05006106501945281,0.1966069839831787,7.500749625187407,7.706146926536731,2.1275927920704136,0.6534785617236663,667
trstplc,inst_trust,ES,0.012522103784677033,0.7453751728656484,-0.0009460251000565693,0.9804275379458354,6.906666666666666,7.634074074074074,2.3947023628267856,0.6158349333449963,675
trstplc,inst_trust,FI,-0.06118897359610549,0.11329669956916301,-0.07402612372916187,0.05528837647878287,8.353204172876303,7.7414307004470935,1.4074909458781004,0.7143395096981388,671
trstplc,inst_trust,FR,0.06202311959285357,0.10951722027680995,0.028427098177778116,0.4635956030013519,6.56071964017991,7.582458770614693,2.1934556137265373,0.6860523443903763,667
trstplc,inst_trust,GB,-0.012080904132861748,0.7554724446444372,0.01938898808887938,0.6171775973416898,5.847076461769116,7.39880059970015,2.5628442928746558,0.9128043451321496,667
trstplc,inst_trust,GR,-0.053592389416185264,0.16713993059190788,-0.04807087084695795,0.2153641194939791,5.9174174174174174,7.527027027027027,2.4206063858307796,0.8115829825805283,666
trstplc,inst_trust,HR,-0.04066459206785013,0.2954171348999698,-0.030938729254506924,0.42607638152442207,5.448795180722891,7.61144578313253,2.550325752163571,0.8102408371901948,664
trstplc,inst_trust,HU,-0.013702013795468664,0.7245176898286159,0.0017188286798785338,0.9647388461049143,6.36144578313253,7.492469879518072,2.5196821042660043,0.8821699126287956,664
trstplc,inst_trust,IE,0.04268356721248543,0.2731604018207291,0.056255545065406067,0.14853308822293743,6.549167927382753,7.7155824508320725,2.296127188154417,0.5525827796980582,661
trstplc,inst_trust,IL,0.019972424457209842,0.6126437602677215,0.028800729493214914,0.46527986863190174,4.717829457364341,7.652713178294573,2.7910251464982494,0.70458541611316,645
trstplc,inst_trust,IS,-0.045921644762393306,0.23520433253056802,-0.09312611945832648,0.015897922179443556,7.25820895522388,7.832089552238806,2.066289269779761,0.5899761524238057,670
trstplc,inst_trust,IT,-0.0045657725332273495,0.9067300307561277,0.02702648154844226,0.4878953053242278,6.724659606656581,7.649016641452345,2.027047430493911,0.7987413022402564,661
trstplc,inst_trust,LT,-0.024429310968363704,0.5291158403534745,-0.021660425071050593,0.576840648613437,6.873873873873874,7.541291291291292,2.341327110787251,0.8421369965966502,666
trstplc,inst_trust,LV,-0.0012916324209261557,0.974127067101082,0.012367127849978543,0.756144624289106,5.210110584518167,7.518167456556082,2.5566540424576427,0.6786074188188318,633
trstplc,inst_trust,ME,0.005796626325089429,0.8815728097391013,0.01922531620021365,0.6212072337620232,5.378582202111614,7.6500754147812975,2.1965283880756776,0.6324764259237942,663
trstplc,inst_trust,NL,0.02680204493183567,0.4925056463647509,0.052972413031656916,0.1747202732798714,7.050151975683891,7.712765957446808,1.6429105964749846,0.7078734913045549,658
trstplc,inst_trust,NO,-0.010583046335859882,0.7859435230718935,0.004490261355550118,0.9082657226567983,7.668683812405447,7.887291981845689,1.8895412923057475,0.468481189828888,661
trstplc,inst_trust,PL,-0.04642371767275392,0.23795663139619114,-0.05355797057576915,0.17328989355586852,5.172839506172839,7.5092592592592595,2.5565148391079298,0.7688330389621401,648
trstplc,inst_trust,PT,-0.021036450193103167,0.5867453905306829,-0.035185316266091074,0.3631758083634308,6.376119402985075,7.672388059701492,2.342567009711607,0.6655512108072467,670
trstplc,inst_trust,RS,0.05469956349964011,0.16693136507226305,0.024762360368630065,0.5317643798934477,5.26875,7.36484375,3.0493527879970044,0.8420287970785478,640
trstplc,inst_trust,SE,0.05931219356565151,0.1256601141979966,0.0289821798728222,0.4545694594535649,7.11377245508982,7.777694610778443,2.0072407509821932,0.6094429950116859,668
trstplc,inst_trust,SI,0.014827941388992865,0.7033417295487701,0.05421740810667912,0.16350856714321282,6.290030211480363,7.674471299093655,2.405337672406766,0.6151129497335661,662
trstplc,inst_trust,SK,-0.012254892127092578,0.7531506076398157,-0.013221518042595444,0.7343870393765018,5.661119515885023,7.489409984871407,2.7314361777771907,0.8089704173844564,661
trstplc,inst_trust,UA,-0.06480543448315496,0.10694434501583569,-0.024196711965705303,0.5475965817619757,3.4,6.545967741935484,2.8016842384341145,1.449438596324483,620
trstep,inst_trust,AT,-0.007035315656122038,0.8579196151413802,0.011961757848211019,0.7608307240760743,4.218461538461538,6.9804615384615385,2.6469095453085276,0.8212713860725971,650
trstep,inst_trust,BE,0.07059909183900044,0.07011474775679218,0.08618551911954958,0.02694003452588333,4.682852807283763,7.02959028831563,2.4354013408609547,0.7485274189545875,659
trstep,inst_trust,BG,-0.031604313472841344,0.43664038292465035,-0.015400841551788624,0.704695543857851,4.583881578947368,6.842927631578948,2.811403596133439,1.0242123093974387,608
trstep,inst_trust,CH,0.0025427317280244874,0.9499045155802242,0.016672932327853208,0.6803478589045524,4.938009787928221,7.035889070146819,2.1456919797117813,0.7079271505031848,613
trstep,inst_trust,CY,0.06715669249090202,0.09667256197034967,0.03750353799802639,0.3539395741337576,4.577487765089723,7.053017944535074,2.6082978858576853,0.8323787834994061,613
trstep,inst_trust,DE,0.00805007490160876,0.8384360005106402,0.02032185981244376,0.6067191602335317,4.659937888198757,7.008540372670807,2.59935582327249,0.8450781737057755,644
trstep,inst_trust,EE,-0.038822139577902495,0.33450645088974806,0.0007811814864767025,0.9845124276846283,4.846774193548387,7.099193548387097,2.5472730987706584,0.7445543785214307,620
trstep,inst_trust,ES,0.018128472130577996,0.6502388597677712,0.02849025663616133,0.47604005077756295,4.614649681528663,7.100318471337579,2.575415985949785,0.6755940575753699,628
trstep,inst_trust,FI,0.0031626218941042334,0.9359078418956197,0.04833635336454544,0.21879568720500087,5.8382126348228045,7.081664098613251,2.0199668156180537,0.6219639875514926,649
trstep,inst_trust,FR,0.008661746802191938,0.8279543427488077,0.013035254712979056,0.7436176762180674,4.3544303797468356,7.029272151898734,2.514807997238394,0.7234015278577527,632
trstep,inst_trust,GB,0.025941426062161217,0.5343717772137194,0.02153421808156261,0.6060231973058041,3.765625,6.914583333333334,2.6517785254100854,0.8714181345470102,576
trstep,inst_trust,GR,0.03161178848621517,0.4232133200590147,0.040882003148795254,0.30025509228616554,4.15527950310559,7.012422360248447,2.3676382342381177,0.7222315309652387,644
trstep,inst_trust,HR,-0.04270403373747599,0.2803372676907882,-0.016668027709832618,0.6736044128494723,4.249609984399376,6.971138845553822,2.6457697375055442,0.8557855205916317,641
trstep,inst_trust,HU,-0.04834551503693725,0.2194221315859484,-0.06549893964901576,0.0959906010300768,4.6816074188562595,6.850850077279753,2.5849083102842263,0.7955536581521199,647
trstep,inst_trust,IE,0.018811667879985988,0.6447823138461604,0.04378480172055316,0.28306206601874795,5.222222222222222,7.028192371475954,2.373798777259908,0.733648699827775,603
trstep,inst_trust,IL,0.031834186944956766,0.4545898989915626,0.01603382390726317,0.7064982393796935,2.8375451263537905,6.944043321299639,2.563260758636632,0.7969940622052311,554
trstep,inst_trust,IS,0.055633367172377754,0.1816617385156817,0.0599110101011466,0.15028296960748366,5.750865051903114,7.088235294117647,2.183967327712699,0.8516473993938342,578
trstep,inst_trust,IT,0.02600903315146745,0.5116364136661691,0.015175048830921847,0.7018141700504644,4.66510172143975,7.078247261345853,2.3302332711097833,0.6140819241863369,639
trstep,inst_trust,LT,-0.044267470524265905,0.2730343380663646,0.0011113590681209916,0.9780571539257346,4.947967479674797,6.93739837398374,2.5677576623625304,0.8454128353723613,615
trstep,inst_trust,LV,-0.04746838273531974,0.24724360100744408,-0.04369574503140999,0.28686763418671657,4.120805369127517,7.003355704697986,2.610033005819452,0.695112938759787,596
trstep,inst_trust,ME,-0.05311650718028182,0.18128779680492255,-0.016805936276132628,0.6725202132838806,5.592125984251968,7.020472440944882,2.3439837176579363,0.7309449593131444,635
trstep,inst_trust,NL,-0.025571824035963645,0.5197482616455559,0.020169754793595788,0.6116547161770379,5.119496855345912,7.084119496855346,2.2381510363260606,0.7537304672056697,636
trstep,inst_trust,NO,0.0514064311171994,0.21402171402203676,0.059794653662327425,0.14826742388419983,5.622866894197952,7.135665529010239,2.094214082076806,0.7936334171129878,586
trstep,inst_trust,PL,-0.013949609472999946,0.7282161175687977,0.010418853639815153,0.795219366486297,4.003210272873194,6.918138041733547,2.6687405592818565,0.7270884545811649,623
trstep,inst_trust,PT,-0.062466077184802765,0.11993910582139065,-0.05613542571660594,0.16236214291051315,4.845410628019324,7.080515297906603,2.625298576042492,0.7206339448200362,621
trstep,inst_trust,RS,-0.026468363695745494,0.5196766084003771,0.006623216938970402,0.8720275951361887,2.755892255892256,6.871212121212121,2.7995435598531,0.82324751499713,594
trstep,inst_trust,SE,0.038309682787452684,0.3436821692612908,0.042902970912413185,0.2888953950105717,5.234910277324633,7.078303425774878,2.1344409349245965,0.6838967495108549,613
trstep,inst_trust,SI,0.09215675733232292,0.020396613213957856,0.10914206346137048,0.00598235758100601,4.567140600315955,7.015797788309636,2.5660257542854024,0.7649791323753767,633
trstep,inst_trust,SK,0.004421914767210269,0.9109634051087863,0.0029115961335792104,0.9413051238454566,4.361370716510903,6.793613707165109,2.943079879827854,0.8848735917191567,642
trstep,inst_trust,UA,0.03349834743361184,0.41669155658658735,0.015841188839691957,0.7009864337697996,4.184745762711865,6.360169491525424,3.1420427189946207,1.2701442928676745,590
trstun,inst_trust,AT,0.02690384706738905,0.5023276845128997,0.03262158956229564,0.41594883065821775,4.82051282051282,7.174679487179487,2.6671707964845974,0.8850097585386077,624
trstun,inst_trust,BE,-0.00026193211844470666,0.9947067301481787,-0.04273014242364736,0.27891612573896307,5.3354037267080745,7.244565217391305,2.3600988443830593,0.8203581684309977,644
trstun,inst_trust,BG,-0.045237771417602976,0.28263827608381015,-0.012160363677596327,0.7728298447441443,4.823321554770318,7.067137809187279,2.850347643904124,1.0196726554820654,566
trstun,inst_trust,CH,-0.041120975226877035,0.3039271945526841,-0.03414575750677833,0.3933535619704469,5.274322169059011,7.297448165869218,2.2927920765444334,0.7312905099949072,627
trstun,inst_trust,CY,-0.012007902218985648,0.7619220571558162,0.012363954846856373,0.755084913904088,4.161189358372457,7.278560250391236,2.6046731261678975,0.8364879141117998,639
trstun,inst_trust,DE,0.028927126441092455,0.46158802478931765,-0.005075917314890633,0.8972288693059487,5.024615384615385,7.2784615384615385,2.4587838682370715,0.7050319486345795,650
trstun,inst_trust,EE,0.05213638849920831,0.20487383767526252,0.04582862071733441,0.2651802717823303,4.753794266441822,7.337268128161889,2.6451300110145386,0.7868711285326719,593
trstun,inst_trust,ES,0.0254979157063568,0.5229364685465319,0.033347143606991494,0.40339301407281664,4.893650793650794,7.195238095238095,2.680043008925296,0.8161580809946298,630
trstun,inst_trust,FI,-0.052964352291248885,0.17511522866604054,-0.024494686375341416,0.5308253967049055,6.453576864535768,7.293759512937595,2.115864183121203,0.8099085445989544,657
trstun,inst_trust,FR,0.03778663792867887,0.3456237659937494,0.017561028040353182,0.6612553483950707,5.1872,7.2432,2.4195708456094187,0.745750353498803,625
trstun,inst_trust,GB,0.04844450419078588,0.24695222197075128,0.041015998301622135,0.3270438716796794,4.9040139616055844,7.007853403141361,2.7012431636517586,0.9008685200182666,573
trstun,inst_trust,GR,-0.04260081489914524,0.28530245344708755,-0.045524133354035365,0.25350481279456144,4.210776545166403,7.25594294770206,2.409296386615833,0.7274823010404928,631
trstun,inst_trust,HR,-0.00858936302205949,0.8287040842718381,-0.007329000192211092,0.8535311992967853,4.758241758241758,7.204081632653061,2.8612486913123307,0.8682641793541477,637
trstun,inst_trust,HU,-0.00825267048342827,0.836090144416051,0.03746962173837068,0.3473766435338332,5.304278922345484,7.10459587955626,2.471288606384752,0.9403618620858327,631
trstun,inst_trust,IE,-0.026430286518226005,0.5238254951164025,-0.009934668248020207,0.8106608039007102,5.412671232876712,7.238869863013699,2.452130460573395,0.8486975735628728,584
trstun,inst_trust,IL,0.04927129752527956,0.2197864395969615,0.05841890108244015,0.14559300105291437,2.172025723472669,7.053054662379421,2.489460310392274,0.9888665221441764,622
trstun,inst_trust,IS,0.03235849797728497,0.4160052040213816,0.023927396267777592,0.547591166863482,6.3107255520504735,7.417192429022082,2.232811143443272,0.8486608748187459,634
trstun,inst_trust,IT,-0.060467171958325294,0.13134434722865318,-0.07379467744491451,0.0654449220503503,4.988782051282051,7.325320512820513,2.3732462391525333,0.8022439795502464,624
trstun,inst_trust,LT,0.07137083605281172,0.0864656624168392,0.05641437719348514,0.1755972103721075,4.993079584775087,7.143598615916955,2.614442064918058,0.8041069999577771,578
trstun,inst_trust,LV,-0.02218705068557277,0.6103029842968878,0.04830895845356218,0.26692226713224754,3.7773584905660376,7.077358490566038,2.833011016804575,1.0487442323151783,530
trstun,inst_trust,ME,0.00027511682411467814,0.9945276426308578,0.019161076288485075,0.632844036400876,5.392628205128205,7.333333333333333,2.355556284383419,0.8256197309142426,624
trstun,inst_trust,NL,0.10582336699240684,0.008794693792462359,0.051447072319955184,0.20373929693028084,5.8316993464052285,7.326797385620915,2.057943387555292,0.7602443001225117,612
trstun,inst_trust,NO,0.004501593581246732,0.908453314598122,-0.03883162327955046,0.3210548606814904,7.001526717557252,7.355725190839695,2.074675639982124,0.7603677189987343,655
trstun,inst_trust,PL,0.02146682865539353,0.5930884667631817,0.03635320165953451,0.36540091827972776,4.937299035369775,7.140675241157556,2.5983255670958303,0.7790957601865138,622
trstun,inst_trust,PT,-0.00549926356132196,0.8911285007271983,0.010859488576478536,0.7869309689832192,5.409967845659164,7.265273311897106,2.608810230779631,0.8580676184903699,622
trstun,inst_trust,RS,-0.0035440820473442397,0.931717976573073,-0.01011217271570903,0.8068570917096273,2.8756388415672913,7.115843270868824,2.8386417086148925,0.9403022692978151,587
trstun,inst_trust,SE,0.039633122403507894,0.3175480655234137,-0.005774363955889834,0.8842625094589868,6.2884012539184955,7.3691222570532915,2.2276041044054233,0.8016091630812805,638
trstun,inst_trust,SI,0.024639594250453055,0.5442515333036144,0.031460550003991214,0.4387305076440835,4.791118421052632,7.2319078947368425,2.609219504789528,0.8059713172036791,608
trstun,inst_trust,SK,0.03296576893968464,0.412175913266828,0.05156547389952006,0.19939754978130836,4.859903381642512,7.064412238325282,2.9969908548739723,0.924071906211839,621
trstun,inst_trust,UA,-0.05729032754473905,0.16640709287351635,-0.054108447477073184,0.191257850869001,3.570940170940171,6.447863247863248,3.1430794773384925,1.3463928401090701,585
happy,wellbeing,AT,-0.0671205285919086,0.0839406222969781,-0.031633693417903515,0.41575319015559714,7.655120481927711,7.533885542168675,1.6449669984180637,0.8229252675239831,664
happy,wellbeing,BE,0.032604944293452065,0.3969879717965686,0.04610300129635158,0.23092300678442404,7.794682422451994,7.503692762186115,1.4648044766836514,0.8366960665810207,677
happy,wellbeing,BG,-0.0629279292994997,0.10574041631606883,-0.03055150570830952,0.43258940412516944,6.311178247734139,7.369335347432024,2.077142107753942,0.8458741260642968,662
happy,wellbeing,CH,0.04374170688335157,0.25713406332717725,0.04701800453019975,0.2231636197166283,8.156017830609212,7.7481426448737,1.47832460662019,0.44748001136871113,673
happy,wellbeing,CY,0.02418436645756419,0.5304917988808918,0.030138451905229114,0.4343637064929458,6.971851851851852,7.582222222222223,2.103573751963155,0.847571733671605,675
happy,wellbeing,DE,-0.050632676045953506,0.18921564761620654,-0.020110680676820404,0.6022363516200147,7.765578635014837,7.456973293768546,1.6833073580639544,0.8681693481782956,674
happy,wellbeing,EE,-0.0004269129314394528,0.9912195215896245,0.0015047049948914157,0.9690592858084287,7.430284857571214,7.543478260869565,1.7990272003733783,0.9350042398731433,667
happy,wellbeing,ES,-0.02455605270269275,0.5254273731529632,-0.06939568944390703,0.07242816476467469,7.883755588673622,7.533532041728763,1.535127461243364,0.7279038901019328,671
happy,wellbeing,FI,-0.021709141796327613,0.5731220349797067,-0.009277534853156105,0.8097297604862158,8.091715976331361,7.594674556213017,1.4658147068325522,0.8785011042825892,676
happy,wellbeing,FR,-0.029563342720829305,0.4469408643824241,0.013471100049213949,0.728976266775197,7.465361445783133,7.570783132530121,1.587661376818256,0.7831879709525503,664
happy,wellbeing,GB,-0.004622823672921426,0.9054273757210687,-0.026064161244123512,0.5028782330833044,7.502262443438914,7.457767722473605,1.9938525637125288,0.8090476817862575,663
happy,wellbeing,GR,0.016625662905284513,0.6689163549136081,0.011277459892555,0.7717691887313171,6.781626506024097,7.492469879518072,1.5820142207104704,0.7688921232075432,664
happy,wellbeing,HR,0.022056857694412183,0.57017602247514,0.023919985829008714,0.5380486328406673,7.589473684210526,7.502255639097744,1.866366192563288,0.7725004547717239,665
happy,wellbeing,HU,0.036295646429249824,0.3500334308684532,0.06374707955586759,0.10049431082122637,7.082706766917293,7.287218045112782,1.979735868281921,1.0312448272111658,665
happy,wellbeing,IE,-0.0794678251265129,0.03930288581983696,-0.05237538153715514,0.1747365171601918,7.653789004457653,7.4933135215453195,1.655767714165177,0.8488612039210255,673
happy,wellbeing,IL,0.008913281992174199,0.818135991568721,0.006958955971600141,0.8575259748088223,7.392215568862276,7.610778443113772,1.9295071346190593,0.6517217367889994,668
happy,wellbeing,IS,-0.0070983117201845365,0.8557879469318874,-0.0219003719582585,0.5749497430372668,8.027355623100304,7.661094224924012,1.5227886373592072,0.8307485137433839,658
happy,wellbeing,IT,0.0015092839704408752,0.9689885262987407,0.016519305894262266,0.6704419498654286,6.86036036036036,7.5845345345345345,1.7591921905176293,0.7712217684290333,666
happy,wellbeing,LT,-0.01535218865323759,0.6971549203653632,-0.03365330593494899,0.39350858248732995,7.415503875968993,7.4837209302325585,1.9347448197253037,0.6606498186397227,645
happy,wellbeing,LV,0.018643120279005464,0.6323317240113252,-0.04329000480393795,0.266397480451154,6.827534039334342,7.427080181543117,2.0517320400992602,0.8313235747802546,661
happy,wellbeing,ME,0.0032718565011657726,0.9331895430977151,0.0031875620437700042,0.9349069483961783,6.517450682852807,7.535660091047041,1.970353723334093,0.7873544520878027,659
happy,wellbeing,NL,-0.09073318953043,0.018557396226248996,-0.09231015774844495,0.016602369580986376,8.0,7.655274888558693,1.224744871391589,0.602603199699537,673
happy,wellbeing,NO,-0.008631819778379155,0.8227447423227667,0.03654831584772531,0.3427149154278506,7.960059171597633,7.642751479289941,1.5240888462646625,0.9173023914747065,676
happy,wellbeing,PL,-0.02347069493493841,0.5451068320426626,0.011503141623104332,0.7668202753399155,7.5787106446776615,7.431034482758621,1.9158802503981034,0.8641401028929121,667
happy,wellbeing,PT,0.0415673621152799,0.2801338716151045,0.08939094822999494,0.02000556366426877,7.011816838995569,7.542097488921714,2.0344319625363245,0.6413399221998383,677
happy,wellbeing,RS,-0.007734649339841309,0.8418435017851706,0.008547661877905644,0.8254735620340565,7.161676646706587,7.332335329341317,2.210964540903577,0.954922194281176,668
happy,wellbeing,SE,-0.05765172049128524,0.13573910825648464,-0.02668277394802914,0.4901842094538089,7.719821162444113,7.624441132637854,1.6287191096437246,0.8918027737123849,671
happy,wellbeing,SI,-0.01490348695011122,0.703196806175196,-0.05758744909504578,0.14065176409823707,7.736280487804878,7.5251524390243905,1.7808894442972962,0.9864230892867479,656
happy,wellbeing,SK,-0.0130404701183187,0.7361709975285574,-0.0029667579004732264,0.9389024590492826,6.640298507462687,7.352985074626866,2.077825103416168,0.8512446087537683,670
happy,wellbeing,UA,0.051716365679093795,0.1882277570716491,0.005520535094258678,0.8883690605488087,6.016949152542373,7.305855161787365,2.6500680049863856,0.9192201391259353,649
stflife,wellbeing,AT,-0.009910932469574115,0.7974565617955705,-0.029477688591002006,0.44518808251288966,7.699851411589896,7.693016344725111,1.689150420938081,0.6587293604115173,673
stflife,wellbeing,BE,0.07507873405402778,0.05086262839642749,0.050029292645687125,0.19355571003489924,7.497784342688331,7.73426883308715,1.6998288621281017,0.6972313835292229,677
stflife,wellbeing,BG,-0.023941641377959563,0.5361499053625942,-0.056392760329595455,0.14480602303418155,6.156716417910448,7.55731343283582,2.2083361483873203,0.6875131896319836,670
stflife,wellbeing,CH,0.013949563924412208,0.7173258354708019,-0.013704772281605644,0.7220792218034124,8.1301775147929,7.850443786982248,1.5570838739978128,0.6111917524941717,676
stflife,wellbeing,CY,-0.02603574880884396,0.49981103963274376,-0.016765167762357435,0.6639459387363539,6.36053412462908,7.750445103857567,2.384755387481189,0.6355782270637096,674
stflife,wellbeing,DE,-0.03134959278660133,0.4164636167644344,-0.025787955823576666,0.5039020853559988,7.678041543026707,7.678338278931751,1.7911516938955827,0.7435944776624618,674
stflife,wellbeing,EE,-0.011615526244165404,0.762556330686427,0.012335277212057053,0.7483255480655852,7.017673048600884,7.7730486008836515,2.0058130577744846,0.5556053720878492,679
stflife,wellbeing,ES,0.00463664879839743,0.9042922047473759,-0.02899907001964376,0.4519429847052864,7.52,7.686370370370371,1.8150704427559203,0.7199927952650235,675
stflife,wellbeing,FI,0.018939444100454027,0.6227737044999584,0.028009205552850622,0.46687453206768414,7.9689807976366325,7.806056129985229,1.5529836699774158,0.6149579889762479,677
stflife,wellbeing,FR,0.04388240361410744,0.2599029884099522,0.053743778528099945,0.16754645166377582,6.7791225416036305,7.768986384266263,2.2662717652013145,0.6364130315950702,661
stflife,wellbeing,GB,0.022283806913667735,0.5656287489256707,0.03829912480587477,0.323332210236493,6.976011994002999,7.629385307346327,2.192539969846718,0.7550869010863652,667
stflife,wellbeing,GR,0.025587862340267407,0.509440330222764,0.0434933376776542,0.26199095659637056,6.386806596701649,7.73208395802099,1.9227591762689336,0.6232644410770097,667
stflife,wellbeing,HR,0.009713888834656622,0.8013985341606131,0.014653343482087845,0.7043505211079952,7.277860326894502,7.6906389301634475,2.0920200276141196,0.530934465482275,673
stflife,wellbeing,HU,0.0032384952659387086,0.9330700671261857,-0.04000923893388999,0.2992888861797042,6.571851851851852,7.569037037037037,2.1560986532048823,0.7334351456465297,675
stflife,wellbeing,IE,-0.027917811324234973,0.47198007842460077,-0.01866796767985722,0.6305870723104491,7.334834834834835,7.764714714714715,1.8362809062516576,0.5641159106027605,666
stflife,wellbeing,IL,-0.006593952077120426,0.8647243831906178,0.009868850333630186,0.7987400347217106,7.134328358208955,7.753731343283582,2.061067121605364,0.6968492744297222,670
stflife,wellbeing,IS,0.04191832835448466,0.2764459592977901,0.026504690778992954,0.4914732638911666,7.794378698224852,7.912130177514793,1.765688886254274,0.36201193461885617,676
stflife,wellbeing,IT,-0.03086762520308715,0.42749054398951125,0.009387319165821412,0.809352619179998,6.770739064856712,7.800754147812971,1.8636093435278547,0.5536880235121633,663
stflife,wellbeing,LT,0.027267024674588376,0.48602769042492827,0.009952357541072647,0.7993177620843782,7.071755725190839,7.679541984732825,2.1179397845699643,0.5338193445853636,655
stflife,wellbeing,LV,-0.0029266070143558975,0.9398630846826459,-0.012052993940853676,0.7560194422847477,6.314842578710644,7.608095952023988,2.2713395984038636,0.5873239073635318,667
stflife,wellbeing,ME,-0.05715725720323002,0.13854205554105167,-0.09050334391979165,0.01885851097841245,6.172362555720654,7.6893016344725105,2.1883096948875167,0.586051877589767,673
stflife,wellbeing,NL,-0.05156019084576595,0.18253275371757272,-0.023544439978412393,0.5429360856764887,7.944776119402985,7.786567164179105,1.2195203034104676,0.7939222649269915,670
stflife,wellbeing,NO,0.009671428171581986,0.8015280333446958,-0.019404873174315888,0.6139889987397631,7.747787610619469,7.871238938053097,1.6866281297835477,0.4782865146453878,678
stflife,wellbeing,PL,0.0472113285027595,0.22334255299236686,0.06739870946155788,0.08196874224858694,7.305847076461769,7.569415292353823,2.0051013006400766,0.7445256384923218,667
stflife,wellbeing,PT,0.02991913363256392,0.43703603522673057,0.042413733137278316,0.27044906472937186,6.540620384047267,7.700147710487444,2.022116231185565,0.6784183498692212,677
stflife,wellbeing,RS,-0.013573874309507192,0.7263971522894862,-0.01651880560215112,0.670217737541075,6.686656671664168,7.510194902548726,2.3396026601057476,0.6084621912923064,667
stflife,wellbeing,SE,-0.021889554632391946,0.5719492866400933,-0.04686759664677133,0.22603710439821834,7.813153961136024,7.815844544095666,1.8269621742501192,0.6146320254391955,669
stflife,wellbeing,SI,0.0043583869760465055,0.9101441745639514,0.006986480196806967,0.8564380198656822,7.540861812778603,7.675780089153046,1.922271682889846,0.6245179277198089,673
stflife,wellbeing,SK,0.02372854990547718,0.5410024055268179,0.009936174834994444,0.7979915677251763,6.33033033033033,7.5075075075075075,2.2368504063396473,0.7889866561308722,666
stflife,wellbeing,UA,0.00016422136185006655,0.9966452910654512,0.009828996800949718,0.8013075040647528,5.019756838905775,7.40273556231003,2.820004415374369,0.8691176056567192,658
stfeco,wellbeing,AT,-0.02263196241064197,0.5604584907136043,-0.06083138961333754,0.11734573882430353,5.385542168674699,6.719879518072289,2.1551094028352606,0.9057363614777397,664
stfeco,wellbeing,BE,0.014229115206525731,0.7125245815906627,-0.028495132629580824,0.4605124128103735,5.2035661218424965,6.729569093610698,2.067719384811864,0.8117272653601627,673
stfeco,wellbeing,BG,0.08442576636992376,0.030483882669537086,0.09298377504407815,0.017126098750356807,3.103500761035008,5.960426179604262,2.083969721267803,1.2536356157665838,657
stfeco,wellbeing,CH,0.01171747123316442,0.7619127533224214,0.008659635752330521,0.8228333341879035,6.839046199701937,6.876304023845007,1.7765541817093475,0.8346357092366935,671
stfeco,wellbeing,CY,0.0013309074081567021,0.972528800915981,-0.011029887012322413,0.7753348595696349,3.5833333333333335,6.6711309523809526,2.2999168433529933,0.9331771447169303,672
stfeco,wellbeing,DE,-0.0516383172166962,0.18089112343198507,-0.026763155773970895,0.4882280950087771,4.8350668647845465,6.7043090638930165,2.286311629253143,0.9178759640004457,673
stfeco,wellbeing,EE,0.0807647292771825,0.036054895238604064,0.05849322616397855,0.12925334980440922,3.970326409495549,6.809347181008902,2.236867412694837,0.8363501623103203,674
stfeco,wellbeing,ES,-0.04141676373422914,0.28295419737352534,-0.041342722981198426,0.28381638676564885,4.229970326409496,6.4792284866468846,2.2261963908400344,1.0359146519579896,674
stfeco,wellbeing,FI,-0.0045586129339769705,0.9058258371750061,-0.01855555342313344,0.6300951008523775,5.64792899408284,6.81405325443787,1.933795768676385,0.8327700265738215,676
stfeco,wellbeing,FR,-0.008692353214272495,0.8232246547635063,0.019355612530039295,0.6188437752570547,3.663650075414781,6.4343891402714934,2.194470518421194,1.079467760483927,663
stfeco,wellbeing,GB,0.012279531474473724,0.7523074341436969,0.02187321533589048,0.5739707458033892,3.138763197586727,6.672699849170438,2.143363884157895,0.8673115972660823,663
stfeco,wellbeing,GR,-0.023632872442648035,0.5396097754987489,-0.019763780182111765,0.6079811224770089,3.4881656804733727,6.013313609467455,2.063763310231448,1.1054613097839847,676
stfeco,wellbeing,HR,-0.016566536241641217,0.6721449513220121,-0.011124577029703448,0.7762755712857712,3.787786259541985,6.5038167938931295,2.215286856455803,1.123654790720157,655
stfeco,wellbeing,HU,-0.00572711101705812,0.8825438923408012,-0.0073291002868102065,0.8500352364325282,4.275449101796407,6.2395209580838324,2.544157950691183,1.1392392360875567,668
stfeco,wellbeing,IE,0.02212236298382637,0.5661296803587208,0.004973141109966894,0.8973835083673771,5.229629629629629,6.702222222222222,2.331377825003704,0.9537888420881167,675
stfeco,wellbeing,IL,0.061902323312496225,0.11237677777393726,0.0731829956175621,0.0604315239997809,4.644916540212443,6.699544764795144,2.479983843464418,0.947328561476009,659
stfeco,wellbeing,IS,-0.046972914439837414,0.22291896224514318,-0.02801361690228172,0.4674656572069735,4.482962962962963,6.900740740740741,2.294540699976528,0.7934726567546324,675
stfeco,wellbeing,IT,-0.05902615076171946,0.12607659023260795,-0.05516075709563907,0.1528829538416288,4.147102526002972,6.485884101040119,2.128476445501831,0.9606203809566747,673
stfeco,wellbeing,LT,0.03389914910997464,0.38063491005131894,0.01975908174623276,0.6094012906857317,4.523099850968704,6.64381520119225,2.4644916984656184,0.8757698814194369,671
stfeco,wellbeing,LV,0.007729464278256031,0.8437162612740206,-0.0015556968909685887,0.9683499004572502,3.555895865237366,6.526799387442573,2.1419022137889017,0.9979127071255125,653
stfeco,wellbeing,ME,0.027283860172952108,0.4798024549545878,0.04325615930944925,0.26245802787095857,4.340267459138187,6.760772659732541,2.3926595184472657,0.8612736262369802,673
stfeco,wellbeing,NL,-0.047762284130271206,0.21421105259604523,-0.02862645147627491,0.45677663151740977,5.8097345132743365,6.825958702064897,1.8775104325256946,0.7486700436997064,678
stfeco,wellbeing,NO,-0.035156131667846785,0.3600047292056946,-0.020581203503947883,0.5921234122529186,5.733823529411764,7.0,2.196805170811237,0.6864993051879689,680
stfeco,wellbeing,PL,-0.04081916633294168,0.30213222324215244,-0.0571654118850627,0.1482697620295264,5.226209048361935,6.338533541341653,2.0555563754080057,1.1561913644111192,641
stfeco,wellbeing,PT,-0.025411863230882705,0.5129935256902621,-0.03191716563058197,0.4112318269631436,3.774436090225564,6.556390977443609,2.165642665102533,0.9726186073380241,665
stfeco,wellbeing,RS,-0.009388185825098056,0.8104714406531488,-0.02988296443246575,0.4451632059662101,4.146564885496184,6.0549618320610685,2.6653082657292146,1.239032234344964,655
stfeco,wellbeing,SE,0.035258432471889395,0.3625387137052661,0.009695103497320515,0.8023544896158591,4.829596412556054,6.943198804185351,1.972328782149997,0.6355740893024037,669
stfeco,wellbeing,SI,-0.02437497832815226,0.532210753205241,-0.03985015255402714,0.3070381028026264,5.253414264036419,6.6600910470409715,2.1986040811460565,0.9141411789440969,659
stfeco,wellbeing,SK,-0.008442483853644015,0.8284821907289902,-0.0003346213607847927,0.9931488046646395,3.668683812405446,6.464447806354009,2.397107396652484,0.9198274899603986,661
stfeco,wellbeing,UA,-0.04916484578963631,0.21134623395844138,-0.05570189628650263,0.15668743493150042,2.6651234567901234,4.854938271604938,2.4344042906997214,1.2717135402623707,648
stfgov,wellbeing,AT,0.003140321413435246,0.9353356868779976,0.01665866508592907,0.6668875635143969,3.985074626865672,7.11910447761194,2.5651017533201066,0.74059672006676,670
stfgov,wellbeing,BE,-0.014994043417859272,0.7001783565954781,-0.009799231625521071,0.8013057941989279,4.395770392749244,7.094864048338369,2.1803371601129924,0.6781465995904442,662
stfgov,wellbeing,BG,0.028528115281655154,0.464375999717069,0.03909688553893304,0.3159107152948702,2.727272727272727,6.615909090909091,2.1572860946679007,1.1554994548702937,660
stfgov,wellbeing,CH,-0.032841586840582915,0.3999543726131925,-0.04462528233801196,0.252635869084286,6.6160849772382395,7.377238239757208,1.7589845350632287,0.8013083655191677,659
stfgov,wellbeing,CY,-0.03247657541883417,0.40990512638541615,-0.033804155674374385,0.3910219591375972,4.0092879256965945,7.031424148606812,2.305350793884032,0.8715593170145423,646
stfgov,wellbeing,DE,-0.039810766756870834,0.30568182739195415,-0.018953744679437858,0.6258846314085663,3.944277108433735,7.0621987951807235,2.4510096583689487,0.6739286114954695,664
stfgov,wellbeing,EE,0.026152379837344947,0.5033831778394786,0.02666605430009087,0.4950338644960412,3.547945205479452,7.213850837138509,2.27148942689707,0.7316911139634737,657
stfgov,wellbeing,ES,0.009648907639803323,0.8048740136203832,-0.008456732481376922,0.828582922393877,3.731003039513678,7.017781155015197,2.6186857922495324,0.6775166855419171,658
stfgov,wellbeing,FI,-0.10023061117864779,0.009375627848954226,-0.09028668455333941,0.01932639289253827,4.883755588673622,7.226527570789866,2.3642022212913636,0.7988497413865412,671
stfgov,wellbeing,FR,0.040610396562077614,0.29752663472903473,0.04817057717956371,0.2164971443030348,3.7848484848484847,6.923939393939394,2.4005084453989514,0.8592280100509302,660
stfgov,wellbeing,GB,0.057533228062871575,0.14102662498958513,0.03918936599199715,0.3162430244322126,2.9679878048780486,6.984756097560975,2.4421013801634217,0.8006176632518512,656
stfgov,wellbeing,GR,0.01575050008812507,0.683593231126542,0.015273328934785954,0.6926835721637332,3.6517857142857144,6.744791666666667,2.3170841745063826,0.9507090230703829,672
stfgov,wellbeing,HR,-0.04461362108169025,0.2545748104575582,-0.05379480725850849,0.16941662152039297,3.3990825688073394,6.931651376146789,2.5254719054846904,0.9440997693288572,654
stfgov,wellbeing,HU,-0.022002529072212812,0.5711263789856081,-0.043527074013210224,0.2623397695611145,4.461654135338346,6.672932330827067,2.7907096790471777,0.9955569836847031,665
stfgov,wellbeing,IE,0.014040486932943349,0.7179991620506585,0.04096251285727177,0.29189036697811294,5.004518072289157,7.069277108433735,2.3233961352905053,0.7995221546240059,664
stfgov,wellbeing,IL,0.04156873505351249,0.2910768753339693,0.03361242684989568,0.39334874122108543,3.884080370942813,6.971097372488408,2.8811080029738316,0.8521957805567089,647
stfgov,wellbeing,IS,0.043294832889012064,0.265619193446264,0.033423032813133316,0.3902199038474386,4.193061840120664,7.342383107088989,2.392488271149926,0.8192169228003142,663
stfgov,wellbeing,IT,0.011016064801058035,0.778897426727404,0.03628192185184078,0.3549867208710639,4.325153374233129,6.987423312883436,2.2477390875335326,0.8105836693686054,652
stfgov,wellbeing,LT,0.0037258960726241916,0.924582478417915,0.00286602213796836,0.9419522980453509,3.925925925925926,6.949074074074074,2.543119469759943,0.9062034569997379,648
stfgov,wellbeing,LV,0.016281522216286648,0.6807514559941384,0.019572371005426907,0.6208732963891503,3.1778471138845554,6.879095163806552,2.2802567800226607,0.937816509234189,641
stfgov,wellbeing,ME,-0.016830045045673554,0.6655680408798863,-0.05865462811498479,0.13165894549326632,4.687311178247734,7.127945619335347,2.443390359864071,0.769455675378778,662
stfgov,wellbeing,NL,0.07556461638463256,0.05215403272042162,0.039911539625267216,0.3055573443109758,4.605143721633888,7.244478063540091,1.9862949029371262,0.6643205060400704,661
stfgov,wellbeing,NO,0.05740771323595751,0.13681855582363178,0.054915294201824984,0.154721201863675,4.803863298662704,7.453194650817236,2.1609735031427237,0.6935884426866459,673
stfgov,wellbeing,PL,-0.05030178786869198,0.21818233391260156,-0.06228694179305099,0.12718791163967166,4.482529118136439,6.843594009983361,2.767088287876034,0.8937727497696081,601
stfgov,wellbeing,PT,0.009166051570665678,0.8136246869363116,-0.004769103509954216,0.9023760616794188,3.5843373493975905,7.021536144578313,2.315687567800276,0.9126908429805397,664
stfgov,wellbeing,RS,-0.09492123853655741,0.017076623377571015,-0.08466456515235979,0.03347398766938633,4.391442155309034,6.629952456418383,3.1828692724923004,1.0880621324562427,631
stfgov,wellbeing,SE,-0.048153688419491567,0.21700825670671817,-0.04023849164432647,0.30234445262442583,4.185128983308043,7.290288315629742,2.1801167895002367,0.8065629781488926,659
stfgov,wellbeing,SI,0.03845715460665267,0.3264896482674627,0.003546776620715647,0.9279212926121276,4.2909647779479325,7.091883614088821,2.496229270488469,0.7915262332005093,653
stfgov,wellbeing,SK,0.028379080024483874,0.46807236102150884,0.03015785296148335,0.4406356922662199,4.1875,6.71875,2.7876328572042777,0.9956848692124561,656
stfgov,wellbeing,UA,0.01954317754925776,0.620848586501998,0.02706038982345513,0.4933611897241408,2.5723172628304822,5.567651632970451,2.5691032798288562,1.4923518174301946,643
stfhlth,wellbeing,AT,0.02440062877854294,0.5243728428444664,-0.026104445835676494,0.49581641528389536,6.519765739385066,7.5751098096632505,2.355651830431339,0.6616172165962667,683
stfhlth,wellbeing,BE,-0.0018669460063631136,0.9614143446049473,0.015096211383533719,0.6956381301229357,7.267062314540059,7.533234421364985,1.7469688388454903,0.6752640218460768,674
stfhlth,wellbeing,BG,0.004953679796826514,0.8977828722913138,0.001418779688143162,0.9706503131798521,3.862222222222222,7.156740740740741,2.3701239705981534,0.6921098667839863,675
stfhlth,wellbeing,CH,-0.0461643649722574,0.23134157145901174,-0.06867325098514783,0.07480539388033648,6.8026706231454,7.899851632047477,1.9763667540779404,0.5996407854415343,674
stfhlth,wellbeing,CY,-0.02108497908745553,0.586444360138893,-0.01081228395217047,0.780294108058559,5.736526946107785,7.514221556886228,2.286007480012504,0.6375492986901021,668
stfhlth,wellbeing,DE,0.01934029830278351,0.6164802937200634,-0.004123947383200941,0.9149587358514791,5.240713224368499,7.630163447251115,2.3461608894373485,0.6465081137173645,673
stfhlth,wellbeing,EE,4.58228991857782e-06,0.9999047647757686,-0.0027784308820379623,0.9423052244368488,5.769456681350954,7.573274596182085,2.1505145413612134,0.6135882860519484,681
stfhlth,wellbeing,ES,0.04523656140601032,0.23946785244508062,0.04531272121438386,0.2386768666083867,5.622418879056047,7.488938053097345,2.51005047205969,0.7046658545827346,678
stfhlth,wellbeing,FI,-0.02459713840901597,0.5213432820665362,-0.015841592629131655,0.6796269354064834,6.414956011730205,7.7497067448680355,2.037665679751737,0.5996388307845728,682
stfhlth,wellbeing,FR,0.01129829497710079,0.7693529442574308,0.004308932959213835,0.910961816343428,5.362426035502959,7.4603550295857985,2.411763031569867,0.6205105601428068,676
stfhlth,wellbeing,GB,-0.03934054751616175,0.30925000273403164,-0.03382710105965745,0.38200497588741616,4.834328358208955,7.32134328358209,2.5099534139404382,0.5636004148070394,670
stfhlth,wellbeing,GR,-0.034358499162615984,0.37349682797651995,-0.02255653071065376,0.5591170132869897,3.3818722139673105,7.242199108469539,1.9995754166176547,0.6117908252566817,673
stfhlth,wellbeing,HR,-0.005118597135540288,0.8947904535778516,-0.0038792821875618467,0.9201652156048414,5.45820895522388,7.361194029850746,2.606858222429431,0.6034170817546043,670
stfhlth,wellbeing,HU,-0.009118025804601032,0.8134861334927134,-0.009788665624634795,0.8000480861767956,3.575892857142857,7.220684523809524,2.4803638573417657,0.547263188234685,672
stfhlth,wellbeing,IE,-0.010849237595765095,0.7776358085629859,-0.014840605991865152,0.6992708424563365,4.5,7.432352941176471,2.4131451497974927,0.5906590454265545,680
stfhlth,wellbeing,IL,5.497694109676509e-06,0.9998875217440857,0.008692392883158068,0.8236191583497985,6.531818181818182,7.497424242424243,1.8893246210739925,0.5976504594175976,660
stfhlth,wellbeing,IS,0.06713724593808876,0.08178580499841484,0.054748916580376616,0.15597668070962298,5.364041604754829,7.943239227340268,2.0951367322535055,0.5396092866773604,673
stfhlth,wellbeing,IT,-0.02215213249852512,0.5673461140376563,-0.03286869501452309,0.3959984705077228,5.064275037369208,7.591180866965621,2.100839643018555,0.6568820006265595,669
stfhlth,wellbeing,LT,0.08349338964366618,0.02996129419297572,0.06677966582753095,0.08274167486823113,4.362426035502959,7.350591715976331,2.3362539249680365,0.631177340007292,676
stfhlth,wellbeing,LV,-0.011144197340387994,0.774061254756299,-0.033457766405309376,0.3886527673780069,4.106606606606607,7.2725225225225225,2.497346239911759,0.6186173792401797,666
stfhlth,wellbeing,ME,0.049562600050511725,0.20009249405197002,0.048187799662086875,0.21287274355760993,4.813432835820896,7.402388059701493,2.3254229904301162,0.6056487696216444,670
stfhlth,wellbeing,NL,-0.013737769436879505,0.7236280159378577,-0.00891072352656791,0.8185903893123927,6.618045112781955,7.793233082706767,1.7906145284588857,0.6133793771799549,665
stfhlth,wellbeing,NO,0.03421769862318349,0.37297869512183024,0.0563815266005628,0.14191042655301606,7.089705882352941,7.899264705882353,1.8641363500638999,0.5690205940517393,680
stfhlth,wellbeing,PL,0.07628189317376896,0.048753819542841983,0.06047999592424106,0.11837051525414354,4.163173652694611,7.196556886227545,2.2845593671501327,0.6699617130172668,668
stfhlth,wellbeing,PT,-0.05342646783046137,0.1656009903859043,-0.055092903739572666,0.15277766278170835,3.84,7.475555555555555,2.528390722162402,0.6221035754244507,675
stfhlth,wellbeing,RS,-0.06133412425657798,0.11434092854685556,-0.043033044760693244,0.2681609344653012,4.2620481927710845,7.105873493975904,2.7936589517242014,0.6524661342707968,664
stfhlth,wellbeing,SE,-0.008747262445542161,0.8209392170355101,0.0022763863570594797,0.9530310458231165,5.669642857142857,7.870535714285714,2.0920190100543503,0.5489952984942481,672
stfhlth,wellbeing,SI,0.07929608967179527,0.04002758763053909,0.08561424774646707,0.026577949618385197,4.724292101341281,7.503129657228018,2.51502768114737,0.6277458223614638,671
stfhlth,wellbeing,SK,0.019442086771784505,0.6162137899546984,0.027928614293683825,0.47147480153855337,3.845577211394303,7.25352323838081,2.473005749406381,0.5999990245109752,667
stfhlth,wellbeing,UA,-0.09195388206261629,0.018943528854897994,-0.08722872306154632,0.026042252228980302,4.247311827956989,6.338402457757296,2.600349916009508,1.1946933552854393,651
stfedu,wellbeing,AT,-0.006307188759237788,0.8741624230439234,0.02540725923773982,0.5234259890561606,6.213270142180095,7.639020537124803,2.29480995697173,0.630533971937621,633
stfedu,wellbeing,BE,-0.037018332415024356,0.34051686608178655,-0.04462089319979607,0.2505258565547601,5.753383458646616,7.638045112781955,2.031956623974519,0.6499159568542844,665
stfedu,wellbeing,BG,0.007705859371211162,0.849484076044501,0.0410125729486124,0.3122792511583978,4.014778325123153,7.4274220032840725,2.300910501656831,0.7377642842090778,609
stfedu,wellbeing,CH,0.01348859517418049,0.7342212752445596,-0.013140723513654858,0.740826683975887,6.682389937106918,7.848270440251572,1.937545637682711,0.5333124794739389,636
stfedu,wellbeing,CY,-0.08466614902464675,0.03222872562108058,-0.08574291802693966,0.030090402084909675,4.6796875,7.653593750000001,2.259161815533295,0.6137339658749096,640
stfedu,wellbeing,DE,-0.04078630915513317,0.2976511514514675,-0.04355537810947516,0.26602758300178814,4.279816513761468,7.6422018348623855,2.268295896840345,0.5880057262352544,654
stfedu,wellbeing,EE,-0.010685940751342996,0.7839136243459838,-0.02598484998242663,0.5048254277344151,6.394856278366112,7.805597579425114,2.2468639799650334,0.5150011605696353,661
stfedu,wellbeing,ES,-0.004569461770917295,0.9066550105650392,-0.016912051484679943,0.6642771374308547,5.037821482602118,7.688350983358547,2.322503372126249,0.6008835698392987,661
stfedu,wellbeing,FI,0.02768324503205109,0.47142117573461967,0.05850659099295899,0.1277489870637027,7.2341678939617085,7.7986745213549336,1.7514289593068442,0.5539730554095503,679
stfedu,wellbeing,FR,0.025216458682925838,0.5187844063613726,0.036470277987459894,0.3506460083332097,4.581430745814307,7.604261796042618,2.139884547510731,0.6404886508332209,657
stfedu,wellbeing,GB,0.0401949032252333,0.31534392572346387,0.04547422216686734,0.25592373347138153,5.306709265175719,7.50479233226837,2.2737147828472284,0.596638078574534,626
stfedu,wellbeing,GR,-0.020539999298657026,0.6042786878460932,-0.04701482339435584,0.23530998444664286,3.8247261345852896,7.472613458528952,2.040487267039209,0.6756753680696643,639
stfedu,wellbeing,HR,-0.014475096120238215,0.7140991109518087,0.009333682830259019,0.8132596534387335,5.852255054432348,7.604199066874028,2.285319609327626,0.5933413785194005,643
stfedu,wellbeing,HU,-0.0115792672771913,0.773895733627919,0.0013677728282949916,0.9729302031640058,4.064724919093851,7.391585760517799,2.4716909359871266,0.6888040112331749,618
stfedu,wellbeing,IE,-0.020593431524195897,0.5988214228068481,-0.0365113832635649,0.35084015447602174,6.847328244274809,7.5661068702290075,1.9764410700564623,0.5969181459504814,655
stfedu,wellbeing,IL,-0.04864184359357127,0.21447999826405967,-0.023461150072422846,0.5495351857519577,5.304747320061256,7.655436447166922,2.0642870704840948,0.6404958784134825,653
stfedu,wellbeing,IS,-0.014202301214172857,0.7161297384398071,-0.009601776413271014,0.8058080791647122,6.361702127659575,7.905015197568389,1.7732645357002803,0.5375028934799104,658
stfedu,wellbeing,IT,0.04132745236855822,0.29314095035366905,0.04075843519972596,0.2998431423826615,5.057010785824345,7.686440677966102,1.9809628694944248,0.5956901251962549,649
stfedu,wellbeing,LT,0.08288076465049121,0.03620657437733375,0.06861347584358336,0.08307982128153418,4.50547730829421,7.583255086071987,2.239475850222978,0.6080840322809015,639
stfedu,wellbeing,LV,0.010588199585268859,0.7964412784810703,-0.0006317373608448053,0.9877208031700567,3.9513422818791946,7.511744966442953,2.2332810870418105,0.6283468843859082,596
stfedu,wellbeing,ME,-0.0555027409097542,0.15467736580924912,-0.03518575254563544,0.3671536915161321,4.267071320182094,7.6790591805766315,2.2533310188066102,0.6320601437899059,659
stfedu,wellbeing,NL,-0.07469032397455547,0.058763639722961766,-0.09773350442004693,0.013304461545341387,6.137285491419656,7.818252730109204,1.6421778968582537,0.5797041851476415,641
stfedu,wellbeing,NO,-0.028055641969203234,0.46912587699169433,-0.013071921437068387,0.7359400856670751,7.318862275449102,7.9094311377245505,1.6632018466808562,0.48865783786536093,668
stfedu,wellbeing,PL,-0.057072571508210594,0.15412257628468876,-0.06318940973504929,0.11453109391462174,4.9616,7.4924800000000005,2.37881892694242,0.6029503530184954,625
stfedu,wellbeing,PT,0.0277727364280973,0.4830767420511985,0.05626154337241072,0.1551247563724432,4.4078125,7.76171875,2.2533442152902783,0.5799359272998035,640
stfedu,wellbeing,RS,0.032950657855189115,0.4027354400987082,0.0375976779489359,0.33966358199781316,5.0,7.401081916537867,2.876724143129757,0.7430474888448746,647
stfedu,wellbeing,SE,-0.00711754517338074,0.8562768971919843,-0.022969565577247865,0.5588427576826968,5.207692307692308,7.831692307692308,2.1083740653590124,0.5214462796789027,650
stfedu,wellbeing,SI,-0.05560541022975925,0.1590252814194084,-0.04054593771133071,0.30462626988968206,5.522550544323484,7.654743390357698,2.340362027373172,0.574446818639082,643
stfedu,wellbeing,SK,0.008879300160513286,0.8243932071456046,-0.00930765465646389,0.8160694280146717,5.165869218500798,7.462200956937799,2.386982000169012,0.688209886394196,627
stfedu,wellbeing,UA,0.008506279542875889,0.8385794112132627,-0.015802831023079462,0.7050831906983103,4.503472222222222,6.834201388888889,2.6196558205912255,0.9819379530906253,576
imueclt,immigration,AT,-0.015096387626136484,0.6971464251990163,-0.030783115061037085,0.4273629942517039,4.893553223388306,7.557721139430285,2.5235950448202056,1.0011462920552605,667
imueclt,immigration,BE,-0.024250423351386927,0.5302890987801967,-0.00424291750113034,0.9125801104700075,6.21875,7.476934523809524,2.19905268521916,1.2047425441947825,672
imueclt,immigration,BG,0.039051619401015036,0.3262335098793311,0.001545398057309729,0.969021650644667,4.402208201892744,7.318296529968454,2.9467193069247504,1.264853462500425,634
imueclt,immigration,CH,-0.0071253764939228975,0.8536157582461381,0.012659014922562111,0.7430584262411146,6.371471025260029,7.612927191679049,2.23111527327175,0.957751531546233,673
imueclt,immigration,CY,-0.023451516677577475,0.5442285498217704,-0.026580762198249296,0.4918452436216389,3.599105812220566,7.496274217585693,2.5948167230269843,1.2264137048479002,671
imueclt,immigration,DE,-0.038215708085670604,0.32293603912849894,0.00241212401033869,0.9502710112649743,5.913561847988078,7.433681073025335,2.369264193096985,1.3244535948833556,671
imueclt,immigration,EE,0.005587823452721719,0.8854661314465371,0.017974825122534434,0.6430843412030564,5.5367316341829085,7.5502248875562215,2.348039267313182,1.032190203410358,667
imueclt,immigration,ES,0.028161801246827666,0.4687862918922836,0.00578516099783345,0.8817165498952898,6.600903614457831,7.551957831325301,2.381818847513392,1.0741424408039022,664
imueclt,immigration,FI,-0.06438321252744805,0.09391799180843978,-0.025294126756955443,0.5108534750782299,7.320058997050148,7.493362831858407,2.030617633352111,1.0683579337739986,678
imueclt,immigration,FR,0.016379507513976134,0.6723736023553276,0.017027161910859418,0.6602149576604524,5.61136023916293,7.468609865470852,2.688674868439319,1.1842534771601898,669
imueclt,immigration,GB,0.010994795121320044,0.7808082936469923,-0.012701619179527026,0.7478566043061342,6.424572317262831,7.50855365474339,2.547704286193097,1.1213052550132916,643
imueclt,immigration,GR,-0.025732894682551705,0.5073622672207321,-0.04670803436478286,0.22867236421394466,4.076576576576577,7.475225225225225,2.105879558207468,1.0887954413511713,666
imueclt,immigration,HR,0.030519408929307684,0.4330732653245561,0.05007166356208106,0.1982043340769559,4.990936555891238,7.537009063444109,2.7282202084513525,1.130543680506624,662
imueclt,immigration,HU,0.042522729479085246,0.2757036828331235,0.028219550894633905,0.46956150937729113,3.811836115326252,7.213201820940819,2.4297634187248223,1.3376106857917962,659
imueclt,immigration,IE,-0.05053003775999715,0.19144039247343378,-0.0591590727774455,0.1260723589577471,6.161194029850746,7.641044776119403,2.604638568001223,0.8544452204579313,670
imueclt,immigration,IL,-0.017327444363245917,0.6604862752294375,-0.03754780675642028,0.3410553609956807,5.013953488372093,7.549612403100776,2.584856285457056,1.1595621918916457,645
imueclt,immigration,IS,-0.005648782770072766,0.883621504164107,-0.020141592656380918,0.6016783362426399,7.056379821958457,7.589020771513353,2.1364513378770784,1.1552314972967568,674
imueclt,immigration,IT,-0.009654285903115241,0.8047674426761239,0.002785922286907794,0.9431372072688957,4.898176291793313,7.62386018237082,2.5826307224080556,1.0805851303587692,658
imueclt,immigration,LT,-0.010177391116390063,0.795958870568456,-0.0019132523709873281,0.9612305264660945,5.032407407407407,7.409722222222222,2.5600423358061284,1.1332877790341656,648
imueclt,immigration,LV,-0.0539252963303889,0.16708206805558937,-0.04651337814425149,0.23345155794267486,4.562310030395137,7.382978723404255,2.5427682061702352,1.173326952103683,658
imueclt,immigration,ME,0.02808353523911567,0.4717062848836844,0.01474143158798035,0.7056316897043154,5.165402124430956,7.4742033383915025,2.1198766840737155,1.1184155210562836,659
imueclt,immigration,NL,-0.019788628928918868,0.608866278469806,-0.005075091090210694,0.8956019032644744,6.226527570789866,7.438897168405365,2.113767171564078,1.2207746402369692,671
imueclt,immigration,NO,-0.028191943196346242,0.4636406705002688,0.008402282820239897,0.8271311524329574,6.368731563421829,7.583333333333333,2.2336942756126654,1.110272742960798,678
imueclt,immigration,PL,0.009091710305005428,0.8178755435493298,-0.016340619782678954,0.6789470000376794,5.538819875776397,7.2228260869565215,2.3203841798287117,1.3770358639630054,644
imueclt,immigration,PT,0.022606264397493952,0.5680991312605974,0.0054810816965296435,0.8899309432860015,5.684375,7.56875,2.2210557873771717,1.040626240970278,640
imueclt,immigration,RS,0.08639041659331115,0.03121934649056874,0.0830659538633067,0.038352067106259255,4.827974276527331,7.257234726688103,3.0751702223255313,1.2821344194164435,622
imueclt,immigration,SE,0.09235546618767541,0.01654897230485719,0.08277213508111048,0.03179420559586573,6.949479940564636,7.566864784546805,2.152753745199168,1.0873262619123738,673
imueclt,immigration,SI,-0.04685023125570893,0.2279588581030774,-0.024567086024461334,0.5274181537874167,5.355421686746988,7.426204819277109,2.596005889645955,1.253582520002723,664
imueclt,immigration,SK,0.06357663217571358,0.10375899919620125,0.10184976147539336,0.00904250735397975,3.4115853658536586,7.296493902439025,2.6161191323865487,1.2341093373163143,656
imueclt,immigration,UA,-0.07775982399534657,0.050524980865949726,-0.08879114657917822,0.025487125357596157,5.241706161137441,7.063191153238547,2.855158267062932,1.3873709050848808,633
imwbcnt,immigration,AT,-0.02716009017285682,0.49380497070504004,-0.035132715913469746,0.3760264609821199,4.416012558869702,6.485871271585557,2.407651806214473,1.581075603873498,637
imwbcnt,immigration,BE,-0.05952933229834952,0.12860202010212618,-0.035360099576220556,0.3669834998185672,5.434915773353752,6.7396630934150075,2.0524128850868317,1.3440066495556953,653
imwbcnt,immigration,BG,-0.016577676984104832,0.680112516681702,0.010665842411000732,0.7908065069043229,4.011272141706924,6.114331723027375,2.841206324617282,1.808083305096711,621
imwbcnt,immigration,CH,0.034818205470248095,0.37733072020258934,0.02646350065065314,0.5022820702120698,5.7844961240310075,6.944961240310078,1.8571019303112306,1.2211236832268832,645
imwbcnt,immigration,CY,0.009403016006694494,0.80989261282827,0.02127324894579019,0.5862354543924828,3.780821917808219,6.6255707762557075,2.4589428487009237,1.653659288092892,657
imwbcnt,immigration,DE,0.06255605696009713,0.11218810246387077,0.057239842838121044,0.146164844073142,5.376160990712075,6.640866873065016,2.26315033199401,1.4265919243721557,646
imwbcnt,immigration,EE,-0.034722097577716965,0.38088517515483195,-0.06722641661432113,0.08951276120940234,4.888888888888889,6.632237871674492,2.08559438432089,1.4742172354965062,639
imwbcnt,immigration,ES,0.030880383698242777,0.4311745208440809,0.030923620618018656,0.4305293864897602,5.91717791411043,6.789110429447852,2.3527372715113724,1.4083646779607968,652
imwbcnt,immigration,FI,0.022480337693496038,0.5648646627291405,0.006236916850269594,0.8731302409683054,6.094224924012158,6.663373860182371,2.0806267550006234,1.4113517328777758,658
imwbcnt,immigration,FR,0.04482493197937129,0.2541578280521179,0.05851430160010097,0.13646571506754102,5.141756548536209,6.472265023112481,2.198118723390846,1.621851541751439,649
imwbcnt,immigration,GB,0.0726308074540403,0.06870529314938557,0.01846269437431479,0.6439663165365748,6.1812400635930045,6.728139904610493,2.5858934542260075,1.390374052502865,629
imwbcnt,immigration,GR,0.009909492492871435,0.8012160305294819,0.017807641737160762,0.650930993214589,4.1496913580246915,6.62037037037037,2.1827198049548646,1.4880311313195231,648
imwbcnt,immigration,HR,0.015517658268199584,0.6931518064438928,0.00481163473777538,0.9026272962521485,4.929121725731895,6.429121725731895,2.524796654623302,1.6637658085546583,649
imwbcnt,immigration,HU,0.05034274536286177,0.20483286518667768,0.04821207084285952,0.2246803459150031,3.8459119496855347,6.1257861635220126,2.2211933272363624,1.708679605761956,636
imwbcnt,immigration,IE,0.10533100397454742,0.0075607602936450385,0.08467238626321257,0.0319466515045773,6.088785046728972,6.945482866043614,2.561547909907728,1.2235290129031668,642
imwbcnt,immigration,IL,-0.024611617825730157,0.5374898193700096,-0.01772111123122915,0.6570802633966184,4.784126984126984,6.71984126984127,2.488332478028265,1.5472432966284968,630
imwbcnt,immigration,IS,-0.0005146436140712219,0.989616237184215,-0.027297932329848337,0.48991244023664804,7.006230529595015,6.981308411214953,2.0386189835743544,1.3757855228523592,642
imwbcnt,immigration,IT,-0.005715221658689901,0.8853502393894518,-0.03666470590296957,0.3547977232656517,4.547730829420971,6.834115805946792,2.3735395475660335,1.379664374382771,639
imwbcnt,immigration,LT,0.004986085688843926,0.9012335229651336,-0.023226202960880567,0.5631475701875757,5.255627009646302,6.483922829581994,2.2934322335243524,1.5569382545029373,622
imwbcnt,immigration,LV,0.06044905227366265,0.13365318950804614,0.06335492316464081,0.11592920480230429,4.414910858995138,6.261750405186386,2.45140524902821,1.7746306134586638,617
imwbcnt,immigration,ME,0.028401464365647437,0.47356918634400735,0.012104969496375942,0.7600562468898953,4.716744913928013,6.647887323943662,2.258293953887432,1.521669315102853,639
imwbcnt,immigration,NL,0.051885730609922104,0.1867832713401212,0.01514560993086835,0.7001485532831323,5.508474576271187,6.75808936825886,1.89060518016568,1.318798105328588,649
imwbcnt,immigration,NO,0.052304547284906945,0.18189716703001707,0.08913255104275541,0.022735364640279636,6.249617151607963,6.800918836140888,1.983177875306233,1.3521849216807327,653
imwbcnt,immigration,PL,0.06598313621320388,0.10293822726444368,0.078662401245347,0.051770568406161906,5.504901960784314,6.256535947712418,2.107187176604527,1.6801156613063455,612
imwbcnt,immigration,PT,0.007200591739904268,0.8550632498816193,-0.032052998157752303,0.416041957611265,4.617647058823529,6.690402476780186,2.145324399867245,1.5084159232291403,646
imwbcnt,immigration,RS,-0.040104154835785624,0.3255325818434905,-0.054625140348324774,0.18037699899220483,4.804311774461028,6.102819237147595,2.9415425218103866,1.8568474369607186,603
imwbcnt,immigration,SE,0.1065567022251016,0.006755334270067851,0.07122649974404754,0.0706506553567207,6.36124031007752,6.67906976744186,2.13257455570483,1.3377970685712168,645
imwbcnt,immigration,SI,0.04799130725240386,0.2260807126942694,0.05882337420235757,0.13776345846523308,4.9263322884012535,6.488244514106583,2.3458897611933254,1.588894856916478,638
imwbcnt,immigration,SK,-0.0007638295458554838,0.9845289108906146,-0.008028248984718787,0.838496891482703,3.3462132921174654,6.049459041731066,2.336428508931156,1.8031694278544448,647
imwbcnt,immigration,UA,-0.03136890241495512,0.4450170235838272,-0.009556645637826985,0.8160512528699967,5.35126050420168,5.559663865546218,2.837218534853263,2.1558127252505113,595
imbgeco,immigration,AT,-0.06058007651990878,0.12255672807413874,-0.0632994779033293,0.10661815471714464,5.625192012288786,6.9846390168970816,2.486439174958211,1.0596417320301967,651
imbgeco,immigration,BE,-0.00741377966040016,0.8479860933726089,0.01095514035644764,0.7769792899580681,5.612518628912071,7.123695976154993,2.1940403823264765,0.9945622557516821,671
imbgeco,immigration,BG,-0.002450467694742026,0.9508200825017398,-0.015030351990491084,0.7051878679215398,3.9449685534591197,6.866352201257862,2.911036263084644,1.2534299003649965,636
imbgeco,immigration,CH,-0.004053608602344683,0.9165904027322496,-0.024671745162698062,0.5237882266828512,6.486567164179104,7.146268656716418,1.9825015921170916,1.0571598522109809,670
imbgeco,immigration,CY,-0.022163783432258943,0.5683077983370876,0.020930813549311512,0.5900256291857301,3.694736842105263,7.103759398496241,2.626622154821253,1.136630378233192,665
imbgeco,immigration,DE,0.047374463505752695,0.22209336365279939,0.04511691083192887,0.24493664931230297,6.0525525525525525,7.034534534534535,2.265518135448513,0.9918507843949212,666
imbgeco,immigration,EE,0.0002649340269109991,0.9945962238625469,-0.011053637478193932,0.7774988513050236,5.385670731707317,7.085365853658536,2.2875118336583076,1.0138126301999093,656
imbgeco,immigration,ES,0.09188405111761294,0.0181344904849011,0.02784236612356055,0.47485087046108493,6.3479576399394855,7.1346444780635405,2.313324297908492,1.0053015840670874,661
imbgeco,immigration,FI,0.050532435516920486,0.19242016811706322,0.042987106400123154,0.26758988372239395,6.551724137931035,7.140929535232384,2.0820141831699877,0.9010776195248901,667
imbgeco,immigration,FR,0.017076532811589232,0.6616971055347987,0.015631860501970372,0.6887528908000371,5.373292867981791,7.044006069802731,2.4489219619661466,0.9875546416152714,659
imbgeco,immigration,GB,-0.027012387520390365,0.4914439573967975,-0.033878009602277756,0.38815185193645013,6.224270353302612,6.99231950844854,2.529596054228002,1.1455342035938736,651
imbgeco,immigration,GR,0.021544595363075212,0.5840761206133634,0.022239721979060344,0.5720004792491385,4.242283950617284,7.041666666666667,2.20753291620427,1.0548152632414993,648
imbgeco,immigration,HR,-0.07781143109404405,0.04753892152804291,-0.075211508468869,0.05548375495503879,5.020030816640986,7.024653312788906,2.5454933546960903,1.1010695887138093,649
imbgeco,immigration,HU,0.032581378212780024,0.4062185610001439,0.05670159376372815,0.1481153841357556,3.6104294478527605,6.868098159509202,2.5245489261903864,1.1484688542768233,652
imbgeco,immigration,IE,-0.023415345714684618,0.54848201805503,-0.021626545253645723,0.5794517129025232,5.9848254931714715,7.157814871016692,2.6480044258093582,0.9172338929124851,659
imbgeco,immigration,IL,-0.07107741882299758,0.07212963394543379,0.0053220557679080184,0.8930217240849802,4.912636505460219,7.049921996879875,2.678942084896157,1.0356176418717509,641
imbgeco,immigration,IS,0.03822445088277851,0.3283148800684553,0.030766281208679764,0.43146647702097757,6.786585365853658,7.1935975609756095,2.1280109162965113,1.071784635536049,656
imbgeco,immigration,IT,0.06315153194992583,0.10991097928171181,0.062016048831577866,0.11646298730674795,5.1433021806853585,7.098130841121495,2.514487259238971,1.0214682750002824,642
imbgeco,immigration,LT,-0.06280404873593345,0.11188443061692724,-0.06561318134202432,0.09670566976189768,5.56386292834891,7.066978193146418,2.5621393227963187,0.9331141038913588,642
imbgeco,immigration,LV,0.013551100547662284,0.7354813739851931,0.025835787174627717,0.5194514097548973,5.0048076923076925,6.947115384615385,2.6445332864699047,1.1716657605314658,624
imbgeco,immigration,ME,0.0072859546945082685,0.8528022481402616,0.024378610789204353,0.5346589300421423,4.271889400921659,6.99231950844854,2.697256605127304,1.0458427573693436,651
imbgeco,immigration,NL,-0.021929038870999118,0.5744492615359514,-0.035276229865769,0.3662874992563297,5.758358662613982,7.191489361702128,1.9352450898061744,0.8088855294381568,658
imbgeco,immigration,NO,-0.00907124238432306,0.8156546174310275,-0.009465473947682209,0.8077962378096656,6.125188536953243,7.230769230769231,2.0092720689039263,0.9244025650409248,663
imbgeco,immigration,PL,-0.022105324899992475,0.5746225885569671,0.009586946919247273,0.8077036809506196,5.539412673879443,6.939721792890262,2.433876298023507,1.0635016858443076,647
imbgeco,immigration,PT,0.07080542415701899,0.07058230173707239,0.015855414275160937,0.6859066445427772,6.1715160796324655,7.0673813169984685,2.2170526360979297,1.1768701486169257,653
imbgeco,immigration,RS,-0.0032244695322546993,0.9365505454251984,0.010748291356860696,0.7907305256803224,4.630718954248366,6.854575163398692,3.011853962934253,1.1571008904195128,612
imbgeco,immigration,SE,0.06537256681261713,0.09689394096965931,0.05171694062659947,0.18925100590496194,6.0510835913312695,7.162538699690402,2.0517771617999423,1.0476503326159186,646
imbgeco,immigration,SI,-0.06145208312641307,0.11641095412885243,-0.08688144474092074,0.026296272769671933,5.536697247706422,7.0244648318042815,2.5254051472620853,1.0813811730778304,654
imbgeco,immigration,SK,-0.011491946961645091,0.7708197836083279,-0.009725275617806724,0.805281191001571,3.6914728682170543,6.947286821705426,2.6939093659607725,1.0277272095721737,645
imbgeco,immigration,UA,0.010205639822530945,0.8018694858317283,0.0328684396337278,0.41889422944468896,6.126853377265239,6.583196046128501,2.798877748327615,1.4496776696876248,607
imsmetn,immigration,AT,0.05360136644249393,0.16390508092676645,0.034972950896738894,0.36393547241428786,2.048816568047337,2.7514792899408285,0.7957191513243553,0.6669427436250894,676
imsmetn,immigration,BE,0.00571145347085963,0.8827753562164042,0.010904130335620366,0.7783141605258559,1.883408071748879,2.828101644245142,0.7122808829963463,0.5857996340130875,669
imsmetn,immigration,BG,0.02676708977911367,0.4920825346716812,0.0321355913957791,0.4094551854758436,2.2677760968229954,2.7715582450832073,1.0147425639064964,0.6378292910778837,661
imsmetn,immigration,CH,-0.013663001157890268,0.7246733283043302,-0.00016254924542348872,0.9966567311233352,1.8455772113943028,2.8515742128935533,0.6588442569494972,0.5484154721967985,667
imsmetn,immigration,CY,0.036739042786265795,0.3419992722504046,0.03459094657165962,0.3709851863197961,2.3651266766020864,2.7943368107302535,0.8703610198214361,0.624880263014951,671
imsmetn,immigration,DE,0.047827067465180555,0.21874617096989876,0.03697443140664305,0.34182002623035107,1.7586726998491704,2.838612368024133,0.6967638097734924,0.5520239105807313,663
imsmetn,immigration,EE,0.006616170612274179,0.8641723296585786,0.029891608822192415,0.4395038173778013,2.044709388971684,2.842026825633383,0.7088552031277389,0.5534893971090568,671
imsmetn,immigration,ES,-0.00029538128786025803,0.9939247184678471,-0.01950954088874739,0.6149903650291012,1.893553223388306,2.815592203898051,0.8178216495920098,0.5777634223377089,667
imsmetn,immigration,FI,0.005334578378895255,0.8900526212107253,-0.0031912732497067077,0.934092710877212,1.9332344213649852,2.873887240356083,0.6764951510490699,0.5455212965939495,674
imsmetn,immigration,FR,-0.034022672710986336,0.38539633258813066,-0.0392442406783235,0.3166787027597301,1.9509954058192955,2.7993874425727414,0.6988507798919225,0.6076200113439546,653
imsmetn,immigration,GB,-0.10593475214596657,0.006781250054022325,-0.08969380539500896,0.02199286068386608,1.978527607361963,2.8680981595092025,0.7933086003157744,0.5089920187414894,652
imsmetn,immigration,GR,0.02862507883825544,0.4567982253383205,0.01863943093316967,0.6280395056778098,2.0707964601769913,2.7927728613569323,0.9387456431001132,0.6017387251818921,678
imsmetn,immigration,HR,-0.07171991822177486,0.06295460159129479,-0.08218373220290594,0.03303365117444901,2.0044576523031203,2.820208023774146,0.9005509449933462,0.586613022029084,673
imsmetn,immigration,HU,-0.03621965020494463,0.3503178053021674,-0.03511862683136516,0.3651667559783976,2.869565217391304,2.841079460269865,0.8833224322912637,0.5550132195333416,667
imsmetn,immigration,IE,0.014487438835341024,0.7079596399722181,0.01958195319125055,0.6126129282392914,2.0849478390461997,2.849478390461997,0.8640048828413422,0.5460814512488064,671
imsmetn,immigration,IL,0.06855233699674573,0.07842921995550554,0.0824610972413712,0.03417028857408279,1.8075757575757576,2.8287878787878786,1.132069506499026,0.5720514295870699,660
imsmetn,immigration,IS,0.03377956775448676,0.3859016402120889,0.04457003913348689,0.2525025683884498,1.6036308623298032,2.8366111951588504,0.6302371919177545,0.5830354335574892,661
imsmetn,immigration,IT,-0.020773762781489156,0.5897651237775644,-0.02600979740906477,0.4996011708434638,2.1198224852071004,2.7810650887573964,0.8355919424980954,0.6201524700648605,676
imsmetn,immigration,LT,-0.11519005682129133,0.002953393544256719,-0.10185669366878447,0.008625476903644074,1.9171686746987953,2.8539156626506026,0.7944417366071596,0.5279943256886759,664
imsmetn,immigration,LV,0.0447064573026034,0.2576336954970598,0.0324050225913794,0.4120307603584598,1.9097978227060652,2.786936236391913,0.9737747103283195,0.6312355786399824,643
imsmetn,immigration,ME,-0.08598550885122802,0.026037834658159245,-0.08203605999715922,0.03374838934259506,2.2208955223880595,2.7880597014925375,0.8446680234184323,0.6304487186630541,670
imsmetn,immigration,NL,-0.007671367443587256,0.8430043503530952,-0.0005163676176473264,0.9893638032017565,2.100149476831091,2.8505231689088193,0.6924420737703773,0.5594216390129461,669
imsmetn,immigration,NO,-0.03072719702493306,0.4264710924346491,-0.014129969018145795,0.7146434352762912,1.6696428571428572,2.8169642857142856,0.6184697165518095,0.5986654397137734,672
imsmetn,immigration,PL,0.13396821973215534,0.0005222652548944466,0.1278602046171238,0.0009344245071818211,2.272863568215892,2.800599700149925,0.7733733588825586,0.5983959541121647,667
imsmetn,immigration,PT,-0.07380206428168308,0.05640082983729425,-0.052436216441046304,0.17552582068931866,2.3796711509715993,2.820627802690583,0.8000407246868785,0.6196330480661868,669
imsmetn,immigration,RS,0.008451037189739824,0.8288252695402109,-0.009427490943887971,0.8094072728337107,1.8858447488584476,2.7519025875190257,0.9357714602724004,0.6539748561279424,657
imsmetn,immigration,SE,0.005196429519274533,0.8937582893192029,0.007150327981343261,0.8541960918119241,1.7164404223227752,2.841628959276018,0.6178253444043397,0.5769634030553666,663
imsmetn,immigration,SI,-0.07181919637648167,0.06239465926787363,-0.06231681836050093,0.10600635585465486,1.8694362017804154,2.808605341246291,0.7439806850101468,0.6074207877606931,674
imsmetn,immigration,SK,-0.039082169419267614,0.3142599627135193,-0.04603003033688716,0.23585974646566962,2.6857142857142855,2.8015037593984964,0.8911498306424372,0.5831449016033374,665
imsmetn,immigration,UA,0.03497547384862574,0.37854401453382075,0.015544902496429768,0.6955902991576578,1.6823899371069182,2.7877358490566038,0.8872169769819755,0.6152194917489057,636
impcntr,immigration,AT,0.015111773028283712,0.6983752164644519,0.017353229507519927,0.6563190547032078,2.765151515151515,2.8515151515151516,0.883672915862172,0.5664473918392817,660
impcntr,immigration,BE,-0.02740343859496504,0.47755068452307964,-0.02272307145641407,0.5559241474820252,2.091988130563798,2.8249258160237387,0.8179784597601375,0.6062346289968512,674
impcntr,immigration,BG,0.01529448856568863,0.6957929337289318,0.024940881294012788,0.5236825590248739,2.7972560975609757,2.721036585365854,0.9760764744282225,0.7054311605844965,656
impcntr,immigration,CH,-0.058109808537800726,0.13647983242720874,-0.0581186977132546,0.13641976263765343,2.182370820668693,2.878419452887538,0.7705732329480485,0.5238215101314689,658
impcntr,immigration,CY,0.027735978269669507,0.47687584249017945,0.03441487741523554,0.3773877114570705,3.0272727272727273,2.846969696969697,0.7488069326070106,0.566575233562769,660
impcntr,immigration,DE,-0.028122941719919244,0.47074675218723266,-0.024606205900187944,0.5280129752819991,2.1545454545454548,2.840909090909091,0.8042342078379267,0.58858057510607,660
impcntr,immigration,EE,0.05172849297847675,0.1834117854138346,0.05046898679396096,0.19432508374447485,2.742081447963801,2.8401206636500755,0.8576084991224635,0.5673023969519909,663
impcntr,immigration,ES,-0.07665286419650165,0.04953985587289396,-0.061869889954987954,0.11311456740216672,2.010654490106545,2.808219178082192,0.8773274086481776,0.6269306965121435,657
impcntr,immigration,FI,-0.06555285398668728,0.09095882084684115,-0.07087898500467214,0.06754418666381796,2.4129129129129128,2.7777777777777777,0.7960890766543303,0.6883685748956925,666
impcntr,immigration,FR,-0.06640700532782882,0.08922845683034872,-0.06497390064722763,0.09636703936151397,2.230182926829268,2.8292682926829267,0.8216928885708512,0.5937049525288073,656
impcntr,immigration,GB,-0.04071601370078178,0.2999733498419013,-0.03401145037335439,0.38665102806167445,2.143076923076923,2.8153846153846156,0.8757069309400989,0.5976922154040727,650
impcntr,immigration,GR,-0.040777008501494294,0.29010366867658804,-0.031653616893742915,0.411608328569033,3.062222222222222,2.785185185185185,0.7755410351048826,0.6557798852819695,675
impcntr,immigration,HR,0.04473401603664319,0.24825654757165497,0.047440999735827334,0.22074904483048788,2.302395209580838,2.8263473053892216,0.9219269368331617,0.5844772231024591,668
impcntr,immigration,HU,0.036963251481490836,0.3412363136684753,0.03879306070282341,0.3178558931972048,3.2721804511278196,2.7969924812030076,0.7836193237132327,0.610641062714835,665
impcntr,immigration,IE,0.042003383968586154,0.28161573546063084,0.0329875472009334,0.3978620930242272,2.254931714719272,2.82701062215478,0.9018483821843754,0.6042896441700223,659
impcntr,immigration,IL,0.0294002526633051,0.45674001814824466,0.025836276202840652,0.5131270301184463,3.1586314152410577,2.8926905132192844,0.8963578047238876,0.46963173318718876,643
impcntr,immigration,IS,-0.029153290491644744,0.459134857337945,-0.015231962166622476,0.6989661837903085,1.8948995363214838,2.8253477588871716,0.7877282149735526,0.5983262215726803,647
impcntr,immigration,IT,-0.01950584797359667,0.6153234881631074,-0.01880386811410133,0.6281004452335521,2.27027027027027,2.7867867867867866,0.8871271122619931,0.6623309530090453,666
impcntr,immigration,LT,-0.03041931042421055,0.4335412199805444,-0.038426573873117494,0.322452766835824,2.4270676691729323,2.7849624060150378,0.9156543367395201,0.6450105351480965,665
impcntr,immigration,LV,-0.06612241571493103,0.09110620747141993,-0.07820963045489084,0.0455731946455208,2.790519877675841,2.735474006116208,0.9809059343948696,0.690381303811548,654
impcntr,immigration,ME,0.02149131445987976,0.5809644397097292,0.0311402021490226,0.423770302229355,2.3746223564954683,2.8172205438066467,0.8442146764616739,0.6111466935934227,662
impcntr,immigration,NL,-0.08454649811652515,0.029010661759973678,-0.0781173009646122,0.04371819476145876,2.3193403298350823,2.8515742128935533,0.8100165995269482,0.5565685394934271,667
impcntr,immigration,NO,-0.0070794652684975845,0.8540131853719182,-0.012411730064663047,0.746999643093103,1.8259587020648969,2.8480825958702063,0.6997183721754833,0.5743823442297152,678
impcntr,immigration,PL,0.04913746808652516,0.2087926201398133,0.05270654086597715,0.17755907458984968,2.533536585365854,2.8125,0.7669332157613813,0.5924944036196551,656
impcntr,immigration,PT,-0.008599648638601024,0.8248190420683585,-0.0276623366004419,0.4763784903751197,2.4706766917293232,2.833082706766917,0.8118829403729068,0.5942396433186342,665
impcntr,immigration,RS,-0.006483121899482478,0.8684661230755488,-0.0032464647594063027,0.933908643013168,2.5557251908396945,2.8045801526717558,1.066386644150782,0.6341290585584558,655
impcntr,immigration,SE,-0.007807901816092297,0.8404840271504904,-0.004693068622590219,0.9037083614006619,1.826086956521739,2.8350824587706147,0.6798539047225876,0.6026207409761184,667
impcntr,immigration,SI,-0.04894932988093912,0.20504480103685627,-0.04631535187477441,0.23051262032314204,2.200892857142857,2.837797619047619,0.8278673373763795,0.5921995933676286,672
impcntr,immigration,SK,0.04869410083213142,0.20809939702567523,0.04803508280986823,0.21432790516691339,2.9776119402985075,2.81044776119403,0.8334058375972789,0.5951056803708304,670
impcntr,immigration,UA,0.035673892725677496,0.37366460899291587,0.03284159994357921,0.4128098535102142,2.3926282051282053,2.753205128205128,1.0771269151041196,0.6460071084586583,624
imdfetn,immigration,AT,-0.04690668560741888,0.22426253444260139,-0.054668607710350516,0.15658544115952822,2.586924219910847,2.885586924219911,0.8653076568336969,0.5061970036413058,673
imdfetn,immigration,BE,-0.023733954623980872,0.5393893679707642,-0.027026558526860187,0.4846086802424817,2.067064083457526,2.871833084947839,0.7898442282136428,0.49622101074094727,671
imdfetn,immigration,BG,0.0460199243346072,0.23455348650095162,0.04895315043978367,0.20602719462563346,2.7309417040358746,2.7847533632286994,0.9845889646097115,0.6031410847564248,669
imdfetn,immigration,CH,0.0004793214386105051,0.9901490881680186,-0.010987368898505665,0.7771564031392136,2.1126126126126126,2.9054054054054053,0.7135151299606673,0.41592462543822245,666
imdfetn,immigration,CY,-0.03157777467048902,0.4169307843747947,-0.025462851128187042,0.5127855772280576,2.894419306184012,2.852187028657617,0.7502359663370056,0.5322163781062562,663
imdfetn,immigration,DE,0.01119477546525178,0.7735634030959947,0.01656294931941708,0.6703262561198364,2.081447963800905,2.8959276018099547,0.7532425474434382,0.4693297343919532,663
imdfetn,immigration,EE,-0.060065177138150364,0.11898346204853037,-0.07087564605708387,0.06572344324738001,2.468148148148148,2.8844444444444446,0.813521838781151,0.47015791694332937,675
imdfetn,immigration,ES,-0.013933945947194866,0.7202515975066347,-0.01829594795850847,0.6381772360682871,2.024132730015083,2.8838612368024132,0.8756645092781271,0.5127635498522475,663
imdfetn,immigration,FI,-0.020576107150968075,0.5941342971204914,-0.015263328284482933,0.6926569733010222,2.3135215453194653,2.8841010401188707,0.7951180598337576,0.5043853536868388,673
imdfetn,immigration,FR,-0.12481122979646996,0.0012806829325494138,-0.09490676828546497,0.014499563071132872,2.1734539969834086,2.889894419306184,0.7937185327843614,0.4930978169834297,663
imdfetn,immigration,GB,-0.060072956058006985,0.12427558522872872,-0.05941299298633742,0.12847177227747783,2.0396341463414633,2.8810975609756095,0.8111527112132358,0.49843359179449026,656
imdfetn,immigration,GR,-0.041129740295925116,0.2855899583172933,-0.01418922975823741,0.7126825387432489,2.8979289940828403,2.8298816568047336,0.7981061848890144,0.5297607993166901,676
imdfetn,immigration,HR,-0.07704471762815829,0.04555891569683095,-0.05971510391906125,0.12143005618805494,2.3160237388724036,2.8664688427299705,0.9376450406834367,0.5256881089426042,674
imdfetn,immigration,HU,0.03316726827340541,0.3942172721710383,0.03578540897704868,0.357943860333844,3.2628398791540785,2.8851963746223563,0.7604698971615783,0.47839071579736797,662
imdfetn,immigration,IE,0.028986937453673423,0.4541566108675838,0.03724580645450532,0.3361017077246136,2.2406576980568014,2.901345291479821,0.8909509407154576,0.4569634041703999,669
imdfetn,immigration,IL,-0.00507182999449879,0.8971535764246165,-0.013417377149766443,0.7323800993846037,2.9263803680981595,2.9095092024539877,0.9825405622570276,0.4141525557000842,652
imdfetn,immigration,IS,-0.050943136644562244,0.1921874225673063,-0.038492405738481957,0.3245631282865279,1.8858447488584476,2.8995433789954337,0.7967525132208592,0.4707445176903457,657
imdfetn,immigration,IT,-0.0371030719521912,0.3357930445455895,-0.030210386003719954,0.4332672380625471,2.3614814814814813,2.8533333333333335,0.8524693738840504,0.5260005302882322,675
imdfetn,immigration,LT,0.012006095625927993,0.7574708855286018,0.022976595824243405,0.5545017027650982,2.352409638554217,2.891566265060241,0.908760899199009,0.4663532201229673,664
imdfetn,immigration,LV,-0.016074702676176923,0.6848214892564941,-0.005102840340687265,0.8974832554899704,2.50625,2.865625,1.0178185577932934,0.5224891519716103,640
imdfetn,immigration,ME,-0.008820183340429243,0.8198700283877886,-0.023973226986279458,0.5359178535941075,2.3497757847533634,2.8654708520179373,0.8335700459520798,0.513139299937299,669
imdfetn,immigration,NL,-0.0463190519005123,0.23187308802636047,-0.05158979260581995,0.18293782285357596,2.1676646706586826,2.8982035928143715,0.7256507774432129,0.4727631689969999,668
imdfetn,immigration,NO,0.05498612814543419,0.1523582720452559,0.046580284501880946,0.22543835899273407,1.7540500736377025,2.917525773195876,0.6739203780529339,0.44685304629568123,679
imdfetn,immigration,PL,-0.031136183715730213,0.4217297237307463,-0.03137781612794588,0.41813446016823724,2.6482035928143715,2.8682634730538923,0.8069486869531285,0.4748663279580892,668
imdfetn,immigration,PT,0.022761821285946116,0.5570227896144065,0.029313363340582304,0.4494286560149707,2.504491017964072,2.87874251497006,0.8112648858798407,0.4760818087519728,668
imdfetn,immigration,RS,0.06726205818349439,0.08493734622558016,0.05964157850953921,0.1267157142193661,2.407914764079148,2.8736681887366817,1.055386043133429,0.469357467626093,657
imdfetn,immigration,SE,-0.0043861811839185985,0.9104507752800046,-0.010429959132355532,0.7891228208115896,1.7772727272727273,2.8636363636363638,0.6636669765057134,0.5449830122608572,660
imdfetn,immigration,SI,-0.017026493032472712,0.660227469380879,0.009274292025928712,0.8107671773430849,2.200298953662182,2.8774289985052315,0.8071164948391394,0.498424430571138,669
imdfetn,immigration,SK,0.0012037275690727981,0.9751159495625182,0.006035142892378557,0.8757240291974137,2.99406528189911,2.8427299703264093,0.8249240238126742,0.5550382191766657,674
imdfetn,immigration,UA,-0.02294126747453383,0.5639133459841259,-0.043694437528374035,0.2715845420062077,2.2141732283464566,2.765354330708661,1.024057958225904,0.6101633892929201,635
gincdif,values,AT,0.03743913354708163,0.3346880499086944,0.05547113503441089,0.15273015768919607,1.8138138138138138,3.3318318318318316,0.8730836483475676,0.5588187934003215,666
gincdif,values,BE,0.052901018854164664,0.16697832645509797,0.048428358400221534,0.20587432506723138,2.232456140350877,3.3464912280701755,1.0109499133041553,0.5450181387062646,684
gincdif,values,BG,-0.005903486794185008,0.8776973714232832,0.005978498652286462,0.8761557837770102,1.595307917888563,3.2609970674486806,0.834555625190917,0.5856112711784004,682
gincdif,values,CH,0.009621119934686714,0.8032561847073368,0.03923232005268502,0.30949907112658925,2.2303120356612185,3.3848439821693908,1.0259299167855094,0.5049242762329386,673
gincdif,values,CY,-0.08890513055607319,0.021558170109072947,-0.11517687851112401,0.0028714183292746793,1.8817365269461077,3.354790419161677,0.9209026808351298,0.5488364012074807,668
gincdif,values,DE,-0.026008962374923845,0.49993351623379323,-0.019416734769760073,0.6145607275960971,2.3214814814814817,3.325925925925926,1.012707478480877,0.5478529664455324,675
gincdif,values,EE,-0.006616712738297328,0.8640607343975749,-0.00843684107444059,0.8271917663188356,2.4613095238095237,3.330357142857143,0.98800107370282,0.549570641630941,672
gincdif,values,ES,-0.037452140046682805,0.3334297152266955,-0.03840610141743369,0.3212543986717415,2.218236173393124,3.3153961136023917,1.014961076127945,0.5532314163573446,669
gincdif,values,FI,0.04893785943153032,0.20346760436609534,0.05671861156508964,0.14041859986984195,2.295420974889217,3.2821270310192023,1.0095079100467599,0.5561832861068143,677
gincdif,values,FR,0.008822799281242296,0.818494233088314,0.0047877253923515415,0.900897534383971,2.09720176730486,3.312223858615611,1.0777890918387267,0.5263114564812714,679
gincdif,values,GB,-0.062346062867768164,0.11118216288343909,-0.06080025598053626,0.12034347656666249,2.197247706422018,3.3042813455657494,0.9973587215265853,0.49877032900022145,654
gincdif,values,GR,0.020018738871587376,0.602017744340203,0.025488491121810754,0.5066691776343949,1.6784140969162995,3.4023494860499266,0.8049229842814244,0.5580378450458463,681
gincdif,values,HR,-0.01067264521120267,0.7817930682102475,-0.002243058728475344,0.9535800260149211,1.9082840236686391,3.331360946745562,0.9143413816370821,0.5246164707443787,676
gincdif,values,HU,-0.006635486145370463,0.8629750064359308,0.007499941138906783,0.8453355322034067,1.8350515463917525,3.2385861561119293,0.9293047589984477,0.5449541166443209,679
gincdif,values,IE,0.004362779234359764,0.9099205268106334,0.011966207303442932,0.7563130000940594,2.0933333333333333,3.3244444444444445,0.9691992473216753,0.5473793332966427,675
gincdif,values,IL,0.014235110055369983,0.714053795682264,0.01313310725493478,0.7353265152515134,2.257142857142857,3.449624060150376,1.031892467946382,0.5243504386884477,665
gincdif,values,IS,0.09552146371198976,0.012571303797238956,0.09536247051318261,0.012719953666477362,2.0762463343108504,3.3870967741935485,0.9800020907225712,0.5783749217353471,682
gincdif,values,IT,-0.04170387234676264,0.27926988727301805,-0.0336905457722559,0.3821553750547642,1.8148148148148149,3.33037037037037,0.8507736502351836,0.5730435783960592,675
gincdif,values,LT,-0.0538840836230931,0.1607589989996731,-0.0386301104606762,0.3148344590492177,2.1310751104565537,3.2783505154639174,0.9906154899467147,0.5463633492521951,679
gincdif,values,LV,-0.0004409799843728447,0.9909918388885411,0.015355243244538625,0.6942017183047663,1.9407294832826747,3.303951367781155,0.9433645942897954,0.5338036260440076,658
gincdif,values,ME,0.027164208257445033,0.48402827216176153,0.007806360679607559,0.8406335297346806,2.3633633633633635,3.3618618618618616,1.1158907336395691,0.5670014670139106,666
gincdif,values,NL,0.06331925746125486,0.0994870930013003,0.0743531865151536,0.05297222644804536,2.327433628318584,3.3466076696165192,1.0163433561533994,0.5291323932361484,678
gincdif,values,NO,-0.059009425488671115,0.12284326894040273,-0.03338226653001052,0.38302020295754885,2.28029197080292,3.4014598540145986,0.9644135429782612,0.5415465995753963,685
gincdif,values,PL,0.0489026682883073,0.2109785665533616,0.038342085021114775,0.3268274271951329,2.5945121951219514,3.3003048780487805,1.1066352577720366,0.5326585188910065,656
gincdif,values,PT,-0.0022366779257407365,0.9538838751853947,-0.01191177595717691,0.7580866630449145,1.7377049180327868,3.348733233979136,0.74896552097052,0.5550264525750401,671
gincdif,values,RS,-0.021907456153282396,0.5771690623647924,-0.010922644341023063,0.7810536785750463,1.98,3.3030769230769232,0.9982573413547066,0.5678790944175497,650
gincdif,values,SE,0.0044274813137166425,0.908522771043618,0.008912673634161095,0.8170776686056637,2.2618343195266273,3.353550295857988,0.8816275567412865,0.5395491661116383,676
gincdif,values,SI,-0.03979071840422473,0.3026581512260952,-0.034430817113115596,0.3724912198454429,2.0653789004457654,3.3090638930163445,0.9505037263995256,0.5743976014422065,673
gincdif,values,SK,-0.0343249379480037,0.3718348613452103,-0.034814939173537986,0.3650428618124314,1.9896907216494846,3.313696612665685,0.8298699431205507,0.5594226658170073,679
gincdif,values,UA,0.006168327504047816,0.8756583575597515,0.010691263255679059,0.7862246817560791,2.130030959752322,3.280185758513932,1.1060632047914332,0.5600199023442576,646
freehms,values,AT,-0.0007987328948821248,0.9835236276207558,0.011668099757305598,0.7628858662349107,1.7809239940387482,3.5275707898658717,0.8593609454198969,0.9721801475983247,671
freehms,values,BE,-0.000719926787972678,0.9850936249090558,-0.00466699995065829,0.9035974991866348,1.4807692307692308,3.5828402366863905,0.8439325934114775,1.0316193288335844,676
freehms,values,BG,-0.0031826189050705375,0.9356529634169722,-0.0036848633216364853,0.9255259148013076,2.975232198142415,3.289473684210526,1.2913569061954662,0.893445921158683,646
freehms,values,CH,-0.07335652500427847,0.05697843130157116,-0.04880199007786902,0.20573669994847765,1.6913946587537092,3.620178041543027,0.8083976860141324,0.9772794656543341,674
freehms,values,CY,0.004349722991350398,0.9104553286530644,-0.008002071249030048,0.836088089279447,2.630402384500745,3.436661698956781,1.1732973000322475,0.9627836834941078,671
freehms,values,DE,-0.029989136607730636,0.435623647601015,-0.053008204358206565,0.16799556668073554,1.556047197640118,3.5766961651917404,0.72042393404233,0.9855018436889763,678
freehms,values,EE,-0.008647041982136236,0.8234775843534878,0.010676261047198174,0.7829886212544716,2.2604790419161676,3.559880239520958,1.0495066640764648,0.8952689162550748,668
freehms,values,ES,0.010975146760330156,0.7749626569331093,-0.00880434637998172,0.8186043730863836,1.5315712187958883,3.5976505139500734,0.7855039772205152,0.9638741076130956,681
freehms,values,FI,-0.023583731765247862,0.5389541070965007,-0.05267731716109348,0.16972309581112163,1.6563876651982379,3.6343612334801763,0.846788668733048,0.9984958887780719,681
freehms,values,FR,0.07594840956192679,0.048398152333893524,0.05912798233479788,0.1245809819692205,1.3831360946745561,3.613905325443787,0.7598905881080804,0.9754233952045329,676
freehms,values,GB,0.004733059753370682,0.9023119795891786,-0.005934060239032544,0.8776988217720554,1.602962962962963,3.6844444444444444,0.7544074984386134,1.0101757248391992,675
freehms,values,GR,-0.04089625605362128,0.2865533864261468,-0.06181161763003019,0.10704628508759885,2.183553597650514,3.4669603524229076,1.1669819043746021,0.9358124874466317,681
freehms,values,HR,-0.024506085459331566,0.5337908756663798,-0.029346860935140433,0.4561571624638433,2.55177743431221,3.391035548686244,1.1239136178358524,0.9891579480056538,647
freehms,values,HU,-0.01143289572795307,0.7683729294048124,-0.034149856545680285,0.37891042374327644,2.7462462462462462,3.3528528528528527,1.2542353004503033,0.8775217835306405,666
freehms,values,IE,-0.05844830372333009,0.12784803273981502,-0.06131302908786793,0.11017439974180715,1.6205882352941177,3.6941176470588237,0.8213926934523886,1.009802085180316,680
freehms,values,IL,0.023905319754149654,0.5395270969269595,0.03981060956647384,0.306783020993758,2.779122541603631,3.465960665658094,1.4697721381190711,0.820646562332803,661
freehms,values,IS,-0.0024327251118973167,0.9495108211886556,0.026608140650163918,0.48849688764259946,1.325,3.801470588235294,0.6726018326851106,1.0125854057048655,680
freehms,values,IT,-0.059894457233240724,0.12282747052262089,-0.07664392109053587,0.04819435444276601,2.0646616541353384,3.557894736842105,1.009159519128896,0.9216448861312562,665
freehms,values,LT,-0.04396983061613174,0.256080596111552,-0.035758127766188516,0.3557722553082515,3.008968609865471,3.3497757847533634,1.1529357141615626,0.9774037361421943,669
freehms,values,LV,0.0635094508572652,0.11126863842666818,0.02589782402296231,0.5164365422325378,2.4746031746031747,3.411111111111111,1.2703626979762983,0.8685662602962398,630
freehms,values,ME,-0.09551930783006449,0.01515629742743857,-0.07198028681837391,0.06750183500021431,3.3560371517027865,3.3854489164086687,1.172099061287195,0.8953135692643676,646
freehms,values,NL,-0.017511409969544017,0.6485075325347068,-0.012367004454636612,0.747520109732196,1.4191176470588236,3.8691176470588236,0.6902982969094629,0.9379508503254672,680
freehms,values,NO,-0.031035186931888822,0.41840235251239694,-0.050332596007049514,0.18922902205413972,1.4237536656891496,3.8636363636363638,0.6441139694210047,1.0718108668235686,682
freehms,values,PL,-0.07062315058397868,0.07174788794259072,-0.09732713713652705,0.012976959616314485,2.3102918586789554,3.3978494623655915,1.0836697229938728,0.8717418365612889,651
freehms,values,PT,-0.05957404536161315,0.12427880808016109,-0.0765441835341153,0.048149324598444225,1.8845577211394302,3.604197901049475,0.9365059851660619,1.0086028199762562,667
freehms,values,RS,-0.0555524800777168,0.1571616423048796,-0.05852753649035026,0.13607414134115894,3.1538461538461537,3.287692307692308,1.3418792933524883,0.9047056731901952,650
freehms,values,SE,-0.020244950847259593,0.5981890943002979,-0.05555509423176303,0.14785433852856847,1.3911764705882352,3.748529411764706,0.6443901557198892,1.0283167032281895,680
freehms,values,SI,0.012243358002732355,0.7546473970593341,-0.0039857397602610775,0.9189674760952568,2.359327217125382,3.4908256880733943,1.0431414622297743,1.037907066310739,654
freehms,values,SK,0.08183863302139867,0.03625941319664556,0.06719519734507731,0.08572691861187125,2.8061068702290077,3.3419847328244274,1.2016652388912046,0.9396103524575791,655
freehms,values,UA,-0.014618020730461373,0.7142156072935736,0.000684083474578032,0.9863279105591352,3.003174603174603,3.1523809523809523,1.3858205691612515,0.8087080007513334,630
hmsfmlsh,values,AT,-0.002738281469281752,0.9444495470446672,-0.03190317229005462,0.4167826626624168,4.173846153846154,2.853846153846154,1.0395531994896459,0.8036083728862322,650
hmsfmlsh,values,BE,-0.01193994837573912,0.756131675285089,0.007053345990846648,0.854439368089781,4.496318114874816,2.8630338733431517,0.9713755682144135,0.7429731294752796,679
hmsfmlsh,values,BG,0.010971597304286844,0.7829302050242969,0.013360908910055992,0.7372447527942674,2.796208530805687,2.707740916271722,1.3233007377471104,0.9043950960346023,633
hmsfmlsh,values,CH,0.04574710114731189,0.2416106741085288,0.059987541767534285,0.12452443414873912,4.3363774733637745,2.8554033485540335,0.9061616469854519,0.7338331933481217,657
hmsfmlsh,values,CY,0.04424891601970342,0.25775294958145845,0.04373151732346186,0.2633653239889809,3.216463414634146,2.861280487804878,1.178213290299381,0.7818323792847686,656
hmsfmlsh,values,DE,-0.05373826030350853,0.16345540598386732,-0.071355561915332,0.06410914868384537,4.462908011869437,2.8679525222551927,0.8837081641082895,0.7447166802546442,674
hmsfmlsh,values,EE,0.002208820861963557,0.9546280599367459,0.0310196482920475,0.4241675748351766,3.674174174174174,2.876876876876877,1.2104158210479992,0.7212185843917474,666
hmsfmlsh,values,ES,0.020328972344991123,0.5980284844379153,0.013766985234351582,0.7210687789226244,4.54962962962963,2.7955555555555556,0.8959912431079468,0.8022470913925918,675
hmsfmlsh,values,FI,-0.03363458824374087,0.3808327614201361,-0.015058222800799345,0.6948665798941845,4.4566813509544785,2.8370044052863435,0.8427651440462809,0.7941953836012308,681
hmsfmlsh,values,FR,-0.015611216105314933,0.6846937396398797,-0.02467416045041565,0.5209620162982369,4.630338733431517,2.8527245949926363,0.8555001832591888,0.76931611538895,679
hmsfmlsh,values,GB,0.013613357646862653,0.724053779159202,-0.007167342023464466,0.8525465029689926,4.383703703703704,2.811851851851852,0.9046703259890504,0.8108181613525972,675
hmsfmlsh,values,GR,-0.022604624873755846,0.5645076319366501,-0.015787727923769857,0.6874044155638859,3.411042944785276,2.861963190184049,1.3266965145722303,0.8198541392850706,652
hmsfmlsh,values,HR,-0.035952669244582625,0.36955482725898925,-0.038254200670973085,0.33968388206699973,3.3008,2.7936,1.2112252749454442,0.8168639217560454,625
hmsfmlsh,values,HU,0.006449756090283529,0.8696348178574076,-0.0011647773416720096,0.9763549905590811,3.2184615384615385,2.8076923076923075,1.306012209525854,0.7879695762524356,650
hmsfmlsh,values,IE,-0.06082544292750483,0.11990550395134592,-0.056730464289055135,0.1469760386199176,4.323664122137404,2.867175572519084,1.0400123544511943,0.7454697786226444,655
hmsfmlsh,values,IL,-0.05208486968550978,0.18040770357227282,-0.04732512856430166,0.22362434113725643,3.0799396681749625,2.8974358974358974,1.4793458164651498,0.7364338430400142,663
hmsfmlsh,values,IS,-0.00951533870493794,0.8043829545729664,0.019414227802893688,0.613293832011495,4.754411764705883,2.8426470588235295,0.6258858402189428,0.8106100861532437,680
hmsfmlsh,values,IT,0.05949758681231957,0.12705606381797127,0.045959614702134235,0.2387121695265458,3.8846737481031868,2.836115326251897,1.0498481615904733,0.8161556924626681,659
hmsfmlsh,values,LT,-0.014652906709609384,0.7075305649844373,-0.01426621365931221,0.7149078407274486,3.0775075987841944,2.8434650455927053,1.1619586102639472,0.8060623606258576,658
hmsfmlsh,values,LV,-0.004073011084037368,0.9197073879697887,-0.021806030208244016,0.5893791209426908,3.048780487804878,2.856910569105691,1.3994744158651131,0.7735532151569425,615
hmsfmlsh,values,ME,-0.03926704958771229,0.3297770831564802,-0.02658636218984894,0.5094431397442977,3.0533980582524274,2.8446601941747574,1.1828308926931828,0.798182070032798,618
hmsfmlsh,values,NL,0.033420575349475526,0.3845741057253243,0.013723170744106781,0.7211283195287311,4.5581737849779085,2.833578792341679,0.8702321728429672,0.7644328141420818,679
hmsfmlsh,values,NO,-0.004026139228976254,0.9164762305719639,-0.013040252062228603,0.7340919517273746,4.575624082232012,2.894273127753304,0.7634628537566528,0.7439833817702852,681
hmsfmlsh,values,PL,0.02871896573462805,0.46654828155806416,0.02136954702315236,0.5880056729507257,3.806201550387597,2.931782945736434,1.1996215719284569,0.7424552704309452,645
hmsfmlsh,values,PT,-0.020562401964792545,0.6004937201616836,-0.02144315826118901,0.5849785578488303,3.9523809523809526,2.774193548387097,1.153938946207767,0.8428946933157494,651
hmsfmlsh,values,RS,0.04083998988800582,0.3053175996752528,0.03263995908950958,0.41270100642377694,2.7199367088607596,2.8734177215189876,1.4116499643956977,0.7860444994939266,632
hmsfmlsh,values,SE,0.014609355349140794,0.7043597532043981,-0.016617410915722157,0.6660300284780708,4.589364844903988,2.9054652880354506,0.7786380794073197,0.7437608120980991,677
hmsfmlsh,values,SI,-0.008175521723455486,0.8343237166280528,-0.01154809578855652,0.7676523488580996,3.7336377473363775,2.834094368340944,1.1345372201646011,0.8272385429455639,657
hmsfmlsh,values,SK,-0.0017670343505919585,0.9651181026851614,-0.011736345626776137,0.7714568606799832,3.0276422764227644,2.8292682926829267,1.2363456721366788,0.818229966491493,615
hmsfmlsh,values,UA,-0.027749750975767106,0.49285102636278066,-0.02319637920434095,0.5664955535287393,2.5122349102773245,2.9135399673735725,1.3655173539993546,0.8129041159630527,613
hmsacld,values,AT,0.04883452014322015,0.213019602341838,0.05333001059254511,0.17379860733153188,2.3803680981595092,3.021472392638037,1.220453386868316,0.6875001874073952,652
hmsacld,values,BE,-0.025170092595699113,0.5129287929363924,-0.040739243303009244,0.2894775367370387,1.8657817109144543,3.045722713864307,1.156055366910982,0.6517588926633381,678
hmsacld,values,BG,-0.04512744315142231,0.2524350293922977,-0.0395663050299167,0.31571455546652705,3.7550387596899224,2.8790697674418606,1.2293613728848474,0.7866978729230122,645
hmsacld,values,CH,-0.018454154036633145,0.6342525857089222,-0.04535144225600298,0.24213505890730658,2.530734632683658,3.0659670164917543,1.2828973987738685,0.6565647372237639,667
hmsacld,values,CY,-0.034655319238437066,0.3722514302752925,-0.03843152936662901,0.322390322513303,3.786466165413534,3.0030075187969927,1.2739738343291451,0.6676631439120803,665
hmsacld,values,DE,0.06004402442568295,0.11938850695584594,0.05963889019338464,0.12190696622540444,1.9821958456973294,3.035608308605341,1.083296349529511,0.6950743710338916,674
hmsacld,values,EE,-0.023860883580569345,0.5405891472309985,-0.03354893965495565,0.3895155130429492,3.0984848484848486,2.9909090909090907,1.359839366600603,0.5803372136577809,660
hmsacld,values,ES,0.0005192257914632411,0.9892648945955534,-0.007304949693618598,0.8498592397899318,1.7507418397626113,3.0192878338278932,1.050100560584768,0.6550175050236638,674
hmsacld,values,FI,0.011350773371366682,0.7684792794990775,0.015418654569919057,0.6892524878490036,2.1822222222222223,3.0325925925925925,1.1938185664225172,0.5464791038313153,675
hmsacld,values,FR,0.02818899542972077,0.46501393861376367,0.02975848216311509,0.44052207028213236,2.1379821958456975,2.9910979228486645,1.3376298347150037,0.6631307029375452,674
hmsacld,values,GB,0.014442857863198943,0.711534500845257,0.01530807695092535,0.6950939392709651,1.993920972644377,3.059270516717325,1.0726825815150587,0.6127618563642431,658
hmsacld,values,GR,0.04427580099531497,0.252783595643221,0.05588589273440275,0.14876261725404671,3.8565022421524664,3.0029895366218238,1.2550641222535281,0.6812216273570421,669
hmsacld,values,HR,-0.0024693835994113165,0.9496272841885484,0.0007169471856828566,0.9853661762551532,3.5418569254185694,2.9923896499238967,1.253713346952854,0.6355355292327116,657
hmsacld,values,HU,0.02628636869436041,0.4982699438574886,0.023599590179696747,0.5432042816594502,3.364864864864865,2.960960960960961,1.2459485246477628,0.6192221472513673,666
hmsacld,values,IE,-0.024600734619854205,0.5306252499162446,-0.0387475386211106,0.3232195535109617,2.067484662576687,3.0076687116564416,1.1540556115729916,0.6134208885801147,652
hmsacld,values,IL,0.050892834936098245,0.19262734000444137,0.06544123508709547,0.09373953398592055,3.024353120243531,3.006088280060883,1.4772720977280276,0.6874037037657335,657
hmsacld,values,IS,0.0039490595528391525,0.9181297887142563,0.013076028311582702,0.733579174221655,1.598529411764706,3.039705882352941,1.0221396955932487,0.671235140914372,680
hmsacld,values,IT,-0.02707332698485538,0.49046669673641113,-0.043770220554965884,0.26477657373784186,3.130568356374808,2.9923195084485408,1.2769565318233709,0.6384616096431058,651
hmsacld,values,LT,-0.04153569792724656,0.2837330157682584,-0.03743793207149212,0.3339761740006661,3.910179640718563,2.9715568862275448,1.030720609659612,0.6200783198081812,668
hmsacld,values,LV,0.007990957957589933,0.8410934070058788,0.00823833142663362,0.8362426375169312,3.7515822784810124,2.962025316455696,1.3009800144406067,0.6155520213261387,632
hmsacld,values,ME,0.045403731953031955,0.24843701130818835,0.042671368669941465,0.2780844332479941,3.6635802469135803,2.890432098765432,1.1303461287038024,0.726215528501492,648
hmsacld,values,NL,0.024565260020211158,0.524653046382425,5.264422651256329e-05,0.9989123475865833,1.8068350668647846,3.1069836552748886,1.0457457457340509,0.63186371253661,673
hmsacld,values,NO,-0.032723876864216406,0.39421823353877417,-0.04225790443727749,0.2711511082206809,1.9147058823529413,3.0926470588235295,1.0779985690343763,0.6941404611565344,680
hmsacld,values,PL,0.038379724197548315,0.3297063558897238,0.048835266866912634,0.214782543165566,3.661514683153014,2.992272024729521,1.312521098524514,0.6547768746751536,647
hmsacld,values,PT,-0.014538281801601296,0.7088704749780923,-0.017647251530499255,0.6503833496295341,2.56797583081571,3.012084592145015,1.2666089237919849,0.6197741563958742,662
hmsacld,values,RS,0.004689445971504728,0.9055275788200836,0.0034592246863236727,0.930236978874657,4.059097978227061,2.9035769828926905,1.153184860358917,0.7673453987382178,643
hmsacld,values,SE,0.033216386998685475,0.38783787121217567,0.008687313143955742,0.8213640659215433,1.817109144542773,3.140117994100295,0.9793446803046012,0.6073026672355564,678
hmsacld,values,SI,-0.0042492743191217975,0.9135639360365368,0.006072163876679194,0.8767351585969853,3.1557251908396946,3.003053435114504,1.2993270609106102,0.6401379499761358,655
hmsacld,values,SK,0.018156820993344345,0.6448091026058551,0.021184448778460173,0.5906667040327938,3.9335394126738796,2.9428129829984546,1.1592555225136054,0.6281380421173516,647
hmsacld,values,UA,-0.018239562687466012,0.6516697380478629,-0.0001715818349891331,0.9966118456523133,3.6260162601626016,2.9414634146341463,1.3089417735370894,0.645572092986053,615
euftf,values,AT,-0.008637645810476342,0.8281575195940817,-0.029236912014946714,0.4624180709875261,4.613564668769716,6.720820189274448,3.014531248381763,1.2376308544610644,634
euftf,values,BE,0.06589952512769706,0.09551468916348657,0.04574665483110385,0.24745311111411622,5.904836193447738,6.826833073322933,2.3845842823620194,1.237296997957421,641
euftf,values,BG,-0.04159410334760795,0.3123388810571669,-0.016626264774194842,0.6864279068439937,5.621621621621622,6.680743243243243,2.6097705402642597,1.1926597790300588,592
euftf,values,CH,-0.058919508635692085,0.1371201778813579,-0.04039271460261055,0.3083544700409612,5.04858934169279,6.952978056426332,2.419016020879973,1.1294469699443475,638
euftf,values,CY,-0.01603126067148463,0.6886800491536261,0.009984645792755382,0.8029566090886441,5.905901116427432,6.777511961722488,2.983299673563334,1.2734778664955795,627
euftf,values,DE,-0.06770966298146743,0.08241043775234476,-0.06898031990154073,0.07680382528682081,6.156297420333839,6.8786039453717756,2.6586160229727267,1.0257240867664463,659
euftf,values,EE,-0.026864044900358965,0.4954973221164659,-0.019989336157093935,0.6120662233620785,5.7631578947368425,6.798761609907121,2.917140778625094,1.0839484307135632,646
euftf,values,ES,0.06763176186353564,0.09115353114059531,0.07076374628423064,0.0770995668904081,6.2464,6.9376,2.3554541181190736,1.0020543001817919,625
euftf,values,FI,-0.062264384170784996,0.10974629560769666,-0.06040480642778074,0.12078662948227517,5.573373676248109,6.841149773071105,2.0975062309662813,1.053364541759912,661
euftf,values,FR,0.0025217665052806523,0.9501952623328914,0.013709246520724729,0.734173284740905,5.25487012987013,6.836038961038961,2.7107090812080377,1.1279450593961369,616
euftf,values,GB,0.09077039831013324,0.034794565357092896,0.11253815497302076,0.008797015492531481,5.22365988909427,6.7680221811460255,2.588413339759261,1.1394741995143802,541
euftf,values,GR,0.01571636259562925,0.6963499881700637,0.010277701014938027,0.7985716298431018,5.132471728594507,6.893376413570275,2.3202838928577463,1.0979259965980799,619
euftf,values,HR,-0.0033668446188697744,0.9335387393359286,0.01600251329337011,0.6918168890555252,5.37987012987013,6.788961038961039,2.783549348399673,1.1480382242474454,616
euftf,values,HU,0.05256407684845762,0.18727336922098275,0.016080368042672336,0.6868309749098533,4.489698890649763,6.7781299524564185,2.79048355677252,1.0990170163073782,631
euftf,values,IE,0.09822437423566038,0.01654302524406913,0.07765096756639685,0.058359655526673916,5.2403361344537815,6.828571428571428,2.561247043689841,1.087512750584554,595
euftf,values,IL,0.07055135310621988,0.12586548858416974,0.050836820640750506,0.2703561506037363,4.88135593220339,6.88135593220339,2.4500773124433994,1.0975323916633608,472
euftf,values,IS,-0.03506562459068097,0.3868972972384975,-0.05118547396918913,0.2064234905195956,5.808510638297872,6.970540098199673,2.3873284831296364,1.0662249337991831,611
euftf,values,IT,0.01156167765805024,0.7710432423476699,0.004506360528858558,0.9096951259622387,4.75,6.930817610062893,2.715731365653404,1.0031101044462434,636
euftf,values,LT,-0.014648130523184382,0.7143080283086204,-0.03620131607702919,0.36548254562063337,6.097288676236045,6.821371610845295,2.7912074953947092,1.0589596591786905,627
euftf,values,LV,-0.05534521388736704,0.1893629295907522,-0.07735972590825549,0.06637723061196214,4.76418439716312,6.574468085106383,2.6506598008404705,1.2300791613579118,564
euftf,values,ME,0.027698540743083266,0.47982489214236584,0.01274724006729757,0.7450824119368032,6.071975497702909,6.8728943338437976,2.5063163005039333,1.0599009023803208,653
euftf,values,NL,0.07527447060969601,0.05584745291117718,0.054999484642509894,0.16264052018070857,5.6191950464396285,6.826625386996904,2.318888393617283,1.1577725495544398,646
euftf,values,NO,-0.06556066054295019,0.10545174723147091,-0.06169985710141986,0.12764584745217195,5.1931260229132565,6.86088379705401,2.106668230081133,1.0751859334053677,611
euftf,values,PL,0.05652850162861432,0.15610364117129708,0.05471819988869294,0.16981180946268876,5.678288431061807,6.762282091917591,2.7242859998059976,1.0692990685844708,631
euftf,values,PT,0.03771747166229438,0.36125371374809123,-0.0045783897815458285,0.9117873245309251,6.2482993197278915,6.721938775510204,2.2545612669668578,1.3842549701844202,588
euftf,values,RS,-0.0324741977966132,0.42991446665396577,-0.02736348759339833,0.506010175738805,4.760539629005059,6.679595278246206,3.5522158642383324,1.1933961750056885,593
euftf,values,SE,-0.0001297866602033218,0.997408030044475,-0.03466148450626955,0.38548343077322983,5.174880763116057,6.874403815580286,2.0913695555605494,1.081899354131194,629
euftf,values,SI,-0.02773635391378558,0.4916467808976786,-0.018989513821866796,0.6378009296460054,5.680713128038898,6.771474878444084,2.5058698901194463,1.1682890405380253,617
euftf,values,SK,0.06474842145786154,0.10528316577464207,0.06471863231628269,0.10544374173155253,4.192982456140351,6.700159489633174,3.0290523836906815,1.1344376828682834,627
euftf,values,UA,-0.04153691194782323,0.31924184153351676,-0.01875472592933764,0.6530229883762859,6.37261698440208,6.4176776429809355,3.3346058374104106,1.2885309303255184,577
atchctr,attachment,AT,0.013802774857025213,0.7203739893371504,0.04009702470609292,0.2982289647054373,8.362962962962962,7.135555555555555,1.8521276857985773,1.0614269178230442,675
atchctr,attachment,BE,0.030522144213938264,0.42819061792084206,0.008143593388455226,0.8326180083938911,6.338757396449704,7.191272189349113,2.413365425266372,1.0759722603591872,676
atchctr,attachment,BG,0.03874331931099551,0.3148522063586241,0.010294406546052572,0.7894938847472369,7.998518518518519,7.173333333333333,2.355307951577326,1.0759165577167866,675
atchctr,attachment,CH,-0.022480699879675763,0.5598550125822827,0.007743994772420237,0.8408354168993122,7.808888888888889,7.376,1.8199140206427735,1.0007498672175306,675
atchctr,attachment,CY,-0.02478389783960499,0.5188007858082148,-0.024301309761411587,0.526976481192668,8.251470588235295,7.408823529411765,2.1138433296033643,1.0937949629376433,680
atchctr,attachment,DE,0.016124283229380677,0.6760488310392145,0.06128209021883545,0.11194380226138508,7.140949554896142,7.115430267062314,2.257432759381237,1.250533036555381,674
atchctr,attachment,EE,0.0988451992439539,0.010237632461096765,0.08291938028804509,0.03136395863847028,7.859050445103858,7.38813056379822,2.1626334286314624,0.9534835205383291,674
atchctr,attachment,ES,0.03321752294004568,0.3885250875885687,0.013248963173489661,0.7309586274822971,7.71301775147929,7.333579881656805,2.3286700842253074,1.0096040563738364,676
atchctr,attachment,FI,0.020480730851149744,0.5939328925090661,0.022932960846591185,0.5505095575550405,8.641176470588235,7.341617647058824,1.5571806491586588,1.0554105083201093,680
atchctr,attachment,FR,0.027155889122294694,0.4808871400798638,0.017218848961800405,0.6549511123473816,8.137573964497042,7.388313609467455,1.7205535807264993,1.026910272336061,676
atchctr,attachment,GB,0.07101959621582413,0.06824725592228015,0.09295990603234616,0.01690208790627216,6.616666666666666,7.1454545454545455,2.6977247387023713,1.1151708454863347,660
atchctr,attachment,GR,0.024216770894576797,0.5299409523921598,-0.03078130610354193,0.4246217173800203,8.765925925925925,7.416296296296296,1.6090509469853664,1.0194843206399853,675
atchctr,attachment,HR,0.008072801870369292,0.8345382141263578,-0.010756173763571129,0.7807660808931187,7.819940476190476,7.367410714285714,2.2888353391116603,1.0289087404571198,672
atchctr,attachment,HU,0.002948999565635311,0.9391314072643596,-0.0035415661025201797,0.9269318961437472,8.191679049034175,7.215453194650817,1.9342901224453302,1.0973854796903255,673
atchctr,attachment,IE,-0.013449285502187927,0.7272463470818381,-0.009185438141855736,0.8117202403291883,8.05037037037037,7.212592592592593,1.9497726442090486,1.1162031359021833,675
atchctr,attachment,IL,0.05501880503258693,0.16022559814659668,0.04071810142908663,0.2988316115853453,7.531393568147013,7.559724349157734,2.986833692889005,0.851893191538496,653
atchctr,attachment,IS,0.025359292296762325,0.5103921346514297,0.03862193125378557,0.3160124200224846,8.118343195266272,7.632396449704142,1.7724360906322827,0.8704196669818866,676
atchctr,attachment,IT,0.05520359436154292,0.1516491614487674,0.06545861501077113,0.08901841316812431,7.841715976331361,7.399408284023669,2.145128368589993,0.9787821331472649,676
atchctr,attachment,LT,0.03389919601799995,0.3802782296748431,0.02652227176141589,0.49247564770054436,7.7648809523809526,7.252976190476191,2.3338534908931376,1.1014108603004833,672
atchctr,attachment,LV,0.016223971796451925,0.6757661923479138,0.04734011531265148,0.22208092882969482,8.182908545727136,7.248125937031484,2.2613361929420055,1.1757593913204403,667
atchctr,attachment,ME,-0.02057186731802118,0.5931122566792985,-0.0523237830533873,0.17388057323383604,7.460856720827179,7.435745937961595,2.5056777842401834,0.8452398457807452,677
atchctr,attachment,NL,0.010645365111246042,0.7815507484863673,-0.0004340471219799765,0.9909792489939835,7.011747430249633,7.283994126284875,1.9523387259439875,1.0845814698174272,681
atchctr,attachment,NO,0.03741895710544764,0.3302583001016414,0.04881643592093358,0.20392284573833566,8.413843888070693,7.427098674521355,1.6996919152780472,0.938870048582382,679
atchctr,attachment,PL,0.03873250542489424,0.3164309097878592,0.07090705047379921,0.06641105668264449,8.314456035767511,7.271684053651267,2.0518101860265174,0.966731681908189,671
atchctr,attachment,PT,-0.0033023522334945047,0.9316018404432692,0.007909853311945577,0.8371163766815444,8.374631268436579,7.432890855457227,1.9456589781883382,1.1389417812073492,678
atchctr,attachment,RS,-0.07940155143259428,0.03888415428087952,-0.07930718044733118,0.03911755339078298,8.023633677991137,7.234859675036928,2.7249726835263335,0.9418423589414228,677
atchctr,attachment,SE,-0.04659762645758373,0.22698743151421996,0.008101310196389098,0.8337181755744624,7.836795252225519,7.259643916913946,2.1538339559662933,1.0354506125763716,674
atchctr,attachment,SI,0.011211989342431387,0.7709004171081715,0.04696005484063318,0.22235894027220177,7.8124076809453475,7.237075332348597,2.2522755670654706,1.0607992194386329,677
atchctr,attachment,SK,-0.01318422268545903,0.7333725706983405,-0.029426480939179114,0.44699880600209135,7.54179104477612,7.209701492537313,2.405875298159357,0.9953456260236471,670
atchctr,attachment,UA,-0.006280111735257867,0.8714886817034312,0.008338291954653833,0.829934476101757,8.38888888888889,7.509009009009009,2.2270644820446104,1.2722875886329286,666
atcherp,attachment,AT,0.00462372537044318,0.9040646385614497,0.01756734999981409,0.6469758666955988,6.472140762463343,7.35117302052786,2.456066442659662,1.0244041723587078,682
atcherp,attachment,BE,0.05560795947293803,0.15110319552199292,0.046041245838715245,0.23468781616382411,5.803892215568863,7.286826347305389,2.4449899452642048,0.9259899454610097,668
atcherp,attachment,BG,0.047158928474904535,0.22420616384902167,0.03473447186578064,0.3707989146325403,4.576576576576577,7.146846846846847,2.7531511937470796,1.1096828635749256,666
atcherp,attachment,CH,0.0023367445605252985,0.9517512123787307,0.02215024020240885,0.566218811771334,6.101040118870728,7.497176820208025,2.2884054517897257,0.860444095572022,673
atcherp,attachment,CY,-0.05196184836618936,0.17947003577097145,-0.04703455375097198,0.22438601115167486,5.218236173393124,7.410313901345291,2.6361539527693565,1.0371965569387631,669
atcherp,attachment,DE,-0.0326776827879781,0.39733936171681816,0.011149663277087002,0.7727967584774972,6.5453194650817235,7.299851411589897,2.4136478753009833,1.0328891987702498,673
atcherp,attachment,EE,0.029432398477911195,0.44861443754978914,0.03345803763095359,0.3890066212309796,5.747368421052632,7.418796992481203,2.642207768072738,0.984912568434793,665
atcherp,attachment,ES,0.020648977756056956,0.592828257898962,0.014680389643484008,0.7038305353935096,6.670133729569094,7.407132243684993,2.2889387512753134,0.9566074769340137,673
atcherp,attachment,FI,-0.05871885084156733,0.12525458886611018,-0.03682500657538113,0.3365734132165062,6.898975109809664,7.341874084919473,1.918435519502304,1.0206248453918982,683
atcherp,attachment,FR,-0.024713315010139746,0.5234002329500003,-0.02152335747419577,0.5783983949385644,6.146487294469357,7.36068759342302,2.4761268060811057,1.009057842792145,669
atcherp,attachment,GB,0.026237305274383386,0.5036354667886814,0.021997013480544506,0.5750237571093856,4.697852760736196,6.923312883435583,2.753988029636476,1.2413545226707454,652
atcherp,attachment,GR,-0.010849767923892584,0.7800366649802727,-0.010394780162231122,0.7890385654601237,5.206015037593985,7.348872180451128,2.4312151567328932,0.9589163485189075,665
atcherp,attachment,HR,0.04363654355176474,0.2618614626361483,0.04228204694280229,0.276973531130928,6.012066365007541,7.411010558069382,2.7055675697980845,0.9815131229190861,663
atcherp,attachment,HU,0.010110507025687533,0.7933187384282033,-0.004648939476387574,0.9041107557401252,7.250741839762611,7.20919881305638,2.3518904631148363,1.071377560529026,674
atcherp,attachment,IE,0.043474546835417203,0.258990637330513,0.024917997817182964,0.517781219932641,5.937869822485207,7.189349112426036,2.3991944736281736,1.1924225659210455,676
atcherp,attachment,IL,0.0028868256497305944,0.9417128138402083,-0.02678182377081247,0.49748779520057124,2.4549689440993787,6.819875776397516,2.3614629264504274,1.3177845528096819,644
atcherp,attachment,IS,-0.020025615793727466,0.6045827152568921,0.027794179558114675,0.4722840773473764,6.3040238450074515,7.365871833084948,2.1806404425601835,1.0813400096105503,671
atcherp,attachment,IT,0.000578497921849323,0.9881020165956033,-0.029642762078105126,0.4446907788873573,5.7631184407796106,7.429535232383808,2.286063244011501,0.9838700290776092,667
atcherp,attachment,LT,-0.031922651104028255,0.41434714817431073,-0.026792017673195945,0.4933283166904157,5.899390243902439,7.320884146341464,2.7147771353843093,1.1595628863157,656
atcherp,attachment,LV,-0.008284303597291837,0.8329115109139082,-0.015436592538023066,0.6942260167408861,5.278033794162827,7.2304147465437785,2.8084147960279133,1.1707576692161186,651
atcherp,attachment,ME,0.057828191917120866,0.13454378375060919,0.05258350551333123,0.17366942646268527,4.879284649776453,7.3248882265275705,2.4049768226244996,0.9155981379265749,671
atcherp,attachment,NL,0.05656802567467406,0.14147682100942366,0.008753049244980993,0.8201663427196414,5.809453471196455,7.4364844903988185,2.156735526859303,0.8585360054267532,677
atcherp,attachment,NO,0.008472059445599736,0.8259725304500943,0.027349169009672485,0.4777691260168757,6.664201183431953,7.378698224852071,2.133601951365969,0.9805918503358022,676
atcherp,attachment,PL,-0.019158976979452534,0.6237325224619544,-0.021114021223913676,0.5887577945131132,6.87082066869301,7.303647416413374,2.3641216481354137,1.0077864634241198,658
atcherp,attachment,PT,-0.021129060247337936,0.5845373259072997,-0.015465125501663061,0.689024355931907,6.755952380952381,7.449404761904762,2.201468210283426,0.9707186652840218,672
atcherp,attachment,RS,-0.006909437707304336,0.8594789180694777,0.03298275931523161,0.3979306207492854,3.5402124430955992,7.072078907435508,3.0571268993634364,1.090736242175512,659
atcherp,attachment,SE,0.02285931283687292,0.5526726232209407,0.06594346248456787,0.08643813454703157,6.610044313146234,7.3840472673559825,2.210468536731431,1.0067433218580033,677
atcherp,attachment,SI,0.05262337568596455,0.1730217480481032,0.013753559492518129,0.7219258794871061,6.011904761904762,7.383630952380953,2.665646316749121,0.9480075116476521,672
atcherp,attachment,SK,0.020001513916021844,0.603670880879922,0.023878842831142076,0.5353965201841423,5.980769230769231,7.164201183431953,2.8097054017182024,1.1107379386489655,676
atcherp,attachment,UA,0.0012670457090459112,0.9744989636114095,-0.011124728799675942,0.7789604727791178,5.611893583724569,6.838810641627543,3.141827635545773,1.5848011930377819,639
health,health,AT,-0.0400947923787822,0.29611044313116613,-0.06728271766828749,0.07933267256852444,2.104258443465492,3.7265868415602994,0.932736053164804,0.518354102018691,681
health,health,BE,-0.06130503297208315,0.11048391407076055,-0.04765698540918361,0.21488489712845849,2.0957290132547866,3.7478645066273937,0.8455833668495867,0.5466030840262209,679
health,health,BG,-0.10781740678689608,0.005044712195703555,-0.13451929204616928,0.0004576788038961095,2.0533333333333332,3.69437037037037,0.881797462900997,0.5414750808816026,675
health,health,CH,-0.1011499629928287,0.008205825732910886,-0.09496960526182271,0.013093936857259852,1.8782991202346042,3.798705722567648,0.7419651121018543,0.4815043492193367,682
health,health,CY,-0.09306023031082344,0.015277767935386249,-0.10522624052974472,0.00606000045553655,2.0382916053019144,3.7435935198821793,0.9798895385507917,0.521357474523126,679
health,health,DE,-0.021044420442727106,0.5835363632148026,-0.039711079190730775,0.30076053601018105,2.311306901615272,3.7743999013866874,0.8845096155976206,0.5350796932450483,681
health,health,EE,-0.054791109749102174,0.15412461046696505,-0.054647149420720215,0.15521133165293868,2.368731563421829,3.7322271386430677,0.7912157214003352,0.5930958471697956,678
health,health,ES,-0.09767731403779716,0.010644453292812514,-0.09513441712738412,0.012869584658567709,2.285505124450952,3.7635431918008786,0.9575494908705086,0.5218990608632799,683
health,health,FI,-0.062220689693509634,0.10372140920566326,-0.06805105033647499,0.07509605177813558,2.2554744525547443,3.783533188625854,0.8274281746561418,0.5202093887195599,685
health,health,FR,-0.036865744949991015,0.33889541579750515,-0.06998427814216734,0.06920129698502839,2.2,3.7958518518518516,0.9000494546254185,0.491414999827204,675
health,health,GB,-0.0027453717655012266,0.9429067133904644,-0.035439170685057274,0.3550851259288237,2.2371888726207905,3.733967789165447,0.9683975658305315,0.4979016781176559,683
health,health,GR,-0.059657169096264125,0.12179245238311419,-0.08040136200157924,0.036902092469350285,1.6646884272997033,3.732566765578635,0.805091140973798,0.5472715784035423,674
health,health,HR,-0.06457971884991676,0.09195512218108223,-0.08809797486742747,0.021394744351533292,2.129032258064516,3.7377565982404692,1.0706641970041006,0.6131815248129746,682
health,health,HU,-0.15928201721127241,3.1789023985711316e-05,-0.15907388250006507,3.25643328092472e-05,2.2071005917159763,3.715902366863905,0.9576250848842931,0.5019097595683363,676
health,health,IE,-0.09426164513150444,0.014145486359669836,-0.06775410617248952,0.07812401594803899,1.9394387001477105,3.8297687327917287,0.8395872706682316,0.4529581575668387,677
health,health,IL,-0.15543294162587945,5.3371548095124484e-05,-0.1511114109009015,8.612347401040517e-05,1.7432835820895523,3.8359701492537317,0.9886083408501618,0.4242519476698038,670
health,health,IS,0.0011372860826508041,0.9764017088294982,-0.010370398813073806,0.7873623192338735,2.01620029455081,3.8488217967599407,0.9029791701096046,0.5212930053245552,679
health,health,IT,-0.14968977246862922,8.915802016214194e-05,-0.18602155036587892,1.0362814573959258e-06,2.1735294117647057,3.764342887285294,0.8577151631213327,0.5551019023568705,680
health,health,LT,-0.12341536799587317,0.0013037172036815528,-0.13112020112404188,0.0006318020448613488,2.3979289940828403,3.699858792092227,0.8109958218750812,0.5610235994480138,676
health,health,LV,-0.0635011766038966,0.1013005391728167,-0.06500268776227655,0.09346288648390204,2.793103448275862,3.6811094452773614,0.8341871984603807,0.547259043759643,667
health,health,ME,-0.048417112868944866,0.20731584416740192,-0.04998459440570789,0.19296611283166032,2.1029411764705883,3.7474450046375,0.872416546048353,0.5561808031960022,680
health,health,NL,-0.029554704716403094,0.44062142784719505,-0.030394937546793396,0.4277325573573889,2.1361639824304537,3.7705059378558645,0.7349035383007698,0.4861624660076951,683
health,health,NO,0.05045866228949758,0.1881217712207859,0.02330122473036938,0.543531925364917,2.0117302052785924,3.836005038243813,0.8953347501181449,0.49769409928268515,682
health,health,PL,-0.07163356963316551,0.06249053325758901,-0.09545924821793642,0.012960156966521478,2.202363367799114,3.7184638109305763,0.818857100237129,0.5479982431559643,677
health,health,PT,-0.10896692281059545,0.004415338887709539,-0.1252228887919942,0.001057710124132136,2.469897209985316,3.7281938325991186,0.8974087638410241,0.5236729424067716,681
health,health,RS,-0.11774110537761777,0.0021185008447479384,-0.11566717977805593,0.002539486223455117,2.385861561119293,3.703985799550422,1.0268549450392406,0.5651327239976227,679
health,health,SE,-0.047765767661567066,0.2141775952623112,-0.0738415246811962,0.05463169116820916,2.084070796460177,3.7970584648249868,0.8457103196478638,0.5169636961640732,678
health,health,SI,-0.12578777214474346,0.0010119827985045874,-0.11325788120932932,0.0031015314947008188,2.179411764705882,3.7393429611259443,0.8984619198183064,0.5447117682018555,680
health,health,SK,-0.11162214823429487,0.0035625082381904056,-0.13370662706873945,0.0004724013335039016,2.3941176470588235,3.6960410216718267,0.8804675342806744,0.5333130514306004,680
health,health,UA,-0.05527549871291545,0.15111593331784082,-0.053187667625819,0.1671873815572044,2.75,3.5856508875739648,0.857861250975894,0.5381529640862035,676
rlgatnd,religion,AT,0.03586247480335472,0.3507841378198769,0.06593026628827,0.08603599056238022,5.412371134020619,3.2533136966126657,1.294722714060493,0.7646601074434124,679
rlgatnd,religion,BE,-0.049946366557291795,0.19330718330369634,-0.04361344049867808,0.2560622790011594,6.169117647058823,3.3441176470588236,1.3324716923376094,0.6987011625601739,680
rlgatnd,religion,BG,0.03404846391242963,0.3757013971013592,0.04744371885747849,0.21694653253676363,5.303387334315169,3.260677466863034,1.2594786398133668,0.7670001407287612,679
rlgatnd,religion,CH,0.06539841731068931,0.08836818090991673,0.0709759044729033,0.06434911396549761,5.716176470588235,3.3088235294117645,1.3228601020210675,0.7252515269575381,680
rlgatnd,religion,CY,0.054373026851892645,0.15607306051087444,0.044537282154844086,0.2454224768541554,4.319648093841642,3.3181818181818183,1.3881799721786396,0.712747929869909,682
rlgatnd,religion,DE,0.03227494187883832,0.3997004151892464,-0.0021427899398862972,0.9554232741655034,6.051244509516837,3.212298682284041,1.2224719213483826,0.8015899624139737,683
rlgatnd,religion,EE,0.0028371586824369357,0.9411746516943789,0.013754412560253901,0.7205199868990484,6.004418262150221,3.153166421207658,1.0869205947864897,0.7368019592335437,679
rlgatnd,religion,ES,0.01463353124774713,0.7032669542840451,0.00541250242363391,0.8879630378141481,5.8426470588235295,3.3073529411764704,1.5197100894433748,0.7871980429990275,680
rlgatnd,religion,FI,0.03757529379531862,0.3268145134154157,0.08592558832781504,0.02472684437662683,5.849194729136164,3.2298682284040994,1.148419197262393,0.770526239931583,683
rlgatnd,religion,FR,0.05259151775166885,0.1710515997435137,0.06664346371989817,0.08268759559148643,6.163475699558174,3.2945508100147274,1.2626085030912133,0.7175526231276055,679
rlgatnd,religion,GB,0.0043382900818418595,0.9100270126352064,0.04968990860102469,0.19527723227960136,5.904552129221733,3.328928046989721,1.5362271816136273,0.7458908190431075,681
rlgatnd,religion,GR,0.030978572623312255,0.42028076134595016,0.03709237174052315,0.3344994766825954,4.539027982326951,3.3269513991163477,1.1990137038615083,0.7280887711649021,679
rlgatnd,religion,HR,0.021527471957751947,0.5752066783736755,0.015468346564794587,0.6872078473780037,4.9676470588235295,3.3117647058823527,1.4242214808969094,0.7137466561600057,680
rlgatnd,religion,HU,0.00525480301918011,0.8916866254390351,0.0355345833622056,0.35699301636181274,5.560830860534125,3.2091988130563798,1.4433358333948192,0.768533238913635,674
rlgatnd,religion,IE,0.031139036051443497,0.4178764602649607,0.017670811711115744,0.6457696626615109,4.885125184094257,3.3269513991163477,1.6478464377896131,0.6755493660807116,679
rlgatnd,religion,IL,-0.0001472206712061804,0.9969380183720371,-0.022838606134417107,0.5515649429705111,5.134897360703812,3.3167155425219943,1.9821484668197247,0.6935717455667658,682
rlgatnd,religion,IS,-0.041186296132520055,0.2835016407520019,-0.052108645238680425,0.17470196490884743,6.104411764705882,3.208823529411765,1.1650195879103702,0.8233941919407982,680
rlgatnd,religion,IT,0.08093357464521206,0.035121724780910864,0.058594664632445864,0.12745682829118102,4.6932153392330385,3.2640117994100293,1.6206700250890875,0.7760654161481609,678
rlgatnd,religion,LT,-0.004876027410637883,0.8991536338298467,-0.005455067330859082,0.8872534956914451,5.123893805309734,3.2359882005899707,1.1855810985096098,0.7213169966176177,678
rlgatnd,religion,LV,-0.003034001119303638,0.9371015134134728,0.010097049023036427,0.7928380301139266,5.793814432989691,3.287187039764359,1.226029168917371,0.7112647417179735,679
rlgatnd,religion,ME,-0.0036178229267509604,0.9254186516348247,-0.019949394827983056,0.6056895792860403,4.244047619047619,3.3764880952380953,1.6800646634689231,0.6728152388365423,672
rlgatnd,religion,NL,-0.01095521806640047,0.7750383857300909,-0.010237157401129755,0.7894248396702286,6.1654465592972185,3.3572474377745243,1.4562558641717551,0.6772720263151697,683
rlgatnd,religion,NO,0.06555171917481353,0.0876229395335879,0.0487836134378092,0.20389337639836705,6.075,3.2470588235294118,1.1848174296822864,0.7660834325941441,680
rlgatnd,religion,PL,-0.018429294947229048,0.6336920522820089,0.016870940540674104,0.6626658975454922,4.38301043219076,3.3040238450074515,1.4845303387794666,0.7165205474743589,671
rlgatnd,religion,PT,0.05125970942650897,0.1808765707874865,0.060082319424892394,0.11670649640414729,5.265007320644217,3.276720351390922,1.6721952816772423,0.7854055992965214,683
rlgatnd,religion,RS,0.04198238698664715,0.2742908139135658,0.06250110499471725,0.10343518296760285,5.08235294117647,3.2926470588235293,1.1812154166457225,0.7309316137623463,680
rlgatnd,religion,SE,0.06879225771907221,0.07280855389103495,0.03358781403980333,0.381495817051876,6.04992657856094,3.2834067547723937,1.165876655977941,0.7767792633773957,681
rlgatnd,religion,SI,0.010159968018008201,0.7911257867809879,-0.013779648975593277,0.7194348128150755,5.429618768328446,3.2609970674486806,1.392829181574387,0.7811495369712065,682
rlgatnd,religion,SK,-0.05406160154555132,0.161244969080896,-0.03697535979840271,0.33817966980726094,4.716196136701337,3.322436849925706,1.6756277528839907,0.6803264311532933,673
rlgatnd,religion,UA,0.026910040322690038,0.4858432902786193,0.011151908636798788,0.7727522583502447,4.952451708766716,3.1872213967310548,1.4640932787868715,0.7928344494933374,673
aesfdrk,safety,AT,-0.004285935425152185,0.9111735478420232,-0.01902655153270967,0.6203998182803242,1.7735294117647058,2.825,0.7412956152028329,0.4403690379028097,680
aesfdrk,safety,BE,-0.033666890688240664,0.38002444407396924,-0.022091078310562492,0.564666973531358,1.969208211143695,2.8621700879765397,0.7532147182559451,0.39923566524303417,682
aesfdrk,safety,BG,-0.016470003911577106,0.6697409888187095,-0.02629669614938219,0.4958430741586073,2.4680534918276376,2.736998514115899,0.8570116529691078,0.5434248987058866,673
aesfdrk,safety,CH,0.07124343500877739,0.06257258877957309,0.06265603810932593,0.10157201818430177,1.641812865497076,2.931286549707602,0.6836772418903135,0.30556207440099004,684
aesfdrk,safety,CY,-0.011427569179475489,0.7661183872974692,-0.014328544111681812,0.7091674681565917,2.213235294117647,2.847058823529412,0.8068930597950521,0.450975244393804,680
aesfdrk,safety,DE,0.015200868494206966,0.6916928213812827,-0.0018660626763523551,0.9611751937874832,1.9121522693997073,2.8455344070278183,0.7627019574514461,0.40876374655861736,683
aesfdrk,safety,EE,0.01342889171936486,0.7262863761955639,0.001218921132203997,0.9746523590005117,1.752199413489736,2.8570381231671553,0.6356072874862875,0.4024725654567911,682
aesfdrk,safety,ES,0.02857201058404066,0.4559737081106318,0.014821335561353368,0.6990105215679503,1.8799414348462664,2.817276720351391,0.7621500664815434,0.47246178560396845,683
aesfdrk,safety,FI,-0.005738418267330851,0.8808311125653213,0.02424302123442443,0.5264497041762245,1.6379562043795621,2.892262773722628,0.6261984284261259,0.3738314985773036,685
aesfdrk,safety,FR,-0.0132027713256164,0.732051977190102,-0.018609120581965816,0.629362144166178,1.9585185185185185,2.8555555555555556,0.862023117653304,0.3968845040996951,675
aesfdrk,safety,GB,-0.032270202388899286,0.40220445630221147,-0.025920846017519303,0.5010695813653175,1.9896449704142012,2.8698224852071004,0.7840327986269541,0.4046843830978607,676
aesfdrk,safety,GR,0.05043421090457432,0.18801137644376303,0.04978671465615624,0.19375110715622643,2.199121522693997,2.774524158125915,0.836238850346807,0.5098397200147109,683
aesfdrk,safety,HR,-0.008704982029973428,0.8210068806245066,-0.004906071338951257,0.8985356056883911,1.6017699115044248,2.835103244837758,0.6250292472993628,0.4132312108709899,678
aesfdrk,safety,HU,0.03260964932237305,0.3965700510904345,0.03170083113912613,0.4098691125326692,1.8672566371681416,2.7728613569321534,0.6053102008143799,0.49071233449479823,678
aesfdrk,safety,IE,0.05686826805873399,0.1396665108918529,0.053165823994127025,0.16736204952300393,1.9215976331360947,2.883136094674556,0.8081480195884662,0.3805799696550671,676
aesfdrk,safety,IL,0.05462863389926889,0.15504605843934885,0.06245183610996535,0.10396332774443268,2.0,2.8490427098674522,0.8706963273123876,0.4341214940825946,679
aesfdrk,safety,IS,0.028580784221935433,0.4558353255949707,0.007447664208719613,0.8459523930336822,1.437774524158126,2.9275256222547585,0.6499553529407274,0.36860384583404965,683
aesfdrk,safety,IT,-0.012064794669612454,0.7543695650537844,0.001486394066787246,0.9692522788662472,2.2311111111111113,2.8325925925925928,0.7836862853638935,0.4526266286137086,675
aesfdrk,safety,LT,-0.018924066115344064,0.6243473215130377,-0.017178248456412155,0.6566703918249817,2.1086309523809526,2.7953869047619047,0.6720632870589677,0.4761302333531331,672
aesfdrk,safety,LV,0.04251383661235866,0.27398328892092416,0.034247094455652466,0.3782736483965566,2.1129518072289155,2.8365963855421685,0.7733578568475659,0.42458516322589696,664
aesfdrk,safety,ME,0.051699500474183695,0.18200742138235526,0.0535005526716695,0.16723021159687534,1.9281437125748504,2.8473053892215567,0.6600064719636258,0.4249087558823488,668
aesfdrk,safety,NL,-0.0708694594204061,0.06494905970175428,-0.07639724452052511,0.04659401604035823,1.8217967599410898,2.8527245949926363,0.6623429940887086,0.4185458382668227,679
aesfdrk,safety,NO,-0.043168147202584585,0.26025077487445913,-0.05289187469147573,0.16767588442114803,1.4193548387096775,2.937683284457478,0.6107991877586014,0.3440314237718707,682
aesfdrk,safety,PL,0.04650170867595915,0.22829291898477655,0.04538077652280891,0.23971621329944526,1.763744427934621,2.824665676077266,0.6018762381206728,0.4318263915121732,673
aesfdrk,safety,PT,0.03876547479064531,0.31278306281759977,0.04818355109624581,0.20951848469849155,2.0161764705882352,2.8323529411764707,0.6787561816180585,0.4390514532903894,680
aesfdrk,safety,RS,0.027459515107478343,0.4766496846403617,0.04198294354699113,0.27641971861918935,1.7017804154302671,2.796290801186944,0.742528773814705,0.46308085007292255,674
aesfdrk,safety,SE,0.029551366670816388,0.4410090583409271,0.042146854400189705,0.27170703211869274,1.6495601173020529,2.8936950146627565,0.7343520504311128,0.3784637168445184,682
aesfdrk,safety,SI,-0.0002389553539022518,0.9950484053825768,0.0004190428211380018,0.9913167771075418,1.58493353028065,2.878877400295421,0.6012392552261909,0.36501590065111245,677
aesfdrk,safety,SK,0.015396478271872637,0.690772178922462,0.0125129019477396,0.746470852504924,2.1880597014925374,2.8,0.6962471229535792,0.44620974777950884,670
aesfdrk,safety,UA,-5.201029789009369e-06,0.9998951399841953,-0.006142688109092804,0.8766491775781967,2.0717628705148208,2.6739469578783153,0.8165274298403865,0.5739867624189057,641
hincfel,income,AT,0.0064287529223948205,0.8672039270668227,-0.002487623244103731,0.948411088594068,1.8527245949926363,2.9116347569955816,0.7380038247049603,0.36169480897210443,679
hincfel,income,BE,0.018505200167006592,0.6302646468767528,0.02578698458110569,0.5023344717266178,1.7673048600883652,2.898379970544919,0.8354552641336789,0.37626525580376524,679
hincfel,income,BG,0.00040678544810224986,0.9915707594843934,-0.01692743492908705,0.6601860525328042,2.533234859675037,2.8168389955686854,0.8552848375478301,0.5149941624453969,677
hincfel,income,CH,0.02463773958684242,0.522502403462166,0.005436199183205276,0.8878062354701821,1.5754437869822486,2.9289940828402368,0.7150782053722363,0.30451349413955947,676
hincfel,income,CY,-0.00038600290738779325,0.9921268873559128,-0.025656344540474097,0.5118384142762847,2.096036585365854,2.8902439024390243,0.8814887607341848,0.3830324184067835,656
hincfel,income,DE,0.09752130792197088,0.010886837074510653,0.09072560013076948,0.017879262079884193,1.5741556534508077,2.869309838472834,0.660330954790112,0.43617416857206565,681
hincfel,income,EE,0.038460215326412035,0.31554259227931775,0.03563501118997765,0.35243091482031635,1.9267935578330893,2.910688140556369,0.6874873263472254,0.362364296722924,683
hincfel,income,ES,0.021275714326691144,0.5788470614593376,0.027664373842363137,0.47041620218890007,1.8506588579795022,2.822840409956076,0.8147892550095673,0.5015572371892941,683
hincfel,income,FI,0.03617635597474025,0.3455141903074501,0.02014696652753602,0.5994241419428556,1.7976539589442815,2.8826979472140764,0.6682172639178168,0.4138140277942546,682
hincfel,income,FR,-0.03796791566500225,0.32249369795936744,-0.03084279532951395,0.42163644003229944,1.7151248164464024,2.8649045521292216,0.7283484686267182,0.43651564690621747,681
hincfel,income,GB,-0.02658192667964783,0.4924747848550859,-0.039019621661747064,0.313579155085398,1.8071748878923768,2.8609865470852016,0.8406989896655791,0.46440959376054236,669
hincfel,income,GR,-0.07244449577556318,0.0593841917894466,-0.082565464962416,0.03158848729351854,2.482300884955752,2.836283185840708,0.7698986204045573,0.4625206029637019,678
hincfel,income,HR,-0.00997940738958014,0.7956422977733766,-0.02411037641799278,0.5314457254982059,1.8357988165680474,2.911242603550296,0.7762909617167019,0.35418044409911814,676
hincfel,income,HU,-0.020612278267040377,0.5923862364831715,-0.023969322880567256,0.5335473289965791,2.218611521418021,2.8404726735598227,0.7004283292552306,0.44980444262393854,677
hincfel,income,IE,0.062435172054876066,0.1038004048378652,0.05475076527545213,0.15381973301108146,1.8455882352941178,2.911029411764706,0.8484472213066517,0.3658212046517388,680
hincfel,income,IL,0.03123672618498497,0.4290984588917443,0.04422363009174014,0.26281427536028285,1.9626749611197511,2.9082426127527214,0.8974732608820422,0.3777006886494212,643
hincfel,income,IS,-0.05296062154089635,0.16743610287009933,-0.05614367208610416,0.14330684084565407,1.4904552129221733,2.9368575624082234,0.7257733794779296,0.30264732723369037,681
hincfel,income,IT,0.008437835739723919,0.82908854166622,0.009226031255123765,0.8134043948212756,1.9025875190258752,2.858447488584475,0.764858508772406,0.4583833209890046,657
hincfel,income,LT,-0.09103779474308894,0.018338304662598667,-0.088254176930543,0.022236301308527356,1.9880774962742176,2.8792846497764533,0.6952983038227525,0.4000411483161558,671
hincfel,income,LV,-0.0665321817498129,0.08575026228395058,-0.06540788924504773,0.09118964832170846,2.519461077844311,2.877245508982036,0.7923424800420563,0.40965508535878115,668
hincfel,income,ME,-0.033137288698992746,0.40486851839038884,-0.03786859326399628,0.34111390097139643,2.5694006309148265,2.8880126182965298,1.0129075134041123,0.40347796011121023,634
hincfel,income,NL,0.04100835129791544,0.2877321677248931,0.04068134890020277,0.2915966609695583,1.3946587537091988,2.9183976261127595,0.6298904024027971,0.3282441681613691,674
hincfel,income,NO,0.07365906633166597,0.054695845984732414,0.07958918116908906,0.037853586500502155,1.512481644640235,2.9295154185022025,0.6643704516977376,0.3485616244108352,681
hincfel,income,PL,-0.033903527918083425,0.37915204361515986,-0.03482890990683544,0.36627193591927004,1.9333333333333333,2.885925925925926,0.5555225839210237,0.4043830636422314,675
hincfel,income,PT,0.051115697517448155,0.18307308205304665,0.07474959407099734,0.051370566878953604,2.2970588235294116,2.886764705882353,0.8319770070593848,0.376560830982137,680
hincfel,income,RS,0.011136568996042961,0.7727273604212883,-0.0053514675266752125,0.8896251791574957,1.9659259259259259,2.85037037037037,0.764781437617233,0.44569721230393694,675
hincfel,income,SE,0.08311858253563062,0.03033939858093388,0.07671324714656513,0.04569200496085296,1.3652430044182622,2.921944035346097,0.6065275881590546,0.3322912187983255,679
hincfel,income,SI,0.031552983144376434,0.4124036377097694,0.005338957569585065,0.8897189780627156,1.5273264401772526,2.8995568685376663,0.724410044456827,0.37913375857910814,677
hincfel,income,SK,-0.05388775578473452,0.16166139738135893,-0.06536322883052462,0.08948605229524778,2.2810650887573964,2.8816568047337277,0.7968434328636448,0.39727319526006977,676
hincfel,income,UA,-0.012259249667641215,0.7530656848327408,-0.0028728989918501433,0.9412313097360357,2.924357034795764,2.7821482602118004,0.9047164730319862,0.5317628622064242,661
