variable,domain,cntry,country_name,survey_mean,survey_sd,silicon_mean,silicon_sd,model
ppltrst,social_trust,AT,Austria,6.071829184018286,2.0976862462724717,6.87956204379562,0.889603588547197,qwen
ppltrst,social_trust,BE,Belgium,5.458173187943939,2.195522494698598,6.746715328467153,0.9368239156643051,qwen
ppltrst,social_trust,BG,Bulgaria,3.728913646176717,2.3711881162028385,6.661313868613139,1.2951917475950712,qwen
ppltrst,social_trust,CH,Switzerland,5.855593288087151,2.1151913454264175,6.8525547445255475,0.8373657081798237,qwen
ppltrst,social_trust,CY,Cyprus,4.092466358118389,2.456123517842882,6.705109489051095,1.5045895268900984,qwen
ppltrst,social_trust,DE,Germany,5.213421360673227,2.329440069370058,6.837956204379562,0.775175078022966,qwen
ppltrst,social_trust,EE,Estonia,5.597881429421257,1.9956320359719784,6.680291970802919,0.973691911243096,qwen
ppltrst,social_trust,ES,Spain,5.30377052791885,2.170845887878443,6.86058394160584,1.0533542680737742,qwen
ppltrst,social_trust,FI,Finland,6.920840954305089,1.8140828898597425,6.649635036496351,1.1765946058889214,qwen
ppltrst,social_trust,FR,France,4.472588263453334,2.150595521187708,6.613138686131387,1.266113540256129,qwen
ppltrst,social_trust,GB,United Kingdom,5.418093170478824,2.2752091003472237,6.870802919708029,0.774045401899649,qwen
ppltrst,social_trust,GR,Greece,4.5659732232376244,1.9203750141942668,6.762773722627737,0.9738546503509876,qwen
ppltrst,social_trust,HR,Croatia,4.710634171131117,2.3881561272203213,6.830656934306569,1.2474278825616902,qwen
ppltrst,social_trust,HU,Hungary,4.5774672280159825,2.4378724365986537,6.787591240875912,1.3063858707127916,qwen
ppltrst,social_trust,IE,Ireland,5.414850386746617,2.381842777024013,6.945985401459854,0.9084572262634678,qwen
ppltrst,social_trust,IL,Israel,5.174017172464776,2.389764509965967,6.569343065693431,1.381771578974379,qwen
ppltrst,social_trust,IS,Iceland,6.354200470157306,2.061858353889841,6.657664233576642,0.9585505190767994,qwen
ppltrst,social_trust,IT,Italy,4.498938379325662,2.3475202051401065,6.8452554744525544,1.098641559054025,qwen
ppltrst,social_trust,LT,Lithuania,5.1342718600800605,2.4545179848769294,6.767883211678832,1.1171139655700044,qwen
ppltrst,social_trust,LV,Latvia,3.853969529445196,2.5315340747124133,6.830656934306569,1.1460306556601398,qwen
ppltrst,social_trust,ME,Montenegro,4.214523037104412,2.5013155012698616,6.846715328467154,1.0237709144227096,qwen
ppltrst,social_trust,NL,Netherlands,6.1705777782591795,1.958424103278812,6.926277372262773,0.7676071722602426,qwen
ppltrst,social_trust,NO,Norway,6.4876535997464035,1.9510974667031853,6.723357664233577,1.0013341081568523,qwen
ppltrst,social_trust,PL,Poland,4.5337215889785645,2.3334421200904445,6.78978102189781,1.2549483733663085,qwen
ppltrst,social_trust,PT,Portugal,4.15405019735004,2.4020558131627445,6.856934306569343,1.163516776646436,qwen
ppltrst,social_trust,RS,Serbia,4.4015442985461535,2.769641531820987,6.897810218978102,1.0336775850793225,qwen
ppltrst,social_trust,SE,Sweden,6.173553003500404,2.0369372146641576,6.621167883211679,1.0787304819871244,qwen
ppltrst,social_trust,SI,Slovenia,4.671985358795646,2.386686330953043,6.766423357664234,1.2034476164484655,qwen
ppltrst,social_trust,SK,Slovakia,4.032077870148862,2.846323197813735,6.827737226277372,1.160807966688454,qwen
ppltrst,social_trust,UA,Ukraine,3.823509033700963,2.792401452672258,6.748905109489051,1.3249802375399853,qwen
pplfair,social_trust,AT,Austria,6.356658702906922,2.007590140567435,6.5102189781021895,1.051960344316065,qwen
pplfair,social_trust,BE,Belgium,5.898274055320637,2.038526524185433,6.497810218978103,1.3158095785376558,qwen
pplfair,social_trust,BG,Bulgaria,4.28774413732007,2.2021907496756565,6.494890510948905,1.465356330928117,qwen
pplfair,social_trust,CH,Switzerland,6.400660288273514,1.8848948256164268,6.6744525547445255,1.1790712221666522,qwen
pplfair,social_trust,CY,Cyprus,4.423461465515083,2.2078122491415186,6.613138686131387,1.724217659622932,qwen
pplfair,social_trust,DE,Germany,6.186403696050097,1.9898562079629318,6.417518248175183,1.1164570247186902,qwen
pplfair,social_trust,EE,Estonia,6.111731028208338,2.0677934266941755,6.851824817518248,1.0775555907411813,qwen
pplfair,social_trust,ES,Spain,5.541573467263106,2.1802436948843513,6.354744525547445,1.367328188364397,qwen
pplfair,social_trust,FI,Finland,7.084249691343838,1.7336838763693212,6.8664233576642335,1.2853354951630864,qwen
pplfair,social_trust,FR,France,6.088517879920214,1.9971480895774854,6.494890510948905,1.3085593819629573,qwen
pplfair,social_trust,GB,United Kingdom,5.981753215098941,2.1060601678344897,6.431386861313869,1.196837439851153,qwen
pplfair,social_trust,GR,Greece,4.935914237527794,2.005204614994723,6.402189781021898,1.2196291230733367,qwen
pplfair,social_trust,HR,Croatia,5.182213320213709,2.439485398002121,6.562773722627737,1.495998918131688,qwen
pplfair,social_trust,HU,Hungary,5.124484568640466,2.073835982532519,6.7430656934306565,1.616698119627022,qwen
pplfair,social_trust,IE,Ireland,6.168494894931351,2.106787750467679,6.5715328467153284,1.095241495513907,qwen
pplfair,social_trust,IL,Israel,5.314318458840991,2.3022335286898072,6.513138686131387,1.8487714238168176,qwen
pplfair,social_trust,IS,Iceland,6.576929478670769,1.9072991814569054,6.516788321167883,1.3962967595747968,qwen
pplfair,social_trust,IT,Italy,4.588315451551168,2.2539241028190062,6.45036496350365,1.209013667372481,qwen
pplfair,social_trust,LT,Lithuania,5.4409183956236085,2.235114984941725,6.629197080291971,1.3700087817162951,qwen
pplfair,social_trust,LV,Latvia,5.663738367059401,2.247497646406504,6.785401459854015,1.3184221112557837,qwen
pplfair,social_trust,ME,Montenegro,4.36938040692145,2.2653311034681702,6.1678832116788325,1.6482284618231597,qwen
pplfair,social_trust,NL,Netherlands,6.542182923142853,1.634480715869356,6.605839416058394,1.1352773847201258,qwen
pplfair,social_trust,NO,Norway,6.757639034501647,1.8971193298633304,6.78978102189781,1.175547941886843,qwen
pplfair,social_trust,PL,Poland,5.225422873831028,2.2838780429825127,6.73065693430657,1.6132022041368863,qwen
pplfair,social_trust,PT,Portugal,5.2347667924699675,2.2103944076408926,6.372262773722627,1.3852676144332396,qwen
pplfair,social_trust,RS,Serbia,4.739201854594089,2.8499587721633626,6.286861313868613,1.5026203972472283,qwen
pplfair,social_trust,SE,Sweden,6.592569867878159,1.8020303379041651,6.726277372262774,1.2208154494224916,qwen
pplfair,social_trust,SI,Slovenia,5.418600199352892,2.258280124051613,6.653284671532846,1.3657812223069312,qwen
pplfair,social_trust,SK,Slovakia,4.8643116719235655,2.5431197557800247,6.478832116788321,1.4077080339717196,qwen
pplfair,social_trust,UA,Ukraine,4.693212458739193,2.43492351369049,6.0379562043795625,1.3743755300114826,qwen
pplhlp,social_trust,AT,Austria,6.318627057316925,2.061005753294836,6.522627737226277,1.5120854610858416,qwen
pplhlp,social_trust,BE,Belgium,5.060544624005849,2.1956473479694956,6.6931386861313875,1.560634969656843,qwen
pplhlp,social_trust,BG,Bulgaria,3.550500715225844,2.3080899941553548,6.581021897810219,1.938096553952811,qwen
pplhlp,social_trust,CH,Switzerland,5.8985149650676005,1.884854676878496,6.753284671532847,1.6001211163447275,qwen
pplhlp,social_trust,CY,Cyprus,4.108040391083219,2.1954327810505894,6.652554744525547,2.0976901907224152,qwen
pplhlp,social_trust,DE,Germany,5.359509661907016,2.0965802980361574,6.526277372262774,1.462757453372429,qwen
pplhlp,social_trust,EE,Estonia,5.026836971472983,2.0167271854085875,7.191240875912409,1.2018184596779264,qwen
pplhlp,social_trust,ES,Spain,4.799287732107402,2.2984435948613826,6.468613138686131,1.8096860824680572,qwen
pplhlp,social_trust,FI,Finland,6.367163416606128,1.957104421735069,6.940875912408759,1.6416345951326938,qwen
pplhlp,social_trust,FR,France,4.606344443975376,2.24002307315973,6.733284671532847,1.7400347468673234,qwen
pplhlp,social_trust,GB,United Kingdom,5.990719000699621,1.942504544742161,6.396350364963504,1.6673861937686147,qwen
pplhlp,social_trust,GR,Greece,4.337120313457906,1.9778120001939348,6.666423357664233,1.4990385501688135,qwen
pplhlp,social_trust,HR,Croatia,4.343355311541862,2.4112502202938684,6.526277372262774,1.90721429968959,qwen
pplhlp,social_trust,HU,Hungary,4.605214910806596,2.2470109750370364,6.86058394160584,1.9986968585050338,qwen
pplhlp,social_trust,IE,Ireland,5.939084968682108,2.240485078040839,6.507299270072993,1.6436851975751126,qwen
pplhlp,social_trust,IL,Israel,5.100096960518647,2.336648940608769,7.129197080291971,1.9267720098053223,qwen
pplhlp,social_trust,IS,Iceland,6.299077774742755,1.791363854697011,6.524817518248176,1.7667651835282894,qwen
pplhlp,social_trust,IT,Italy,4.184164039738798,2.273457502775936,6.682481751824818,1.6464518740078091,qwen
pplhlp,social_trust,LT,Lithuania,5.032521343524122,2.3988190229998003,6.775182481751825,1.6622213094422797,qwen
pplhlp,social_trust,LV,Latvia,4.838484340024971,2.2962432351850475,7.012408759124088,1.5259186311625577,qwen
pplhlp,social_trust,ME,Montenegro,4.194717188555699,2.2559179621884984,6.259124087591241,2.1560995602075352,qwen
pplhlp,social_trust,NL,Netherlands,5.65817291172352,1.7643307067812635,6.748175182481752,1.4837374863265265,qwen
pplhlp,social_trust,NO,Norway,6.003298800640809,1.9932155036957901,6.795620437956204,1.6142579547925167,qwen
pplhlp,social_trust,PL,Poland,4.546993964205541,2.4182053882140755,6.986861313868613,1.7931732759007715,qwen
pplhlp,social_trust,PT,Portugal,4.213744814045952,2.1791089434587874,6.43036496350365,1.7877786899906498,qwen
pplhlp,social_trust,RS,Serbia,3.72835672703553,2.720929475579113,6.371532846715328,1.9409012837196697,qwen
pplhlp,social_trust,SE,Sweden,5.946359746894595,1.936482154823752,6.6376642335766425,1.751986451010106,qwen
pplhlp,social_trust,SI,Slovenia,5.349566794505421,2.236529461060724,6.656934306569343,1.7567245746155487,qwen
pplhlp,social_trust,SK,Slovakia,4.195429337358618,2.5609256122451742,6.227737226277372,2.015282616512203,qwen
pplhlp,social_trust,UA,Ukraine,4.165704117573958,2.6358905892713516,6.15036496350365,1.9336631633198182,qwen
sclmeet,social_trust,AT,Austria,4.97855907049627,1.1862131472556947,3.6773722627737224,0.6048044366069606,qwen
sclmeet,social_trust,BE,Belgium,5.115008561601236,1.4064923799551072,3.764963503649635,0.5686229442782241,qwen
sclmeet,social_trust,BG,Bulgaria,4.99618382149749,1.6848498871293636,3.6732846715328464,0.6796123653151523,qwen
sclmeet,social_trust,CH,Switzerland,5.120404033218849,1.3015620048223844,3.743795620437956,0.5681432405596822,qwen
sclmeet,social_trust,CY,Cyprus,4.063565729120625,1.6808260299062987,3.7204379562043797,0.6990112781481232,qwen
sclmeet,social_trust,DE,Germany,4.750274005473209,1.4910419350395807,3.75985401459854,0.5864527937028694,qwen
sclmeet,social_trust,EE,Estonia,4.268464111365069,1.5064569734447395,3.835036496350365,0.5003494744868685,qwen
sclmeet,social_trust,ES,Spain,5.250413100298126,1.4669300296384136,3.705109489051095,0.6092994212850094,qwen
sclmeet,social_trust,FI,Finland,4.91015506669888,1.3723429550400144,3.8630656934306566,0.549049633515977,qwen
sclmeet,social_trust,FR,France,5.227998279869101,1.4417715646805522,3.756204379562044,0.6361274139847274,qwen
sclmeet,social_trust,GB,United Kingdom,4.825888880970069,1.545839796639787,3.689051094890511,0.6256784425464623,qwen
sclmeet,social_trust,GR,Greece,4.23068100764633,1.5663897051020776,3.728759124087591,0.6301900823142054,qwen
sclmeet,social_trust,HR,Croatia,5.355922756611965,1.5433309288591155,3.743065693430657,0.6067114428769494,qwen
sclmeet,social_trust,HU,Hungary,3.4073398053512745,1.5184246921707605,3.7532846715328465,0.6469735090984954,qwen
sclmeet,social_trust,IE,Ireland,4.3086014206280145,1.5764076371688671,3.7343065693430657,0.6668243186624979,qwen
sclmeet,social_trust,IL,Israel,5.37946729389215,1.566948729077005,3.9029197080291973,0.5274541090095192,qwen
sclmeet,social_trust,IS,Iceland,5.278807458651748,1.4394663497959697,3.7890510948905107,0.6114978771984771,qwen
sclmeet,social_trust,IT,Italy,4.706546679320957,1.5752412935391051,3.67007299270073,0.6465568910604284,qwen
sclmeet,social_trust,LT,Lithuania,4.364283230788744,1.5622693395152705,3.6729927007299272,0.6745697838040899,qwen
sclmeet,social_trust,LV,Latvia,4.3429616960030435,1.6424937139788904,3.7124087591240875,0.6620945471734757,qwen
sclmeet,social_trust,ME,Montenegro,4.834985214387212,1.6015829359800529,3.694890510948905,0.6564258584069224,qwen
sclmeet,social_trust,NL,Netherlands,5.398005102386256,1.2576971589608217,3.8094890510948907,0.5656961776873888,qwen
sclmeet,social_trust,NO,Norway,5.688076208039842,1.3525075883274424,3.858394160583942,0.5609935755235678,qwen
sclmeet,social_trust,PL,Poland,3.896722824683607,1.4430229733040592,3.787226277372263,0.5567905234716091,qwen
sclmeet,social_trust,PT,Portugal,5.685409759425016,1.576563523208556,3.610948905109489,0.7473812792847179,qwen
sclmeet,social_trust,RS,Serbia,5.185660516605247,1.5942757921749648,3.6846715328467154,0.6287333538597168,qwen
sclmeet,social_trust,SE,Sweden,5.514484949240079,1.3608053671737674,3.870802919708029,0.5254016263748246,qwen
sclmeet,social_trust,SI,Slovenia,4.631734240685188,1.4881140484001878,3.8014598540145985,0.6003149029214327,qwen
sclmeet,social_trust,SK,Slovakia,4.72857259415562,1.5838908117692216,3.6664233576642338,0.6415530056844443,qwen
sclmeet,social_trust,UA,Ukraine,4.403961647625363,1.7492302415514074,3.5423357664233577,0.7232280855333764,qwen
inprdsc,social_trust,AT,Austria,3.118780630553028,1.1742953866443435,2.6875912408759124,0.5476485159289569,qwen
inprdsc,social_trust,BE,Belgium,3.249005581858395,1.392119874792085,2.783941605839416,0.5270786719358868,qwen
inprdsc,social_trust,BG,Bulgaria,2.077287035540825,1.2654833628886588,2.6744525547445255,0.644820705516813,qwen
inprdsc,social_trust,CH,Switzerland,3.5672430918798415,1.2546165765107025,2.7795620437956203,0.5010425805887841,qwen
inprdsc,social_trust,CY,Cyprus,2.429658750415173,1.2914148054142078,2.7284671532846714,0.5534248636394734,qwen
inprdsc,social_trust,DE,Germany,3.508134966369809,1.1978906541310246,2.74014598540146,0.5126270850869152,qwen
inprdsc,social_trust,EE,Estonia,2.5808046896837573,1.3664122962604637,2.8145985401459854,0.47055711444104437,qwen
inprdsc,social_trust,ES,Spain,2.889223323462987,1.3851422121984767,2.762043795620438,0.5464038985049079,qwen
inprdsc,social_trust,FI,Finland,3.2591695206650804,1.2740084057461003,2.7868613138686134,0.5254930180550328,qwen
inprdsc,social_trust,FR,France,2.834623969006955,1.4605348263872133,2.7854014598540147,0.5006633240341791,qwen
inprdsc,social_trust,GB,United Kingdom,3.16034956015881,1.3832269727107982,2.708029197080292,0.5768509991060743,qwen
inprdsc,social_trust,GR,Greece,2.3001774709007434,1.208559756779504,2.708029197080292,0.5743109772253085,qwen
inprdsc,social_trust,HR,Croatia,2.2941152783671246,1.422859648476235,2.762043795620438,0.49884829152978005,qwen
inprdsc,social_trust,HU,Hungary,2.598329752384808,1.230743088053047,2.732846715328467,0.5515938480921303,qwen
inprdsc,social_trust,IE,Ireland,2.7380058098736266,1.332686531536047,2.72992700729927,0.5811821190323991,qwen
inprdsc,social_trust,IL,Israel,2.4812293357499633,1.4132878598805871,2.8394160583941606,0.4990279534051802,qwen
inprdsc,social_trust,IS,Iceland,3.671481858006674,1.317456305642698,2.8145985401459854,0.49773465563969554,qwen
inprdsc,social_trust,IT,Italy,2.183433433926192,1.2779320478931364,2.6992700729927006,0.5671948454838212,qwen
inprdsc,social_trust,LT,Lithuania,2.1369766166296262,1.3544109428510231,2.7445255474452557,0.532965842144839,qwen
inprdsc,social_trust,LV,Latvia,1.8116237136593292,1.2881659791877138,2.7503649635036496,0.5877805523475726,qwen
inprdsc,social_trust,ME,Montenegro,2.1663481487525504,1.1666499399605834,2.727007299270073,0.5513809947836714,qwen
inprdsc,social_trust,NL,Netherlands,3.7088828570517682,1.283208311296253,2.778102189781022,0.5301874500891548,qwen
inprdsc,social_trust,NO,Norway,3.227762827620148,1.4498231395247019,2.8715328467153283,0.5111260509192306,qwen
inprdsc,social_trust,PL,Poland,3.1281270388376403,1.4096043170643204,2.7897810218978103,0.5010638786202998,qwen
inprdsc,social_trust,PT,Portugal,2.2558309190788615,1.3613593845490315,2.705109489051095,0.5778971214877794,qwen
inprdsc,social_trust,RS,Serbia,2.567237857631098,1.4134188192546682,2.7255474452554744,0.5412824814450777,qwen
inprdsc,social_trust,SE,Sweden,3.8066124907958425,1.2668089879502242,2.8306569343065693,0.47811185100913695,qwen
inprdsc,social_trust,SI,Slovenia,2.795537682887412,1.3412053782065898,2.716788321167883,0.608248533270717,qwen
inprdsc,social_trust,SK,Slovakia,1.9473222705088136,1.1682652569916379,2.6963503649635037,0.5630442473139622,qwen
inprdsc,social_trust,UA,Ukraine,2.211819332304769,1.3882518522667766,2.613138686131387,0.7158213617698954,qwen
stfdem,political,AT,Austria,5.795551925183848,2.5244039995514704,6.156934306569343,1.1920052653808235,qwen
stfdem,political,BE,Belgium,5.182805903196197,2.3865646291443854,6.355474452554745,1.2290299334016446,qwen
stfdem,political,BG,Bulgaria,3.345957593389132,2.389999712039281,6.002189781021897,1.5715148553350347,qwen
stfdem,political,CH,Switzerland,7.56247036533076,1.683445748396554,6.38978102189781,1.2663714263222252,qwen
stfdem,political,CY,Cyprus,4.406779475086675,2.347149478693197,5.948467153284671,1.8258102785507648,qwen
stfdem,political,DE,Germany,5.545818977658347,2.7185355902907555,6.255474452554744,1.2141297576557957,qwen
stfdem,political,EE,Estonia,5.22721288753493,2.5582260200437856,6.742335766423357,1.0480225481186423,qwen
stfdem,political,ES,Spain,4.778082098901733,2.5349581336364486,5.931386861313869,1.4755686694847971,qwen
stfdem,political,FI,Finland,6.741465913056558,1.9636296674315314,6.668613138686132,1.256721799759543,qwen
stfdem,political,FR,France,4.305012268811358,2.514246595893705,6.259124087591241,1.4013649749652268,qwen
stfdem,political,GB,United Kingdom,4.494947856238885,2.617061205631026,5.961313868613138,1.365684722933364,qwen
stfdem,political,GR,Greece,4.182779495226115,2.157520501595945,5.9211678832116785,1.3535976892083414,qwen
stfdem,political,HR,Croatia,4.472592596383696,2.5378221319688405,6.01970802919708,1.4848080298101347,qwen
stfdem,political,HU,Hungary,4.382887230671318,2.6638131065423503,6.227737226277372,1.682804760117341,qwen
stfdem,political,IE,Ireland,5.78448915317907,2.27866079594196,6.028467153284671,1.351139269397646,qwen
stfdem,political,IL,Israel,4.252040313322515,2.747872552070624,6.327007299270073,1.6759610863060455,qwen
stfdem,political,IS,Iceland,5.8824026600111425,2.272405652680811,6.368613138686132,1.3085275766421471,qwen
stfdem,political,IT,Italy,5.130815160709393,2.0846916209904416,5.878832116788321,1.4298627227760532,qwen
stfdem,political,LT,Lithuania,4.574857355022262,2.410861600256052,6.224817518248175,1.3740377293087724,qwen
stfdem,political,LV,Latvia,4.246869083229774,2.4390267760652473,6.2912408759124085,1.2967274628643446,qwen
stfdem,political,ME,Montenegro,4.176534491636248,2.5802896568015807,5.918978102189781,1.652462845912768,qwen
stfdem,political,NL,Netherlands,5.936205591465354,2.078408741443333,6.500729927007299,1.086028789100506,qwen
stfdem,political,NO,Norway,7.2146975468472805,2.082614524813177,6.589051094890511,1.2000657165312583,qwen
stfdem,political,PL,Poland,5.138550427476645,2.3767364162321356,6.336496350364963,1.4956992884478046,qwen
stfdem,political,PT,Portugal,4.685337986277323,2.3915689544469387,5.693430656934306,1.594774195255899,qwen
stfdem,political,RS,Serbia,3.8520056691404525,3.0167915835283035,5.7087591240875915,1.5705380709313752,qwen
stfdem,political,SE,Sweden,6.567043743724975,2.175495957021821,6.554014598540146,1.2327769369982382,qwen
stfdem,political,SI,Slovenia,4.919733489476906,2.3452548113037253,6.225547445255475,1.4024846997049472,qwen
stfdem,political,SK,Slovakia,4.9175346771760795,2.678245139306602,5.7437956204379566,1.6451622022214765,qwen
stfdem,political,UA,Ukraine,2.92444960662641,2.63422996055466,4.732846715328467,1.6296821654505478,qwen
polintr,political,AT,Austria,2.4547384937785983,0.9451535772834191,2.567153284671533,0.5220446600189046,qwen
polintr,political,BE,Belgium,2.6600712960145447,0.9266514161485133,2.6708029197080294,0.5339580474931442,qwen
polintr,political,BG,Bulgaria,2.9004839639486617,0.8905590486262941,2.5467153284671533,0.6346536439594517,qwen
polintr,political,CH,Switzerland,2.4221674153798274,0.9169166691677192,2.6591240875912407,0.5258736457599911,qwen
polintr,political,CY,Cyprus,2.9759581549872625,0.9464163962391792,2.5948905109489053,0.6891304343435147,qwen
polintr,political,DE,Germany,2.335726481029816,0.9106218676205067,2.6284671532846717,0.5002848465100518,qwen
polintr,political,EE,Estonia,2.6443262976892985,0.850185551151809,2.7554744525547443,0.4938095893465257,qwen
polintr,political,ES,Spain,2.7485941425241296,1.0134610620130429,2.6145985401459853,0.568101916406525,qwen
polintr,political,FI,Finland,2.2407843653101502,0.7790287075638991,2.821167883211679,0.47502395398731284,qwen
polintr,political,FR,France,2.658759358424714,0.9653820372660329,2.654744525547445,0.554878787000472,qwen
polintr,political,GB,United Kingdom,2.5110910387053975,0.9914488060551393,2.5905109489051097,0.5506353602458215,qwen
polintr,political,GR,Greece,2.9002046633846286,0.9639196736010638,2.610948905109489,0.5521990636220125,qwen
polintr,political,HR,Croatia,3.0240396648267,0.9305850782478338,2.554014598540146,0.6317633586296684,qwen
polintr,political,HU,Hungary,2.7535411258208278,0.9198558225391383,2.6693430656934307,0.6413575290639995,qwen
polintr,political,IE,Ireland,2.6359165070327637,0.9657476643159857,2.51021897810219,0.5446825181201778,qwen
polintr,political,IL,Israel,2.447442839207694,1.0230894939105857,2.843795620437956,0.6162826345543949,qwen
polintr,political,IS,Iceland,2.405532385956208,0.9176495535120655,2.718248175182482,0.5052674264556961,qwen
polintr,political,IT,Italy,3.00708233065885,0.8432736383469229,2.538686131386861,0.5615934117441176,qwen
polintr,political,LT,Lithuania,2.7693064441571806,0.7601246187742123,2.588321167883212,0.5946970447740274,qwen
polintr,political,LV,Latvia,2.9474422149150334,0.8112785985044871,2.5802919708029197,0.6219474480040196,qwen
polintr,political,ME,Montenegro,2.956087586463116,0.846965603333293,2.5591240875912407,0.5803249171227783,qwen
polintr,political,NL,Netherlands,2.3430692690137467,0.8498537288249974,2.705109489051095,0.5049927866839374,qwen
polintr,political,NO,Norway,2.514350938533622,0.7965049246631382,2.7722627737226277,0.472910907223187,qwen
polintr,political,PL,Poland,2.5559100924678884,0.8306258933227216,2.7233576642335766,0.6269137686725834,qwen
polintr,political,PT,Portugal,2.8194495263177086,1.0126034640312167,2.4948905109489052,0.6054481168565544,qwen
polintr,political,RS,Serbia,3.0522158755558984,0.8908439581576322,2.4905109489051096,0.5857572711070687,qwen
polintr,political,SE,Sweden,2.1705131773500685,0.8234276538579621,2.8532846715328466,0.4162368124617527,qwen
polintr,political,SI,Slovenia,2.7169428484465956,0.8737747745474248,2.5175182481751825,0.6103275185149164,qwen
polintr,political,SK,Slovakia,2.779801422127224,0.8472630479734179,2.4817518248175183,0.6312082280895287,qwen
polintr,political,UA,Ukraine,2.7396657538670346,0.9256292617482332,2.408759124087591,0.5742366471949416,qwen
psppipla,political,AT,Austria,2.3485664758821696,0.8566886458081991,3.078832116788321,0.3780201302180147,qwen
psppipla,political,BE,Belgium,2.13617152706481,0.9075557836275948,3.154744525547445,0.46766353472705957,qwen
psppipla,political,BG,Bulgaria,1.6942362499739123,0.87775771429061,3.153284671532847,0.5657178711860837,qwen
psppipla,political,CH,Switzerland,2.925982779006587,0.9852906409289107,3.1751824817518246,0.4342401143211493,qwen
psppipla,political,CY,Cyprus,1.8534503490367205,1.0127843077196175,3.116788321167883,0.5251801894991402,qwen
psppipla,political,DE,Germany,2.487903050233573,0.9385560771030744,3.0992700729927005,0.3272462523887478,qwen
psppipla,political,EE,Estonia,2.1195243542575155,0.8833491059661029,3.2394160583941605,0.49667868586563385,qwen
psppipla,political,ES,Spain,1.854915319379539,0.8454162917878774,3.0802919708029197,0.4723091551306549,qwen
psppipla,political,FI,Finland,2.719963352443456,0.8283100335192526,3.291970802919708,0.49795758206121243,qwen
psppipla,political,FR,France,2.040170208005676,0.9328773538672157,3.14014598540146,0.4532952534984671,qwen
psppipla,political,GB,United Kingdom,2.0858582660203373,0.8307741434463174,3.0744525547445254,0.38843462971450704,qwen
psppipla,political,GR,Greece,2.0439646230330513,0.976032462119943,3.105109489051095,0.440016142693514,qwen
psppipla,political,HR,Croatia,1.646717445797756,0.7626765159029129,3.102919708029197,0.47755799467773163,qwen
psppipla,political,HU,Hungary,1.8850817858135287,0.8625218071784286,3.1751824817518246,0.6008985744438787,qwen
psppipla,political,IE,Ireland,2.1853015288609527,0.9155474991392569,3.0802919708029197,0.4198717807727008,qwen
psppipla,political,IL,Israel,2.0573491368573285,1.018262378135492,3.3423357664233575,0.6081467663609393,qwen
psppipla,political,IS,Iceland,2.641453267592207,0.8256936225348067,3.191240875912409,0.4682108618904672,qwen
psppipla,political,IT,Italy,1.7604583386620682,0.7721640887631731,3.115328467153285,0.43240293352653675,qwen
psppipla,political,LT,Lithuania,2.0074403120569206,0.932473464394509,3.116788321167883,0.4566867301050565,qwen
psppipla,political,LV,Latvia,1.8076589637221125,0.9176440352175285,3.132116788321168,0.471859316333505,qwen
psppipla,political,ME,Montenegro,2.1042526405745456,0.8978556808468559,3.064233576642336,0.4243566210788009,qwen
psppipla,political,NL,Netherlands,2.4346389167639173,0.9230480100889776,3.1766423357664233,0.44529095122851775,qwen
psppipla,political,NO,Norway,2.9425643516761286,0.914134339029534,3.278832116788321,0.5126229216351111,qwen
psppipla,political,PL,Poland,2.1159541509433017,0.8349147296022332,3.162043795620438,0.5606662946758724,qwen
psppipla,political,PT,Portugal,1.8339098330735701,0.9171098485792573,3.075912408759124,0.45249883645697964,qwen
psppipla,political,RS,Serbia,1.9334856238883207,1.0320658031992804,3.0364963503649633,0.358863522986017,qwen
psppipla,political,SE,Sweden,2.827382571754578,0.8860823668252509,3.3124087591240876,0.5202683258832096,qwen
psppipla,political,SI,Slovenia,2.1128622969847135,0.8172903125787805,3.1226277372262774,0.4615307451965527,qwen
psppipla,political,SK,Slovakia,1.9541371691670721,0.8752626607263215,3.075912408759124,0.4426999742154487,qwen
psppipla,political,UA,Ukraine,1.6709499625586026,0.956887839658614,2.9927007299270074,0.4408980462726828,qwen
psppsgva,political,AT,Austria,2.3193966188741926,0.8703880846344457,3.2145985401459853,0.48884338759996016,qwen
psppsgva,political,BE,Belgium,2.1530505361912753,0.877857985500819,3.3131386861313867,0.5723678016177016,qwen
psppsgva,political,BG,Bulgaria,2.0502500126245597,1.1437354898071712,3.267153284671533,0.6490106606062566,qwen
psppsgva,political,CH,Switzerland,3.209170347803247,0.9722550592682613,3.3226277372262776,0.5845216843898259,qwen
psppsgva,political,CY,Cyprus,1.85783217801057,0.9686134761632819,3.2963503649635038,0.7120936061821576,qwen
psppsgva,political,DE,Germany,2.493363160809412,0.9732761550528409,3.221897810218978,0.49303857488598923,qwen
psppsgva,political,EE,Estonia,2.222444075016699,0.941670031874551,3.4656934306569345,0.5753765555978402,qwen
psppsgva,political,ES,Spain,2.079969878203989,0.9585821864542219,3.2554744525547443,0.535701937182744,qwen
psppsgva,political,FI,Finland,2.463346166400832,0.8097329921150951,3.4817518248175183,0.6057978859899651,qwen
psppsgva,political,FR,France,2.1188535078790895,0.8996060982621074,3.270802919708029,0.5434566354469746,qwen
psppsgva,political,GB,United Kingdom,2.1788336277011933,0.8723528492925318,3.221897810218978,0.5162158939737368,qwen
psppsgva,political,GR,Greece,2.037766829714706,1.0304042697617966,3.264963503649635,0.49287188602565896,qwen
psppsgva,political,HR,Croatia,1.6457884669787406,0.7858366327570453,3.2364963503649635,0.6041856817828903,qwen
psppsgva,political,HU,Hungary,2.0079709396734056,0.9855327170227215,3.367883211678832,0.7287871750891788,qwen
psppsgva,political,IE,Ireland,2.272287546382416,0.9500184958503455,3.181021897810219,0.5401338428882559,qwen
psppsgva,political,IL,Israel,1.962432274318939,1.026544621885484,3.512408759124088,0.7771823880214032,qwen
psppsgva,political,IS,Iceland,2.5959422073897698,0.8513607807991915,3.3313868613138684,0.5537949650163091,qwen
psppsgva,political,IT,Italy,1.733402885908017,0.7654992145531224,3.232116788321168,0.5515706317228499,qwen
psppsgva,political,LT,Lithuania,2.2035638846258188,0.9667174956064883,3.2525547445255474,0.6338502382717348,qwen
psppsgva,political,LV,Latvia,1.8709990652235167,0.9648869301716746,3.2897810218978103,0.6090550479174203,qwen
psppsgva,political,ME,Montenegro,2.1775768149696137,0.8816083473708743,3.178102189781022,0.5190402930402335,qwen
psppsgva,political,NL,Netherlands,2.520502740655418,0.9263930468303992,3.332846715328467,0.5489369696466954,qwen
psppsgva,political,NO,Norway,2.8546836195152268,0.8551573318979147,3.4708029197080292,0.5559566571863541,qwen
psppsgva,political,PL,Poland,2.259208424818116,0.9025109685040982,3.3693430656934305,0.6962264667136521,qwen
psppsgva,political,PT,Portugal,2.0314592692315667,0.9777170630242956,3.1824817518248176,0.5217348773043231,qwen
psppsgva,political,RS,Serbia,1.8554453058006242,1.0459064012863455,3.113868613138686,0.552927149816911,qwen
psppsgva,political,SE,Sweden,2.688588773731168,0.8934600691065927,3.4562043795620436,0.5731391595237773,qwen
psppsgva,political,SI,Slovenia,2.138670135863047,0.8468801031590536,3.27007299270073,0.5761290673682551,qwen
psppsgva,political,SK,Slovakia,2.02825644229242,0.9418627230925746,3.2102189781021897,0.564195420440757,qwen
psppsgva,political,UA,Ukraine,1.7997523689337624,1.0063426365249366,3.0452554744525546,0.5152599416259737,qwen
vote,political,AT,Austria,1.4202873512065668,0.6806730157849747,2.0700729927007298,0.5334381700009702,qwen
vote,political,BE,Belgium,1.413311668096829,0.7089552675012378,2.1737226277372264,0.5649703807628181,qwen
vote,political,BG,Bulgaria,1.4058867101339767,0.5828174405368405,2.1605839416058394,0.6073812140784691,qwen
vote,political,CH,Switzerland,1.6999926450149614,0.8052753904767375,2.1124087591240874,0.5853280750815915,qwen
vote,political,CY,Cyprus,1.4236270426582018,0.6575703228270299,2.181021897810219,0.6230857054237487,qwen
vote,political,DE,Germany,1.4305384836356427,0.7306502543828278,2.1087591240875914,0.5436333329238544,qwen
vote,political,EE,Estonia,1.4174322919734064,0.6684332691569346,2.1824817518248176,0.5300747230535695,qwen
vote,political,ES,Spain,1.4089006433180842,0.6866424014985538,2.137956204379562,0.5814042522306557,qwen
vote,political,FI,Finland,1.2529287707994166,0.5442255754737033,2.221167883211679,0.5376783883134988,qwen
vote,political,FR,France,1.554019677771938,0.6616693323123516,2.1306569343065695,0.5441826914966205,qwen
vote,political,GB,United Kingdom,1.4672826493792912,0.6932364331852772,2.0525547445255476,0.5774870308119182,qwen
vote,political,GR,Greece,1.232173417380769,0.4933527832093489,2.1795620437956202,0.5977710408431229,qwen
vote,political,HR,Croatia,1.3539780715927674,0.5915865530678587,2.1693430656934307,0.6049940848142058,qwen
vote,political,HU,Hungary,1.2924385527277875,0.5615534844061386,2.2087591240875915,0.617895226237765,qwen
vote,political,IE,Ireland,1.4484250557271259,0.7020988432406423,2.0613138686131385,0.593489060874382,qwen
vote,political,IL,Israel,1.2961812404391788,0.5421408039889731,2.2496350364963504,0.5865355823937062,qwen
vote,political,IS,Iceland,1.4089402091609768,0.7380294053147957,2.1554744525547447,0.5266188780269152,qwen
vote,political,IT,Italy,1.4355640139885806,0.6264534338962391,2.102919708029197,0.5593361779091741,qwen
vote,political,LT,Lithuania,1.4429952465372058,0.5931433860880534,2.0832116788321167,0.5751391063701641,qwen
vote,political,LV,Latvia,1.4710760530067304,0.6572433744685899,2.113138686131387,0.5413889326095173,qwen
vote,political,ME,Montenegro,1.198507287997163,0.4255208007070601,2.1072992700729927,0.5663098769055268,qwen
vote,political,NL,Netherlands,1.3596921163576228,0.675726359077966,2.1583941605839416,0.5030088322743134,qwen
vote,political,NO,Norway,1.4074217859684182,0.740602560367155,2.1496350364963503,0.5049642578387364,qwen
vote,political,PL,Poland,1.1775046661209774,0.4509355592446268,2.189051094890511,0.5858565519240004,qwen
vote,political,PT,Portugal,1.3813554891435997,0.6147119517505549,2.0846715328467154,0.5936913111590453,qwen
vote,political,RS,Serbia,1.2796658373067689,0.515551203038103,2.115328467153285,0.5847589735577152,qwen
vote,political,SE,Sweden,1.2362824552327312,0.6038970756726667,2.18029197080292,0.5339140774635938,qwen
vote,political,SI,Slovenia,1.3025095754173568,0.587194935817487,2.1313868613138687,0.6137736578279462,qwen
vote,political,SK,Slovakia,1.3356493718574676,0.5944632166755749,2.1445255474452556,0.6173561470374862,qwen
vote,political,UA,Ukraine,1.3967110796934978,0.5634271961748842,1.9627737226277373,0.5584292008911295,qwen
actrolga,efficacy,AT,Austria,2.360062191223054,1.0669795296795501,3.0189781021897812,0.38379698251652616,qwen
actrolga,efficacy,BE,Belgium,2.115275861331064,1.0246591138385353,3.102189781021898,0.5141943043674811,qwen
actrolga,efficacy,BG,Bulgaria,1.9029019506952891,1.17280912478623,2.9678832116788323,0.5914762859716888,qwen
actrolga,efficacy,CH,Switzerland,2.338362606230354,1.110605461537031,3.0467153284671533,0.45322933128646775,qwen
actrolga,efficacy,CY,Cyprus,2.0119500942718256,1.0928138722798841,3.0014598540145987,0.5527688678517094,qwen
actrolga,efficacy,DE,Germany,2.1704045969903616,1.0348641553008593,3.0189781021897812,0.4405493723974475,qwen
actrolga,efficacy,EE,Estonia,2.0453270269830695,1.0188764821747993,3.2072992700729928,0.5166291775443096,qwen
actrolga,efficacy,ES,Spain,1.8949374822903193,1.0498830321174317,3.0291970802919708,0.4797295448987615,qwen
actrolga,efficacy,FI,Finland,2.4156188644937275,1.0507217265960367,3.229197080291971,0.5366890841920283,qwen
actrolga,efficacy,FR,France,2.075695473266248,1.094205195368371,3.0802919708029197,0.5138206015087883,qwen
actrolga,efficacy,GB,United Kingdom,2.2689636323061086,1.0995314617436351,3.0204379562043795,0.3931315803810383,qwen
actrolga,efficacy,GR,Greece,2.185392249640713,1.0278805398620388,2.9854014598540144,0.4423720196836994,qwen
actrolga,efficacy,HR,Croatia,1.784089368311354,1.0468308823450982,2.959124087591241,0.5113556607418567,qwen
actrolga,efficacy,HU,Hungary,1.9633041840322543,1.0113249410044443,2.9810218978102188,0.5280900218307593,qwen
actrolga,efficacy,IE,Ireland,2.3037648462898677,1.1069928781223484,2.9985401459854013,0.5256554529196755,qwen
actrolga,efficacy,IL,Israel,2.11740885990875,1.1727991176975374,3.1751824817518246,0.5935546874080975,qwen
actrolga,efficacy,IS,Iceland,2.6080921197716784,1.087945761044902,3.1489051094890512,0.4878819224181123,qwen
actrolga,efficacy,IT,Italy,1.822327627454578,0.877476527617054,2.9854014598540144,0.4456646501655953,qwen
actrolga,efficacy,LT,Lithuania,1.963838594140131,0.9733989143686933,3.0204379562043795,0.5097210976481449,qwen
actrolga,efficacy,LV,Latvia,1.5356942878819717,0.7097815735878821,3.0204379562043795,0.5457355525289355,qwen
actrolga,efficacy,ME,Montenegro,2.1225811349452295,0.9421551463710266,2.9430656934306567,0.4787586929016965,qwen
actrolga,efficacy,NL,Netherlands,2.0780062524434406,1.0888467240634798,3.108029197080292,0.46830202089251677,qwen
actrolga,efficacy,NO,Norway,2.6076304127676564,1.0947123476303535,3.1751824817518246,0.4999679846325908,qwen
actrolga,efficacy,PL,Poland,2.090930901431472,1.0154541129838304,3.0583941605839415,0.48010755614021255,qwen
actrolga,efficacy,PT,Portugal,1.7593740788367676,1.018211503462485,2.9416058394160585,0.532104166879283,qwen
actrolga,efficacy,RS,Serbia,1.9132144482547229,1.1688216569656082,2.9386861313868615,0.45471026942465886,qwen
actrolga,efficacy,SE,Sweden,2.6423151680584636,1.0918545427669148,3.2233576642335766,0.511313921170586,qwen
actrolga,efficacy,SI,Slovenia,1.9712686705573756,0.9928447281360491,2.997080291970803,0.4926271625900789,qwen
actrolga,efficacy,SK,Slovakia,1.868476483742559,0.9199427236111426,2.978102189781022,0.5196033305521904,qwen
actrolga,efficacy,UA,Ukraine,1.748233991574511,1.0118794778870175,2.8788321167883213,0.5283526557059833,qwen
cptppola,efficacy,AT,Austria,2.722022452632956,1.199636203824149,2.983941605839416,0.250214404155966,qwen
cptppola,efficacy,BE,Belgium,2.0443776544450745,1.0290845112164275,3.011678832116788,0.2754755838276484,qwen
cptppola,efficacy,BG,Bulgaria,2.1144918277283926,1.121158813098891,2.935766423357664,0.47012148894518413,qwen
cptppola,efficacy,CH,Switzerland,2.7075158443151643,1.0614031466929674,3.0189781021897812,0.2930812430314518,qwen
cptppola,efficacy,CY,Cyprus,2.0561790016847135,1.0973285271190274,2.9094890510948903,0.5020256062291751,qwen
cptppola,efficacy,DE,Germany,2.5743790612120034,1.0734208741676388,3.0043795620437956,0.2506916202639573,qwen
cptppola,efficacy,EE,Estonia,1.877113993648144,0.9196848483145372,3.089051094890511,0.35780332735974646,qwen
cptppola,efficacy,ES,Spain,2.214110323875781,1.1775444561554924,2.9547445255474454,0.38158847795593787,qwen
cptppola,efficacy,FI,Finland,2.2865465020469147,0.9576168280041062,3.075912408759124,0.40111787279067157,qwen
cptppola,efficacy,FR,France,2.180147948320813,0.9874977948773156,2.9941605839416057,0.38988797749329307,qwen
cptppola,efficacy,GB,United Kingdom,2.3165698562125576,1.0783771745967745,2.9416058394160585,0.37397859645857573,qwen
cptppola,efficacy,GR,Greece,2.315689573550337,1.0390720058075422,2.9635036496350367,0.32464013193756325,qwen
cptppola,efficacy,HR,Croatia,1.8203510539105203,0.9374764043066067,2.9576642335766423,0.3741896952506285,qwen
cptppola,efficacy,HU,Hungary,1.9002890329608977,0.9599319264575873,2.9678832116788323,0.44144471526222273,qwen
cptppola,efficacy,IE,Ireland,2.249292472554973,1.1144628393846572,2.975182481751825,0.3166392005396573,qwen
cptppola,efficacy,IL,Israel,2.110375003285951,1.1794141012883828,3.0554744525547446,0.43911788703913995,qwen
cptppola,efficacy,IS,Iceland,2.7486483449941344,1.0369140807170711,3.0423357664233577,0.33283353489377676,qwen
cptppola,efficacy,IT,Italy,2.0131524448099043,0.8602533569512344,2.9401459854014598,0.37178639681399783,qwen
cptppola,efficacy,LT,Lithuania,1.9640952699623115,0.9666747400226601,2.9693430656934305,0.40888559928597784,qwen
cptppola,efficacy,LV,Latvia,1.6006501763635819,0.8271079292850201,2.9810218978102188,0.4131488069137896,qwen
cptppola,efficacy,ME,Montenegro,2.160782232706074,1.0329913248927622,2.951824817518248,0.3364117042602818,qwen
cptppola,efficacy,NL,Netherlands,2.101668153905468,1.0765970118124921,2.997080291970803,0.3333205273503734,qwen
cptppola,efficacy,NO,Norway,2.6187482792528947,1.0727982194528864,3.0875912408759123,0.3987270049602473,qwen
cptppola,efficacy,PL,Poland,1.9300081759179204,0.9226357826378481,3.0043795620437956,0.39549151689076273,qwen
cptppola,efficacy,PT,Portugal,1.7280164727772018,0.9490430688999286,2.910948905109489,0.45171519000645904,qwen
cptppola,efficacy,RS,Serbia,1.8995170692372243,1.1386062417072487,2.908029197080292,0.3958960512013356,qwen
cptppola,efficacy,SE,Sweden,2.6529324090450634,1.057827280494317,3.0832116788321167,0.3712176390420047,qwen
cptppola,efficacy,SI,Slovenia,1.9722416237706597,0.9637675445306043,2.973722627737226,0.35771980789976554,qwen
cptppola,efficacy,SK,Slovakia,1.621899790036209,0.8634200998321819,2.951824817518248,0.35336771385633947,qwen
cptppola,efficacy,UA,Ukraine,1.7252724626659504,1.0353239048795415,2.8671532846715326,0.45388342029423856,qwen
trstprl,inst_trust,AT,Austria,5.242175927592053,2.4357773830496763,4.189327485380117,1.4584193346064236,qwen
trstprl,inst_trust,BE,Belgium,4.628179646810118,2.363716331922886,4.015328467153284,1.391068550477306,qwen
trstprl,inst_trust,BG,Bulgaria,2.4551554799166544,2.142437615449954,2.872992700729927,1.0101461628964787,qwen
trstprl,inst_trust,CH,Switzerland,6.496425585697865,1.876302887388109,4.627007299270073,1.4211489282487013,qwen
trstprl,inst_trust,CY,Cyprus,3.8560576559990563,2.4132199456623815,3.067153284671533,1.2237960720171734,qwen
trstprl,inst_trust,DE,Germany,4.800677929707122,2.7016964652482187,4.434306569343065,1.4926936069145091,qwen
trstprl,inst_trust,EE,Estonia,4.665463052878149,2.5884915895988727,3.7445255474452557,1.2068832622818988,qwen
trstprl,inst_trust,ES,Spain,4.285837270813649,2.644755321087217,3.4788321167883214,1.2501128988158299,qwen
trstprl,inst_trust,FI,Finland,6.529776970284798,2.021074645456615,4.0583941605839415,1.4261366829874136,qwen
trstprl,inst_trust,FR,France,4.252820714733623,2.5048193897715083,3.55036496350365,1.250445773589874,qwen
trstprl,inst_trust,GB,United Kingdom,3.8178911865183927,2.554935518140703,3.835036496350365,1.4369594707561844,qwen
trstprl,inst_trust,GR,Greece,3.1793160783535845,2.134711582927409,3.1832116788321168,1.056348763891224,qwen
trstprl,inst_trust,HR,Croatia,2.9156645471949654,2.495127922675425,2.97953216374269,1.0518849080920112,qwen
trstprl,inst_trust,HU,Hungary,4.585530523962645,2.91040181403758,2.9197080291970803,1.001887065694631,qwen
trstprl,inst_trust,IE,Ireland,4.970725946358056,2.320439923925165,3.693713450292398,1.3517966829698262,qwen
trstprl,inst_trust,IL,Israel,3.8246940387324297,2.716653532252178,2.8233576642335767,1.019994752145271,qwen
trstprl,inst_trust,IS,Iceland,5.359657982892509,2.2975318085254752,4.075912408759124,1.4855800818034215,qwen
trstprl,inst_trust,IT,Italy,4.445538313930969,2.391832372995066,3.256934306569343,1.1093565136298766,qwen
trstprl,inst_trust,LT,Lithuania,3.7015054407031442,2.5598784163179604,3.0927007299270075,1.0612551211826065,qwen
trstprl,inst_trust,LV,Latvia,3.085455968220223,2.4264638758674892,3.1978102189781024,1.1261425097360465,qwen
trstprl,inst_trust,ME,Montenegro,4.129466068560609,2.4463912606990545,3.126277372262774,1.162478074558545,qwen
trstprl,inst_trust,NL,Netherlands,5.233150010344147,2.1241407487756607,4.101459854014599,1.3481623512617567,qwen
trstprl,inst_trust,NO,Norway,6.3778614703226735,2.448114306931588,4.622627737226277,1.524986468194682,qwen
trstprl,inst_trust,PL,Poland,3.925013781281735,2.6525205010712836,2.9255474452554746,1.0381628226616324,qwen
trstprl,inst_trust,PT,Portugal,4.406812631092893,2.6392617809490924,3.4832116788321166,1.381031129258267,qwen
trstprl,inst_trust,RS,Serbia,4.139536965942952,3.11180706192086,2.705109489051095,0.8970648343023987,qwen
trstprl,inst_trust,SE,Sweden,6.243150550294175,2.1840669503513883,4.338686131386861,1.441310328904905,qwen
trstprl,inst_trust,SI,Slovenia,4.143335995733991,2.44690284252444,3.4072992700729925,1.200245773838186,qwen
trstprl,inst_trust,SK,Slovakia,4.244871028022013,2.6559370223511354,2.8255474452554745,0.9615433802422864,qwen
trstprl,inst_trust,UA,Ukraine,2.154783571969598,2.560212225230448,2.3043795620437955,0.7322828014749938,qwen
trstplt,inst_trust,AT,Austria,3.759807007815198,2.5517147541887493,3.413138686131387,0.9927233437220996,qwen
trstplt,inst_trust,BE,Belgium,4.0912119142117565,2.3030896924496074,3.3693430656934305,1.0902654086843389,qwen
trstplt,inst_trust,BG,Bulgaria,2.1475325125405034,2.043033768354063,2.872262773722628,1.0000533558139542,qwen
trstplt,inst_trust,CH,Switzerland,5.589920851708134,1.9233925096008715,3.545985401459854,1.1895017507306365,qwen
trstplt,inst_trust,CY,Cyprus,2.6828211384739284,2.2422617403612857,2.7605839416058395,1.168692330674262,qwen
trstplt,inst_trust,DE,Germany,3.8328900242318618,2.416750373184652,3.4664233576642336,1.0587478378957587,qwen
trstplt,inst_trust,EE,Estonia,3.568793977242785,2.3163644674991177,3.421167883211679,0.9757611107058092,qwen
trstplt,inst_trust,ES,Spain,2.703188652290895,2.356131769882449,2.948905109489051,0.8960697801645513,qwen
trstplt,inst_trust,FI,Finland,5.356354939762621,2.0401590612951246,3.4941605839416057,1.2646663813221422,qwen
trstplt,inst_trust,FR,France,3.870814232958948,2.173635778622873,3.1527777777777777,1.0222880219095352,qwen
trstplt,inst_trust,GB,United Kingdom,3.0158032274748607,2.323845033474665,3.0328467153284673,0.9900904832720844,qwen
trstplt,inst_trust,GR,Greece,2.6916226846109907,1.9888520315402693,3.0512445095168377,0.8924630997464039,qwen
trstplt,inst_trust,HR,Croatia,2.0635325844053702,2.1869972012597643,2.8270072992700728,0.9836011863587253,qwen
trstplt,inst_trust,HU,Hungary,4.097236675778126,2.7014218276436006,2.77007299270073,0.9785988434586781,qwen
trstplt,inst_trust,IE,Ireland,4.236359300463853,2.3611316025918088,3.0423357664233577,0.956489272914939,qwen
trstplt,inst_trust,IL,Israel,3.2341115093976076,2.4973458568954587,2.7596350364963502,1.0140074575252631,qwen
trstplt,inst_trust,IS,Iceland,4.523770015731723,2.220347967941023,3.267153284671533,1.1442782582560116,qwen
trstplt,inst_trust,IT,Italy,3.3494548812045486,2.3317383487922063,3.0189781021897812,0.9735187313452262,qwen
trstplt,inst_trust,LT,Lithuania,3.400487282096519,2.327756603157886,2.9997810218978103,0.8923181479296973,qwen
trstplt,inst_trust,LV,Latvia,2.6659860661685597,2.240002528040905,3.0065693430656935,0.9328479611648522,qwen
trstplt,inst_trust,ME,Montenegro,3.465533384712255,2.179659795186121,2.834306569343066,1.0046993350406128,qwen
trstplt,inst_trust,NL,Netherlands,4.811463308692996,2.0572352003160677,3.5211678832116786,1.0220114510046097,qwen
trstplt,inst_trust,NO,Norway,5.179298822506107,2.121172112973884,3.5934306569343066,1.1451783218454932,qwen
trstplt,inst_trust,PL,Poland,2.8747644511024646,2.3577784249730933,2.9255474452554746,1.079245268903383,qwen
trstplt,inst_trust,PT,Portugal,2.8960445194558364,2.364964383248404,2.845985401459854,0.9164684473517074,qwen
trstplt,inst_trust,RS,Serbia,2.807561355103738,2.856745406722904,2.739766081871345,0.8987370042948446,qwen
trstplt,inst_trust,SE,Sweden,4.848564291664028,2.0135710530862836,3.44963503649635,1.133302636812827,qwen
trstplt,inst_trust,SI,Slovenia,3.1784893447640648,2.269207551701215,3.1313868613138687,1.0666222458416095,qwen
trstplt,inst_trust,SK,Slovakia,3.9693729450476685,2.584523458368587,2.8423357664233575,1.0152148555284046,qwen
trstplt,inst_trust,UA,Ukraine,1.962396981919774,2.3376603746548095,2.3897810218978104,0.8119434370453046,qwen
trstlgl,inst_trust,AT,Austria,6.5286971443572615,2.377865984466505,7.156934306569343,0.4917143331693166,qwen
trstlgl,inst_trust,BE,Belgium,5.266169731715172,2.4785467994055304,7.08978102189781,0.7252026004004737,qwen
trstlgl,inst_trust,BG,Bulgaria,3.875565887842884,2.91515080536421,6.5788321167883215,1.0146896694471632,qwen
trstlgl,inst_trust,CH,Switzerland,6.9523468665135075,1.982959865644012,7.426277372262773,0.5547864655589156,qwen
trstlgl,inst_trust,CY,Cyprus,4.2943830474763836,2.632961859588091,6.8182481751824815,0.9771676292970077,qwen
trstlgl,inst_trust,DE,Germany,6.025063268339777,2.3793754390666955,7.228467153284671,0.5172391996319403,qwen
trstlgl,inst_trust,EE,Estonia,6.267710745689831,2.4762551301101157,7.1988304093567255,0.5133062016983901,qwen
trstlgl,inst_trust,ES,Spain,5.272403732506698,2.624309538411468,6.911678832116788,0.7383664692408634,qwen
trstlgl,inst_trust,FI,Finland,7.3772855276226155,1.9124758052898003,7.49021897810219,0.6875293371234329,qwen
trstlgl,inst_trust,FR,France,5.277578722328512,2.5140756806538884,7.05783308931186,0.7667633855382153,qwen
trstlgl,inst_trust,GB,United Kingdom,5.6163780941442445,2.521011371523573,6.949635036496351,0.7497683938288439,qwen
trstlgl,inst_trust,GR,Greece,5.246702680608762,2.5025338591575808,6.6988304093567255,0.6833719089383468,qwen
trstlgl,inst_trust,HR,Croatia,3.1060360867847785,2.470375641568366,6.80948905109489,0.7368618471765184,qwen
trstlgl,inst_trust,HU,Hungary,5.413927522391459,2.801304195804185,6.936496350364964,0.8262750126628472,qwen
trstlgl,inst_trust,IE,Ireland,5.69203320764676,2.396033627315256,7.027007299270073,0.6608854207957132,qwen
trstlgl,inst_trust,IL,Israel,4.48102706718821,2.8574560576316346,6.874452554744526,1.0074306672326112,qwen
trstlgl,inst_trust,IS,Iceland,5.826511704694114,2.290303931244154,7.265693430656935,0.6255334514318874,qwen
trstlgl,inst_trust,IT,Italy,5.530528680908423,2.3101433585918305,6.832602339181286,0.8072538701595917,qwen
trstlgl,inst_trust,LT,Lithuania,5.333041524038505,2.53083676667906,6.918248175182482,0.6605220089322883,qwen
trstlgl,inst_trust,LV,Latvia,4.138967022176612,2.66581072788196,6.897080291970803,0.7219351032131466,qwen
trstlgl,inst_trust,ME,Montenegro,4.23413572231689,2.1759236559663613,6.697080291970803,0.9290583176415041,qwen
trstlgl,inst_trust,NL,Netherlands,6.388762659695479,2.0597908065345725,7.3664233576642335,0.5786500437551461,qwen
trstlgl,inst_trust,NO,Norway,7.3011783937619,2.191185770067164,7.491240875912409,0.7091171568833785,qwen
trstlgl,inst_trust,PL,Poland,4.021643146743594,2.525457601316737,6.926715328467154,0.7576713994505773,qwen
trstlgl,inst_trust,PT,Portugal,4.435887011208429,2.4930759270446927,6.697810218978102,0.9454776287076537,qwen
trstlgl,inst_trust,RS,Serbia,4.272382534026924,3.0329847425670975,6.163011695906433,1.1738202051199855,qwen
trstlgl,inst_trust,SE,Sweden,6.422212816009448,2.215417878073363,7.483918128654971,0.7559651500399805,qwen
trstlgl,inst_trust,SI,Slovenia,4.782517309791612,2.5380693623732102,7.061313868613139,0.6448455292592374,qwen
trstlgl,inst_trust,SK,Slovakia,5.15859064611645,2.6736842426754746,6.707299270072992,0.9299779155788478,qwen
trstlgl,inst_trust,UA,Ukraine,2.62570472401749,2.7208794816359383,4.790510948905109,1.4705631659671217,qwen
trstprt,inst_trust,AT,Austria,3.6963347780733735,2.4576851742054227,4.4211678832116785,1.7236924299651173,qwen
trstprt,inst_trust,BE,Belgium,3.901528783790737,2.198950818680616,4.412408759124087,1.7898530296533912,qwen
trstprt,inst_trust,BG,Bulgaria,2.2674519398970117,2.1398152506421457,4.162773722627737,2.10856674040062,qwen
trstprt,inst_trust,CH,Switzerland,5.365733608710456,1.8908503187585053,4.646715328467153,1.9043291360259462,qwen
trstprt,inst_trust,CY,Cyprus,2.482863307998946,2.1835126229241606,4.562773722627737,2.553893006411463,qwen
trstprt,inst_trust,DE,Germany,3.887155565743618,2.2491886771250265,4.611678832116788,1.7338252377849162,qwen
trstprt,inst_trust,EE,Estonia,3.6893980783220424,2.206886268768,5.036496350364963,1.8835186957534409,qwen
trstprt,inst_trust,ES,Spain,2.6973428924841145,2.389649147738557,3.9094890510948903,1.980677242987539,qwen
trstprt,inst_trust,FI,Finland,5.434923773302382,1.9347737916257004,5.1956204379562045,2.0573953261919913,qwen
trstprt,inst_trust,FR,France,3.47647353131399,2.0911343205670136,4.273722627737226,2.0003387897627096,qwen
trstprt,inst_trust,GB,United Kingdom,3.1850148949940458,2.348263095051111,4.010948905109489,1.8222022066412988,qwen
trstprt,inst_trust,GR,Greece,2.822445362838009,2.0601598484600308,4.189051094890511,1.8312459740736453,qwen
trstprt,inst_trust,HR,Croatia,2.1587417100304584,2.2333583748636854,4.06948905109489,2.0869800788844746,qwen
trstprt,inst_trust,HU,Hungary,4.075109341052381,2.6270031356835526,4.384671532846715,2.4549714005715235,qwen
trstprt,inst_trust,IE,Ireland,4.1739986092793675,2.2933948015392263,4.018248175182482,1.7607322945788308,qwen
trstprt,inst_trust,IL,Israel,3.3813375609355893,2.3700459503345623,4.416058394160584,2.4322466203730513,qwen
trstprt,inst_trust,IS,Iceland,4.525464685011454,2.1950486298837695,4.4693430656934305,1.9693767397948452,qwen
trstprt,inst_trust,IT,Italy,3.3610208793207383,2.3497735806666395,3.9824817518248175,1.9239145116864285,qwen
trstprt,inst_trust,LT,Lithuania,3.2821173428708135,2.2763117265865733,4.12043795620438,1.8136156048898318,qwen
trstprt,inst_trust,LV,Latvia,2.525386270481844,2.2211609129739815,4.205839416058394,1.9727591634219206,qwen
trstprt,inst_trust,ME,Montenegro,3.711090386615508,2.31307033299726,3.802919708029197,1.9345633415556966,qwen
trstprt,inst_trust,NL,Netherlands,4.98058333512499,1.96243459082431,4.5781021897810215,1.7572204979543318,qwen
trstprt,inst_trust,NO,Norway,5.3671595304269255,2.048502318553941,5.223357664233577,1.904068542280487,qwen
trstprt,inst_trust,PL,Poland,2.91436556509795,2.379831825361464,4.351094890510949,2.3273141909337913,qwen
trstprt,inst_trust,PT,Portugal,2.902951409350657,2.3264527645400332,3.816058394160584,1.8552609554883124,qwen
trstprt,inst_trust,RS,Serbia,2.7175046698677487,2.7055050189578025,3.578832116788321,1.7818706354671494,qwen
trstprt,inst_trust,SE,Sweden,4.999524367908062,1.9794609607411369,5.129197080291971,1.9538970125531125,qwen
trstprt,inst_trust,SI,Slovenia,3.164576009060389,2.239666440421617,4.152554744525547,1.9909547025186465,qwen
trstprt,inst_trust,SK,Slovakia,3.9660866445286804,2.5627466267439947,3.713868613138686,1.9006455690642279,qwen
trstprt,inst_trust,UA,Ukraine,1.91796145354318,2.3487551677241822,2.964963503649635,1.295041784017133,qwen
trstplc,inst_trust,AT,Austria,7.048198702400107,2.3299292139289602,7.932748538011696,0.5328264267995311,qwen
trstplc,inst_trust,BE,Belgium,6.481846683689832,2.1348624084842096,7.824561403508772,0.6459099480102344,qwen
trstplc,inst_trust,BG,Bulgaria,5.184958703759927,2.8147241541045096,7.577598828696925,0.5514407443634182,qwen
trstplc,inst_trust,CH,Switzerland,7.32249972900217,1.9502362133668902,8.092532942898975,0.5102927657313485,qwen
trstplc,inst_trust,CY,Cyprus,5.093593287394825,2.602201706540397,7.5992700729927005,0.7635229549168355,qwen
trstplc,inst_trust,DE,Germany,7.004467206225458,2.112825816430906,7.878102189781022,0.5659328748020807,qwen
trstplc,inst_trust,EE,Estonia,7.451618857814621,2.145865473139831,8.006286549707603,0.4982590008932043,qwen
trstplc,inst_trust,ES,Spain,6.882325569432233,2.402605682884896,7.638686131386861,0.5714002723358722,qwen
trstplc,inst_trust,FI,Finland,8.36650961396084,1.4188422090457942,8.12846715328467,0.5602512105079794,qwen
trstplc,inst_trust,FR,France,6.521489045769595,2.2468552023670956,7.630307467057101,0.6161352388868212,qwen
trstplc,inst_trust,GB,United Kingdom,5.84353719624166,2.528930687537436,7.342606149341142,0.7218115864649806,qwen
trstplc,inst_trust,GR,Greece,5.851565485960466,2.389356055870539,7.426793557833089,0.5573287750309499,qwen
trstplc,inst_trust,HR,Croatia,5.391691659108795,2.572495577309672,7.723684210526316,0.5319599878576522,qwen
trstplc,inst_trust,HU,Hungary,6.323114992395225,2.5514012895441174,7.824561403508772,0.597024550533768,qwen
trstplc,inst_trust,IE,Ireland,6.34225194768484,2.417847478632362,7.776350364963504,0.5285377543436982,qwen
trstplc,inst_trust,IL,Israel,4.731499091666773,2.803993866551745,7.444525547445256,0.8177418368288215,qwen
trstplc,inst_trust,IS,Iceland,6.880903752638397,2.286741214103045,7.935766423357665,0.6382928192765188,qwen
trstplc,inst_trust,IT,Italy,6.735453139431022,2.03696389366766,7.748905109489051,0.5745729138936918,qwen
trstplc,inst_trust,LT,Lithuania,6.840907731460925,2.3620641004973,7.765350877192983,0.5163346659354446,qwen
trstplc,inst_trust,LV,Latvia,5.345565623059908,2.565313030311234,7.778102189781022,0.6000384159810874,qwen
trstplc,inst_trust,ME,Montenegro,5.33831741989394,2.289400230773549,7.557017543859649,0.6255613184081487,qwen
trstplc,inst_trust,NL,Netherlands,7.031936952279682,1.6731356506046635,8.034306569343066,0.4555438168120911,qwen
trstplc,inst_trust,NO,Norway,7.497281115481987,2.131882331185733,8.153508771929825,0.38999489231060175,qwen
trstplc,inst_trust,PL,Poland,5.144209820314441,2.6126205890611636,7.746715328467153,0.7692985997064525,qwen
trstplc,inst_trust,PT,Portugal,6.35140123530796,2.37199949180341,7.673976608187134,0.5374643351928492,qwen
trstplc,inst_trust,RS,Serbia,5.298439353393637,3.0755522567357465,7.334795321637427,0.6215173791843267,qwen
trstplc,inst_trust,SE,Sweden,7.010517082776527,2.0695476008677933,8.093841642228739,0.5240110395780309,qwen
trstplc,inst_trust,SI,Slovenia,6.298202965670212,2.39963246963771,7.947368421052632,0.6329244484759741,qwen
trstplc,inst_trust,SK,Slovakia,5.715810942457989,2.5968965560218478,7.777777777777778,0.5547904280592909,qwen
trstplc,inst_trust,UA,Ukraine,3.346869383787289,2.882555307976165,6.897810218978102,0.9151476371868291,qwen
trstep,inst_trust,AT,Austria,4.441713049182769,2.7027869412924757,5.043065693430657,1.4388000411952875,qwen
trstep,inst_trust,BE,Belgium,4.644375709423029,2.482058348908749,5.37007299270073,1.4329234911558892,qwen
trstep,inst_trust,BG,Bulgaria,4.590907637406625,2.8154598161996414,5.159124087591241,1.6479898593999363,qwen
trstep,inst_trust,CH,Switzerland,4.9804047024318026,2.142752152560394,5.0102189781021895,1.3745964145361647,qwen
trstep,inst_trust,CY,Cyprus,4.494442682400129,2.6253215046817244,4.833576642335767,1.7864940580188513,qwen
trstep,inst_trust,DE,Germany,4.6553069483283815,2.6988466506724818,5.226277372262774,1.3901948868906633,qwen
trstep,inst_trust,EE,Estonia,4.867659024996451,2.5389822170035377,5.922627737226278,1.2651995601514014,qwen
trstep,inst_trust,ES,Spain,4.617834338361529,2.58207626029311,4.909489051094891,1.6169733481801656,qwen
trstep,inst_trust,FI,Finland,5.884698971541353,2.0478526383413707,5.435036496350365,1.5094047876542442,qwen
trstep,inst_trust,FR,France,4.358218524618483,2.5065079834216193,4.858394160583941,1.612843296597985,qwen
trstep,inst_trust,GB,United Kingdom,3.9659348201020137,2.634761088291623,4.559124087591241,1.5657404290957377,qwen
trstep,inst_trust,GR,Greece,4.325553876401601,2.3648784897283908,4.986861313868613,1.4681719507390363,qwen
trstep,inst_trust,HR,Croatia,4.181384694167215,2.639162523655762,4.897810218978102,1.6591262387808858,qwen
trstep,inst_trust,HU,Hungary,4.842041979022309,2.559677185813506,4.831871345029239,1.6712473334615339,qwen
trstep,inst_trust,IE,Ireland,5.190912190718104,2.301815167988883,5.02043795620438,1.4718180410382398,qwen
trstep,inst_trust,IL,Israel,2.7966407305118883,2.5564369022191045,4.945255474452555,1.6894050132139633,qwen
trstep,inst_trust,IS,Iceland,5.5923851198663295,2.243165922829671,5.313868613138686,1.435513564282334,qwen
trstep,inst_trust,IT,Italy,4.647829420068639,2.3531593011282976,4.661313868613139,1.5827214041502482,qwen
trstep,inst_trust,LT,Lithuania,5.023996321399762,2.632139279336537,5.45036496350365,1.5151826211314716,qwen
trstep,inst_trust,LV,Latvia,4.251592920932756,2.6260011177629847,5.364963503649635,1.5202142451000946,qwen
trstep,inst_trust,ME,Montenegro,5.54537932736838,2.362639500661553,5.088321167883212,1.555929316213068,qwen
trstep,inst_trust,NL,Netherlands,5.1357615968982495,2.242656739308697,5.357664233576642,1.3825205088068402,qwen
trstep,inst_trust,NO,Norway,5.627393518801301,2.178716230468213,5.502189781021897,1.408644321175374,qwen
trstep,inst_trust,PL,Poland,3.957651671025209,2.697137928277827,5.021167883211679,1.694048347493473,qwen
trstep,inst_trust,PT,Portugal,4.892394298430099,2.617896802698862,4.675912408759124,1.6850098281528,qwen
trstep,inst_trust,RS,Serbia,2.7730792127220054,2.825146464333168,4.818978102189781,1.5031902160216373,qwen
trstep,inst_trust,SE,Sweden,5.2806213736007015,2.1710305492664226,5.45985401459854,1.44066159336963,qwen
trstep,inst_trust,SI,Slovenia,4.528745064461624,2.5517164807944748,5.1262773722627735,1.5696905342278609,qwen
trstep,inst_trust,SK,Slovakia,4.626454297072137,2.9537924517663043,4.547445255474453,1.651557845653488,qwen
trstep,inst_trust,UA,Ukraine,4.195768145519062,3.0947491383522934,4.748905109489051,1.5778120162194502,qwen
trstun,inst_trust,AT,Austria,4.9381208805276975,2.66672198274972,6.9145985401459855,0.5032845546808702,qwen
trstun,inst_trust,BE,Belgium,5.238178968574235,2.396333746412237,6.978070175438597,0.46655500889750223,qwen
trstun,inst_trust,BG,Bulgaria,4.799013115669446,2.799354120493202,7.027007299270073,0.6788905261070232,qwen
trstun,inst_trust,CH,Switzerland,5.327174304085703,2.2798633759460833,6.932846715328467,0.6293398436061077,qwen
trstun,inst_trust,CY,Cyprus,4.104515544764862,2.5993390491532526,6.970802919708029,0.7373851961335018,qwen
trstun,inst_trust,DE,Germany,4.795974606838823,2.5178768647535934,6.946637426900585,0.46203171232561596,qwen
trstun,inst_trust,EE,Estonia,4.795070493223868,2.662819868529023,7.139619883040936,0.6024793832788977,qwen
trstun,inst_trust,ES,Spain,4.869911326639016,2.6935501723222925,6.862773722627737,0.6856941779986458,qwen
trstun,inst_trust,FI,Finland,6.488996062898592,2.117560252132273,7.088321167883212,0.5486647392676088,qwen
trstun,inst_trust,FR,France,5.187570945898971,2.439297260904272,6.963503649635037,0.5774611594757131,qwen
trstun,inst_trust,GB,United Kingdom,5.068956337890133,2.6334564888091543,6.522627737226277,0.946600002342172,qwen
trstun,inst_trust,GR,Greece,4.380066069687555,2.3779031168488247,6.951754385964913,0.598201177049812,qwen
trstun,inst_trust,HR,Croatia,4.641931114635581,2.8824633999834313,6.849415204678363,0.7906756808772512,qwen
trstun,inst_trust,HU,Hungary,5.431164439172593,2.492506117115492,6.944525547445256,0.6549317749421156,qwen
trstun,inst_trust,IE,Ireland,5.348305834138985,2.419858286145188,6.915328467153285,0.6662159124124808,qwen
trstun,inst_trust,IL,Israel,2.158735877721266,2.499463206769922,6.7846715328467155,1.0457300054463272,qwen
trstun,inst_trust,IS,Iceland,6.129719684805683,2.275120220593933,7.121167883211679,0.4392029358395101,qwen
trstun,inst_trust,IT,Italy,4.959247795419568,2.407398237329906,6.884671532846715,0.7213221404169484,qwen
trstun,inst_trust,LT,Lithuania,5.113734704134614,2.6384547194832537,7.039416058394161,0.5605654079965475,qwen
trstun,inst_trust,LV,Latvia,3.944849335449868,2.8572210133988953,7.070802919708029,0.5288684522237498,qwen
trstun,inst_trust,ME,Montenegro,5.477883219043625,2.3384144117845906,7.109489051094891,0.47724281394466017,qwen
trstun,inst_trust,NL,Netherlands,5.837135196439165,2.0616843339052084,7.010948905109489,0.5167768462199174,qwen
trstun,inst_trust,NO,Norway,7.004010109627948,2.20650915385233,7.087591240875913,0.49002405590109765,qwen
trstun,inst_trust,PL,Poland,4.925437491650594,2.585202291044782,6.913138686131387,0.6904547105684951,qwen
trstun,inst_trust,PT,Portugal,5.468309186576956,2.6214498499165084,6.762043795620438,0.8112991699172255,qwen
trstun,inst_trust,RS,Serbia,2.8935428453296557,2.870760992698354,6.92992700729927,0.6776901087910057,qwen
trstun,inst_trust,SE,Sweden,6.378675272276728,2.1906130537695097,7.062773722627737,0.5732853023626032,qwen
trstun,inst_trust,SI,Slovenia,4.75708153743771,2.593813931582263,6.983941605839416,0.6049543959229823,qwen
trstun,inst_trust,SK,Slovakia,5.006831482621015,3.0015706587559183,6.8182481751824815,0.8232920454615137,qwen
trstun,inst_trust,UA,Ukraine,3.6013180121383064,3.107175118929105,7.048175182481752,0.5934710797356562,qwen
happy,wellbeing,AT,Austria,7.76090373708049,1.6476809008987041,7.033576642335767,0.4733045105294688,qwen
happy,wellbeing,BE,Belgium,7.693888917247725,1.5948426862606622,7.197080291970803,0.6448107757522593,qwen
happy,wellbeing,BG,Bulgaria,6.2599013533973995,2.1058326813703254,7.054014598540146,0.6622677898837941,qwen
happy,wellbeing,CH,Switzerland,8.143443693353284,1.4784609167560088,7.212408759124088,0.49830784648115467,qwen
happy,wellbeing,CY,Cyprus,6.987720510210006,2.0375544046536445,6.963503649635037,0.8342868152609386,qwen
happy,wellbeing,DE,Germany,7.770826781915745,1.6481961735890556,7.156934306569343,0.5254899719217717,qwen
happy,wellbeing,EE,Estonia,7.392975022060044,1.8125399321856848,7.2569343065693435,0.592693773732063,qwen
happy,wellbeing,ES,Spain,7.9068639433129615,1.5083333876993539,7.02992700729927,0.6010912303293869,qwen
happy,wellbeing,FI,Finland,8.056294696497618,1.4941446726890395,7.327007299270073,0.591423059515572,qwen
happy,wellbeing,FR,France,7.484937725116078,1.5824931766151542,7.237956204379562,0.5870347961410031,qwen
happy,wellbeing,GB,United Kingdom,7.58670240724883,1.8928609716961053,7.05985401459854,0.5886921591029294,qwen
happy,wellbeing,GR,Greece,6.842498028815976,1.5533308312932954,6.994160583941606,0.540706493568177,qwen
happy,wellbeing,HR,Croatia,7.57452763307812,1.8953856307718508,7.067153284671533,0.6217440910644443,qwen
happy,wellbeing,HU,Hungary,7.213928510077665,1.949751769688737,7.035766423357664,0.7927612217552736,qwen
happy,wellbeing,IE,Ireland,7.656938166322823,1.5969945819593403,7.023357664233576,0.5937371449790467,qwen
happy,wellbeing,IL,Israel,7.378506798276478,1.9589332675006683,7.240875912408759,0.6724045557746781,qwen
happy,wellbeing,IS,Iceland,7.795136804185614,1.6901819986040958,7.178832116788321,0.5958470624027792,qwen
happy,wellbeing,IT,Italy,6.866632272435569,1.7736600966317824,7.059124087591241,0.5669445583481485,qwen
happy,wellbeing,LT,Lithuania,7.462256314361242,1.9640572400944816,7.118248175182481,0.6128758517547114,qwen
happy,wellbeing,LV,Latvia,6.942492161894379,2.010490673099773,7.022627737226277,0.6768944285176061,qwen
happy,wellbeing,ME,Montenegro,6.598538405658492,1.9929676150976603,6.991970802919708,0.668534488055316,qwen
happy,wellbeing,NL,Netherlands,7.967482570449453,1.2594481552897474,7.310948905109489,0.5883467311377416,qwen
happy,wellbeing,NO,Norway,7.874301227891386,1.6412667294737115,7.295620437956204,0.56375264851217,qwen
happy,wellbeing,PL,Poland,7.580291683668927,1.9297359190706487,7.175912408759124,0.5291952330243906,qwen
happy,wellbeing,PT,Portugal,7.18890332891691,1.9345513767482962,6.878102189781022,0.8170081033894154,qwen
happy,wellbeing,RS,Serbia,7.293745610623994,2.1956271452212994,6.91970802919708,0.7454383121369063,qwen
happy,wellbeing,SE,Sweden,7.653675579018058,1.651322113708472,7.402189781021898,0.7147636047772251,qwen
happy,wellbeing,SI,Slovenia,7.741530514531192,1.7814239483325474,7.113430656934306,0.6794567381373878,qwen
happy,wellbeing,SK,Slovakia,6.821599780133437,2.1340105043999387,6.951824817518248,0.7193139793200036,qwen
happy,wellbeing,UA,Ukraine,6.148338386295668,2.6702456732390303,6.3623357664233575,0.9671567592885892,qwen
stflife,wellbeing,AT,Austria,7.78814385622568,1.663509124198267,6.957664233576643,0.6180428725899553,qwen
stflife,wellbeing,BE,Belgium,7.309428021722151,1.8917094461027428,7.1785401459854015,0.6373539738110426,qwen
stflife,wellbeing,BG,Bulgaria,6.042474309791918,2.2120628343463418,6.943795620437956,0.8707277753423979,qwen
stflife,wellbeing,CH,Switzerland,8.117545251532318,1.5615082032326784,7.217518248175183,0.7097790005094389,qwen
stflife,wellbeing,CY,Cyprus,6.3500031076829355,2.4105596498933695,6.8664233576642335,1.0341590767115327,qwen
stflife,wellbeing,DE,Germany,7.5174226887125135,1.8370147717535326,7.0927007299270075,0.6116121726880264,qwen
stflife,wellbeing,EE,Estonia,6.995530555906337,2.0155902024685055,7.275912408759124,0.5796910786811564,qwen
stflife,wellbeing,ES,Spain,7.498474456930226,1.8224070220472202,6.9211678832116785,0.8383559741052014,qwen
stflife,wellbeing,FI,Finland,7.884236327112843,1.6106494607761095,7.334306569343066,0.7121992497713749,qwen
stflife,wellbeing,FR,France,6.770231955192009,2.2774602348290798,7.15036496350365,0.8006872128401559,qwen
stflife,wellbeing,GB,United Kingdom,7.076060810502419,2.0857563950905624,6.914160583941605,0.8013079971763915,qwen
stflife,wellbeing,GR,Greece,6.412675488700161,1.9600409763547444,6.920437956204379,0.6351242782712829,qwen
stflife,wellbeing,HR,Croatia,7.254634337219264,2.1096005755584524,6.9627737226277375,0.7669152247032195,qwen
stflife,wellbeing,HU,Hungary,6.621330451773505,2.1411539701501248,7.004379562043796,0.8719029243689917,qwen
stflife,wellbeing,IE,Ireland,7.264586614245971,1.746506935243767,6.945985401459854,0.7404375384356081,qwen
stflife,wellbeing,IL,Israel,7.100674068580728,2.0995398201582294,7.279562043795621,0.740647208491404,qwen
stflife,wellbeing,IS,Iceland,7.616733195317123,1.8741151012792872,7.189781021897811,0.7688455566563303,qwen
stflife,wellbeing,IT,Italy,6.739670239629779,1.903152675906479,6.916788321167883,0.7456079335057268,qwen
stflife,wellbeing,LT,Lithuania,7.1356614539550485,2.0928346239824207,7.016058394160584,0.7422340207874984,qwen
stflife,wellbeing,LV,Latvia,6.395823933792753,2.2344529567249887,6.958394160583942,0.7609476178810429,qwen
stflife,wellbeing,ME,Montenegro,6.107432602015085,2.2377777283887044,6.875912408759124,0.813763686426101,qwen
stflife,wellbeing,NL,Netherlands,7.911109433699263,1.2395781286526681,7.278832116788321,0.6927391449482353,qwen
stflife,wellbeing,NO,Norway,7.694714604104831,1.7955247906018192,7.333576642335767,0.5985212494167016,qwen
stflife,wellbeing,PL,Poland,7.330899994057487,2.0169033095979096,7.175912408759124,0.677599558668098,qwen
stflife,wellbeing,PT,Portugal,6.56427821284171,2.0566130251835895,6.706277372262774,0.9711052117607414,qwen
stflife,wellbeing,RS,Serbia,6.842770538058628,2.31384027899869,6.818978102189781,0.7666793331062097,qwen
stflife,wellbeing,SE,Sweden,7.761426256173515,1.765214803913871,7.403649635036496,0.6921034088392524,qwen
stflife,wellbeing,SI,Slovenia,7.542574813136172,1.9244888595960155,7.039416058394161,0.7309328398754688,qwen
stflife,wellbeing,SK,Slovakia,6.4957221910406595,2.193641926033914,6.884671532846715,0.8617005584760348,qwen
stflife,wellbeing,UA,Ukraine,5.135055056810102,2.8746660557095858,6.112408759124087,1.173441809645847,qwen
stfeco,wellbeing,AT,Austria,5.54995975100486,2.122906575697393,5.867153284671533,1.339028925494727,qwen
stfeco,wellbeing,BE,Belgium,4.98606815137708,2.140962305023091,6.102189781021898,1.2674782230089212,qwen
stfeco,wellbeing,BG,Bulgaria,3.031413845159043,2.0478322235714828,5.290510948905109,1.6326297809691674,qwen
stfeco,wellbeing,CH,Switzerland,6.845506079176042,1.794737285619912,6.271532846715329,1.1326461348668757,qwen
stfeco,wellbeing,CY,Cyprus,3.621005068769763,2.2862779112800453,5.296350364963503,1.7707998968617948,qwen
stfeco,wellbeing,DE,Germany,4.603022073123684,2.2304373073135833,6.184671532846715,1.2204932920216,qwen
stfeco,wellbeing,EE,Estonia,3.9325211402685727,2.2100479528054375,6.386861313868613,1.0163011651195808,qwen
stfeco,wellbeing,ES,Spain,4.237300941743682,2.24737885886348,5.604379562043795,1.5791898050954332,qwen
stfeco,wellbeing,FI,Finland,5.621461226119554,1.9579719138360596,6.2364963503649635,1.2919496527817629,qwen
stfeco,wellbeing,FR,France,3.660295890775978,2.2237287051207018,5.906569343065693,1.460003023086374,qwen
stfeco,wellbeing,GB,United Kingdom,3.2607008909458353,2.1312607908213446,5.658394160583941,1.4858318370256667,qwen
stfeco,wellbeing,GR,Greece,3.469009875643056,2.0401583899106384,5.34014598540146,1.439697207343455,qwen
stfeco,wellbeing,HR,Croatia,3.81438187157306,2.2290589463333133,5.37956204379562,1.6282025879979027,qwen
stfeco,wellbeing,HU,Hungary,4.222210680856891,2.5543458274354554,5.4554744525547445,1.6779843671088175,qwen
stfeco,wellbeing,IE,Ireland,5.177761758303079,2.237107840768206,5.62043795620438,1.4736049347842108,qwen
stfeco,wellbeing,IL,Israel,4.637346340378427,2.4778551747260322,6.008759124087591,1.4285863075407097,qwen
stfeco,wellbeing,IS,Iceland,4.354133278700258,2.301638119156402,6.091970802919708,1.249096655702286,qwen
stfeco,wellbeing,IT,Italy,4.1676646263709225,2.127827664975726,5.435036496350365,1.4948053933106968,qwen
stfeco,wellbeing,LT,Lithuania,4.544519559488827,2.4391149388673945,5.7021897810218976,1.47059219251261,qwen
stfeco,wellbeing,LV,Latvia,3.5572163109068264,2.1520775282363993,5.582481751824817,1.479187870380219,qwen
stfeco,wellbeing,ME,Montenegro,4.329125358977915,2.4212189501351213,5.499270072992701,1.5471392365604393,qwen
stfeco,wellbeing,NL,Netherlands,5.750090162399542,1.8883487420818466,6.315328467153285,1.0935009038619565,qwen
stfeco,wellbeing,NO,Norway,5.638977511362683,2.2999889990969327,6.321167883211679,1.166881600310178,qwen
stfeco,wellbeing,PL,Poland,5.266828562831059,2.084401474654986,5.6608187134502925,1.5539634027172518,qwen
stfeco,wellbeing,PT,Portugal,3.7597087439710393,2.2173779023902607,5.2087591240875915,1.7316909582644657,qwen
stfeco,wellbeing,RS,Serbia,4.08009767411611,2.6670196884026667,5.137226277372263,1.5770191410500745,qwen
stfeco,wellbeing,SE,Sweden,4.727544972683704,2.003617018275472,6.362773722627737,1.0795146800010318,qwen
stfeco,wellbeing,SI,Slovenia,5.256003164705521,2.198909115847543,5.878832116788321,1.4554510693737777,qwen
stfeco,wellbeing,SK,Slovakia,3.90539600420454,2.4802603822382823,5.337226277372263,1.6592381512559744,qwen
stfeco,wellbeing,UA,Ukraine,2.582621884597501,2.473376037105537,3.581021897810219,1.5182868176437863,qwen
stfgov,wellbeing,AT,Austria,4.039162360697896,2.542751952796585,6.207299270072992,1.0788120928370766,qwen
stfgov,wellbeing,BE,Belgium,4.327179766206084,2.2310383559273848,6.321897810218978,1.1845567760237805,qwen
stfgov,wellbeing,BG,Bulgaria,2.6719832241253285,2.1518931725478994,5.801459854014599,1.4624933348905882,qwen
stfgov,wellbeing,CH,Switzerland,6.603606802594606,1.7563173900139182,6.403649635036496,1.1141965845898598,qwen
stfgov,wellbeing,CY,Cyprus,3.9267792705867395,2.318596254151223,5.805839416058395,1.6337435227573833,qwen
stfgov,wellbeing,DE,Germany,3.8478023210079932,2.565662571285465,6.3328467153284675,1.076470128241269,qwen
stfgov,wellbeing,EE,Estonia,3.531555568247472,2.262874109890977,6.651094890510949,0.8959881986353045,qwen
stfgov,wellbeing,ES,Spain,3.7614892720866218,2.6222085393506376,5.9211678832116785,1.431804093282354,qwen
stfgov,wellbeing,FI,Finland,4.804454929568028,2.3543226465867253,6.500729927007299,1.1586501744105269,qwen
stfgov,wellbeing,FR,France,3.787785280082554,2.442793733642136,6.20978102189781,1.2872203989555395,qwen
stfgov,wellbeing,GB,United Kingdom,3.036843581975516,2.394408469716829,5.781751824817518,1.4363299447720423,qwen
stfgov,wellbeing,GR,Greece,3.644471747398687,2.2863689257464532,5.678102189781022,1.3230256905465123,qwen
stfgov,wellbeing,HR,Croatia,3.4080005877444512,2.537664144424585,5.981021897810219,1.4042298698210214,qwen
stfgov,wellbeing,HU,Hungary,4.349290035814571,2.773293843461117,5.942335766423358,1.5212780593565767,qwen
stfgov,wellbeing,IE,Ireland,4.870906010407424,2.2837559034048587,5.896350364963504,1.3407910272743144,qwen
stfgov,wellbeing,IL,Israel,3.8927885655775873,2.9003886880694987,6.0518248175182485,1.5448510114664147,qwen
stfgov,wellbeing,IS,Iceland,4.095360338555398,2.3793164587301976,6.3452554744525544,1.2097901564523825,qwen
stfgov,wellbeing,IT,Italy,4.305847880343379,2.240831516737721,5.897810218978102,1.3495974683229095,qwen
stfgov,wellbeing,LT,Lithuania,3.891877946823288,2.5420418151357658,6.227007299270073,1.1476841447652195,qwen
stfgov,wellbeing,LV,Latvia,3.1240201091808486,2.2787685267851967,6.110948905109489,1.2825116321370276,qwen
stfgov,wellbeing,ME,Montenegro,4.613987966891826,2.4855582034040724,6.016788321167883,1.3844673719365772,qwen
stfgov,wellbeing,NL,Netherlands,4.609865988308238,2.0062529772022137,6.410948905109489,0.9996840752505124,qwen
stfgov,wellbeing,NO,Norway,4.785794047937997,2.2175501497089307,6.562043795620438,1.0576324787313613,qwen
stfgov,wellbeing,PL,Poland,4.541712539383122,2.823730378695335,6.149635036496351,1.3593473283177362,qwen
stfgov,wellbeing,PT,Portugal,3.513193931375951,2.3111842226430293,5.716058394160584,1.4664988728101902,qwen
stfgov,wellbeing,RS,Serbia,4.258255990476471,3.198497977514989,5.495620437956204,1.4843170704615476,qwen
stfgov,wellbeing,SE,Sweden,4.269263904955265,2.167209026362757,6.603649635036496,0.9351336614539246,qwen
stfgov,wellbeing,SI,Slovenia,4.249594291009816,2.4941118540650034,6.213868613138686,1.242473391631018,qwen
stfgov,wellbeing,SK,Slovakia,4.46334706353566,2.686925975312871,5.61021897810219,1.540357892620609,qwen
stfgov,wellbeing,UA,Ukraine,2.4743529805980655,2.565480033331153,4.186861313868613,1.4650318599337961,qwen
stfhlth,wellbeing,AT,Austria,6.474907116097822,2.438472434018327,7.014598540145985,0.4220771779543553,qwen
stfhlth,wellbeing,BE,Belgium,7.220810024616674,1.8327609518478543,7.041605839416058,0.6094579050086619,qwen
stfhlth,wellbeing,BG,Bulgaria,3.832171344870384,2.3748257579878462,6.867153284671533,0.6543946679491043,qwen
stfhlth,wellbeing,CH,Switzerland,6.831041864274515,1.9622858222787356,7.1197080291970805,0.5125386044593799,qwen
stfhlth,wellbeing,CY,Cyprus,5.576021271821681,2.3253109754011057,6.8116788321167885,0.9094264059991103,qwen
stfhlth,wellbeing,DE,Germany,5.1952004418832605,2.4462601761167653,7.083333333333333,0.40809883108105294,qwen
stfhlth,wellbeing,EE,Estonia,5.793017380383871,2.1660633774564113,7.122627737226277,0.4862123421172917,qwen
stfhlth,wellbeing,ES,Spain,5.640440850707488,2.522739885428595,6.975912408759124,0.5418893668303607,qwen
stfhlth,wellbeing,FI,Finland,6.4186579536005794,2.06315131322013,7.264963503649635,0.5850964883785004,qwen
stfhlth,wellbeing,FR,France,5.439891110440975,2.4415300288512802,7.0036496350364965,0.6268141809306824,qwen
stfhlth,wellbeing,GB,United Kingdom,4.797421449561588,2.4325170399551603,6.930656934306569,0.5990443222083989,qwen
stfhlth,wellbeing,GR,Greece,3.396290051453136,2.0119449650003913,6.8591240875912405,0.6405583666844623,qwen
stfhlth,wellbeing,HR,Croatia,5.3548541416674444,2.682053424056007,6.8992700729927,0.6617688893555319,qwen
stfhlth,wellbeing,HU,Hungary,3.4347744313772854,2.4617765778736294,6.927737226277372,0.6663080095553094,qwen
stfhlth,wellbeing,IE,Ireland,4.433855064113273,2.3508293625680494,6.917518248175183,0.5742905374259998,qwen
stfhlth,wellbeing,IL,Israel,6.530300993284543,1.8914696286324908,7.035036496350365,0.4420498570879185,qwen
stfhlth,wellbeing,IS,Iceland,5.112267027203692,2.1491014425562263,7.203649635036497,0.5445649531286751,qwen
stfhlth,wellbeing,IT,Italy,5.10968527191663,2.096107535799735,6.940875912408759,0.6520945497634683,qwen
stfhlth,wellbeing,LT,Lithuania,4.4780529748809945,2.3439135030424465,6.991240875912409,0.5741093346665584,qwen
stfhlth,wellbeing,LV,Latvia,4.2972221458723485,2.5047000700024427,6.916058394160584,0.5734416432581119,qwen
stfhlth,wellbeing,ME,Montenegro,4.806435046611185,2.3092924712702363,6.9489051094890515,0.5075622262316678,qwen
stfhlth,wellbeing,NL,Netherlands,6.629094750304629,1.781841136689458,7.15985401459854,0.5090496612359874,qwen
stfhlth,wellbeing,NO,Norway,7.06508411422838,1.940954250732358,7.294160583941606,0.5848684591649428,qwen
stfhlth,wellbeing,PL,Poland,4.202687158652689,2.329430701915596,6.932846715328467,0.600208234948395,qwen
stfhlth,wellbeing,PT,Portugal,3.8254868131229243,2.5085001345712525,6.824087591240876,0.7761546338896461,qwen
stfhlth,wellbeing,RS,Serbia,4.238355203962294,2.794463373118979,6.771532846715329,0.7817311821194537,qwen
stfhlth,wellbeing,SE,Sweden,5.69363952596369,2.1003606930097036,7.3664233576642335,0.615976068051906,qwen
stfhlth,wellbeing,SI,Slovenia,4.722807877332366,2.500698766976185,6.977372262773723,0.6258319259369237,qwen
stfhlth,wellbeing,SK,Slovakia,4.139320334932395,2.4686825909138355,6.897080291970803,0.6093738524762824,qwen
stfhlth,wellbeing,UA,Ukraine,4.3160230699847775,2.6234838094057635,6.2773722627737225,1.0796491132349684,qwen
stfedu,wellbeing,AT,Austria,6.08971976844328,2.38046437739405,6.865693430656934,0.7164971195002129,qwen
stfedu,wellbeing,BE,Belgium,5.750874806842748,2.0937724621583906,6.980263157894737,0.713787612960043,qwen
stfedu,wellbeing,BG,Bulgaria,4.100957477790751,2.3502352553952877,6.786861313868613,0.8933491683468399,qwen
stfedu,wellbeing,CH,Switzerland,6.656270184332477,1.9459891470846695,7.073722627737227,0.7127976010258259,qwen
stfedu,wellbeing,CY,Cyprus,4.587313251616586,2.2128597138691415,6.575912408759124,1.2354726317873275,qwen
stfedu,wellbeing,DE,Germany,4.233299683415836,2.351668087490688,7.023357664233576,0.5812950320507941,qwen
stfedu,wellbeing,EE,Estonia,6.393672568840203,2.229592946471987,7.054014598540146,0.6194950073358594,qwen
stfedu,wellbeing,ES,Spain,5.012136266255524,2.334332636268724,6.796350364963503,0.9739598409594551,qwen
stfedu,wellbeing,FI,Finland,7.233358833554501,1.7644323642522501,7.152554744525547,0.6570668799985683,qwen
stfedu,wellbeing,FR,France,4.601790502520427,2.1644715997236985,6.894890510948905,0.8484868857587389,qwen
stfedu,wellbeing,GB,United Kingdom,5.308284191408358,2.2556840404889704,6.846715328467154,0.8536172683196296,qwen
stfedu,wellbeing,GR,Greece,3.7855746517544375,1.9766209943690236,6.656204379562044,0.8679529349850788,qwen
stfedu,wellbeing,HR,Croatia,5.816350566373938,2.309736824795834,6.735036496350365,0.9602167793191035,qwen
stfedu,wellbeing,HU,Hungary,3.9900899154478,2.4913239593329175,6.7299270072992705,0.9985636587765392,qwen
stfedu,wellbeing,IE,Ireland,6.762298407137079,1.9802964933214715,6.713138686131387,1.033702361825347,qwen
stfedu,wellbeing,IL,Israel,5.264336488030869,2.077408346152148,6.91021897810219,0.8800322853870282,qwen
stfedu,wellbeing,IS,Iceland,6.324844854759572,1.8284320314772442,7.07007299270073,0.6889228989851822,qwen
stfedu,wellbeing,IT,Italy,5.083092027671306,1.9801848982095867,6.7021897810218976,0.9514890725376607,qwen
stfedu,wellbeing,LT,Lithuania,4.6526346854447445,2.267229560508824,6.856204379562044,0.9028756296480542,qwen
stfedu,wellbeing,LV,Latvia,4.108276020925814,2.2667826388568875,6.761313868613139,0.8800292538318133,qwen
stfedu,wellbeing,ME,Montenegro,4.359771069180318,2.237590857279682,6.775912408759124,0.882623477391619,qwen
stfedu,wellbeing,NL,Netherlands,6.163150882846764,1.6663731337868324,7.144525547445255,0.7411189292250808,qwen
stfedu,wellbeing,NO,Norway,7.199044068958358,1.8551553739170237,7.1744525547445255,0.645953350147899,qwen
stfedu,wellbeing,PL,Poland,5.05428653345802,2.3976918855549516,6.732846715328467,0.9425073478432219,qwen
stfedu,wellbeing,PT,Portugal,4.477459151602673,2.299564384881257,6.581021897810219,1.2341114690095207,qwen
stfedu,wellbeing,RS,Serbia,5.00073893907496,2.8413549190837095,6.586861313868613,0.9752655597449277,qwen
stfedu,wellbeing,SE,Sweden,5.389646077291931,2.1151413881845356,7.257664233576643,0.5783272192074334,qwen
stfedu,wellbeing,SI,Slovenia,5.530632460507522,2.3221475576997714,6.863503649635036,0.828483776130361,qwen
stfedu,wellbeing,SK,Slovakia,5.401373334803658,2.4041600037068336,6.677372262773723,0.942575845888761,qwen
stfedu,wellbeing,UA,Ukraine,4.466432443709682,2.5979428831754627,6.086861313868613,1.2816643007671098,qwen
imueclt,immigration,AT,Austria,5.315172390064883,2.5730849170674883,6.919590643274854,0.9002826019465597,qwen
imueclt,immigration,BE,Belgium,6.1379240168747735,2.3033707467646853,7.050364963503649,0.6935504981668541,qwen
imueclt,immigration,BG,Bulgaria,4.3822668131494416,2.959049168036001,6.853284671532847,1.3352536114369202,qwen
imueclt,immigration,CH,Switzerland,6.375870738527658,2.220136533492237,7.1007299270073,0.9024411621944933,qwen
imueclt,immigration,CY,Cyprus,3.5214000548356443,2.523698455719429,6.9,1.286683937707919,qwen
imueclt,immigration,DE,Germany,5.779437891976539,2.331576961352071,6.991240875912409,0.7821542500308599,qwen
imueclt,immigration,EE,Estonia,5.480215407140887,2.365476916842202,7.185401459854015,0.7579539388311658,qwen
imueclt,immigration,ES,Spain,6.6260562145120625,2.3924314712251236,7.083211678832117,0.8944737208494757,qwen
imueclt,immigration,FI,Finland,7.225142432125029,2.0684223789959995,7.1401459854014595,0.8151937894326843,qwen
imueclt,immigration,FR,France,5.529569032667339,2.7050910367326035,7.081021897810219,0.8189578356999142,qwen
imueclt,immigration,GB,United Kingdom,6.569074059332347,2.475974794584905,6.994152046783626,0.847851999732942,qwen
imueclt,immigration,GR,Greece,4.050831083263721,2.084305513053689,6.9897810218978105,0.9247478454743652,qwen
imueclt,immigration,HR,Croatia,5.02874341086001,2.7210579344664114,6.9416058394160585,1.1082916055834706,qwen
imueclt,immigration,HU,Hungary,3.9425759331519634,2.476597140402959,6.97007299270073,1.3842453642986872,qwen
imueclt,immigration,IE,Ireland,6.296974033797106,2.5958015849501503,6.936496350364964,1.0050949092836692,qwen
imueclt,immigration,IL,Israel,5.041758655711063,2.5863937276299773,7.1474452554744525,0.905722571220969,qwen
imueclt,immigration,IS,Iceland,6.897344321807305,2.245228123872818,7.095620437956204,0.7599119498412324,qwen
imueclt,immigration,IT,Italy,4.905544540377028,2.569233998960108,6.987591240875912,1.0239418482975953,qwen
imueclt,immigration,LT,Lithuania,4.984868415465608,2.6008663349692376,6.9284671532846716,1.174780613157663,qwen
imueclt,immigration,LV,Latvia,4.627373721269217,2.526015536644707,6.936496350364964,1.131995851174952,qwen
imueclt,immigration,ME,Montenegro,5.168439134667183,2.093806458714853,6.947445255474452,1.121694643428035,qwen
imueclt,immigration,NL,Netherlands,6.205126662609896,2.1187354477389713,7.064963503649635,0.8010036869832784,qwen
imueclt,immigration,NO,Norway,6.238422215272888,2.2541110468704337,7.111678832116788,0.7758287111844013,qwen
imueclt,immigration,PL,Poland,5.498733975167413,2.3334251431778825,7.054744525547445,1.2482133900473606,qwen
imueclt,immigration,PT,Portugal,5.722458315562678,2.2507075625574586,6.8255474452554745,1.336292177332066,qwen
imueclt,immigration,RS,Serbia,4.877342073718054,3.0710413542742394,6.820906432748538,1.47020732296214,qwen
imueclt,immigration,SE,Sweden,6.8122445898666175,2.2672137388256846,7.137226277372263,0.6894153064775732,qwen
imueclt,immigration,SI,Slovenia,5.355770107952107,2.6083091129330294,6.9145985401459855,1.168390965492065,qwen
imueclt,immigration,SK,Slovakia,3.8467151318694572,2.7131866439546606,6.675912408759124,1.455254923682223,qwen
imueclt,immigration,UA,Ukraine,5.1239211172083206,2.8308581148632705,6.579562043795621,1.521009719938654,qwen
imwbcnt,immigration,AT,Austria,4.840919058547187,2.4527294866543006,6.145255474452555,1.5471616533877148,qwen
imwbcnt,immigration,BE,Belgium,5.358485242127184,2.1346963974577657,6.556204379562044,1.4887915206925564,qwen
imwbcnt,immigration,BG,Bulgaria,3.956518004842652,2.85827404247127,6.075182481751825,2.0680591312757226,qwen
imwbcnt,immigration,CH,Switzerland,5.814854504443784,1.845154843550574,6.643065693430657,1.377279907828642,qwen
imwbcnt,immigration,CY,Cyprus,3.740407078146568,2.40767595128739,6.423357664233577,2.089106484263315,qwen
imwbcnt,immigration,DE,Germany,5.269177671086836,2.3771917248699403,6.41021897810219,1.3821800662736448,qwen
imwbcnt,immigration,EE,Estonia,4.849486247852013,2.1075366589514086,6.767153284671533,1.3434979595835383,qwen
imwbcnt,immigration,ES,Spain,5.9073130429923815,2.36952875171434,6.3255474452554745,1.7937932787973432,qwen
imwbcnt,immigration,FI,Finland,6.013981245125915,2.1083433275445627,6.802189781021898,1.5116248931966147,qwen
imwbcnt,immigration,FR,France,5.115717521574483,2.229765989025632,6.635766423357664,1.636960581493088,qwen
imwbcnt,immigration,GB,United Kingdom,6.345731092544239,2.463997886085941,6.454014598540146,1.5252750973491924,qwen
imwbcnt,immigration,GR,Greece,4.102898458435573,2.2185870335870215,6.168859649122807,1.7330001366659527,qwen
imwbcnt,immigration,HR,Croatia,4.943828288889388,2.5165256668371816,6.267153284671533,1.941434535068035,qwen
imwbcnt,immigration,HU,Hungary,3.863870207165531,2.1606799294968244,6.405109489051095,2.0854663174902717,qwen
imwbcnt,immigration,IE,Ireland,6.173427287195578,2.568885902556146,6.086988304093567,1.7752875732264253,qwen
imwbcnt,immigration,IL,Israel,4.77581453687835,2.514904982885558,6.709489051094891,1.8660119157024933,qwen
imwbcnt,immigration,IS,Iceland,6.9623407745959796,2.0342840285249113,6.6262773722627735,1.4014022881544566,qwen
imwbcnt,immigration,IT,Italy,4.578901303697609,2.3773137202145906,6.19051094890511,1.784389882612379,qwen
imwbcnt,immigration,LT,Lithuania,5.224923260700287,2.3357141831373007,6.221167883211679,1.8695556691729176,qwen
imwbcnt,immigration,LV,Latvia,4.589096531490459,2.463691135380754,6.2912408759124085,1.9352257243470772,qwen
imwbcnt,immigration,ME,Montenegro,4.695807747965913,2.2889881687702163,5.975182481751824,1.9448079409489365,qwen
imwbcnt,immigration,NL,Netherlands,5.492398377595162,1.896279430992423,6.772992700729927,1.2903999816025038,qwen
imwbcnt,immigration,NO,Norway,6.212088062951394,1.9985317121611983,6.704379562043796,1.4068996966048524,qwen
imwbcnt,immigration,PL,Poland,5.508572016196226,2.1384570518633192,6.402919708029197,2.0740298093268867,qwen
imwbcnt,immigration,PT,Portugal,4.6418732065777135,2.165342872973786,6.055555555555555,1.9680422185686597,qwen
imwbcnt,immigration,RS,Serbia,4.82965163040081,2.965475322083407,6.0518248175182485,1.9939272640140393,qwen
imwbcnt,immigration,SE,Sweden,6.259593141286771,2.200494516774948,6.951094890510949,1.235211750457389,qwen
imwbcnt,immigration,SI,Slovenia,4.963030999588137,2.377905047032816,6.252554744525548,1.9046373191606822,qwen
imwbcnt,immigration,SK,Slovakia,3.5309623603239166,2.3151891466772065,5.973684210526316,2.055961697217102,qwen
imwbcnt,immigration,UA,Ukraine,5.317326172753119,2.8360849591577106,5.608759124087591,2.060718465118116,qwen
imbgeco,immigration,AT,Austria,5.930470260348815,2.499139626004691,6.576642335766423,1.0615049708672224,qwen
imbgeco,immigration,BE,Belgium,5.483701091221589,2.339388956973316,6.838686131386861,0.8843380726741695,qwen
imbgeco,immigration,BG,Bulgaria,3.9249717897549425,2.9157517131191772,6.552554744525548,1.3415906751918831,qwen
imbgeco,immigration,CH,Switzerland,6.48445283213619,1.9625326083363415,6.813868613138686,1.0069337453415577,qwen
imbgeco,immigration,CY,Cyprus,3.6828782273570484,2.5969415991911684,6.500729927007299,1.5652240628780345,qwen
imbgeco,immigration,DE,Germany,6.017000040531877,2.2911062141897083,6.74963503649635,0.9191055345094876,qwen
imbgeco,immigration,EE,Estonia,5.317774342421363,2.2944430795613218,7.083941605839416,0.7750904094258728,qwen
imbgeco,immigration,ES,Spain,6.313687149498994,2.344351933188753,6.613868613138687,1.2233224867911419,qwen
imbgeco,immigration,FI,Finland,6.432967495105742,2.095123340746024,7.057664233576642,0.9435625711592088,qwen
imbgeco,immigration,FR,France,5.321947182331542,2.47236650436905,6.8,1.09464405814634,qwen
imbgeco,immigration,GB,United Kingdom,6.376894945797732,2.4281824626662245,6.488321167883211,1.2971553274315355,qwen
imbgeco,immigration,GR,Greece,4.236081165215293,2.186585793193556,6.656934306569343,1.1665912018474043,qwen
imbgeco,immigration,HR,Croatia,5.043247114389215,2.5862925583713934,6.559124087591241,1.3869986710617739,qwen
imbgeco,immigration,HU,Hungary,3.6517531630383213,2.5155489846881656,6.570802919708029,1.4673921941503747,qwen
imbgeco,immigration,IE,Ireland,6.125966412675849,2.6587736473754444,6.565693430656935,1.17481104342323,qwen
imbgeco,immigration,IL,Israel,4.957305921928851,2.6777145342066095,6.998540145985402,1.3333325329745325,qwen
imbgeco,immigration,IS,Iceland,6.763693051791229,2.158027222781135,6.881751824817519,0.8982779967090728,qwen
imbgeco,immigration,IT,Italy,5.143774492178013,2.5286434557028725,6.532846715328467,1.2597635934034528,qwen
imbgeco,immigration,LT,Lithuania,5.600116432947033,2.6201160644142694,6.67956204379562,1.1923328824832382,qwen
imbgeco,immigration,LV,Latvia,5.152410156212118,2.633014371248394,6.617518248175182,1.2717636261476613,qwen
imbgeco,immigration,ME,Montenegro,4.2132053258244015,2.7540876643589,6.464963503649635,1.2624578761356537,qwen
imbgeco,immigration,NL,Netherlands,5.739189778032886,1.9402534025455624,6.95036496350365,0.8612112447752726,qwen
imbgeco,immigration,NO,Norway,5.971415024050874,2.0597516430305314,6.937956204379562,0.9382336417439913,qwen
imbgeco,immigration,PL,Poland,5.516269816646318,2.4460787671796043,6.721167883211679,1.4254080495559627,qwen
imbgeco,immigration,PT,Portugal,6.145828753645978,2.2198235960337978,6.367883211678832,1.458637026351875,qwen
imbgeco,immigration,RS,Serbia,4.6659923199193525,3.0616903539340887,6.377372262773723,1.453820973876537,qwen
imbgeco,immigration,SE,Sweden,5.945250039445946,2.0805169005604247,7.0102189781021895,0.870595402863614,qwen
imbgeco,immigration,SI,Slovenia,5.501060923277956,2.54407463650426,6.645985401459854,1.2576673966070384,qwen
imbgeco,immigration,SK,Slovakia,3.94990465806269,2.7485725170956266,6.281751824817518,1.4841373229219035,qwen
imbgeco,immigration,UA,Ukraine,6.176947417577988,2.81877924059916,5.909489051094891,1.6271132552981924,qwen
imsmetn,immigration,AT,Austria,1.9848903594679843,0.802259529957706,2.7854014598540147,0.5480614622212865,qwen
imsmetn,immigration,BE,Belgium,1.9048137548184112,0.7044253089373982,2.756204379562044,0.5951634148128299,qwen
imsmetn,immigration,BG,Bulgaria,2.2584295318744276,1.0266249994343912,2.678832116788321,0.6367670832143018,qwen
imsmetn,immigration,CH,Switzerland,1.8323559975393269,0.6536016814694029,2.8175182481751824,0.5595917750560465,qwen
imsmetn,immigration,CY,Cyprus,2.3744432028480555,0.8830584763563025,2.7007299270072993,0.692112660095077,qwen
imsmetn,immigration,DE,Germany,1.762261807972097,0.6899154737487135,2.783941605839416,0.5488203160190002,qwen
imsmetn,immigration,EE,Estonia,2.0564161789601294,0.713834294629291,2.8116788321167885,0.5362673808073098,qwen
imsmetn,immigration,ES,Spain,1.8990792529080591,0.817962435672302,2.732846715328467,0.6353510666800258,qwen
imsmetn,immigration,FI,Finland,1.945990096143163,0.6764863006766781,2.8291970802919706,0.552792033897017,qwen
imsmetn,immigration,FR,France,1.9617420516802728,0.7071034326966054,2.781021897810219,0.5888253802844721,qwen
imsmetn,immigration,GB,United Kingdom,1.8744748593233793,0.7748312328624263,2.7226277372262775,0.6204356963643282,qwen
imsmetn,immigration,GR,Greece,2.0069010704420394,0.9318933493678764,2.705109489051095,0.6217689779743195,qwen
imsmetn,immigration,HR,Croatia,2.007848082038974,0.9097033377657038,2.708029197080292,0.6706087827468123,qwen
imsmetn,immigration,HU,Hungary,2.8666734173836588,0.8804998783990738,2.6773722627737224,0.7088612790752585,qwen
imsmetn,immigration,IE,Ireland,2.0050826600753324,0.846812763013551,2.705109489051095,0.6264540008552936,qwen
imsmetn,immigration,IL,Israel,1.7927284968003243,1.1274068781525866,2.807299270072993,0.6716518692045003,qwen
imsmetn,immigration,IS,Iceland,1.5944948628437006,0.6105481222791607,2.778102189781022,0.5877297147602433,qwen
imsmetn,immigration,IT,Italy,2.099682499728239,0.8415914705542806,2.6554744525547447,0.6314051567211763,qwen
imsmetn,immigration,LT,Lithuania,1.9148544359816146,0.7838305143103949,2.68029197080292,0.6432100845556094,qwen
imsmetn,immigration,LV,Latvia,1.861880713866723,0.9756875974062875,2.681751824817518,0.6313240261849155,qwen
imsmetn,immigration,ME,Montenegro,2.1930207464010523,0.8437025464438357,2.6233576642335765,0.701737898384877,qwen
imsmetn,immigration,NL,Netherlands,2.09184325558409,0.6975747306932476,2.8116788321167885,0.533534185511805,qwen
imsmetn,immigration,NO,Norway,1.6704486013714808,0.61393824957152,2.8,0.5666150647299694,qwen
imsmetn,immigration,PL,Poland,2.2737578360377912,0.7748541968957734,2.754744525547445,0.684836899833987,qwen
imsmetn,immigration,PT,Portugal,2.407053493784501,0.7853713456635332,2.6350364963503647,0.6452243864734091,qwen
imsmetn,immigration,RS,Serbia,1.8383213518091834,0.9222608093941408,2.605839416058394,0.6484085807771127,qwen
imsmetn,immigration,SE,Sweden,1.7306353858655772,0.6354810763112095,2.8277372262773723,0.5615259502795258,qwen
imsmetn,immigration,SI,Slovenia,1.874171812683402,0.7460745822384444,2.7313868613138688,0.5930582627731418,qwen
imsmetn,immigration,SK,Slovakia,2.668491306572592,0.8979077213435557,2.6992700729927006,0.6466847924712559,qwen
imsmetn,immigration,UA,Ukraine,1.6070585920919498,0.8563087408079539,2.5197080291970804,0.6892914634941912,qwen
impcntr,immigration,AT,Austria,2.624895307919512,0.9325443380468,2.4452554744525545,0.6203152852045779,qwen
impcntr,immigration,BE,Belgium,2.1057834615457693,0.8236762083891918,2.5532846715328468,0.5890138322438923,qwen
impcntr,immigration,BG,Bulgaria,2.802638021347716,0.9885390707940974,2.383941605839416,0.637547564633363,qwen
impcntr,immigration,CH,Switzerland,2.1668625229304874,0.7680681584421224,2.462773722627737,0.655945291193926,qwen
impcntr,immigration,CY,Cyprus,3.01573825997671,0.7437966965961555,2.3649635036496353,0.6974883135196449,qwen
impcntr,immigration,DE,Germany,2.172601577227967,0.8087067600829588,2.489051094890511,0.6365659459363548,qwen
impcntr,immigration,EE,Estonia,2.753210304141824,0.8685915970027777,2.5474452554744524,0.6279410674627498,qwen
impcntr,immigration,ES,Spain,2.0156059548711043,0.8778687415693935,2.4145985401459855,0.6691336095465287,qwen
impcntr,immigration,FI,Finland,2.4102001234500756,0.8058288145550183,2.5343065693430655,0.6561047061330966,qwen
impcntr,immigration,FR,France,2.232715812578728,0.8225389980837455,2.54014598540146,0.6214324912894437,qwen
impcntr,immigration,GB,United Kingdom,2.0219395846800894,0.848430285355126,2.397080291970803,0.6282740683390355,qwen
impcntr,immigration,GR,Greece,3.040483689666175,0.7907982393692867,2.375182481751825,0.6629039673045417,qwen
impcntr,immigration,HR,Croatia,2.3126614395024476,0.9299349153544375,2.4277372262773724,0.6750276068653096,qwen
impcntr,immigration,HU,Hungary,3.2467126616393696,0.7895514146457082,2.4058394160583942,0.691612915197146,qwen
impcntr,immigration,IE,Ireland,2.1726471210594567,0.8902763127314905,2.3883211678832117,0.6126189696406293,qwen
impcntr,immigration,IL,Israel,3.170063969761885,0.8960326441496079,2.524087591240876,0.6912702888158861,qwen
impcntr,immigration,IS,Iceland,1.8270792549310613,0.7537421933977912,2.548905109489051,0.6301532335137011,qwen
impcntr,immigration,IT,Italy,2.259939683854844,0.8845466728919402,2.3649635036496353,0.64295453361167,qwen
impcntr,immigration,LT,Lithuania,2.432967734905435,0.9073005874422578,2.3781021897810217,0.6590258769585954,qwen
impcntr,immigration,LV,Latvia,2.704574812297274,1.01408941043032,2.4306569343065694,0.6397598740631895,qwen
impcntr,immigration,ME,Montenegro,2.3313039240519635,0.8445580009466589,2.3927007299270073,0.6549000009037081,qwen
impcntr,immigration,NL,Netherlands,2.3225956942431747,0.8131809005001652,2.5737226277372263,0.5892891536231429,qwen
impcntr,immigration,NO,Norway,1.830581823036069,0.6959909901689839,2.5532846715328468,0.6367235088626607,qwen
impcntr,immigration,PL,Poland,2.5409953996613295,0.7673873645334611,2.411678832116788,0.6923839752731199,qwen
impcntr,immigration,PT,Portugal,2.4760723365670385,0.8107473607252478,2.3854014598540147,0.6401000636762454,qwen
impcntr,immigration,RS,Serbia,2.5251294720870754,1.0817646195376982,2.321167883211679,0.6251819217030462,qwen
impcntr,immigration,SE,Sweden,1.8384383959626223,0.7041014027599896,2.5547445255474455,0.6296721047427664,qwen
impcntr,immigration,SI,Slovenia,2.1997549182309015,0.8258467324868838,2.435036496350365,0.6582351959804889,qwen
impcntr,immigration,SK,Slovakia,2.8906624441759146,0.852134052987886,2.421897810218978,0.6545740242972307,qwen
impcntr,immigration,UA,Ukraine,2.328579534630941,1.0934683992270489,2.2554744525547443,0.6073285029788938,qwen
imdfetn,immigration,AT,Austria,2.4517622019493235,0.8802061273251262,2.616058394160584,0.5923777018207022,qwen
imdfetn,immigration,BE,Belgium,2.0919372892883823,0.8073378444642432,2.6116788321167883,0.629102406783551,qwen
imdfetn,immigration,BG,Bulgaria,2.7328627261284333,0.987963184314789,2.500729927007299,0.6502919216680234,qwen
imdfetn,immigration,CH,Switzerland,2.1007438940066754,0.7119868597103385,2.637956204379562,0.6238593552678062,qwen
imdfetn,immigration,CY,Cyprus,2.880309130017844,0.7480132622807513,2.5357664233576642,0.6757860082806686,qwen
imdfetn,immigration,DE,Germany,2.1155225248243354,0.7415870792779439,2.6452554744525547,0.5707247371308315,qwen
imdfetn,immigration,EE,Estonia,2.482137790581076,0.8231709958675449,2.640875912408759,0.6208552326910642,qwen
imdfetn,immigration,ES,Spain,2.020768220216837,0.871571042977701,2.5839416058394162,0.6380060285699263,qwen
imdfetn,immigration,FI,Finland,2.3173999200612294,0.7958721225569396,2.6525547445255473,0.6109479131868037,qwen
imdfetn,immigration,FR,France,2.1846977597098185,0.8005322694530923,2.6175182481751826,0.6257040257260553,qwen
imdfetn,immigration,GB,United Kingdom,1.9310717703886444,0.7847687411676028,2.5357664233576642,0.6356533253594694,qwen
imdfetn,immigration,GR,Greece,2.8650876952628623,0.8124512890397037,2.543065693430657,0.6305798432082331,qwen
imdfetn,immigration,HR,Croatia,2.319903488882591,0.9429217058981054,2.5357664233576642,0.6822453069186194,qwen
imdfetn,immigration,HU,Hungary,3.2389901160797776,0.768225077208008,2.499270072992701,0.6788897401589771,qwen
imdfetn,immigration,IE,Ireland,2.1791032143283253,0.8894551469869207,2.5065693430656935,0.6457468113590774,qwen
imdfetn,immigration,IL,Israel,2.928104329006959,0.988690987686415,2.664233576642336,0.6911869215826261,qwen
imdfetn,immigration,IS,Iceland,1.8098389980877778,0.7528171498365184,2.6832116788321168,0.5926658653352502,qwen
imdfetn,immigration,IT,Italy,2.343602730831374,0.8587056770844878,2.4832116788321166,0.6130368923991057,qwen
imdfetn,immigration,LT,Lithuania,2.3379386305133734,0.8970813904785923,2.5167883211678834,0.6567874747571761,qwen
imdfetn,immigration,LV,Latvia,2.4385633393195496,1.0373280123666098,2.502189781021898,0.6297297240356503,qwen
imdfetn,immigration,ME,Montenegro,2.284846733970834,0.8193283772273464,2.5197080291970804,0.6522385447877047,qwen
imdfetn,immigration,NL,Netherlands,2.166043221464122,0.7310213203390152,2.6832116788321168,0.5648797086491268,qwen
imdfetn,immigration,NO,Norway,1.7362368862212043,0.6723635799431303,2.6452554744525547,0.6292075684299642,qwen
imdfetn,immigration,PL,Poland,2.660975103502025,0.8066234522048692,2.5605839416058394,0.6995568422027942,qwen
imdfetn,immigration,PT,Portugal,2.525527473334346,0.8079625437610874,2.510948905109489,0.6273119615415426,qwen
imdfetn,immigration,RS,Serbia,2.3673391689506214,1.0400754281561135,2.4,0.6560559097555224,qwen
imdfetn,immigration,SE,Sweden,1.7725604395730519,0.6786479470000785,2.71970802919708,0.5621907097779044,qwen
imdfetn,immigration,SI,Slovenia,2.202717709087987,0.809141524736039,2.5854014598540145,0.6262461431970745,qwen
imdfetn,immigration,SK,Slovakia,2.955207288230443,0.8221506042981189,2.489051094890511,0.6434190961965675,qwen
imdfetn,immigration,UA,Ukraine,2.139831627748936,1.0299020627035194,2.3503649635036497,0.6258472722057471,qwen
gincdif,values,AT,Austria,1.8357850585925592,0.8482865431523864,3.2102189781021897,0.4388456201151788,qwen
gincdif,values,BE,Belgium,2.1720802640896064,0.9949910736596599,3.318248175182482,0.5279081218381275,qwen
gincdif,values,BG,Bulgaria,1.5765544452850997,0.8410492045798288,3.2875912408759125,0.5330379192092984,qwen
gincdif,values,CH,Switzerland,2.2268630321551566,1.0099093629053904,3.2715328467153286,0.4828868029773555,qwen
gincdif,values,CY,Cyprus,1.9201601100983492,0.9436877140159126,3.3021897810218976,0.5050139181228167,qwen
gincdif,values,DE,Germany,2.245756485033962,0.9697362603064524,3.2686131386861312,0.4905170658931101,qwen
gincdif,values,EE,Estonia,2.4714217506623983,0.9958313547948203,3.2963503649635038,0.5525603297383894,qwen
gincdif,values,ES,Spain,2.2390640373900483,1.0350336504377626,3.3226277372262776,0.5376188432100857,qwen
gincdif,values,FI,Finland,2.2839959243441132,1.0050396138626976,3.310948905109489,0.5169182794401969,qwen
gincdif,values,FR,France,2.1055804270824057,1.0722848192788625,3.291970802919708,0.5181019106214134,qwen
gincdif,values,GB,United Kingdom,2.1757216244786504,0.9963492209249417,3.202919708029197,0.4439228381530204,qwen
gincdif,values,GR,Greece,1.7002968943187178,0.798982811770745,3.3474452554744527,0.512002188975984,qwen
gincdif,values,HR,Croatia,1.9352503863717316,0.9033262886377711,3.294890510948905,0.5276452666975283,qwen
gincdif,values,HU,Hungary,1.8453483315603791,0.9304015630107489,3.2773722627737225,0.5370746924338488,qwen
gincdif,values,IE,Ireland,2.0458435789120073,0.9407137721299345,3.205839416058394,0.518624815566413,qwen
gincdif,values,IL,Israel,2.254488633535265,1.0402877437796958,3.432846715328467,0.5526530230590971,qwen
gincdif,values,IS,Iceland,2.1414361386261214,0.9982674413562134,3.310948905109489,0.4725937563030287,qwen
gincdif,values,IT,Italy,1.8017486793566568,0.8447168535948194,3.2496350364963504,0.5597519406200921,qwen
gincdif,values,LT,Lithuania,2.121179547383133,0.9805559841016092,3.2503649635036496,0.5091450360913845,qwen
gincdif,values,LV,Latvia,1.9796661004482587,0.944902861842144,3.218978102189781,0.45748052186115856,qwen
gincdif,values,ME,Montenegro,2.293288828528572,1.0921740290493038,3.2715328467153286,0.4798496513299809,qwen
gincdif,values,NL,Netherlands,2.3307843275086677,1.0063788590941443,3.2846715328467155,0.5235520985024614,qwen
gincdif,values,NO,Norway,2.2834812388590824,0.9777834109203098,3.3503649635036497,0.5213461107476509,qwen
gincdif,values,PL,Poland,2.5549544515394365,1.0972876335817574,3.281751824817518,0.5223399581558786,qwen
gincdif,values,PT,Portugal,1.739313170854453,0.7659278870837078,3.2744525547445256,0.5303685683433667,qwen
gincdif,values,RS,Serbia,1.9827876444054082,0.9714746764454562,3.2087591240875915,0.4853819941016169,qwen
gincdif,values,SE,Sweden,2.3279505976838246,0.9073903127600642,3.3065693430656933,0.497979012034844,qwen
gincdif,values,SI,Slovenia,2.041077543530936,0.937292547544402,3.240875912408759,0.5204241894060457,qwen
gincdif,values,SK,Slovakia,2.0097256652350133,0.8452932908204515,3.254014598540146,0.49234113692460074,qwen
gincdif,values,UA,Ukraine,2.089412928826519,1.080375501658059,3.2277372262773723,0.5050519524847611,qwen
freehms,values,AT,Austria,1.8048403829960766,0.9115840436715983,4.056934306569343,0.8401297954265424,qwen
freehms,values,BE,Belgium,1.4898664420721157,0.869878861423761,4.2291970802919705,0.8660389582371253,qwen
freehms,values,BG,Bulgaria,2.936348653180641,1.2945841023392308,3.662280701754386,0.8581593927388547,qwen
freehms,values,CH,Switzerland,1.681711327728691,0.8015227077583311,4.227737226277372,0.8187076114653159,qwen
freehms,values,CY,Cyprus,2.5601500385869453,1.130945762975391,3.7868613138686134,0.8402187057118496,qwen
freehms,values,DE,Germany,1.530034629573154,0.69406445606028,4.156204379562044,0.7630790691470085,qwen
freehms,values,EE,Estonia,2.28474033252233,1.0679866161702931,4.171532846715328,0.7975610579121066,qwen
freehms,values,ES,Spain,1.5241104285026639,0.783908853768037,3.9708029197080292,0.8371981068820578,qwen
freehms,values,FI,Finland,1.6470933615759245,0.8292731727594597,4.429197080291971,0.762628628201739,qwen
freehms,values,FR,France,1.4007917808708183,0.7859407229370496,4.112408759124087,0.873877329524956,qwen
freehms,values,GB,United Kingdom,1.5388997373585795,0.7322417028973582,4.086131386861314,0.8966459987306811,qwen
freehms,values,GR,Greece,2.17310224200268,1.1699956257615467,3.889051094890511,0.7850651658537382,qwen
freehms,values,HR,Croatia,2.565495668237443,1.1255267816775996,3.8043795620437955,0.8269818136147344,qwen
freehms,values,HU,Hungary,2.690709609447177,1.2543735068448747,3.9795620437956205,0.8564460332758541,qwen
freehms,values,IE,Ireland,1.555016083388427,0.7829197773686,4.135766423357664,0.8310263880544894,qwen
freehms,values,IL,Israel,2.7719260476232255,1.4744816242172984,4.023357664233576,0.85637126910251,qwen
freehms,values,IS,Iceland,1.3194521636061314,0.7057087260493001,4.316788321167883,0.8309236514164756,qwen
freehms,values,IT,Italy,2.092037298307339,1.0159876456686558,3.883211678832117,0.8347855191732186,qwen
freehms,values,LT,Lithuania,3.0050030857827386,1.141480316899656,3.7897810218978103,0.8767034105711813,qwen
freehms,values,LV,Latvia,2.468777846308473,1.2558480344950962,3.7416058394160583,0.8526397208276792,qwen
freehms,values,ME,Montenegro,3.3321808808026123,1.2184330113663548,3.5445255474452555,0.7511122073016021,qwen
freehms,values,NL,Netherlands,1.445133996683743,0.7036742854321734,4.388321167883212,0.879183041622731,qwen
freehms,values,NO,Norway,1.4441179088078822,0.6852131508943449,4.4620437956204375,0.8156125838705705,qwen
freehms,values,PL,Poland,2.3225344510924515,1.0934718813624278,3.8715328467153283,0.897278936034439,qwen
freehms,values,PT,Portugal,1.8773637836038686,0.9176823894987853,3.8408759124087593,0.8766425472405442,qwen
freehms,values,RS,Serbia,3.1265715118957917,1.3386531295813646,3.4408759124087593,0.7750263855653228,qwen
freehms,values,SE,Sweden,1.425785553832825,0.698236634958843,4.381021897810219,0.9125131455205755,qwen
freehms,values,SI,Slovenia,2.3629947482756473,1.0407782454388308,3.9532846715328467,0.8605257381604715,qwen
freehms,values,SK,Slovakia,2.6065690910874335,1.1808278344003713,3.7240875912408757,0.8540003515828858,qwen
freehms,values,UA,Ukraine,2.9931284831475167,1.381845135679538,3.3824817518248174,0.7490635294049804,qwen
hmsfmlsh,values,AT,Austria,4.147308028861745,1.1220901785126633,2.846715328467153,0.5734183809435096,qwen
hmsfmlsh,values,BE,Belgium,4.405791777554618,1.087304254204888,2.854014598540146,0.6062557166234541,qwen
hmsfmlsh,values,BG,Bulgaria,2.815351952556245,1.3390006883319725,2.808759124087591,0.6622081672754039,qwen
hmsfmlsh,values,CH,Switzerland,4.338163551741064,0.9071354553573259,2.9094890510948903,0.5519613104712496,qwen
hmsfmlsh,values,CY,Cyprus,3.223456992817589,1.1377698274401407,2.886131386861314,0.6851796283188317,qwen
hmsfmlsh,values,DE,Germany,4.476295645274503,0.8271109613357113,2.8627737226277374,0.5555418959348607,qwen
hmsfmlsh,values,EE,Estonia,3.6581727531774,1.2219923136330886,2.889051094890511,0.646140004395512,qwen
hmsfmlsh,values,ES,Spain,4.564413348405986,0.8773885200685794,2.9094890510948903,0.5439571292230462,qwen
hmsfmlsh,values,FI,Finland,4.466912225808951,0.8301666166291634,2.894890510948905,0.605085800291099,qwen
hmsfmlsh,values,FR,France,4.607616902636518,0.8956009678608612,2.897810218978102,0.5682211847579255,qwen
hmsfmlsh,values,GB,United Kingdom,4.421650390697318,0.9237562317333435,2.8554744525547444,0.5857618256412221,qwen
hmsfmlsh,values,GR,Greece,3.409401943597352,1.3401954676674963,2.8364963503649636,0.6090059862495855,qwen
hmsfmlsh,values,HR,Croatia,3.2644572705160075,1.2071891711249758,2.889051094890511,0.646140004395512,qwen
hmsfmlsh,values,HU,Hungary,3.293985811219156,1.3048496503964033,2.848175182481752,0.6884704410601807,qwen
hmsfmlsh,values,IE,Ireland,4.363610254415526,1.0362110130763555,2.8642335766423357,0.5572144098805802,qwen
hmsfmlsh,values,IL,Israel,3.092598797312127,1.4837062096008957,2.8145985401459854,0.7942170503692809,qwen
hmsfmlsh,values,IS,Iceland,4.749361652255945,0.6745042977261939,2.8905109489051095,0.5524907995421975,qwen
hmsfmlsh,values,IT,Italy,3.8375576432386036,1.060070225951727,2.8686131386861313,0.5724871132666327,qwen
hmsfmlsh,values,LT,Lithuania,3.0973628167924105,1.1617294783378334,2.872992700729927,0.6397532018703525,qwen
hmsfmlsh,values,LV,Latvia,3.084096141517945,1.3840300717145457,2.8525547445255475,0.6968056073121802,qwen
hmsfmlsh,values,ME,Montenegro,2.9981544280044723,1.1686757899030416,2.8525547445255475,0.6353477074425126,qwen
hmsfmlsh,values,NL,Netherlands,4.526722688061487,0.9001308315486732,2.9065693430656934,0.5214975595478217,qwen
hmsfmlsh,values,NO,Norway,4.562125366986062,0.781905796814241,2.8875912408759126,0.577786314872687,qwen
hmsfmlsh,values,PL,Poland,3.766829360736546,1.209928337992963,2.8788321167883213,0.6655067383956715,qwen
hmsfmlsh,values,PT,Portugal,3.960362500463685,1.14824218850779,2.9065693430656934,0.559370518644801,qwen
hmsfmlsh,values,RS,Serbia,2.723069707108146,1.4182508498135005,2.87007299270073,0.5941189559722554,qwen
hmsfmlsh,values,SE,Sweden,4.587711797305787,0.7815274095803415,2.896350364963504,0.5348127451609231,qwen
hmsfmlsh,values,SI,Slovenia,3.725860891266949,1.1407292114608247,2.8525547445255475,0.6579562868719531,qwen
hmsfmlsh,values,SK,Slovakia,3.140008514024636,1.2251609120289109,2.9007299270072995,0.5531008217849663,qwen
hmsfmlsh,values,UA,Ukraine,2.4866616182198324,1.3712752707286429,2.85985401459854,0.5979325802044664,qwen
hmsacld,values,AT,Austria,2.3283595156863424,1.28402390834034,3.0905109489051097,0.6801147146616109,qwen
hmsacld,values,BE,Belgium,1.8758176179656545,1.1706599407282337,3.2905109489051094,0.7465205068881281,qwen
hmsacld,values,BG,Bulgaria,3.7089479531413008,1.2535944355507374,3.0963503649635036,0.8373943818471293,qwen
hmsacld,values,CH,Switzerland,2.508597984239608,1.278082604057314,3.25985401459854,0.7191470595622206,qwen
hmsacld,values,CY,Cyprus,3.716198939903026,1.2720113850934618,3.0978102189781023,0.8587754059407129,qwen
hmsacld,values,DE,Germany,1.9107101931485644,1.0429038893935523,3.2131386861313866,0.6521240058778167,qwen
hmsacld,values,EE,Estonia,3.0847703715488484,1.3700731885725446,3.359124087591241,0.7450180287984508,qwen
hmsacld,values,ES,Spain,1.735098497487845,1.0477927104779508,3.2175182481751823,0.7056474164537159,qwen
hmsacld,values,FI,Finland,2.13443652053681,1.1925924458743113,3.4715328467153284,0.7139942938316766,qwen
hmsacld,values,FR,France,2.1379974437669227,1.3368024660251876,3.2715328467153286,0.7526705772268667,qwen
hmsacld,values,GB,United Kingdom,1.891252942041102,1.0373934649471324,3.1868613138686133,0.6733022311568019,qwen
hmsacld,values,GR,Greece,3.864890146669234,1.2614793048487902,3.0948905109489053,0.6933604464885891,qwen
hmsacld,values,HR,Croatia,3.5825735883876977,1.2332019349605594,3.105109489051095,0.7013271846049935,qwen
hmsacld,values,HU,Hungary,3.3170250072457623,1.259370001644766,3.178102189781022,0.8326940818730645,qwen
hmsacld,values,IE,Ireland,1.9511084635234233,1.1206117655581447,3.1386861313868613,0.7252997137282496,qwen
hmsacld,values,IL,Israel,3.004916357312073,1.4805841885094917,3.4043795620437955,0.9200391401808512,qwen
hmsacld,values,IS,Iceland,1.6136432116387014,1.1099785778643343,3.3927007299270073,0.7228148190551058,qwen
hmsacld,values,IT,Italy,3.189110426066679,1.2746065593696327,3.110948905109489,0.6749137731493299,qwen
hmsacld,values,LT,Lithuania,3.8929680058979232,1.0254374314810153,3.1313868613138687,0.7455277796936602,qwen
hmsacld,values,LV,Latvia,3.691122363824701,1.3127537249694412,3.1664233576642338,0.7463632462548345,qwen
hmsacld,values,ME,Montenegro,3.609247573779838,1.1522096115416658,2.9795620437956205,0.681537937286494,qwen
hmsacld,values,NL,Netherlands,1.8122463900339445,1.0545263148827153,3.345985401459854,0.7384604063295442,qwen
hmsacld,values,NO,Norway,1.8546935913036795,1.0651081892831464,3.411678832116788,0.7890946857102624,qwen
hmsacld,values,PL,Poland,3.690918841333205,1.3092616604835379,3.1722627737226277,0.8053848311029068,qwen
hmsacld,values,PT,Portugal,2.532455748115913,1.2532817523691113,3.0978102189781023,0.7339378641900901,qwen
hmsacld,values,RS,Serbia,4.054340716461004,1.1343128680878303,2.959124087591241,0.5934036456127836,qwen
hmsacld,values,SE,Sweden,1.7863564870804594,0.9946625844214346,3.47007299270073,0.7139345068312591,qwen
hmsacld,values,SI,Slovenia,3.1789430084301267,1.300934490290156,3.1343065693430656,0.7025889837926859,qwen
hmsacld,values,SK,Slovakia,3.803739725541597,1.1867565910602178,3.0058394160583943,0.7946979292388401,qwen
hmsacld,values,UA,Ukraine,3.6298902633912213,1.303423642630915,2.9386861313868615,0.6812278404768215,qwen
euftf,values,AT,Austria,4.825502874722448,3.0342084393956115,6.447445255474452,0.9201354060641332,qwen
euftf,values,BE,Belgium,5.765449320758711,2.416902944449942,6.591970802919708,0.8649323397599714,qwen
euftf,values,BG,Bulgaria,5.673726649526171,2.5693029420564284,6.475912408759124,1.1360986353638587,qwen
euftf,values,CH,Switzerland,5.058785730554144,2.414685662231084,6.4897810218978105,1.0372650633409037,qwen
euftf,values,CY,Cyprus,5.792117109114383,2.9949679655598245,6.4481751824817515,1.2781395350354425,qwen
euftf,values,DE,Germany,6.214667663946268,2.6418240606486596,6.499270072992701,0.9154694215260626,qwen
euftf,values,EE,Estonia,5.716786505267848,2.89821692560743,6.7846715328467155,0.7394373662182493,qwen
euftf,values,ES,Spain,6.219196303613679,2.3809300800724755,6.556934306569343,0.9832512321091419,qwen
euftf,values,FI,Finland,5.534029420072393,2.0625584465525115,6.733576642335766,0.9463902929490162,qwen
euftf,values,FR,France,5.208859418881203,2.7424846505392346,6.5992700729927005,0.9690002346396619,qwen
euftf,values,GB,United Kingdom,5.343863392336422,2.4756337672732776,6.293430656934307,1.1160841881957875,qwen
euftf,values,GR,Greece,5.151211798556243,2.336877597222095,6.522627737226277,0.8676270573426293,qwen
euftf,values,HR,Croatia,5.322777832267683,2.7974378070924315,6.4620437956204375,1.0982529578756655,qwen
euftf,values,HU,Hungary,4.477193257978707,2.800913282537003,6.602189781021898,1.1195672692443523,qwen
euftf,values,IE,Ireland,5.243559180491938,2.5821933775669614,6.435036496350365,0.976971035208736,qwen
euftf,values,IL,Israel,4.852961097473329,2.491458730736414,6.495620437956204,1.397568304471574,qwen
euftf,values,IS,Iceland,5.62716797734462,2.263634006374303,6.470802919708029,1.0564588721429125,qwen
euftf,values,IT,Italy,4.73214741711083,2.715610563008266,6.543795620437956,0.8944158564391606,qwen
euftf,values,LT,Lithuania,6.1896127724052565,2.778846660603036,6.533576642335767,0.9920942887730959,qwen
euftf,values,LV,Latvia,4.827724410534694,2.6225231586716697,6.605109489051095,0.9079989862589347,qwen
euftf,values,ME,Montenegro,6.083059795496807,2.4725380356147033,6.327007299270073,1.2711660421328872,qwen
euftf,values,NL,Netherlands,5.575385357085336,2.301409214067249,6.594160583941606,0.8720620202471573,qwen
euftf,values,NO,Norway,5.097026537869741,2.078064846793545,6.594890510948905,0.9720750975642587,qwen
euftf,values,PL,Poland,5.6268710507039295,2.7656972811566396,6.58029197080292,1.1553865341449114,qwen
euftf,values,PT,Portugal,6.304979972798495,2.229811268835333,6.420437956204379,1.0505594921328523,qwen
euftf,values,RS,Serbia,4.8863689602539795,3.507210676588169,6.316788321167883,1.2237040730270279,qwen
euftf,values,SE,Sweden,5.135459709443543,2.0268768402526756,6.5518248175182485,1.101507618491001,qwen
euftf,values,SI,Slovenia,5.628276825877404,2.5334816153476174,6.564963503649635,1.0560734430365728,qwen
euftf,values,SK,Slovakia,4.506864222072202,3.1069045221663543,6.301459854014599,1.2363278843576768,qwen
euftf,values,UA,Ukraine,6.357211111872502,3.37601453739195,6.25985401459854,1.2245932523200778,qwen
atchctr,attachment,AT,Austria,8.143301566730617,1.963193689283061,7.535766423357664,0.6459203083797518,qwen
atchctr,attachment,BE,Belgium,6.4384596891130395,2.4364640132962894,7.581021897810219,0.6597816454670616,qwen
atchctr,attachment,BG,Bulgaria,7.809716109099207,2.4319335045433403,7.768613138686131,0.5306059408327479,qwen
atchctr,attachment,CH,Switzerland,7.74467005313434,1.8717420285613302,7.577372262773722,0.7028547366337291,qwen
atchctr,attachment,CY,Cyprus,8.104507952397872,2.1998829115038263,7.754014598540146,0.6384390914337731,qwen
atchctr,attachment,DE,Germany,7.173427417552009,2.250203405654173,7.574452554744526,0.6054128644282738,qwen
atchctr,attachment,EE,Estonia,7.764812738799736,2.177116452813285,7.732846715328467,0.6166677914938882,qwen
atchctr,attachment,ES,Spain,7.6705586518274265,2.361073643641371,7.539416058394161,0.7670439255087544,qwen
atchctr,attachment,FI,Finland,8.532889956209539,1.721974346336809,7.835766423357664,0.6592501085294618,qwen
atchctr,attachment,FR,France,8.11408061265241,1.7557768826141311,7.671532846715328,0.6568297180584775,qwen
atchctr,attachment,GB,United Kingdom,6.446242122238281,2.686254482171474,7.49051094890511,0.7346761242584277,qwen
atchctr,attachment,GR,Greece,8.881524692125504,1.5027453695254007,7.683941605839416,0.5656122254403567,qwen
atchctr,attachment,HR,Croatia,7.805299599467808,2.3082126079291276,7.778102189781022,0.5738853075895284,qwen
atchctr,attachment,HU,Hungary,8.192343443970984,1.9373680552289099,7.754014598540146,0.636145028167787,qwen
atchctr,attachment,IE,Ireland,7.940130153125142,1.9499742875864232,7.630656934306569,0.6076464571847551,qwen
atchctr,attachment,IL,Israel,7.589408771063847,2.976638904720854,7.87007299270073,0.6594305716865139,qwen
atchctr,attachment,IS,Iceland,7.798589150536426,1.9086261257204415,7.714598540145985,0.6600040033975473,qwen
atchctr,attachment,IT,Italy,7.8728001015022055,2.1457995087140276,7.642335766423358,0.6610202361449774,qwen
atchctr,attachment,LT,Lithuania,7.66776595743522,2.351043034499375,7.706569343065693,0.6206962205310947,qwen
atchctr,attachment,LV,Latvia,8.002254051978401,2.3460469517606706,7.731386861313869,0.5924416501997898,qwen
atchctr,attachment,ME,Montenegro,7.43172280951192,2.611198558009051,7.716788321167884,0.5441836719980244,qwen
atchctr,attachment,NL,Netherlands,6.91995596751002,1.9759069697496663,7.742335766423357,0.6144843589929389,qwen
atchctr,attachment,NO,Norway,8.356020732898022,1.7609468632769683,7.751824817518248,0.6145295102546611,qwen
atchctr,attachment,PL,Poland,8.381322284672837,2.067943260908936,7.827007299270073,0.6168330322807986,qwen
atchctr,attachment,PT,Portugal,8.323597733262226,1.958016904353307,7.649635036496351,0.6187995461397924,qwen
atchctr,attachment,RS,Serbia,7.955240033272359,2.769081811317891,7.713138686131387,0.5446198199495653,qwen
atchctr,attachment,SE,Sweden,7.687499171975582,2.2106911613218845,7.75985401459854,0.6186029173067162,qwen
atchctr,attachment,SI,Slovenia,7.822256846162968,2.2401440085016127,7.725547445255475,0.6181973885977265,qwen
atchctr,attachment,SK,Slovakia,7.3373376954344876,2.401305239829526,7.754744525547445,0.5590785551567996,qwen
atchctr,attachment,UA,Ukraine,8.384846624537102,2.2335078090949296,7.7,0.5594744819081856,qwen
atcherp,attachment,AT,Austria,6.459312965022585,2.4740283129114413,6.408759124087592,1.0499564494278504,qwen
atcherp,attachment,BE,Belgium,5.737255057652594,2.4869016145939025,6.346715328467154,1.1772111889816224,qwen
atcherp,attachment,BG,Bulgaria,4.557503875500378,2.7733848582900498,6.394160583941606,1.3020320613544738,qwen
atcherp,attachment,CH,Switzerland,6.089205374334021,2.29180426314845,6.579562043795621,0.9512333242447468,qwen
atcherp,attachment,CY,Cyprus,5.111489573318731,2.6391498452836135,6.424817518248175,1.2421555626401732,qwen
atcherp,attachment,DE,Germany,6.372853835697904,2.5349371781994114,6.5372262773722625,0.9690387788236577,qwen
atcherp,attachment,EE,Estonia,5.66938285217246,2.650948355524505,6.958394160583942,0.6899065891265551,qwen
atcherp,attachment,ES,Spain,6.66848211243954,2.265122140456476,6.08029197080292,1.2981002434765199,qwen
atcherp,attachment,FI,Finland,6.847523322270992,1.9594314130921375,6.76934306569343,0.8893918386516588,qwen
atcherp,attachment,FR,France,6.118343031458958,2.506014263379807,6.326277372262774,1.2573334631560682,qwen
atcherp,attachment,GB,United Kingdom,4.782086100508302,2.709499960031744,5.932846715328467,1.38755482948676,qwen
atcherp,attachment,GR,Greece,5.377431957724561,2.396499458360454,6.445255474452555,1.0008746761637652,qwen
atcherp,attachment,HR,Croatia,6.017784696959767,2.7024896573637998,6.676642335766424,0.9517806314625681,qwen
atcherp,attachment,HU,Hungary,7.386025960497832,2.308692837898404,6.475912408759124,1.2108504060233247,qwen
atcherp,attachment,IE,Ireland,5.9434348180023875,2.383310584470113,6.237956204379562,1.2080463293068084,qwen
atcherp,attachment,IL,Israel,2.430308978588516,2.3683137968434713,6.246715328467153,1.2723470906698533,qwen
atcherp,attachment,IS,Iceland,6.068364672873836,2.2551332756453117,6.604379562043795,0.9656277397348432,qwen
atcherp,attachment,IT,Italy,5.7209684284249445,2.308495754114149,6.031386861313869,1.304835352075484,qwen
atcherp,attachment,LT,Lithuania,5.910696311492451,2.677545132751692,6.662773722627737,0.9284338270648667,qwen
atcherp,attachment,LV,Latvia,5.3753155336116425,2.768291889432703,6.655474452554745,1.0030596254884205,qwen
atcherp,attachment,ME,Montenegro,4.7930529170902565,2.497743690399417,6.747445255474452,0.9465295406593293,qwen
atcherp,attachment,NL,Netherlands,5.724042520406502,2.175500955768772,6.55985401459854,0.922466488877265,qwen
atcherp,attachment,NO,Norway,6.528823298702699,2.258380187969604,6.793430656934307,0.8324736249235054,qwen
atcherp,attachment,PL,Poland,6.852986064225321,2.392893967990444,6.7291970802919705,0.9551461557996406,qwen
atcherp,attachment,PT,Portugal,6.708304466826482,2.185217417074786,6.104379562043795,1.3099857490597269,qwen
atcherp,attachment,RS,Serbia,3.5381177753021533,3.0939519700451057,6.461313868613138,1.1360164430785356,qwen
atcherp,attachment,SE,Sweden,6.492313928148823,2.2401736423879495,6.663503649635037,0.9138214146306366,qwen
atcherp,attachment,SI,Slovenia,5.98720295951601,2.6551961227910086,6.452554744525547,1.131492331607669,qwen
atcherp,attachment,SK,Slovakia,6.0905108649622255,2.750945268381491,6.17956204379562,1.3480079891855603,qwen
atcherp,attachment,UA,Ukraine,5.628034619503941,3.1507378764613088,6.15036496350365,1.4904728677607262,qwen
health,health,AT,Austria,1.9141356256686646,0.9232104251785521,3.110948905109489,0.5710714808799195,qwen
health,health,BE,Belgium,2.114847504252695,0.8827077394660321,3.1056934306569346,0.694830320929996,qwen
health,health,BG,Bulgaria,2.0014969415203407,0.89154254997927,3.0192700729927004,0.7041913314859158,qwen
health,health,CH,Switzerland,1.8562260693555466,0.7370794966101829,3.1772992700729925,0.6491385470675269,qwen
health,health,CY,Cyprus,1.9838909971504628,0.972816685203613,3.0762043795620437,0.6414782491502251,qwen
health,health,DE,Germany,2.3404064086681218,0.9204941688404913,3.161167883211679,0.6904603364133137,qwen
health,health,EE,Estonia,2.384538456606737,0.8140440645423924,3.183941605839416,0.6975556294907665,qwen
health,health,ES,Spain,2.2450335664243757,0.9550380949578365,3.103649635036496,0.6307668171755078,qwen
health,health,FI,Finland,2.242125842698102,0.832107114210838,3.2769343065693426,0.6518704106091726,qwen
health,health,FR,France,2.1955373529269524,0.917509906548585,3.184306569343066,0.6372843008790027,qwen
health,health,GB,United Kingdom,2.1475728850864075,0.9299975852006594,3.0783941605839416,0.6516737711918584,qwen
health,health,GR,Greece,1.6507620037517867,0.7968449482650742,3.078832116788321,0.5920317204604255,qwen
health,health,HR,Croatia,2.1587218174065788,1.0763146128824166,3.0655474452554747,0.6831160541465785,qwen
health,health,HU,Hungary,2.1453850505528766,0.968639011634433,3.0927007299270075,0.6151873004967259,qwen
health,health,IE,Ireland,1.7979717869331635,0.7767376972115357,3.102919708029197,0.637514087201241,qwen
health,health,IL,Israel,1.805679135155322,1.0235947764484168,3.1601459854014595,0.7215581594629185,qwen
health,health,IS,Iceland,2.0520469187203223,0.933014525178925,3.171167883211679,0.679151803403642,qwen
health,health,IT,Italy,2.208019228294266,0.8613077531480793,3.0922627737226276,0.5992307357843635,qwen
health,health,LT,Lithuania,2.3620473814182037,0.8127189824484872,3.0451094890510952,0.7165913024310077,qwen
health,health,LV,Latvia,2.651565011670587,0.829205302339946,3.0316788321167882,0.6556129328750464,qwen
health,health,ME,Montenegro,2.0184010632287226,0.8525585211091011,3.0182481751824817,0.5923759003579414,qwen
health,health,NL,Netherlands,2.136731618071862,0.7366112674677908,3.1874452554744526,0.7252868248895085,qwen
health,health,NO,Norway,2.065780416217236,0.9372793967065801,3.196642335766423,0.7366772617443438,qwen
health,health,PL,Poland,2.234161722961197,0.8088475011682066,3.1474452554744525,0.6393619228705946,qwen
health,health,PT,Portugal,2.392226647275271,0.8990897224501815,3.0382481751824817,0.6594321252355833,qwen
health,health,RS,Serbia,2.3095017135503286,1.0226643886584024,3.0,0.604563541758343,qwen
health,health,SE,Sweden,2.049525199592529,0.8356555728872694,3.2171532846715327,0.7775269583197116,qwen
health,health,SI,Slovenia,2.1846749396506233,0.8942901128662777,3.0703649635036494,0.6720488973341717,qwen
health,health,SK,Slovakia,2.2348633159025577,0.8945051260799347,3.0357664233576642,0.606824881321011,qwen
health,health,UA,Ukraine,2.673107019642948,0.8603051181585082,2.948175182481752,0.5453286725261168,qwen
rlgatnd,religion,AT,Austria,5.479338666840443,1.3400087072150901,2.2744525547445256,0.9333826112523987,qwen
rlgatnd,religion,BE,Belgium,6.116130995693989,1.3653135699401429,2.3145985401459854,0.9485708044476687,qwen
rlgatnd,religion,BG,Bulgaria,5.327140858928711,1.2396764000564964,2.4051094890510947,0.9527062997325971,qwen
rlgatnd,religion,CH,Switzerland,5.734269035247372,1.3171909253730611,2.3043795620437955,0.9352477713064737,qwen
rlgatnd,religion,CY,Cyprus,4.353221003891415,1.3570157202418038,2.5350877192982457,0.937784915992478,qwen
rlgatnd,religion,DE,Germany,6.072509764828908,1.2470883860930286,2.335766423357664,0.9465030457096414,qwen
rlgatnd,religion,EE,Estonia,6.052758649598297,1.0707400981460191,2.193713450292398,0.9485929842843378,qwen
rlgatnd,religion,ES,Spain,5.881227715894526,1.5065486967625719,2.2613138686131387,1.0056309426737702,qwen
rlgatnd,religion,FI,Finland,5.850632443390991,1.165045751022802,2.2609649122807016,0.9624485026689706,qwen
rlgatnd,religion,FR,France,6.127880470150239,1.2904666557657698,2.3927007299270073,0.9607528599839309,qwen
rlgatnd,religion,GB,United Kingdom,5.845746367740842,1.583302523856709,2.475549048316252,0.9284377104944384,qwen
rlgatnd,religion,GR,Greece,4.563632269248038,1.173277911508533,2.4386861313868615,0.947005759566651,qwen
rlgatnd,religion,HR,Croatia,4.986787808266148,1.4499214808058578,2.3496350364963505,0.9478448999315262,qwen
rlgatnd,religion,HU,Hungary,5.677079152143987,1.4075077348572846,2.2690058479532165,0.9454390196815808,qwen
rlgatnd,religion,IE,Ireland,5.103841421421447,1.5704984412755174,2.6145985401459853,0.8821276235046223,qwen
rlgatnd,religion,IL,Israel,5.142386564860492,1.9814960341303947,2.4788321167883214,0.9973965127497522,qwen
rlgatnd,religion,IS,Iceland,6.145479970306821,1.1653814568349314,2.254014598540146,0.948838517320157,qwen
rlgatnd,religion,IT,Italy,4.662641162701375,1.628398840444458,2.4108187134502925,0.9665412376918076,qwen
rlgatnd,religion,LT,Lithuania,5.138376199062481,1.1990503855709085,2.283211678832117,0.9544118349751319,qwen
rlgatnd,religion,LV,Latvia,5.814837262072342,1.2054114115367247,2.3077485380116958,0.9508175820326411,qwen
rlgatnd,religion,ME,Montenegro,4.338197625667527,1.6547586813358335,2.4058394160583942,0.9122113757557171,qwen
rlgatnd,religion,NL,Netherlands,6.162729781781611,1.4696419827192204,2.307017543859649,0.923918635688545,qwen
rlgatnd,religion,NO,Norway,6.076685746987576,1.1874551439866414,2.2386861313868613,0.9957694265027788,qwen
rlgatnd,religion,PL,Poland,4.294966622278048,1.466940204585177,2.5014598540145987,0.9815539506864439,qwen
rlgatnd,religion,PT,Portugal,5.25733500990477,1.682959356254799,2.3547445255474453,0.9465210849048995,qwen
rlgatnd,religion,RS,Serbia,5.063040211682718,1.1521434257006364,2.5190058479532165,0.9252856976202052,qwen
rlgatnd,religion,SE,Sweden,6.053227284345842,1.1352555567958624,2.2109489051094893,1.0265253115348656,qwen
rlgatnd,religion,SI,Slovenia,5.421129340400725,1.3829041678849663,2.1803519061583576,0.9345833214026121,qwen
rlgatnd,religion,SK,Slovakia,4.802303803279733,1.6272285940989588,2.3464912280701755,0.9410762809362495,qwen
rlgatnd,religion,UA,Ukraine,4.903262379016235,1.4965780611518245,2.4298245614035086,0.8937980379106981,qwen
aesfdrk,safety,AT,Austria,1.7451200858393296,0.7781357867038727,2.756204379562044,0.5295177815474599,qwen
aesfdrk,safety,BE,Belgium,1.9608103558736638,0.7680524114258143,2.8036496350364963,0.49683335821667096,qwen
aesfdrk,safety,BG,Bulgaria,2.5147298946457233,0.8500712838204036,2.665693430656934,0.6002482376596417,qwen
aesfdrk,safety,CH,Switzerland,1.6449212604938928,0.6840492099370598,2.87007299270073,0.45793283355137704,qwen
aesfdrk,safety,CY,Cyprus,2.206599297143829,0.7915801586684562,2.721167883211679,0.613854500272675,qwen
aesfdrk,safety,DE,Germany,1.9377331019707613,0.7754115407227861,2.7854014598540147,0.50934830308691,qwen
aesfdrk,safety,EE,Estonia,1.7614117223777974,0.6534452556480626,2.8554744525547444,0.4755605661228149,qwen
aesfdrk,safety,ES,Spain,1.8616260813447065,0.7579753018268469,2.6905109489051093,0.5753060730870337,qwen
aesfdrk,safety,FI,Finland,1.6502650058100996,0.6329304653417683,2.854014598540146,0.5121355641271957,qwen
aesfdrk,safety,FR,France,1.9970340137772633,0.8798602580096239,2.743065693430657,0.5655556213872709,qwen
aesfdrk,safety,GB,United Kingdom,1.9204157097348173,0.7639990590412803,2.7255474452554744,0.533117993407444,qwen
aesfdrk,safety,GR,Greece,2.214238278814882,0.8221606948682242,2.68029197080292,0.5760623819038997,qwen
aesfdrk,safety,HR,Croatia,1.607796724970234,0.6176597085881051,2.7343065693430657,0.5794277722932634,qwen
aesfdrk,safety,HU,Hungary,1.88843413734752,0.5869997343161297,2.7532846715328465,0.5939572777490064,qwen
aesfdrk,safety,IE,Ireland,1.8840217477145313,0.7786320886168319,2.7313868613138688,0.5548499382001315,qwen
aesfdrk,safety,IL,Israel,2.003908804589909,0.8713027199520768,2.7532846715328465,0.5890138322438924,qwen
aesfdrk,safety,IS,Iceland,1.4502312563915707,0.6582303359278844,2.82992700729927,0.5035495300039512,qwen
aesfdrk,safety,IT,Italy,2.2515240159291157,0.7870124590342552,2.6992700729927006,0.554157116441249,qwen
aesfdrk,safety,LT,Lithuania,2.1023968977184855,0.6603483022587546,2.783211678832117,0.5312692161045702,qwen
aesfdrk,safety,LV,Latvia,2.0343555398162096,0.7569815019136503,2.756204379562044,0.549170202564105,qwen
aesfdrk,safety,ME,Montenegro,1.9127651028518395,0.6766689768568745,2.7036496350364962,0.5682136725297275,qwen
aesfdrk,safety,NL,Netherlands,1.8321046219530455,0.6716373504943086,2.858394160583942,0.43890519293681635,qwen
aesfdrk,safety,NO,Norway,1.4444036804392373,0.621264626266143,2.875912408759124,0.46587111817465826,qwen
aesfdrk,safety,PL,Poland,1.7455882829221274,0.6103235977360933,2.81021897810219,0.5662646499057418,qwen
aesfdrk,safety,PT,Portugal,2.0040593848451977,0.6692397650858066,2.616058394160584,0.57990642225573,qwen
aesfdrk,safety,RS,Serbia,1.7162551018890868,0.7411910287910501,2.6218978102189783,0.6010122222520665,qwen
aesfdrk,safety,SE,Sweden,1.7102098196296691,0.7724201277122971,2.8642335766423357,0.4872252901624513,qwen
aesfdrk,safety,SI,Slovenia,1.5854336586751598,0.6011680445006672,2.7985401459854016,0.5300868020968722,qwen
aesfdrk,safety,SK,Slovakia,2.14238162067109,0.6523475023052114,2.74014598540146,0.5349563918958297,qwen
aesfdrk,safety,UA,Ukraine,2.0477057283918545,0.8012970852475175,2.281751824817518,0.6219920575100483,qwen
hincfel,income,AT,Austria,1.7885763610856038,0.7016947571657278,2.713868613138686,0.5486802989278486,qwen
hincfel,income,BE,Belgium,1.86522641109487,0.8896511295112408,2.7985401459854016,0.48995545230425663,qwen
hincfel,income,BG,Bulgaria,2.5741661039618227,0.8640364971527,2.7094890510948906,0.5396396907747598,qwen
hincfel,income,CH,Switzerland,1.5683709540776045,0.7180125713220007,2.7854014598540147,0.49182500364295434,qwen
hincfel,income,CY,Cyprus,2.079467994970561,0.8671987095784793,2.651094890510949,0.589394176564879,qwen
hincfel,income,DE,Germany,1.626667978914573,0.6834186975768242,2.8364963503649636,0.4354328209726822,qwen
hincfel,income,EE,Estonia,1.9440503292166416,0.7082959549773526,2.783941605839416,0.5242975775277919,qwen
hincfel,income,ES,Spain,1.85549258919365,0.8177486918848212,2.7635036496350365,0.5096834117142908,qwen
hincfel,income,FI,Finland,1.8378014985173585,0.685850382143259,2.8248175182481754,0.44750461820901166,qwen
hincfel,income,FR,France,1.7442598225119734,0.7357233858495562,2.805839416058394,0.46386477526392605,qwen
hincfel,income,GB,United Kingdom,1.782693631351505,0.8396131057994066,2.7036496350364962,0.5525603297383894,qwen
hincfel,income,GR,Greece,2.4566459133957133,0.763509976228362,2.7124087591240875,0.5438982715064711,qwen
hincfel,income,HR,Croatia,1.8591769298216114,0.7951207513223731,2.718248175182482,0.5522705628370423,qwen
hincfel,income,HU,Hungary,2.1792181814427543,0.7150166923772696,2.681751824817518,0.6004650948489004,qwen
hincfel,income,IE,Ireland,1.817426696357792,0.8275290655892819,2.6832116788321168,0.5802007798104422,qwen
hincfel,income,IL,Israel,1.992257796033195,0.909257685789422,2.691240875912409,0.5709172947030459,qwen
hincfel,income,IS,Iceland,1.5782702126796426,0.7523342908941502,2.78029197080292,0.5160918443662936,qwen
hincfel,income,IT,Italy,1.9337770882399752,0.7686205038007697,2.71970802919708,0.5409866738609066,qwen
hincfel,income,LT,Lithuania,1.9270208834320273,0.6560368551061526,2.740875912408759,0.5491293939545621,qwen
hincfel,income,LV,Latvia,2.441784891392683,0.7822267281510663,2.702189781021898,0.5557339535140913,qwen
hincfel,income,ME,Montenegro,2.541803177342517,1.0498763840763221,2.794160583941606,0.4805829828602582,qwen
hincfel,income,NL,Netherlands,1.418800054685903,0.6486966976962052,2.8313868613138684,0.447173028120642,qwen
hincfel,income,NO,Norway,1.5104027324668359,0.6803905012376829,2.756934306569343,0.5417908926966731,qwen
hincfel,income,PL,Poland,1.94692268620397,0.5536224979120611,2.756934306569343,0.5112471307684763,qwen
hincfel,income,PT,Portugal,2.2961930159308017,0.8230599117177357,2.6218978102189783,0.6178054123700093,qwen
hincfel,income,RS,Serbia,1.919298210772144,0.7621331198511583,2.6934306569343067,0.5793983039954582,qwen
hincfel,income,SE,Sweden,1.3799038798597794,0.6167472715921849,2.843065693430657,0.48723405108003787,qwen
hincfel,income,SI,Slovenia,1.5381724922383904,0.7351340898757903,2.7554744525547443,0.5343356409573022,qwen
hincfel,income,SK,Slovakia,2.1619024707248014,0.8206651601987425,2.664963503649635,0.5940237507897529,qwen
hincfel,income,UA,Ukraine,2.8978141350157722,0.9025688044675382,2.55036496350365,0.630038067121433,qwen
