variable,domain,cntry,r_pearson,p_pearson,r_spearman,p_spearman,human_mean,silicon_mean,human_sd,silicon_sd,n_valid
ppltrst,social_trust,AT,0.07266350516943906,0.05880442905590732,0.03911894246416059,0.30946149138590895,5.865583456425406,7.164697193500738,2.160281626985608,0.9988056943056136,677
ppltrst,social_trust,BE,-0.019722653740652036,0.6081966913487209,-0.01483936115999084,0.6997174051989058,5.6386430678466075,7.285250737463127,2.1185219449766715,0.894883294813483,678
ppltrst,social_trust,BG,-0.004572331248675156,0.9061740560582076,-0.01681668291738544,0.664630177981935,3.6926536731634183,6.808845577211394,2.39681783626499,1.1901609974459424,667
ppltrst,social_trust,CH,0.00615196589275268,0.8726856043614256,0.032483005056258285,0.39736207466315965,5.851688693098385,7.401468428781204,2.117163945832663,0.9200052202307291,681
ppltrst,social_trust,CY,0.06285345627192572,0.10379911623814905,0.073553060510642,0.0568683058575392,4.052160953800298,7.19344262295082,2.500499760978238,1.108536178487826,671
ppltrst,social_trust,DE,-0.030266726657924722,0.4327519870354307,-0.028230168510709554,0.4643619299566865,5.363501483679525,7.163056379821958,2.237709418590429,1.0365892349370938,674
ppltrst,social_trust,EE,0.04709126203765201,0.21970390537089912,0.05197298762962684,0.1755099946335264,5.713656387665198,7.426872246696035,1.9945377599520595,0.8727224458432483,681
ppltrst,social_trust,ES,0.05287691576451414,0.1703201554999431,0.03651620037319693,0.3438570611649767,5.344213649851632,7.118842729970327,2.148340675290838,1.0376355403537962,674
ppltrst,social_trust,FI,0.034019374988485715,0.37787944221931513,0.011389012746307017,0.7678894467333327,6.994065281899109,7.585905044510385,1.8186650971804081,0.6999215599469178,674
ppltrst,social_trust,FR,-0.025188900360685624,0.5160669227854588,-0.012704203065435965,0.743289056621549,4.541229385307346,7.120389805097451,2.167746159324781,1.0686093645247368,667
ppltrst,social_trust,GB,0.02137128021391021,0.5805198866163331,0.02037998613676156,0.5982027361107933,5.432190760059613,7.027570789865872,2.2916671502937316,1.1429471856717819,671
ppltrst,social_trust,GR,-0.01700776519670337,0.6608166095529185,-0.028489477415423094,0.46227826848275066,4.504491017964072,7.105688622754491,1.928631634197922,0.9149093098923168,668
ppltrst,social_trust,HR,-0.035570439815006585,0.35830439469974773,-0.006720918382996705,0.8622476935326213,4.671150971599402,7.142750373692078,2.3667017695720793,0.9619383339134092,669
ppltrst,social_trust,HU,0.12681183032776264,0.0009687627038557375,0.10020008627183341,0.009239288300390162,4.483679525222552,6.890207715133531,2.4994265240549187,1.1382028605386247,674
ppltrst,social_trust,IE,0.011281663891756551,0.7693508371404711,-0.001154551731903672,0.9760612666232243,5.430678466076696,7.322271386430678,2.467586591443389,0.8169490582399122,678
ppltrst,social_trust,IL,-0.005493176903079489,0.8869730679376808,-0.01479006735428953,0.7019351597757325,5.212797619047619,7.184226190476191,2.3654775972316364,0.8996876404624913,672
ppltrst,social_trust,IS,0.05721219524225045,0.13757618068819608,0.02958169811945079,0.4429040467908554,6.564444444444445,7.617037037037037,2.054865640183977,0.6551033103953232,675
ppltrst,social_trust,IT,0.021716718915597677,0.5747021898411848,0.017750877773658504,0.6464867754549453,4.577611940298508,7.1049253731343285,2.3118154233687593,1.0329502252362552,670
ppltrst,social_trust,LT,0.0045640569191826,0.9059929982015673,-0.00038799432728927696,0.9919899816694158,5.133928571428571,7.140327380952381,2.4188610677823412,1.0354787714408278,672
ppltrst,social_trust,LV,-0.025985095838947172,0.505793431713574,-0.013825158435606569,0.7233547515279867,3.89209726443769,7.008358662613982,2.574709838914742,1.1581253072658915,658
ppltrst,social_trust,ME,-0.01864684821355312,0.6284122094894106,-0.022677874280738537,0.5561234480497066,4.232248520710059,7.310059171597634,2.5683362483936216,0.8191156908593885,676
ppltrst,social_trust,NL,-0.06884764347897245,0.07406835526667593,-0.08364825392311512,0.02990014579838947,6.267062314540059,7.516617210682492,1.9503224038664635,0.8088238183644044,674
ppltrst,social_trust,NO,-0.05790957026002775,0.13226212946277513,-0.0463339834781087,0.22859223936817388,6.673559822747415,7.654505169867061,1.8884798373025309,0.6811263288016713,677
ppltrst,social_trust,PL,0.013233651295993153,0.7343467907151169,-0.023705443917429275,0.5432306581561587,4.551515151515152,7.091363636363637,2.34868267240872,0.9248555419556063,660
ppltrst,social_trust,PT,-0.01452941150777888,0.706734980441801,-0.055643031510300936,0.14931959940268066,4.108469539375928,7.2307578008915305,2.372047577047334,0.9475479896767206,673
ppltrst,social_trust,RS,0.05169974788998398,0.18037211252725271,0.08976705005770055,0.019851999099240333,4.315007429420505,6.895690936106984,2.7809990991598785,1.0568776338388446,673
ppltrst,social_trust,SE,-0.0022158802934207924,0.9541758798376865,-0.014845382969248342,0.7002368810921795,6.312592592592592,7.637333333333333,2.0283754747853333,0.7847576125057703,675
ppltrst,social_trust,SI,-0.0005819655071795705,0.9879767920719551,0.014084130662595264,0.715325782271671,4.6775631500742945,7.22407132243685,2.391400517244687,1.0441518292492658,673
ppltrst,social_trust,SK,0.0691293560856196,0.07204224349431475,0.04881169679352696,0.2043014352384617,4.050147492625369,7.051622418879056,2.7409836036694104,0.9841380210716423,678
ppltrst,social_trust,UA,0.006070781501014912,0.8755513098331964,0.002354977144105759,0.9515566278621098,3.941616766467066,6.027694610778443,2.8333849977660184,1.6630464854430635,668
pplfair,social_trust,AT,-0.09237262391591225,0.015896524755173273,-0.09522588423132518,0.012915206429630195,6.348017621145375,7.561380323054332,1.9846913464983689,0.6364819466229614,681
pplfair,social_trust,BE,0.0005697874360653134,0.9881583558458427,-0.019484109815013313,0.611754247066385,6.019089574155654,7.513656387665199,1.9788409544091776,0.6814377054895144,681
pplfair,social_trust,BG,0.05248039148543823,0.17259411137399908,0.03438752611131719,0.37167109585160496,4.311669128508124,7.340620384047268,2.219213376109946,0.682443551037818,677
pplfair,social_trust,CH,0.10174865450417454,0.007832428807377051,0.04168716124135906,0.27697441450019733,6.409090909090909,7.568475073313783,1.8815370182897724,0.7539540547707184,682
pplfair,social_trust,CY,-0.031710091488756614,0.40903993156011625,-0.04352413487628084,0.2570380846813537,4.427941176470588,7.571470588235295,2.262087192145892,0.7596279701514895,680
pplfair,social_trust,DE,0.00806703545516469,0.8333216808998565,3.7682048372069245e-05,0.9992156884369758,6.24597364568082,7.498389458272327,1.9467532288920935,0.6134707621061416,683
pplfair,social_trust,EE,0.10068833955338517,0.00860198707451901,0.08115963801939938,0.03434631268111097,6.211764705882353,7.588235294117647,2.0564585865136134,0.7090887786125641,680
pplfair,social_trust,ES,0.014840153036674773,0.6986470405442008,0.01777780155671393,0.6427942903654588,5.588579795021962,7.475841874084919,2.1753723254316526,0.6909038142399997,683
pplfair,social_trust,FI,0.019915567483761172,0.6033584595155516,0.010584012760835902,0.7824662625089748,7.161054172767203,7.70117130307467,1.7057278187006157,0.6159881827492439,683
pplfair,social_trust,FR,-0.02495099011457386,0.5162952317581658,-0.02914767227830762,0.44828283115576684,6.14138438880707,7.522385861561119,1.9935097859006348,0.668639854496461,679
pplfair,social_trust,GB,0.0702187325819177,0.06745656033804753,0.05576146821658897,0.1466507334232037,5.945508100147276,7.412371134020619,2.183669545497061,0.6950478883293805,679
pplfair,social_trust,GR,-0.08260235725201936,0.031638290069046324,-0.07755216033912506,0.04367915270093556,4.935007385524372,7.459822747415067,2.0019001051527177,0.6858536540744196,677
pplfair,social_trust,HR,0.02479728036742685,0.5198121028602082,0.02797924054019835,0.46768176323679056,5.196745562130178,7.4578402366863905,2.4297028747585387,0.6788317270849448,676
pplfair,social_trust,HU,0.007091369005263992,0.8536634980675705,0.001834865064533531,0.9619360647640037,5.114874815905743,7.3234167893961715,2.1150673693599447,0.7250853607042904,679
pplfair,social_trust,IE,0.029749540690429534,0.4379499775660557,0.01576118291276922,0.6811635990363207,6.145161290322581,7.634310850439883,2.1658913214281967,0.6359022705181067,682
pplfair,social_trust,IL,0.014206325559014818,0.7121477681555181,0.010669194690230581,0.7817040506771934,5.333825701624815,7.5242245199409155,2.2820872412499327,0.681022028109711,677
pplfair,social_trust,IS,0.06934517848852943,0.0705313332211398,0.013359356088021348,0.7278397934387435,6.976505139500734,7.812628487518355,1.8397666421043777,0.6697358950574803,681
pplfair,social_trust,IT,-0.04754809041256339,0.2162754916609319,-0.05782486632896539,0.13254291210731495,4.632743362831858,7.528023598820059,2.2210065642766614,0.7262411589878421,678
pplfair,social_trust,LT,0.028955250540922097,0.4539742987552131,0.03561525648357689,0.3569784339853938,5.518628912071535,7.435618479880775,2.2385753527298142,0.6678755786473306,671
pplfair,social_trust,LV,0.019316581032392387,0.616650222488172,0.028517614988217657,0.45982415650474934,5.640949554896142,7.391839762611276,2.222106209515381,0.6966755260164627,674
pplfair,social_trust,ME,-0.04518095187466795,0.24109324463095216,-0.054746547670934065,0.1553788528604611,4.354074074074074,7.52562962962963,2.3304131319199115,0.6386960559920294,675
pplfair,social_trust,NL,-0.06701308386234725,0.07987994910268315,-0.04258393001321495,0.2660599876954237,6.6154970760233915,7.592105263157895,1.6242469731723888,0.6695613480925557,684
pplfair,social_trust,NO,0.02834761386882611,0.46018145282069306,0.014979662282310126,0.6963792876552638,6.8883994126284875,7.807342143906021,1.84690454678655,0.5577835460427146,681
pplfair,social_trust,PL,0.01616490012747663,0.6757356125620322,0.007582628318604594,0.8444527935291538,5.21875,7.35922619047619,2.249968951598991,0.6676501908751542,672
pplfair,social_trust,PT,-0.038967983706675764,0.31026001979336165,-0.016027724035953178,0.6765249846653988,5.141176470588236,7.463823529411764,2.2120459674332262,0.7436823347752348,680
pplfair,social_trust,RS,0.00648472162996485,0.8659606320501437,0.009628820076350563,0.8020980458743189,4.675,7.332794117647059,2.846379764088735,0.705938090691219,680
pplfair,social_trust,SE,0.02556020448951808,0.5061018103769308,0.018318553199607967,0.6337192479156639,6.761413843888071,7.800147275405008,1.7696845054513566,0.633352722811944,679
pplfair,social_trust,SI,0.003747317553044852,0.9224703235592988,-0.005241556599035159,0.8917183989074429,5.443131462333826,7.436779911373708,2.2456600357146,0.7147579763828807,677
pplfair,social_trust,SK,-0.026372857039085814,0.4917130366398148,-0.01627495739788809,0.671368138344012,4.854838709677419,7.385483870967741,2.504219356369087,0.6656302042092329,682
pplfair,social_trust,UA,-0.04825897687726979,0.21357189322665077,-0.01216164271448565,0.7540700493662937,4.786786786786787,7.300750750750751,2.4265832669546388,0.8833885755291244,666
pplhlp,social_trust,AT,-0.06691472698119554,0.0805466242908898,-0.07445203807266416,0.05178877172130034,6.248901903367496,7.149926793557833,2.0598403677962094,1.0104784560669668,683
pplhlp,social_trust,BE,-0.06146504119455673,0.10851157855153477,-0.07263765689423674,0.057780209248289444,5.2371888726207905,7.187262079062957,2.1373563996748035,0.9948689329138768,683
pplhlp,social_trust,BG,-0.016267784344705168,0.6742497312578875,-0.03009929226566942,0.43667377593560963,3.5850746268656715,6.988507462686566,2.2907661352048314,0.9263631796449615,670
pplhlp,social_trust,CH,0.004641687607885661,0.9039055552294373,-0.012180900872956823,0.7513708367273446,5.914580265095729,7.318262150220912,1.8943502615760537,0.9324955806179811,679
pplhlp,social_trust,CY,0.010323027147529201,0.7884633159881799,0.05626233498611091,0.14334725237579055,4.146017699115045,7.180973451327433,2.246462588641933,1.0244460675077476,678
pplhlp,social_trust,DE,-0.04176823679991458,0.2763940424156456,-0.05673440279072553,0.1391373229009747,5.4331864904552125,7.06813509544787,2.0033831625658927,1.0210710434832768,681
pplhlp,social_trust,EE,0.010585171770406233,0.7832237298794951,-0.03936086277664884,0.30611845525447323,5.0855457227138645,7.394837758112094,2.005545615850315,0.9531971639245082,678
pplhlp,social_trust,ES,-0.07674154604375077,0.04545237739323045,-0.0746762767265932,0.05160013549445276,4.830882352941177,7.077941176470588,2.2786553506513205,0.9696947864465641,680
pplhlp,social_trust,FI,-0.030640980386627704,0.4240002254698989,0.006687034573949576,0.8615176386038108,6.412884333821376,7.280234260614933,1.9167293355712107,0.9593521476923722,683
pplhlp,social_trust,FR,-0.023276075055941686,0.5457506964562902,-0.01436977323452419,0.7091916737801346,4.633136094674557,7.098668639053253,2.203370398571845,0.9570237829585884,676
pplhlp,social_trust,GB,0.009910555266374221,0.7970213900441153,0.021880795034814948,0.5700921384512326,6.063609467455621,7.0405325443786975,2.0060149524568867,0.9580917827246404,676
pplhlp,social_trust,GR,0.01827439406268772,0.6347882359900906,0.014728760872217242,0.7018480759996955,4.355457227138643,6.99882005899705,1.9819476300004453,1.0148520830342678,678
pplhlp,social_trust,HR,0.016697289172597236,0.6638228383900813,0.03676153471018389,0.3384746799026319,4.427941176470588,7.105294117647059,2.39736880731814,0.940373238638613,680
pplhlp,social_trust,HU,0.02120974834907934,0.5825410421573377,0.022127424179939653,0.5663297202117455,4.528189910979228,6.899703264094955,2.3018709334994094,1.0440804201324916,674
pplhlp,social_trust,IE,-0.048368556047768685,0.20743720602650564,-0.035629123716562634,0.3532190608184672,6.051395007342144,7.309985315712188,2.2508825637510648,0.8232754701702552,681
pplhlp,social_trust,IL,-0.07871781597704032,0.040602189474324195,-0.06728754353432331,0.08020161369905154,5.10930576070901,7.1620384047267365,2.3268154373411343,0.961826408424625,677
pplhlp,social_trust,IS,-0.04650310739033042,0.22620876401724588,-0.04623141803549755,0.22893575789863208,6.594992636229749,7.588512518409426,1.7888638535048924,0.7971283245789276,679
pplhlp,social_trust,IT,0.04680971016612082,0.22487744591604156,0.09285501617958682,0.01589169773161977,4.20326409495549,7.0299703264094955,2.2612284853566345,1.0878599296133842,674
pplhlp,social_trust,LT,-0.011724766039557237,0.7610789656114478,0.05835081546553148,0.12990428715649427,5.0414814814814815,7.108888888888889,2.4069750641056276,0.9856888918383785,675
pplhlp,social_trust,LV,-0.03462491240500606,0.36980053846415745,-0.044173504616485386,0.25246268488484697,4.9539375928677565,6.981872213967311,2.328515028971721,1.0052087862153443,673
pplhlp,social_trust,ME,-0.01972024269943559,0.6098377853396766,-0.03191885868508534,0.40874654758477275,4.2648809523809526,7.273511904761904,2.204470187700278,0.8908112746989638,672
pplhlp,social_trust,NL,0.06037071422081805,0.11657154122148716,0.053427800307572944,0.1649626823672215,5.714918759231906,7.305022156573116,1.7616809316469983,0.8688928245949672,677
pplhlp,social_trust,NO,-0.06271973475699688,0.10197858496864684,-0.07507072833285108,0.05020551033587061,6.154185022026431,7.567180616740088,1.9038701191053944,0.75806350306723,681
pplhlp,social_trust,PL,0.08077901605690581,0.03560953517956103,0.08437466637073536,0.028147676156058406,4.5214180206794685,6.994239290989659,2.3830452146609726,1.0568930779213557,677
pplhlp,social_trust,PT,-0.0095519431917544,0.8037877574924964,0.0020457511492177395,0.9575651777572156,4.0780559646539025,7.099852724594993,2.160541501102046,1.1000603263643298,679
pplhlp,social_trust,RS,0.015627401545074075,0.6846051988655232,-0.00988325612278623,0.7972745605998995,3.6991150442477876,7.035103244837757,2.725398746868722,0.9350428254024384,678
pplhlp,social_trust,SE,-0.09403155114533224,0.013885994099734879,-0.08227484134711045,0.03143839081118761,6.128654970760234,7.324780701754386,1.905789270010797,0.9541175827925735,684
pplhlp,social_trust,SI,-0.045408274394892895,0.2376870681152949,-0.02968120818227116,0.440353700824336,5.343657817109144,7.238643067846606,2.2577382862715205,0.9048756425836862,678
pplhlp,social_trust,SK,-0.021757902052880692,0.5714062174215655,-0.033374484199427505,0.3852304201903857,4.225331369661267,6.92459499263623,2.549950633000599,1.0331377183931627,679
pplhlp,social_trust,UA,-0.09097695259049968,0.018329442137274908,-0.07484104169982732,0.05247578685773089,4.273809523809524,6.810863095238095,2.67505422807244,1.3031148624988962,672
sclmeet,social_trust,AT,-0.0033387451776863003,0.9306969501656307,-0.021191641142246347,0.58090544424652,4.910425844346549,3.808076358296623,1.1915980227415937,0.778956296468483,681
sclmeet,social_trust,BE,0.009099179601018064,0.8126407583190812,0.0027963236859562274,0.9419343291958276,5.173274596182085,3.831130690161527,1.3706769461337418,0.8167187122588705,681
sclmeet,social_trust,BG,0.07381859461622906,0.056345460530776506,0.0751934903237293,0.051895703879008014,4.962630792227205,3.7294469357249627,1.6704842469983312,0.8890803761296778,669
sclmeet,social_trust,CH,0.025407797833349812,0.5083288168588297,0.0447328360007918,0.2440486548475066,5.104411764705882,3.808529411764706,1.2898075370496815,0.759243994004986,680
sclmeet,social_trust,CY,0.007461919673183134,0.8462221771764187,-0.0018736286713409596,0.9611612640845322,4.010324483775811,3.853982300884956,1.70017278147658,0.8175911657482711,678
sclmeet,social_trust,DE,0.022217336569894497,0.5630192376826721,0.060277783495727225,0.11632474220360639,4.847058823529411,3.788235294117647,1.3911640571631547,0.7612735263774082,680
sclmeet,social_trust,EE,0.0010358464496342105,0.9784901365494199,0.013362988402490242,0.7279614485511924,4.233823529411764,3.8058823529411763,1.4802688819674794,0.8305440048654975,680
sclmeet,social_trust,ES,0.046910315758560715,0.22148280969411824,0.019453282055576105,0.612317788325376,5.248164464023495,3.8979441997063144,1.4698240218695395,0.7944264689251026,681
sclmeet,social_trust,FI,0.024181265371734456,0.5281095889499685,0.018344626944696373,0.63223352103465,4.890190336749634,3.8469985358711565,1.3585637336040794,0.7821893357041815,683
sclmeet,social_trust,FR,-0.00030293574220517313,0.9937179869006256,-0.001188686761112372,0.9753537247309363,5.21976401179941,3.78023598820059,1.4247522587734998,0.8732485422864715,678
sclmeet,social_trust,GB,-0.006029834063277908,0.8751922315469568,-0.0054989607719710225,0.8861020524422961,4.812041116005874,3.765051395007342,1.5699106675825034,0.7881551646288562,681
sclmeet,social_trust,GR,0.1424910091340944,0.0001994988923889761,0.1564646973472524,4.336563153303701e-05,4.158050221565731,3.793943870014771,1.6090023307729058,0.8487766778816265,677
sclmeet,social_trust,HR,0.021335582064090728,0.5786186719235201,0.045320367891882596,0.2379036634138396,5.354411764705882,3.8176470588235296,1.5262006137017015,0.8117221417977395,680
sclmeet,social_trust,HU,0.1566191835310291,4.150706618916625e-05,0.1630772084777863,1.953036616745148e-05,3.3711340206185567,3.7989690721649483,1.526788436683211,0.7812414278944617,679
sclmeet,social_trust,IE,0.05034061585593108,0.19013802293301518,0.03029916181700261,0.43055014799109315,4.2017673048600885,3.7731958762886597,1.6163608015410296,0.8079364487592495,679
sclmeet,social_trust,IL,-0.006672543009232425,0.8626212659256006,-0.001872977121611608,0.9612610019261228,5.425185185185185,3.88,1.5392837421831411,0.8031651038088378,675
sclmeet,social_trust,IS,0.026392541410447588,0.4923477511068154,0.029887851661650342,0.4368371258753585,5.287187039764359,3.9072164948453607,1.4021677945101927,0.8406650682023492,679
sclmeet,social_trust,IT,0.12102323768031312,0.0015937294749782558,0.10722848129533243,0.00519042304522209,4.738938053097345,3.8436578171091447,1.5615354501846894,0.862331462876326,678
sclmeet,social_trust,LT,0.06349424953427704,0.10006172930478588,0.0833954533631837,0.030649100875329734,4.357142857142857,3.84375,1.561594638703334,0.7590426062431538,672
sclmeet,social_trust,LV,-0.03711267903499513,0.3353087994410545,-0.030900552087016583,0.4224841039439217,4.195266272189349,3.775147928994083,1.6130141337448813,0.799835617562528,676
sclmeet,social_trust,ME,-0.00029511130204435245,0.9938757119598653,0.0150458912231562,0.6955311371242141,4.808541973490427,3.940353460972018,1.6271618053038723,0.7803205558399205,679
sclmeet,social_trust,NL,-0.02207382563592061,0.5652575670537168,-0.00913688432787755,0.8118788753973388,5.406754772393539,3.868575624082232,1.261610157023316,0.7179295377060504,681
sclmeet,social_trust,NO,0.03420511970963851,0.37209843509394464,0.06034002192883488,0.11514347417563812,5.648609077598829,3.904831625183016,1.3427693723885752,0.7393565955752804,683
sclmeet,social_trust,PL,0.056308513809252364,0.14272296652361782,0.0768986040707126,0.04516977798395179,3.933726067746686,3.813696612665685,1.4349296556245736,0.7140422773877354,679
sclmeet,social_trust,PT,-0.029546946909813444,0.44007070186613834,-0.009988994537490959,0.7941186954437084,5.629197080291971,3.795620437956204,1.6067365759678425,0.8595752906426718,685
sclmeet,social_trust,RS,0.03160785471953889,0.4105527969648414,0.021875825471670097,0.5690369719656602,5.139705882352941,3.7794117647058822,1.609859140544722,0.8380774027489073,680
sclmeet,social_trust,SE,0.003603601681948706,0.9256004164393377,-0.006256745844734408,0.8711998218702184,5.43026706231454,3.8531157270029674,1.3776083200245515,0.7771423028956257,674
sclmeet,social_trust,SI,0.017948822880221864,0.6410802424079468,0.0026881616741155495,0.9443411045795611,4.644017725258493,3.8242245199409157,1.5020736513644128,0.8031766791426362,677
sclmeet,social_trust,SK,0.04765267835616814,0.21492639327361063,0.042550236059182636,0.26820018978456167,4.556701030927835,3.8206185567010307,1.5654675997177,0.7909810011984554,679
sclmeet,social_trust,UA,0.053919735518851666,0.16551592877021454,0.0532300414037079,0.17100137541589397,4.306184012066365,3.6349924585218703,1.7660975831015258,0.8739846720004193,663
inprdsc,social_trust,AT,0.01370460073965301,0.7208989091212333,0.03380101058577615,0.3781282069388875,3.0498533724340176,3.0146627565982405,1.1738117591916133,0.5934708041268587,682
inprdsc,social_trust,BE,0.04514445355000193,0.23800532649337558,0.04558825939397613,0.23341836942883465,3.3576642335766422,3.037956204379562,1.3814626236939371,0.5087151839978994,685
inprdsc,social_trust,BG,-0.01813952356337579,0.636791538308365,0.00605251879186967,0.874818144786693,2.023529411764706,3.0308823529411764,1.2632936878241203,0.5459065376483232,680
inprdsc,social_trust,CH,0.05211379272265821,0.17307695561035805,0.05898238251413877,0.12301524137244407,3.5445255474452555,3.0043795620437956,1.2634608385888118,0.5632337466654931,685
inprdsc,social_trust,CY,-0.07215790010576924,0.05983256251591776,-0.07531252629044903,0.0494681897247265,2.434654919236417,3.0146842878120412,1.321397513277927,0.5914254429689336,681
inprdsc,social_trust,DE,-0.029972774882062243,0.4341808060430359,-0.03178958211550491,0.40682981889285286,3.5797950219619326,3.020497803806735,1.2279737806713296,0.5624008948168299,683
inprdsc,social_trust,EE,-0.0021491110759940526,0.9552919119893531,0.0005550099364049139,0.9884484621825235,2.5944363103953147,2.9882869692532945,1.364967455800747,0.6220605902470073,683
inprdsc,social_trust,ES,0.0505360959049777,0.18711973670062967,0.043570125111868106,0.2554849151918685,2.885797950219619,3.007320644216691,1.3928452704395493,0.5743329635744973,683
inprdsc,social_trust,FI,-0.08800728438525439,0.02124311128944795,-0.0719681115337626,0.05975631777757535,3.2510948905109487,3.048175182481752,1.2766525117350722,0.5372256800028601,685
inprdsc,social_trust,FR,0.030707677263197276,0.4236740837851198,0.029903717931602725,0.4359164710800552,2.8604992657856094,3.0073421439060204,1.447994267055616,0.5853145073131873,681
inprdsc,social_trust,GB,0.028459463269021736,0.45841256660663376,0.03215086792980812,0.40220846366463253,3.0954478707782673,3.0205580029368577,1.4270474910681292,0.530970515353564,681
inprdsc,social_trust,GR,-0.0008843394582710309,0.9815950452861792,0.029913801962832685,0.43508601750650977,2.225475841874085,3.035139092240117,1.187222244319374,0.5745796140000049,683
inprdsc,social_trust,HR,-0.010090006358065352,0.7931288309479172,0.010994758489979963,0.7750568458942373,2.342182890855457,3.023598820058997,1.3945523729880844,0.5747292971144573,678
inprdsc,social_trust,HU,0.05592188079306217,0.14578843207167233,0.04855542782143189,0.20669011463924614,2.454277286135693,3.0294985250737465,1.2202637895980302,0.5176501123786988,678
inprdsc,social_trust,IE,0.016243969477415895,0.6721847862853184,0.03647813108251607,0.34185823697565326,2.618208516886931,3.0352422907488985,1.3199455282826025,0.5598768050179411,681
inprdsc,social_trust,IL,-0.05422470816550184,0.15812599207639738,-0.05088788891337588,0.18535938278461325,2.508100147275405,3.0382916053019144,1.4077877838058608,0.5837075305430032,679
inprdsc,social_trust,IS,0.03213145500882443,0.40214630895607795,0.07254327958984065,0.05829177651831208,3.533724340175953,3.098240469208211,1.3228614138963495,0.6301503078777543,682
inprdsc,social_trust,IT,0.002197591224901843,0.9544188761825706,0.005857705010330198,0.8789046036038466,2.2341678939617085,3.036818851251841,1.281688198602417,0.5999994207454233,679
inprdsc,social_trust,LT,-0.0335170848482771,0.3828507037459738,-0.02458706338014882,0.5221275158981713,2.1073529411764707,3.0455882352941175,1.3789727640840457,0.5840122821174559,680
inprdsc,social_trust,LV,0.005018688533258659,0.8965255200281425,-0.009187979866224756,0.811806564227111,1.738872403560831,3.0311572700296736,1.296951244457673,0.5669785110479574,674
inprdsc,social_trust,ME,0.0465934529809509,0.22702909358503953,0.04418914213053147,0.2519412138962944,2.185459940652819,3.0445103857566767,1.177940825146115,0.5803425340273939,674
inprdsc,social_trust,NL,0.011243927483521097,0.7694401787187541,-0.006365196384057475,0.8682162226112548,3.727272727272727,3.067448680351906,1.2658816219814464,0.5721091676523917,682
inprdsc,social_trust,NO,0.0009126978292470195,0.9810049577813663,0.005432268521496651,0.8873095760727269,3.2474377745241583,3.0439238653001466,1.4394845811581685,0.6438090963575922,683
inprdsc,social_trust,PL,-0.021898390993904313,0.570355452294172,0.0022241042613264333,0.9540401680851693,3.148367952522255,3.0089020771513355,1.376497269218535,0.5368259968298393,674
inprdsc,social_trust,PT,0.04025958040547077,0.2962728867896581,0.057702363921248626,0.1342318024748306,2.237037037037037,2.968888888888889,1.3952409968457211,0.6333307303814489,675
inprdsc,social_trust,RS,0.03031854444513097,0.4299145902804914,0.020712371557798467,0.5897649245588031,2.4779411764705883,2.975,1.4275168289643811,0.5827351586233055,680
inprdsc,social_trust,SE,0.0059784331993457404,0.8760667702140198,0.0030706877364440957,0.9361550403954402,3.815519765739385,3.0161054172767203,1.2715909461901613,0.5842794399465184,683
inprdsc,social_trust,SI,0.013587557452652575,0.724752028670246,0.014584222040273207,0.7054709152896388,2.8160237388724036,3.0326409495548963,1.3426299531571155,0.49256266390671255,674
inprdsc,social_trust,SK,-0.06362536904272346,0.10012228507696407,-0.019562718289430906,0.6134938834995973,1.748878923766816,2.995515695067265,1.1619025147926458,0.5620036693643953,669
inprdsc,social_trust,UA,0.03212312509713873,0.40575286805219263,0.038806248890410046,0.31514803227660787,2.162202380952381,3.0297619047619047,1.3915435149192588,0.558639984024383,672
stfdem,political,AT,0.012946138423091546,0.738387641781761,0.01717172912416155,0.6577536219668018,5.723053892215569,7.342814371257485,2.4798331937361113,0.6734363408819305,668
stfdem,political,BE,-0.10779091127469737,0.005154577691052147,-0.09473047545392814,0.014023948306362324,5.206845238095238,7.252976190476191,2.3891984051627304,0.7648130282204204,672
stfdem,political,BG,0.0450683717011,0.2486726376720636,0.028515093846662204,0.4656006269554028,3.3272450532724505,6.754946727549467,2.38537282761995,1.1299325626970336,657
stfdem,political,CH,-0.038093997712491695,0.32593243146732315,-0.04170139905256185,0.2821767121648707,7.56671664167916,7.47376311844078,1.6746570216937628,0.778647914293427,667
stfdem,political,CY,-0.03958041467663618,0.30849106515615254,-0.03693362118779863,0.34198834386958377,4.498493975903615,7.280120481927711,2.316573669360531,0.8507804866371836,664
stfdem,political,DE,-0.04539689115316238,0.23919908053069253,-0.057188082233782016,0.13803534039744006,5.732937685459941,7.264836795252226,2.6103943509996226,0.7689909948398879,674
stfdem,political,EE,0.1229082724176748,0.00179369873947399,0.11215744706090819,0.004406664756695094,5.242612752721618,7.372472783825817,2.595872715804753,0.7488753439659915,643
stfdem,political,ES,-0.14263321730194234,0.00021453652359035812,-0.17004288642154602,9.770796710073898e-06,4.778774289985052,7.143497757847534,2.5114285468006674,0.8390044492957586,669
stfdem,political,FI,-0.015026728460101882,0.6969696069967172,-0.007831833403803364,0.8391726102156124,6.783382789317508,7.499258160237389,1.9649128346082572,0.7099898803038717,674
stfdem,political,FR,-0.05081708314495492,0.19025739242876136,-0.050421645323947564,0.19373379537923757,4.334834834834835,7.14039039039039,2.4831255564450267,0.8199793675182546,666
stfdem,political,GB,-0.09424355081533824,0.017261051302799372,-0.06800050235676029,0.08612171542273678,4.326018808777429,7.012539184952978,2.6294396821436807,0.9034207506041992,638
stfdem,political,GR,-0.06630128444217799,0.0854362037801765,-0.06519302611738309,0.09080488026602192,4.154302670623146,6.976261127596439,2.211664512126084,0.8970979942873841,674
stfdem,political,HR,0.013431646191126412,0.7295427810838655,0.0015655776651838428,0.9678567027111441,4.467669172932331,7.0887218045112785,2.5154806503801246,0.775922899316347,665
stfdem,political,HU,-0.012777316822498165,0.7424266907478548,-0.0008659644526914633,0.9822307421459008,4.462349397590361,6.996987951807229,2.6656461287028925,0.8890094610721183,664
stfdem,political,IE,-0.06692283166941725,0.08724933910570284,-0.056855641780446595,0.14639405036946845,5.827217125382263,7.258409785932722,2.2776211815865994,0.7314094578721861,654
stfdem,political,IL,0.044591439056137314,0.25774895624737837,0.07506864727839549,0.05652308701130512,4.266253869969041,7.230650154798762,2.7636074431422424,0.8596313676636596,646
stfdem,political,IS,-0.030499382868366662,0.4316372669520824,-0.028293891790442515,0.4656939121103352,5.916041979010495,7.642428785607196,2.2915494157800405,0.6772463071967141,667
stfdem,political,IT,-0.019017154345995376,0.6263042141162203,0.01569939778520914,0.6877043819604852,5.101823708206687,7.112462006079028,2.0630022792488436,0.8742710044772374,658
stfdem,political,LT,0.03967178645832589,0.3163155003794421,0.05584094355245608,0.158239885349518,4.61875,7.1140625,2.400761159945914,0.900941463328383,640
stfdem,political,LV,0.027113328007393377,0.4990044541087712,0.020844652919281826,0.6032645301019497,4.266025641025641,7.027243589743589,2.4455022243616003,0.9314694883159069,624
stfdem,political,ME,0.01062115595506168,0.7840809540695527,-0.003494338978596594,0.9281721867518568,4.202095808383233,7.31437125748503,2.5840350191729677,0.6861032612148777,668
stfdem,political,NL,0.007849314417462075,0.8398876139198628,-0.0067754764598575564,0.8615538445178544,5.918796992481203,7.342105263157895,2.0897105342267888,0.7780120758110376,665
stfdem,political,NO,0.030214020931070954,0.4311673533669521,-0.05183960825785669,0.17662221078052298,7.233480176211454,7.694566813509545,2.027703950713415,0.6376310675068918,681
stfdem,political,PL,-0.0019184442297303897,0.9612761373352262,0.021982178727800037,0.577941179193065,5.133748055987558,6.937791601866252,2.3256987919773233,0.9251687259391345,643
stfdem,political,PT,0.042491109074500974,0.2771611606166459,0.043012157079287086,0.27130735311805887,4.733231707317073,7.2317073170731705,2.3678236049360493,0.8277445560580772,656
stfdem,political,RS,0.00019839180229817363,0.9961081123625846,0.007510896441399063,0.8534879520776085,3.942339373970346,6.780889621087315,2.9737525820566706,0.9262030082810497,607
stfdem,political,SE,-0.0234087140181328,0.5458674749350868,-0.03973594889566214,0.30513447343554273,6.631736526946108,7.599550898203593,2.09282603625674,0.6735858808902723,668
stfdem,political,SI,-0.09584469686847993,0.014812380280074814,-0.10001721180217925,0.010973306610112157,4.944272445820434,7.204334365325077,2.3427254412542786,0.8813554252972602,646
stfdem,political,SK,0.078921811204048,0.0412824636360035,0.054260056758057236,0.16096107940076831,4.582959641255606,6.951420029895366,2.671272583514195,0.8020101532310098,669
stfdem,political,UA,-0.013222623974238791,0.7390716040574541,-0.00368118143348076,0.9261207237228904,2.9937205651491365,5.362637362637362,2.649307160603948,1.595606570862378,637
polintr,political,AT,-0.017394354531216526,0.6497397982397485,-0.020725025035952884,0.5884410903499582,2.4195906432748537,2.8932748538011697,0.8679906327129788,0.5207397940714288,684
polintr,political,BE,-0.10911372072726151,0.004276535407106397,-0.10747898949826012,0.0048936214456141705,2.5657894736842106,2.8947368421052633,0.9215489806276004,0.5280160561353402,684
polintr,political,BG,-0.04316870069777317,0.25954438369542054,-0.05637889883025852,0.14075794892796978,2.81140350877193,2.834795321637427,0.8995452345691054,0.6150049950933683,684
polintr,political,CH,-0.010876033481139288,0.7763018953119587,-0.026677250187012287,0.4857656598587601,2.4029197080291973,2.9664233576642336,0.9151056569745459,0.4014369970636944,685
polintr,political,CY,-0.06118920676898067,0.10984797269918038,-0.06421210007753228,0.09334227031432472,2.925438596491228,2.942982456140351,0.9506084731043086,0.4507620289238888,684
polintr,political,DE,-0.014061346393966011,0.7135463296314103,-0.03120048047056638,0.4152415796426921,2.2149122807017543,2.93859649122807,0.878745191104051,0.4708502210326852,684
polintr,political,EE,-0.028136024860113296,0.46255140669538974,-0.038392963215928846,0.31603486492371285,2.5921052631578947,2.956140350877193,0.8480425902495052,0.44406647855227177,684
polintr,political,ES,-0.019293482392275744,0.6142027390922341,-0.023530458885831648,0.5386792725800519,2.7518248175182483,2.9153284671532846,1.0085962532226507,0.5555265284601082,685
polintr,political,FI,-0.029065855148495696,0.4475551015796209,-0.025094711237740822,0.5120202731479875,2.1854014598540146,2.962043795620438,0.7737034188933265,0.466749896534961,685
polintr,political,FR,0.01987890778021647,0.6037598519484795,-0.0018686530319161532,0.9610928089805979,2.6023391812865495,2.9371345029239766,0.9784173563197822,0.5194557119147836,684
polintr,political,GB,-0.011825866160078344,0.7576980623372865,-0.016069525937765894,0.6750530725999191,2.505124450951684,2.9019033674963395,1.002000977825154,0.5143505508718657,683
polintr,political,GR,-0.04293084728261635,0.2618313814099042,-0.02048864338477079,0.5924314014470741,2.9182481751824816,2.951824817518248,0.9562214700175594,0.5234420199158639,685
polintr,political,HR,0.0070916771381893205,0.8530170326237215,0.00547993956285542,0.8861615480444105,3.0452554744525546,2.889051094890511,0.9173419205821063,0.5482133170151441,685
polintr,political,HU,0.016904938938359305,0.658963680029462,0.00549246323674707,0.8859862064355499,2.8391812865497075,2.9115497076023393,0.8894286760176449,0.5132201861366978,684
polintr,political,IE,-0.06970909952922912,0.0684531887401065,-0.07053543760101393,0.06523215476890347,2.5760233918128654,2.925438596491228,0.9985690960415069,0.5179039979850709,684
polintr,political,IL,-0.043576224590578125,0.25472107179425807,-0.07190223536235664,0.05999102002657651,2.4715328467153284,3.013138686131387,1.0236208026074045,0.4340778890694307,685
polintr,political,IS,-0.071365267350889,0.06193270436715137,-0.09267165385415224,0.015256073306423526,2.2613138686131387,2.9678832116788323,0.8854120010347647,0.5148289766800583,685
polintr,political,IT,0.035220028996379396,0.35913174292350486,0.016696496843342627,0.6638378135440626,2.9941176470588236,2.929411764705882,0.8407658954779705,0.5827816147282076,680
polintr,political,LT,0.06000035560272031,0.11667001905522784,0.03930553847015187,0.3043062635784453,2.7503649635036496,2.935766423357664,0.7782800883015527,0.47012148894518413,685
polintr,political,LV,-0.037475958788724645,0.32809591429261026,-0.030151153009601944,0.4314493892549096,2.890190336749634,2.885797950219619,0.8057384686409317,0.5615910578889033,683
polintr,political,ME,0.011485810577539899,0.764793035896583,0.004659411991079567,0.9033986188460911,2.910425844346549,2.891336270190896,0.8344917231686422,0.5172877285505709,681
polintr,political,NL,-0.06317321894897249,0.0985280165644873,-0.07059758651184604,0.0647985138233322,2.28029197080292,2.9051094890510947,0.8361215999082302,0.5198291959532302,685
polintr,political,NO,-0.02935168790413295,0.4430996950892132,-0.020131211251561983,0.5989054054232383,2.456934306569343,2.934306569343066,0.7910127142461848,0.4683612647293603,685
polintr,political,PL,-0.06450973823722893,0.09254860588324448,-0.06864385248747906,0.07342988122591713,2.5844346549192365,2.935389133627019,0.8308349869277007,0.5016987640237165,681
polintr,political,PT,-0.058431067102682484,0.12656223473978906,-0.05857163386549421,0.12565041278613362,2.8656934306569344,2.897810218978102,1.0084756283680514,0.5309798887840109,685
polintr,political,RS,0.011900049203841797,0.75587947491942,0.014025370087380995,0.7140467204372325,3.0175182481751825,2.910948905109489,0.9030404952143213,0.5535212680368489,685
polintr,political,SE,0.05899698657308901,0.12374850098416464,0.038154648577901906,0.31976151324179336,2.0762463343108504,2.972140762463343,0.8093027315721574,0.44436539991807616,682
polintr,political,SI,-0.04023545647233075,0.2940623453548403,-0.04697968881991026,0.22045968617585496,2.7082111436950145,2.8797653958944283,0.8746167758196953,0.5394030017815069,682
polintr,political,SK,0.04083859336913298,0.2858176640825678,0.011768582150004439,0.7584922159845833,2.6773722627737224,2.913868613138686,0.8215831868138809,0.5213542982940507,685
polintr,political,UA,-0.019978188498868257,0.603021163194615,-0.048439710519418644,0.20710362631938475,2.726470588235294,2.9911764705882353,0.9139110869407551,0.6163542614332571,680
psppipla,political,AT,0.03516634317782635,0.36021991025287453,0.04050257701271633,0.29193374071036354,2.3475699558173786,3.641678939617084,0.8343417118155887,0.5109212657895951,679
psppipla,political,BE,0.018674674824928253,0.6273895512225326,0.01681820544672628,0.6620079517763454,2.191740412979351,3.617551622418879,0.8923387576276055,0.5689155452495657,678
psppipla,political,BG,0.029084886354942885,0.4519550602980929,0.024201975081637024,0.5314181174975638,1.7123695976154993,3.4262295081967213,0.8923282746617875,0.5326620847226702,671
psppipla,political,CH,0.11012834085482325,0.00417492915972773,0.11692527392530842,0.0023452849475466,2.9274074074074075,3.668148148148148,0.9831238914798386,0.48975435189549005,675
psppipla,political,CY,0.06896570350414144,0.07421918112788531,0.07014594963400082,0.0693877445146944,1.8315946348733234,3.608047690014903,1.020659863922315,0.5239296729522769,671
psppipla,political,DE,-0.04675414954229684,0.2230263579350695,-0.03859732632686709,0.3145313499124066,2.5462555066079293,3.6372980910425845,0.9336778569199983,0.5415291916626667,681
psppipla,political,EE,0.026614758567774607,0.49129135385509337,0.030525779048140526,0.4298552901228281,2.1296572280178836,3.6177347242921014,0.8807390224212779,0.5257531297142833,671
psppipla,political,ES,-0.023158680091135527,0.5474816880889618,-0.03889269144078678,0.31227020173773373,1.8552437223042837,3.5952732644017726,0.8459911423867126,0.5031040842557345,677
psppipla,political,FI,0.05853702636418387,0.126152073826147,0.06901893568985602,0.07124237177896951,2.7339181286549707,3.5935672514619883,0.8414352754171046,0.5062012168082417,684
psppipla,political,FR,-0.026608195837524752,0.4901048166965051,-0.02845049959940155,0.4605478406069459,2.0562962962962965,3.5792592592592594,0.9402480422319317,0.5344367089652976,675
psppipla,political,GB,0.025051492931719883,0.5196212196693758,0.01879267344508173,0.6290828924777524,2.0482654600301657,3.61236802413273,0.830367284221561,0.5376723108924902,663
psppipla,political,GR,-0.028782227995146827,0.4546639286256591,-0.02761182527997793,0.4732214718393477,1.9985228951255538,3.5420974889217134,0.9783140634017249,0.5494082636673686,677
psppipla,political,HR,0.0427482299291342,0.267395614924739,0.0568643968856996,0.1399877974065286,1.665185185185185,3.5277037037037036,0.7726134421154383,0.5507910964781075,675
psppipla,political,HU,-0.06878871064494906,0.07282335416697376,-0.07768298992241869,0.042708200304244194,1.8516886930983847,3.4111600587371513,0.8575105538734312,0.53533274912404,681
psppipla,political,IE,0.033250759252726955,0.38946309509633464,0.04418970169974826,0.25264263367413475,2.168154761904762,3.6220238095238093,0.907000848594619,0.5293108412316685,672
psppipla,political,IL,0.009586290455197865,0.8053917819202608,0.0032918114906806744,0.9325790515829626,2.076923076923077,3.6440422322775263,1.0172803941973485,0.4885300208741644,663
psppipla,political,IS,0.05652217479309954,0.14209592280915187,0.08205721071946066,0.032913457230514524,2.6420118343195265,3.6804733727810652,0.8583937315581119,0.5091492519599948,676
psppipla,political,IT,0.05545594269433743,0.15377412980450825,0.05951881746774224,0.12576868264014227,1.7888386123680242,3.6108597285067874,0.7777469646254971,0.5435724533272822,663
psppipla,political,LT,0.018364180759927528,0.6351452179396686,0.006397147824341818,0.8687247316186526,2.017910447761194,3.494029850746269,0.943695210153398,0.5236929339724313,670
psppipla,political,LV,0.009940111266500715,0.7970214754672679,0.0037234166554656416,0.9232484553817861,1.7306547619047619,3.480654761904762,0.8686015894353065,0.5175727367830014,672
psppipla,political,ME,-0.04352953456124052,0.26267320718568626,-0.04206807564459632,0.2790502977466776,2.0828313253012047,3.6325301204819276,0.916123610242357,0.5215381436582401,664
psppipla,political,NL,0.06999305237483697,0.06773504710749394,0.062199162374079596,0.10460412183363693,2.4545454545454546,3.691348973607038,0.9205524972973222,0.49413440380370177,682
psppipla,political,NO,-0.03365109134815732,0.3827133286685252,-0.029113012331012985,0.4501671332666361,2.994074074074074,3.723259259259259,0.9065998501397606,0.5012518891972207,675
psppipla,political,PL,0.019759489080775506,0.6099296229218639,0.016034755255285596,0.6788810499903529,2.1225710014947685,3.500747384155456,0.8279810755646273,0.5434002868221975,669
psppipla,political,PT,0.07970567287626538,0.03886174955012327,0.0987721356787382,0.010408126949394919,1.7931547619047619,3.599702380952381,0.91212115170471,0.5198302205872157,672
psppipla,political,RS,-0.08628503047511157,0.029314139280048637,-0.08524230800077806,0.03133409382443152,1.9184952978056427,3.4529780564263324,1.0207899759583756,0.5604569531890975,638
psppipla,political,SE,0.005096475074589177,0.8948531898669692,0.01626412535094347,0.6731716660421005,2.831111111111111,3.7025185185185183,0.8973639822926496,0.514883407790521,675
psppipla,political,SI,0.031269764420526265,0.4186939929621982,0.017715408932663355,0.6468989827570018,2.1207153502235467,3.5827123695976155,0.818828847525622,0.5712769977778278,671
psppipla,political,SK,0.035247712822963136,0.3608906885336624,0.020035398173598937,0.6035963050136582,1.927299703264095,3.4614243323442135,0.8648988684750155,0.5658653679299613,674
psppipla,political,UA,0.012841365183461071,0.7406164683260382,0.02605332016201557,0.501765828604768,1.6806596701649175,3.266866566716642,0.9515125541780568,0.4721965653019297,667
psppsgva,political,AT,-0.0058026211959928044,0.8799467389288855,-0.006580862161294108,0.8639925809609362,2.3088235294117645,3.7786764705882354,0.8223203089196762,0.5315118748280737,680
psppsgva,political,BE,0.028333751788560138,0.4623908699904796,0.020397477348711782,0.5967951595728013,2.2088888888888887,3.797037037037037,0.8863845367464309,0.5091070819399546,675
psppsgva,political,BG,0.06626734055461954,0.09039791147545086,0.09190770723262259,0.018729282303927588,2.0749235474006116,3.662079510703364,1.1498243731511566,0.5538665037070788,654
psppsgva,political,CH,0.0313474048350153,0.4151115517852483,0.03158564551806837,0.4115733530700798,3.21976401179941,3.818289085545723,0.963326924020817,0.483025324710841,678
psppsgva,political,CY,-0.029467589870021595,0.4446661666125233,-0.0290889456732458,0.4505418959475629,1.8962962962962964,3.7925925925925927,0.9931073590595881,0.48257925190212425,675
psppsgva,political,DE,0.045117011330285624,0.24176043279516826,0.043445589585964985,0.25966227389442786,2.542222222222222,3.7866666666666666,0.9509847049248421,0.5214679121315035,675
psppsgva,political,EE,-0.015194248776121692,0.6946284920103666,-0.02395521945946859,0.5359186792827145,2.2119402985074625,3.801492537313433,0.9374331885406496,0.5049804380806009,670
psppsgva,political,ES,-0.05155052464098165,0.18327169670347246,-0.034563084996889835,0.37244630318693966,2.094311377245509,3.8008982035928143,0.9695965738864041,0.4936166153355242,668
psppsgva,political,FI,0.020597467297386023,0.5907389952951161,-0.005285970685663429,0.8902450165101686,2.4634502923976607,3.8182748538011695,0.7972190475799101,0.49992907890502314,684
psppsgva,political,FR,-0.002118811049987318,0.9562789465217564,0.00848813325845654,0.8261578668207027,2.1324404761904763,3.738095238095238,0.912908584081554,0.5319939181223488,672
psppsgva,political,GB,-0.06800313404510351,0.08085583961794723,-0.06753390701126977,0.08297695360317119,2.1333333333333333,3.768181818181818,0.8357224225947983,0.46993335365433536,660
psppsgva,political,GR,-0.08678447495294742,0.023728372587359332,-0.08356567248004905,0.02945665767289438,1.9970544918998527,3.7540500736377025,1.047538278025633,0.49470106926447055,679
psppsgva,political,HR,-0.0364711671728463,0.34517238530550526,-0.04701723958698962,0.2235166145304399,1.6428571428571428,3.724702380952381,0.78575783261367,0.523757404617339,672
psppsgva,political,HU,0.058942431346087704,0.1240968479429922,0.08273783659026368,0.030737774630949427,1.9824046920821115,3.6818181818181817,0.9768155702608059,0.5657302604065955,682
psppsgva,political,IE,0.010302698450823064,0.7890226736939806,0.008641174420076078,0.8224263451347734,2.2629246676514034,3.813884785819793,0.9647633682632638,0.46560624572182074,677
psppsgva,political,IL,0.07163089503081171,0.06631235602764002,0.06005774245491563,0.12379646528609302,1.965045592705167,3.776595744680851,1.013002265547011,0.4585722904990267,658
psppsgva,political,IS,0.026952914241013565,0.48580015634373,0.03267625788922968,0.3980648138730897,2.5767511177347244,3.843517138599106,0.8497561699763808,0.49258577486703004,671
psppsgva,political,IT,-0.01310324857074864,0.7359058122281699,0.024419746337659,0.5295876964626872,1.7759398496240602,3.7484210526315787,0.7699309912688556,0.5352074844052054,665
psppsgva,political,LT,0.005771777961667668,0.8811940082483531,0.010347304069315902,0.7887451536448081,2.236255572065379,3.723625557206538,0.9830674812447819,0.5097185755400907,673
psppsgva,political,LV,0.08698564891939524,0.02455981604731901,0.10972240947044812,0.0045238543158999875,1.8158682634730539,3.681137724550898,0.9214679283834347,0.5757236959748648,668
psppsgva,political,ME,-0.005508731842226255,0.8870763545414937,-0.017281038411091718,0.6559568936155974,2.1934032983508245,3.75712143928036,0.9038215283584695,0.5032233534809528,667
psppsgva,political,NL,0.02525277044917549,0.5121706976000066,0.015570543262607336,0.6861322719406391,2.544378698224852,3.8025147928994083,0.9250975036124607,0.48669060040398016,676
psppsgva,political,NO,-0.04137440633084956,0.28237432472318486,-0.013756423184998893,0.7208770226275532,2.895125553914328,3.8242245199409157,0.8280885474977414,0.4956657078061025,677
psppsgva,political,PL,0.04450404512702898,0.25248688963680416,0.03998532471885026,0.3039301042569693,2.268476621417798,3.69079939668175,0.8847577726674779,0.500171989029681,663
psppsgva,political,PT,-0.016674912380303004,0.6663476617951707,-0.01030362446222192,0.7899226170305085,1.9910581222056631,3.7809239940387482,0.9650197962034397,0.49292884522340297,671
psppsgva,political,RS,-0.00530607917267105,0.8938402899972663,0.007135725032122514,0.8575744771261666,1.853543307086614,3.6677165354330707,1.0305885791593936,0.5487125582411743,635
psppsgva,political,SE,0.02326120005548162,0.545114691594781,0.04993046978324442,0.19377821945361623,2.6671575846833577,3.8923416789396166,0.8980293191323413,0.4708934843930044,679
psppsgva,political,SI,0.0014346846559058655,0.9704762385010799,0.018219541838149805,0.6383165607863971,2.1497005988023954,3.7559880239520957,0.8527492711928171,0.4916484646064833,668
psppsgva,political,SK,0.033913300483883746,0.3800799323960839,0.04966626793836989,0.1984802231242022,2.0297619047619047,3.704910714285714,0.911431590313995,0.5015234535198604,672
psppsgva,political,UA,-0.04828714639957297,0.2139956372517703,-0.034210152965905426,0.37878853405222124,1.7575301204819278,3.4789156626506026,0.9763124742401114,0.5405220917221432,664
vote,political,AT,-0.0494065848377874,0.199166597085997,-0.03452584464345778,0.36974932504457425,1.2998522895125555,2.2629246676514034,0.5654369222650558,0.6022632476455552,677
vote,political,BE,-0.0720435728972383,0.0602396096508572,-0.08386204679989193,0.02864793850641323,1.353891336270191,2.249632892804699,0.6835377135329757,0.6319465821421761,681
vote,political,BG,0.030985745844338223,0.4188024297392716,0.02473171410989385,0.5187586787064392,1.383601756954612,2.294289897510981,0.5673113257199822,0.6586306448939279,683
vote,political,CH,-0.07196371675652352,0.06344155537875393,-0.06933941100630515,0.07373862351461764,1.6711711711711712,2.264264264264264,0.7975399077732456,0.579719259887876,666
vote,political,CY,-0.03514953990060344,0.3611605770832913,-0.03224224177326438,0.4022634867341916,1.3471196454948302,2.3013293943870017,0.5951317333519341,0.6231823314744336,677
vote,political,DE,-0.013783824098281898,0.7187608077255377,-0.013641858171343047,0.7215364634571625,1.34014598540146,2.1883211678832115,0.6663880836812058,0.617373432518699,685
vote,political,EE,-0.07371250878054779,0.05434222043001952,-0.08029318255989155,0.03604618421857332,1.3709677419354838,2.2917888563049855,0.6379403823322093,0.6190016328186625,682
vote,political,ES,-0.07551750817569587,0.04851863708243414,-0.07811618095186125,0.041261840633217584,1.390922401171303,2.226939970717423,0.6683280215653653,0.6563744556348684,683
vote,political,FI,-0.10369010688789669,0.007013008391481264,-0.10060443628984139,0.008907757708398559,1.1896296296296296,2.277037037037037,0.4649868499582924,0.6296271729877148,675
vote,political,FR,-0.10403718492811202,0.007076877686832548,-0.10113666709030153,0.008851777256556698,1.4872944693572496,2.2615844544095665,0.6276345705710873,0.62534148811986,669
vote,political,GB,0.007621651202075321,0.8428579899090337,0.0033948291810697883,0.9296394615195938,1.3711340206185567,2.17820324005891,0.6053768747466809,0.668990133963513,679
vote,political,GR,0.008961641717939343,0.8148879824772718,0.007882752893326338,0.8368395065088587,1.186861313868613,2.3693430656934305,0.42933675189472303,0.6551150566099213,685
vote,political,HR,-0.021933930664360383,0.570305113968666,-0.001556421519408284,0.9678763028264786,1.3452380952380953,2.3169642857142856,0.5827944934680104,0.6453855548204306,672
vote,political,HU,0.025308038745222857,0.5087493532010866,0.03401863953276425,0.37436180873210706,1.2792397660818713,2.283625730994152,0.5352373957481539,0.6298767085047212,684
vote,political,IE,-0.02969927271651517,0.43805184410897413,-0.029829374727357263,0.4360469811928921,1.317251461988304,2.18859649122807,0.6051952152270625,0.6455966999771184,684
vote,political,IL,-0.04157855591809541,0.2832360544035269,-0.029939983994664316,0.4397925022491879,1.31437125748503,2.3338323353293413,0.5584058965658902,0.587928782851701,668
vote,political,IS,-0.0967075715829991,0.01157105326082779,-0.11025087569131954,0.003969130653219196,1.2657856093979443,2.302496328928047,0.6241379993273689,0.627419735012824,681
vote,political,IT,-0.10232508509449638,0.008034086300304695,-0.09086010874196551,0.01865614808899208,1.4119402985074627,2.282089552238806,0.6067685950755983,0.6465789871216379,670
vote,political,LT,-0.08988406056721296,0.01906159998353968,-0.0900216858679421,0.018878159134713968,1.4294117647058824,2.3323529411764707,0.5827816147282077,0.6198582137440594,680
vote,political,LV,-0.046335533550993666,0.2272018099371823,-0.03153505141158935,0.41128721871158513,1.4111600587371513,2.2613803230543317,0.6264690776294382,0.6680462102019512,681
vote,political,ME,0.0056525073949963665,0.8838038908778427,0.009402054681217846,0.8079287205433671,1.195230998509687,2.305514157973174,0.42920394761651304,0.6014529641483486,671
vote,political,NL,-0.0427800604975478,0.26562140142277496,-0.03828967537402442,0.3191213295217782,1.2974963181148749,2.2650957290132547,0.6215236579847957,0.6406610348842046,679
vote,political,NO,-0.09666590699452307,0.011545848644997575,-0.10096508986248372,0.008324298588849274,1.3064516129032258,2.272727272727273,0.6581150639893231,0.6001379274564301,682
vote,political,PL,0.04631045765272536,0.22814002604166753,0.043438466937578545,0.2583281547299626,1.1973490427098674,2.334315169366716,0.47590192012274535,0.6158075693499276,679
vote,political,PT,0.060580593198243306,0.11584454194495891,0.06497072771578169,0.09167206114136527,1.3466666666666667,2.2474074074074073,0.5827388520880838,0.6348940458847798,675
vote,political,RS,0.008013413303994976,0.8362225476581912,0.00164900010345858,0.9660684138732147,1.251497005988024,2.281437125748503,0.47697903516928547,0.6740975647304583,668
vote,political,SE,-0.03310659195684035,0.3873115995690812,-0.02485918150749906,0.5162975761122721,1.128654970760234,2.252923976608187,0.44074733978795627,0.6278599596341811,684
vote,political,SI,-0.07810698897104784,0.04143521935768731,-0.07464363023439516,0.05135862305185984,1.310850439882698,2.302052785923754,0.5962433876406844,0.6317320270793215,682
vote,political,SK,-0.032472371395292354,0.39647527768254964,-0.03877855292897167,0.31119548935380964,1.2456140350877194,2.267543859649123,0.4790437676664453,0.6538986288518763,684
vote,political,UA,-0.03152813953805356,0.41907730719350034,-0.03744746038919355,0.33714318304661123,1.3763277693474962,2.374810318664643,0.5411216444066164,0.619370514948024,659
actrolga,efficacy,AT,0.0015536229989857003,0.9680779641586991,0.002095151709688603,0.9569606441523486,2.3363363363363363,3.376876876876877,1.0539297465997963,0.5322726192552817,666
actrolga,efficacy,BE,0.044897178177661944,0.24231870473021455,0.055338869790952414,0.1494403775162942,2.1691176470588234,3.45,1.0265628701375142,0.5512070033392097,680
actrolga,efficacy,BG,-0.052943211998732864,0.170102433489296,-0.046143300507646576,0.2319025539918378,1.9227340267459139,3.3112927191679047,1.1636752695756687,0.5510193142927898,673
actrolga,efficacy,CH,0.011778224865201832,0.7600229201090063,0.022520971542263225,0.559151943351846,2.3496296296296295,3.522962962962963,1.1279346211135373,0.5115782208756485,675
actrolga,efficacy,CY,0.05863198857359841,0.1300641556309184,0.06682135685907956,0.08439436120446397,2.031437125748503,3.372754491017964,1.111706699020294,0.5559870832909676,668
actrolga,efficacy,DE,0.021921765261288768,0.5685113694123161,0.020255847783742526,0.5982624046754472,2.2901325478645065,3.4153166421207657,1.060029976805696,0.5193607185108159,679
actrolga,efficacy,EE,0.06729469818955083,0.0806186220179865,0.07758766190150557,0.04389534420178913,2.065185185185185,3.4266666666666667,1.0386677239279896,0.5779324655339073,675
actrolga,efficacy,ES,0.08178296808218823,0.033242802260930994,0.1312288893805987,0.0006136376551891965,1.8761061946902655,3.368731563421829,1.0324090371653345,0.5593532733510037,678
actrolga,efficacy,FI,0.0024846626375856456,0.948244721176614,0.025466316284499156,0.5057896302164492,2.4437956204379563,3.4671532846715327,1.0603749001783096,0.5468021720497709,685
actrolga,efficacy,FR,0.01615328170970721,0.6748167517086555,0.05089546473333184,0.18594494160376565,2.119645494830133,3.41506646971935,1.1248331335278972,0.5193964436666696,677
actrolga,efficacy,GB,0.0033514176670959707,0.9312058988136845,-0.007459389677729319,0.8476283581016102,2.2162162162162162,3.3445945945945947,1.1244814108760588,0.5500041565673975,666
actrolga,efficacy,GR,-0.028857477451871512,0.45583789482759834,-0.037599226959638084,0.3311708573298225,2.1507462686567163,3.3761194029850747,1.0430026125204441,0.5456964536291032,670
actrolga,efficacy,HR,0.07871109770138979,0.041829102757457284,0.0781629122183401,0.04327992953813117,1.7877428998505231,3.3153961136023917,1.0337562255196147,0.5848017986953601,669
actrolga,efficacy,HU,0.08854659439241584,0.021021553459634426,0.07790197391630038,0.042429254518240415,1.8865979381443299,3.322533136966127,0.9853409643285633,0.5381674945766476,679
actrolga,efficacy,IE,0.007760616430023634,0.8409670700239802,-0.0004806705439314652,0.9900842131544916,2.2295081967213113,3.38301043219076,1.1174703159468111,0.5191357900855261,671
actrolga,efficacy,IL,0.01507010411375571,0.6978641238772741,0.020201249735578342,0.6027799704711425,2.1426426426426426,3.5105105105105103,1.1758528812821236,0.5517251500908279,666
actrolga,efficacy,IS,0.05339624268809732,0.16303574903163157,0.052159026318611496,0.17301866815737618,2.652046783625731,3.5555555555555554,1.095169170364703,0.5814216041983082,684
actrolga,efficacy,IT,0.004049139023514803,0.916557765020602,0.03403615160478119,0.37835542861042226,1.8616071428571428,3.3898809523809526,0.8804292614852455,0.5262855107844835,672
actrolga,efficacy,LT,-0.008183131949185385,0.8328044294803454,-0.020206111154954284,0.6021465590887961,1.9491017964071857,3.3577844311377247,0.9904108918774025,0.5244966473397047,668
actrolga,efficacy,LV,-0.02435964468271974,0.5309120122974818,-0.02249894603853813,0.5627658453587108,1.5060240963855422,3.2801204819277108,0.7118644434468039,0.5323580690356248,664
actrolga,efficacy,ME,0.06060671815215858,0.12124530469324284,0.04504094923402335,0.24968534241563542,2.0931297709923666,3.366412213740458,0.9280862918343994,0.5613181688674876,655
actrolga,efficacy,NL,-0.00850016210583633,0.8246411370201651,-0.007813663285400608,0.8386007408827933,2.1099706744868034,3.473607038123167,1.095144938686441,0.5553437197955196,682
actrolga,efficacy,NO,0.06384959336827564,0.09618674572161119,0.07714784596865193,0.044318444136480346,2.6941176470588237,3.5647058823529414,1.0789022885051875,0.5442874321549885,680
actrolga,efficacy,PL,0.052023036806476824,0.17928399913667012,0.058484186947260076,0.13103673243504765,2.1077844311377247,3.3622754491017965,1.0157969087161305,0.5082960058482333,668
actrolga,efficacy,PT,0.08635505816105316,0.024326733605780037,0.08074976423140419,0.03526859413224031,1.7029411764705882,3.3441176470588236,0.9799117191813218,0.5310346010879416,680
actrolga,efficacy,RS,0.07580624860450864,0.051227852285700766,0.06520991747674675,0.09365531238104616,1.904833836858006,3.306646525679758,1.170104493647702,0.5171063958606131,662
actrolga,efficacy,SE,0.03474027330065141,0.3653651954492605,0.03057168797807095,0.42573065867756604,2.679882525697504,3.5198237885462555,1.0807230631020466,0.5609634292035989,681
actrolga,efficacy,SI,0.08230304846918468,0.03370304811330108,0.06576674289948543,0.08990693782649374,1.9744744744744744,3.3273273273273274,0.9875663610069859,0.5654762350399453,666
actrolga,efficacy,SK,0.019272582731829326,0.616407438375534,0.01687992414531924,0.6608448596385781,1.8554572271386431,3.2964601769911503,0.8913127492227471,0.5204978647557842,678
actrolga,efficacy,UA,0.003714811667142868,0.9241701100676036,0.028650245813547373,0.4628056689486884,1.7450682852807284,3.3474962063732927,1.009959125182678,0.5587428473944538,659
cptppola,efficacy,AT,0.013344002005868638,0.730266296111373,0.0007200979949345433,0.9851566351513436,2.68955223880597,3.5850746268656715,1.1975478593540263,0.719835085610807,670
cptppola,efficacy,BE,-0.07505381899971623,0.0497520182737312,-0.05483449937788937,0.1519827123125854,2.0716374269005846,3.5657894736842106,1.0148889877783287,0.6866638785566853,684
cptppola,efficacy,BG,-0.014178572713103814,0.724576632694715,-0.012199718140114951,0.761761221101492,2.085483870967742,3.432258064516129,1.098147474315381,0.7169253579252951,620
cptppola,efficacy,CH,-0.011741089368090958,0.7604118477754882,-0.002207983308223305,0.9542712375035232,2.7178729689807977,3.649926144756278,1.0638726685300108,0.6944757678785273,677
cptppola,efficacy,CY,0.02245024002110267,0.5609707590956087,0.026861443628356976,0.486631605202496,2.0787518573551265,3.6567607726597324,1.0984473292151014,0.7356885931411289,673
cptppola,efficacy,DE,-0.008481366328035294,0.826039133378268,0.013002431400888168,0.7361542774110106,2.664688427299703,3.5756676557863503,1.0430692398792933,0.6548946463766085,674
cptppola,efficacy,EE,-0.014635893390400246,0.7040572651249971,-0.03809569191917854,0.32265632289417207,1.8846153846153846,3.6671597633136095,0.9341266469770534,0.7543561853911386,676
cptppola,efficacy,ES,0.01864965349365335,0.6265810862969933,0.0269839147046353,0.4814070216609634,2.171303074670571,3.5768667642752563,1.1519189270355241,0.7171081699321957,683
cptppola,efficacy,FI,-0.10553800580806896,0.005694473538766906,-0.09985247544380611,0.00891870033494082,2.3401459854014597,3.7532846715328465,0.9776343818141108,0.7582924699700193,685
cptppola,efficacy,FR,-0.044477827845835184,0.24779900416212758,-0.04155270938820282,0.28030358371258796,2.2319054652880355,3.552437223042836,1.006334112548886,0.6852076938426428,677
cptppola,efficacy,GB,0.006260803105877875,0.8718803873263902,0.004819373354229575,0.9012040025371126,2.2867867867867866,3.545045045045045,1.0776078518140602,0.6455732996228529,666
cptppola,efficacy,GR,-0.015018906265292446,0.6986246439075019,-0.024397069585239954,0.5293497933723956,2.28335832083958,3.55472263868066,1.0536973921559336,0.744098527179287,667
cptppola,efficacy,HR,-0.022786278052661358,0.5542366368482775,-0.03417649386695414,0.3749693316267792,1.8150887573964498,3.535502958579882,0.9411467352627001,0.6951130246429503,676
cptppola,efficacy,HU,-0.0011200170776330329,0.9768115055471635,0.01350899570725258,0.725888559710314,1.856508875739645,3.4792899408284024,0.9530313126461624,0.7062787815666387,676
cptppola,efficacy,IE,0.01344992633674727,0.7262623509098188,0.0065781605859639705,0.8640478723006993,2.2044117647058825,3.6161764705882353,1.107337134642515,0.7269502324011693,680
cptppola,efficacy,IL,-0.0887290030742439,0.02201876373031599,-0.07993457280511289,0.03917962659274613,2.1366366366366365,3.689189189189189,1.184210701929987,0.6542655437569767,666
cptppola,efficacy,IS,-0.016665621947921757,0.663956846906184,-0.01079967208656145,0.7783072306076344,2.7565982404692084,3.941348973607038,1.0150087403093573,0.758363992807093,682
cptppola,efficacy,IT,0.009912894591898305,0.7990500712114214,0.012136742928032233,0.7552746325049012,2.0574018126888216,3.6314199395770395,0.8625848035380305,0.7087805312917898,662
cptppola,efficacy,LT,0.013419843443225625,0.7293795575833721,0.026861520892744836,0.48858659895016815,1.944527736131934,3.5997001499250376,0.957777963822151,0.7229817512618387,667
cptppola,efficacy,LV,0.07049162685633857,0.06843589219343092,0.06449642432985504,0.09555053962941722,1.5500747384155455,3.5291479820627805,0.8240150137641918,0.7286703647902913,669
cptppola,efficacy,ME,0.03878887806932276,0.3223309772804771,0.039644525839209674,0.3117639971080894,2.1562021439509955,3.6064318529862174,1.0242963927396431,0.7004084984854926,653
cptppola,efficacy,NL,0.01666790727346084,0.6634497364754173,0.03630561688844453,0.34308313860984313,2.128654970760234,3.5862573099415203,1.082726320396843,0.6822480482109337,684
cptppola,efficacy,NO,-0.09781714432894949,0.010475891973987735,-0.10196506660981039,0.007611962612497956,2.690058479532164,3.8625730994152048,1.0647365085281462,0.7469624886897331,684
cptppola,efficacy,PL,-0.009207141862509259,0.8111461180014697,0.005012708788906209,0.8964951862066041,1.9511834319526626,3.5236686390532546,0.9280717191750327,0.6447753576937537,676
cptppola,efficacy,PT,0.046133314408936824,0.2288957920289047,0.04927686466711392,0.1986902738407384,1.7096774193548387,3.563049853372434,0.94838616228976,0.754612693789646,682
cptppola,efficacy,RS,-0.08867736972460599,0.02312317019849572,-0.04157275343404918,0.28768628152583325,1.891768292682927,3.442073170731707,1.1413903058109518,0.7030997675916898,656
cptppola,efficacy,SE,-0.09394787979646796,0.014471401012399568,-0.07521174033362049,0.05045266956315872,2.691285081240768,3.791728212703102,1.07174481831764,0.7129753454237782,677
cptppola,efficacy,SI,-0.03338186797211163,0.3879499033091691,-0.006817170088396521,0.8600877158953586,1.9821162444113263,3.5543964232488823,0.966440920149137,0.710018425818734,671
cptppola,efficacy,SK,0.0708681849123119,0.06515243363605293,0.07870492909075764,0.04048652905973466,1.612094395280236,3.449852507374631,0.867074425307997,0.6565148856292505,678
cptppola,efficacy,UA,-0.031440941989850604,0.41580183503707013,0.001948907889684953,0.9597817557967805,1.7172619047619047,3.5029761904761907,1.0432379391929856,0.7012805485524423,672
trstprl,inst_trust,AT,-0.02487969706885796,0.5196698497927214,-0.01567984267281212,0.6849364447921243,5.117559523809524,6.677083333333333,2.462146446320413,1.2526734946714406,672
trstprl,inst_trust,BE,-0.040879728533747856,0.29323263405463645,-0.04177713928917534,0.28275557187993827,4.689291101055807,6.668929110105581,2.296060584935446,1.2263348603995077,663
trstprl,inst_trust,BG,-0.009385280180468273,0.8079837301687651,0.0001752583957306936,0.9963790972763872,2.5066864784546805,5.186181277860327,2.1603226414012386,1.8046160577527175,673
trstprl,inst_trust,CH,0.0023726847741166713,0.9517082907983394,-0.04248702528277633,0.2779437578642679,6.490825688073395,7.019571865443425,1.8773433357264975,1.0717659284536267,654
trstprl,inst_trust,CY,-0.08087804030297886,0.03648967989528594,-0.0942662120453371,0.014725014880245059,3.9476831091180866,6.452914798206278,2.4529003084882874,1.442390115649646,669
trstprl,inst_trust,DE,-0.02193920479656849,0.5702123994855162,-0.007651162059554599,0.8430650669045853,5.1398809523809526,6.775297619047619,2.639505889743636,1.1549607515064757,672
trstprl,inst_trust,EE,0.09462369363926412,0.014721335885404533,0.06988146153969108,0.07193538435868001,4.746987951807229,6.618975903614458,2.5718906239289057,1.2766619036813933,664
trstprl,inst_trust,ES,-0.059356602330775006,0.12854310790762472,-0.02053282101394496,0.5993394326995152,4.30289193302892,6.421613394216134,2.6419241028912763,1.3794070669696046,657
trstprl,inst_trust,FI,0.00449743002728003,0.9068097729384886,0.008491401357465603,0.8250727657046063,6.5926470588235295,6.885294117647059,2.0110750923182197,1.0952790252337714,680
trstprl,inst_trust,FR,0.017274496017349452,0.6572921269930327,0.01591129735158687,0.68280409766145,4.261329305135952,6.343655589123867,2.4855984678008345,1.4110372969433103,662
trstprl,inst_trust,GB,-0.058033107557311406,0.13790097462265075,-0.060770856036684834,0.12023878826943847,3.569465648854962,6.119083969465649,2.5673167232457583,1.6258196946410417,655
trstprl,inst_trust,GR,0.08088555737884297,0.034826609432362175,0.07549825232814868,0.04890802438450057,3.1512481644640236,5.8017621145374445,2.1349409135852686,1.6173407210706003,681
trstprl,inst_trust,HR,-0.0012567065382634763,0.974195741573557,-0.004508342219116765,0.9076199161386924,2.9353383458646616,5.719548872180451,2.476461339567764,1.7224360483790113,665
trstprl,inst_trust,HU,-0.008056539331429812,0.8363322159624497,-0.020856787047528007,0.5927445635949987,4.554545454545455,5.407575757575757,2.9064932705007953,1.76088081542985,660
trstprl,inst_trust,IE,-0.03089077521339309,0.4313743761916965,-0.0510993887112755,0.1928716809178251,5.0691244239631335,6.571428571428571,2.3468110608364046,1.2990698278315982,651
trstprl,inst_trust,IL,-0.0003030599914472292,0.9938517897625505,-3.6606331749819525e-05,0.9992573562341184,3.827426810477658,5.165639445300462,2.7121900752491688,1.780572351987947,649
trstprl,inst_trust,IS,0.00898322029469172,0.8156556626154153,-0.00036743256852322264,0.9923918335884894,5.544378698224852,7.158284023668639,2.3035137858411825,0.9129225430349586,676
trstprl,inst_trust,IT,0.04501420636796085,0.2453030946779697,0.032022192104902134,0.4086352367400193,4.426646706586826,6.1130239520958085,2.3778732918803756,1.6078036326506315,668
trstprl,inst_trust,LT,-0.01936110883667403,0.6182135343168612,-0.010016984849343569,0.7965346887438218,3.7548872180451127,5.601503759398496,2.5415364555780346,1.7125504549073336,665
trstprl,inst_trust,LV,-0.0316430823432597,0.4177376218308023,-0.03068243431842016,0.4320202189735711,3.101823708206687,5.883738601823708,2.3986861610396417,1.678658231959468,658
trstprl,inst_trust,ME,-0.011156828089838196,0.7746428738745281,-0.02368989065059765,0.5431889746279065,4.207261724659607,6.191376701966717,2.404101654093395,1.4528138044170917,661
trstprl,inst_trust,NL,0.049589471745308304,0.20086200982183028,0.055502969408031295,0.15218563066263036,5.238380809595203,6.741379310344827,2.1114223360551856,1.1776432992600163,667
trstprl,inst_trust,NO,-0.03813282615353645,0.32110919399142734,-0.015778081011003593,0.6815071231286184,6.4977908689248896,7.263622974963181,2.347956711113225,0.743022099229457,679
trstprl,inst_trust,PL,-0.031629778716335044,0.4168702072586227,-0.013466171726092137,0.7296624499011733,3.9273827534039336,5.24856278366112,2.6002664118064462,1.6997999591059183,661
trstprl,inst_trust,PT,0.01508410181698649,0.6991184326360592,-0.01214196715224406,0.7557123590799895,4.371775417298938,6.576327769347497,2.6307496079326764,1.3174366708748035,659
trstprl,inst_trust,RS,0.030699794742471566,0.441405229707993,0.029230329528640648,0.4635838982716489,4.179080824088748,4.738510301109351,3.0857490837303687,1.8020509478215405,631
trstprl,inst_trust,SE,0.02092309608646352,0.5873708990786798,0.024010936372128994,0.5334448775240298,6.277037037037037,7.021481481481482,2.2104399155570693,0.9458158038930965,675
trstprl,inst_trust,SI,0.03593189697525594,0.35488648236920556,0.0251685468400006,0.5170380820194284,4.2,5.920300751879699,2.4765162083298553,1.6348869474978482,665
trstprl,inst_trust,SK,0.0018613277627056496,0.9614160524369811,0.006959003526620895,0.8564701031192454,4.116519174041298,4.883480825958702,2.778848944314654,1.7720107603473825,678
trstprl,inst_trust,UA,-0.058854691597141295,0.13449717827375227,-0.0564743280294966,0.15101023932819949,2.2191358024691357,3.521604938271605,2.576460650552921,1.5092182131610181,648
trstplt,inst_trust,AT,-0.04669705904257204,0.2273840259144066,-0.07873313867982269,0.04161851146973975,3.647761194029851,5.744776119402985,2.484291949423752,1.7553491667433896,670
trstplt,inst_trust,BE,-0.05173750549475281,0.18168592964295782,-0.05220591134904853,0.177758056491872,4.122754491017964,5.2395209580838324,2.228994613970665,1.854398978718912,668
trstplt,inst_trust,BG,0.025696122772340905,0.5070118190792069,0.01783257807364285,0.6452188696378524,2.2316890881913305,4.044843049327354,2.0832552369383484,1.7631688897303182,669
trstplt,inst_trust,CH,-0.06202394415928933,0.11167139135228141,-0.06378153726394856,0.1018619754795399,5.610015174506828,6.0121396054628224,1.9141029547414454,1.7010201137227055,659
trstplt,inst_trust,CY,-0.017867991853811722,0.6438189694887475,-0.019147618005955346,0.6202582811004181,2.6845238095238093,4.513392857142857,2.2566738404308717,1.9278643366624206,672
trstplt,inst_trust,DE,0.051542913258118536,0.18202541939475161,0.04971197767319349,0.19806694656424864,4.081845238095238,5.715029761904762,2.3534540402100834,1.8142827116197213,672
trstplt,inst_trust,EE,0.08789461683977755,0.02319947366667944,0.08648757400443861,0.025505795271030852,3.6071964017991003,5.380059970014993,2.328529629646827,1.8236454916680163,667
trstplt,inst_trust,ES,-0.02923454864214312,0.44760319663411624,-0.029978824427414903,0.4361214998055875,2.7341211225997046,4.784342688330871,2.3590884942640775,1.8836394775029417,677
trstplt,inst_trust,FI,-0.016204233448221986,0.6722599923780352,-0.026085722539493233,0.4958093191218432,5.393274853801169,5.91593567251462,2.023727865086847,1.6022569646975486,684
trstplt,inst_trust,FR,-0.006549402908397405,0.8656296143721955,-0.016793574514224273,0.6643539354237151,3.8955223880597014,4.640298507462687,2.1708376205590203,1.8061148171926034,670
trstplt,inst_trust,GB,-0.019101411970594354,0.6234583690917413,-0.001959047109255526,0.9598451157165273,2.9155354449472095,4.036199095022624,2.3239427589776382,1.802621128554462,663
trstplt,inst_trust,GR,0.04082671794935296,0.2909543976373694,0.04926322630852359,0.2024887973796261,2.676602086438152,4.506706408345752,2.077894547464741,1.7761772724667795,671
trstplt,inst_trust,HR,-0.01969334384043565,0.6119302052306456,-0.001261111595679084,0.9740857941989244,2.0885885885885886,4.481981981981982,2.1811817426330844,1.8007031975564158,666
trstplt,inst_trust,HU,0.04183592317698372,0.28026412202499307,0.04175432689486874,0.28120405289118644,4.094311377245509,4.144461077844311,2.6784324846004646,1.7446897397067815,668
trstplt,inst_trust,IE,0.024171133161329184,0.5362686469298874,0.01860694947413412,0.6340269667345333,4.30593607305936,4.528158295281583,2.3990301804860077,1.8885603432314142,657
trstplt,inst_trust,IL,0.013814334599337718,0.724169893720639,0.013786572703575964,0.7247017006827076,3.2274809160305344,4.694656488549619,2.491301485981616,1.8436316116388691,655
trstplt,inst_trust,IS,-0.06449881969177056,0.09628747844158103,-0.059708036013692775,0.12371573365476594,4.785285285285285,6.054804804804805,2.201945754658784,1.7805336805029695,666
trstplt,inst_trust,IT,0.0157508942745223,0.684481337634805,0.009415881750188086,0.8080754130880393,3.3862275449101795,4.758982035928144,2.322677877764765,1.87210890863586,668
trstplt,inst_trust,LT,0.030892100803676995,0.427474179981061,0.0464323109749141,0.2328460939811125,3.4667673716012084,4.398791540785498,2.307905535530159,1.7776214509970405,662
trstplt,inst_trust,LV,0.09028902102410138,0.021323870559834677,0.09114525194699705,0.020118869023462077,2.616923076923077,4.268461538461539,2.203657782232161,1.8612931293351993,650
trstplt,inst_trust,ME,0.03978777755795201,0.3045035956559782,0.04071552278458026,0.2933569270318315,3.697604790419162,4.726047904191617,2.2373804584466823,1.880566904887651,668
trstplt,inst_trust,NL,0.01695491232097827,0.6620435604652832,0.011084922503740645,0.7750659171521947,4.854572713643178,5.646176911544228,2.035309021413635,1.769994210779473,667
trstplt,inst_trust,NO,-0.024336799410691955,0.5282100774683071,0.018866655253976145,0.6248833215599824,5.268545994065282,6.681157270029674,2.0587194244865117,1.3372093411965547,674
trstplt,inst_trust,PL,-0.044505942940992436,0.25463266939806145,-0.0419446698042364,0.2830237784771698,2.8462709284627095,4.508371385083714,2.324142040682187,1.733899787075067,657
trstplt,inst_trust,PT,-0.06765227769284665,0.07968947633070457,-0.05516055252088629,0.1531910142778873,2.8794642857142856,4.7648809523809526,2.364427320329177,1.8637858649364991,672
trstplt,inst_trust,RS,-0.058183640566147145,0.14179013706313592,-0.05098206359766751,0.19807292916620867,2.8763693270735526,3.9874804381846634,2.8343042958440687,1.7392301126661829,639
trstplt,inst_trust,SE,0.04197675017019851,0.27684855520292084,0.03389881556116189,0.3799280297406165,4.864784546805349,6.384101040118871,2.0024892967430232,1.5039431708692566,673
trstplt,inst_trust,SI,-0.0005876714916595655,0.9879042673902744,-0.006521443639111078,0.8663965477334034,3.2230538922155687,4.520958083832335,2.285396231974066,1.8114687882086717,668
trstplt,inst_trust,SK,-0.06563958648701061,0.08884764552394722,-0.05957021640008905,0.12261655127262329,3.849925705794948,4.016344725111441,2.634998671806978,1.7151375274684582,673
trstplt,inst_trust,UA,0.015944557447524536,0.6851556127380838,0.018941170162772452,0.6300557557226983,1.9984591679506933,3.052388289676425,2.3217298983598833,1.3778555075245529,649
trstlgl,inst_trust,AT,-0.027716551006969313,0.47451678931839825,-0.018044015257117477,0.6415558240728254,6.618263473053892,7.601047904191617,2.3391771851425385,0.7222417068814424,668
trstlgl,inst_trust,BE,-0.022982408595391895,0.5529084562559706,-0.026593539147114948,0.4922857033277545,5.345291479820628,7.583707025411061,2.463274458951318,0.788970001039577,669
trstlgl,inst_trust,BG,-0.047050460312750016,0.2309517934150716,-0.03162264805650219,0.4208935494161836,3.8723076923076922,7.0976923076923075,2.930210723150655,0.993465970999489,650
trstlgl,inst_trust,CH,0.004855542565007368,0.9007653004076231,-0.00330771067427115,0.9323053736496273,6.933534743202417,7.828549848942598,1.9836988970663487,0.5428540143260168,662
trstlgl,inst_trust,CY,-0.02743133823497142,0.47973860308433813,-0.04590155735460637,0.23681757815822374,4.3558558558558556,7.453453453453453,2.655300320627604,0.8974123678557906,666
trstlgl,inst_trust,DE,0.05890218965647681,0.12659253185129016,0.07915315071069953,0.03994231180792402,6.341246290801187,7.649258160237389,2.345212110062192,0.7935144138157236,674
trstlgl,inst_trust,EE,0.016775855029381146,0.6661052759166016,-0.012620693883388705,0.7454742087824688,6.335843373493976,7.641867469879518,2.4519844297234226,0.7136844729318385,664
trstlgl,inst_trust,ES,-0.061453033931353665,0.11309463748378357,-0.05189239132106217,0.18103622264253627,5.312312312312312,7.467717717717718,2.619487133135074,0.801367187886395,666
trstlgl,inst_trust,FI,0.05368700469312608,0.16260817791196167,-0.009585218893492791,0.8032607920945564,7.474926253687316,7.788348082595871,1.88481992616822,0.6371997799786856,678
trstlgl,inst_trust,FR,-0.038928797457344774,0.31325994901456317,-0.02572002282304074,0.5053440282819956,5.286775631500743,7.436552748885587,2.4457361777329867,0.9011242997155383,673
trstlgl,inst_trust,GB,-0.027702132406049993,0.4770792548834959,0.002889079812514763,0.9409009140178486,5.531013615733737,7.33661119515885,2.53837642600883,1.005179019995003,661
trstlgl,inst_trust,GR,0.031660460264059435,0.4129015548618244,0.03959713959984333,0.3057406199755124,5.248882265275708,7.246050670640835,2.537314558093825,0.9235775947629182,671
trstlgl,inst_trust,HR,0.026059075250710443,0.5032850613485482,0.022125405416749584,0.5698541886801879,3.1812688821752264,7.397432024169185,2.4618873164831228,0.8562006940571321,662
trstlgl,inst_trust,HU,-0.0056310545126353325,0.8847587922514408,0.0014071661902500079,0.9711075928383541,5.345864661654136,7.251578947368421,2.785626599877504,0.8989626234451018,665
trstlgl,inst_trust,IE,-0.08223869038549535,0.03577862645838452,-0.0589114493545627,0.13292136031569923,5.6947852760736195,7.493098159509202,2.417378920392877,0.9610054112689267,652
trstlgl,inst_trust,IL,-0.046527521272459044,0.23582122056163013,-0.0018118391282904809,0.9631988800204668,4.502304147465438,7.464055299539171,2.85784925687908,0.8023416632766642,651
trstlgl,inst_trust,IS,-0.0655892616431452,0.0890931962849808,-0.08335192432603161,0.03061203736757072,6.175334323922734,7.7827637444279345,2.198250978787399,0.740696321596398,673
trstlgl,inst_trust,IT,-0.012373193461221496,0.748662121155022,-0.027398504831792774,0.47795804969906547,5.524517087667162,7.504309063893015,2.3035445862396253,0.8730058089340553,673
trstlgl,inst_trust,LT,0.004509718960203654,0.9080093676894011,0.02854417308987269,0.46446447889576636,5.312594840667678,7.3786039453717756,2.51004228122348,0.8737025253372929,659
trstlgl,inst_trust,LV,-0.04713962690259231,0.24502382151911897,-0.0007726008259928917,0.9848070446288173,4.037704918032787,7.428852459016394,2.618656315365827,0.7869963233758335,610
trstlgl,inst_trust,ME,0.0643350141830077,0.0981510555188804,0.027717424633184315,0.4765015322572631,4.327794561933535,7.478851963746224,2.2077667127399665,0.7944626129703245,662
trstlgl,inst_trust,NL,-0.025399352461054608,0.5128832974816437,-0.02797073406759988,0.4711402200136828,6.403903903903904,7.747747747747748,2.0688705464866755,0.6193880336857625,666
trstlgl,inst_trust,NO,0.0017702515441710817,0.9633841546534672,0.011331331676758013,0.7688645613665787,7.477037037037037,7.873333333333333,2.000146164567761,0.5391497867769238,675
trstlgl,inst_trust,PL,-0.014708046153913332,0.7066944287241158,-0.02150073868765053,0.5822361635538053,4.082191780821918,7.240639269406393,2.4839612479780624,0.9260664020228588,657
trstlgl,inst_trust,PT,-0.08182803939872359,0.0357163377029502,-0.06765236295565129,0.08267086909290748,4.426403641881639,7.503490136570561,2.443644624864895,0.8472931804075724,659
trstlgl,inst_trust,RS,0.06960291271188727,0.07943166382761409,0.07702132426513655,0.05220159452340111,4.1745283018867925,7.039779874213837,3.0226513257392122,1.1406473981478245,636
trstlgl,inst_trust,SE,0.020692214344652935,0.5953875125286142,0.033722803504567946,0.38670089208605857,6.605143721633888,7.837367624810892,2.1553114488245098,0.5283866520278195,661
trstlgl,inst_trust,SI,-0.039214832805102906,0.31188957038140863,-0.013596156964196813,0.7259660480457774,4.7976011994003,7.522938530734633,2.5544156439704016,0.912903035744932,667
trstlgl,inst_trust,SK,0.010700892691360571,0.7823412559378372,0.013563809767812523,0.7261972807332556,5.019431988041854,7.211210762331839,2.7513598663215926,0.9942543916589459,669
trstlgl,inst_trust,UA,-0.053730318352061164,0.18009578253095798,-0.03596206522302506,0.3698144386281845,2.573717948717949,5.100961538461538,2.6432047327067134,1.7195595683990568,624
trstprt,inst_trust,AT,0.020933235818865463,0.5874678412862486,0.026900484445291323,0.48567322637409543,3.5875370919881306,6.665430267062314,2.4144609258621594,1.3961337642578062,674
trstprt,inst_trust,BE,0.002386295527661144,0.9512458253112522,0.0034003489373670595,0.930572252930742,3.9271623672230653,6.511380880121396,2.146780934183061,1.4970409736871972,659
trstprt,inst_trust,BG,-0.02344553150665627,0.5470534772157962,-0.022821874375877328,0.5577687581978824,2.3157099697885197,5.132930513595166,2.1357190685951575,1.8968490931819089,662
trstprt,inst_trust,CH,-0.030794335486695683,0.43316960935969456,-0.038798565670342414,0.3233284167934846,5.36,6.912,1.8897827628065944,1.3611415493663406,650
trstprt,inst_trust,CY,-0.04613088215245432,0.23342599526285965,-0.06588301443599666,0.08861861003510613,2.491778774289985,6.207025411061285,2.214948122308704,1.7158022950854148,669
trstprt,inst_trust,DE,0.050697740120536856,0.19063396325750348,0.0586417814312941,0.12999991382933238,4.025449101796407,6.826197604790418,2.2102959855486155,1.2289557139298597,668
trstprt,inst_trust,EE,0.03103649677290899,0.4232182262755559,-0.012929899765758543,0.7387038161461859,3.7080838323353293,6.690868263473054,2.198567186174219,1.4769159773692861,668
trstprt,inst_trust,ES,-0.0503611576352301,0.19259755194538208,-0.023688789230099015,0.5401617675203133,2.7496274217585692,5.988822652757079,2.385258647652734,1.7876717827468693,671
trstprt,inst_trust,FI,-0.029864231990964784,0.4371997530773137,-0.04100214749357265,0.28601751621510574,5.468335787923417,6.99160530191458,1.8990252193784392,1.1763037392831386,679
trstprt,inst_trust,FR,-0.026941233101773814,0.48664236847868864,-0.027247290334601406,0.48170384296954455,3.4663677130044843,6.157698056801196,2.1172563287402686,1.6324336443802552,669
trstprt,inst_trust,GB,-0.06128375466685296,0.11629690342624069,-0.06789827719450893,0.08179044892883008,3.0759878419452886,5.859422492401216,2.3258852450987213,1.7242325981674063,658
trstprt,inst_trust,GR,-0.026816696408097508,0.48573916860877336,-0.021206863879302363,0.5814715075937109,2.784660766961652,5.646017699115045,2.137296457601432,1.7700296035159724,678
trstprt,inst_trust,HR,-0.044825840332246375,0.2448150493971145,-0.036185988968509435,0.3478824653448836,2.16,5.978518518518518,2.2329871146081284,1.8258523144985797,675
trstprt,inst_trust,HU,-0.037817407640149174,0.32873318185664197,-0.03125188030186781,0.419657004744746,4.0358744394618835,5.756352765321375,2.6182052102791915,1.8317253657385695,669
trstprt,inst_trust,IE,-0.0221582426430433,0.5713383791927388,-0.006719432017415418,0.8637176740770652,4.184732824427481,5.953435114503817,2.3437885012517254,1.7772903864381113,655
trstprt,inst_trust,IL,0.006031758545030482,0.8776420378314138,-0.01675346131987431,0.6689032137347007,3.3990825688073394,6.5,2.3696781107262774,1.5535366952214853,654
trstprt,inst_trust,IS,-0.01589551728341417,0.6815160873837031,0.006336226526523344,0.8700603108549484,4.665171898355755,7.04678624813154,2.224320694671083,1.3176176051281103,669
trstprt,inst_trust,IT,-0.005549228132038613,0.8861668591639803,-0.01904894582921066,0.6231041214061028,3.3907185628742513,6.1354790419161676,2.332555096025972,1.7211921649907276,668
trstprt,inst_trust,LT,-0.006253261745589217,0.8727044173868365,-0.008911589414956476,0.8193822473166967,3.329286798179059,6.0257966616084975,2.2447320176349916,1.6887620044064326,659
trstprt,inst_trust,LV,-0.02763257677834928,0.48392259233317403,-0.01689246176269053,0.6687382424290068,2.5,5.984472049689441,2.1988969382273393,1.7404905908636077,644
trstprt,inst_trust,ME,-0.026125444788572805,0.4992956741522321,-0.034717760004257525,0.3692328679665227,3.84053651266766,6.19865871833085,2.335941565045373,1.6249954272479854,671
trstprt,inst_trust,NL,0.08300127906213989,0.030946209371098193,0.05591738042590863,0.1464188503167888,5.0014792899408285,6.855769230769231,1.9463159960827263,1.3264754189343417,676
trstprt,inst_trust,NO,-0.03815051617792288,0.3208845924815439,-0.008709586489719989,0.8207835465575575,5.453608247422681,7.367893961708395,1.954606034207003,0.9100715459939356,679
trstprt,inst_trust,PL,-0.0713642962375662,0.0683846480843229,-0.06426840440314968,0.1008272714446458,2.8483920367534457,5.983154670750383,2.301636791435845,1.6356433891873907,653
trstprt,inst_trust,PT,-0.04465020512876132,0.2480807287464283,-0.040242718221521874,0.29791635610826184,2.85096870342772,5.871833084947839,2.3241422331506705,1.8239606098888594,671
trstprt,inst_trust,RS,-0.03219162118315279,0.4158472941311064,-0.029848963578875263,0.45060398603753854,2.8081123244929795,5.170046801872075,2.7521008497806716,1.959139199765081,641
trstprt,inst_trust,SE,0.033236013449986286,0.3896735176668396,-0.011752441671115825,0.7610506215938905,4.979166666666667,7.1433035714285715,1.9637961403046928,1.059616291706774,672
trstprt,inst_trust,SI,-0.07058575865423629,0.06827373313776272,-0.06496582854402042,0.09340275569122534,3.2065868263473054,6.154191616766467,2.2469339489314497,1.656896117093091,668
trstprt,inst_trust,SK,0.020396175517814915,0.597911996961335,0.02521164763083412,0.5144268962385735,3.8837555886736213,5.351713859910581,2.6119509880651557,1.861228742372759,671
trstprt,inst_trust,UA,0.08068740402718608,0.03973167417597243,0.07720158869669187,0.04913590054909471,1.9646153846153847,3.7284615384615383,2.3604947621431007,1.6807270885792924,650
trstplc,inst_trust,AT,0.0029405569585369703,0.9389450211881377,-0.025828891375334263,0.5010082659187161,7.36417033773862,7.783847283406755,2.160366852099029,0.5569379521326389,681
trstplc,inst_trust,BE,-0.028479927469048892,0.4597505427140457,-0.0166378645421253,0.6658767568729314,6.542899408284024,7.788461538461538,2.0968250839851375,0.7036939570475117,676
trstplc,inst_trust,BG,-0.07251831803656685,0.06142467070758642,-0.08983281181976084,0.020414144832718327,5.16066066066066,7.412912912912913,2.8437530293952125,0.9237460095441795,666
trstplc,inst_trust,CH,0.02293876147824456,0.5515879033119068,0.020768335288235778,0.5898623398668623,7.347633136094674,7.958579881656805,1.9303832714881035,0.5096698084146907,676
trstplc,inst_trust,CY,0.045950719113940025,0.23385871185552465,0.07941097861006348,0.039444199946160254,5.078751857355126,7.725854383358098,2.5619776330410553,0.6766405699535736,673
trstplc,inst_trust,DE,-0.009233087206972029,0.8104861405219724,-0.004773163815878302,0.9013428141845385,7.096011816838995,7.816838995568685,2.108295545308824,0.615129797543745,677
trstplc,inst_trust,EE,-0.03495296683454404,0.3645661668937206,-0.030095470834510155,0.4350196157879005,7.496296296296296,7.748888888888889,2.1296064544771305,0.754989994103786,675
trstplc,inst_trust,ES,-0.025527285557560224,0.50727880706085,-0.03771040528197297,0.32721903430240595,6.942392909896602,7.696454948301329,2.38422866699436,0.6037009770067792,677
trstplc,inst_trust,FI,-0.04004860267878585,0.29702387705085376,-0.03166588698386477,0.40969364837075367,8.364705882352942,7.893382352941177,1.403526455506113,0.5386671772233065,680
trstplc,inst_trust,FR,-0.02537679568307309,0.5107290178218912,-0.01140415539410578,0.7675896911052816,6.544510385756676,7.602373887240356,2.1891141892944126,0.7107079552062753,674
trstplc,inst_trust,GB,-0.05317921278054378,0.16915858347604168,-0.07700579346990984,0.04631809944905904,5.840298507462687,7.37910447761194,2.5616208259716307,1.0197653989466107,670
trstplc,inst_trust,GR,0.016012550353141676,0.6777155611443897,0.008334504927531745,0.8287540289304887,5.902366863905326,7.562869822485207,2.4084899873749857,0.7548147013665536,676
trstplc,inst_trust,HR,-0.02138615922356561,0.579407906616589,-0.013274758949042674,0.7308400871239794,5.464391691394659,7.644658753709199,2.5416721223836167,0.7730084140500695,674
trstplc,inst_trust,HU,0.01576733957800018,0.6839452449865441,0.005094320000285872,0.895364594464182,6.33034379671151,7.568011958146487,2.5442179430047105,0.8384968871718657,669
trstplc,inst_trust,IE,0.018153489008217904,0.6400383815095027,0.009700846860695006,0.8026761919327267,6.527027027027027,7.72972972972973,2.3202325244874693,0.6913551597546123,666
trstplc,inst_trust,IL,-0.02263537994203149,0.563977808786421,-0.027885497548517782,0.47720302169852996,4.66717791411043,7.742331288343558,2.8068321318759755,0.6023656085230661,652
trstplc,inst_trust,IS,-0.021261335125239752,0.5813429055814675,-0.017511427044550183,0.64971956765932,7.265185185185185,7.954074074074074,2.0583231384341554,0.6705729605308421,675
trstplc,inst_trust,IT,-0.005432095240110872,0.8879730856955145,-0.00029850074397038377,0.9938237145994251,6.706666666666667,7.790814814814815,2.040364196268025,0.6584342679722375,675
trstplc,inst_trust,LT,-0.020144425800046696,0.6027118486407985,-0.008312403164993872,0.829951971856952,6.871641791044776,7.632089552238806,2.3296879042022614,0.7848148455172047,670
trstplc,inst_trust,LV,0.011757375258445507,0.7651488253505803,0.012648818008566067,0.747924310166421,5.220679012345679,7.606481481481482,2.556152350627924,0.8368934771421741,648
trstplc,inst_trust,ME,-0.01618471806883401,0.6762767305438694,0.009102451446750818,0.8143457681577816,5.3967065868263475,7.573353293413174,2.203266198344209,0.9013613630396754,668
trstplc,inst_trust,NL,-0.053270331386143566,0.17067724087359046,-0.030112689127582956,0.43888488716001733,7.034690799396682,7.865761689291101,1.654528762336456,0.49552802309462424,663
trstplc,inst_trust,NO,-0.08041578930346462,0.036868135291771006,-0.05628170447330456,0.14439923145195488,7.63946587537092,8.00519287833828,1.9054119403113414,0.48717859054703316,674
trstplc,inst_trust,PL,0.03502800127326186,0.36894272923759325,0.008874062266231116,0.8199952288568197,5.198484848484848,7.612878787878788,2.5362316821310604,0.7551949876370304,660
trstplc,inst_trust,PT,0.002680480909947616,0.9447468843147804,0.011279877319696971,0.7705506582845739,6.3666169895678095,7.673621460506706,2.351186496461682,0.778942164284328,671
trstplc,inst_trust,RS,0.0032498064585420286,0.9339420074433705,-0.0024602663393822857,0.9499664138328652,5.257274119448699,7.443032159264932,3.0529021564052408,0.8611598651710223,653
trstplc,inst_trust,SE,2.0816681711721685e-17,1.0,-0.027651483872367096,0.4742317441694341,7.09375,7.928571428571429,2.008585799773602,0.5426262633308274,672
trstplc,inst_trust,SI,0.0050630364707085216,0.8955391115945702,0.03470992818065599,0.3679125800108243,6.305185185185185,7.724444444444444,2.3978018654864592,0.8878061737654585,675
trstplc,inst_trust,SK,-0.0015307984974723611,0.9684284624668398,-0.006056028521622574,0.8755740550217196,5.636363636363637,7.521013412816692,2.7255761344321607,0.8845554671396777,671
trstplc,inst_trust,UA,-0.025301840467457006,0.524822926109704,-0.004009468198770516,0.919743355408329,3.3943217665615144,6.424290220820189,2.8560568820806576,1.6193273478202876,634
trstep,inst_trust,AT,-0.05017991617759289,0.19997427943491775,-0.05989847725963093,0.12595412299374684,4.198776758409786,6.876911314984709,2.635067733918432,1.0481087473068416,654
trstep,inst_trust,BE,-0.03784956167186315,0.33456836436235826,-0.05278285265905036,0.1782622173231031,4.688650306748467,6.984662576687117,2.441888673823098,0.9076789881732585,652
trstep,inst_trust,BG,0.04332525431529884,0.2877489448490831,0.08380466766494886,0.039496674710190846,4.582781456953643,6.687913907284768,2.8286795046253923,1.1550033716815087,604
trstep,inst_trust,CH,0.039660580612968205,0.32731909556252287,0.02950051062513574,0.46632661768087375,4.937908496732026,6.772058823529412,2.1459208526533313,1.0930162219042832,612
trstep,inst_trust,CY,-0.026148881524247936,0.5157573958151559,0.00015944316072228409,0.9968387170054306,4.601612903225806,6.92741935483871,2.6000492064117084,1.0794256467802148,620
trstep,inst_trust,DE,-0.007311524445573136,0.8530818162533894,-0.013048129770935122,0.7410258211463768,4.636645962732919,6.921583850931677,2.608448754935026,0.8847155437026799,644
trstep,inst_trust,EE,-0.00834672477941186,0.8347696429733694,-0.004583762555073761,0.9088027346431709,4.840510366826156,6.894736842105263,2.5278168220965824,0.9483907941186089,627
trstep,inst_trust,ES,0.04658533241777182,0.24334621765091005,0.02543658541556395,0.5242678864946871,4.620031796502385,6.9348171701112875,2.587385986092061,0.8444531490725835,629
trstep,inst_trust,FI,0.05124883719577781,0.1905474654435709,0.03522835809655784,0.36840476754926754,5.859327217125382,6.892966360856269,2.0148978458502933,0.9810670545290446,654
trstep,inst_trust,FR,0.015170404065696624,0.7023473927032883,-0.015604417643009863,0.6942544175816283,4.334379905808477,6.782574568288854,2.528385108712747,1.1400627380590516,637
trstep,inst_trust,GB,-0.00043633426399439625,0.9916773865274081,-0.012326859796792582,0.7682246067887079,3.78397212543554,6.610627177700349,2.6458214095359547,1.1824968217129825,574
trstep,inst_trust,GR,0.0266422151288313,0.49541970829225684,0.03467372915038797,0.3749002765709467,4.1506849315068495,6.837138508371385,2.3698056778743273,0.9808174014532487,657
trstep,inst_trust,HR,-0.004264445328364348,0.9139212126011743,0.004985605309531566,0.8994359988995371,4.266666666666667,6.812403100775194,2.6452034797488384,1.0645332392094078,645
trstep,inst_trust,HU,0.018319940967347008,0.6397807459528942,0.034172860856130936,0.3825707280975587,4.7221374045801525,6.676335877862596,2.586553386547064,1.0355922872851608,655
trstep,inst_trust,IE,0.040082535818043795,0.32219473295936146,0.026716514870276875,0.5094485322466342,5.21078431372549,6.883986928104576,2.3658124293671934,0.8796322992168788,612
trstep,inst_trust,IL,-0.06839324595160601,0.10750915842503302,-0.03490403620163505,0.411828143502922,2.8162162162162163,6.50990990990991,2.570048972708347,1.2835360506480402,555
trstep,inst_trust,IS,0.021290206321021257,0.6067069518912683,0.03193289556787094,0.4399837494561101,5.747870528109029,6.949744463373084,2.162622617076548,0.9659452758239097,587
trstep,inst_trust,IT,-0.02166839575026484,0.5845606775332177,-0.03233306292316695,0.41453287936934996,4.679186228482003,6.916118935837245,2.321101638524641,0.981541215765231,639
trstep,inst_trust,LT,0.05541604284937244,0.17059656582552385,0.026698328912176755,0.5093898865831659,4.985318107667211,6.864600326264274,2.572119196638068,0.8572659716850096,613
trstep,inst_trust,LV,0.002460765781197205,0.9523978652332274,-0.008893053953838175,0.8291895861527044,4.153976311336717,6.83756345177665,2.6138445467724614,0.996524546518803,591
trstep,inst_trust,ME,-0.01817893217370205,0.6480258674835943,-0.01553653226587148,0.6964314056370843,5.61611374407583,6.879936808846762,2.3592383854103667,1.0394704085147277,633
trstep,inst_trust,NL,0.022479114410174614,0.5727073660896254,0.0574583540254689,0.1490730969242588,5.113924050632911,6.9794303797468356,2.2207055703887617,0.9359289011362487,632
trstep,inst_trust,NO,0.03749719877062958,0.3608099154420334,0.042069339219286676,0.30520217034243613,5.630872483221476,7.051174496644295,2.1154858973842083,0.736433807407715,596
trstep,inst_trust,PL,-0.040479115872120754,0.3084644986632605,-0.03853014924775901,0.3323575474272504,4.001574803149606,6.746456692913386,2.647240818553271,0.9383013105939009,635
trstep,inst_trust,PT,-0.0776660303311944,0.05325020021837403,-0.06425901136370173,0.10994065940971844,4.867741935483871,6.944354838709677,2.6329448855091364,0.857665466013444,620
trstep,inst_trust,RS,0.06826079047090144,0.09509663823907068,0.051539131394561066,0.2078152599729089,2.7495826377295494,6.667779632721202,2.798840358184271,1.0036623128889404,599
trstep,inst_trust,SE,-0.010664796630162551,0.7906614452909622,-0.014617797878416383,0.7159678306626756,5.266881028938907,6.94983922829582,2.133883439489402,0.9321377642118869,622
trstep,inst_trust,SI,0.01454939964427897,0.7139857396291424,0.041084740451064396,0.3005136549389146,4.576138147566719,6.832810047095761,2.5696454065641894,1.0244221181355428,637
trstep,inst_trust,SK,0.030106605921161825,0.4445753177426099,0.02346795750888528,0.5512665524455836,4.397217928902627,6.704018547140649,2.9223477012683485,1.048048128147003,647
trstep,inst_trust,UA,-0.013550229035787315,0.7429937317153881,-0.0059578413903916974,0.8853710996624371,4.183673469387755,6.062925170068027,3.125474618896541,1.5002394861106878,588
trstun,inst_trust,AT,-0.06668033503589309,0.09527629314213718,-0.05755896410670683,0.1499827803722011,4.822966507177034,7.134768740031898,2.66000711110794,0.959534333168564,627
trstun,inst_trust,BE,0.04950262361004039,0.20822192920288482,0.05369732054451526,0.17217241677281533,5.333333333333333,7.214506172839506,2.348336252118489,0.8730762840657189,648
trstun,inst_trust,BG,-0.014556548899305398,0.7310573716712434,-0.008745794467416771,0.8363966359627196,4.85,6.982142857142857,2.8659371428241345,1.1363417975272954,560
trstun,inst_trust,CH,0.02157816260606907,0.588786815418806,-0.011851134630560393,0.7665575118258103,5.307936507936508,7.182539682539683,2.268979417122689,0.9282768080082942,630
trstun,inst_trust,CY,-0.018495894386070518,0.6402104128750133,-0.003723778273009547,0.9250338143490956,4.134165366614664,7.280811232449298,2.6096161650444216,0.9112611266117056,641
trstun,inst_trust,DE,0.04536766476282265,0.25028492779932876,0.015054983131025207,0.7029568906439904,5.02639751552795,7.069875776397516,2.462329323130015,1.111131007209381,644
trstun,inst_trust,EE,0.017801732943082935,0.6636985471785758,0.020107010782781234,0.6233342989524759,4.739565943238731,7.183639398998331,2.657535599658748,1.083318068239218,599
trstun,inst_trust,ES,-0.07760737919391289,0.050613759710453975,-0.09806843170915576,0.013423197263462253,4.896062992125985,7.193700787401575,2.68044094419775,1.0025006613193586,635
trstun,inst_trust,FI,0.02931527814261146,0.45248106996843357,0.02868645039613183,0.46224024185747603,6.447647951441578,7.197268588770865,2.1134048409545465,0.9028451174868753,659
trstun,inst_trust,FR,0.01663599185397832,0.6775839906194295,0.02810457665685948,0.48238473753296507,5.21371610845295,7.118819776714513,2.4157900570596,0.9570638060283831,627
trstun,inst_trust,GB,0.0037593791784672967,0.928201488488203,0.03576694754082127,0.3911338881405886,4.922010398613518,6.80155979202773,2.6723541132933946,1.1353907460245967,577
trstun,inst_trust,GR,-0.006272292690835828,0.874361774318272,-0.00875749455663366,0.8252691521825397,4.2115987460815045,7.120689655172414,2.4245066724662956,1.0625691567126607,638
trstun,inst_trust,HR,0.09225628136704618,0.01957806528381672,0.08360632587172616,0.03445893578039852,4.73125,7.13125,2.880449180325559,1.08696574126865,640
trstun,inst_trust,HU,-0.054831243261183965,0.1685916919984024,-0.046242247546574036,0.24571033087747685,5.299050632911392,6.8900316455696204,2.486884592583666,1.2170260701461386,632
trstun,inst_trust,IE,-0.042366175746366724,0.29977178846811203,-0.018606346719336864,0.6489437901022036,5.424292845257903,7.158069883527454,2.4251478733124827,0.8485117962889416,601
trstun,inst_trust,IL,0.004083381372045661,0.918786519347099,-0.003412400836061383,0.9320961505487051,2.191693290734824,6.8985623003194885,2.4906213859555035,1.1284032655537912,626
trstun,inst_trust,IS,0.021251614107546675,0.5915179368286902,0.008170324621114042,0.8365612184641524,6.3390625,7.328125,2.215122105636504,0.8908276733813179,640
trstun,inst_trust,IT,0.04801634279052029,0.22952553037693693,0.01874026655624161,0.6392588742837734,4.957006369426751,7.287420382165605,2.3807572448636023,0.9453745542785493,628
trstun,inst_trust,LT,0.042911104420251964,0.3009687058582204,0.06165557166909021,0.13703651482304763,5.025728987993139,7.082332761578044,2.6231241260607217,1.14126597235862,583
trstun,inst_trust,LV,0.05077002257219487,0.23713075031199377,0.027785862957140528,0.5178220590922682,3.7886029411764706,7.0661764705882355,2.8090518439401313,1.1055007673906574,544
trstun,inst_trust,ME,-0.059874791744038085,0.12994757649936894,-0.03267249578360333,0.40891332770360483,5.4243369734789395,7.275351014040561,2.311175412267847,0.8174374460220954,641
trstun,inst_trust,NL,-0.05303312676867041,0.1908544426873254,-0.04717640958171058,0.24465536365662138,5.8475409836065575,7.2918032786885245,2.0530010519567807,0.8349498440178053,610
trstun,inst_trust,NO,0.07928997086726229,0.040341860947742135,0.08170738607898148,0.034605381555573585,6.997010463378176,7.3258594917787745,2.086452602496688,0.8745936873499809,669
trstun,inst_trust,PL,-0.012897483205080999,0.7491726457086695,0.017860512858147593,0.6579236990173835,4.928687196110211,6.949756888168557,2.5889570170409923,1.1770550304453884,617
trstun,inst_trust,PT,0.0006700233756007362,0.9866945165009955,0.020241510493387255,0.6143611797215842,5.401929260450161,7.19935691318328,2.610371264765875,1.0687176408000778,622
trstun,inst_trust,RS,0.06433347349705368,0.11574919503422519,0.10064314484619231,0.013728008230301812,2.8831385642737897,7.025041736227045,2.836639074084096,1.1248369439296915,599
trstun,inst_trust,SE,0.020146034057266882,0.6095575032514212,0.012838586506090396,0.7448476256737773,6.291472868217054,7.169767441860465,2.2302282076833695,0.9705768160071719,645
trstun,inst_trust,SI,-0.009055841256760207,0.8225175315388429,-0.009496767649768133,0.8140301159984251,4.775974025974026,7.193181818181818,2.604275538849736,1.0576945043108485,616
trstun,inst_trust,SK,0.11793611286544912,0.0031489414657108216,0.109654406183446,0.006066751622070511,4.8384,6.9936,2.9846504756065593,1.0123234255655245,625
trstun,inst_trust,UA,0.021360350027774394,0.6080006533580994,0.02529744554353914,0.5435194801143554,3.5595854922279795,6.157167530224525,3.1222757815830025,1.7660278160243035,579
happy,wellbeing,AT,0.0185065608072799,0.6315064990427155,0.034899530643208776,0.3656570290947251,7.654302670623146,7.631305637982196,1.650994802212271,0.7340472299975838,674
happy,wellbeing,BE,0.018896751324804367,0.6243311243016508,0.018530260607475074,0.6310696749272684,7.783382789317508,7.606824925816023,1.4619360076288284,0.7850843977886601,674
happy,wellbeing,BG,-0.022603036898710478,0.5615526863911607,-0.02919366751917599,0.45333017603407316,6.31570996978852,7.404833836858006,2.0927859000554263,0.9789807071620684,662
happy,wellbeing,CH,-0.001508691205827456,0.9688144709882319,0.0236042584768001,0.5407032061351621,8.143916913946587,7.749258160237389,1.4713914023000567,0.4538503413711751,674
happy,wellbeing,CY,-0.0017003685547208544,0.964802536201631,0.0053855871486383645,0.8888439796983554,6.9733727810650885,7.708579881656805,2.1157332010122256,0.5129294756034213,676
happy,wellbeing,DE,-0.043253654297460156,0.26284185611157657,-0.0309597980505862,0.4229767310797621,7.752976190476191,7.532738095238095,1.685828566231713,0.9414924274343303,672
happy,wellbeing,EE,-0.05012498448771063,0.19469474007601334,-0.07961075021392412,0.039242164350751965,7.4381520119225035,7.6889716840536515,1.7960085548506424,0.655833058551906,671
happy,wellbeing,ES,-0.013099162005752629,0.7340749184790497,-0.000775206462880574,0.9839611042588066,7.885925925925926,7.609333333333334,1.5331240270567539,0.5231597675980393,675
happy,wellbeing,FI,-0.03330251105545674,0.3869596451154569,-0.002048873344153548,0.9575632852245578,8.096011816838995,7.710487444608567,1.4710013656049525,0.7000164190205413,677
happy,wellbeing,FR,-0.03169934341010145,0.4133784673212567,-0.02185820899385597,0.5727881998974075,7.474550898203593,7.642215568862276,1.586377241241322,0.7477998924161309,668
happy,wellbeing,GB,-0.03591804955619476,0.3514660588353609,-0.01073860667674348,0.7806376886031562,7.48,7.571851851851852,2.0016610313119942,0.7280570309626181,675
happy,wellbeing,GR,0.006261630294064248,0.8709100145746428,0.00303228956599775,0.9372761752511918,6.7766272189349115,7.524408284023669,1.584775114346078,0.8488312342087269,676
happy,wellbeing,HR,0.056222390038139086,0.1436320413723086,0.03755474458265045,0.3288629240026676,7.587020648967552,7.607669616519174,1.8592917211002729,0.6591477846881019,678
happy,wellbeing,HU,0.022230629098905306,0.5648102237684279,-0.005308434773420281,0.8906690448274105,7.099554234769688,7.444279346210996,1.9602940537552374,0.8275038442966669,673
happy,wellbeing,IE,0.032600663488537,0.39951065431144095,-0.014632606374862545,0.7053796150476768,7.655223880597015,7.637313432835821,1.6372699196718747,0.6502467787020658,670
happy,wellbeing,IL,-0.06712625175575086,0.08138169921792318,-0.03882796192696707,0.31379533700916357,7.4,7.648888888888889,1.9189821733414758,0.7740090502643989,675
happy,wellbeing,IS,0.010719224892384104,0.7802318258049376,0.014838909596776723,0.6993035457894587,8.036764705882353,7.701470588235294,1.5206390033234334,0.8550280373425039,680
happy,wellbeing,IT,-0.05816502856851155,0.13113296326551419,-0.048750969946065315,0.20587417857299126,6.865185185185185,7.647407407407408,1.7527984626929505,0.7288898136749982,675
happy,wellbeing,LT,0.037190607874183886,0.33790862043989406,0.09391172260052029,0.01533434917518767,7.406906906906907,7.575075075075075,1.9461657805685473,0.7303786701937938,666
happy,wellbeing,LV,0.044917695030308395,0.24455087891086286,0.06403427875834469,0.09695298214043925,6.814264487369985,7.488855869242199,2.0593077969457068,0.8061024865231124,673
happy,wellbeing,ME,0.035313533133482344,0.35963659990933694,0.04552604019495249,0.2375147498855049,6.50962962962963,7.5962962962962965,1.9658385935715532,0.7560249991360117,675
happy,wellbeing,NL,0.01956029453737093,0.6127406738256893,0.0019251240450791165,0.960272158906166,8.005952380952381,7.707589285714286,1.2232083771556064,0.6957303195636545,672
happy,wellbeing,NO,-0.08898882417497869,0.02038593730469644,-0.07717027129040864,0.04441345761139919,7.960235640648012,7.730486008836524,1.5351949528355175,0.6399655913697954,679
happy,wellbeing,PL,-0.004888327140281126,0.8990495854453022,-0.02233615452552324,0.5620915987647008,7.556213017751479,7.531065088757397,1.9202098285519018,0.7387152341996602,676
happy,wellbeing,PT,-0.013458397152434099,0.7266796183217192,-0.045775343817871385,0.23425812070353133,7.019202363367799,7.59453471196455,2.0347391155035295,0.795651809787144,677
happy,wellbeing,RS,0.027353477585997647,0.47769974548107746,-0.007423717488473644,0.8472236102424924,7.155325443786983,7.435650887573964,2.223341105567747,0.7735926898515805,676
happy,wellbeing,SE,-0.0036422397512740953,0.9248608921834616,0.01800399935654954,0.6410482441970495,7.726597325408618,7.722882615156018,1.6273764252858554,0.7505628916720142,673
happy,wellbeing,SI,-0.019993415171951426,0.6054340104302122,-0.03676596357451044,0.34200676349719483,7.7522388059701495,7.604477611940299,1.7779885015925398,0.7004019422188554,670
happy,wellbeing,SK,-0.03105727543459587,0.42255947038484204,-0.03800384680995745,0.32635256267541096,6.6442451420029895,7.469357249626308,2.0840606751962065,0.6775062405719825,669
happy,wellbeing,UA,0.011621949809945336,0.7663829199235285,-0.030414154597883925,0.4367596253516306,6.0060975609756095,7.284298780487805,2.628085423268057,1.0928136368773385,656
stflife,wellbeing,AT,-0.03082188183287768,0.4233228974814378,-0.032470577566369736,0.398937463707098,7.706056129985229,7.823190546528804,1.6916542312969522,0.5216126399759586,677
stflife,wellbeing,BE,0.048965157531281576,0.2018806664948137,0.045204695414357204,0.23875840830161274,7.49632892804699,7.841262848751835,1.6995850801264432,0.43387873399019167,681
stflife,wellbeing,BG,-0.008453128871350647,0.8276287439515199,0.020038072556572785,0.605713005747253,6.133633633633633,7.665615615615616,2.22261331201511,0.723527904068884,666
stflife,wellbeing,CH,0.004412625672393165,0.9086264271805583,0.027535457059945586,0.47379222292771733,8.135493372606774,7.892488954344625,1.5541051403292832,0.40671301600168663,679
stflife,wellbeing,CY,0.013258674649419655,0.7309612515211813,0.03370453617731536,0.38195764618916483,6.385185185185185,7.860740740740741,2.3806377258995206,0.40929415544561965,675
stflife,wellbeing,DE,-0.01122606363531619,0.7704556591565692,-0.018252654090283732,0.6351911248477897,7.68141592920354,7.803244837758113,1.799058444333307,0.5338371193080856,678
stflife,wellbeing,EE,-0.04495274199874932,0.24208347762148708,-0.04670487417658375,0.2241986156443472,7.03240058910162,7.85758468335788,1.9982614814974116,0.47398150219794594,679
stflife,wellbeing,ES,-0.02808279626107645,0.465043754529001,-0.0013746055068155822,0.9714793257030631,7.515463917525773,7.816347569955818,1.8199110277070913,0.5864604868324613,679
stflife,wellbeing,FI,-0.03433497533137263,0.37063663412440145,-0.038719930069309794,0.3126391580854552,7.96041055718475,7.879912023460411,1.5696885991035407,0.6332616019986872,682
stflife,wellbeing,FR,0.006764867546553451,0.8616652067014784,0.0017408724318212331,0.9642330148453193,6.785285285285285,7.860060060060061,2.2658948325494124,0.5384433112175168,666
stflife,wellbeing,GB,0.02272296767406432,0.5547516221611698,0.013965555485045725,0.7166139340205836,6.960176991150442,7.813421828908554,2.1970588567517053,0.6054258134517357,678
stflife,wellbeing,GR,-0.04766550499006695,0.2161635945935619,-0.024860641468438877,0.5190561903043462,6.397037037037037,7.824148148148148,1.9395899081969203,0.4344517763481752,675
stflife,wellbeing,HR,0.010150661526323705,0.7914627664460333,-0.004709360069779789,0.9023682140124388,7.283406754772393,7.812481644640235,2.090701576704973,0.42208151223597656,681
stflife,wellbeing,HU,-0.014759637577531955,0.7025192042082777,-0.035476065115524084,0.35850283596382093,6.5788690476190474,7.715327380952381,2.1611044605785086,0.6710448822125477,672
stflife,wellbeing,IE,-0.008071802840923042,0.834193511627615,0.01832222274088511,0.6346566007182122,7.3496296296296295,7.859259259259259,1.833373197420507,0.4797527021673137,675
stflife,wellbeing,IL,-0.034486314389129344,0.37065288848692174,-0.03102298071930954,0.4206474027639105,7.144970414201183,7.854733727810651,2.06695084046553,0.5271514675449775,676
stflife,wellbeing,IS,-0.03526091422885548,0.3603533766051454,-0.029287877954835076,0.4474494479317305,7.802962962962963,7.973777777777778,1.7578961638727604,0.37071161551713944,675
stflife,wellbeing,IT,0.0813464036643969,0.03569178227817627,0.07150113994912023,0.06496310961818386,6.761619190404797,7.907196401799101,1.8684585396057816,0.4677038944031644,667
stflife,wellbeing,LT,0.09026156219948336,0.01991194206287749,0.05343140973055899,0.1687416177573929,7.079699248120301,7.7669172932330826,2.108065385240275,0.620158574322661,665
stflife,wellbeing,LV,0.003907899437133924,0.9195182516645012,-0.007820024056418828,0.8397660709219084,6.320417287630402,7.726378539493293,2.2712053092916156,0.7110881926231184,671
stflife,wellbeing,ME,0.010239851557193626,0.7901277886365953,0.002790040334556922,0.9421925719631524,6.17551622418879,7.8470501474926255,2.180250269984143,0.3838102919019307,678
stflife,wellbeing,NL,0.0063909472852082694,0.8686562727993533,-0.010769196697697419,0.7805074259081284,7.943452380952381,7.925000000000001,1.2231322270396348,0.3145739673335892,672
stflife,wellbeing,NO,0.023769471368129465,0.5363629631718244,0.015458939525609153,0.6876066596875323,7.746686303387334,7.935787923416789,1.6899974883395055,0.34717646057904716,679
stflife,wellbeing,PL,-0.048047097892305775,0.2131863596716706,-0.04911667014971893,0.20316139889503415,7.292719167904903,7.716790490341753,2.0138413615890713,0.7475558064244807,673
stflife,wellbeing,PT,-0.009873437568289905,0.797618289905994,0.0015658033276989565,0.9675623868287521,6.528803545051699,7.863367799113737,2.0368964713546442,0.41085767093520686,677
stflife,wellbeing,RS,-0.09779549047232756,0.011503420757744713,-0.08503551351900718,0.02809080998750106,6.692653673163418,7.688905547226387,2.340399212307747,0.5266157762068687,667
stflife,wellbeing,SE,-0.0023145168411025734,0.952138479494543,0.02524632135734068,0.5125918036006587,7.807407407407408,7.901037037037038,1.8209801722640684,0.6213907944262901,675
stflife,wellbeing,SI,-0.02288901518179734,0.5518619884308023,-0.04523605936778986,0.23947307266053877,7.558997050147493,7.834070796460177,1.9012318629619205,0.4281162830925676,678
stflife,wellbeing,SK,0.04144569249511115,0.2855035043598636,0.07299233315114341,0.059743106435644816,6.315315315315315,7.685435435435435,2.2295971461816437,0.6030607691716237,666
stflife,wellbeing,UA,0.021584488956194667,0.5784640925584957,0.031655141756491915,0.4150846500098469,5.07218045112782,7.447368421052632,2.8098726920808357,0.9814989571654832,665
stfeco,wellbeing,AT,-0.022541980982893985,0.5602506829709488,-0.04057557869861534,0.2942961491905218,5.398507462686567,6.737313432835821,2.1507458668913455,0.8898759290915441,670
stfeco,wellbeing,BE,-0.06841442504284156,0.07547513117956019,-0.04587830077932766,0.23355327380432053,5.1982248520710055,6.674556213017752,2.073264689761317,0.9336526175022211,676
stfeco,wellbeing,BG,0.0036846562018424856,0.9245557262956238,0.0016874568251692163,0.965408181373096,3.0950226244343892,6.098039215686274,2.089035385985177,1.142840217532731,663
stfeco,wellbeing,CH,-0.06259318406381778,0.10498121078666404,-0.0761749839283121,0.048396115496585075,6.842261904761905,6.907738095238095,1.7771860080364688,0.7606959731025457,672
stfeco,wellbeing,CY,0.028443902041785346,0.46031868982502766,0.013574111416343895,0.7246208092697654,3.5828402366863905,6.628698224852071,2.303736400412603,1.0240104559925303,676
stfeco,wellbeing,DE,-0.08241288584177044,0.03190541680486614,-0.04341823350762162,0.2589024316227113,4.837758112094395,6.7507374631268435,2.2867395636797068,0.8497759121319223,678
stfeco,wellbeing,EE,0.022545840515027466,0.5593033196473093,0.023170882205508548,0.548461041656634,3.974739970282318,6.800148588410104,2.2322616185770032,0.8900658626154535,673
stfeco,wellbeing,ES,0.0275067795312317,0.4745799212013965,0.021250522397715767,0.5806937398401593,4.216814159292035,6.541297935103245,2.228832257656058,0.9740682460850372,678
stfeco,wellbeing,FI,-0.007761811207479802,0.8401234993321576,0.0056360252655469146,0.883539605731503,5.656342182890856,6.82448377581121,1.9304478355579293,0.7783191840892272,678
stfeco,wellbeing,FR,0.05326727735557601,0.16909182795791958,0.04751969864993672,0.2199833319380206,3.6706586826347305,6.529940119760479,2.1922395872863505,1.021802210082226,668
stfeco,wellbeing,GB,-0.020082039555437758,0.6041069661490005,-0.01842806019768652,0.6342229558616191,3.1494768310911807,6.67339312406577,2.143452751040814,0.950800480282769,669
stfeco,wellbeing,GR,0.017935157044414268,0.6398551821162691,-0.0020152180379101998,0.9580746526521405,3.4904831625183017,5.932650073206442,2.063041678822249,1.2507486927147704,683
stfeco,wellbeing,HR,-0.07002975439313806,0.07154676899761277,-0.05128775813186279,0.18717790670648596,3.7993966817496228,6.452488687782806,2.208306126798693,1.111769902774284,663
stfeco,wellbeing,HU,0.030577387708628258,0.4287305404668975,0.03348013244159692,0.38619882749653744,4.25,6.267857142857143,2.5420458334526677,1.1120433484228733,672
stfeco,wellbeing,IE,-0.05822325303319865,0.1298915171858184,-0.03078272953473275,0.42356904525742023,5.230088495575221,6.7794985250737465,2.323251616145059,0.8091838343919435,678
stfeco,wellbeing,IL,0.016569348642131294,0.6697369521653014,0.029055139333891006,0.45445385209695366,4.661654135338346,6.700751879699248,2.477875650964605,0.97826501822038,665
stfeco,wellbeing,IS,-0.030172296355598344,0.4338476272693281,-0.020666177344218477,0.591968827487791,4.477037037037037,6.848888888888889,2.295781860984538,0.8212557030380383,675
stfeco,wellbeing,IT,-0.028691460427689375,0.4580987887544803,-0.04018951969471346,0.2985560177895798,4.146050670640834,6.45230998509687,2.129987398980734,1.0459402108444549,671
stfeco,wellbeing,LT,0.03255393530548764,0.398778818377343,0.047764181611651656,0.21555463988110093,4.525222551928783,6.419881305637982,2.4634237329958255,1.0998943556620846,674
stfeco,wellbeing,LV,-0.03506309569225815,0.36773557838866017,-0.03040700830528979,0.4347701733190143,3.5634441087613293,6.4652567975830815,2.1356548657603893,1.0412817267238936,662
stfeco,wellbeing,ME,0.031941824756699363,0.4056230991101531,-0.022164592780392664,0.5639466276839403,4.344117647058823,6.785294117647059,2.4148157296634656,0.8638143151739079,680
stfeco,wellbeing,NL,-0.03623215415341078,0.34583744326956156,-0.06891065335933058,0.07273766021225461,5.8100147275405005,6.793814432989691,1.876925520582071,0.8371305997455353,679
stfeco,wellbeing,NO,-0.0637578842430427,0.09642069986433206,-0.0755888239543954,0.04863678579062144,5.737151248164464,7.0293685756240825,2.1969062717367427,0.6954818774730291,681
stfeco,wellbeing,PL,-0.027811024968167234,0.481444904048213,-0.028988090530051712,0.463078041609941,5.228615863141524,6.399688958009332,2.05962275684059,1.0810459468677802,643
stfeco,wellbeing,PT,-0.04069541779923314,0.2928713161824054,-0.060739112298604486,0.11625057250464518,3.773134328358209,6.521641791044776,2.164227585817726,1.072788993353244,670
stfeco,wellbeing,RS,-0.0013498759902034652,0.9724091563910541,-0.011510089573285408,0.768051728669683,4.139605462822458,5.889226100151745,2.6672493878509727,1.1855984248862779,659
stfeco,wellbeing,SE,0.03350241104526807,0.3848203964735399,0.00783425334951926,0.8390054874407313,4.826666666666667,6.892592592592592,1.9696209097666257,0.8416662178086047,675
stfeco,wellbeing,SI,-0.005822380400428226,0.8810505425602697,-0.010443202221328487,0.7883916808856051,5.251885369532428,6.663650075414782,2.196858215054282,0.9246490040502298,663
stfeco,wellbeing,SK,0.004320154897325336,0.9115264442714575,0.0031365862287822243,0.9357027367386658,3.6686746987951806,6.296686746987952,2.401956352509113,1.056869156776305,664
stfeco,wellbeing,UA,-0.01699518070409215,0.6653845694339882,-0.030818921102310617,0.43280228636420975,2.6615384615384614,4.5661538461538465,2.437994850891083,1.3181530856423977,650
stfgov,wellbeing,AT,0.0485282329769002,0.20863351095488827,0.015189537918513955,0.6940677388690188,3.9955423476968797,7.132689450222883,2.562604999893817,0.8723094962708877,673
stfgov,wellbeing,BE,-0.04903345245912182,0.20562351433536535,-0.035210582338281046,0.36355107559321,4.390718562874252,7.172904191616767,2.180402853679238,0.8712289187624291,668
stfgov,wellbeing,BG,0.045453641633246944,0.2432100241873223,0.02687729317910611,0.4903012308989611,2.729198184568835,6.565052950075643,2.163234977583139,1.2426771705565145,661
stfgov,wellbeing,CH,-0.0128141493435863,0.7415224144465171,-0.05541095171784003,0.15348664415560037,6.621052631578947,7.402255639097745,1.755587149558695,0.8790967918778854,665
stfgov,wellbeing,CY,0.038685311383187315,0.32511781158584663,0.06183280425511423,0.11555920767586998,3.9969183359013867,7.1340523882896765,2.2993537191411177,0.9067965612109868,649
stfgov,wellbeing,DE,0.037012781898936954,0.3398615297822309,-0.005288230012483754,0.891567978778226,3.9640179910044977,7.167691154422789,2.464503687581389,0.8670531400752962,667
stfgov,wellbeing,EE,0.04598305637724401,0.23954815712596125,0.05579729545916192,0.15343733968817377,3.5609756097560976,7.16859756097561,2.273498489687274,0.9997198918812458,656
stfgov,wellbeing,ES,-0.08680466680815227,0.025409642461670396,-0.05180023083517308,0.18280411686243117,3.7390648567119156,6.87526395173454,2.62737684658569,1.0350900312641536,663
stfgov,wellbeing,FI,0.029199746372283494,0.44949330735539506,0.03441782705662518,0.3726717279908696,4.881129271916791,7.292421991084695,2.3662087737438715,0.8807560268322817,673
stfgov,wellbeing,FR,0.021655127371109383,0.5769338675539928,0.01990370866480455,0.6081329102905174,3.7972972972972974,6.9474474474474475,2.407268172189129,1.0213220539259789,666
stfgov,wellbeing,GB,-0.008369086402639522,0.8294427247006527,0.0021786198050675653,0.9552814750883913,2.962406015037594,7.005563909774436,2.4371806711977984,0.9348260368525587,665
stfgov,wellbeing,GR,-0.002796530398742147,0.9420155422250063,0.012600460041568668,0.7431036039143865,3.6524300441826214,6.678939617083947,2.313221422326997,1.087613850904313,679
stfgov,wellbeing,HR,-0.0030069931156928727,0.9384469641069627,-0.004870451505788034,0.9004621799340617,3.397280966767372,6.871601208459214,2.5250679970893124,1.0422875043059978,662
stfgov,wellbeing,HU,0.008660773439684577,0.8229408223494675,-0.014125088100463729,0.7151454930303717,4.479104477611941,6.597014925373134,2.782930959884499,1.1385315784960928,670
stfgov,wellbeing,IE,-0.06682417271392091,0.08461493747563391,-0.05018190553975273,0.19552735985299202,5.0,7.052923538230885,2.332689743931122,0.9478296680999203,667
stfgov,wellbeing,IL,0.07053970612115901,0.07274670218352276,0.059820956104522705,0.1282057993961486,3.8919753086419755,6.989969135802469,2.8901683450551445,0.99160681694756,648
stfgov,wellbeing,IS,-0.11382794046539374,0.0032886423860942426,-0.0893118204070626,0.021255861125580804,4.189473684210526,7.4215037593984965,2.3904070064132275,0.8103644281349275,665
stfgov,wellbeing,IT,-0.0012640933888366447,0.9742604280557348,0.010866512728074635,0.7814956209046194,4.325688073394495,6.913761467889909,2.248575673173851,1.0943374696042218,654
stfgov,wellbeing,LT,-0.05952289852683497,0.12689415266136056,-0.048527978278533855,0.2134518952353095,3.9089529590288317,6.8676783004552355,2.54698617343962,1.0168799857754423,659
stfgov,wellbeing,LV,-0.007118328721166786,0.8565910014526608,0.018795115448520236,0.6332240502218972,3.1839258114374034,6.774343122102009,2.2755643767816434,1.0652505162029882,647
stfgov,wellbeing,ME,-0.02821300690640339,0.4686514155041116,-0.009952671034125395,0.7982610732231985,4.6797583081570995,7.09380664652568,2.4402415375258295,1.0176986045478156,662
stfgov,wellbeing,NL,-0.03552203086920873,0.3585990669666769,-0.0313456069231331,0.41791434605844235,4.594029850746269,7.194776119402985,1.999841592905791,0.9683571500905054,670
stfgov,wellbeing,NO,-0.011968181818506118,0.755923418702935,0.021033954670335947,0.5848348194290555,4.791728212703102,7.508567208271786,2.1646821097060798,0.8160649467569837,677
stfgov,wellbeing,PL,0.048654427648064914,0.23209737878906853,0.07518220833103005,0.06459806796858202,4.482644628099173,6.704132231404959,2.763008896099606,1.0516776800668575,605
stfgov,wellbeing,PT,-0.013877687894880288,0.7207283024365622,-0.027019031215872402,0.48636825366511005,3.59009009009009,6.9474474474474475,2.314743394925834,1.0695095219467792,666
stfgov,wellbeing,RS,-0.09052577709399856,0.022740931924836044,-0.07307638481869046,0.06615265980669412,4.368088467614534,6.470774091627172,3.1894891130536376,1.2258485311623988,633
stfgov,wellbeing,SE,-0.04245430642194677,0.2746563212975723,-0.013930453530870864,0.7201160351779525,4.179216867469879,7.442921686746988,2.1802878000524246,0.8246455721397159,664
stfgov,wellbeing,SI,-0.002776218485597671,0.943464535329398,-0.03144750075939259,0.42168792573721736,4.282442748091603,7.054198473282443,2.4911918507641153,0.8902512738427872,655
stfgov,wellbeing,SK,0.030319183178948706,0.43540383796920595,0.04945331645160048,0.20312431031797104,4.180722891566265,6.603915662650603,2.7855242196033867,1.1167380175379735,664
stfgov,wellbeing,UA,0.0380425787568185,0.33025349525496495,0.03204345628864854,0.4122247891607785,2.547945205479452,5.19634703196347,2.5598743913387643,1.538961100752431,657
stfhlth,wellbeing,AT,-0.042718860618547926,0.26666013152772505,-0.061108150246590984,0.11190011723860122,6.520648967551622,7.565929203539823,2.3558001944270335,0.7085289278900134,678
stfhlth,wellbeing,BE,-0.023604518566868786,0.5413022075862192,-0.012315788874172236,0.7499695998929133,7.245535714285714,7.6555059523809526,1.7667599008234707,0.6203210888868123,672
stfhlth,wellbeing,BG,-0.0019876752625969164,0.9589212712531697,-0.0017653081603505602,0.9635134709980799,3.8694362017804154,7.031750741839762,2.3688513544772563,0.8223661492271518,674
stfhlth,wellbeing,CH,-0.05586192743776979,0.14712052119182198,-0.06684347241019385,0.08267585623252172,6.8207407407407405,7.897185185185186,1.9562384534332324,0.5232639118474699,675
stfhlth,wellbeing,CY,-0.08842373972297125,0.021684389078890066,-0.09223392496684035,0.016611544455692885,5.728486646884273,7.4351632047477745,2.2919566886558584,0.7050619692316955,674
stfhlth,wellbeing,DE,-0.0915731829703005,0.017077481296616903,-0.10051803106767868,0.008815208432933815,5.261061946902655,7.633775811209441,2.3594281269537136,0.6199258233648599,678
stfhlth,wellbeing,EE,0.0022373261109657192,0.9539740335397542,0.012987720401999863,0.7375782222627294,5.751497005988024,7.6694610778443115,2.1554117598648608,0.6001961273503793,668
stfhlth,wellbeing,ES,-0.017047310271187707,0.6572205570468859,-0.012651677965712451,0.7419126175921301,5.605882352941176,7.499705882352941,2.513696346697322,0.621343431649287,680
stfhlth,wellbeing,FI,0.05800944968055641,0.12989066904970514,0.04173249579504983,0.27609875884536217,6.418740849194729,7.871010248901903,2.038572367576149,0.5454503949268815,683
stfhlth,wellbeing,FR,-0.01813685364475038,0.6383373240281631,-0.014335135067106444,0.7102725731924532,5.344213649851632,7.514985163204749,2.416554604466068,0.619613369661075,674
stfhlth,wellbeing,GB,-0.03154043852665747,0.41712980223078655,-0.034478866393173505,0.3750530633632398,4.804216867469879,7.4254518072289155,2.522462643327953,0.724032473936756,664
stfhlth,wellbeing,GR,0.036629701187085584,0.34199915595078484,0.02154018704169401,0.5763951095901922,3.383703703703704,7.255703703703705,1.9939153513624206,0.7084122975322121,675
stfhlth,wellbeing,HR,0.018274439966792764,0.6367995144800839,0.0013040803229477072,0.973122546200324,5.434328358208956,7.332537313432836,2.6183811700763613,0.7101134528685814,670
stfhlth,wellbeing,HU,0.06529910044190289,0.09221953542351913,0.06244055891067914,0.10740960537344772,3.5465465465465464,7.201651651651652,2.486370987464229,0.6325841299609649,666
stfhlth,wellbeing,IE,-0.0061689552634884605,0.8731793235761964,0.0026540411520898947,0.9452501937190044,4.4851190476190474,7.521726190476191,2.4145149718203953,0.5885935111261951,672
stfhlth,wellbeing,IL,0.029703765531902113,0.4430687833560877,0.036414352343694056,0.347007787421507,6.527653213751869,7.504783258594918,1.8838815260281536,0.687837770670688,669
stfhlth,wellbeing,IS,-0.03239575062421673,0.40248174583645074,-0.028955917424904172,0.45430171321731516,5.365671641791045,8.046268656716418,2.08109522151636,0.49521729258842667,670
stfhlth,wellbeing,IT,-0.03517159427007997,0.3651663340837435,-0.07066972433280819,0.06856868778708822,5.081203007518797,7.6117293233082695,2.099058537383947,0.6289795130436346,665
stfhlth,wellbeing,LT,-0.005433523455211166,0.8881923978990024,-0.0012592548803246632,0.974007240482406,4.372023809523809,7.305357142857143,2.3523441862997543,0.7391547860517717,672
stfhlth,wellbeing,LV,-0.0037876042366664234,0.9221040824927723,-0.009001575946103582,0.8162309382595296,4.0926756352765326,7.284155455904336,2.502769158152881,0.6976350639009702,669
stfhlth,wellbeing,ME,-0.021450587678446226,0.5785487246129545,-0.029371697449052863,0.4468270738286273,4.824665676077266,7.447548291233283,2.3168991457234482,0.7123051683080891,673
stfhlth,wellbeing,NL,0.002223219608820104,0.9541268205175575,0.03805659681389905,0.32459462381466214,6.602678571428571,7.841220238095237,1.7837297360708573,0.6410546909957318,672
stfhlth,wellbeing,NO,0.039434590608896376,0.3048549395816169,0.0731421114334671,0.056786521659532456,7.079528718703976,8.07761413843888,1.8687404656636586,0.47051677938391906,679
stfhlth,wellbeing,PL,0.009825947951636787,0.8000376092653917,0.004244715572703987,0.9128690925690858,4.152923538230884,7.221739130434782,2.295184212480535,0.6446532026327862,667
stfhlth,wellbeing,PT,-0.03378919011766594,0.38040867051976435,-0.027116735566139433,0.48152011409805784,3.8550295857988166,7.499408284023669,2.526245317963161,0.6882933949280958,676
stfhlth,wellbeing,RS,-0.00514191493253165,0.8944714931136808,-0.023027940108030612,0.5524203222441463,4.25,7.065119760479042,2.7930224690724614,0.6655106936684406,668
stfhlth,wellbeing,SE,-0.004126860447208582,0.9152155890853697,0.021246011924974145,0.5835879417125989,5.666167664670659,8.022904191616767,2.085343797663855,0.46904088214976664,668
stfhlth,wellbeing,SI,0.03765998831174011,0.3285848347706402,0.026005855193039447,0.49998475118593705,4.722962962962963,7.592148148148148,2.5138176229895697,0.6226777452733732,675
stfhlth,wellbeing,SK,-0.0019533097669416207,0.9597813304923268,-2.3546339422423086e-06,0.9999514975586352,3.8579970104633783,7.172645739910314,2.478503301744324,0.6489390432058656,669
stfhlth,wellbeing,UA,0.041539393193107385,0.2902976403587331,0.04354662189911877,0.2675965802297228,4.275384615384615,6.305076923076923,2.594205393526104,1.1895106827328894,650
stfedu,wellbeing,AT,0.01705279618235893,0.6665185691864672,0.05306734537357814,0.17963454808539828,6.210608424336973,7.681435257410297,2.3233084783324447,0.6746400424059282,641
stfedu,wellbeing,BE,-0.0218891019314074,0.5731129516700684,-0.03532894449192862,0.3630237574093123,5.748872180451128,7.706766917293233,2.0295489046159787,0.6769878681355238,665
stfedu,wellbeing,BG,0.06531413744768196,0.1036540276540739,0.06494280119036586,0.10563689765511948,4.061093247588424,7.401929260450161,2.309986182206144,0.7388654802373763,622
stfedu,wellbeing,CH,0.020832703738156967,0.60057365542026,0.03531512070038043,0.374683760432201,6.66403785488959,7.844637223974764,1.9404401965901001,0.6802875130510148,634
stfedu,wellbeing,CY,-0.07273479262958837,0.06592990115067084,-0.059629471283888937,0.13183329987552547,4.696875,7.71453125,2.249393501982382,0.6445083523402212,640
stfedu,wellbeing,DE,-0.07104974655281651,0.06812988087724578,-0.0953165979158426,0.014298900889442795,4.278787878787878,7.627272727272727,2.2569074649766705,0.6711133717017722,660
stfedu,wellbeing,EE,-0.021674557525913452,0.5774550955104139,-0.03593260909441255,0.3556042499715025,6.374057315233785,7.794570135746606,2.2351334252644004,0.5535663725650934,663
stfedu,wellbeing,ES,-0.00025613628109705185,0.9947557185246685,0.009532253499002878,0.8067544099077956,5.016641452344932,7.6865355521936465,2.3004666667624547,0.6477117840316945,661
stfedu,wellbeing,FI,-0.025978155295591058,0.5001232578240515,-0.005902161468022333,0.8782614290958743,7.238165680473373,7.797337278106509,1.7523128950444162,0.5653385837028098,676
stfedu,wellbeing,FR,0.05851958224830188,0.13612746059336786,0.07018794499221763,0.07374213318833701,4.613846153846154,7.672769230769231,2.1262449030384647,0.6707492021001974,650
stfedu,wellbeing,GB,0.004322002855081352,0.9135110334484067,0.009067924562301996,0.8197406073220831,5.291798107255521,7.4984227129337535,2.265552654698814,0.6924307788022964,634
stfedu,wellbeing,GR,0.006231101733319436,0.8745970877041505,0.0012335950323035022,0.97507468938303,3.8167701863354035,7.532608695652174,2.0317766750340467,0.7183608624903368,644
stfedu,wellbeing,HR,0.013585509114983595,0.7291573448789448,0.01917914918958356,0.6249611984430046,5.854294478527607,7.651073619631902,2.2977842714907943,0.6324181865039774,652
stfedu,wellbeing,HU,-0.015049010153870182,0.7097729985030307,-0.020151290375711596,0.61822863490986,4.063517915309446,7.466612377850163,2.494536542787067,0.7690649751249852,614
stfedu,wellbeing,IE,-0.0787181044104866,0.044019226296881576,-0.07066353967006579,0.07071628987032434,6.859541984732824,7.618473282442749,1.9633795142861146,0.6371362646231374,655
stfedu,wellbeing,IL,-0.014706190876059979,0.706089551537804,-0.023226746382719834,0.5514056145752348,5.2696969696969695,7.6834848484848495,2.0781374946639803,0.5988228017312549,660
stfedu,wellbeing,IS,-0.07548912614766919,0.05221134617618043,-0.05904454059087347,0.12910732788771448,6.362537764350453,7.922960725075528,1.7683513423037205,0.6007697998936231,662
stfedu,wellbeing,IT,-0.02897373895559298,0.4598294913838014,-0.03326257077090758,0.39610750134717765,5.070444104134762,7.715926493108729,1.9763787496272627,0.6945828563113987,653
stfedu,wellbeing,LT,-0.0423713264718808,0.28486035595872605,-0.06423714342501734,0.10473659201121807,4.557120500782473,7.565884194053209,2.2225917197140466,0.6250470520600553,639
stfedu,wellbeing,LV,0.00420791909033875,0.9176667711429369,0.008977520092154663,0.8254441069128455,3.9702970297029703,7.482343234323433,2.2634228984908344,0.7257951724892467,606
stfedu,wellbeing,ME,0.03439459499353008,0.3773066093809739,0.034055143133032144,0.3820358087068869,4.266263237518911,7.648108925869893,2.2566862505965073,0.7072890371386876,661
stfedu,wellbeing,NL,-0.04546106200119735,0.25004932775963107,-0.015348293750965782,0.6979007760442283,6.126168224299065,7.807632398753894,1.6620854022260534,0.5557704680679357,642
stfedu,wellbeing,NO,0.04744961095338652,0.21962768129500293,0.06073795178692054,0.115984490020791,7.332339791356185,7.93070044709389,1.6611847177418473,0.5103811434865766,671
stfedu,wellbeing,PL,-0.031110883018868617,0.4324036571527949,-0.024645234867494748,0.5340286735589733,4.957746478873239,7.461032863849765,2.3839389295111646,0.6372203035208585,639
stfedu,wellbeing,PT,0.03500289883369064,0.37892385668608974,0.07662709352468793,0.053799245093963825,4.386435331230284,7.724763406940063,2.2280430648115725,0.6569848482687596,634
stfedu,wellbeing,RS,0.033406727261887766,0.3951551120659508,0.037342111797071274,0.34183801160219884,4.987692307692308,7.413076923076923,2.8689672522881655,0.6881551744706745,650
stfedu,wellbeing,SE,-0.042790460588826434,0.27711653972369094,-0.044180212598875786,0.2617980770837454,5.211746522411128,7.824265842349305,2.107039185112635,0.5309449288332452,647
stfedu,wellbeing,SI,-0.021509054818613156,0.5835353564475015,-0.005715936878804302,0.8841791264259591,5.521472392638037,7.691104294478528,2.3400275007584392,0.6493153725329802,652
stfedu,wellbeing,SK,0.03394808349915793,0.39609984989469826,0.032301380685156277,0.41942323944389387,5.1913875598086126,7.502551834130782,2.389752314094579,0.7559940635124851,627
stfedu,wellbeing,UA,-0.05528156285225947,0.18179650084202933,-0.07498322643824455,0.06994368641353643,4.48034188034188,6.923931623931624,2.639279144665383,0.9990277441957615,585
imueclt,immigration,AT,0.021953663492448466,0.5714022221800458,0.03616568100460445,0.351036631956838,4.911544227886057,7.659370314842579,2.5171427595271103,0.9347712022194787,667
imueclt,immigration,BE,-0.007365510319877119,0.8485181606002299,-0.05422738267085065,0.15934050079869166,6.2118518518518515,7.626666666666667,2.2096044684067206,0.9219705383527743,675
imueclt,immigration,BG,0.022990842459478245,0.56153221925755,0.005487029427611049,0.8898122631663394,4.428125,7.53203125,2.948354027427594,1.0209797370345088,640
imueclt,immigration,CH,0.0072357206956288455,0.851484565050304,-0.00449286519436167,0.9074527204017263,6.364583333333333,7.717261904761905,2.2296194309244988,0.994979769660631,672
imueclt,immigration,CY,0.029995664420360023,0.4382550707035687,0.025858987948978434,0.5040026168142512,3.6014925373134328,7.706716417910448,2.5937139451165785,0.9739658776472768,670
imueclt,immigration,DE,0.07162240011171829,0.0625315304337271,0.07368995311361756,0.05531187534317734,5.911373707533235,7.6159527326440175,2.3779940400503077,1.089655305201156,677
imueclt,immigration,EE,-0.0077762129552460795,0.841004901724294,-0.0021423217573371322,0.9559264215514188,5.5344311377245505,7.627245508982036,2.347670408633783,1.0615850018941804,668
imueclt,immigration,ES,0.07738034710318828,0.046076658482099096,0.06474480557851084,0.09527160956984404,6.618045112781955,7.714285714285714,2.3805763510171256,0.9028187833634189,665
imueclt,immigration,FI,0.06831738890024826,0.07481191867870415,0.05684367238210885,0.13837639033881977,7.320117474302497,7.671071953010279,2.026375491669379,0.9688684405579885,681
imueclt,immigration,FR,-0.023159496536249744,0.5483596491228638,-0.025424405543928406,0.5099360385504956,5.586053412462908,7.672106824925816,2.6865768643865904,1.0981110407484656,674
imueclt,immigration,GB,0.04792024828803346,0.22279169663417916,0.02421989833463127,0.5379510162609362,6.434514637904468,7.619414483821264,2.560823939103347,1.167324799490675,649
imueclt,immigration,GR,0.03275630282579927,0.3962041140859356,0.034966472370252286,0.36509495382534646,4.080237741456166,7.679049034175335,2.0986344631835148,0.8297613248537341,673
imueclt,immigration,HR,0.013388602764196084,0.7301802655592408,0.003138167981527689,0.9355734190302628,4.996996996996997,7.622072072072072,2.7266421537446814,1.0233848749696286,666
imueclt,immigration,HU,0.040441536682238106,0.298441699545269,0.013409102136182478,0.7303709872919215,3.8220211161387634,7.437405731523379,2.434953950849143,1.1599121866557822,663
imueclt,immigration,IE,-0.05640906213545309,0.14438915923912188,-0.05397041873456376,0.1625811159144841,6.143070044709389,7.6698956780923995,2.61974855683834,0.8717214849420951,671
imueclt,immigration,IL,0.02971351458383903,0.45125028101356,0.02985155708883113,0.4491495426645615,5.007751937984496,7.789922480620155,2.5824783585794435,0.8408112173955488,645
imueclt,immigration,IS,0.026011768769223502,0.5008450854768435,0.02384223967532088,0.537235683535895,7.056547619047619,7.754464285714286,2.1604255219472526,1.043028525702436,672
imueclt,immigration,IT,-0.0006678880620421707,0.9863570264349877,0.009177843008527649,0.814222037628809,4.898176291793313,7.670212765957447,2.5832200038626976,0.9666715243247228,658
imueclt,immigration,LT,-0.04871108582861715,0.21488670484266734,-0.02625534981267138,0.503999882005768,5.021538461538461,7.641538461538461,2.566135530055044,0.9797475080683781,650
imueclt,immigration,LV,-0.021845006299690526,0.5756259430150439,-0.015398187737201058,0.6931678179278915,4.546282245827011,7.613050075872534,2.5418498372225415,1.0044186339975094,659
imueclt,immigration,ME,0.07225811683266033,0.06295925413182475,0.0969016364944646,0.012550770907895173,5.141779788838613,7.621116138763198,2.1176401603470687,0.9389719052012545,663
imueclt,immigration,NL,0.0101251322451764,0.7934789104735547,-0.028415853586117243,0.4624303535908402,6.225037257824143,7.771982116244411,2.1128672511537117,0.7974897779585332,671
imueclt,immigration,NO,0.031332588993458,0.4139545932957301,0.009167984211158347,0.811114171570844,6.357771260997067,7.714809384164223,2.24710739575174,0.9924682777103226,682
imueclt,immigration,PL,0.0016012458481475698,0.9675742309975818,0.01701891048355154,0.6656756262183348,5.542503863987635,7.590417310664606,2.3225176980600994,0.9421835742050136,647
imueclt,immigration,PT,0.045232798692054835,0.2513280991406309,0.024300407692511475,0.5378630486239624,5.69922480620155,7.678294573643411,2.2317756113704443,1.0088860809188276,645
imueclt,immigration,RS,-0.014230242773591086,0.7225432337853842,-0.0034881979041680106,0.9306471559049878,4.8176,7.5328,3.0809605561769127,0.9964501093947556,625
imueclt,immigration,SE,0.009784327624514625,0.7999887801448712,0.002800257885031928,0.9421959908856329,6.946508172362556,7.802377414561664,2.155445172159591,0.8033747607161963,673
imueclt,immigration,SI,0.045420520371981674,0.24355396441060112,0.006826053616577673,0.8609482820286888,5.361573373676248,7.642965204236006,2.607269546947818,0.9254317487068904,661
imueclt,immigration,SK,0.03981115584084293,0.3089903717973931,0.059470011086883,0.1283972084308557,3.4,7.418320610687023,2.604747488744797,1.1339089332556904,655
imueclt,immigration,UA,-0.017375069595787215,0.6631093728090104,-0.04975834234178413,0.2119540723639988,5.23296354992076,7.375594294770206,2.8576698127997124,1.253556307508515,631
imwbcnt,immigration,AT,-0.07622645590002518,0.0517166541815328,-0.054974692859441766,0.16088340760240719,4.409509202453988,6.507668711656442,2.3658025216284972,1.7338066483221477,652
imwbcnt,immigration,BE,-0.025578916442970234,0.5095884291107827,0.011761437048834169,0.761740764782497,5.454272863568216,6.821589205397301,2.043577547513416,1.4201832958309204,667
imwbcnt,immigration,BG,0.0055656137091994705,0.8880704239086112,-0.006094776905137919,0.8775086308394859,3.9937694704049846,5.909657320872274,2.8405288003556577,2.036622622790199,642
imwbcnt,immigration,CH,0.041455818987383916,0.28978461419772733,0.016632309060428316,0.6711568957500688,5.787461773700306,6.9327217125382266,1.8716295634782194,1.4338607834539694,654
imwbcnt,immigration,CY,0.025957518309417095,0.5030194102134737,0.015891568702820637,0.6818167300559556,3.779940119760479,6.750748502994012,2.474654488810043,1.642186362931277,668
imwbcnt,immigration,DE,0.061729756760265465,0.113658771735365,0.061248061582572705,0.11651008779671086,5.378419452887538,6.613981762917933,2.2818099962089504,1.632970497291543,658
imwbcnt,immigration,EE,0.0695713465977807,0.07654522545388666,0.025928904288232107,0.5096461784058479,4.873651771956856,6.6248073959938365,2.1021885440764803,1.738227865539443,649
imwbcnt,immigration,ES,0.012862773739605366,0.7413330030500398,0.050736724926494815,0.19264053093773464,5.925869894099849,6.689863842662632,2.3572478896691873,1.63920809028362,661
imwbcnt,immigration,FI,-0.0036645020145351756,0.9243468095627548,-0.027217977161966365,0.4805371653328777,6.08753709198813,6.5986646884272995,2.082201983218563,1.620443685788147,674
imwbcnt,immigration,FR,0.10547304759617523,0.006897523982027284,0.056674106739631046,0.14737870710797318,5.1679389312977095,6.6648854961832065,2.188210947835746,1.5228596382117807,655
imwbcnt,immigration,GB,0.05968015372082427,0.13090092145698495,0.02123330178655232,0.5912568916852473,6.1713395638629285,6.739096573208723,2.567999594181773,1.5645490874796242,642
imwbcnt,immigration,GR,-0.008649822508219903,0.8240754387963403,-0.04847512397779707,0.21256137456983054,4.177978883861237,6.609351432880844,2.178235688015503,1.6759008134222062,663
imwbcnt,immigration,HR,0.048020037188565484,0.2182884081829337,0.06586566708581415,0.09113090432681435,4.910470409711684,6.331562974203338,2.5323792992276095,1.8441575741411755,659
imwbcnt,immigration,HU,-0.012448141332546882,0.7516053523759881,-0.016288670938353997,0.6787355347929142,3.8397534668721107,6.036979969183359,2.2323845277792898,1.896680205941553,649
imwbcnt,immigration,IE,-0.03542745195374597,0.36132433102374717,0.0028596647816840812,0.9412802763915112,6.087087087087087,6.84009009009009,2.55376736269778,1.4497703186484325,666
imwbcnt,immigration,IL,0.06351400881251149,0.10788172522559285,0.05109624913070585,0.19601656882420565,4.774143302180685,6.7546728971962615,2.491874714454355,1.6158395862039818,642
imwbcnt,immigration,IS,0.06725410822410272,0.08285976836913911,0.04318222355559147,0.26578217218773714,7.042042042042042,7.001501501501502,2.0249655423868003,1.5785205305637542,666
imwbcnt,immigration,IT,0.0036066962139515136,0.9264266388076706,0.025810795455640276,0.5086526226497387,4.572948328267477,6.6109422492401215,2.3657238073769724,1.7258449128836693,658
imwbcnt,immigration,LT,0.004578377802126707,0.9081141907435829,0.010930831068976712,0.7828822213882922,5.2492163009404385,6.47884012539185,2.3080551757082777,1.7625817467455018,638
imwbcnt,immigration,LV,-0.0540900766562395,0.1720532428210086,-0.03417711502282836,0.3884097372726524,4.400625978090766,6.272300469483568,2.4319708810259093,1.9268030754061933,639
imwbcnt,immigration,ME,0.016198558218707804,0.6790173094358289,0.03222384456220778,0.4103133103842836,4.729770992366412,6.622137404580153,2.252816607979409,1.6600306763835835,655
imwbcnt,immigration,NL,-0.01519338757464132,0.6946449312158585,-0.004452059518663044,0.9084260269012218,5.513432835820896,6.85,1.8843145734656952,1.4305940731362885,670
imwbcnt,immigration,NO,-0.027046445040516533,0.4846142235167594,-0.013170722117823589,0.7336352361418575,6.2432835820895525,6.857462686567164,1.9900142250805706,1.493202178287454,670
imwbcnt,immigration,PL,-0.03354428501109244,0.39800225235987197,-0.0503795530584506,0.204144664280688,5.5149136577708004,6.083202511773941,2.0941323837442813,1.9314470847009944,637
imwbcnt,immigration,PT,0.04788534463702377,0.2224147489897099,0.0515822655342393,0.18869416242379222,4.643625192012289,6.640552995391705,2.137331565850224,1.8430281941671052,651
imwbcnt,immigration,RS,0.014986130277106635,0.7104801185931268,0.02449744258436209,0.5439393979552355,4.775974025974026,6.003246753246753,2.9392450818801708,1.9545625200297096,616
imwbcnt,immigration,SE,0.0473402031435227,0.22312657011791023,0.039190960421787914,0.3132792474874972,6.364457831325301,6.8004518072289155,2.11359215605582,1.549490192254912,664
imwbcnt,immigration,SI,-0.0756817688844876,0.05250579461944179,-0.0343150595256557,0.37986356525874837,4.966514459665144,6.445205479452055,2.376608350826967,1.7815224533867513,657
imwbcnt,immigration,SK,0.0126183498667107,0.746823508544029,0.0021265313887994537,0.9566136567720563,3.365296803652968,6.011415525114155,2.3361973894699024,1.9526265860879874,657
imwbcnt,immigration,UA,0.015291862161703723,0.7066882763213789,0.0005492824039190086,0.9892160043085162,5.3256578947368425,5.662828947368421,2.8294519925232136,2.1992510085707324,608
imbgeco,immigration,AT,-0.03506410413631513,0.36881356887933353,-0.04596684284302956,0.23863824552149554,5.608497723823976,6.955993930197269,2.480008950845018,1.1771144874991673,659
imbgeco,immigration,BE,-0.030429174611079128,0.4306287905605632,-0.03373169271828187,0.3822828967737828,5.616641901931649,7.157503714710253,2.1968231969772463,1.0098507420364347,673
imbgeco,immigration,BG,-0.007227306893934096,0.8539737645284189,-0.01746793675642567,0.6564161593280146,3.9662058371735793,6.835637480798771,2.9113191639682783,1.2149157681758267,651
imbgeco,immigration,CH,0.043001387618759865,0.2645701656506476,0.03155760741712482,0.41302895509839455,6.48,7.176296296296297,1.978549659146618,0.9744668638567491,675
imbgeco,immigration,CY,0.00446205623190813,0.9081528936569541,0.013532274997178361,0.7264152435271608,3.69150521609538,7.0774962742175855,2.61828860014122,1.1551120600421219,671
imbgeco,immigration,DE,-0.062398671600218544,0.1073812625481759,-0.08624386033858866,0.025924760543971585,6.050974512743628,7.0,2.2621931433164018,1.0849779616089799,667
imbgeco,immigration,EE,-0.07712648587361852,0.047466276004056875,-0.06582687097843162,0.09083015715302226,5.3993948562783665,7.004538577912254,2.295106704439116,1.1657916963125565,661
imbgeco,immigration,ES,0.04294751870456717,0.2665956278338589,0.019668662333934387,0.6110398132682977,6.35618479880775,7.038748137108793,2.312804020543077,1.062939144321116,671
imbgeco,immigration,FI,-0.017693836459928104,0.6460730961955637,0.0102579929478518,0.7900688350061394,6.541420118343195,7.091715976331361,2.077691110498985,0.9094675768190525,676
imbgeco,immigration,FR,0.05098197513837304,0.1881563455335142,0.03731494533730028,0.3355676655122065,5.369760479041916,7.068862275449102,2.4414183338327295,1.1200987422534734,668
imbgeco,immigration,GB,0.04003221192363087,0.30372928843689706,0.003988719814869668,0.9184124617322206,6.231117824773414,6.983383685800605,2.515801491562191,1.1647996721166676,662
imbgeco,immigration,GR,-0.031249687073866213,0.42179017536253594,-0.0032513763409875505,0.9334052872066889,4.2368024132730016,6.972850678733032,2.1992246715068835,1.1591689596712158,663
imbgeco,immigration,HR,0.03498280911085759,0.3684713668543136,0.019914626568095735,0.6087485656876821,5.009049773755656,6.91553544494721,2.548011991296496,1.2456995419511425,663
imbgeco,immigration,HU,-0.039085239896234705,0.3179021051789225,-0.06349338241887309,0.10447857901413717,3.601526717557252,6.912977099236641,2.5059557416943647,1.1507474599581506,655
imbgeco,immigration,IE,-0.010377523733925195,0.7886060414335423,-0.0333673147618768,0.3885120508763278,5.998507462686567,7.156716417910448,2.654211901550039,0.8597847752026425,670
imbgeco,immigration,IL,-0.07120469687416442,0.06879331555788991,-0.0580873133394944,0.1378346955850314,4.943425076452599,7.117737003058104,2.6756535827128567,0.9616969518535873,654
imbgeco,immigration,IS,-0.021745556425475692,0.5762086727720087,-0.0047244502353972415,0.9033583880736937,6.779788838612368,7.1568627450980395,2.1209105560497954,1.1168080557546562,663
imbgeco,immigration,IT,-0.010913177979430685,0.7800895449164307,0.0005154660691280461,0.9894783833474626,5.143074581430746,7.027397260273973,2.512939377109343,1.199280049092379,657
imbgeco,immigration,LT,0.009907979717542396,0.8016984894264565,0.016429681071986012,0.6770581475903382,5.547286821705426,6.967441860465116,2.5555346561503893,1.1341099604016567,645
imbgeco,immigration,LV,-0.029268637273278653,0.45875863113349896,0.0008392144201317673,0.9830550590908455,4.979782270606532,6.827371695178849,2.635350730504251,1.3579340285160948,643
imbgeco,immigration,ME,0.005992245186637231,0.8781599725729081,0.012610158617983752,0.7469822464289015,4.292237442922374,7.1308980213089805,2.695946146802963,0.9311207924502997,657
imbgeco,immigration,NL,0.017507236123276853,0.6517485599144344,0.05021133722589504,0.19526506659491966,5.764617691154423,7.190404797601199,1.9405755073087037,0.8792046900147402,667
imbgeco,immigration,NO,0.05069611852831611,0.18965161890159418,0.0039233903912632645,0.919200309378758,6.095380029806259,7.084947839046199,2.00815340961686,1.122469275033654,671
imbgeco,immigration,PL,-0.0017812732520494146,0.9635692669490321,0.006389299303630041,0.8698613581475648,5.540909090909091,6.956060606060606,2.437658350031892,1.1580199714547015,660
imbgeco,immigration,PT,0.020605302200909812,0.599452549676237,0.01565120378076246,0.6899669202383217,6.164110429447852,7.053680981595092,2.221055568940401,1.1162266131874725,652
imbgeco,immigration,RS,-0.03441349700668632,0.3930900628732592,-0.015610812945131202,0.6985218544102252,4.631067961165049,6.865695792880259,3.005096560943191,1.1694744908631731,618
imbgeco,immigration,SE,0.021028247538297795,0.5897067457942725,-0.025461499257807177,0.513766797913103,6.013636363636364,7.031818181818182,2.05644081376707,1.1830439752252964,660
imbgeco,immigration,SI,0.05765028280094152,0.13751720595441477,0.10115153393608409,0.009047740652818966,5.505263157894737,6.980451127819549,2.540109444963074,1.2091181346944846,665
imbgeco,immigration,SK,-0.01588556287258463,0.6851124692916709,0.007257165855492156,0.8530423790706294,3.714067278287462,6.808868501529052,2.6929465411641154,1.1362794683328887,654
imbgeco,immigration,UA,-0.046941497729795695,0.24164193677101944,-0.017386517664989623,0.6646682621483782,6.121794871794871,6.591346153846154,2.7805630080332655,1.5364972720913277,624
imsmetn,immigration,AT,0.00844741027009904,0.8264708037929995,0.019685709348850104,0.6093995692445638,2.048816568047337,2.863905325443787,0.7957191513243553,0.5490453532380895,676
imsmetn,immigration,BE,0.008318971783040882,0.8290682609560805,0.012378314787329125,0.7480187661126492,1.8831360946745561,2.8757396449704142,0.7115634861234331,0.5464527090480455,676
imsmetn,immigration,BG,-0.06554609228992354,0.090264618529898,-0.05268578205858983,0.1734768415336324,2.2600896860986546,2.8310911808669657,1.0183528400875712,0.5967894435034825,669
imsmetn,immigration,CH,-0.019605217811141492,0.6127232808608772,-0.005283987877260923,0.8914925073309974,1.8460388639760836,2.9446935724962633,0.6579113237090359,0.42902490433128665,669
imsmetn,immigration,CY,0.0168956184398051,0.6610206822411758,0.025415937586235667,0.5094476595446809,2.3653846153846154,2.9038461538461537,0.8698658900466593,0.4788102539203387,676
imsmetn,immigration,DE,-0.04052380351549563,0.29672880129852885,-0.03748198271743517,0.3344993043301972,1.7593984962406015,2.8857142857142857,0.6958393555503131,0.4959387558657898,665
imsmetn,immigration,EE,0.009523595699357606,0.8047837518570327,0.020509999710001753,0.5944980872185269,2.0502958579881656,2.871301775147929,0.7121068800641306,0.518977990595719,676
imsmetn,immigration,ES,-0.021319111647956558,0.5814443597929092,-0.017307788828794347,0.6544903989483081,1.8926974664679583,2.874813710879285,0.8179645447062829,0.5146863292174886,671
imsmetn,immigration,FI,0.03675956879560214,0.3406485641310011,0.04960227575005542,0.1983902112902195,1.9332344213649852,2.887240356083086,0.6764951510490699,0.5333321575582679,674
imsmetn,immigration,FR,-0.059446547039933656,0.12796414869454853,-0.04809244267317786,0.21829629338518355,1.9497716894977168,2.863013698630137,0.6998937917613459,0.5320107291874837,657
imsmetn,immigration,GB,-0.007342396215789451,0.851336413848287,0.002214269550927406,0.9549290000526756,1.9755351681957187,2.876146788990826,0.7939362099686824,0.5205837957275019,654
imsmetn,immigration,GR,0.05158016509887506,0.179121153496854,0.0709958326493263,0.0642740708533613,2.0676470588235296,2.9044117647058822,0.9391565759078011,0.46810929313349636,680
imsmetn,immigration,HR,0.05541994977212531,0.1497467702707731,0.048549976843889925,0.20707750224920243,2.0,2.8197932053175774,0.9003615315938174,0.6225719357318193,677
imsmetn,immigration,HU,0.02324247584778721,0.5478239885987588,0.030410572964497555,0.43159890248789756,2.8733233979135617,2.871833084947839,0.882865491371537,0.5168469927249524,671
imsmetn,immigration,IE,-0.08788779891213117,0.022396217283818774,-0.07533537887802298,0.05041525963768947,2.08,2.8962962962962964,0.8644649809356623,0.45696187521684184,675
imsmetn,immigration,IL,-0.015295855160404647,0.6940041340662286,-0.02867130981294583,0.46077726739409797,1.8042168674698795,2.944277108433735,1.1299756352710935,0.3703535732903646,664
imsmetn,immigration,IS,-0.002716967108753211,0.9439960146435674,-0.0007007603229782259,0.9855443832871605,1.602086438152012,2.8703427719821164,0.6286173871147425,0.5404804677907884,671
imsmetn,immigration,IT,-0.06591304834547813,0.08635056660916567,-0.06429059904136368,0.09439262989777124,2.1194690265486726,2.864306784660767,0.8343821149870585,0.5373992629159033,678
imsmetn,immigration,LT,0.014241976711158792,0.7124813680560088,0.013413960107649371,0.7285178218024027,1.9181547619047619,2.875,0.7916276803894686,0.5452682245112941,672
imsmetn,immigration,LV,0.005912632278286117,0.8799488231348165,0.012529242152868712,0.7489224165051726,1.9038167938931299,2.8580152671755723,0.9712538461506797,0.5471575421332927,655
imsmetn,immigration,ME,-0.02052870073505686,0.5949846531176141,-0.008908257680606555,0.8175671687088342,2.2199108469539377,2.8306092124814266,0.8429091441983768,0.595980397546968,673
imsmetn,immigration,NL,-0.04185208213067294,0.2786376353353887,-0.044374444037508856,0.2506626329103463,2.0982142857142856,2.869047619047619,0.6922154514393706,0.5327937089795194,672
imsmetn,immigration,NO,0.023515287858446764,0.541329789439261,0.031482588650650345,0.4134476997602077,1.672082717872969,2.8700147710487443,0.6192216475293267,0.5225128460982622,677
imsmetn,immigration,PL,-0.07951921943750173,0.0393220974833981,-0.07085490462562576,0.06640838198074159,2.2723214285714284,2.8601190476190474,0.7751401763248688,0.5416363000064116,672
imsmetn,immigration,PT,0.024259339852302872,0.5301378647988442,0.03270491557982026,0.39729819915350806,2.3824404761904763,2.8541666666666665,0.7993223635448731,0.5748171916143945,672
imsmetn,immigration,RS,0.019002893056303906,0.6263001211485262,0.0264276228391665,0.49824499807470984,1.8831562974203337,2.8179059180576633,0.935619875548736,0.596530890731689,659
imsmetn,immigration,SE,0.0038643547274367805,0.9204714004294751,0.009104985907656672,0.8140212820556022,1.7164179104477613,2.8940298507462687,0.6163194226778166,0.5433056648383289,670
imsmetn,immigration,SI,0.05917052373324506,0.12458944387799346,0.0643851821347438,0.09464067749054826,1.8681481481481481,2.8844444444444446,0.7441813708617433,0.5295239823401701,675
imsmetn,immigration,SK,-0.0027806422967674403,0.9427285371260645,0.016025952793525953,0.6788202730023872,2.6850746268656716,2.882089552238806,0.892210725935764,0.5296656511265921,670
imsmetn,immigration,UA,0.030250180989580034,0.4438250608222259,0.025350719748584476,0.5210797996847815,1.682737169517885,2.8678071539657854,0.888905643978397,0.5232352152505947,643
impcntr,immigration,AT,-0.03582878626348464,0.3541009706512114,-0.03583441734964752,0.35402528622980606,2.761549925484352,2.8181818181818183,0.882540420686507,0.6179143806533247,671
impcntr,immigration,BE,0.029194524223618425,0.44957442137737497,0.04213530179016521,0.27503663239658704,2.087667161961367,2.8127786032689452,0.8163394972487077,0.6272698117113208,673
impcntr,immigration,BG,0.014631165086914066,0.7060391607506191,0.008863829849026644,0.8192611174565487,2.8035982008995504,2.7736131934032984,0.9751194308294462,0.6675844945497238,667
impcntr,immigration,CH,-0.0020408868877915204,0.9581691369268952,-0.003784094361580389,0.9225260168517289,2.1825037707390647,2.8642533936651584,0.7704091624284695,0.5520940709581168,663
impcntr,immigration,CY,0.026497943757591215,0.49449226406788654,0.030412276066745944,0.4329544268390313,3.028485757121439,2.836581709145427,0.7478284584885523,0.6141321256154821,667
impcntr,immigration,DE,0.061430277082923,0.11350041727554504,0.06019442680045479,0.12096028567428668,2.1503759398496243,2.789473684210526,0.8056300441858758,0.6406490447024197,665
impcntr,immigration,EE,0.010621555699926725,0.7839148830989,0.01410895126288804,0.7156607316781263,2.7443946188340806,2.866965620328849,0.8610774129593252,0.5321405483399346,669
impcntr,immigration,ES,-0.022325739246592546,0.5657771974869779,-0.02178244321517274,0.5752726396816775,2.0150602409638556,2.822289156626506,0.878646804766819,0.63225293314144,664
impcntr,immigration,FI,-0.021817403064398805,0.5732172488262253,-0.01968445153096189,0.6112877533245135,2.414050822122571,2.8086696562032887,0.7988651402979762,0.687255363109511,669
impcntr,immigration,FR,0.04741697568731505,0.222376087012248,0.0629461223364994,0.10511218815072257,2.2243975903614457,2.7846385542168677,0.821620331041235,0.6615983585330247,664
impcntr,immigration,GB,0.0114955161560589,0.7693679553440056,0.016330200970722426,0.6770236800772536,2.134762633996937,2.8147013782542114,0.8758351739072678,0.6559997600823942,653
impcntr,immigration,GR,-0.0346783202180202,0.3672831408811206,-0.045666091277116475,0.23503088585643211,3.0678466076696167,2.8672566371681416,0.7752438564718445,0.543598569936063,678
impcntr,immigration,HR,0.01490244463336893,0.6993535363316788,0.010187028967954028,0.7917902459326883,2.2997032640949553,2.8189910979228485,0.9214788332877505,0.6020234749642287,674
impcntr,immigration,HU,0.0011544806307367099,0.9762226911193838,-0.02224418453505652,0.5657365796185098,3.273542600896861,2.8011958146487292,0.7824245520779769,0.6316965126184511,669
impcntr,immigration,IE,0.02966450858377749,0.44469958487491706,0.02819700546710014,0.4675586957586268,2.2522522522522523,2.813813813813814,0.8991404597438064,0.6359090502342247,666
impcntr,immigration,IL,0.0036357510637578822,0.9260616237692442,0.003535330408019201,0.9280982234692984,3.1605504587155964,2.8944954128440368,0.8959174050571415,0.5067993786887103,654
impcntr,immigration,IS,-0.011935773974402555,0.7599096931289836,0.005149280708224858,0.895113569296845,1.8936170212765957,2.86322188449848,0.7847026712888109,0.5808852342853541,658
impcntr,immigration,IT,-0.049508371083069436,0.19991265958726798,-0.043654380260184894,0.25844132238551976,2.267857142857143,2.7857142857142856,0.8818299242648399,0.6632158221427417,672
impcntr,immigration,LT,-0.0040235441705624405,0.917021626191476,0.0010435216500937867,0.9784430036178339,2.429420505200594,2.7979197622585437,0.9119718579202073,0.6483921134915497,673
impcntr,immigration,LV,-0.01714626192359797,0.6606444902060313,0.0074611073027369915,0.8485040996766642,2.790273556231003,2.762917933130699,0.9800582025085189,0.6990047257701439,658
impcntr,immigration,ME,-0.03305175126833345,0.3937266016489478,-0.020655882160990742,0.5940871268271195,2.372754491017964,2.8532934131736525,0.8431611573336216,0.5632721313801458,668
impcntr,immigration,NL,-0.0044745281443751075,0.9074867576141842,0.016855930547021624,0.6615320980840186,2.3220088626292466,2.877400295420975,0.8138974717959836,0.5171957621543752,677
impcntr,immigration,NO,-0.057052580408100136,0.13664150721984836,-0.03945999585177827,0.3034733960319003,1.8284457478005864,2.834310850439883,0.7012974680944986,0.6013654630231468,682
impcntr,immigration,PL,0.029387041656433455,0.449314238562379,0.03524571808651398,0.36415603910384087,2.5278195488721806,2.866165413533835,0.7700486394685641,0.530810816769558,665
impcntr,immigration,PT,0.03160311320094032,0.41409827413423866,0.03348210767678576,0.38688118101227675,2.470149253731343,2.8059701492537314,0.8118175966779573,0.6478389041608819,670
impcntr,immigration,RS,-0.04176997601737446,0.2835681608725508,-0.04236538197415292,0.27675522766233396,2.552193645990923,2.7957639939485626,1.0656121581210132,0.6622140768744581,661
impcntr,immigration,SE,-0.053448028490422086,0.16637648649858242,-0.04200470414152258,0.27688696613432123,1.8303571428571428,2.8169642857142856,0.6826143247633706,0.6889446422130476,672
impcntr,immigration,SI,-0.052295944904825545,0.17539222847620342,-0.043442847199315,0.2604021007120249,2.2035661218424965,2.8291233283803865,0.8283584610789213,0.604237495146806,673
impcntr,immigration,SK,-0.041443705184022836,0.282282796289085,-0.04233813019684477,0.2720164566261181,2.977777777777778,2.7896296296296295,0.8356545318120886,0.6492719129339701,675
impcntr,immigration,UA,0.015445999599450555,0.6978857968257015,0.025270098164905913,0.5253432434130555,2.3848580441640377,2.7634069400630916,1.0768970089151455,0.6390541997022872,634
imdfetn,immigration,AT,-0.019012184259069836,0.6222151354554131,-0.02392341240465446,0.5352421201564789,2.5875370919881306,2.93026706231454,0.8648109255542219,0.3963476492075708,674
imdfetn,immigration,BE,0.028832306809828255,0.4545491880808523,0.03740684864568696,0.3318487402109407,2.066666666666667,2.9214814814814813,0.7875138357787923,0.42691099170037444,675
imdfetn,immigration,BG,-0.008718767136811122,0.8216438110571304,-0.01634979384818147,0.672471661037884,2.7317436661698955,2.9314456035767513,0.9847447278208789,0.4067462771518767,671
imdfetn,immigration,CH,0.033894308235665076,0.3817738301404625,0.040229654857788046,0.29916000363951645,2.1152694610778444,2.932634730538922,0.7140948197121578,0.3832484893761131,668
imdfetn,immigration,CY,0.017746121216865973,0.6453443518739548,0.019302661209182708,0.6166421042555893,2.8903703703703703,2.948148148148148,0.7527273924274933,0.3513120494106424,675
imdfetn,immigration,DE,0.03297331521880215,0.395918231802801,0.03643730040192109,0.3481549400185137,2.081203007518797,2.9398496240601504,0.752120533944728,0.37942963092370724,665
imdfetn,immigration,EE,-0.07431353895392435,0.053099294811916775,-0.06711321162789435,0.08076447835696751,2.4705014749262535,2.9233038348082596,0.8143016595586721,0.42799349691015726,678
imdfetn,immigration,ES,-0.050664310848329425,0.1912606143422777,-0.06010274757527077,0.1209676542046814,2.0209895052473765,2.91904047976012,0.8748282945439865,0.4019998541583231,667
imdfetn,immigration,FI,-0.035830467601422514,0.3526424783789295,-0.032610555050790364,0.3976075565219159,2.311111111111111,2.9407407407407407,0.7956359704213284,0.4452679479196256,675
imdfetn,immigration,FR,-0.048706868124059034,0.21003564432644628,-0.04979700774753312,0.1999982442646642,2.1716867469879517,2.930722891566265,0.7944260104240488,0.3937928133003583,664
imdfetn,immigration,GB,-0.04905410753530223,0.20887095500571812,-0.02380672880546234,0.5421242678092173,2.0410334346504557,2.8996960486322187,0.8107835784332234,0.47040243014437416,658
imdfetn,immigration,GR,-0.023228169704152885,0.545389145037157,-0.021346943218396135,0.5784163952195153,2.8970588235294117,2.958823529411765,0.7965260708304562,0.30903684006557597,680
imdfetn,immigration,HR,-0.06621146655416305,0.08470295696252601,-0.04941810737367477,0.1983970181284816,2.318114874815906,2.9204712812960234,0.9370190503125431,0.42368214763796325,679
imdfetn,immigration,HU,0.0068300712250738095,0.86013730353404,0.022230076168229033,0.5662746521867634,3.2634730538922154,2.93562874251497,0.7603644104993855,0.3837634905561935,668
imdfetn,immigration,IE,-0.003865873666558943,0.9202622537651216,-0.009606635302098663,0.803546332596976,2.2421991084695394,2.9316493313521543,0.889356329338763,0.3717235220543766,673
imdfetn,immigration,IL,-0.012164357944756586,0.7561802542581678,-0.015227981292709874,0.6974912945708501,2.9281345565749235,2.9755351681957185,0.9819366464181382,0.27562698313158074,654
imdfetn,immigration,IS,0.04029010798027118,0.3013563016963559,0.062172202736403406,0.11054482391008814,1.8848484848484848,2.9424242424242424,0.7957097449777982,0.4082088660463521,660
imdfetn,immigration,IT,-0.011260694132273407,0.7700989462528885,-0.021653521316428965,0.5741054390940501,2.363905325443787,2.940828402366864,0.8541656443925186,0.3764023381174174,676
imdfetn,immigration,LT,0.0599844791566471,0.121142688915042,0.047761524928116084,0.2172970315856341,2.3482810164424515,2.905829596412556,0.9122014917933993,0.43614270135941563,669
imdfetn,immigration,LV,-0.05529568974346001,0.15877014590951996,-0.03981071924398084,0.3104832221942044,2.509984639016897,2.8863287250384024,1.0127533679919616,0.5016715530685572,651
imdfetn,immigration,ME,-0.01066979564445219,0.782640717061836,-0.01662374494912305,0.6673100049359053,2.351713859910581,2.9374068554396424,0.8348702008875416,0.3733092990122965,671
imdfetn,immigration,NL,-0.050091339904834546,0.19432825928986477,-0.051828278183188144,0.17928976722511455,2.1679049034175333,2.9539375928677565,0.7237743600574117,0.36099248396678096,673
imdfetn,immigration,NO,-0.031664860615357074,0.4093634602499643,-0.03393251462260622,0.37662604964304575,1.7533039647577093,2.9456681350954477,0.6736152092378931,0.3535320124421125,681
imdfetn,immigration,PL,-0.03367949778082326,0.3830201825988633,-0.016135913490764212,0.676056174048591,2.649331352154532,2.9643387815750373,0.8066337672002105,0.29666833221961125,673
imdfetn,immigration,PT,-0.04904349782614744,0.2045119085746045,-0.04429987895619429,0.25181484565778434,2.5007451564828616,2.9135618479880776,0.811990025875951,0.4106539873038129,671
imdfetn,immigration,RS,-0.06887648975800846,0.07657693476850863,-0.08349333089041987,0.03171998047866195,2.401812688821752,2.921450151057402,1.054575668601822,0.4187644961791639,662
imdfetn,immigration,SE,-0.06554697454468979,0.09050210495984448,-0.0631053403964095,0.10319214851358975,1.7754491017964071,2.9236526946107784,0.6642705926007071,0.4631977494118408,668
imdfetn,immigration,SI,0.030776135313384335,0.4264265666377682,0.04749917295151594,0.21949091427933085,2.2,2.937313432835821,0.8065501651533021,0.38539705260950863,670
imdfetn,immigration,SK,0.00664795849457779,0.8629210624319169,-0.0020990930445772328,0.9565241392108578,2.9955686853766617,2.901033973412112,0.8257923450386621,0.45891768128196186,677
imdfetn,immigration,UA,-0.008958818407511056,0.821043030993019,-0.001969266464615809,0.9603442459708527,2.215625,2.9015625,1.0226264552512103,0.41263009519624094,640
gincdif,values,AT,-0.02444636063938086,0.5288282982543034,-0.012746516679371347,0.7426512346760413,1.8138138138138138,3.33033033033033,0.8730836483475676,0.5663858873811672,666
gincdif,values,BE,0.008673327614587863,0.8208698589036307,0.03036925708378507,0.42778403928828956,2.232456140350877,3.3932748538011697,1.0109499133041553,0.5793026861981873,684
gincdif,values,BG,0.05505760945913153,0.15092022976718433,0.030070066394574452,0.4330281025781579,1.595307917888563,3.281524926686217,0.834555625190917,0.62960166657612,682
gincdif,values,CH,-0.04328225865274786,0.2621699344698717,-0.047116077448965024,0.22219865642834544,2.2303120356612185,3.401188707280832,1.0259299167855094,0.5423700319329521,673
gincdif,values,CY,-0.028683767074584105,0.45922975881988043,0.004909322737420274,0.8992190144735177,1.8817365269461077,3.3862275449101795,0.9209026808351298,0.5952753679918996,668
gincdif,values,DE,0.04340203685255171,0.26014067861775403,0.032873583645595256,0.3938100169454836,2.3214814814814817,3.36,1.012707478480877,0.6035503268432889,675
gincdif,values,EE,-0.005032283958921855,0.89640054365847,-0.012246929273440378,0.751321359311362,2.4613095238095237,3.3229166666666665,0.98800107370282,0.6307177603288474,672
gincdif,values,ES,0.01472724602776549,0.7037754363746186,0.02218763501064052,0.5667250916566863,2.218236173393124,3.3617339312406576,1.014961076127945,0.6196149913330631,669
gincdif,values,FI,0.10030720845012865,0.009009794461301122,0.10224360208618308,0.007759411086222796,2.295420974889217,3.363367799113737,1.0095079100467599,0.5891166808333688,677
gincdif,values,FR,0.03112278862145082,0.41811953489762876,0.06061279977123818,0.1145732419091815,2.09720176730486,3.3490427098674522,1.0777890918387267,0.5699931140729517,679
gincdif,values,GB,0.05363064531458321,0.17072390010440355,0.05296032599887258,0.17614018611747556,2.197247706422018,3.3394495412844036,0.9973587215265853,0.5786426026619622,654
gincdif,values,GR,0.06480865179500428,0.09104422190721313,0.058899304063421594,0.12465014440493354,1.6784140969162995,3.392070484581498,0.8049229842814244,0.6163426050414847,681
gincdif,values,HR,0.03137182766142188,0.4154396474442983,0.004207207355565983,0.9130554143505778,1.9082840236686391,3.3357988165680474,0.9143413816370821,0.5587998629855518,676
gincdif,values,HU,-0.04861102089898881,0.20583475884382685,-0.0733245340333315,0.05617000865660825,1.8350515463917525,3.3240058910162005,0.9293047589984477,0.5782675580531975,679
gincdif,values,IE,0.023612120382836412,0.5402670175801325,-0.02303937488727453,0.550139962138956,2.0933333333333333,3.3451851851851853,0.9691992473216753,0.5999157357395377,675
gincdif,values,IL,0.018448178029429038,0.6348728455815897,0.006129749575966699,0.8746336333178298,2.257142857142857,3.479699248120301,1.031892467946382,0.5515257313160019,665
gincdif,values,IS,0.024357425223691682,0.5254123171041756,0.04210375857046456,0.27219791703144064,2.0762463343108504,3.4208211143695015,0.9800020907225712,0.560868243662297,682
gincdif,values,IT,0.015023474391983104,0.696817657437328,0.00667096547992584,0.8626534230982006,1.8148148148148149,3.3762962962962964,0.8507736502351836,0.5846969601628274,675
gincdif,values,LT,-0.01752604824914036,0.648233484489816,-0.011024285500343758,0.7741444684970452,2.1323529411764706,3.351470588235294,0.9904464378429628,0.5627076993884592,680
gincdif,values,LV,-0.023671430773659685,0.5444228707826051,-0.016315982360241645,0.6761214074210505,1.9407294832826747,3.3054711246200608,0.9433645942897954,0.5511856653372934,658
gincdif,values,ME,0.025967139087221345,0.5035035829728967,0.01857561193975311,0.6322793315951573,2.3633633633633635,3.415915915915916,1.1158907336395691,0.5370362714277402,666
gincdif,values,NL,-0.02306971475958184,0.548725778340533,-0.02093645445036051,0.586299591262617,2.327433628318584,3.3613569321533925,1.0163433561533994,0.5809221412153591,678
gincdif,values,NO,-0.002113023510181516,0.9559773951073249,-0.005019432609485803,0.895670871921743,2.28029197080292,3.4262773722627737,0.9644135429782612,0.6064070768346872,685
gincdif,values,PL,-0.0172523613922098,0.6591651068117418,-0.009933882097287301,0.7995322167412355,2.5945121951219514,3.361280487804878,1.1066352577720366,0.5517169929324713,656
gincdif,values,PT,0.015305658227325113,0.6922845613918464,0.018983124231094547,0.6235255101102266,1.7377049180327868,3.338301043219076,0.74896552097052,0.591236578137101,671
gincdif,values,RS,0.04110813289678743,0.29533902985552146,0.010936025740426875,0.7807922792929044,1.98,3.373846153846154,0.9982573413547066,0.5955088521053886,650
gincdif,values,SE,0.05197020269194026,0.17713254118999078,0.06845956138684108,0.07528212024791661,2.2618343195266273,3.371301775147929,0.8816275567412865,0.591048352271428,676
gincdif,values,SI,-0.041327113095802386,0.2843572271986326,-0.033085324210181066,0.3914743927677286,2.0653789004457654,3.3521545319465083,0.9505037263995256,0.5869860669138649,673
gincdif,values,SK,-0.0005697293854051314,0.9881857656211417,-0.0202264953890431,0.5990631583948355,1.991150442477876,3.3008849557522124,0.8296098125893643,0.608433430483734,678
gincdif,values,UA,-0.02763418751750879,0.48287665452189654,-0.013668163315846475,0.7285838162989153,2.1313755795981453,3.3168469860896446,1.105735872630492,0.6044806483746838,647
freehms,values,AT,-0.07792804768193205,0.043285529409360195,-0.08227435782554583,0.03284010488315854,1.7845468053491829,3.708766716196137,0.867535582136699,0.885496797248956,673
freehms,values,BE,-0.030543759860809108,0.4264948538736837,-0.04770258342714723,0.21410748387792258,1.4779411764705883,4.033823529411765,0.842247080024681,0.8583146643676353,680
freehms,values,BG,-0.06588249003404478,0.0938014286514357,-0.08316886998035262,0.03428409146732579,2.9691358024691357,3.432098765432099,1.2940135113741393,0.8404498921067298,648
freehms,values,CH,-0.07376865373717462,0.05523184210650215,-0.040769129268695234,0.28983860815267604,1.6908284023668638,3.8772189349112427,0.8077248670686074,0.8369337082448607,676
freehms,values,CY,-0.02281394943408758,0.5552309426477587,-0.01707646121819828,0.6588145617884733,2.630402384500745,3.587183308494784,1.1732973000322475,0.8574952908386902,671
freehms,values,DE,-0.05968549336377645,0.11968970634023354,-0.0587572394961198,0.1255633239569952,1.5550660792951543,3.7694566813509547,0.7196659989459486,0.8851758706707916,681
freehms,values,EE,0.0008048211306254145,0.9834229063003296,-0.009207033285051248,0.8121138368819387,2.2600896860986546,3.7787742899850523,1.048769163549076,0.8748469454828314,669
freehms,values,ES,-0.10416731434715878,0.006473843642663008,-0.09427122888197238,0.013782752376116557,1.530791788856305,3.844574780058651,0.7851909168907397,0.9288371827295011,682
freehms,values,FI,-0.09915993176031014,0.009510985948563326,-0.09845898850838473,0.010032741243697817,1.6559297218155198,3.95900439238653,0.8460218141453248,0.972384168999805,683
freehms,values,FR,-0.007382699792496651,0.8479460651250211,-0.022742196024443044,0.5547099279062251,1.382570162481536,3.8522895125553913,0.7594710942971448,0.9875174713873047,677
freehms,values,GB,-0.0914597975571908,0.017381315536540255,-0.10196167264012918,0.00797764447542445,1.6035502958579881,3.8002958579881656,0.7540031233749444,0.9349509322267706,676
freehms,values,GR,-0.030010578983190817,0.43427759887589745,-0.04741625929202423,0.21653455648226594,2.183553597650514,3.538913362701909,1.1669819043746021,0.855104737210938,681
freehms,values,HR,-0.08680848685585145,0.027008122837807357,-0.08129156928097467,0.03841706826018094,2.5500770416024654,3.642526964560863,1.1225951636555536,0.9086911084201222,649
freehms,values,HU,-0.04918853318734829,0.20419168272314914,-0.07744636610128873,0.0454018342237257,2.75,3.393712574850299,1.2542282311334385,0.8566291394064977,668
freehms,values,IE,-0.024294921400943165,0.5267803926759693,-0.04026093739564642,0.2941119608872737,1.6211453744493391,4.016152716593245,0.8209172654880434,0.9462171745160975,681
freehms,values,IL,0.036661772605935665,0.345920490021713,0.035497640654725236,0.3614613585231111,2.779788838612368,3.5716440422322777,1.4717116914584654,0.7127951320632046,663
freehms,values,IS,-0.015317408023609914,0.6896679403638326,-0.04797189425353857,0.2108562087238973,1.3255131964809383,4.087976539589443,0.6722265263751905,0.9313604654640532,682
freehms,values,IT,-0.07851543742451654,0.04203381021872453,-0.0684347751952639,0.07648030472963191,2.0640834575260807,3.7347242921013413,1.0090962495151983,0.9342415904062686,671
freehms,values,LT,-0.054873010795962705,0.15473204209910366,-0.04243235212654267,0.27130657619472254,3.0044510385756675,3.5979228486646884,1.1531896761801799,0.8874534849481983,674
freehms,values,LV,0.026714213363030464,0.5019408191883433,0.027461277294562644,0.49005399528897914,2.4779179810725553,3.580441640378549,1.270761767120689,0.8435214274945756,634
freehms,values,ME,0.0148568540268405,0.7062485468083368,0.006095142275844585,0.8771218691589037,3.3560371517027865,3.5092879256965945,1.172099061287195,0.8781978308721554,646
freehms,values,NL,0.008743834615658943,0.8199601992249385,0.013747426133373897,0.7204582800175664,1.4191176470588236,4.180882352941176,0.6902982969094629,0.8414443982745865,680
freehms,values,NO,-0.023273355489409883,0.5434221200859057,-0.036377976858488446,0.34212147334235515,1.4239766081871346,4.241228070175438,0.6437522504197893,0.875230459858381,684
freehms,values,PL,-0.06280112799470755,0.10913640266977014,-0.07083136113776779,0.0706954686403342,2.312883435582822,3.5322085889570554,1.0848572142599953,0.8696306573674459,652
freehms,values,PT,-0.05146434808132547,0.18334832848381952,-0.07714445714490345,0.04592505575528123,1.8850746268656717,3.8447761194029852,0.9344356715782379,0.9309948681764405,670
freehms,values,RS,-0.05395248144926451,0.1681680726001105,-0.07652877869797703,0.05043824702895752,3.1559633027522938,3.418960244648318,1.343176130706598,0.7973970795982728,654
freehms,values,SE,-0.08531453399081432,0.025882091842439094,-0.08521107943228604,0.026063468438778065,1.3900293255131966,4.060117302052786,0.6437913118215642,0.9622349097088061,682
freehms,values,SI,-0.09172434132731379,0.018967673297944014,-0.09079315985356837,0.020219577858622377,2.359327217125382,3.790519877675841,1.0431414622297743,0.924650692078247,654
freehms,values,SK,-0.06958002628841928,0.07448847686256099,-0.09690953425290827,0.012882345024871322,2.8009118541033433,3.370820668693009,1.2017994200779734,0.8631821034652113,658
freehms,values,UA,-0.05857734119839542,0.14130206265442102,-0.07971202893943127,0.045161125964228346,3.0063291139240507,3.2800632911392404,1.3859006371814477,0.7441571642152346,632
hmsfmlsh,values,AT,-0.05732057091321399,0.14342390558522558,-0.06342088139888685,0.10540986104481347,4.174578866768759,2.900459418070444,1.0391847391431608,0.7120025571387041,653
hmsfmlsh,values,BE,-0.026892601648287724,0.48353633836076787,-0.023921788279670363,0.5331499558149733,4.486049926578561,2.859030837004405,0.9882526724287137,0.7381086325599001,681
hmsfmlsh,values,BG,-0.006250645260764627,0.8749873675835124,-0.0116639295495765,0.7690754646878657,2.790880503144654,2.8238993710691824,1.3228382198049595,0.8420791007412045,636
hmsfmlsh,values,CH,0.007891684714581227,0.8399966978939876,0.008590697741158948,0.8260412460100881,4.334855403348554,2.902587519025875,0.9075662739215997,0.7301912558699029,657
hmsfmlsh,values,CY,-0.0398478012884211,0.3078046337785651,-0.05256351529432167,0.17840788088771886,3.2146118721461185,2.914764079147641,1.1782710864188022,0.7461555823673568,657
hmsfmlsh,values,DE,-0.023796405595315453,0.5377151261619377,-0.020885175556066424,0.5886040050021455,4.462109955423477,2.8974739970282317,0.8841223485341424,0.7153979347552004,673
hmsfmlsh,values,EE,-0.032468985022755054,0.40283271303088214,-0.034214619471774135,0.3780065121363129,3.674174174174174,2.8078078078078077,1.2104158210479992,0.7922551797076072,666
hmsfmlsh,values,ES,-0.062238280533642415,0.10592833344069395,-0.0556543559362296,0.14832991998100903,4.550295857988166,2.88905325443787,0.8954948483656872,0.7370401206053748,676
hmsfmlsh,values,FI,0.03426760918114512,0.3719288515522229,0.026748607605208512,0.4858820328761498,4.4566813509544785,2.86784140969163,0.8427651440462809,0.7689811124356148,681
hmsfmlsh,values,FR,0.04438925983765763,0.24769322629260124,0.020947657188273846,0.585545195480592,4.6308823529411764,2.8705882352941177,0.8549875078437283,0.7185853439042947,680
hmsfmlsh,values,GB,0.006840392396804501,0.8592010455127836,-0.011733214505218022,0.760912041875047,4.383703703703704,2.8918518518518517,0.9046703259890504,0.7217531257007008,675
hmsfmlsh,values,GR,0.05224718540621699,0.18237749201743278,0.03238746437077202,0.4086588991913456,3.4073506891271057,2.8392036753445637,1.329032073576625,0.8122116155613196,653
hmsfmlsh,values,HR,0.03128629885700116,0.4341933453423226,0.023132419237649315,0.5631584173712775,3.2998405103668262,2.8628389154704945,1.2107281256874847,0.7500842835820367,627
hmsfmlsh,values,HU,0.03233196107120688,0.40946285423389955,0.038181520981197155,0.3299714845860835,3.223583460949464,2.9387442572741196,1.305578412763201,0.760962590975038,653
hmsfmlsh,values,IE,-0.002243162701656451,0.9543065334148395,0.007586362460454238,0.8463407376755616,4.323664122137404,2.8732824427480916,1.0400123544511943,0.744482706054895,655
hmsfmlsh,values,IL,0.06358403192188812,0.10214573144962348,0.03480101034344739,0.3713291891943382,3.078549848942598,2.9682779456193353,1.4800311808543212,0.6695606038334081,662
hmsfmlsh,values,IS,0.031932388098720205,0.405415618179761,0.027309830837986455,0.4767743464561123,4.7547723935389135,2.894273127753304,0.6254962614749312,0.7615654013843093,681
hmsfmlsh,values,IT,-0.00453904652233692,0.9074840373261361,-0.002879856141073925,0.9412233532675959,3.882978723404255,2.864741641337386,1.0497440158369957,0.7714088063688543,658
hmsfmlsh,values,LT,0.0067528624443785245,0.8626313304737999,0.02555323408028192,0.5125717205447347,3.080424886191199,2.889226100151745,1.1634880224857849,0.7487715423687066,659
hmsfmlsh,values,LV,-0.01906519768504659,0.6356392011376133,-0.01253875376876613,0.7553485967297535,3.05,2.8830645161290325,1.3978115829126319,0.7198682537642794,620
hmsfmlsh,values,ME,0.003739347389782063,0.9257272733285876,0.01441488590091859,0.7193105206641972,3.0560897435897436,2.8573717948717947,1.1851386187721802,0.7214953369619019,624
hmsfmlsh,values,NL,-0.02944383178984796,0.4430099831337927,-0.0007552431280062755,0.9843045461390267,4.559471365638767,2.834067547723935,0.8692808130284804,0.7917308225846681,681
hmsfmlsh,values,NO,-0.016542356787241332,0.666291812027685,-0.020920750327930608,0.5854746002799494,4.57624633431085,2.8313782991202348,0.7630751513845487,0.7830889777891407,682
hmsfmlsh,values,PL,-0.04554069373593231,0.2466455446831316,-0.034841129602514606,0.3755353873757887,3.8043143297380584,2.9121725731895225,1.1980874160927895,0.7114515641962048,649
hmsfmlsh,values,PT,0.04120992903434561,0.293399378445342,0.02465462119248876,0.5297250484574668,3.9539877300613497,2.911042944785276,1.15378202110718,0.7214515266964056,652
hmsfmlsh,values,RS,0.016063903618102834,0.686899068432408,0.005883638535555681,0.8826420056630173,2.7199367088607596,2.8401898734177213,1.4116499643956977,0.81862160172265,632
hmsfmlsh,values,SE,0.050274527831865035,0.1907211571994202,0.037779187980146796,0.32562065521103123,4.590574374079528,2.9528718703976438,0.7778076708625777,0.7128114387938825,679
hmsfmlsh,values,SI,0.04311984022698142,0.26974199364573914,0.02281945010631892,0.559307363022135,3.7336377473363775,2.9071537290715375,1.1345372201646011,0.7401140912721766,657
hmsfmlsh,values,SK,0.02316245429851196,0.5667460542204259,0.017049556077673673,0.6732869948044906,3.02442996742671,2.8469055374592833,1.2347824441255701,0.8154394330907927,614
hmsfmlsh,values,UA,-0.0287155768942039,0.47755502350350193,-0.02645879344483574,0.5128530765742698,2.511400651465798,2.965798045602606,1.3645596935730617,0.760228521234649,614
hmsacld,values,AT,-0.06890928531400478,0.0784727939368011,-0.06284322317579817,0.10862667456885952,2.3797856049004595,3.0627871362940278,1.219607933824002,0.6674115913189622,653
hmsacld,values,BE,0.015674141341419177,0.6837127455968458,-0.007856373635344312,0.8382024173941008,1.8657817109144543,3.135693215339233,1.156055366910982,0.6805118242669956,678
hmsacld,values,BG,-0.08547172756220962,0.02984332703247465,-0.08535508867636576,0.030068378738626514,3.7554179566563466,2.9195046439628483,1.2284458178393465,0.793201970903418,646
hmsacld,values,CH,0.04517150982044169,0.2440103142323754,0.0275202556288857,0.4779839652802252,2.530734632683658,3.1379310344827585,1.2828973987738685,0.6522199844757356,667
hmsacld,values,CY,-0.009309553880122985,0.8104811855847072,0.004908891842615455,0.899378543621677,3.7837837837837838,3.0465465465465464,1.27489634835343,0.6711644656382101,666
hmsacld,values,DE,0.02252954045910668,0.5592947800996029,0.006287803658202845,0.8705660832823405,1.9821958456973294,3.1439169139465877,1.083296349529511,0.6530759990579874,674
hmsacld,values,EE,0.026362508589952056,0.49832582118990404,0.015060765468857516,0.6989091071054195,3.096676737160121,3.0589123867069485,1.3606823335154044,0.6423086397374986,662
hmsacld,values,ES,-0.0318911493130698,0.40810608034134616,-0.04395200856172123,0.25414412393623376,1.751111111111111,3.1125925925925926,1.0493651229321987,0.6687635996154159,675
hmsacld,values,FI,0.029908296612776476,0.4375422004228268,0.03640143474531705,0.34465941235182124,2.18491124260355,3.0754437869822486,1.194980920148042,0.6453851756769469,676
hmsacld,values,FR,-0.09878376558530805,0.01028508873189081,-0.0844886648428356,0.028285435797964966,2.1379821958456975,3.1572700296735907,1.3376298347150037,0.6255213300959858,674
hmsacld,values,GB,0.03587194612381418,0.3582442773173792,0.009290968934330266,0.8119746509794122,1.993920972644377,3.088145896656535,1.0726825815150587,0.6468369803423333,658
hmsacld,values,GR,0.006646989543736069,0.8635458043427119,-0.0017300039485816897,0.9643225795552149,3.855439642324888,3.0417287630402385,1.2560169485651287,0.7236223087520807,671
hmsacld,values,HR,-0.03403928017548546,0.3833440093433299,-0.024545214890983165,0.5296637425255185,3.5440729483282674,2.9939209726443767,1.254047865699297,0.6711897747167254,658
hmsacld,values,HU,0.028062279344863994,0.4693548474842792,0.030544341895544825,0.4309583398809995,3.36431784107946,2.949025487256372,1.2450929295959665,0.704198974755091,667
hmsacld,values,IE,-0.051725830498045994,0.1867861960876067,-0.05294535851717706,0.17659478778587956,2.0673813169984685,3.096477794793262,1.1531732839340514,0.6748345615574459,653
hmsacld,values,IL,0.07263673473978581,0.062380780052900424,0.07126822159399877,0.06749279886920308,3.0197268588770867,3.118361153262519,1.477667363493776,0.6578585389063836,659
hmsacld,values,IS,0.004302000840391852,0.9107764738722959,-0.007130659737445461,0.8526470559618282,1.5976505139500734,3.0954478707782673,1.0216453287124072,0.7202898603620023,681
hmsacld,values,IT,-0.06792388890276362,0.08308462368155554,-0.0805377048016131,0.039795282890339005,3.1319018404907975,3.0337423312883436,1.2764296173008816,0.6892388427481253,652
hmsacld,values,LT,0.005945037024777534,0.8776552639747559,-0.00825521680784145,0.8307308050853864,3.9078751857355125,3.011887072808321,1.0324268260099034,0.6635771829295088,673
hmsacld,values,LV,0.025977190877821285,0.5138153601314461,0.007978553860645601,0.8410883079956741,3.7539432176656153,2.9858044164037856,1.2999059037253524,0.6917160926564194,634
hmsacld,values,ME,0.02859080172112096,0.467159251070161,0.02046282489268529,0.602819790270997,3.6656394453004624,3.032357473035439,1.130691201001367,0.6693470342525919,649
hmsacld,values,NL,0.04888001864146852,0.2053494453772898,0.027450760601309375,0.47711864303102497,1.8038632986627043,3.136701337295691,1.0423402265822819,0.7022746598519932,673
hmsacld,values,NO,-0.02970129521251654,0.43835691443725483,-0.0670544571678663,0.07991481046958634,1.910688140556369,3.1800878477306003,1.0773269683508253,0.6880304615532122,683
hmsacld,values,PL,-0.04493862162183503,0.2529541020375006,-0.042829638485763044,0.275932518618485,3.6640986132511557,2.9969183359013867,1.3116133087697386,0.6983156948534867,649
hmsacld,values,PT,-0.00019704399434377425,0.9959594741897918,-0.024493854587167494,0.5289619664235725,2.570135746606335,3.0346907993966816,1.2668732400356546,0.684531409193193,663
hmsacld,values,RS,-0.03559716593730108,0.3659996074972152,-0.0022584755655578673,0.9542775347276982,4.060278207109738,2.9629057187017,1.1515564577658222,0.7006296783648519,647
hmsacld,values,SE,-0.03528685525682286,0.35822016209738816,-0.0064068428085116026,0.8675554643826128,1.8191176470588235,3.210294117647059,0.981981608840254,0.6432245044667497,680
hmsacld,values,SI,0.028624243163483682,0.46389403327669015,0.009882588682240687,0.8003961603391669,3.1598173515981736,3.051750380517504,1.2997532470334794,0.6787727526869735,657
hmsacld,values,SK,-0.05486488476008019,0.1630199770030883,-0.060840685447232305,0.12181640167272045,3.935185185185185,2.993827160493827,1.1591166610694303,0.662503458498424,648
hmsacld,values,UA,0.0007181815801826157,0.9857843899579329,-0.019918388784363854,0.6211579864463159,3.627831715210356,2.9190938511326863,1.3072552155331822,0.6760006000551583,618
euftf,values,AT,0.03680964747009639,0.35063820877107194,0.060543255972820266,0.12452985776089474,4.606201550387597,6.852713178294573,3.013936365076494,1.3519067233813058,645
euftf,values,BE,0.013943319167445518,0.7208846617452278,-0.003166710454990035,0.9353318231411649,5.918057663125948,6.884673748103187,2.364753569291824,1.3261659461780007,659
euftf,values,BG,0.018266703047782135,0.6527856177363259,-0.003058979923419883,0.9399486816036248,5.615763546798029,6.701970443349754,2.5974711480689363,1.3609676532057386,609
euftf,values,CH,-0.020082161731693887,0.6087550082466772,-0.004601617623709556,0.9066427714828389,5.067484662576687,6.938650306748467,2.413807782429473,1.1820118834345748,652
euftf,values,CY,-0.04171371968037025,0.29278831726448556,-0.07495149847294945,0.05847444977645026,5.88871473354232,6.95141065830721,2.9784940159338404,1.3197531585049787,638
euftf,values,DE,0.027946343532630216,0.4725311031321093,0.028641273421431527,0.46158620621208196,6.177978883861237,6.885369532428356,2.6466071570337366,1.2565767075072578,663
euftf,values,EE,-0.023022320617655852,0.5555174768685995,-0.01872479257991123,0.6316199578727703,5.753799392097265,6.848024316109423,2.913286495741632,1.2168292451649907,658
euftf,values,ES,0.029885159663383166,0.45147752060688484,-0.011009931125507877,0.7815184915710972,6.249607535321821,6.929356357927786,2.366336366982542,1.272483974585398,637
euftf,values,FI,-0.03401803840519313,0.3796797236212146,0.03778545613133566,0.3291422914922619,5.573991031390134,6.893871449925261,2.0877413245521574,1.1223537559566592,669
euftf,values,FR,0.04409257040765227,0.271823286995984,0.023409557526707737,0.5597530906651464,5.252006420545746,6.853130016051364,2.7116027319953226,1.2311677177812093,623
euftf,values,GB,0.03542473392611273,0.40573508224109345,0.032432484342880555,0.4465643503270612,5.242314647377938,6.699819168173598,2.561394631599881,1.3621234900049333,553
euftf,values,GR,0.027884953180069495,0.48546592928184285,0.03081976794096049,0.4407154583392276,5.135350318471337,6.899681528662421,2.3298545117968743,1.2403888469813333,628
euftf,values,HR,0.06924699474418824,0.08268152131472827,0.06259342124041387,0.11682268360541975,5.354531001589825,6.910969793322734,2.783006778706653,1.1307896375984865,629
euftf,values,HU,0.05645663906812076,0.15305180575874017,0.024970966004604345,0.5276660708410716,4.496884735202492,6.853582554517134,2.7947169262881983,1.124286398828455,642
euftf,values,IE,-0.0255901527758158,0.5281470464449116,-0.01938576272862839,0.6327527948637293,5.245901639344262,6.883606557377049,2.55163901545382,1.145230751354746,610
euftf,values,IL,0.01603059248326998,0.7250004634118483,0.014125562914377112,0.7565804956772009,4.87603305785124,6.946280991735537,2.464052942125316,1.2986721246487896,484
euftf,values,IS,0.004419476804411921,0.9119177007558732,0.006591692168346777,0.868950471487304,5.786963434022257,6.869634340222576,2.3847488818641933,1.2889226824626223,629
euftf,values,IT,0.06937544693981722,0.0764694402909033,0.05104972842255435,0.1926198015474094,4.76416539050536,6.977794793261868,2.70641180005921,1.2177924463914964,653
euftf,values,LT,0.019750127409002203,0.6166055576844393,0.007793016976707113,0.843407189399714,6.097674418604651,6.761240310077519,2.766493877111067,1.2800615084648548,645
euftf,values,LV,-0.04241275268246188,0.30537589883944,-0.029313193308677373,0.47879974274297354,4.7679180887372015,6.685153583617748,2.666806682243496,1.3121137355443808,586
euftf,values,ME,-0.061122392028533895,0.11587452259492487,-0.04859931569807754,0.21139066906550896,6.069381598793363,6.927601809954751,2.51905380933867,1.2132979741743954,663
euftf,values,NL,0.045150214820638024,0.24745259452721596,0.04199447153376292,0.2820847158732154,5.612462006079028,6.999240121580547,2.312094404448907,1.1125748790909111,658
euftf,values,NO,0.054767582953504604,0.17460531317878772,0.03365104846292397,0.4044293080895488,5.196428571428571,6.9691558441558445,2.1035131832158394,1.153583290531478,616
euftf,values,PL,-0.005045326901891511,0.8982378614524451,0.001902720525981927,0.9615334046732679,5.693023255813953,6.786046511627907,2.733851117505879,1.166612670108169,645
euftf,values,PT,0.003179193926602827,0.9383684533587202,0.011821755429137435,0.7737108759639562,6.254208754208754,6.767676767676767,2.256194201167141,1.4295952763624977,594
euftf,values,RS,0.05535140016644725,0.1760862534899851,0.05187277922277169,0.20488336859116058,4.76126878130217,6.73873121869783,3.5440046495544975,1.220204377123023,599
euftf,values,SE,0.06497946787011907,0.09971284669823323,0.03605118897794217,0.3614087665299394,5.177293934681182,6.94556765163297,2.081586866012934,1.1309128916706932,643
euftf,values,SI,-0.0010012260915993143,0.9800225215460832,0.015421659796723804,0.6997050263724622,5.654458598726115,6.820063694267516,2.525158107994926,1.290788860001524,628
euftf,values,SK,0.03409975274136302,0.39097907774024426,0.006094816318070567,0.8781748289314097,4.2062992125984255,6.754330708661417,3.039169840148897,1.1899126432899052,635
euftf,values,UA,-0.018462397212257665,0.655589263461115,0.005731864746158017,0.8898779678183343,6.401023890784983,6.469283276450512,3.3263412269944004,1.427415989999471,586
atchctr,attachment,AT,0.04439379657155144,0.24799410827498197,0.03373770175320427,0.38007691114749026,8.365243004418263,7.6620029455081005,1.8543657070208754,1.0359893138437244,679
atchctr,attachment,BE,0.00021640950436876432,0.9954990013481555,-0.01868653336454528,0.6261530324449711,6.357771260997067,7.568621700879766,2.4213634986984593,0.9984779197554144,682
atchctr,attachment,BG,0.016380232161564614,0.6698259118608659,-0.0125672846765407,0.7435735847312797,8.00294117647059,7.780588235294118,2.351947182403862,0.9571864181216977,680
atchctr,attachment,CH,0.08105460642954271,0.03431490267119243,0.07097013449557373,0.0639783678764853,7.803519061583578,7.750439882697948,1.8352365855368886,1.0064876687592603,682
atchctr,attachment,CY,0.02550175171213097,0.5055096920576831,0.04403621197164459,0.2500829691978811,8.244152046783626,7.821637426900585,2.118117692568382,0.9835690872841685,684
atchctr,attachment,DE,0.0262368919199926,0.49363180324169137,0.019398376604987,0.6127995062476025,7.149341142020498,7.595607613469985,2.258502086938733,0.8845752355076013,683
atchctr,attachment,EE,0.011066093423986605,0.7731486211963978,0.03616013007216496,0.3460858896685615,7.866372980910426,7.754038179148312,2.1539430126763173,0.9326995883292867,681
atchctr,attachment,ES,0.06873125188831984,0.07264191281674341,0.08657424679337555,0.023656666371833144,7.720351390922401,7.751830161054173,2.3265606232852343,0.8307552408698196,683
atchctr,attachment,FI,0.06420375811954504,0.09362564403000743,0.07027467287487912,0.06643418318180239,8.64860907759883,7.821083455344071,1.5543271255534528,0.9603399311429125,683
atchctr,attachment,FR,0.010235826729983228,0.7902083559795506,0.027079497236051134,0.48147282462758445,8.125368731563421,7.774778761061947,1.7275009305403823,0.8807801000584788,678
atchctr,attachment,GB,0.04820588016966389,0.21235863853146858,0.039833602634242356,0.30285910766790625,6.612518628912071,7.57451564828614,2.6875208693440706,1.0353989912219455,671
atchctr,attachment,GR,-0.03028057052765222,0.4298131265164937,0.013823868169554625,0.7185726324124734,8.771260997067449,7.855571847507331,1.6041048278986314,0.8474058426935919,682
atchctr,attachment,HR,0.028623124365745174,0.45682897334650674,0.03285093076506806,0.3930834353894933,7.797935103244837,7.744837758112094,2.3006379916456785,0.9318402974548254,678
atchctr,attachment,HU,-0.004671462408160382,0.9034345119995624,-0.0055200697525267,0.8860030255616922,8.18463810930576,7.614475627769572,1.937606739314725,0.949445601895322,677
atchctr,attachment,IE,-0.012132899596195849,0.7516114113644752,-0.01849423463399134,0.6294584403090914,8.0497803806735,7.669546120058565,1.9443532298655042,0.9736307471593647,683
atchctr,attachment,IL,0.01682374429540706,0.6664008554809501,0.020568370073710467,0.5981492303961231,7.5402124430956,7.962822458270106,2.985701581967337,0.6878661227139584,659
atchctr,attachment,IS,0.05907764908426034,0.12434391575066064,0.048153585676840714,0.2104763039467544,8.134218289085545,8.133480825958703,1.7573589253356139,0.9796074223867339,678
atchctr,attachment,IT,0.05678219424141054,0.13938748734118867,0.03138821658049943,0.41415893525598774,7.840942562592047,7.846833578792341,2.1488907053774815,0.9967281964667517,679
atchctr,attachment,LT,0.0182173363823322,0.6355959872410698,0.013918498739948777,0.7173278482152607,7.780559646539028,7.7147275405007365,2.3285781890456225,0.9038044178119132,679
atchctr,attachment,LV,0.024399438307951878,0.5274564199944027,0.011706729415148272,0.7617796249707225,8.166419019316493,7.69405646359584,2.2669208551352757,1.037565420954023,673
atchctr,attachment,ME,-0.0016294257841666603,0.9661701978183749,-0.0009004136989879662,0.9813019121697736,7.436764705882353,7.815441176470588,2.507508865465334,0.7879690600138527,680
atchctr,attachment,NL,0.05116490302372804,0.18329852571846808,0.034102405975186524,0.3752982800663192,7.025073746312684,7.67212389380531,1.951620826338244,0.9345044592361402,678
atchctr,attachment,NO,0.04001610979122724,0.2984883637227739,0.05139861566291739,0.18162651614151817,8.416543574593796,7.802806499261448,1.702997145638849,0.8706461142674778,677
atchctr,attachment,PL,0.025218483752551972,0.5118064665808212,0.035112976832746993,0.3609497713517097,8.31516936671576,7.653608247422681,2.0554818265115395,0.9511432802259081,679
atchctr,attachment,PT,0.11692150805397562,0.002209203087441162,0.10071596198123745,0.008438124377483903,8.38506588579795,7.789897510980967,1.94187066747533,1.064007455948239,683
atchctr,attachment,RS,0.06366690038403951,0.09665218826996871,0.023130853123087335,0.5464835288722508,8.029325513196481,7.6851906158357775,2.717597380206394,0.8478186792024653,682
atchctr,attachment,SE,0.009902501626277848,0.7964477769666076,0.04353330108317179,0.2565870242826469,7.831130690161527,7.8616740088105725,2.1569245634933196,0.8738939998565212,681
atchctr,attachment,SI,-0.010519161805505762,0.7840761010053907,-0.00019595980452131662,0.9959273211779549,7.819383259911894,7.727606461086637,2.2481312962001687,0.8708692399750169,681
atchctr,attachment,SK,0.0689888345164595,0.07262411310792616,0.07721668156550075,0.044442520983913124,7.558997050147493,7.632448377581121,2.3813468000210736,0.860460987105001,678
atchctr,attachment,UA,0.06667752550542369,0.0855367061004902,0.06731313801561997,0.08258957223767244,8.393393393393394,8.033033033033034,2.2326796775966944,1.1045179081542742,666
atcherp,attachment,AT,0.007595438500495118,0.843391448073374,0.02142129200827792,0.5773747054196147,6.472754050073638,7.499263622974963,2.462475296711023,0.9255068226534071,679
atcherp,attachment,BE,-0.07783075973969597,0.04308097939429776,-0.03757898426028454,0.3292676912074957,5.785502958579881,7.387573964497041,2.4434031910565452,1.0345552784413108,676
atcherp,attachment,BG,-0.013043787088666102,0.7359161640125343,0.04217428970013574,0.27530927553832074,4.578241430700447,7.346944858420269,2.755088189635496,1.097059323665514,671
atcherp,attachment,CH,-0.05778724027514969,0.13250897445160617,-0.049915839646251195,0.19390900385317988,6.101620029455081,7.529896907216495,2.2849992473574665,1.033925341489936,679
atcherp,attachment,CY,-0.08992230376998986,0.019547741194179617,-0.061731214577844036,0.10933526954564295,5.210682492581602,7.543026706231454,2.6376187778592306,0.9623308021865352,674
atcherp,attachment,DE,-0.008600207070883532,0.8232543024479239,-0.001183251578243352,0.9754845430830263,6.5539143279172825,7.457163958641064,2.4029327886423038,0.9975990072623443,677
atcherp,attachment,EE,-0.011440475269488482,0.7673771651011433,-0.012688340128561192,0.7428549992791337,5.748137108792847,7.584649776453055,2.6419224036945654,0.898449653650928,671
atcherp,attachment,ES,-0.01780163506519688,0.6440651522171149,-0.016173636819356244,0.6746580321948987,6.673076923076923,7.518491124260355,2.2844887587573917,0.9440016171884653,676
atcherp,attachment,FI,-0.03968411878751707,0.3003777287303902,-0.044465780117324154,0.2458346702606439,6.904831625183016,7.610541727672035,1.9225525461538682,0.9189309895627794,683
atcherp,attachment,FR,-0.009177099734413295,0.8118879609601445,0.003000179950841747,0.9379850246648782,6.151111111111111,7.492592592592593,2.4677704911184137,0.9332014413898593,675
atcherp,attachment,GB,0.04284429632166226,0.2724511721938456,0.01508166795851419,0.69938265236339,4.706686930091186,6.920212765957447,2.7582422704298466,1.237762729955265,658
atcherp,attachment,GR,-0.03601163972780455,0.3512885789274052,-0.04217301756748553,0.27496499613017455,5.2038690476190474,7.543154761904762,2.4198231083125443,0.8792597075046007,672
atcherp,attachment,HR,-0.08165082392904072,0.03419158259524285,-0.04127474839009705,0.284968404588799,6.014858841010401,7.474739970282318,2.698062414225511,1.0250367150035926,673
atcherp,attachment,HU,0.04840874214734806,0.2087409617922012,0.00030433097944026837,0.9936984036619485,7.252958579881657,7.333579881656805,2.3424406653903582,0.9989088392666385,676
atcherp,attachment,IE,0.018523450997195618,0.6301803941995584,0.02323079347194521,0.5459375273962321,5.942477876106195,7.217551622418879,2.399765078719184,1.0295925221819369,678
atcherp,attachment,IL,-0.022699467860122478,0.5616745520697077,-0.05450638947040002,0.1631911230404011,2.4435975609756095,6.724085365853658,2.361236934791392,1.487125128191982,656
atcherp,attachment,IS,0.040404466928909595,0.29561614374776696,0.028562444474534446,0.4597882651095332,6.287202380952381,7.508928571428571,2.191152083328426,1.0315055110524072,672
atcherp,attachment,IT,0.041940998385013674,0.2779759378894621,0.05603033363815523,0.14710757198929644,5.764530551415797,7.53070044709389,2.2825737722049104,0.9892312489329638,671
atcherp,attachment,LT,0.00043181796435393165,0.9911722636292468,0.012760951594335096,0.7436847298059968,5.867981790591806,7.414415781487103,2.7248475085693635,0.9740969242044074,659
atcherp,attachment,LV,-0.006994555282372673,0.8569114346532241,0.014765988355409035,0.7034578234067851,5.232383808095952,7.469865067466266,2.822842397977881,0.9756066010560466,667
atcherp,attachment,ME,0.0006535015788463297,0.9864889512578131,0.007207026136096072,0.8518484932159814,4.870919881305638,7.480712166172107,2.408433063468632,0.7759854571179793,674
atcherp,attachment,NL,0.0005919875234438476,0.9876879546516938,0.0038652029048353766,0.9197445627497655,5.816715542521994,7.455278592375366,2.1521049501178964,1.0486590255819952,682
atcherp,attachment,NO,-0.11683959372562397,0.002275825037199086,-0.07119450906597222,0.06352985390489942,6.672058823529412,7.5239705882352945,2.1339078624233783,0.9962368659587851,680
atcherp,attachment,PL,-0.03589948430274778,0.35423396170319726,0.0018106142355554964,0.9627451736501637,6.87874251497006,7.452095808383233,2.34925684243188,0.9844876793576403,668
atcherp,attachment,PT,0.03678294246111457,0.3403414230119579,0.01677987195146431,0.6636692637118694,6.749258160237389,7.517062314540059,2.1990895823507834,1.0081788735064965,674
atcherp,attachment,RS,0.03063677209863709,0.43130552490782564,0.019074129413359,0.6242172273450712,3.5332326283987916,7.2534743202416925,3.0559009858572694,1.007090602272328,662
atcherp,attachment,SE,0.02432178926170954,0.5254102630407992,0.038080394774359407,0.3199937660515798,6.612573099415204,7.529970760233918,2.2279772622998375,0.9711320765605216,684
atcherp,attachment,SI,-0.01685130160713471,0.661619273990289,-0.02590590000041302,0.5009989959341137,6.004431314623338,7.501624815361891,2.6655224478892268,0.8564307837943613,677
atcherp,attachment,SK,-0.02285342497884823,0.553954852490801,-0.015834102125872985,0.6817808327609409,5.974739970282318,7.391530460624072,2.804803113446752,0.9598190271707392,673
atcherp,attachment,UA,-0.06451196119420811,0.10325654027079087,-0.051816993183645715,0.19081649352156738,5.632237871674492,7.122848200312989,3.1539833747629924,1.4299781967096346,639
health,health,AT,-0.2523153708858716,2.3779333276946377e-11,-0.2548671307356993,1.4725618731183906e-11,2.0998531571218795,3.734801762114537,0.9292707334531298,0.47896978634584514,681
health,health,BE,-0.05244661628935311,0.1706584219115304,-0.06584188278902231,0.08530407904170473,2.0935672514619883,3.7534356725146205,0.8452881164804137,0.5703565787254913,684
health,health,BG,-0.11217010320792495,0.003308289993321514,-0.12742586539828796,0.0008373356845467537,2.0482456140350878,3.6749269005847953,0.8787451911040509,0.5647820506889569,684
health,health,CH,-0.041242222424728456,0.2814313260988557,-0.03649750599588536,0.34053670101613687,1.878654970760234,3.7945310724573096,0.7409071668089345,0.5032976315160999,684
health,health,CY,-0.059342024266593435,0.12156297030427116,-0.07172594633171041,0.0611916539513447,2.038123167155425,3.7688416422287387,0.9792328185138431,0.5316770144740693,682
health,health,DE,-0.10825514740385384,0.004591256355453571,-0.12885084924096707,0.0007306456922115665,2.31140350877193,3.7906432748538013,0.8831189343283397,0.49937019919144565,684
health,health,EE,-0.06175321695563234,0.106604990637008,-0.08393028701537728,0.028169273922563822,2.371345029239766,3.7047514619883044,0.7931610706543846,0.5801146675014133,684
health,health,ES,-0.0009315761991072847,0.9805979007866112,-0.011778290102541803,0.7584708085314682,2.283625730994152,3.7440789473684206,0.9581098768644156,0.5762928933126267,684
health,health,FI,-0.04835378011532884,0.20657433618723808,-0.06737116965688096,0.0782785457437908,2.257309941520468,3.719956140350877,0.8266369361134276,0.582863003329583,684
health,health,FR,-0.04111963671324202,0.28392714163539073,-0.04518997454044272,0.23891152842994592,2.198237885462555,3.786490455212922,0.8979043292599482,0.4730310774953482,681
health,health,GB,-0.08943810327170257,0.019397384147205942,-0.08112692777931568,0.0340225420515437,2.234260614934114,3.6929721815519767,0.9660803758922334,0.5561984319520666,683
health,health,GR,-0.10602026867480464,0.005615469137472719,-0.09867148752583359,0.009980956739829664,1.6637298091042585,3.7277648968235573,0.8007295628187305,0.6184168244882357,681
health,health,HR,-0.15572111339186484,4.3107008562283084e-05,-0.18003637920864607,2.1506862625135835e-06,2.1271929824561404,3.7174859100168542,1.0699777713693281,0.5634832233725414,684
health,health,HU,-0.17514042500562538,4.272902800635902e-06,-0.17285853571074444,5.710884310933236e-06,2.2085168869309837,3.672393538913362,0.956702825929182,0.5264210439254919,681
health,health,IE,-0.04420898178192398,0.248575092609366,-0.015094956043556011,0.6937320459227048,1.938506588579795,3.77584187408492,0.8384258367644577,0.5148404515012924,683
health,health,IL,-0.19528280065304518,2.977014912129263e-07,-0.16639043764903638,1.3310027144904427e-05,1.7345132743362832,3.816076696165192,0.984527561333808,0.41952840515905704,678
health,health,IS,0.018674465164464686,0.6263760259966079,0.001547349545087295,0.9678259453961284,2.0175953079178885,3.8241202346041057,0.9066477088679886,0.4822635720467522,682
health,health,IT,-0.10878931699276269,0.004364324262137654,-0.14382835336801594,0.00015864670521243844,2.1708029197080294,3.7681021897810214,0.8592598970926647,0.550804213799824,685
health,health,LT,-0.2017003291480959,1.0361103691800989e-07,-0.18622600396432865,9.366584289935847e-07,2.3932748538011697,3.7177631578947374,0.8109870207166342,0.5099976712138989,684
health,health,LV,-0.09518132842174747,0.013091690237049107,-0.09758541078540693,0.010951770192852787,2.783505154639175,3.6126656848306333,0.8354032620382373,0.5367759582604786,679
health,health,ME,-0.027744311537907174,0.46913418064714296,-0.027773469333438824,0.4686670353286743,2.103953147877013,3.7544655929721817,0.8728717951808203,0.5368719544875672,683
health,health,NL,-0.09293328915878195,0.014969251026035036,-0.10620125288580974,0.005396703943308815,2.1343065693430656,3.7922020037831956,0.73512917632062,0.5046616773060758,685
health,health,NO,-0.0024179901373881972,0.9496316351923973,0.006242579251092549,0.8704498351974488,2.013138686131387,3.8040875912408763,0.8941670564777502,0.5320208009725137,685
health,health,PL,-0.09711123742862654,0.011227018835272261,-0.10454186359696162,0.006321996588355076,2.1997063142437594,3.693685756240822,0.8196483654797349,0.4922081828081361,681
health,health,PT,-0.05527657886928036,0.14900066727289318,-0.06504284282132437,0.08940732363426232,2.4729136163982433,3.715812591508053,0.8965957954319043,0.5297999733365224,683
health,health,RS,-0.15019008154426533,8.138338152911228e-05,-0.16148027043536925,2.2322356181285445e-05,2.3865300146412882,3.6816251830161058,1.0260221826350007,0.5100053131326544,683
health,health,SE,-0.023236588436062244,0.544650784547274,-0.029099925749860988,0.4480230782299891,2.0791788856304985,3.7714809384164223,0.8462791846714381,0.49359004946839596,682
health,health,SI,-0.1863135003764477,9.601255566157077e-07,-0.17800080647621333,2.9054963155652008e-06,2.1803519061583576,3.7269794721407625,0.8977183638026734,0.550635166162938,682
health,health,SK,-0.11506025954805661,0.002618491327700128,-0.13530214545570657,0.00039521715300918855,2.3944281524926687,3.674926686217009,0.8796098011728509,0.5202242348536742,682
health,health,UA,-0.08135416405629582,0.033915843422862184,-0.05409470261742446,0.1588192504968885,2.751470588235294,3.5319852941176473,0.8675108954778893,0.5455764268055597,680
rlgatnd,religion,AT,0.03724744058765894,0.33212425779007315,0.03817134716066559,0.3202628420525153,5.411764705882353,3.429411764705882,1.2938656004306714,0.6956754324916422,680
rlgatnd,religion,BE,0.0025783232214050054,0.9463752943653228,0.007243037165161477,0.8501341745603266,6.168374816983895,3.430453879941435,1.3306872609967235,0.6401138087239552,683
rlgatnd,religion,BG,0.025849697885055357,0.5009791385658311,0.028567847860439918,0.4570340503129689,5.302941176470588,3.3279411764705884,1.2586046213962852,0.6991148597398503,680
rlgatnd,religion,CH,-0.03347003230684255,0.38281824151777455,-0.031578650962564445,0.41029583685884596,5.717008797653959,3.3812316715542523,1.322116566083751,0.6445066245800722,682
rlgatnd,religion,CY,0.0893553152628267,0.019510430795749493,0.03995508655612968,0.29708693507813577,4.320644216691069,3.431918008784773,1.3874061309002539,0.6671867090286899,683
rlgatnd,religion,DE,-0.000724655517328932,0.9848958195098476,-0.025987928276977292,0.49711148242773306,6.0510948905109485,3.3547445255474453,1.2218835993892017,0.6869683806278231,685
rlgatnd,religion,EE,-0.03983948932067605,0.29848786324444526,-0.030376408102888434,0.428014409402489,6.007320644216691,3.301610541727672,1.086415314576434,0.6608758833123214,683
rlgatnd,religion,ES,0.02516038190199515,0.5115361276063698,0.03784418836908435,0.32336212669197856,5.844802342606149,3.4187408491947293,1.5170338053076198,0.667907088216757,683
rlgatnd,religion,FI,0.03956832950665699,0.3014363732047465,0.02295428141887074,0.548963979041868,5.847953216374269,3.371345029239766,1.1480374331996788,0.6646021306423252,684
rlgatnd,religion,FR,0.02575807376352049,0.5028139223895332,0.018782637609994487,0.6251445180468079,6.166421207658321,3.3549337260677468,1.2622230725427683,0.6755975962956512,679
rlgatnd,religion,GB,-0.008915765016650016,0.8162165801833753,0.003243688973770756,0.9326158192239478,5.900293255131965,3.4472140762463344,1.5391226696690687,0.7051308777038742,682
rlgatnd,religion,GR,-0.031893501278033115,0.4063342057420301,-0.023340762209883698,0.5434424534909414,4.538235294117647,3.425,1.1983087507320118,0.6377600252282098,680
rlgatnd,religion,HR,0.012604877527188212,0.7424677060939758,0.028282369369225596,0.46088498543967693,4.961876832844575,3.373900293255132,1.4261089652252996,0.7124397341335669,682
rlgatnd,religion,HU,-0.030848576559355433,0.42326526768096945,-0.025512312921228835,0.5078428464213381,5.563609467455621,3.42603550295858,1.4423565043971969,0.6432576525985225,676
rlgatnd,religion,IE,0.03887453440337493,0.31070949479252274,0.0397254706637484,0.3002293409927902,4.8841642228739,3.407624633431085,1.6534789442565965,0.6442794150210833,682
rlgatnd,religion,IL,-0.054801013718886724,0.1528362476567846,-0.08299605301844315,0.03021832309873128,5.134897360703812,3.4134897360703813,1.9821484668197247,0.6359239401089947,682
rlgatnd,religion,IS,-0.013500424294253018,0.7248872894874555,-0.008789344210967477,0.8187770226032095,6.107038123167156,3.3475073313782993,1.1643166285279376,0.6883131421023516,682
rlgatnd,religion,IT,0.07472196941133823,0.051456963857398966,0.09214000263859919,0.016242909939682734,4.695588235294117,3.416176470588235,1.619099353590773,0.6835130371141802,680
rlgatnd,religion,LT,0.014844474622145557,0.6989851890787803,0.022082627446212772,0.5651024675250467,5.12481644640235,3.3627019089574155,1.184700633602654,0.683215395894682,681
rlgatnd,religion,LV,-0.0036230440147764155,0.9248124729258798,-0.0009932446678808378,0.9793593700497731,5.788546255506608,3.3891336270190897,1.2256754805082162,0.6506553131492322,681
rlgatnd,religion,ME,0.03609136752812852,0.34950390237193324,0.041883907445111286,0.27755525873889053,4.244807121661721,3.4673590504451037,1.6796159368389938,0.5609664488856021,674
rlgatnd,religion,NL,0.07253945325821201,0.05793604897944506,0.01712277619708898,0.6548516603844872,6.165204678362573,3.3874269005847952,1.4552031507234968,0.6826996957594802,684
rlgatnd,religion,NO,-0.02093686103876215,0.5854620072363005,-0.01219809183433175,0.7506759779901737,6.07488986784141,3.3876651982378854,1.183949408162513,0.6389978224960577,681
rlgatnd,religion,PL,0.02854079219072103,0.46046394119987544,0.037978661349048135,0.3259487399998457,4.377049180327869,3.4053651266766023,1.482034985274533,0.6507638285225904,671
rlgatnd,religion,PT,0.03508601215948207,0.3599031785275154,0.041614449558158545,0.27746058833777926,5.265007320644217,3.3601756954612005,1.6721952816772423,0.694972286749459,683
rlgatnd,religion,RS,-0.003174204136194472,0.934152871150228,0.00825117925038066,0.8299449059222272,5.08235294117647,3.3720588235294118,1.1812154166457225,0.7208948759428221,680
rlgatnd,religion,SE,0.029281742629393807,0.44485589760630284,0.061840957503522205,0.10636406512683666,6.039531478770132,3.395314787701318,1.1801962223607125,0.6927197951166107,683
rlgatnd,religion,SI,-0.08249735673110961,0.031104398114511055,-0.06615689173827578,0.08404415886176222,5.427525622254758,3.38506588579795,1.3928822615631018,0.7201821128793381,683
rlgatnd,religion,SK,0.04607625125073088,0.23223428208781882,0.04884878098217083,0.20530181191152785,4.713649851632048,3.4035608308605343,1.6756868239305578,0.6521554774170147,674
rlgatnd,religion,UA,0.006108926451335837,0.8741243764809427,0.02271843808424559,0.5557107436820088,4.952592592592593,3.348148148148148,1.4659756187542288,0.6860037645400955,675
aesfdrk,safety,AT,0.03189663855185867,0.4059418481973632,0.023019663975812996,0.5487085174935525,1.7738619676945668,2.886930983847283,0.7408011789956982,0.4099743280274152,681
aesfdrk,safety,BE,0.03914391153039279,0.30701041192776607,0.043681530556081496,0.2542704700526844,1.9677891654465594,2.919033674963397,0.753575408856066,0.35882784537713874,683
aesfdrk,safety,BG,-0.05684346076821759,0.14013399649092215,-0.06962278979425252,0.07065405256112532,2.471111111111111,2.7688888888888887,0.8580104882935643,0.5021418023956532,675
aesfdrk,safety,CH,-0.024761867174195516,0.5179416745938477,-0.006827529792181235,0.8585356314286179,1.641812865497076,2.991228070175439,0.6836772418903135,0.35884018559932157,684
aesfdrk,safety,CY,-0.014963400009126961,0.69690508482294,-0.006688084577714775,0.8617986706399371,2.213235294117647,2.8941176470588235,0.8068930597950521,0.4448634524136868,680
aesfdrk,safety,DE,-0.02479856603660583,0.5170141485881374,-0.037149176111956186,0.3316247829131241,1.9138686131386862,2.891970802919708,0.7627265727752759,0.41535907001174427,685
aesfdrk,safety,EE,-0.03272923213954745,0.3934436895233796,-0.044108291296912856,0.2500036071078663,1.752199413489736,2.934017595307918,0.6356072874862875,0.3635984128916839,682
aesfdrk,safety,ES,-0.016281467700654653,0.670789304212151,0.008412536523842612,0.8261687882254104,1.878654970760234,2.8830409356725144,0.7623347456218187,0.43735407498000095,684
aesfdrk,safety,FI,0.0376249530283652,0.3254652422912797,0.029077534917918497,0.44737254713675195,1.6379562043795621,2.9912408759124087,0.6261984284261259,0.3616228958384041,685
aesfdrk,safety,FR,-0.007540606800440934,0.8447346573939928,0.026146644123567226,0.4970274241822724,1.9571639586410634,2.9069423929098965,0.8615365339956037,0.3867964518932717,677
aesfdrk,safety,GB,-0.004182504572451489,0.9135000160211716,-0.017962060155779606,0.6408341451055142,1.9881831610044314,2.8833087149187593,0.7843754019193533,0.4209410921670934,677
aesfdrk,safety,GR,0.016151558627709457,0.6732637405852864,0.010515230857936275,0.7836899816803135,2.1973684210526314,2.8508771929824563,0.8368833479954749,0.44752364617537943,684
aesfdrk,safety,HR,0.04165703817368607,0.2787406436774261,0.047527246157996,0.21647715289719743,1.6017699115044248,2.8716814159292037,0.6250292472993628,0.4172008488491061,678
aesfdrk,safety,HU,0.05475231287790517,0.15411215467382894,0.04738965939161619,0.21747137063393765,1.865979381443299,2.8483063328424154,0.6057786180507879,0.453396803235339,679
aesfdrk,safety,IE,-0.004927394454393659,0.898247154710154,0.023619174325903474,0.5398448981451499,1.9215976331360947,2.9245562130177514,0.8081480195884662,0.37148823193345565,676
aesfdrk,safety,IL,0.05471899362197613,0.15345257587661223,0.05879942150011725,0.12501362060097385,2.001466275659824,2.9486803519061584,0.8696198417692281,0.34103541984221203,682
aesfdrk,safety,IS,-0.022934686503777234,0.5490123665154713,-0.024842100779354264,0.516278450366189,1.4394160583941606,3.0145985401459856,0.6497140243864535,0.3330130360235293,685
aesfdrk,safety,IT,-0.07002571161173496,0.06883014474067707,-0.07849302741557998,0.0413313722756186,2.230769230769231,2.8594674556213016,0.7831560082980487,0.4613176109781129,676
aesfdrk,safety,LT,-0.011099876706536005,0.7737836552064586,-0.036902997165855114,0.3391265501796776,2.1069836552748886,2.861812778603269,0.6729213771251261,0.4085190085812147,673
aesfdrk,safety,LV,0.010788621034086144,0.7809232365387854,0.0022526508799443744,0.9536939177163645,2.110944527736132,2.8605697151424287,0.7728405009192716,0.4174011247724785,667
aesfdrk,safety,ME,0.013634783378182757,0.7248225153941589,0.010633179368806096,0.7836842755574872,1.9282511210762332,2.9192825112107625,0.6595181213679148,0.35385231451425825,669
aesfdrk,safety,NL,-0.05639208593891876,0.14154196987638717,-0.01913251595535611,0.6181950280292181,1.8223201174743024,2.9419970631424377,0.6614386439625711,0.3161321484529529,681
aesfdrk,safety,NO,0.024402666229859857,0.5237292815440499,0.01598565497469935,0.6762050826872458,1.418978102189781,3.0233576642335764,0.6102838049786345,0.3235997215450129,685
aesfdrk,safety,PL,0.04690063479914976,0.2243223770234774,0.030643751969394013,0.42738391633177425,1.762258543833581,2.8707280832095097,0.6025261392933962,0.38528233161977987,673
aesfdrk,safety,PT,0.01599881782557493,0.6768507014555024,0.02149697940377848,0.5754666069201416,2.0176211453744495,2.895741556534508,0.6793038675684042,0.43991585176958775,681
aesfdrk,safety,RS,-0.014192885568676681,0.71240800035381,-0.016369981878785585,0.6707086670652385,1.7031019202363369,2.813884785819793,0.7431377244271222,0.4781458936159504,677
aesfdrk,safety,SE,-0.0466360621897213,0.22317712797052727,-0.02290393372640552,0.5498409814100442,1.6491228070175439,3.013157894736842,0.7338195804809474,0.3355063892956825,684
aesfdrk,safety,SI,-0.04477620998596463,0.244637703959334,-0.04577531566775966,0.23425840868915104,1.58493353028065,2.9054652880354506,0.6012392552261909,0.360698243045209,677
aesfdrk,safety,SK,-0.04873969791517471,0.20733319707001796,-0.046208181677992864,0.2319431949462817,2.187779433681073,2.8390461997019374,0.6957652196180308,0.42779718581444653,671
aesfdrk,safety,UA,0.032995928015788094,0.40465672787459966,0.03099193330504284,0.4338055923175277,2.071875,2.68125,0.817161151436998,0.5608162506379926,640
hincfel,income,AT,-0.05074332360015588,0.1866129875309678,-0.06936241113287447,0.07087685707666842,1.849779086892489,2.861561119293078,0.7354061615949716,0.4395404297678602,679
hincfel,income,BE,0.011807442095384693,0.7587537441648271,-0.007491726249304462,0.8455028106045397,1.7658321060382915,2.8674521354933726,0.8341594473297367,0.4380007748312868,679
hincfel,income,BG,-0.008917145226672847,0.8169875170209537,-0.01271668472969358,0.7413733286972666,2.529585798816568,2.863905325443787,0.8575661374116079,0.44134355466651115,676
hincfel,income,CH,-0.03825330449828647,0.32065695688787105,-0.0512561417540898,0.1831665150986417,1.5754437869822486,2.88905325443787,0.7150782053722363,0.37054313305748854,676
hincfel,income,CY,-0.09540498351785506,0.014208543807788408,-0.06587010191951087,0.09086307810824196,2.0954545454545452,2.881060606060606,0.880566071586041,0.4336268641618611,660
hincfel,income,DE,-0.0012292840759397007,0.9744557440516666,-0.012343756122662752,0.7477990411958457,1.5726872246696035,2.9030837004405288,0.660494447564112,0.3670300601350756,681
hincfel,income,EE,0.0046857384122557764,0.9026420376928699,-0.01038883978065447,0.7862266125063428,1.9269005847953216,2.878654970760234,0.6869895594669845,0.42424398794515944,684
hincfel,income,ES,0.017560484654738653,0.6471044759863053,0.01580017558744116,0.6804182672015804,1.8504398826979471,2.7991202346041058,0.8153671533519923,0.5651133658059888,682
hincfel,income,FI,0.02706827143414798,0.4800369580112698,0.013045443098579034,0.733613216680649,1.7979502196193264,2.8726207906295755,0.6677720763144989,0.4398046900313451,683
hincfel,income,FR,0.008465416361474954,0.825219990460356,-0.014171952749604944,0.7115957683062402,1.7159590043923865,2.8550512445095166,0.7274428425835165,0.4476233642871877,683
hincfel,income,GB,-0.0469717964741683,0.22500562659968837,-0.04714303086189596,0.22331786562202569,1.8071748878923768,2.8550074738415545,0.8406989896655791,0.48160119188794626,669
hincfel,income,GR,0.009940516558022534,0.7964211942444867,0.03356336396576642,0.38360240717751803,2.4792899408284024,2.831360946745562,0.7685581104530141,0.511751021535819,676
hincfel,income,HR,0.02794293331991853,0.4682598213059983,0.008321826339712438,0.8290105118673556,1.8372781065088757,2.9038461538461537,0.775648442431164,0.37068505150249503,676
hincfel,income,HU,0.009852553110401613,0.7978907035238523,-0.0020578861877283633,0.9573452317799014,2.218289085545723,2.8790560471976403,0.6999611883513801,0.4068878822236572,678
hincfel,income,IE,0.029083210387208732,0.44928761335027756,0.043305882036612106,0.2597855613141567,1.8468335787923418,2.8792341678939617,0.8484505156889626,0.4447285502782602,679
hincfel,income,IL,0.022868537227874835,0.5627004796209911,0.006432097888985123,0.8706870144709671,1.9595645412130638,2.9097978227060652,0.8938598770848881,0.35469321946288557,643
hincfel,income,IS,0.04306685174828478,0.2613719147329913,0.06297439227461571,0.1003418003768554,1.4897360703812317,2.8929618768328447,0.7254834354511831,0.41126968798312996,682
hincfel,income,IT,-0.02035725075286444,0.6016355384050477,-0.03392974003398123,0.38415338464989834,1.9015151515151516,2.846969696969697,0.7639432135031297,0.48269592465779465,660
hincfel,income,LT,-0.08223419730789946,0.03292575458128143,-0.09671551652722614,0.012064902406820954,1.9895988112927192,2.8959881129271916,0.6953578982547416,0.38327995469109916,673
hincfel,income,LV,-0.05082982181397796,0.18815481544356644,-0.031628026669955706,0.41303147485295516,2.5238095238095237,2.880952380952381,0.7945596007813457,0.4094199860800327,672
hincfel,income,ME,0.05516670403665962,0.1656618244933935,0.044901325146155587,0.25930699338999796,2.567140600315956,2.909952606635071,1.013669643591793,0.37708764589551835,633
hincfel,income,NL,-0.012731016263513837,0.7412776777507242,-0.0026217542972375336,0.9457943551403425,1.394074074074074,2.8918518518518517,0.6296062264936781,0.41325440893741167,675
hincfel,income,NO,0.08879983444872254,0.02019208202599698,0.0977939964193313,0.010494252247714527,1.5116959064327486,2.931286549707602,0.6637512993080653,0.3241623236265157,684
hincfel,income,PL,-0.07519015899707952,0.04984018667186929,-0.07284724125267432,0.05742622321981876,1.935389133627019,2.8854625550660793,0.5546025628899502,0.3893170477507302,681
hincfel,income,PT,-0.004523505828536872,0.9062031145418123,-0.00946675582479567,0.8052209599742984,2.2980910425844345,2.853157121879589,0.8318013040060211,0.4654468317838103,681
hincfel,income,RS,0.04953193501303013,0.19769553459176964,0.03356710991245604,0.38284401658432543,1.9646017699115044,2.859882005899705,0.7639886417503852,0.45424111817662605,678
hincfel,income,SE,-0.04169408131930751,0.2779575784739074,-0.04149597096576821,0.280249324688771,1.3637702503681886,2.944035346097202,0.6061980119838097,0.3020904139787247,679
hincfel,income,SI,0.046119194737458784,0.22972482943118303,0.05030893951458972,0.19009002795302885,1.5294117647058822,2.863235294117647,0.7295688043048776,0.44800471139587705,680
hincfel,income,SK,-0.0015508045236814795,0.9678967491916008,-0.017562594904251844,0.648521183718931,2.2810650887573964,2.896449704142012,0.7968434328636448,0.39015947221985436,676
hincfel,income,UA,-0.0632403509225419,0.103232682380514,-0.047924309540025835,0.21711466541505173,2.9278195488721805,2.8150375939849623,0.9039199592273395,0.4973569057094241,665
