variable,domain,cntry,r_pearson,p_pearson,r_spearman,p_spearman,human_mean,silicon_mean,human_sd,silicon_sd,n_valid
ppltrst,social_trust,AT,0.09711279075465774,0.010988758719771957,0.09301200898812033,0.014883885779263662,5.872992700729927,6.388321167883212,2.160230103675031,1.7616390599104412,685
ppltrst,social_trust,BE,0.08812449427138488,0.021165171667726145,0.11562462547556278,0.0024568257065054164,5.6345029239766085,6.695760233918128,2.1244672852188344,1.7458412013299336,684
ppltrst,social_trust,BG,0.15667857771541105,4.0159979960403866e-05,0.17739594435366565,3.1959540121650524e-06,3.700440528634361,6.5368575624082235,2.392048675188835,1.940021556575033,681
ppltrst,social_trust,CH,-0.02958628974791353,0.44046908887361624,-0.023847477539887512,0.534122074406384,5.853372434017595,6.595454545454546,2.116065824072765,1.7158310595169608,682
ppltrst,social_trust,CY,0.09934915394778412,0.009322371479388457,0.10092382451985368,0.008255934062820094,4.06140350877193,6.41374269005848,2.4984390595836556,2.0416278417209077,684
ppltrst,social_trust,DE,0.0454244194557516,0.23544767456128002,0.0314282177488555,0.4118434330428515,5.385964912280702,6.573099415204679,2.2331540384029873,1.6627628885335046,684
ppltrst,social_trust,EE,0.10150619938703484,0.00789000380909741,0.13513076009522376,0.0003942079558211347,5.7178362573099415,6.965643274853801,1.9928651643282342,1.5117609296067944,684
ppltrst,social_trust,ES,0.02875695112152718,0.4533938664951166,0.0251267142715876,0.5124116598901561,5.344574780058651,6.1863636363636365,2.1390794013536465,1.9432639715615416,682
ppltrst,social_trust,FI,0.15140978655082277,7.020821738265988e-05,0.14069542664000428,0.0002231028224746062,7.002923976608187,6.966520467836258,1.8134014503084113,1.687028853468578,684
ppltrst,social_trust,FR,-0.02316818685255215,0.5461317023743967,-0.005062385578433902,0.89509024445257,4.546255506607929,6.707929515418503,2.157338008212712,1.6962056186992691,681
ppltrst,social_trust,GB,0.10208008727914132,0.007677044407413545,0.10134549666550831,0.008128902356599929,5.436123348017621,6.261820851688693,2.297527880403953,1.8637830527877126,681
ppltrst,social_trust,GR,0.04474577414818703,0.24356445532931492,0.05993376995604598,0.11815568719242156,4.515418502202643,6.264757709251102,1.9189795487242358,1.845724066840638,681
ppltrst,social_trust,HR,0.011979327687723407,0.7546539305741061,0.02443299453230832,0.5238226549458531,4.689604685212299,6.491654465592973,2.3704548090724806,1.870806132974707,683
ppltrst,social_trust,HU,0.09150002430352992,0.01692154889611338,0.08493745516911134,0.026659985274411727,4.481644640234949,6.589574155653451,2.4893953193268983,1.9440845329694612,681
ppltrst,social_trust,IE,0.05033093146900295,0.1895695918501553,0.02916550781125641,0.4473347760525542,5.42143906020558,6.337885462555066,2.4734017387707987,1.8313377283005927,681
ppltrst,social_trust,IL,0.23092352294051274,1.0461894172093465e-09,0.21390731539514685,1.686795115726084e-08,5.2082111436950145,6.812316715542522,2.3778326542387984,1.9058132490793238,682
ppltrst,social_trust,IS,0.09167998877216103,0.01646641671352789,0.09177513005760514,0.016354374378837258,6.56140350877193,6.786988304093567,2.0528953422982474,1.6810694305461882,684
ppltrst,social_trust,IT,0.03217013021487885,0.4033173279344082,0.02959190926016917,0.44206904491384363,4.571639586410635,6.233087149187592,2.318492509127494,1.9356354734765442,677
ppltrst,social_trust,LT,0.11340399992617246,0.003063115321764956,0.1164664767040684,0.002351335902592464,5.1382352941176475,6.497205882352942,2.4116207013126907,1.8592699293978243,680
ppltrst,social_trust,LV,0.050970687336342815,0.18432001358732095,0.061626276703758344,0.10836481303793741,3.8676470588235294,6.506764705882354,2.5692437800482884,1.819728605553267,680
ppltrst,social_trust,ME,0.06463858451998292,0.09165861194453714,0.06963969328778684,0.0691374516829121,4.237536656891495,6.331818181818182,2.5624416648447097,1.9747672386324753,682
ppltrst,social_trust,NL,0.0768984391836176,0.044853644110713284,0.07043623273087633,0.06620877525222552,6.254038179148312,6.9086637298091045,1.9647823539873848,1.5047761627535712,681
ppltrst,social_trust,NO,0.077506913502451,0.04272275533221965,0.09581880207815784,0.012170069060798401,6.671052631578948,6.814473684210527,1.8928032160780497,1.6462774506144564,684
ppltrst,social_trust,PL,0.057179924488302766,0.13605485911567602,0.07055586160875604,0.06574836807215194,4.544787077826725,6.713950073421439,2.335431687682766,1.8745734708204083,681
ppltrst,social_trust,PT,0.12946748422618032,0.00069479538553561,0.13617029611093895,0.00035858087808010895,4.118594436310396,5.956076134699853,2.3695879378282134,2.03873137917278,683
ppltrst,social_trust,RS,0.01103097400952591,0.7738489723356466,0.008411251611842452,0.8265717913507,4.333333333333333,6.441262848751836,2.7757705165925213,1.817055841816514,681
ppltrst,social_trust,SE,-0.025953655504922714,0.4983098578162411,-0.0638364590824984,0.09552160398993535,6.317715959004392,6.910688140556369,2.0226197541642748,1.609426035909829,683
ppltrst,social_trust,SI,0.0397753975027209,0.29997771545489504,0.018829047589723664,0.6237778688610551,4.687224669603524,6.584140969162996,2.388199806470516,1.7806842383109531,681
ppltrst,social_trust,SK,0.13629402736255808,0.00035412738953617364,0.1299126854286096,0.000665558942276797,4.061493411420205,6.204245973645681,2.7403301802259903,1.9645903838608185,683
ppltrst,social_trust,UA,0.07538364160807645,0.04942062657250952,0.07520174912956276,0.049973573212314534,3.9382352941176473,5.943088235294118,2.8308748738384413,2.0394083271982297,680
pplfair,social_trust,AT,0.015620996004859701,0.6836258208335511,-0.01875392191105429,0.6246538780242132,6.341142020497804,7.147291361639825,1.9887933495293022,0.9194561131539549,683
pplfair,social_trust,BE,0.09110612160632092,0.017156600193754333,0.08978119309669012,0.018847548030916525,6.017543859649122,7.202923976608187,1.9778382218342525,0.9154395147648741,684
pplfair,social_trust,BG,0.1297772015583516,0.0006930720110387842,0.10963649161613793,0.004205217066233513,4.310294117647059,7.330588235294118,2.2163962381536,0.8547913685855565,680
pplfair,social_trust,CH,0.0494133840242038,0.19711830007157075,0.03556162222202066,0.3534240784488943,6.4099560761347,7.238653001464129,1.8802930367967179,0.8155378564182303,683
pplfair,social_trust,CY,0.07886187900545864,0.039212921918343135,0.053904529336569154,0.15906243972986855,4.428362573099415,7.191520467836257,2.258379472540865,1.0184324781796783,684
pplfair,social_trust,DE,0.0015351340627188237,0.9680094575801576,0.020164874412336983,0.5982943166502132,6.245255474452555,7.132992700729927,1.944702310496455,0.8115705344594413,685
pplfair,social_trust,EE,0.14079126195240368,0.00022806632890722626,0.1480214916454148,0.00010573238225040067,6.212922173274596,7.336270190895742,2.0551679067211146,0.7534178263136394,681
pplfair,social_trust,ES,0.03415680618607257,0.3727746097920912,0.029878959871684443,0.4356213404719477,5.588579795021962,7.087994143484627,2.1753723254316526,0.9674630123769885,683
pplfair,social_trust,FI,0.06863752368067647,0.07282323839643541,0.1001517312107977,0.008764405767224535,7.16374269005848,7.4046783625731,1.7059283500345526,0.807473355579226,684
pplfair,social_trust,FR,0.08482061056347028,0.02675795090952314,0.1149293726650597,0.002648349236534831,6.146627565982405,7.2819648093841645,1.9953459960021371,0.8164679555264281,682
pplfair,social_trust,GB,0.11871169778897016,0.0019443134422804458,0.14020755228693735,0.0002474715298867861,5.945508100147276,7.09720176730486,2.183669545497061,0.9137467708806456,679
pplfair,social_trust,GR,0.023913453317597887,0.533292680112536,0.03696193141451241,0.3354898936541841,4.930983847283406,7.229955947136564,2.001380494449328,0.7991437501167165,681
pplfair,social_trust,HR,-0.01988538470637808,0.6055071873953406,-0.021107083907012658,0.58352977186966,5.192023633677991,7.1493353028065,2.4310117112570695,0.9214988119811319,677
pplfair,social_trust,HU,0.08810513782721965,0.02128867060713776,0.08440414581463732,0.02740239829878699,5.1039531478770135,7.3439238653001455,2.1153049760014926,0.8133619128242552,683
pplfair,social_trust,IE,0.05116480547450619,0.18200773114920715,0.06749364283228704,0.07817397400486586,6.145161290322581,7.152492668621701,2.1658913214281967,0.8268979969155811,682
pplfair,social_trust,IL,0.15375304142381183,5.746084274462487e-05,0.20911883015860785,3.797404256173645e-08,5.341678939617084,7.2480117820324,2.28588411857488,0.9285339222121813,679
pplfair,social_trust,IS,0.11464694261789,0.0026748267294801104,0.12941578675698084,0.0006919501697042032,6.980994152046784,7.194152046783626,1.8377658965300543,0.8743595088900412,684
pplfair,social_trust,IT,0.03831596257671075,0.3187889606505605,0.051734902911758696,0.17813912391688272,4.634756995581738,7.251104565537555,2.2199882187973925,0.8457220750831563,679
pplfair,social_trust,LT,0.05294118701513791,0.16980059925838858,0.04249614266092936,0.27058607345652114,5.519287833827893,7.26379821958457,2.240465768997793,0.8514795065130366,674
pplfair,social_trust,LV,0.12316939420388226,0.001344443991205216,0.15924785428225038,3.2349437117815615e-05,5.632592592592593,7.307259259259259,2.231047099831404,0.8152791930714514,675
pplfair,social_trust,ME,-0.012146820261281171,0.7527537906255398,-0.0013597912211117005,0.9718700667687179,4.354074074074074,7.1177777777777775,2.3304131319199115,0.951249893581894,675
pplfair,social_trust,NL,0.02919478669155198,0.4458757783518406,0.03812783340244323,0.319390848156249,6.6154970760233915,7.201754385964913,1.6242469731723888,0.8818637049176099,684
pplfair,social_trust,NO,0.024610489479789287,0.5201986891314557,0.022403638772481173,0.5583043926048505,6.890510948905109,7.281021897810219,1.845172427784769,0.887826444922323,685
pplfair,social_trust,PL,0.05415111226488058,0.16086365293707675,0.07392008407918155,0.05545667850040235,5.21875,7.298363095238095,2.249968951598991,0.845720531966036,672
pplfair,social_trust,PT,-0.026909171594782122,0.48326680428753005,-0.05689050305001615,0.13805125158314843,5.138032305433186,7.0743024963289285,2.2119411767818464,1.0644801919010243,681
pplfair,social_trust,RS,0.059328563463623946,0.1221975827950705,0.039348556405407555,0.305554864481879,4.675,7.214411764705883,2.846379764088735,0.7734348199909902,680
pplfair,social_trust,SE,0.05370656483583644,0.16060115883579237,0.030022820965619503,0.4330757685550527,6.757309941520468,7.269444444444445,1.779052279615545,0.8891993774065623,684
pplfair,social_trust,SI,-0.03346859371009845,0.38459493769267994,-0.04131226032816595,0.2830984897134353,5.443131462333826,7.166617429837519,2.2456600357146,0.928705240078998,677
pplfair,social_trust,SK,0.03755008777110597,0.32749504741301627,0.036434027912645675,0.3420871407497151,4.854838709677419,7.16950146627566,2.504219356369087,0.8960556662244169,682
pplfair,social_trust,UA,0.12748347692975023,0.000967782005274675,0.12522305752962481,0.0011921476356307147,4.787106446776612,7.101349325337332,2.4247748774617794,0.8941995141924293,667
pplhlp,social_trust,AT,0.02199975463497324,0.5654220644491303,0.025007515920436665,0.5134880289886539,6.24963503649635,6.749343065693431,2.057049073308345,1.2684038205622465,685
pplhlp,social_trust,BE,-0.024675404050154965,0.5194047085054513,-0.03622813489527326,0.3441147845031106,5.251461988304094,6.782748538011695,2.131390069444915,1.3371789280880113,684
pplhlp,social_trust,BG,0.0987764420165132,0.010066576031794568,0.12013855332562794,0.0017255574463637716,3.578171091445428,6.836430678466077,2.2935774859651317,1.4169110317338807,678
pplhlp,social_trust,CH,0.010823134039507812,0.7779974587421027,0.0005013617861100964,0.9895803301627827,5.91776798825257,6.905139500734214,1.8948052077992485,1.218178492998889,681
pplhlp,social_trust,CY,0.02961594733869481,0.4403475090264064,-0.004080698691517794,0.9153485926016355,4.143906020558003,6.6607929515418505,2.2426013027106673,1.577434240172278,681
pplhlp,social_trust,DE,0.016326287900619813,0.6701643635248563,0.021245919076793424,0.5793789720342205,5.430453879941435,6.691215226939971,2.0012630027079528,1.3500229667654522,683
pplhlp,social_trust,EE,0.05058899978040908,0.18763208495323275,0.04895169802324351,0.2023375596411428,5.089705882352941,7.069264705882354,2.0057090612192368,1.047591832982473,680
pplhlp,social_trust,ES,-0.013028936530345599,0.734125672269794,0.0142964873756898,0.7093800803676548,4.832844574780059,6.814809384164224,2.2956718138987364,1.242670390447551,682
pplhlp,social_trust,FI,-0.003093015668408362,0.9357861706926427,0.004716433786061089,0.9022222998730189,6.406754772393539,7.006314243759178,1.9190718222340277,1.1765870688212605,681
pplhlp,social_trust,FR,-0.02280831756833043,0.552678568487923,-0.02314824175549239,0.5467731683206962,4.632352941176471,6.853823529411765,2.1938756082621045,1.2786625807154286,680
pplhlp,social_trust,GB,0.08536690176169572,0.025681872756394,0.056518114064040934,0.14006913913322658,6.062957540263543,6.718740849194728,1.9986406031745354,1.327710593846483,683
pplhlp,social_trust,GR,0.0183535266816677,0.6325693544676545,0.011483040880789419,0.7648480858194681,4.358296622613803,6.902202643171807,1.982487899259202,1.1746130126401595,681
pplhlp,social_trust,HR,-0.10346728340868545,0.006802615444979561,-0.13029420248949994,0.0006414171232446893,4.414348462664715,6.77628111273792,2.4040957796418834,1.353346971929817,683
pplhlp,social_trust,HU,0.010956262645848898,0.7753394763717177,0.032421051337001426,0.39826339874497546,4.540381791483113,6.86446402349486,2.291011689167748,1.3871787012030696,681
pplhlp,social_trust,IE,-0.003896451760104688,0.9189793749354783,0.04120632007866281,0.28185073998991156,6.049707602339181,6.685526315789473,2.255401825856497,1.284167988973339,684
pplhlp,social_trust,IL,0.17083005125666736,7.367710613746863e-06,0.1745979306887567,4.579526859929955e-06,5.120411160058737,6.89603524229075,2.3288871000579756,1.3455806177097507,681
pplhlp,social_trust,IS,-4.6882366033848986e-05,0.9990270658773909,0.03337424137460038,0.38523387969979117,6.594992636229749,6.81281296023564,1.7913356591935798,1.34239831124241,679
pplhlp,social_trust,IT,0.013391135264887385,0.7281851121619892,0.024305174188900023,0.5281332374438443,4.205621301775148,6.7850591715976325,2.2589471946521997,1.3358748542147068,676
pplhlp,social_trust,LT,0.0744910145784192,0.05166598222521533,0.02570918343252329,0.5023665034180683,5.062957540263543,6.917423133235725,2.3957112296452774,1.167134662622844,683
pplhlp,social_trust,LV,0.010509038256855476,0.7847444409643175,0.015637694929337517,0.684408618412386,4.949852507374631,6.894542772861357,2.3245828345910877,1.2162184462909433,678
pplhlp,social_trust,ME,-0.04838551575726231,0.20862200829790997,-0.049682597210917175,0.19666513418229215,4.280649926144756,6.725997045790251,2.1888219637068405,1.423867998416404,677
pplhlp,social_trust,NL,0.036131132123761296,0.34647304827614644,0.04527258195356874,0.2380531761089269,5.722466960352423,6.918795888399412,1.7609097980650463,1.2146891472527686,681
pplhlp,social_trust,NO,-0.010973820714522192,0.7745056506962971,0.025798276848574657,0.5005716706691413,6.162280701754386,6.933187134502925,1.9043707307390423,1.2319185076290242,684
pplhlp,social_trust,PL,0.08866023956713087,0.0207623875751459,0.0769931538781963,0.044747330728686203,4.520588235294118,6.920735294117646,2.3773946968237807,1.3000269807741334,680
pplhlp,social_trust,PT,0.03272500094813279,0.3931570024002364,0.04820613887834505,0.20829914284728876,4.067349926793558,6.625915080527086,2.151485166428057,1.5100209273348675,683
pplhlp,social_trust,RS,0.10533348822560801,0.005825162912340127,0.11563359620127639,0.0024549028155348026,3.710526315789474,6.8087719298245615,2.725263889200074,1.2569265592839778,684
pplhlp,social_trust,SE,-0.07101505116137413,0.06400550685290722,-0.024378343585402047,0.5253616563804911,6.130690161527166,7.01409691629956,1.9079433705772122,1.2053463436873557,681
pplhlp,social_trust,SI,0.03241777188955803,0.40005479190942383,0.05815782751641655,0.13089451657926868,5.338757396449704,6.827218934911242,2.2592770250394567,1.3242351651943223,676
pplhlp,social_trust,SK,0.01657947515276209,0.6665144807981319,0.02699278496656383,0.48287826988094046,4.218289085545723,6.646902654867255,2.557952587652542,1.4648760644362981,678
pplhlp,social_trust,UA,0.013374847384804194,0.7277296001565925,0.037601900337281065,0.3275405133174917,4.2632352941176475,6.6555882352941165,2.6681674698299624,1.384576712434323,680
sclmeet,social_trust,AT,-0.01880227907009865,0.623251470019572,-0.020022609848468435,0.6008787732611458,4.910948905109489,3.8153284671532846,1.1918141138149099,0.7023238901176272,685
sclmeet,social_trust,BE,0.015389117277329148,0.6878567673180056,0.025555643767004522,0.5046103308077289,5.175438596491228,3.8801169590643276,1.3684091972859465,0.6873353290272173,684
sclmeet,social_trust,BG,-0.03040961328779303,0.42784914771629234,-0.02952837340777402,0.44136477936623586,4.969208211143695,3.8533724340175954,1.6740014984431886,0.7090118906543255,682
sclmeet,social_trust,CH,-0.005009543248481114,0.8960270610666856,-0.022794158994606645,0.5520475105388393,5.099560761346998,3.884040995607614,1.293583231975242,0.7500303482150452,683
sclmeet,social_trust,CY,0.08504121337757854,0.026033634800529462,0.0710408631545034,0.06313069845590177,4.005839416058394,3.843065693430657,1.7073870474296835,0.6960409786238722,685
sclmeet,social_trust,DE,-0.05479928294738971,0.15224637444679237,-0.04641738058164184,0.22535731602623488,4.837719298245614,3.816812865497076,1.3970198578819977,0.7120965396397364,684
sclmeet,social_trust,EE,0.08511768141831268,0.025899306552420842,0.07100381565625767,0.06326871916716079,4.242335766423357,3.8854014598540147,1.4817467676992966,0.7073693281250854,685
sclmeet,social_trust,ES,0.019198546818238058,0.6159470950562141,0.017581437331796453,0.6459861801602498,5.246715328467153,3.8788321167883213,1.4666393087007106,0.6997734237458857,685
sclmeet,social_trust,FI,-0.0027887015234854796,0.9419221840786693,0.010860701174212978,0.7766088897068505,4.8934306569343065,3.8929927007299265,1.3589751674640431,0.7374152394185787,685
sclmeet,social_trust,FR,0.06377130928857527,0.09561741672469036,0.03359150904897384,0.38039286159321,5.220760233918129,3.8552631578947367,1.4233285410238439,0.788061591924785,684
sclmeet,social_trust,GB,0.04186192956588359,0.27461079405896877,0.03162067754000304,0.40932848954213374,4.800878477306003,3.7998535871156665,1.5745964771508105,0.7202862592382125,683
sclmeet,social_trust,GR,0.1625128179324545,1.946762476998168e-05,0.13574833632389374,0.00037046091972921876,4.159356725146199,3.8684210526315788,1.6105572805604957,0.7431068242029059,684
sclmeet,social_trust,HR,0.03945034112211548,0.3028812692702818,0.012702506547588288,0.7401766636147127,5.349415204678363,3.850584795321638,1.5312698517346435,0.7322019639955049,684
sclmeet,social_trust,HU,0.014510016304474937,0.7046211471855841,0.026723305426433898,0.48501263301001546,3.367883211678832,3.845985401459854,1.5223930025380452,0.7817373250655274,685
sclmeet,social_trust,IE,-0.04402108372941815,0.25059370494189914,-0.042006402936241465,0.2729563993889901,4.212298682284041,3.83411420204978,1.617452783226145,0.7299571544613599,683
sclmeet,social_trust,IL,0.02081968657360695,0.5872879837465832,0.03187377190044081,0.4059329959588079,5.425219941348973,3.9926686217008798,1.5407753149735088,0.7610790538114424,682
sclmeet,social_trust,IS,-0.06610541835974625,0.08405836828540283,-0.05277658373996738,0.1679801276657607,5.283625730994152,3.880555555555556,1.4032886537209597,0.6901645239473726,684
sclmeet,social_trust,IT,0.04962836380495864,0.19550263303161783,0.042861306469396794,0.2636571210226107,4.74633431085044,3.849706744868035,1.5627434721448887,0.7289331424828662,682
sclmeet,social_trust,LT,0.07569417487484198,0.04848845398570082,0.05689708240879196,0.1382962573832614,4.355882352941176,3.8448529411764705,1.5597460569849728,0.7178371060970008,680
sclmeet,social_trust,LV,-0.027593182145462504,0.47155958067483045,-0.02666498670835298,0.4866059668176642,4.190336749633968,3.793557833089312,1.6097468073563967,0.7976244554573817,683
sclmeet,social_trust,ME,0.05645642893658053,0.14050296928298858,0.06795671080374041,0.07593126191805252,4.802342606149341,3.777745241581259,1.6247337935933457,0.7288581513557391,683
sclmeet,social_trust,NL,0.0019290955064884781,0.9598353818716616,-0.0038014921054384124,0.9209473723661288,5.406432748538012,3.8808479532163744,1.2603955408267358,0.6770004338179224,684
sclmeet,social_trust,NO,0.07033817232416893,0.06579126514448089,0.07124877249871625,0.06236073044954665,5.648175182481752,3.9164233576642338,1.3411013950191728,0.7766020389742755,685
sclmeet,social_trust,PL,-0.02873549935191586,0.45373098941659723,-0.02325885625550677,0.5442651980134426,3.932551319648094,3.872067448680352,1.4342656671517855,0.7530168252146362,682
sclmeet,social_trust,PT,0.05494076429661728,0.15088961835942175,0.022364535859535153,0.5589916010071707,5.629197080291971,3.8053284671532848,1.6067365759678425,0.6973037579423211,685
sclmeet,social_trust,RS,0.0005591384611515642,0.9883454528255123,-0.00755576814638589,0.8435184205589762,5.145985401459854,3.8605839416058396,1.6074577017590435,0.7183230210756495,685
sclmeet,social_trust,SE,0.0326946638493067,0.393248673506501,0.01592159556494096,0.6776526002310969,5.435672514619883,3.953654970760234,1.3818365729222142,0.6873899353643917,684
sclmeet,social_trust,SI,-0.006549034059571656,0.864446318042916,-0.009152648514564194,0.8114241874310609,4.640762463343108,3.8111436950146627,1.501339002709212,0.7272898497689411,682
sclmeet,social_trust,SK,0.03289818038659807,0.39065649742553454,0.02760499673818941,0.4713697259572591,4.559297218155198,3.8667642752562226,1.5640520269192257,0.7521967331029737,683
sclmeet,social_trust,UA,0.012549992972356734,0.7457452110863578,0.01915144137800046,0.6207112996173257,4.32089552238806,3.7507462686567163,1.7691964272055045,0.746566257060866,670
inprdsc,social_trust,AT,0.0027432185657884963,0.9429095858037576,0.012862403973095097,0.7370261169908847,3.051169590643275,2.8815789473684212,1.1726564206989902,0.5210192380966617,684
inprdsc,social_trust,BE,0.12566506137645964,0.0009805904903736529,0.13466808838539274,0.0004088945928222226,3.3576642335766422,2.910948905109489,1.3814626236939371,0.5374401683164354,685
inprdsc,social_trust,BG,0.04428143609791388,0.2481474967031267,0.046473053998168756,0.2254823475660811,2.0234604105571847,2.9178885630498534,1.2626014641660956,0.5597903943929491,682
inprdsc,social_trust,CH,0.06075998015033258,0.11210450016502262,0.06472460243604845,0.0905151982955159,3.5445255474452555,2.9036496350364964,1.2634608385888118,0.5320720776157826,685
inprdsc,social_trust,CY,0.05869701036548835,0.12595203848423142,0.04977686678086918,0.19449567213838684,2.434654919236417,2.8604992657856094,1.321397513277927,0.5553846444656925,681
inprdsc,social_trust,DE,-0.045093679285437296,0.23887840065568594,-0.025811587943724332,0.5003506015834452,3.5789473684210527,2.915204678362573,1.2272747380806737,0.46088887216089436,684
inprdsc,social_trust,EE,0.027131938382629683,0.4790043298195301,0.02482764094251556,0.5171378704170619,2.5944363103953147,2.932650073206442,1.364967455800747,0.48873213097439056,683
inprdsc,social_trust,ES,0.0759165915806828,0.04717676487210634,0.07138109602593551,0.06206600398555761,2.8859649122807016,2.875730994152047,1.3918320942419997,0.5308038801243697,684
inprdsc,social_trust,FI,0.03246264040040077,0.3962706547280218,0.029292116905477058,0.4440261634561264,3.2510948905109487,2.934306569343066,1.2766525117350722,0.504430365459031,685
inprdsc,social_trust,FR,0.04150982533960755,0.2790248505452886,0.04822310366672043,0.2084734014922136,2.8592375366568916,2.9208211143695015,1.447305868949354,0.4497092227058671,682
inprdsc,social_trust,GB,-0.026875530948239357,0.48381410302214806,-0.028226025644518073,0.46210867264373573,3.0954478707782673,2.886930983847283,1.4270474910681292,0.5234131280190697,681
inprdsc,social_trust,GR,0.07219281897086739,0.05914732041264547,0.06868186609806924,0.07263799018160076,2.2280701754385963,2.9005847953216373,1.1882914963427518,0.5036321458501563,684
inprdsc,social_trust,HR,0.05916501485691511,0.12350946422774504,0.03949630655540854,0.3040981055227514,2.3402061855670104,2.8350515463917527,1.3944751770367632,0.5202758702023973,679
inprdsc,social_trust,HU,0.07828005577041444,0.04128356615916126,0.08961706735948229,0.019421913874226572,2.4544117647058825,2.902941176470588,1.2187699711476547,0.4938414800652901,680
inprdsc,social_trust,IE,0.03875937979348417,0.311790231885672,0.03250688650947353,0.39632004574209406,2.6193265007320643,2.884333821376281,1.3226123234154243,0.4841511177537228,683
inprdsc,social_trust,IL,0.02023675843041279,0.5986073658363604,0.01853153896474548,0.6297777952954171,2.508100147275405,2.9366715758468334,1.4077877838058608,0.4580915872431738,679
inprdsc,social_trust,IS,0.05867862646220695,0.12579208105267906,0.06376547775520375,0.09613589641228865,3.533724340175953,2.932551319648094,1.3228614138963495,0.46444408957419187,682
inprdsc,social_trust,IT,0.023513996841481706,0.5407530505814743,0.023096180334448296,0.5479712371894471,2.2341678939617085,2.877761413843888,1.281688198602417,0.5107317287430856,679
inprdsc,social_trust,LT,0.09317104178130993,0.015081245604547029,0.09367839350431081,0.014536902357440712,2.1073529411764707,2.911764705882353,1.3789727640840457,0.4864979333008021,680
inprdsc,social_trust,LV,0.017070746985925533,0.6579673634201424,0.042430862347689065,0.27096684484609646,1.7362962962962962,2.903703703703704,1.2977158321146354,0.5263681350176223,675
inprdsc,social_trust,ME,0.0337272194167007,0.38199138916201886,0.040941725757913904,0.28851673442200276,2.185459940652819,2.887240356083086,1.177940825146115,0.4897618474876882,674
inprdsc,social_trust,NL,0.07005325404660935,0.06729699977448775,0.07164119737341794,0.06130825285381891,3.724743777452416,2.94289897510981,1.2666786586514633,0.46705708083539305,683
inprdsc,social_trust,NO,0.02124621312202771,0.579095173723898,0.008393862098830087,0.8265485341136292,3.247076023391813,2.9415204678362574,1.438461513454827,0.521374490895124,684
inprdsc,social_trust,PL,0.01398720144578508,0.7167973495484828,0.010218322307416799,0.7910135672446298,3.14962962962963,2.925925925925926,1.3758662808789432,0.49969767758676126,675
inprdsc,social_trust,PT,0.05040923757946214,0.19051845989332242,0.06100454340588055,0.11304386522458602,2.2381656804733727,2.8772189349112427,1.3945158859665305,0.5641239312192591,676
inprdsc,social_trust,RS,-0.0250119226393261,0.5149606080936944,-0.021712891443742766,0.5719187775030874,2.4779411764705883,2.888235294117647,1.4275168289643811,0.4816299680727062,680
inprdsc,social_trust,SE,0.009157723486149582,0.8110493660452408,0.007382996771547534,0.847162688629244,3.814327485380117,2.9371345029239766,1.2710422687563399,0.5051662579859353,684
inprdsc,social_trust,SI,-0.0040020865138436544,0.917278789464356,0.011363057578022008,0.7680685517902822,2.8195266272189348,2.9023668639053253,1.3421829916198627,0.5271252757386946,676
inprdsc,social_trust,SK,0.11429936989872949,0.0030489781806762204,0.10752180562021751,0.005336013442604694,1.7477611940298508,2.8567164179104476,1.1613942202433745,0.5605954235257646,670
inprdsc,social_trust,UA,0.022596359888442188,0.5578369521593421,0.05282041158478135,0.170459751732132,2.16,2.8740740740740742,1.3902586058348725,0.5478529664455324,675
stfdem,political,AT,-0.01109095062246632,0.7739606315711821,0.017459645767528145,0.6511718372268795,5.739970282317979,6.5988112927191676,2.4849232284914757,1.2801012847263293,673
stfdem,political,BE,0.04302093733298126,0.2654209740592998,0.019911067707489315,0.6063825143002067,5.206845238095238,6.798363095238095,2.3891984051627304,1.2038365145680683,672
stfdem,political,BG,0.14587893781696287,0.00015285734430774966,0.16980866648420467,1.0054257675150554e-05,3.3258594917787745,6.65695067264574,2.3860129569068325,1.3431017921996367,669
stfdem,political,CH,0.1344228193888906,0.0004899655808517306,0.08946515542954184,0.020649387941599085,7.565022421524664,6.7690582959641254,1.6733296813689809,1.1533403107257616,669
stfdem,political,CY,0.08242234592944207,0.03331243805067178,0.082081930692438,0.034050145946447966,4.496251874062969,6.296851574212893,2.3141880673226787,1.6550148508745732,667
stfdem,political,DE,0.0325326764469648,0.39664032537891597,-0.004402104240534229,0.9087092889415341,5.726872246696035,6.749632892804699,2.605197925721672,1.2220777920165318,681
stfdem,political,EE,0.06255644776003044,0.11162959443295428,0.08700925886276382,0.026772456515378337,5.24537037037037,7.064814814814815,2.5875657108071954,0.937603391745651,648
stfdem,political,ES,-0.04420290989670411,0.25250071313891587,-0.029829499764263145,0.4401137138458849,4.794642857142857,6.576636904761905,2.518385661533428,1.3377490711468796,672
stfdem,political,FI,0.1345420556432821,0.0004611431060434019,0.15339049308368194,6.373346481646355e-05,6.783382789317508,6.948071216617211,1.9649128346082572,1.0815091078415078,674
stfdem,political,FR,-0.0015595916691909198,0.9678589972262966,-0.0028225952437036946,0.9418659696632582,4.344776119402985,6.835820895522388,2.480825335331246,1.1878434432203548,670
stfdem,political,GB,0.10698768862689674,0.006661019129598117,0.07917460762861432,0.044926354237975405,4.3286604361370715,6.54595015576324,2.629976197959441,1.3434387097796658,642
stfdem,political,GR,0.07224823414947619,0.059889208877749116,0.11517024344118033,0.0026510927322447625,4.148748159057438,6.743446244477172,2.2115199980939173,1.1484556359606577,679
stfdem,political,HR,-0.017064921526567158,0.6602277479510911,0.002851131988054352,0.9414551723501803,4.465465465465465,6.577327327327327,2.514231883392466,1.4359862831787975,666
stfdem,political,HU,0.051784226811387356,0.18194851721297206,0.08113796242425401,0.036309489383980764,4.454954954954955,6.528528528528528,2.6650476864214316,1.5021077712094284,666
stfdem,political,IE,0.09347122016822025,0.0164681400068495,0.08120983300327293,0.037284515250776265,5.819148936170213,6.51595744680851,2.2847115206806707,1.4104860863222082,658
stfdem,political,IL,0.23607789464904755,1.137077045066599e-09,0.22172279711462434,1.1376831685950537e-08,4.26040061633282,6.869029275808937,2.760220149074643,1.1619398215195837,649
stfdem,political,IS,0.12125745762649488,0.0016641611500197932,0.1073497748683292,0.005410280475522167,5.92089552238806,6.835820895522388,2.2882057587658675,1.1221644540993265,670
stfdem,political,IT,0.08454569442325224,0.0297471065136477,0.06499003548106361,0.09502004075432567,5.118003025718608,6.643419062027232,2.060742644891807,1.2863171959771011,661
stfdem,political,LT,0.11613815782302736,0.0030692952149884594,0.09778349074092235,0.012762606206291393,4.614197530864198,6.784722222222222,2.3886482511823353,1.285226211302693,648
stfdem,political,LV,0.11550789720232446,0.003721208705817982,0.08766414612761812,0.02791589886760567,4.260731319554849,6.731319554848967,2.4394710921720306,1.3340190011738196,629
stfdem,political,ME,0.020567093399142092,0.5948464603929559,-0.0043245443646163844,0.9109715052867638,4.2011922503725785,6.667660208643815,2.5788575065528594,1.2343880147411803,671
stfdem,political,NL,0.09002607561080646,0.019956973635124945,0.001875431620298767,0.9614125244439354,5.919161676646707,6.912425149700598,2.085012819284355,1.0245318316915062,668
stfdem,political,NO,0.037720732455207406,0.3252999916284744,0.04435728518568585,0.24733743324790738,7.236070381231672,6.93841642228739,2.027343432421702,1.0256715788064532,682
stfdem,political,PL,0.1389169266829149,0.00038213994085704097,0.13226941110731003,0.0007232910002546747,5.127692307692308,6.835384615384616,2.327699333825712,1.1801426840728426,650
stfdem,political,PT,0.005041014746099517,0.8973065330918047,0.008012280188244233,0.8374630557159619,4.732522796352583,6.2150455927051675,2.368272017161993,1.6380284064456916,658
stfdem,political,RS,-0.12383516123619365,0.002220896514416436,-0.1289313704658266,0.0014429957767367366,3.9407894736842106,6.699013157894737,2.9715477861808366,1.248339528365697,608
stfdem,political,SE,0.07012517942167287,0.06967934762413817,0.05710967070914859,0.13975815303988232,6.63134328358209,7.014925373134329,2.0898865987375066,1.047347526116031,670
stfdem,political,SI,0.009428333982892348,0.8105367708609882,-0.006634540463527054,0.8660372405659138,4.941448382126349,6.75346687211094,2.3378841331296782,1.1294013351461303,649
stfdem,political,SK,0.14163352970691118,0.0002302260393464975,0.16376209293324576,1.988945514152551e-05,4.575892857142857,6.449404761904762,2.669619737788518,1.5079420950434788,672
stfdem,political,UA,0.0630146668515647,0.11096419608121254,0.08656675599414343,0.02841326856923013,3.004680187207488,5.954758190327613,2.648403398582335,1.7614305210536179,641
polintr,political,AT,-0.08576561760250052,0.024890776737313866,-0.08866030661179933,0.020389871227463947,2.4195906432748537,2.8903508771929824,0.8679906327129788,0.3841217393909497,684
polintr,political,BE,-0.06131879009676296,0.10909608667754733,-0.08077703675192215,0.03467083163542729,2.5657894736842106,2.902046783625731,0.9215489806276004,0.391036342225788,684
polintr,political,BG,-0.045155670749954364,0.23823270550260747,-0.06282586530939063,0.10064672246156751,2.81140350877193,2.875730994152047,0.8995452345691054,0.4336456078198425,684
polintr,political,CH,-0.03457300806467279,0.36627134363805225,-0.06734482165564071,0.07817689123164646,2.4029197080291973,2.9167883211678833,0.9151056569745459,0.32502121907017334,685
polintr,political,CY,-0.1388079130934938,0.0002712651764507381,-0.16637663867015312,1.2206007446231128e-05,2.925438596491228,2.7953216374269005,0.9506084731043086,0.51527903887695,684
polintr,political,DE,-0.1058212545268625,0.005600383218850846,-0.11387648134014987,0.0028588936334672525,2.2149122807017543,2.912280701754386,0.878745191104051,0.34804798079149285,684
polintr,political,EE,-0.015271226177260393,0.6901237469977098,-0.0367274284023514,0.33750150227558934,2.5921052631578947,2.9371345029239766,0.8480425902495052,0.2870988413310009,684
polintr,political,ES,-0.09508888799522523,0.01278103741402309,-0.08883559012137004,0.02005044339959769,2.7518248175182483,2.858394160583942,1.0085962532226507,0.42794257139281644,685
polintr,political,FI,-0.13393251287892347,0.0004400943329059775,-0.11282829986403069,0.0031059440990173037,2.1854014598540146,2.9284671532846716,0.7737034188933265,0.3233027895479058,685
polintr,political,FR,-0.09911083860986734,0.009494033617936354,-0.11212599666809206,0.003320713660377554,2.6023391812865495,2.8874269005847952,0.9784173563197822,0.4019204836478707,684
polintr,political,GB,-0.18063709378632412,2.021030414675515e-06,-0.18998863489652895,5.681378129146102e-07,2.505124450951684,2.8609077598828696,1.002000977825154,0.42946163732154036,683
polintr,political,GR,-0.07677304568981971,0.044575498535811706,-0.0909756717884148,0.01723512608405687,2.9182481751824816,2.8656934306569344,0.9562214700175594,0.42859043348983283,685
polintr,political,HR,-0.04490077689963395,0.24055068459717033,-0.054775638537323625,0.15212303696817123,3.0452554744525546,2.8788321167883213,0.9173419205821063,0.3990908265744688,685
polintr,political,HU,-0.0669156268841675,0.08032035789585285,-0.07567400332822659,0.04788929333478618,2.8391812865497075,2.8596491228070176,0.8894286760176449,0.45359522946722297,684
polintr,political,IE,-0.1985547910724265,1.6445121109776046e-07,-0.19981817351892667,1.3672306368122695e-07,2.5760233918128654,2.861111111111111,0.9985690960415069,0.4081984767499977,684
polintr,political,IL,-0.021063304188225596,0.582090546171716,-0.02272089626140837,0.5527439987862736,2.4715328467153284,2.9226277372262772,1.0236208026074045,0.33963187431134156,685
polintr,political,IS,-0.017871219986496382,0.6405588115485032,-0.01591746723580693,0.6775084450918076,2.2613138686131387,2.9386861313868615,0.8854120010347647,0.27947532692531546,685
polintr,political,IT,-0.1531849672494802,5.972853158969065e-05,-0.1626857733051408,1.9892253149379845e-05,2.9941262848751835,2.814977973568282,0.8401474880494118,0.47694990591194897,681
polintr,political,LT,-0.05890112976421023,0.12353307493081052,-0.07505100045119203,0.049593332433117594,2.7503649635036496,2.8802919708029195,0.7782800883015527,0.3976979473400368,685
polintr,political,LV,-0.008545851232383985,0.8235864450509852,-0.013942601236950868,0.7160596901786875,2.890190336749634,2.8535871156661785,0.8057384686409317,0.4218356609839178,683
polintr,political,ME,0.007809861580975107,0.8387953123162544,-0.002959031157255313,0.9385621951374878,2.910425844346549,2.881057268722467,0.8344917231686422,0.3936362137485497,681
polintr,political,NL,-0.06468110535232668,0.09073250340855424,-0.0803684952277831,0.03546525378919388,2.28029197080292,2.9299270072992702,0.8361215999082302,0.3121246198075494,685
polintr,political,NO,0.010933151426582959,0.775158546260253,0.023558643067019516,0.5381928665191359,2.456934306569343,2.9430656934306567,0.7910127142461848,0.30774496267580526,685
polintr,political,PL,-0.08791169915228778,0.02176921559610215,-0.08821951985002645,0.02131060902222815,2.5844346549192365,2.9030837004405288,0.8308349869277007,0.37101514997819895,681
polintr,political,PT,-0.2038302229439013,7.382621946546937e-08,-0.21215649765689423,2.0649508515726285e-08,2.8656934306569344,2.797080291970803,1.0084756283680514,0.5026161973010702,685
polintr,political,RS,-0.05406792288818652,0.157496250480281,-0.0677231659286115,0.07651388060950524,3.0175182481751825,2.8408759124087593,0.9030404952143213,0.4518569134718125,685
polintr,political,SE,0.041744107841832856,0.2759650436861826,0.03868566943822682,0.3127120299185062,2.0775988286969254,2.9297218155197657,0.8094812629529728,0.3351951485367355,683
polintr,political,SI,-0.07167894092632979,0.061361990121600075,-0.06886274843142867,0.07230474165851881,2.7082111436950145,2.875366568914956,0.8746167758196953,0.41697842966316984,682
polintr,political,SK,-0.05131984146717232,0.1797257812331339,-0.03531100750401399,0.35612321009516246,2.6773722627737224,2.8131386861313867,0.8215831868138809,0.49571519575199713,685
polintr,political,UA,0.052358834364519546,0.17263841099602364,0.04407356553126562,0.2510753932004982,2.726470588235294,2.7294117647058824,0.9139110869407551,0.5746379595403924,680
psppipla,political,AT,0.08599346429288103,0.025038437237588203,0.09819833094857765,0.010458443710653444,2.3475699558173786,3.3446244477172313,0.8343417118155887,0.5071143989473348,679
psppipla,political,BE,-0.01847508254843604,0.6310741514284434,-0.02468461116975175,0.5210937340493975,2.191740412979351,3.338421828908554,0.8923387576276055,0.5640008110412108,678
psppipla,political,BG,0.10239089146176625,0.00794652118541954,0.11888018127377015,0.0020380129132086386,1.7123695976154993,3.373845007451565,0.8923282746617875,0.5619840650537087,671
psppipla,political,CH,0.025310193216157788,0.5115253021687682,0.031570333186743134,0.4128404888553929,2.9274074074074075,3.3807491025856047,0.9831238914798386,0.5459786547942409,675
psppipla,political,CY,0.08311994961635923,0.031332551858799323,0.09286926001947833,0.016111873281752596,1.8315946348733234,3.3072280178837556,1.020659863922315,0.5351209154937799,671
psppipla,political,DE,0.035691449976157585,0.3523770403333579,0.04161976506909574,0.2781063354762605,2.5462555066079293,3.309324522760646,0.9336778569199983,0.5331417553473079,681
psppipla,political,EE,0.10036684978785289,0.009279161566170794,0.10244055745575456,0.007916089087031482,2.1296572280178836,3.396870342771982,0.8807390224212779,0.5651620131204502,671
psppipla,political,ES,0.0036681962034517744,0.9241023065953553,0.01754963143684792,0.6485200941944793,1.8552437223042837,3.28397341211226,0.8459911423867126,0.514535194858097,677
psppipla,political,FI,0.07811200705020221,0.041123889242653464,0.0871264949243543,0.02267773189995426,2.7339181286549707,3.4327485380116958,0.8414352754171046,0.5738396947226992,684
psppipla,political,FR,0.029818324859324816,0.4392626553997098,0.04016170980908858,0.29744956231809505,2.0562962962962965,3.3292592592592594,0.9402480422319317,0.5947153891646345,675
psppipla,political,GB,0.05189085616132702,0.18203858884402632,0.060822308265762924,0.11767810775105902,2.0482654600301657,3.306938159879336,0.830367284221561,0.514573246563974,663
psppipla,political,GR,0.09413239473991075,0.014278950406929456,0.10102744045726564,0.00852515888245593,1.9985228951255538,3.3807237813884785,0.9783140634017249,0.5522693169482482,677
psppipla,political,HR,0.08021900394775149,0.03719230034409727,0.10829262084754519,0.004853532993248791,1.665185185185185,3.3336296296296295,0.7726134421154383,0.5362339930135125,675
psppipla,political,HU,0.05987343674342502,0.11852704340845664,0.049547924083215455,0.19655829124378513,1.8516886930983847,3.3682819383259917,0.8575105538734312,0.572757635155725,681
psppipla,political,IE,0.06146597637253788,0.11140285111057606,0.0922287448942251,0.016780133870747668,2.168154761904762,3.2495535714285713,0.907000848594619,0.5212901942051176,672
psppipla,political,IL,0.13466825674768168,0.0005073401771902109,0.15557478524322418,5.750505033761648e-05,2.076923076923077,3.4565610859728504,1.0172803941973485,0.583469360270657,663
psppipla,political,IS,0.07115105167563913,0.06447985149593422,0.07593199921195776,0.048446822825050646,2.6420118343195265,3.356139053254438,0.8583937315581119,0.566041515201706,676
psppipla,political,IT,0.06823647845078187,0.07913318287151518,0.06957359787869442,0.07341774972290135,1.7888386123680242,3.347662141779789,0.7777469646254971,0.5542596329016646,663
psppipla,political,LT,0.09105843914006519,0.018399077188220297,0.09154879300554782,0.017776731081626855,2.017910447761194,3.362238805970149,0.943695210153398,0.5593005478512191,670
psppipla,political,LV,0.04739902373110879,0.21977547290637933,0.05629588532810473,0.14489692653565067,1.7306547619047619,3.3363095238095237,0.8686015894353065,0.5745393380762456,672
psppipla,political,ME,0.06686144048905251,0.08514573830372474,0.04854445597547459,0.21156164759468135,2.0828313253012047,3.3378012048192773,0.916123610242357,0.5323914993080744,664
psppipla,political,NL,0.011177679819800973,0.7707605636265275,0.012370340329097222,0.7470945594799873,2.4545454545454546,3.348240469208211,0.9205524972973222,0.541647143300773,682
psppipla,political,NO,-0.0033379179067855227,0.9310203401464475,0.015073233210985287,0.6958634186629916,2.994074074074074,3.3984444444444444,0.9065998501397606,0.5668786768114858,675
psppipla,political,PL,0.0917116097811807,0.01765907788228472,0.08328379311629011,0.0312517241530514,2.1225710014947685,3.375859491778774,0.8279810755646273,0.5368078063389614,669
psppipla,political,PT,0.04450357557158085,0.24928508248044415,0.050561167207191136,0.19050302014765,1.7931547619047619,3.2994047619047615,0.91212115170471,0.5623558095102763,672
psppipla,political,RS,-0.01973468785561234,0.6188063631226093,0.004143139251940833,0.9168159106706096,1.9184952978056427,3.2917711598746084,1.0207899759583756,0.5126030142505473,638
psppipla,political,SE,0.018212157280667867,0.6366927447228725,0.02690275262481389,0.4853117539216404,2.831111111111111,3.4026666666666667,0.8973639822926496,0.5813817573457915,675
psppipla,political,SI,0.05829779443726752,0.13140249156129102,0.0724076207340793,0.060849564210777064,2.1207153502235467,3.27451564828614,0.818828847525622,0.5616795410590615,671
psppipla,political,SK,0.09726108915853977,0.011525467978017068,0.11362027072005823,0.003138374581162435,1.927299703264095,3.2648367952522257,0.8648988684750155,0.5736624498006294,674
psppipla,political,UA,0.06901983547582484,0.07486163511533302,0.08759319147397461,0.0236777399048249,1.6806596701649175,3.2413793103448274,0.9515125541780568,0.48958818730119397,667
psppsgva,political,AT,-0.020534461254895945,0.592964911144772,-0.010742489907716158,0.7797671030929195,2.3088235294117645,3.4789705882352937,0.8223203089196762,0.6178365973211235,680
psppsgva,political,BE,0.12705421888044383,0.0009387642606910736,0.13421498240905558,0.0004716241156064277,2.2088888888888887,3.560666666666666,0.8863845367464309,0.6883065271889552,675
psppsgva,political,BG,0.17400348938000212,7.621929864118154e-06,0.16798698432989728,1.5708659421395593e-05,2.0749235474006116,3.5653669724770642,1.1498243731511566,0.6854069134078883,654
psppsgva,political,CH,0.06703548857195356,0.08111714189919528,0.09329030808568756,0.015100809672650881,3.21976401179941,3.559734513274336,0.963326924020817,0.6770458380223904,678
psppsgva,political,CY,0.06002244388219464,0.11924666811619512,0.06913464479650083,0.07265532874402261,1.8962962962962964,3.4877037037037035,0.9931073590595881,0.7327521600800568,675
psppsgva,political,DE,-0.0028794529345652093,0.9404757812454814,-0.00967323807686829,0.8019237693638488,2.542222222222222,3.5169629629629626,0.9509847049248421,0.6818528105850855,675
psppsgva,political,EE,0.04720486508330761,0.2223639099699367,0.06094425095305454,0.11502064602600683,2.2119402985074625,3.6393283582089557,0.9374331885406496,0.692988801831363,670
psppsgva,political,ES,0.09510010749929768,0.013936338814704139,0.11003765450114768,0.004408845248065007,2.094311377245509,3.5062874251497003,0.9695965738864041,0.660191232136615,668
psppsgva,political,FI,-0.007890198558617887,0.8368055605735982,-0.0092754850795012,0.8086663173157824,2.4634502923976607,3.651461988304094,0.7972190475799101,0.7014193287097921,684
psppsgva,political,FR,-0.010538151514627971,0.785099903213796,0.006249388199719501,0.8715400299392657,2.1324404761904763,3.5944196428571424,0.912908584081554,0.6976237863873367,672
psppsgva,political,GB,0.04681481455341584,0.22972283695507556,0.04436167225986591,0.25509043780770196,2.1333333333333333,3.487878787878788,0.8357224225947983,0.6231534546782486,660
psppsgva,political,GR,0.07476884033148645,0.05148255446662529,0.055923486465429884,0.14547894504652667,1.9970544918998527,3.5363770250368187,1.047538278025633,0.6887116434684066,679
psppsgva,political,HR,0.019799817464766296,0.6083958628557699,0.050504913728322574,0.19099742416531632,1.6428571428571428,3.5806547619047615,0.78575783261367,0.6376985817995469,672
psppsgva,political,HU,0.17873420464979267,2.6403992798474207e-06,0.16612243145747754,1.2965573338661524e-05,1.9824046920821115,3.604545454545455,0.9768155702608059,0.6918191018879268,682
psppsgva,political,IE,-0.01191148329735197,0.7570432887675916,-0.01986767479951489,0.6058284790590253,2.2629246676514034,3.475258493353028,0.9647633682632638,0.6559897889454418,677
psppsgva,political,IL,0.04351786256719385,0.26497705118754683,0.07208668299593739,0.06459927384347697,1.965045592705167,3.657674772036474,1.013002265547011,0.7173472847529918,658
psppsgva,political,IS,0.1494362955922358,0.0001020905404114006,0.16242340596402696,2.3617508885505083e-05,2.5767511177347244,3.564828614008942,0.8497561699763808,0.6101504038834367,671
psppsgva,political,IT,0.07438010780197189,0.05522120452896924,0.07663749629560783,0.0482131829049577,1.7759398496240602,3.549248120300752,0.7699309912688556,0.633466300845953,665
psppsgva,political,LT,0.05842465228258391,0.12998968206553743,0.03855654948229507,0.31791319793653455,2.236255572065379,3.536106983655275,0.9830674812447819,0.6466633686447605,673
psppsgva,political,LV,0.07233554206529574,0.06169112376456586,0.10646846282830252,0.005879437099724275,1.8158682634730539,3.5426646706586826,0.9214679283834347,0.691600989996876,668
psppsgva,political,ME,0.05136530353150834,0.18518294416991443,0.03444545064053049,0.37443586537255724,2.1934032983508245,3.489130434782609,0.9038215283584695,0.6598567681191833,667
psppsgva,political,NL,0.014032407722754806,0.7157196267598824,0.010666882114564666,0.7819079236175985,2.544378698224852,3.6067307692307695,0.9250975036124607,0.6246087664379287,676
psppsgva,political,NO,-0.008609536987798714,0.8230657258911539,-0.015107062790687058,0.6947848083500376,2.895125553914328,3.5801329394387,0.8280885474977414,0.6869076663309821,677
psppsgva,political,PL,0.0705826043354752,0.06933163209219088,0.06375399399701205,0.1009720886381169,2.268476621417798,3.5984162895927603,0.8847577726674779,0.6708100765250035,663
psppsgva,political,PT,0.08475704435119426,0.02813661306968398,0.07451466661418268,0.05369523495997673,1.9910581222056631,3.4806259314456036,0.9650197962034397,0.6000598690389436,671
psppsgva,political,RS,-0.015767078024409294,0.6916921957817458,-0.020156719645894095,0.6121659954345628,1.853543307086614,3.4464566929133857,1.0305885791593936,0.6580723301685959,635
psppsgva,political,SE,-0.004115731525927403,0.9147500632785093,-0.02149681429565118,0.5760330611438136,2.6671575846833577,3.615169366715758,0.8980293191323413,0.6671094645140995,679
psppsgva,political,SI,0.023458012743069367,0.545021899374483,0.04274907492729856,0.2698905245392818,2.1497005988023954,3.5059880239520957,0.8527492711928171,0.6671293286055894,668
psppsgva,political,SK,0.05097534867856419,0.1868917537837151,0.042075476481324876,0.2760777070876877,2.0297619047619047,3.5747023809523806,0.911431590313995,0.6545609106924604,672
psppsgva,political,UA,0.10053311530745478,0.009535148706314864,0.09607175549075642,0.013261724523282527,1.7575301204819278,3.4103162650602408,0.9763124742401114,0.624067127128081,664
vote,political,AT,0.021638041217059013,0.5740952855624539,0.020170350525448827,0.6003478689740935,1.2998522895125555,2.0590841949778436,0.5654369222650558,0.6052490223002379,677
vote,political,BE,-0.00017362282715273483,0.9963915524841808,-0.0031364353829038253,0.9348867232877899,1.353891336270191,2.0748898678414096,0.6835377135329757,0.6004662609174053,681
vote,political,BG,-0.033963926943846125,0.3751310349543226,-0.04472667185936217,0.24272634289725198,1.3859649122807018,2.103801169590643,0.5702549623165922,0.635262154021827,684
vote,political,CH,0.020653669519109474,0.5946814981071132,0.014334303057554173,0.7119420766506027,1.6711711711711712,2.057057057057057,0.7975399077732456,0.5929812937898712,666
vote,political,CY,0.006265288427311136,0.8707402466318053,0.008129113424810638,0.8327890752312809,1.3471196454948302,2.039881831610044,0.5951317333519341,0.6457910961462143,677
vote,political,DE,-0.026251019989429504,0.4927646002201425,-0.04183199671955159,0.27425018131928375,1.34014598540146,2.035036496350365,0.6663880836812058,0.5986816951084123,685
vote,political,EE,-0.025916928193329553,0.4992337515411781,-0.029412926436451825,0.44315329732968,1.3709677419354838,2.098240469208211,0.6379403823322093,0.6088166328680209,682
vote,political,ES,-0.008600099086218858,0.8224851597091936,-0.013825384219089992,0.7183448684384186,1.390922401171303,2.0161054172767203,0.6683280215653653,0.586783618776006,683
vote,political,FI,-0.07390641092093003,0.05495759871280673,-0.08698449797720177,0.023820013457171135,1.1896296296296296,2.048888888888889,0.4649868499582924,0.6155582574770402,675
vote,political,FR,-0.09078909567744421,0.018837870189672083,-0.0889419959603865,0.021405939321056854,1.4872944693572496,2.0687593423019432,0.6276345705710873,0.6414302299559659,669
vote,political,GB,0.0535957178062607,0.1630137723389661,0.05602608835163017,0.14474059027887312,1.3711340206185567,2.0309278350515463,0.6053768747466809,0.6003323998917269,679
vote,political,GR,-0.005921422373741077,0.8771497628570462,-0.005419484698487822,0.8874909849634446,1.1871345029239766,2.0233918128654973,0.42959135409880356,0.5722035327233924,684
vote,political,HR,-0.04145164618563661,0.28290729036405177,-0.05049577660900051,0.19074671695183318,1.347696879643388,2.0208023774145616,0.5858435744254655,0.6046801184995463,673
vote,political,HU,-0.0012532844647506456,0.9738997059117654,-0.004910724648655385,0.897992296658322,1.2792397660818713,2.064327485380117,0.5352373957481539,0.6254364106155654,684
vote,political,IE,0.007162840854433832,0.8516666234526137,-0.0012560265635710192,0.9738426206875803,1.317251461988304,2.038011695906433,0.6051952152270625,0.5915605783618363,684
vote,political,IL,-0.020589055139285564,0.5952814805237707,-0.02621972039210959,0.49871432972847307,1.31437125748503,2.0209580838323356,0.5584058965658902,0.5739295972923829,668
vote,political,IS,-0.05481455768550607,0.15303701015560622,-0.05343598807803088,0.16365069194344947,1.2657856093979443,1.9985315712187959,0.6241379993273689,0.5903619671952249,681
vote,political,IT,-0.01443188065178562,0.709236382010186,-0.019766931843910363,0.6095269309647893,1.4119402985074627,2.0850746268656715,0.6067685950755983,0.5941301642910947,670
vote,political,LT,-0.0014220706387208708,0.970473158170125,-0.004603771486361783,0.9046166778460016,1.4294117647058824,2.097058823529412,0.5827816147282077,0.6062926254204828,680
vote,political,LV,-0.0016298402122120464,0.9661117195502107,-0.0044259088302240485,0.9081504907480046,1.4120234604105573,2.101173020527859,0.6264148832123065,0.6179154260018193,682
vote,political,ME,0.003986926111554955,0.9178964132638109,0.004716877273224579,0.9029328447329094,1.195230998509687,2.0327868852459017,0.42920394761651304,0.6148397297835297,671
vote,political,NL,0.028379834583452668,0.46033377967104877,0.016228980327413278,0.6729247551949579,1.2974963181148749,2.0633284241531666,0.6215236579847957,0.6026941452233057,679
vote,political,NO,-0.007204759182998405,0.8510251954912431,0.0031234533563817197,0.9351079776828365,1.3064516129032258,2.057184750733138,0.6581150639893231,0.6044011304284214,682
vote,political,PL,0.0262943567179161,0.49395974403464954,0.016363740448931977,0.6703679119475918,1.1973490427098674,2.0883652430044184,0.47590192012274535,0.6080799190359045,679
vote,political,PT,0.028700986308550804,0.45660742010892624,0.026340555042363597,0.4944818333612428,1.3466666666666667,1.9866666666666666,0.5827388520880838,0.631610442236225,675
vote,political,RS,-0.018066638329547007,0.6411379415034454,-0.009060276427897864,0.8151904200481728,1.251497005988024,2.0988023952095807,0.47697903516928547,0.6261170430506203,668
vote,political,SE,0.05051016282197246,0.18669950589285342,0.04193486693463869,0.2730708284131242,1.1284671532846715,2.048175182481752,0.4404524695582757,0.6414190898300385,685
vote,political,SI,-0.006886408239658866,0.8575359494221102,-0.017636065240698814,0.645689196361004,1.310850439882698,2.0410557184750733,0.5962433876406844,0.609338053352877,682
vote,political,SK,0.08312869053098676,0.02959424901556873,0.09657019713035861,0.011445960914011333,1.2452554744525548,2.0525547445255476,0.47878543994453426,0.6307287500471834,685
vote,political,UA,0.042144616646988355,0.2792682350898182,0.03559395394569508,0.36088754493390995,1.37821482602118,2.0635400907715584,0.5441789666270188,0.6021820375474847,661
actrolga,efficacy,AT,0.11874608262626161,0.002143544986641051,0.13022607171321876,0.000755006572556122,2.3363363363363363,3.0435435435435436,1.0539297465997963,0.37544407237905253,666
actrolga,efficacy,BE,0.022959885511678182,0.549747338611708,0.03558213502083972,0.3538547112479851,2.1674008810572687,3.120411160058737,1.0267856036304521,0.3913143103980849,681
actrolga,efficacy,BG,0.18618119987327209,1.1528962736024233e-06,0.17088026423294203,8.288125341972549e-06,1.9227340267459139,3.112927191679049,1.1636752695756687,0.44557602738382956,673
actrolga,efficacy,CH,0.1601399691447771,2.9169940159089602e-05,0.13955140744883035,0.00027610836587728345,2.3496296296296295,3.0948148148148147,1.1279346211135373,0.4322528312989428,675
actrolga,efficacy,CY,0.11677852379709781,0.0025034996771598,0.12649706241563896,0.0010512024069483596,2.031437125748503,3.058383233532934,1.111706699020294,0.4593246034044737,668
actrolga,efficacy,DE,0.1273609773678698,0.0008804992133939653,0.13556402541481097,0.00039660382563996773,2.2901325478645065,3.085419734904271,1.060029976805696,0.3624027799151037,679
actrolga,efficacy,EE,0.08532299773561426,0.02664418776984807,0.09082655364835876,0.01826264632533958,2.065185185185185,3.154074074074074,1.0386677239279896,0.4557191732101033,675
actrolga,efficacy,ES,0.18959930533815528,6.594704059557254e-07,0.1831760589547857,1.5748173335005764e-06,1.8761061946902655,3.0530973451327434,1.0324090371653345,0.38832385252393004,678
actrolga,efficacy,FI,0.12694218655711567,0.0008690628087001204,0.15143011058675712,6.919554168308983e-05,2.4437956204379563,3.18978102189781,1.0603749001783096,0.4703620404055898,685
actrolga,efficacy,FR,0.08566177029298283,0.025825085051508396,0.1016492834417392,0.008125581805759553,2.119645494830133,3.140324963072378,1.1248331335278972,0.424245115365429,677
actrolga,efficacy,GB,0.05348662847004692,0.16798042289278578,0.04948150442465726,0.2021852080477821,2.2162162162162162,3.081081081081081,1.1244814108760588,0.3831441386866793,666
actrolga,efficacy,GR,0.08782049330562974,0.023006533957691196,0.09627014766407296,0.012665790477817542,2.1507462686567163,3.0973134328358207,1.0430026125204441,0.40750647959323305,670
actrolga,efficacy,HR,0.053647994188400654,0.16574368982756135,0.07399793154580775,0.05574765805423266,1.7877428998505231,3.0508221225710015,1.0337562255196147,0.4647323095179194,669
actrolga,efficacy,HU,0.07480566069985549,0.051367460929357234,0.09823460564622566,0.01042987517893634,1.8865979381443299,3.044182621502209,0.9853409643285633,0.46827764712912273,679
actrolga,efficacy,IE,0.006183569040845362,0.8729756055173348,0.03988266697558659,0.302263479576964,2.2295081967213113,3.040983606557377,1.1174703159468111,0.36471815088037535,671
actrolga,efficacy,IL,0.08230028350956453,0.03370903949283093,0.07910680470093882,0.04126359553976975,2.1426426426426426,3.1336336336336337,1.1758528812821236,0.40875127390591603,666
actrolga,efficacy,IS,0.12335392139376004,0.001226793199640313,0.13321670415805856,0.00047712971614011717,2.652046783625731,3.162280701754386,1.095169170364703,0.45110380664633043,684
actrolga,efficacy,IT,0.14989696059166596,9.595539036533867e-05,0.15951357764054802,3.267238653404886e-05,1.8616071428571428,3.037202380952381,0.8804292614852455,0.42301511685190607,672
actrolga,efficacy,LT,0.07681424008579939,0.047196556608521,0.10177436926634963,0.008479871011083448,1.9491017964071857,3.1032934131736525,0.9904108918774025,0.42393309861401096,668
actrolga,efficacy,LV,0.0061216337487329684,0.8748920009360533,0.03418127729528756,0.3791912989009298,1.5060240963855422,3.0677710843373496,0.7118644434468039,0.42534752219536487,664
actrolga,efficacy,ME,0.13697205575070998,0.00043908001359483707,0.11399203542200072,0.003485184773643554,2.0931297709923666,3.0580152671755725,0.9280862918343994,0.36639290554600923,655
actrolga,efficacy,NL,0.07345375876178713,0.05519650114590714,0.07520538208477111,0.049625685625559274,2.1099706744868034,3.1173020527859236,1.095144938686441,0.3687814513372458,682
actrolga,efficacy,NO,0.014479435289626212,0.7060393770623007,0.0109955606608642,0.7745553711483948,2.6930983847283407,3.1600587371512483,1.078436751539429,0.419301936785334,681
actrolga,efficacy,PL,0.1028022418591986,0.007835728676110532,0.09744656141366081,0.011740262839789562,2.1077844311377247,3.092814371257485,1.0157969087161305,0.40655334294864987,668
actrolga,efficacy,PT,0.11109308896119145,0.003724410630483226,0.16104429738462273,2.4499018451520385e-05,1.7029411764705882,3.010294117647059,0.9799117191813218,0.4745790184332531,680
actrolga,efficacy,RS,0.0355660125570192,0.36090055203662835,0.05913604615074205,0.12851409767426675,1.904833836858006,3.054380664652568,1.170104493647702,0.4153672455460077,662
actrolga,efficacy,SE,0.10272101025939255,0.007301294490653218,0.1090212087656655,0.004395590736786912,2.679882525697504,3.195301027900147,1.0807230631020466,0.47127012874671137,681
actrolga,efficacy,SI,0.11603781962361417,0.0027078141706664417,0.12298936215716587,0.0014722320454000942,1.9744744744744744,3.057057057057057,0.9875663610069859,0.4063996178285305,666
actrolga,efficacy,SK,0.025225297380551816,0.5120045752288741,0.0025161572776543216,0.9478587060948127,1.8554572271386431,3.0368731563421827,0.8913127492227471,0.36879413681518136,678
actrolga,efficacy,UA,0.06648195550565923,0.0883800372052889,0.07750881893209861,0.04687492816239395,1.743161094224924,3.007598784194529,1.0095391483849372,0.4146517602905671,658
cptppola,efficacy,AT,0.06772993181353201,0.07979370805107201,0.06607164178114591,0.08747017264681112,2.68955223880597,3.1,1.1975478593540263,0.38332195992746204,670
cptppola,efficacy,BE,0.03489735405662771,0.3621412779549648,0.006348152880572143,0.8683743577737923,2.0716374269005846,3.1578947368421053,1.0148889877783287,0.4242767826758766,684
cptppola,efficacy,BG,0.03658491547383273,0.36312677934444454,0.029669741054189406,0.4608535359594371,2.085483870967742,3.1733870967741935,1.098147474315381,0.47491328533669797,620
cptppola,efficacy,CH,0.08471192169867463,0.027522362290830497,0.10400336719565202,0.006760147805641456,2.7178729689807977,3.1447562776957163,1.0638726685300108,0.42099818828023045,677
cptppola,efficacy,CY,0.1615605450607099,2.5407736649410527e-05,0.13830972187646437,0.00031980684812364006,2.0787518573551265,3.1203566121842496,1.0984473292151014,0.5334790273651867,673
cptppola,efficacy,DE,0.05443922743892385,0.15802412570991325,0.05974920240095967,0.12121715572830323,2.664688427299703,3.1335311572700295,1.0430692398792933,0.4495039297176893,674
cptppola,efficacy,EE,0.17846359879377838,2.976088054307758e-06,0.14718695852929717,0.0001212595010415269,1.8847858197932053,3.220088626292467,0.9334460031224998,0.5076439293418826,677
cptppola,efficacy,ES,0.11711211527882376,0.002172422356327854,0.10341358751450086,0.0068315999538143286,2.171303074670571,3.1317715959004393,1.1519189270355241,0.48457218239854366,683
cptppola,efficacy,FI,0.13268675268897598,0.0004980397102373834,0.14919938098129804,8.864101393199379e-05,2.3401459854014597,3.243065693430657,0.9776343818141108,0.5225605564446556,685
cptppola,efficacy,FR,0.1642325775690511,1.7508713425585453e-05,0.16583617544457,1.4442746582895605e-05,2.2319054652880355,3.167282127031019,1.006334112548886,0.4720247823352756,677
cptppola,efficacy,GB,0.09075458042356249,0.019153115018908814,0.09763556393044495,0.011703153560582755,2.2867867867867866,3.126126126126126,1.0776078518140602,0.444524592561072,666
cptppola,efficacy,GR,0.08511406051510303,0.02794542356789791,0.09013689818086132,0.019897186192626575,2.28335832083958,3.1278860569715143,1.0536973921559336,0.49438486567238343,667
cptppola,efficacy,HR,0.04884654629181491,0.20464906020027623,0.04680631446682877,0.22422190310116055,1.8150887573964498,3.100591715976331,0.9411467352627001,0.437433192043818,676
cptppola,efficacy,HU,0.13793529558831097,0.0003220479250283835,0.11581999037404817,0.0025621615477885405,1.856508875739645,3.1260355029585796,0.9530313126461624,0.4848852863924567,676
cptppola,efficacy,IE,0.11654411913828638,0.0023354366797982327,0.09700303164652878,0.011378763575574175,2.2044117647058825,3.114705882352941,1.107337134642515,0.46852782499338796,680
cptppola,efficacy,IL,0.10635331012396589,0.006008870949751166,0.08249430616160457,0.03329081204808712,2.1366366366366365,3.216966966966967,1.184210701929987,0.5343793719754648,666
cptppola,efficacy,IS,0.11590926187754154,0.0024321562863804783,0.12120328313075733,0.0015184661460862403,2.7565982404692084,3.1586510263929615,1.0150087403093573,0.5159340060478622,682
cptppola,efficacy,IT,0.06244934726512785,0.10815774562458694,0.09151054531185977,0.01843387046128031,2.055806938159879,3.1018099547511313,0.8629107833795074,0.39897494801737393,663
cptppola,efficacy,LT,0.09081644954938313,0.018980853190467373,0.10295256361394997,0.007791476754563015,1.944527736131934,3.143928035982009,0.957777963822151,0.4716957278567074,667
cptppola,efficacy,LV,0.09875370884078659,0.010596192745021367,0.11734901731744726,0.0023652319693336326,1.5500747384155455,3.1614349775784754,0.8240150137641918,0.4708016834952092,669
cptppola,efficacy,ME,-0.025382410300975454,0.5173211465786888,-0.0275062251750289,0.4828809726878171,2.1562021439509955,3.090352220520674,1.0242963927396431,0.3666905948000944,653
cptppola,efficacy,NL,0.1171647563249737,0.002146124132052155,0.12451864350229994,0.0011010835119196222,2.128654970760234,3.1654970760233914,1.082726320396843,0.475929745843082,684
cptppola,efficacy,NO,0.0532134537287999,0.16448273294456972,0.035811936265960215,0.34969008734456913,2.690058479532164,3.240643274853801,1.0647365085281462,0.4836569409646531,684
cptppola,efficacy,PL,0.0954502554024449,0.013035989244094522,0.09963077395434575,0.009540368530081618,1.9511834319526626,3.161242603550296,0.9280717191750327,0.47363770528869154,676
cptppola,efficacy,PT,0.20048877385044991,1.2926468104527917e-07,0.22549673790246408,2.6017022838563227e-09,1.7096774193548387,3.067448680351906,0.94838616228976,0.4738342379225297,682
cptppola,efficacy,RS,0.07647200339751842,0.050256887075549074,0.046699207608600836,0.23230046022203854,1.891768292682927,3.114329268292683,1.1413903058109518,0.4393355581309603,656
cptppola,efficacy,SE,0.10138211068532486,0.008295162779187164,0.08739097534091822,0.022966265803069756,2.691285081240768,3.20384047267356,1.07174481831764,0.4983256206713917,677
cptppola,efficacy,SI,0.054320829371459906,0.15986580494865732,0.0623988565311843,0.10632812597123556,1.9821162444113263,3.1266766020864383,0.966440920149137,0.49810459973043414,671
cptppola,efficacy,SK,0.09855056674275785,0.01023992952094142,0.11565397856403058,0.0025611812668781975,1.612094395280236,3.1005899705014746,0.867074425307997,0.4573053242033766,678
cptppola,efficacy,UA,0.03170431031880211,0.4119050008753246,0.06060019810597596,0.11654203081173738,1.7172619047619047,3.0639880952380953,1.0432379391929856,0.41263305563927205,672
trstprl,inst_trust,AT,0.019755949405583034,0.6081233313457359,0.012634804301896101,0.7429796816340056,5.09319526627219,5.055843195266272,2.468506430489933,2.019609210229176,676
trstprl,inst_trust,BE,0.12366625122201647,0.0013735693588760554,0.08480006886012618,0.028530509088344765,4.695652173913044,5.6218890554722645,2.2928330009241074,1.8965277343430256,667
trstprl,inst_trust,BG,0.1064070703789999,0.005617176551602534,0.11404404602394201,0.0029842989261092707,2.507396449704142,5.362869822485207,2.1578325949387196,1.9875084095025923,676
trstprl,inst_trust,CH,0.058582493813933496,0.13242877689847998,0.05874780920445393,0.13133812425280889,6.481089258698941,5.432072617246596,1.8833455144686804,1.8937617128408146,661
trstprl,inst_trust,CY,0.05686086612781449,0.1406031590037981,0.06301886716531965,0.10237742860403251,3.9361069836552747,4.950222882615156,2.4501738884772157,2.129401068043019,673
trstprl,inst_trust,DE,0.04109255949757676,0.2853117891827352,0.02072253286217417,0.5901321916780151,5.151917404129794,5.570796460176991,2.6346606034522746,1.8992736580676564,678
trstprl,inst_trust,EE,0.1613918635013134,2.6275701309060302e-05,0.17938675392168096,2.8744933669539717e-06,4.717261904761905,6.052678571428571,2.5828390904911678,1.7121879130036544,672
trstprl,inst_trust,ES,0.005234991446915925,0.8928136652691175,0.010494009554921116,0.7870728758709757,4.302255639097744,5.067669172932331,2.639552780365144,2.0052472157848062,665
trstprl,inst_trust,FI,0.04118781550671985,0.28312882515152116,0.032625479011934515,0.39529397635921404,6.588839941262849,5.664464023494861,2.011319139693268,1.971331301941054,681
trstprl,inst_trust,FR,0.10738730849325782,0.005359464511891778,0.09964137907171315,0.009803201531257173,4.277198211624441,5.412816691505216,2.5038600446790316,2.0022933778109175,671
trstprl,inst_trust,GB,0.1601986600401974,3.3676402623113574e-05,0.1616421391468754,2.852546227003084e-05,3.5813253012048194,4.982680722891566,2.570164244546271,2.0282881905393095,664
trstprl,inst_trust,GR,0.059050492895619554,0.12313186859593082,0.04460782920672839,0.24432790648128397,3.152269399707174,5.198389458272328,2.1375582797804937,1.961644018603907,683
trstprl,inst_trust,HR,0.0433625780965765,0.26164064360819017,0.06582346950954497,0.08819217801324983,2.9404761904761907,5.136160714285714,2.488608636823257,2.036291921808838,672
trstprl,inst_trust,HU,0.10739736454277457,0.005389643029303636,0.11689338634759326,0.002441852538110812,4.573134328358209,5.0649253731343284,2.9045391047337317,2.099158400036413,670
trstprl,inst_trust,IE,0.08293073790851052,0.03356194076581865,0.08661459605839725,0.02641523216805504,5.06544901065449,5.145357686453577,2.3465678402455747,2.0347096113839083,657
trstprl,inst_trust,IL,0.2349913705845361,1.0779669198147182e-09,0.23258672521800866,1.6070035616863657e-09,3.8234398782343986,5.344444444444445,2.713875543622654,1.9597093418685962,657
trstprl,inst_trust,IS,0.09381175895477689,0.014469046157402568,0.09364011276782709,0.0146503600164617,5.547864506627393,5.529455081001473,2.2998635343427924,1.880230520912228,679
trstprl,inst_trust,IT,0.12784252723697262,0.0009032612886312636,0.12981712324425365,0.0007496564988387454,4.432190760059613,4.995529061102832,2.3767105951521583,1.9810620501494274,671
trstprl,inst_trust,LT,0.09191692603302953,0.016826389494249257,0.09360107801415772,0.014913587546091052,3.7159763313609466,5.402366863905326,2.529080481598387,1.9931572620185818,676
trstprl,inst_trust,LV,0.024340253196138265,0.5303095092993305,0.030676633198497682,0.4289641949826727,3.101949025487256,5.513943028485757,2.394020161137377,1.9673995923321048,667
trstprl,inst_trust,ME,-0.018764483632763063,0.628562170179122,-0.009610798997089144,0.8043263354530752,4.2023988005997,5.227136431784108,2.4135740267207515,1.9780472483724587,667
trstprl,inst_trust,NL,0.07541249494541197,0.050179329856337634,0.06782483657532176,0.07825481500620758,5.241481481481482,5.7352592592592595,2.1145386651343006,1.8492443037628779,675
trstprl,inst_trust,NO,0.14082120088038222,0.00022255827024840984,0.10845961827068898,0.0045440444401413675,6.483162518301611,5.602928257686677,2.351936984513174,1.8692817568880165,683
trstprl,inst_trust,PL,0.06854035930688973,0.07713186329262109,0.05607160571856331,0.14832938444607652,3.9324324324324325,5.324024024024024,2.6007400506811966,2.0270040174207904,666
trstprl,inst_trust,PT,0.14174510315812303,0.00024023684835996296,0.14723908058907795,0.00013544950840337463,4.386806596701649,4.726386806596702,2.6321538862987515,2.0689378657171043,667
trstprl,inst_trust,RS,-0.12935532422621374,0.0011172388608358525,-0.11674452811863048,0.0032910534437172183,4.1835443037974684,5.1210443037974684,3.08534413514367,2.031249570819213,632
trstprl,inst_trust,SE,0.08256525633117581,0.03133802151854895,0.07687688432672185,0.045071984918540454,6.277941176470589,5.7625,2.2147148533524312,1.8354204993476635,680
trstprl,inst_trust,SI,0.040009962703314646,0.29999983937655167,0.03577248811572401,0.3541394261051446,4.188707280832095,5.304606240713224,2.472176773414355,1.9981597637449042,673
trstprl,inst_trust,SK,0.08973818394558651,0.019347029234953638,0.10579325165631483,0.005790952076247025,4.120765832106038,4.788365243004418,2.7795336087647264,2.0604715234259285,679
trstprl,inst_trust,UA,0.030488288347735166,0.43249875183826103,0.020982342552778418,0.5891103917039221,2.2285714285714286,4.2781954887218046,2.570469796395679,2.0699491563609422,665
trstplt,inst_trust,AT,0.019148767518205635,0.6191946035507824,0.021803651197803066,0.5714528816797547,3.6538461538461537,4.747041420118343,2.481039208790453,1.9585497593278844,676
trstplt,inst_trust,BE,0.03700855641914697,0.33702637217786524,0.029223732824289674,0.44844528120123966,4.124444444444444,5.174814814814815,2.231932625397228,1.95455484616433,675
trstplt,inst_trust,BG,0.15962017774619539,2.9747655657385787e-05,0.17894553013173042,2.7486534456941647e-06,2.2123893805309733,4.877581120943953,2.0751807343131135,2.080840087506965,678
trstplt,inst_trust,CH,0.08430216406576188,0.030097609330509076,0.07961882065938296,0.040567657352000616,5.602719033232629,5.104229607250756,1.9143992574708164,1.9255461362935462,662
trstplt,inst_trust,CY,0.05407564605961215,0.16113599199329565,0.07860619767203915,0.04149141532935299,2.677563150074294,4.461367013372957,2.24835627908205,2.1188621238585035,673
trstplt,inst_trust,DE,0.036219079696422206,0.34529968709994535,0.038984801242784965,0.30969429239427576,4.070484581497797,5.165198237885463,2.346654922151738,1.9823356686724396,681
trstplt,inst_trust,EE,0.09242326364459547,0.016549977743193386,0.08261244546906946,0.03225521142838745,3.5922619047619047,5.673363095238095,2.3221475497433572,1.8922357633000486,672
trstplt,inst_trust,ES,0.05652608010443428,0.1408898459681197,0.0642380949589328,0.09417547509101733,2.7426470588235294,4.778676470588235,2.3650508951839044,2.0850618172544677,680
trstplt,inst_trust,FI,0.011128801697905895,0.7715719401282448,0.021868186767729173,0.5683179683717213,5.393850658857979,5.415812591508053,2.0229816605147195,2.0285387688368357,683
trstplt,inst_trust,FR,0.07882786035900015,0.04017351361511026,0.062386282772342115,0.10458410149810665,3.8997050147492627,5.160766961651918,2.1704269709762496,2.019651022540955,678
trstplt,inst_trust,GB,0.05491849244981778,0.15593305743871955,0.06561060986061294,0.08994753660421771,2.9162929745889388,4.566517189835576,2.31995780165557,2.0294574601143154,669
trstplt,inst_trust,GR,0.11422138825123417,0.0029606932829998696,0.09929929299815969,0.009837984671428908,2.682962962962963,4.984444444444445,2.078630167681866,1.9757756493132987,675
trstplt,inst_trust,HR,-0.005670634890830503,0.883001918745355,0.004156580016392031,0.9140975926747659,2.0710059171597632,4.589201183431953,2.179565609448557,2.059489749334386,676
trstplt,inst_trust,HU,0.1444715459719235,0.00016568464542867186,0.150696822614391,8.479454792793245e-05,4.071111111111111,4.642222222222222,2.6898497709549924,2.0661704518990422,675
trstplt,inst_trust,IE,0.05460299539395033,0.15958157745516827,0.052432490247474164,0.17685788016972773,4.297744360902255,4.611278195488722,2.4063941606139627,2.0398017760171014,665
trstplt,inst_trust,IL,0.1875175409610923,1.2034594000317285e-06,0.19041429979385913,8.161764453122677e-07,3.2420574886535554,4.814977307110438,2.4982632760960257,2.0401877976020377,661
trstplt,inst_trust,IS,0.10186626858032304,0.008274417653741525,0.10676762221601527,0.005632649936751164,4.792846497764531,5.268256333830104,2.19911979107696,1.9440739881774896,671
trstplt,inst_trust,IT,0.13069018364430804,0.0006646848547819847,0.13417075582618013,0.0004736834539039937,3.3925925925925924,4.597777777777778,2.3216702530807436,2.0003881918025477,675
trstplt,inst_trust,LT,0.06101759175686455,0.11323438892118225,0.07158945938715722,0.06304315513613828,3.474074074074074,5.086666666666667,2.3047803168729444,2.0495277012569466,675
trstplt,inst_trust,LV,0.03534493383534231,0.3635318775129327,0.05028384075948387,0.19596859544209058,2.616892911010558,4.973303167420815,2.2063800647271083,2.0865406206026753,663
trstplt,inst_trust,ME,-0.05046107669964311,0.19072149778003974,-0.04418427300317349,0.25199352273455367,3.6899109792284865,4.887240356083086,2.2457459850149193,2.0201180827969587,674
trstplt,inst_trust,NL,0.06479459100995674,0.09328764723557144,0.035082888094175375,0.3638577204556218,4.839285714285714,5.474702380952381,2.042266813231686,1.9344973740298668,672
trstplt,inst_trust,NO,0.06986193445236179,0.06825267616621261,0.0633103348235298,0.09853817736374382,5.277126099706745,5.258064516129032,2.0588347527525355,1.9828858977132073,682
trstplt,inst_trust,PL,0.009346462792393564,0.8097441589073485,0.02176112885903193,0.5750700017594059,2.855855855855856,4.856606606606607,2.328690671569085,2.0543575293854652,666
trstplt,inst_trust,PT,0.10071625684022105,0.00883182769936649,0.10374970591175461,0.006980270040240975,2.877037037037037,4.411111111111111,2.3602777567758153,2.066644331585381,675
trstplt,inst_trust,RS,-0.08729248807326152,0.02639604672768516,-0.0821150702411754,0.036781287418051894,2.8871715610510047,4.7086553323029365,2.8531562892835924,2.0620526647410813,647
trstplt,inst_trust,SE,0.09984591976440481,0.009280688879814284,0.11111718822073041,0.0037680454835342042,4.867256637168142,5.6047197640118,1.9978027432908982,1.8655173393748887,678
trstplt,inst_trust,SI,0.049647412995481255,0.19865087993961328,0.059284211160605504,0.124707247233356,3.21875,4.902529761904762,2.285457084142585,2.053264529989114,672
trstplt,inst_trust,SK,0.07980947028130071,0.03746437421334359,0.08484168524108239,0.026944553167348305,3.861764705882353,4.550735294117647,2.6278798305962177,2.062891729159357,680
trstplt,inst_trust,UA,0.00964578673841014,0.8040632317258599,0.004787800806583358,0.9019952490206502,2.0075301204819276,3.9435240963855422,2.3292235998883637,1.9658211313300602,664
trstlgl,inst_trust,AT,-0.027042001019907468,0.48175620186984397,-0.043489255132560696,0.2577713791192308,6.633284241531665,6.997054491899853,2.330915659439005,1.1871324048242367,679
trstlgl,inst_trust,BE,0.10651496417696575,0.005603994664279466,0.04982648535115842,0.1960339194946237,5.352592592592592,7.198518518518519,2.460393373702163,1.1818348899066948,675
trstlgl,inst_trust,BG,0.10039840882490035,0.009742454100495299,0.08364025578304435,0.03141983357711081,3.8549848942598186,7.1072507552870094,2.9189968200522163,1.2662768972847165,662
trstlgl,inst_trust,CH,0.11134073074225283,0.003988285616650556,0.1283955238369392,0.000888849863872828,6.938530734632684,7.1056971514242875,1.97904933653923,1.167501857310602,667
trstlgl,inst_trust,CY,0.040522971499356165,0.2949230872077161,0.038810063881558166,0.3158243348061242,4.367164179104478,6.5873134328358205,2.6504582935466163,1.7677742096973268,670
trstlgl,inst_trust,DE,0.1274516485245981,0.000872986916378427,0.12486022010782247,0.0011128125262279737,6.325478645066274,7.1141384388807065,2.34962785587877,1.1587834831181414,679
trstlgl,inst_trust,EE,0.09058541165534684,0.01901737968548595,0.11513615882560843,0.002839571488552462,6.325373134328358,7.377611940298507,2.4553010454507116,0.9622657765245369,670
trstlgl,inst_trust,ES,-0.03936716455036813,0.3074773665877555,-0.010608366687917474,0.7833886549078414,5.301186943620178,6.892433234421365,2.621167420922754,1.420739719795634,674
trstlgl,inst_trust,FI,0.08268031434201067,0.03085452791014273,0.07646412871327013,0.04591970129789494,7.478005865102639,7.2646627565982405,1.8804856466401407,1.1495886849405506,682
trstlgl,inst_trust,FR,-0.006710052178452282,0.8614506430796808,-0.028381843294151513,0.46030201954094474,5.2901325478645065,7.131811487481591,2.447032965938026,1.2995080030366641,679
trstlgl,inst_trust,GB,0.1544266464885417,6.447831530646792e-05,0.16417476227124908,2.124419085035478e-05,5.524096385542169,6.791415662650603,2.5341154795504726,1.547810729129472,664
trstlgl,inst_trust,GR,0.03992824425489208,0.29776707809432207,0.06433255128150968,0.09320852341500428,5.2404692082111435,7.027126099706745,2.5374039046649175,1.2037314519656916,682
trstlgl,inst_trust,HR,-0.043509987175514034,0.2596654377487598,-0.02671487727496427,0.4890133136743835,3.176820208023774,6.869242199108469,2.460388082545899,1.4865434667222752,673
trstlgl,inst_trust,HU,0.052179971750918645,0.17603064649064665,0.09660003375388743,0.01210399533832428,5.37240356083086,6.8316023738872405,2.7886222629029875,1.5344662688430917,674
trstlgl,inst_trust,IE,0.02772656514670736,0.47535488970615747,0.049667948023512515,0.200827755132309,5.702255639097745,6.809774436090225,2.42695909454577,1.4958207171044922,665
trstlgl,inst_trust,IL,0.20783607678607116,7.115518373544098e-08,0.16305852949056737,2.56149681117999e-05,4.509090909090909,7.034848484848485,2.8473946386908335,1.253340595257939,660
trstlgl,inst_trust,IS,0.16976541576419743,8.806799148789515e-06,0.18729301994625466,9.045455036575504e-07,6.182890855457227,7.089233038348082,2.1948380201951343,1.3674045761980242,678
trstlgl,inst_trust,IT,0.08047596408218152,0.03672678962884898,0.09736922721501498,0.011433197149377204,5.528189910979228,6.888724035608309,2.2960539803477444,1.3599308951669034,674
trstlgl,inst_trust,LT,0.09229052642869448,0.017371064658031374,0.06554030663130196,0.09150952613787161,5.305722891566265,7.130271084337349,2.506985189543673,1.2682939165788023,664
trstlgl,inst_trust,LV,0.032678352618077895,0.4170203990285106,-0.026085815489150246,0.5171104575126565,4.030694668820678,7.064620355411955,2.6089269208750707,1.305276313779248,619
trstlgl,inst_trust,ME,0.06919328793273505,0.07434988269076052,0.08175893381503764,0.03489972936174202,4.328828828828829,6.933933933933934,2.207637626390111,1.368052835617925,666
trstlgl,inst_trust,NL,0.19209757460949853,4.847985098485109e-07,0.16094088720007743,2.620594680748686e-05,6.421597633136095,7.293639053254438,2.0615868302358256,0.9812785672587947,676
trstlgl,inst_trust,NO,0.13950032564129422,0.0002633789729212493,0.1381946025555203,0.0003010436224574665,7.488235294117647,7.238235294117647,1.9984920244158635,1.0481106378665588,680
trstlgl,inst_trust,PL,0.05898032811625217,0.12981587775230438,0.022939291368829915,0.5560433779652084,4.075642965204236,7.194402420574886,2.4821233126095246,1.079259909828874,661
trstlgl,inst_trust,PT,0.15102912170993307,9.699926517330494e-05,0.1576936751122731,4.658653293307699e-05,4.43267776096823,6.441452344931921,2.4439951645178217,1.7484296875616032,661
trstlgl,inst_trust,RS,-0.0009403675661095094,0.981072365931252,0.017147584936141783,0.6652708987544115,4.192488262910798,7.050860719874804,3.019093872568788,1.2454286483729993,639
trstlgl,inst_trust,SE,0.03962355930866252,0.3065054919032484,0.03568932236251009,0.35706022891992656,6.609281437125748,7.359730538922156,2.154811378426528,0.9743692470161112,668
trstlgl,inst_trust,SI,0.10320246894305517,0.007551757445312381,0.07350542358294995,0.057402151355972805,4.8041853512705535,6.943946188340807,2.5481437064708516,1.3870379319416182,669
trstlgl,inst_trust,SK,0.08950414289860957,0.019666430828652888,0.060998409316681095,0.11228085689867448,5.014727540500736,6.78939617083947,2.7474452398565314,1.5480902939287513,679
trstlgl,inst_trust,UA,0.06092474795223328,0.12275222814978491,0.07776267425020816,0.04872258287375842,2.56298600311042,6.035769828926905,2.6322345987145264,1.9187861614134052,643
trstprt,inst_trust,AT,0.05813351545103434,0.13020081659657534,0.07909467274639981,0.039355447218229575,3.577319587628866,5.296023564064801,2.414829651201255,1.969531660343604,679
trstprt,inst_trust,BE,0.0808624337273698,0.036666853039043705,0.061188054468940496,0.11411450442149225,3.937125748502994,5.723802395209581,2.140268335485471,1.9396020944337746,668
trstprt,inst_trust,BG,0.17450713741905707,4.941902252064393e-06,0.2160060454737666,1.3701549269775584e-08,2.3057607090103396,5.735598227474151,2.13234721257182,2.016453064814652,677
trstprt,inst_trust,CH,0.1066914159230024,0.006273380082609745,0.07751099317191937,0.04737511248735538,5.357251908396947,5.748091603053435,1.884429623321728,1.9693504395296335,655
trstprt,inst_trust,CY,0.09165199475284609,0.0173952300130545,0.08573240579972924,0.026144911169040292,2.49925705794948,5.320208023774145,2.2127369487489004,2.14928184672502,673
trstprt,inst_trust,DE,0.11441118135533698,0.002934220688702533,0.10870940589452044,0.004722175202693751,4.0207715133531154,5.788278931750742,2.209566260413475,1.8553874823335543,674
trstprt,inst_trust,EE,0.14918326894373843,0.00010618207960097591,0.13847100648427693,0.0003245509341475884,3.7059701492537314,6.395522388059701,2.201058353732722,1.6634587515723465,670
trstprt,inst_trust,ES,0.08295958113526894,0.030906346501524525,0.09745059627429739,0.011182489589377068,2.7326440177252587,5.4098966026587885,2.380458090520036,2.0651388239230406,677
trstprt,inst_trust,FI,0.09448458993444939,0.013500316539289205,0.10214688964333474,0.007548256848446967,5.46705710102489,6.064421669106881,1.8961331173700537,1.869717562436484,683
trstprt,inst_trust,FR,0.03434294245435832,0.3730016602444948,0.019104784098303976,0.6202598475034847,3.466666666666667,5.703407407407408,2.1195710892475126,1.9837478253707423,675
trstprt,inst_trust,GB,0.10680283746118965,0.0057615137889731795,0.11829427333841841,0.0022124170316354225,3.076461769115442,5.305097451274363,2.332400215535082,2.0339323695448632,667
trstprt,inst_trust,GR,0.11789278358979736,0.0020121478104719636,0.11305861410791651,0.0030668488856442993,2.7850877192982457,5.52748538011696,2.135733728124317,1.8970668871471308,684
trstprt,inst_trust,HR,0.05129931776647309,0.18247283177658297,0.06230135115649961,0.10531591026870488,2.1610044313146233,5.241506646971935,2.2365477270086225,2.078085025119846,677
trstprt,inst_trust,HU,0.22408878232694013,3.84799633409001e-09,0.22583148195807634,2.89182454649245e-09,4.047337278106509,5.305473372781065,2.6174585375330364,2.176531303778326,676
trstprt,inst_trust,IE,0.03517670251823357,0.3669123707554879,0.024833185679617526,0.5242128047555388,4.1893939393939394,5.203030303030303,2.339645044468467,2.0488325034772643,660
trstprt,inst_trust,IL,0.3133691562850941,1.7569349352952224e-16,0.31114804860942497,2.9310966749653903e-16,3.39453717754173,5.584218512898331,2.3711219606631655,2.1375837396398913,659
trstprt,inst_trust,IS,0.1559986833511336,5.008326690243314e-05,0.13458970315909774,0.0004773252709324459,4.665671641791045,5.735820895522388,2.2253836765520383,1.8786982654638544,670
trstprt,inst_trust,IT,0.18614130759140898,1.1380475758329007e-06,0.19126569997198403,5.656663828433118e-07,3.3961424332344214,5.234421364985163,2.3336895550959125,2.0486147330370734,674
trstprt,inst_trust,LT,0.19873690320943752,2.4298478818162406e-07,0.18289400150278534,2.0949698659156334e-06,3.335843373493976,5.479668674698795,2.2492187105771464,2.06346350577879,664
trstprt,inst_trust,LV,0.05908402013807266,0.1314905181972956,0.07461213993793069,0.056697919355187046,2.482388973966309,5.653598774885146,2.196988832065789,2.07737004971047,653
trstprt,inst_trust,ME,0.025865678794955434,0.5013472332999325,0.026997096497699484,0.4828083354577496,3.8480825958702063,5.292477876106195,2.332530373424166,2.091444073342027,678
trstprt,inst_trust,NL,0.05056808923017123,0.18945196642558915,0.0523563911742739,0.1742512613290507,5.0,5.9714074074074075,1.9473789735099953,1.8335960366888537,675
trstprt,inst_trust,NO,0.11177523497558414,0.0034926558919976427,0.10920032111390558,0.004330998508798253,5.4566813509544785,6.049632892804699,1.9527401938020168,1.8087867270238494,681
trstprt,inst_trust,PL,0.10142637484246977,0.00912118005807094,0.12291331864630024,0.0015576746538620591,2.8848484848484848,5.637575757575758,2.324001730588029,1.9638416260066907,660
trstprt,inst_trust,PT,0.13597530228704355,0.00040410397332648696,0.15275123301379664,6.928877792302167e-05,2.8424962852897475,5.062407132243685,2.3207477135102312,2.1508853729494986,673
trstprt,inst_trust,RS,-0.010445424977092476,0.7910252413241651,0.010192011017615752,0.7959820230776036,2.7941176470588234,5.46671826625387,2.746560258078091,1.9955510372346938,646
trstprt,inst_trust,SE,0.11197709523168366,0.0034815478637424367,0.08580196068033165,0.02536484184281467,4.974963181148748,6.2179675994108985,1.9629963153405567,1.7627499280054353,679
trstprt,inst_trust,SI,0.0410527742432186,0.28864997993088193,0.05424243516328012,0.1607834461619042,3.2044776119402987,5.45,2.248063962661097,2.022140158871924,670
trstprt,inst_trust,SK,0.11703561962685467,0.0023054285665480567,0.1255318988778144,0.0010726813226273444,3.9038461538461537,5.114349112426035,2.6164012604253872,2.0790848462580724,676
trstprt,inst_trust,UA,0.11310327870617413,0.003494133672763475,0.11482815364470755,0.00302304307015205,1.9609022556390978,4.303759398496241,2.3627963123435802,1.9915637592314175,665
trstplc,inst_trust,AT,0.10192739588540918,0.007679060090690072,0.09942939219305816,0.009316925572260944,7.349926793557833,7.317715959004392,2.17873200779453,1.0073451918903975,683
trstplc,inst_trust,BE,0.09242559142633704,0.015606112264580403,0.03824721923957888,0.3178768064665223,6.554093567251462,7.454239766081871,2.0933550791903484,1.0113251129857939,684
trstplc,inst_trust,BG,0.1072836962022766,0.005301365718324271,0.09053229634016831,0.01873201864799112,5.143916913946588,7.436201780415431,2.843370344732877,1.11637592697916,674
trstplc,inst_trust,CH,0.019237760690346443,0.6165239787986327,-0.0060902267646439,0.8740447221615041,7.3426470588235295,7.461029411764706,1.927692629486432,0.8570226911204758,680
trstplc,inst_trust,CY,0.041230679514789315,0.284766092775846,0.0849242118129891,0.027363473778291486,5.071111111111111,7.076296296296296,2.5696778616320413,1.5171232053100103,675
trstplc,inst_trust,DE,0.06294309678881625,0.10076178861550127,0.04629350318966143,0.22762409019476804,7.0881057268722465,7.439060205580029,2.114624725567603,1.0016317558420031,681
trstplc,inst_trust,EE,0.07241652804857161,0.059294565165612746,0.10306956604135707,0.00718896070321289,7.4977908689248896,7.528718703976436,2.125747026876995,0.9130243959498004,679
trstplc,inst_trust,ES,-0.07467137808585025,0.05076090511365778,-0.05555470651756204,0.14637037109351728,6.924087591240876,7.237226277372263,2.395186618968338,1.247922677358343,685
trstplc,inst_trust,FI,0.0626702971202807,0.10124362567436529,0.052235407704397836,0.17207492748716116,8.364963503649635,7.489051094890511,1.4000621979122192,0.9786969819475355,685
trstplc,inst_trust,FR,0.11979201914015424,0.0017112760912748955,0.11883667770051695,0.001864223924358566,6.547584187408492,7.453879941434846,2.1806949287557202,1.070668124069787,683
trstplc,inst_trust,GB,0.1485480259678389,0.00010466897692883909,0.10054993586231809,0.008843791196437443,5.850812407680945,7.209748892171344,2.552969049212378,1.215783562390688,677
trstplc,inst_trust,GR,0.035056843009155375,0.36030294901781657,0.05921755953903927,0.12207320648726394,5.909224011713031,7.3850658857979505,2.4048984373011355,1.0326258928845573,683
trstplc,inst_trust,HR,0.025553121102285765,0.5059055911520307,0.06767690987414562,0.07780383781218858,5.475,7.277205882352941,2.543748292491276,1.245313270484293,680
trstplc,inst_trust,HU,0.0032133809084571034,0.9334894508868965,0.009445929147134048,0.806203220587758,6.3412112259970455,7.307237813884786,2.5390967173837273,1.2742293962656959,677
trstplc,inst_trust,IE,0.0604599719596744,0.11657324948693734,0.04128641138419394,0.28411499190100376,6.534814814814815,7.127407407407407,2.3142994568640685,1.352019570251361,675
trstplc,inst_trust,IL,0.16033011705921915,3.4095162101648346e-05,0.15529052582293104,6.011983846914022e-05,4.7024169184290034,7.27643504531722,2.806512884928297,1.136262676255255,662
trstplc,inst_trust,IS,0.10142564688797738,0.008125265200183248,0.07911010313323573,0.03917187384030231,7.2632352941176475,7.327941176470588,2.0551601360025575,1.139638677234838,680
trstplc,inst_trust,IT,-0.01293753042153667,0.7368584278317112,0.016478611899201034,0.6686529983189161,6.704579025110783,7.237075332348597,2.0406069280114094,1.2374813423720816,677
trstplc,inst_trust,LT,0.11954364216758774,0.0018197543912663859,0.1346348345609079,0.0004393763879974409,6.871681415929204,7.303097345132743,2.341531863340674,1.1523295367486037,678
trstplc,inst_trust,LV,0.10938653549795387,0.0049361693228085375,0.11047632871146734,0.004520569820981337,5.23216995447648,7.224582701062215,2.5538212613457048,1.322738800179266,659
trstplc,inst_trust,ME,0.0004569696132738965,0.9905590277036757,-0.021248185032013367,0.5821389858146029,5.4011887072808324,7.237741456166419,2.1949885592750764,1.2014137053442282,673
trstplc,inst_trust,NL,0.11160564878744975,0.003769689234915531,0.10528089504019371,0.0063007162180823304,7.041666666666667,7.4992559523809526,1.6491127241489063,0.9718463292079251,672
trstplc,inst_trust,NO,0.1182065967542142,0.001987022968918999,0.07272295740319727,0.05766979973012176,7.642228739002933,7.475806451612903,1.9070561503332333,0.9809872506709114,682
trstplc,inst_trust,PL,0.0032338539968707982,0.9332649871376069,-0.003269610037698181,0.9325288599672482,5.1783060921248145,7.489598811292719,2.543257679907068,0.9495669373825173,673
trstplc,inst_trust,PT,0.06709548134734271,0.08129541057412673,0.05774454139374358,0.13365813953864736,6.363905325443787,6.919378698224852,2.3458329611022646,1.626792408188013,676
trstplc,inst_trust,RS,-0.05814433539782755,0.1356503756063218,-0.049987254658499215,0.19964508230791975,5.265151515151516,7.334848484848485,3.0555301949338487,1.1624489381958778,660
trstplc,inst_trust,SE,0.050720517691001256,0.18681131942044643,-0.0009777412234339366,0.9797114391329447,7.1060382916053015,7.519882179675994,2.0038183473142137,0.9079959379127411,679
trstplc,inst_trust,SI,0.023849574849709166,0.534990155326015,0.0013922293836635265,0.9711138193364979,6.315169366715758,7.37260677466863,2.4010057367629867,1.2173345356533876,679
trstplc,inst_trust,SK,0.02297722983000133,0.5509206654703818,0.007607716060326536,0.8434852586773746,5.655325443786983,7.349852071005917,2.731080596991375,1.1453674714916868,676
trstplc,inst_trust,UA,0.05909592665075695,0.1335066969220419,0.04330116379740877,0.27179016606154416,3.4071207430340555,6.537925696594427,2.8464386138291724,1.862032239969947,646
trstep,inst_trust,AT,0.016375828447618722,0.6733702936145552,0.04582755033857356,0.23792901359972474,4.207518796992481,6.131578947368421,2.643291806691772,1.6645383790164676,665
trstep,inst_trust,BE,0.10024856524006145,0.009686478298711144,0.1048227061483199,0.006820233075651441,4.69172932330827,6.512781954887218,2.4309142608268313,1.5210081832948128,665
trstep,inst_trust,BG,0.07322668461978754,0.06755120169381286,0.08528345145961319,0.033172424685113694,4.600961538461538,6.3076923076923075,2.8305939864868206,1.7161881858124166,624
trstep,inst_trust,CH,-0.015532949772393332,0.6990266406472943,-0.029557178336492945,0.4618330189452034,4.940514469453376,6.459003215434084,2.1448357764271435,1.4508615808828056,622
trstep,inst_trust,CY,0.07829642312920272,0.04949089435962052,0.10006099963714012,0.011976618505136231,4.614285714285714,5.783333333333333,2.5942554333933012,2.053410440124449,630
trstep,inst_trust,DE,0.058301633402433634,0.13282843523205767,0.014286845017422795,0.7128535167252181,4.672672672672673,6.448198198198198,2.5997809747661154,1.4753426199946535,666
trstep,inst_trust,EE,0.0864055874923396,0.02908796915559289,0.08522850297805677,0.03136161655448138,4.835423197492163,6.867554858934169,2.550500746763516,1.1511092088257933,638
trstep,inst_trust,ES,0.032783685151250214,0.4069528139484506,0.030205256442658368,0.4448582079936735,4.633956386292835,6.258566978193146,2.5776489641109475,1.684830864368517,642
trstep,inst_trust,FI,-0.03853395814675357,0.3225666316428359,-0.031851680497025636,0.41360752980876964,5.848714069591528,6.656580937972769,2.0131655334546203,1.383640276052586,661
trstep,inst_trust,FR,0.04452221182998218,0.25738234839974106,0.043835710267192005,0.2647994441226364,4.338983050847458,6.478428351309708,2.5182738701749874,1.544952952317311,649
trstep,inst_trust,GB,0.18082472331319285,9.89825006939392e-06,0.17692988557518718,1.541688436815614e-05,3.76271186440678,6.129661016949153,2.660399289962349,1.692804572662824,590
trstep,inst_trust,GR,0.03203816442686709,0.4091065733555802,0.0429237947725365,0.2686562742793279,4.124624624624625,6.28003003003003,2.364733419351053,1.5929942485108257,666
trstep,inst_trust,HR,0.04073279776951831,0.29791546149660386,0.02468779647156192,0.5282214854800983,4.259541984732825,6.055725190839695,2.6364528408356147,1.86559712855616,655
trstep,inst_trust,HU,-0.050706277122178754,0.1918972562545964,-0.052078693637763546,0.18012988606740452,4.721385542168675,6.047439759036145,2.5987165660766496,1.8683098433005423,664
trstep,inst_trust,IE,0.06719950274978656,0.093508567564306,0.04998937009646987,0.21239382781252417,5.211538461538462,6.081730769230769,2.3655082096689313,1.7490340056958948,624
trstep,inst_trust,IL,0.14644247479100553,0.000508046952193188,0.12652589393739336,0.002704036684880374,2.8232142857142857,6.496428571428571,2.557915287083552,1.5551822636729868,560
trstep,inst_trust,IS,0.10179707697673294,0.012827532880967921,0.10857257512248002,0.007928254452211726,5.738693467336684,6.626465661641541,2.182617487210571,1.4214333928038834,597
trstep,inst_trust,IT,0.05302040684965001,0.1766472273553962,0.05854680412949628,0.13564316202308863,4.675883256528418,6.130568356374808,2.333241840849005,1.6732748588911328,651
trstep,inst_trust,LT,0.1951452462594669,8.140192034654739e-07,0.1929847923192508,1.0808412002691598e-06,4.961844197138315,6.410174880763116,2.5784148900271204,1.6926098647004852,629
trstep,inst_trust,LV,0.08795443306769053,0.029850424792190078,0.10522449479731591,0.009302126335468881,4.1262295081967215,6.2926229508196725,2.6165070060591726,1.6908023198642335,610
trstep,inst_trust,ME,0.011954652867144977,0.7609684647046675,-0.0024804160859554824,0.9496734749595009,5.604615384615385,6.317692307692307,2.337932051431931,1.4966045485782726,650
trstep,inst_trust,NL,0.04810579713869874,0.22388264969878655,0.04334869900951919,0.2731337305886995,5.109204368174727,6.731669266770671,2.2284929374424522,1.2430099015875207,641
trstep,inst_trust,NO,0.1158804827264826,0.004317135985094982,0.1075595537803825,0.008101045519474976,5.63305785123967,6.625619834710744,2.1035049759232294,1.4086140460508552,605
trstep,inst_trust,PL,0.11767400120897298,0.002740081991946144,0.08112398060000066,0.03927488787555327,4.006191950464396,6.391640866873065,2.6571463483568736,1.5739718488273393,646
trstep,inst_trust,PT,0.12089752452663766,0.00231221535921016,0.11606306607909037,0.0034533825199416727,4.862559241706161,5.7440758293838865,2.618411760739546,1.9705266132385304,633
trstep,inst_trust,RS,0.09518444409288879,0.01889848011853907,0.08799895695659896,0.030037685634883914,2.7434210526315788,6.282894736842105,2.795611318272079,1.6074077411262366,608
trstep,inst_trust,SE,0.04113831751275651,0.30179531289010847,0.06118655450033739,0.12439105697549281,5.268987341772152,6.7784810126582276,2.1268311405268996,1.2707780798878838,632
trstep,inst_trust,SI,0.11118949625909624,0.004475904561610226,0.10643659459899711,0.0065222936846224796,4.567484662576687,6.367024539877301,2.5628896765932114,1.5206520084775756,652
trstep,inst_trust,SK,0.12920118426208313,0.0008468642236779041,0.1551935470695629,5.922466512668832e-05,4.40210843373494,5.916415662650603,2.93304804116022,1.8440770086936777,664
trstep,inst_trust,UA,0.05654499509921643,0.1620380967364244,0.054338875276716526,0.17907318258578453,4.205546492659054,5.406199021207178,3.131147845952139,2.051763327281076,613
trstun,inst_trust,AT,0.010541859417673176,0.7902642445684032,0.03139649390491329,0.4281880572901217,4.818466353677621,6.881846635367762,2.6578511180787423,1.1912227464310934,639
trstun,inst_trust,BE,0.07275982163965546,0.0617387947732854,0.0396345468573752,0.30929649276439647,5.327272727272727,7.056818181818182,2.360945867301795,1.1371231425167059,660
trstun,inst_trust,BG,0.10187852928397002,0.01377250647739686,0.11175296788559701,0.006865087776219502,4.825342465753424,6.876712328767123,2.842396776761983,1.3500672035056371,584
trstun,inst_trust,CH,0.014252222719783788,0.7197906939200241,0.0004917470652369402,0.9901248397124995,5.278301886792453,6.997641509433962,2.286468433911132,1.035014140619406,636
trstun,inst_trust,CY,0.1375873396616097,0.0004092356556908837,0.11099323055676949,0.00442456730552619,4.150914634146342,6.472560975609756,2.5959626466747463,1.7000251895578669,656
trstun,inst_trust,DE,0.03705854568663596,0.34292482821333786,0.0038957825906229667,0.9206087251523394,5.038051750380517,6.9779299847792995,2.463776815894112,1.1278284124888969,657
trstun,inst_trust,EE,0.03839168494070394,0.3430450950266687,0.026352324941313322,0.5152396902946376,4.741830065359477,7.230392156862745,2.649524908877196,0.9396822824505514,612
trstun,inst_trust,ES,-0.012779411876640041,0.7467478461574911,0.05880123928379256,0.13698585462121848,4.898595943837753,6.811232449297972,2.6787382571923715,1.3588018195989429,641
trstun,inst_trust,FI,-0.05443618631953178,0.16149564941815392,-0.05697712886295793,0.14278068274841077,6.452488687782806,7.159879336349925,2.1110604262695243,0.9985282147692138,663
trstun,inst_trust,FR,0.03574682369401229,0.3669807139615347,0.03431882866658236,0.3864444622091539,5.190923317683881,6.9715179968701095,2.4343117297418755,1.2117641919796138,639
trstun,inst_trust,GB,0.1486146995956326,0.0002990213528403304,0.12241898448261739,0.002945428371932152,4.916666666666667,6.720238095238095,2.686617940244333,1.402862227888844,588
trstun,inst_trust,GR,0.0220514058937227,0.575260167032112,0.039815374615201106,0.3115483748530155,4.216049382716049,6.959876543209877,2.4176556550058983,1.1195583075035629,648
trstun,inst_trust,HR,0.03426258121224575,0.3824187171955911,0.021064935266601185,0.5913327971545914,4.72239263803681,6.743098159509202,2.87869259758749,1.4484055228789638,652
trstun,inst_trust,HU,-0.04515936092512309,0.2524687405793663,0.0011357406507532387,0.9770513111866906,5.287267080745342,6.827639751552795,2.484119261850172,1.4849520010582515,644
trstun,inst_trust,IE,0.08799912526824342,0.030173530933495948,0.06288600810854314,0.12169830983692968,5.42833607907743,6.675453047775948,2.4192000899022967,1.4330863152016537,607
trstun,inst_trust,IL,0.018849872299244314,0.634355921383319,-0.021678710394943346,0.5843818204095381,2.189358372456964,6.961658841940532,2.4888741890129062,1.1739803430258942,639
trstun,inst_trust,IS,0.03584387097949424,0.36046026464832737,0.040771631294717635,0.2981962751086401,6.32312404287902,6.956814701378255,2.2198286657176745,1.1972759050913755,653
trstun,inst_trust,IT,0.041035076716378176,0.2988244165000617,0.03987651814286803,0.3126866290955551,4.964230171073095,6.732503888024883,2.371355966167526,1.3421577159508555,643
trstun,inst_trust,LT,0.12065240393654654,0.003176705219197835,0.10440449999999268,0.010758050137588663,5.026845637583893,6.939597315436242,2.6062531364827777,1.3440347530493941,596
trstun,inst_trust,LV,0.10415864706217179,0.01357726231217229,0.13073660266640297,0.0019158594595553352,3.7896613190730837,6.953654188948307,2.822479923897544,1.3365033061478107,561
trstun,inst_trust,ME,0.007383058762955307,0.8512045846263189,0.016546010141626915,0.6741872591497484,5.415123456790123,6.763888888888889,2.332927988311088,1.3472595116211972,648
trstun,inst_trust,NL,0.12792466903446928,0.0013632733905433634,0.07560128022622732,0.05910189549707798,5.842948717948718,7.141025641025641,2.043118259446827,1.0183625036044788,624
trstun,inst_trust,NO,0.026372854572909155,0.4942738140028279,0.03129257226509118,0.4173122077138077,6.9955489614243325,7.175816023738872,2.0833260949634913,0.8931935135125516,674
trstun,inst_trust,PL,0.10902523712878158,0.005878495170357424,0.10166178138904888,0.010245177633378144,4.934065934065934,7.009419152276295,2.579926979986247,1.1621273901300473,637
trstun,inst_trust,PT,0.15768630400539282,6.946969668841876e-05,0.172640402872045,1.2955005667327873e-05,5.415213946117274,6.4706814580031695,2.6062239138406813,1.6615194838446317,631
trstun,inst_trust,RS,0.009129273673137317,0.8225420729290334,-0.007310529646781234,0.8574708171696491,2.8564356435643563,6.83993399339934,2.829744578897858,1.3483835424144384,606
trstun,inst_trust,SE,-0.05517759640053581,0.15742805879765642,-0.03042640083446217,0.43587394093792176,6.281155015197569,7.183890577507599,2.2251455999385983,1.0167914738285835,658
trstun,inst_trust,SI,0.09614059866686797,0.016376735251624985,0.08269876349317819,0.03906051421254823,4.79454253611557,6.8799357945425355,2.6027753690205486,1.3095980074849884,623
trstun,inst_trust,SK,0.1617669313889404,4.09878036815419e-05,0.16105382735042734,4.4359046839768534e-05,4.861852433281005,6.644427001569858,2.9899840700572495,1.4407658230974312,637
trstun,inst_trust,UA,0.0053411839231886195,0.8957783554001945,0.033954038326691804,0.40485600802746197,3.5745033112582782,6.190728476821191,3.143776222997993,1.8979469048200701,604
happy,wellbeing,AT,0.08815433540993611,0.02140701713559817,0.11301546398740135,0.003143986386465747,7.650513950073422,7.466960352422907,1.6462177327747893,0.7411305036400526,681
happy,wellbeing,BE,0.10801482173967185,0.0046527708620508,0.09483982294619961,0.013018539511916186,7.792700729927008,7.657664233576642,1.4652722157177611,0.5393469393759589,685
happy,wellbeing,BG,0.17181379314620746,6.313058724044636e-06,0.19681720408373993,2.159557994044263e-07,6.301610541727672,7.569253294289898,2.0902890357058124,0.7464621534936445,683
happy,wellbeing,CH,0.13512727166890484,0.000398254191415139,0.06663207749241183,0.0818370479804886,8.150805270863836,7.547584187408492,1.482778489368937,0.6483721030636036,683
happy,wellbeing,CY,0.14499373428541215,0.00014818898459802743,0.11843075677777415,0.0019780536024660367,6.969117647058823,7.358823529411764,2.112572460640209,1.031497373649657,680
happy,wellbeing,DE,0.0688203070559137,0.07185357190101897,0.0865172851120453,0.023544248050591,7.760583941605839,7.612408759124087,1.6774806046513673,0.6133797245368265,685
happy,wellbeing,EE,0.11151656479857579,0.003520896910376886,0.10986515881666054,0.004044208351943165,7.430453879941435,7.6647144948755495,1.7982748980454022,0.6147259591700737,683
happy,wellbeing,ES,0.1288615795362147,0.0007298923975613102,0.0938007858747652,0.014122406562780824,7.881578947368421,7.515350877192983,1.5302742339028848,0.6477676677447791,684
happy,wellbeing,FI,0.06434796778297701,0.09264979306435857,0.07566951402454695,0.04790256386499132,8.096491228070175,7.652046783625731,1.4648800184466202,0.6518215657612111,684
happy,wellbeing,FR,0.09276149244813829,0.015457558063963255,0.0690895641500262,0.07157673755332135,7.465491923641704,7.620411160058737,1.597534433121304,0.6383875423504214,681
happy,wellbeing,GB,0.05734858240078469,0.13490177771686565,0.04656474405668513,0.22490873108881942,7.483113069016153,7.430249632892805,1.9956039187253292,0.8409875650986763,681
happy,wellbeing,GR,0.11198097138855727,0.003361862997659358,0.14320929100250673,0.00017131434527343953,6.777777777777778,7.570906432748538,1.5842481495797571,0.7037975197261033,684
happy,wellbeing,HR,0.15543087452190146,4.456425660939333e-05,0.13943047012478443,0.00025439736619192846,7.597953216374269,7.508040935672515,1.859815138447639,0.7456126185530502,684
happy,wellbeing,HU,0.24167624050210884,1.6572050933873424e-10,0.24088607153218466,1.907349260790813e-10,7.096916299559472,7.497063142437592,1.9687273898716886,0.8304801289233724,681
happy,wellbeing,IE,0.16550994288042903,1.3369925183236729e-05,0.11215081779559671,0.0032907726555908446,7.664233576642336,7.4620437956204375,1.6467111128615846,0.8489873041003522,685
happy,wellbeing,IL,0.13642829500910922,0.000349353088093256,0.11244503296675006,0.003254443060153923,7.401171303074671,7.568081991215227,1.9207460759318333,0.8328696350838526,683
happy,wellbeing,IS,0.12244210289263811,0.0013342955302767178,0.10324154812575648,0.006884031425203726,8.036549707602338,7.603801169590644,1.5190764789557039,0.6840903985873014,684
happy,wellbeing,IT,0.13891053700398523,0.0002712188277147188,0.09154158204972733,0.016710494438454366,6.869692532942899,7.468521229868228,1.7536734112099184,0.7445532487591344,683
happy,wellbeing,LT,0.1622046327914031,2.1063378996795673e-05,0.16361117539236886,1.7811496482533575e-05,7.403817914831131,7.530102790014684,1.937990952378807,0.7589009979653424,681
happy,wellbeing,LV,0.1232808613875678,0.0012453876473855138,0.08939889114723114,0.019450856742638786,6.806734992679356,7.437774524158126,2.065102093232825,0.9029971415509298,683
happy,wellbeing,ME,0.03769452409852748,0.32706461505746814,0.05698277026618363,0.1382847714530856,6.508849557522124,7.4432153392330385,1.9685289451166295,0.7383399786131198,678
happy,wellbeing,NL,0.1697561607117589,8.043681226533873e-06,0.12520780343545682,0.0010324125867742582,8.00438596491228,7.6608187134502925,1.2226431548882588,0.6209023112517904,684
happy,wellbeing,NO,0.09005341709724678,0.0184887077737165,0.11968964752839935,0.001713600467196115,7.954678362573099,7.642543859649122,1.5341858592481814,0.6508829161591909,684
happy,wellbeing,PL,0.12018066216405403,0.0016787565857703287,0.12326121381117622,0.0012685076425136316,7.559471365638767,7.544787077826725,1.92271308376671,0.760112215135027,681
happy,wellbeing,PT,0.21006131588660548,2.995671512913977e-08,0.16385889874997855,1.680378762147023e-05,7.0175695461200585,7.260614934114202,2.0283146599806243,1.0732761133261417,683
happy,wellbeing,RS,0.17647923549353164,3.539048228550909e-06,0.13636904472208755,0.0003549972165093717,7.158357771260997,7.470674486803519,2.214256756102129,0.8235818494569169,682
happy,wellbeing,SE,0.13712894474513593,0.00032211579457038864,0.11962807683805649,0.0017231181627104576,7.728070175438597,7.693713450292398,1.6177189862110928,0.5546066468256206,684
happy,wellbeing,SI,0.10703778902599416,0.0053389331646052545,0.06962820494145694,0.07042318167678194,7.7485207100591715,7.479289940828402,1.7802407330803904,0.8900354209943495,676
happy,wellbeing,SK,0.11308253812254879,0.003148209391104844,0.13719792834304442,0.00033311868864242773,6.6382352941176475,7.471323529411765,2.0840250374998557,0.943305072981228,680
happy,wellbeing,UA,0.04242097213648082,0.27107865754540406,0.07442840601020768,0.053260332389473926,6.0,7.069629629629629,2.6362008451827856,1.1807854647059481,675
stflife,wellbeing,AT,0.2044321494752635,7.36644122480143e-08,0.17053382668618422,7.645062805848513e-06,7.709251101321586,7.554772393538913,1.689253105953353,0.6385265549328466,681
stflife,wellbeing,BE,0.16442742128928386,1.5247029963716854e-05,0.09510230159068277,0.012768355823783778,7.497810218978103,7.65985401459854,1.6959043867732362,0.7601611723160234,685
stflife,wellbeing,BG,0.23266826439053467,8.958573013326012e-10,0.2139831672978372,1.880611165221242e-08,6.13589364844904,7.672525849335303,2.224626085310034,0.7442968374546708,677
stflife,wellbeing,CH,0.18503615170117224,1.121457499280268e-06,0.1498249762354673,8.473379303217486e-05,8.131771595900439,7.650073206442167,1.5526632858200045,0.5843354702968451,683
stflife,wellbeing,CY,0.13566918600143152,0.0003924537686048338,0.13311432576652665,0.0005056585732303944,6.378497790868925,7.426067746686304,2.386579385201395,1.0436128256766928,679
stflife,wellbeing,DE,0.0981226551343171,0.010180756345499819,0.11798126885753937,0.0019812106007148036,7.689051094890511,7.673722627737226,1.7953676109634502,0.639040544636247,685
stflife,wellbeing,EE,0.18974071257633177,5.661169924474676e-07,0.16938430205485763,8.297438322647001e-06,7.02043795620438,7.739999999999999,2.0013569477920097,0.5433866080866856,685
stflife,wellbeing,ES,0.10082733324747603,0.008365647130753067,0.11758933363469704,0.0020827788103669276,7.5183016105417275,7.519033674963397,1.8165584222020117,0.7145867725214163,683
stflife,wellbeing,FI,0.10081198883459475,0.008280507495851012,0.104791599197868,0.006047195798723487,7.957664233576643,7.776350364963504,1.5671015926595087,0.525764377985512,685
stflife,wellbeing,FR,0.13480319576675096,0.0004494093232506494,0.15089021403074787,8.403059907399208e-05,6.786350148367952,7.69406528189911,2.2573092179508203,0.5861910965508412,674
stflife,wellbeing,GB,0.022816667652926847,0.5519473288854013,0.06571332049654999,0.0863786590884813,6.969208211143695,7.525659824046921,2.196764866181473,0.7628497398046921,682
stflife,wellbeing,GR,0.10613575284585747,0.005493991909652565,0.11098593055091335,0.003681928234032811,6.396778916544656,7.647584187408492,1.9311738463063015,0.6159696762793087,683
stflife,wellbeing,HR,0.12974434473706273,0.0006642365424259273,0.13660137857755478,0.0003364447252289068,7.2846715328467155,7.531094890510949,2.0891984287520735,0.8081526103202429,685
stflife,wellbeing,HU,0.16105768889058814,2.446041888558881e-05,0.16684661342317988,1.2226203042090944e-05,6.572058823529412,7.497794117647059,2.1540348540928083,0.9201769465301674,680
stflife,wellbeing,IE,0.0634953301336411,0.09805052403685777,0.06316096315110592,0.09983592655988714,7.348529411764706,7.491617647058824,1.832611843782841,0.889591440857479,680
stflife,wellbeing,IL,0.09662729796330564,0.011640570618386989,0.050501089070448486,0.18807532518321707,7.145374449339207,7.656387665198238,2.0646207205866203,0.7004144924681339,681
stflife,wellbeing,IS,0.20099599229121912,1.1497683424625873e-07,0.13838967661994586,0.0002831783684732386,7.792397660818714,7.623976608187135,1.7645112504339937,0.7715918625674325,684
stflife,wellbeing,IT,0.10870233773311314,0.0048189082875503345,0.14385373879485516,0.00018486025020108225,6.7675111773472425,7.516393442622951,1.864728279860286,0.7404311693963544,671
stflife,wellbeing,LT,0.18232709693808588,1.8913971185785956e-06,0.2031928778958532,1.0319381870127399e-07,7.078635014836795,7.5652818991097925,2.1151236160481055,0.918707338874026,674
stflife,wellbeing,LV,0.23874819372777956,2.7831607292335854e-10,0.201856847056895,1.0797875173834806e-07,6.306901615271659,7.504111600587372,2.270934493579623,0.8528744541758867,681
stflife,wellbeing,ME,0.03821399890014728,0.31865294669744637,0.03035589875702167,0.4283265035454794,6.175695461200585,7.487554904831625,2.185300312430131,0.7548904259993612,683
stflife,wellbeing,NL,0.10220774892717381,0.0077810754571375675,0.10739733488208976,0.005152753001619584,7.943870014771049,7.7008862629246675,1.2198233579084161,0.6956962672146079,677
stflife,wellbeing,NO,0.04128700393165621,0.2809087777595774,-0.0020220655632789525,0.9579014563994656,7.747076023391813,7.737573099415204,1.6867601526773168,0.6117975953886403,684
stflife,wellbeing,PL,0.09094214546861251,0.017606805758856238,0.09848040312261894,0.010126650742020162,7.293685756240822,7.649486049926579,2.0107296190949295,0.6176596246618863,681
stflife,wellbeing,PT,0.1901418077768752,5.456337316908566e-07,0.17116466107014938,6.7440428131879e-06,6.527777777777778,7.333040935672515,2.0385997771926374,1.041646176367272,684
stflife,wellbeing,RS,0.15315105131000042,6.225406176952618e-05,0.12580279388826823,0.001028130482218132,6.6932153392330385,7.559439528023599,2.3391184917411567,0.808005172611528,678
stflife,wellbeing,SE,0.09300125039529225,0.015043134495277137,0.12494801380132724,0.0010668552949711905,7.814055636896047,7.771303074670572,1.813676078499441,0.6037730102395754,683
stflife,wellbeing,SI,0.146099203277576,0.00013166400833779094,0.08965834447798245,0.01936582428197406,7.547058823529412,7.562941176470589,1.9205478007980714,0.8266066318271624,680
stflife,wellbeing,SK,0.0891929409674684,0.020563589808136055,0.10438958285442425,0.006677880588248547,6.34272997032641,7.534124629080119,2.2343493579285623,0.9216845595093667,674
stflife,wellbeing,UA,-0.006724937820841041,0.8609433818123223,0.013839957739368433,0.7184575659337011,5.0646108663729805,7.145080763582967,2.8109965581307503,1.1578415647470455,681
stfeco,wellbeing,AT,0.04024550024064879,0.29752185047033536,0.04087284229399082,0.2900487185796002,5.392857142857143,6.319940476190476,2.1515896158978634,1.2828182448066112,672
stfeco,wellbeing,BE,0.07014316451552217,0.0681603830142153,0.0681927197357394,0.07621095000700101,5.197932053175776,6.46602658788774,2.0717446499954293,1.1661007012457736,677
stfeco,wellbeing,BG,0.06316194961614519,0.10340126322751542,0.06251817448247013,0.10697253344032052,3.096096096096096,6.357357357357357,2.08534083323366,1.3258272769649462,666
stfeco,wellbeing,CH,0.04820353442193656,0.21203926075919294,0.06506149138027696,0.0919437219680828,6.842261904761905,6.5,1.7771860080364688,1.0959891652624028,672
stfeco,wellbeing,CY,0.15623196683930082,4.511513061798543e-05,0.13823276954427619,0.00031249005226946085,3.5828402366863905,6.056213017751479,2.303736400412603,1.5841174223805337,676
stfeco,wellbeing,DE,0.05633211672565997,0.1425553294621952,0.026266307340572344,0.49442077469441054,4.833578792341679,6.543446244477172,2.2876461874511103,1.0919849695524664,679
stfeco,wellbeing,EE,0.07926917739305168,0.039357697108710406,0.062445956879209556,0.10476619862703224,3.9763313609467454,6.702662721893491,2.236936165838725,1.0046080548416525,676
stfeco,wellbeing,ES,0.03516091588837086,0.3606493502630343,0.03904317560023404,0.31004181343296505,4.216814159292035,6.334070796460177,2.228832257656058,1.2796457715872651,678
stfeco,wellbeing,FI,0.0075557491553392775,0.8440856740761529,0.0324960071798834,0.39752115878513583,5.654411764705882,6.556323529411765,1.9309840008771229,1.1543812991530824,680
stfeco,wellbeing,FR,0.005968312776512607,0.8775440530065198,0.007231045703328748,0.8519084608156872,3.672645739910314,6.488789237668161,2.1912009042429283,1.1498281043636902,669
stfeco,wellbeing,GB,0.021611071068491815,0.5768505652888603,0.02486976452520914,0.5207733907988719,3.1494768310911807,6.266068759342302,2.143452751040814,1.2730743123816117,669
stfeco,wellbeing,GR,0.031040153054441983,0.4176437645501552,0.0012462797707804886,0.9740455307746487,3.491228070175439,6.394736842105263,2.0616228978157056,1.175282933837803,684
stfeco,wellbeing,HR,0.04057999753073337,0.29642372857897953,0.04538665173944082,0.24283479158848012,3.7966867469879517,6.282379518072289,2.2077447358714926,1.340461999306915,664
stfeco,wellbeing,HU,0.027206771391233467,0.4800652304872672,0.041192135971791465,0.2848591091267946,4.261834319526627,6.21301775147929,2.5411153355968734,1.3777735360796617,676
stfeco,wellbeing,IE,0.07717890053446017,0.044232763296681514,0.06964840990216765,0.06951292902691206,5.233823529411764,6.225,2.3279761254537523,1.3625406183565962,680
stfeco,wellbeing,IL,0.16548974571625755,1.741968016259526e-05,0.15610998763723613,5.142865774497746e-05,4.6566716641679164,6.494752623688156,2.4782470468189297,1.1616569623484099,667
stfeco,wellbeing,IS,0.05948369912779349,0.12232636364543904,0.05913084317907917,0.12456272113521537,4.479289940828402,6.530325443786983,2.294828343187931,1.1360283827977298,676
stfeco,wellbeing,IT,0.09596667083806645,0.012682225363548141,0.08075631436864644,0.036074325980765765,4.1513353115727005,6.261127596439169,2.1297314420332714,1.3185393912734769,674
stfeco,wellbeing,LT,0.08399770145733051,0.02886103857177624,0.06675515923969821,0.08262679130066766,4.531757754800591,6.456425406203841,2.461708890816285,1.2210945167192644,677
stfeco,wellbeing,LV,0.03481539417529602,0.370407044009472,0.026282716268155336,0.49897782011804687,3.558734939759036,6.355421686746988,2.136979351830504,1.2597256530119072,664
stfeco,wellbeing,ME,-0.008044440249720128,0.8340226067480261,-0.030425577495644382,0.4279467625972553,4.34654919236417,6.387665198237886,2.4138736231485765,1.1730154628044052,681
stfeco,wellbeing,NL,0.04932551261411555,0.19924023284599243,0.04689619494087081,0.2223043371814064,5.8100147275405005,6.587628865979381,1.876925520582071,1.0164836740924565,679
stfeco,wellbeing,NO,0.0009255136772130834,0.9807382860526318,0.034404624762950184,0.3693142933855399,5.730600292825769,6.5300146412884335,2.19718243124862,1.0979417559652531,683
stfeco,wellbeing,PL,-0.046128889467512785,0.24204971804918946,-0.03816141379488267,0.3332180635001223,5.2263565891472865,6.372093023255814,2.0570104105639504,1.249035450477939,645
stfeco,wellbeing,PT,0.04278998351211676,0.2679976937432826,0.03401357643369553,0.37867196307590006,3.7723214285714284,6.0163690476190474,2.162602195089243,1.5541972115512648,672
stfeco,wellbeing,RS,-0.11636184712230352,0.0027338931869291057,-0.11209491653849021,0.003906735373894203,4.1467473524962175,6.3933434190620275,2.6676415377541476,1.2454345177267498,661
stfeco,wellbeing,SE,-0.023931853429998852,0.5344906669891836,0.005016979913735089,0.8964074898860339,4.819526627218935,6.627662721893492,1.9768970255580616,0.9965664811040635,676
stfeco,wellbeing,SI,0.06802222637152447,0.07985350922420804,0.035829345660077186,0.3566255635425389,5.25,6.395331325301205,2.1957383651805586,1.1550110686876558,664
stfeco,wellbeing,SK,0.018654132877141814,0.6310979971749796,0.0123429293921411,0.750706641406647,3.669172932330827,6.198496240601504,2.4001813577037563,1.4352482343964947,665
stfeco,wellbeing,UA,0.06888750724391698,0.07856741851968534,0.06720690127344449,0.08615358642763103,2.660030627871363,5.825421133231241,2.435211659647135,1.6662004502678982,653
stfgov,wellbeing,AT,-0.010312436304604825,0.7891338808912692,-0.02627341716116149,0.4955830738381343,3.9955555555555557,6.743703703703703,2.561118388246672,1.279060266095296,675
stfgov,wellbeing,BE,-0.016382581968816968,0.67208426976878,-0.04962300899426847,0.19954403571433257,4.391044776119403,6.954477611940298,2.177321028001762,1.176413418356047,670
stfgov,wellbeing,BG,0.12554946850084828,0.001117930781238847,0.16793047057038313,1.225528405430181e-05,2.7391952309985097,6.9277198211624444,2.164627149109932,1.3062675615195292,671
stfgov,wellbeing,CH,0.018857989021325537,0.6273710461193931,-0.03064089250919225,0.4301975869995629,6.621052631578947,7.011278195488722,1.755587149558695,1.1073178094953835,665
stfgov,wellbeing,CY,0.04933071562388293,0.20910312994402677,0.03916931493329214,0.318722752221545,4.003076923076923,6.47,2.302940388214603,1.7029680425901141,650
stfgov,wellbeing,DE,0.01782282159008505,0.6456475609318544,-0.006659781781722398,0.8635898680219366,3.967065868263473,6.953592814371257,2.463915123291649,1.0917857243224727,668
stfgov,wellbeing,EE,0.1124397467090727,0.0037972758857404898,0.10212902179521592,0.008598126390464141,3.5597579425113466,7.20695915279879,2.2739931375895233,0.945906642117342,661
stfgov,wellbeing,ES,-0.06235316196215223,0.10816927725173715,-0.05140961291575383,0.18546592904611417,3.745864661654135,6.739849624060151,2.6251939480328836,1.3889592537862017,665
stfgov,wellbeing,FI,0.17967340953691976,2.6313134520051425e-06,0.21607545700973307,1.423645223960593e-08,4.881481481481481,7.069777777777778,2.3633321916833996,1.1466914518978455,675
stfgov,wellbeing,FR,0.10773651803335617,0.0052446097427955,0.1089849016227341,0.004740574218664445,3.7970149253731345,7.001492537313433,2.400919738394098,1.2320450433054235,670
stfgov,wellbeing,GB,0.025323662045230295,0.5141405134026378,0.07392265625308093,0.05655349719881415,2.9684684684684686,6.62012012012012,2.4403678503186623,1.5335301994964117,666
stfgov,wellbeing,GR,0.07099414621753314,0.06369312942137074,0.11696411005757291,0.0022009332761004073,3.6486090775988287,6.890922401171303,2.3095067387390564,1.152024686425519,683
stfgov,wellbeing,HR,0.01234702366686339,0.750626688552939,0.0027679238479087526,0.9432036055186059,3.398496240601504,6.684210526315789,2.525591454121873,1.4336133736156036,665
stfgov,wellbeing,HU,0.08667862488633374,0.024639136863556965,0.13800687212488555,0.0003331359243339874,4.465773809523809,6.661904761904762,2.7841398797070225,1.54588283628619,672
stfgov,wellbeing,IE,-0.007139968970651288,0.8537525911487405,0.008123287314773634,0.8338864905287217,4.9940209267563525,6.65321375186846,2.332398756140392,1.4730846645025666,669
stfgov,wellbeing,IL,0.16648316789113596,1.9888215969977785e-05,0.19051760244485752,9.94117786925112e-07,3.893846153846154,6.936153846153847,2.8892434763022283,1.2335827189625082,650
stfgov,wellbeing,IS,0.20688246974808666,6.98995432729052e-08,0.2057450511466611,8.27005903243564e-08,4.187406296851575,6.977961019490255,2.394806133230013,1.1627127510357755,667
stfgov,wellbeing,IT,0.13947313846718207,0.00034329604064721263,0.13784585772624708,0.00040309466730881996,4.32824427480916,6.7006106870229,2.2478081341895013,1.3801009113733989,655
stfgov,wellbeing,LT,0.15113765410000343,9.587071252913438e-05,0.13633825405579655,0.0004396923981013032,3.913767019667171,6.897125567322239,2.5447762061873567,1.272973456945488,661
stfgov,wellbeing,LV,0.06092007743991522,0.12046784675015482,0.051675045970837,0.18789917254002184,3.1781874039938556,6.801536098310292,2.274720696679624,1.3968637750341297,651
stfgov,wellbeing,ME,0.059044091972743455,0.12766817003821956,0.05422955418889211,0.1618268896787493,4.692653673163418,6.779610194902549,2.437813351845499,1.2916355408343168,667
stfgov,wellbeing,NL,0.018487197777495974,0.6326258609437344,-0.010414946653553117,0.7877068279087993,4.602086438152012,7.024292101341282,1.995800471208358,1.1684880131766513,671
stfgov,wellbeing,NO,-0.045273222198142914,0.23943487324609514,-0.043371827839856485,0.25976522454725104,4.791728212703102,7.1097488921713445,2.1646821097060798,0.9966182889023552,677
stfgov,wellbeing,PL,-0.06357460694125842,0.11615403770423513,-0.07681091997380078,0.057548854731161336,4.491830065359477,6.985294117647059,2.7649191055271984,1.1505834619351167,612
stfgov,wellbeing,PT,-0.07596399073167405,0.050221439966849454,-0.04413745949009289,0.2557007285422689,3.5894736842105264,6.268872180451128,2.316431066365911,1.762205992796301,665
stfgov,wellbeing,RS,-0.12690908132672551,0.0013285684296281842,-0.08016256702257037,0.0431253812025109,4.375196232339089,6.887441130298273,3.1908201910020777,1.2467691132542378,637
stfgov,wellbeing,SE,0.03804264084553504,0.3269498320695132,0.07888336893528909,0.0418419089269352,4.183183183183183,7.230180180180181,2.1783803225220693,0.8985396492759068,666
stfgov,wellbeing,SI,-0.03348355939667312,0.391886013278871,-0.046416814788787376,0.23513960927574087,4.286585365853658,6.8498475609756095,2.491549672965445,1.2585342163300255,656
stfgov,wellbeing,SK,0.05288086984607575,0.17220955028849816,0.05766970109745327,0.13649754013155915,4.179640718562874,6.5326347305389225,2.7831262592220454,1.597143515970332,668
stfgov,wellbeing,UA,-0.01899910053966121,0.6250581749744434,0.019757265739658896,0.6113134513274657,2.5421686746987953,5.922439759036145,2.5617028877154677,1.8618402027452878,664
stfhlth,wellbeing,AT,0.024611766092080094,0.5204828781356263,0.028634393008636336,0.45465914897111553,6.52046783625731,7.151315789473684,2.3552419497190815,0.7484379201617052,684
stfhlth,wellbeing,BE,0.02573909308813201,0.5018692638686905,0.031185113006233146,0.4158138555962273,7.260614934114202,7.243777452415813,1.7629331653927633,0.8597901385598472,683
stfhlth,wellbeing,BG,0.05261602836976065,0.1692793704059583,0.07026300297379544,0.06628002400322497,3.861111111111111,7.24780701754386,2.3685981161760004,0.8463570289126928,684
stfhlth,wellbeing,CH,-0.026500738945449843,0.49025424883064805,-0.01928589867506448,0.6156420972942929,6.8088235294117645,7.20735294117647,1.970005965326498,0.8052325520481239,680
stfhlth,wellbeing,CY,-0.013641355209234582,0.7223296137585785,-0.012743668445820443,0.739918696355636,5.726872246696035,6.936857562408223,2.2852462339607,1.2380516448314796,681
stfhlth,wellbeing,DE,-0.026772523486931057,0.4851706308016248,-0.032020545789363246,0.40377353642102404,5.262463343108505,7.241202346041056,2.355989979505321,0.7956122459634092,682
stfhlth,wellbeing,EE,0.0220335977111368,0.5653947793074816,-0.0004279626279644203,0.991092598487153,5.7628111273792095,7.376281112737921,2.1523959924379845,0.5861246977640212,683
stfhlth,wellbeing,ES,-0.01012352706027541,0.7914093574898806,-0.005924688153658493,0.876993114692715,5.623357664233577,7.12043795620438,2.5145268808972334,0.9434398524984866,685
stfhlth,wellbeing,FI,0.027366461471925778,0.47488678413065993,0.06935008708502015,0.06989269083200507,6.419590643274854,7.315789473684211,2.0372006909045886,0.7712717660888118,684
stfhlth,wellbeing,FR,0.01736305631014822,0.6510473911475732,-0.022174632047310974,0.5634824480626816,5.358296622613803,7.226138032305434,2.4164192103442916,0.8875567446854938,681
stfhlth,wellbeing,GB,0.02467510089766206,0.5212543442308997,0.032708125497836485,0.3951447862675534,4.808259587020649,7.050884955752212,2.515850416467445,1.0258796485041461,678
stfhlth,wellbeing,GR,0.042512091814341645,0.26686810092063173,0.04045915903559874,0.2906751793142582,3.388888888888889,7.119152046783626,1.9921351787365045,0.7400280040872008,684
stfhlth,wellbeing,HR,0.005886084334382625,0.8782332731566262,0.014834124684991715,0.6993957929627883,5.452941176470588,7.104411764705882,2.615940180968984,1.03693695065117,680
stfhlth,wellbeing,HU,-0.001937792935209931,0.9598917538879305,0.04329965429966799,0.2609134198342515,3.5680473372781063,7.053254437869822,2.481298889988783,1.0628980929074068,676
stfhlth,wellbeing,IE,-0.08101145860435724,0.034543940752493896,-0.06298811763791913,0.10051793469054209,4.493392070484582,7.0198237885462555,2.4175279864300068,1.05995447936014,681
stfhlth,wellbeing,IL,0.05664952672234337,0.14238481746418302,0.06704809477276352,0.08242173984334668,6.523809523809524,7.214285714285714,1.887925018568345,0.8231404161947459,672
stfhlth,wellbeing,IS,0.0044079028161017626,0.9085895642367212,0.021845207063050973,0.5692932630738519,5.36417033773862,7.215124816446402,2.086964357569605,0.8231344454463664,681
stfhlth,wellbeing,IT,0.034603521290217376,0.36938369031916213,0.04479794232290645,0.24510913426683378,5.071111111111111,7.103703703703704,2.097966610108834,0.8383790534721167,675
stfhlth,wellbeing,LT,0.04513917640991248,0.23978700430576108,0.04265661581340566,0.2666511773892227,4.3808823529411764,7.206617647058824,2.345161242368479,0.9319403646594789,680
stfhlth,wellbeing,LV,0.05567468611437129,0.14758071339046025,0.056633526979013527,0.14072145862207822,4.094395280235989,7.223893805309735,2.498436350605697,0.8704511812940586,678
stfhlth,wellbeing,ME,0.04054165770480807,0.292182346148584,0.03319842760624067,0.388446100196959,4.813884785819793,7.149926144756278,2.320652543856923,0.8630588373149952,677
stfhlth,wellbeing,NL,0.03890812260418632,0.3127965799659951,0.05360325424190775,0.16420346823968432,6.608888888888889,7.291111111111111,1.7846803845991854,0.7660708130475687,675
stfhlth,wellbeing,NO,-0.019855367679918006,0.6041885859537395,-0.0035189617988468217,0.9268055004491418,7.0774853801169595,7.277046783625731,1.8701998682948657,0.8155243662525188,684
stfhlth,wellbeing,PL,-0.05354473480724428,0.1643515142206494,-0.04914946407294324,0.20185213602909116,4.152366863905326,7.224112426035503,2.2859656239979578,0.7574782406904101,676
stfhlth,wellbeing,PT,0.044248666374298966,0.24884648099839124,0.055102875830657996,0.1508848121837868,3.845814977973568,6.878854625550661,2.523655895220506,1.2415926125746306,681
stfhlth,wellbeing,RS,-0.04688383672104401,0.22414328075596537,-0.014022513795363898,0.7163152419372387,4.246290801186944,7.155786350148368,2.80551243806248,0.9699362222522064,674
stfhlth,wellbeing,SE,-0.004803321558408883,0.9007226891205139,0.02747798635526574,0.4753697556975563,5.669128508124077,7.327917282127031,2.087538677606394,0.7445088561827952,677
stfhlth,wellbeing,SI,-0.04283157299211173,0.2653992145615409,-0.06304907834281569,0.10094236296451294,4.721238938053097,7.127286135693216,2.509748838202685,1.0078020649911406,678
stfhlth,wellbeing,SK,0.014540623079028288,0.7056857542109254,-0.01734432100248248,0.6523602631872694,3.8537666174298377,7.062776957163958,2.480254238473112,1.0547735807684877,677
stfhlth,wellbeing,UA,0.08111375873474423,0.0367904989017732,0.06475122884550254,0.09573972681780693,4.273001508295626,6.879336349924586,2.6065183011205333,1.206319530497024,663
stfedu,wellbeing,AT,-0.07573563600538205,0.05435797605620367,-0.0644547808269944,0.10168348181365816,6.219814241486068,6.878482972136223,2.3150288821373697,1.1738170118161442,646
stfedu,wellbeing,BE,-0.04237243107781117,0.27198456717936936,-0.08158520978117731,0.03420261067148202,5.756676557863502,7.114985163204747,2.024403478440247,1.119752844898239,674
stfedu,wellbeing,BG,0.04167731517751534,0.2928306466220584,0.05971559409734103,0.13157809383276992,4.056338028169014,7.115805946791863,2.3118787671820518,1.0139546402285802,639
stfedu,wellbeing,CH,-0.08051069754909296,0.04174011775230399,-0.07715228390069773,0.051067919393216026,6.6765625,7.00390625,1.9404468603898612,1.1138200240479903,640
stfedu,wellbeing,CY,0.01681351621259399,0.668026964745565,0.03346015005454478,0.3933061538568067,4.679938744257274,6.505359877488514,2.2559081250429096,1.7436260963428591,653
stfedu,wellbeing,DE,-0.017265548471226785,0.655038087791268,-0.018367206409137693,0.6345830791854189,4.285714285714286,7.012648809523809,2.271820129796879,1.1371274533599431,672
stfedu,wellbeing,EE,0.0688991672865807,0.07449952339890707,0.03734375880301647,0.33410741282856715,6.396423248882265,7.2533532041728765,2.232912366287218,0.9178413637935828,671
stfedu,wellbeing,ES,-0.03630494885833298,0.347737176773344,-0.026240025053736207,0.4974151650027202,5.023845007451565,6.801043219076006,2.3140126290889698,1.3558547833937495,671
stfedu,wellbeing,FI,0.055246321482221895,0.1498226497133131,0.03995365840627079,0.29781518614123653,7.236417033773862,7.1020558002936856,1.7493430941702628,1.1042412366174585,681
stfedu,wellbeing,FR,0.00623602591217213,0.8720973727118373,-0.016862514466477747,0.6632976268500032,4.579970104633782,6.970104633781764,2.131518392552024,1.1937349507943364,669
stfedu,wellbeing,GB,-0.007620823216751035,0.8471776519493136,-0.0039000761276497342,0.9214345662054385,5.297507788161994,6.722741433021807,2.2697137800755827,1.4470088439623567,642
stfedu,wellbeing,GR,0.07700553242118868,0.048670079470431254,0.09784776568232473,0.01216349930640904,3.8216463414634148,6.916920731707317,2.038609248262427,1.1746184567329871,656
stfedu,wellbeing,HR,0.013978462220872599,0.7202106422791074,0.010458835240597207,0.7887098471890576,5.843702579666161,6.824734446130501,2.300687542837004,1.297066381636241,659
stfedu,wellbeing,HU,-0.004210840563912942,0.9163276087488412,0.005835245052967426,0.8842447984533369,4.0736,6.8296,2.486700006650767,1.2491037812809056,625
stfedu,wellbeing,IE,-0.05089624939721237,0.19090692895996234,-0.024898171563319763,0.5224960843219077,6.847432024169184,6.681268882175226,1.9701212302259015,1.4814780482585528,662
stfedu,wellbeing,IL,0.0775796400763078,0.04519236238124761,0.06378059317400134,0.09980374847597494,5.286356821589205,7.006746626686657,2.0824974348557728,1.1218681064716043,667
stfedu,wellbeing,IS,0.012660675855399008,0.7435811728182586,0.04108969584201867,0.2882161810295672,6.371641791044776,7.011940298507462,1.762616784299906,1.2074782414005707,670
stfedu,wellbeing,IT,0.021761156634956806,0.5773831554916662,0.022336018561672326,0.5673662932781096,5.069908814589666,6.678571428571429,1.9781085759117725,1.3891117455473996,658
stfedu,wellbeing,LT,0.05664895829943126,0.15006454330801616,0.018775888465433987,0.6335717311095953,4.540958268933539,7.0347758887171565,2.2438994026505674,1.1730774684180096,647
stfedu,wellbeing,LV,0.05338008667324057,0.1829554684312569,0.05858033546081438,0.14383504944169467,3.9935897435897436,6.927083333333333,2.250013147446645,1.2857611942278122,624
stfedu,wellbeing,ME,0.0024352066154704685,0.9497582720541312,-0.0025680836103584635,0.9470207526154054,4.267857142857143,6.810267857142857,2.242319467330729,1.2695911259544963,672
stfedu,wellbeing,NL,0.05721475700904485,0.14509377778309065,0.05423746740740518,0.16723447711063621,6.1292307692307695,7.154615384615385,1.655706206950957,1.0574492916378757,650
stfedu,wellbeing,NO,0.05101933238301965,0.18487485240920584,0.06877059085086538,0.07374888123011374,7.330871491875923,7.118168389955687,1.6649381111424548,1.036712579070437,677
stfedu,wellbeing,PL,-0.06466860758290045,0.10055113731179327,-0.05164325036774219,0.18988311148041015,4.96749226006192,6.86609907120743,2.3802538257786288,1.302453004499344,646
stfedu,wellbeing,PT,0.021882226047415295,0.578785505998561,0.029368462141580863,0.4561753078240022,4.413312693498452,6.29953560371517,2.240793571651203,1.8188461546786536,646
stfedu,wellbeing,RS,-0.06849039046649992,0.07824655446437231,-0.06286152473516618,0.10610974766765845,4.984894259818731,6.917673716012085,2.8734922225575312,1.259315195556275,662
stfedu,wellbeing,SE,0.013994296121922815,0.7201114531490868,0.007450526585569682,0.8487163492839773,5.211246200607903,7.218844984802431,2.102993726831368,0.9350980724808805,658
stfedu,wellbeing,SI,0.013184759189582788,0.7352914380102159,0.025014967258675587,0.5211794743761026,5.5227272727272725,6.841666666666667,2.330330165705582,1.36435445371308,660
stfedu,wellbeing,SK,0.06437814745342998,0.10506837955381233,0.06104912664577447,0.12434422385838485,5.17007874015748,6.745669291338583,2.388072192177623,1.3744374189227335,635
stfedu,wellbeing,UA,-0.038834067720035885,0.3439307672249342,-0.02134735892531137,0.6029794959397935,4.478187919463087,6.568791946308725,2.6386641778783675,1.5024794802504573,596
imueclt,immigration,AT,0.05352040428705476,0.16580253218753013,0.038054312987298305,0.32462368116431656,4.903273809523809,6.986607142857143,2.518696939619741,1.3778530699581202,672
imueclt,immigration,BE,0.05553019386114691,0.1483358756804513,0.0521603759324575,0.17459202060213766,6.203240058910162,7.103829160530191,2.208842804882684,1.3247864213586489,679
imueclt,immigration,BG,-0.050554524397902985,0.20115863002221712,-0.06113180156914181,0.12206617624182918,4.421216848673947,7.162246489859594,2.951236883404258,1.2494538588510644,641
imueclt,immigration,CH,0.017201537929814645,0.6555150760362524,0.006040780682154992,0.8755170454701469,6.371851851851852,7.0377777777777775,2.2293114747854474,1.3741934060784873,675
imueclt,immigration,CY,0.0507884295790345,0.1885152135795595,0.04424367658231501,0.2520630295082356,3.5967261904761907,6.977678571428571,2.593616144659924,1.5041746074621365,672
imueclt,immigration,DE,0.02800871202773241,0.466222619955423,0.002437093857977261,0.949457564656078,5.911634756995582,7.114874815905743,2.3751100224227883,1.20595851323056,679
imueclt,immigration,EE,0.06288362366897453,0.10363299235654141,0.08054483523064435,0.036987095915408906,5.536512667660209,7.2988077496274215,2.3445253599919242,1.1736148050982587,671
imueclt,immigration,ES,0.09860717818173778,0.01065409812973861,0.08220908075404877,0.033373738310693526,6.601492537313433,6.999253731343283,2.387873733639764,1.3413898749098712,670
imueclt,immigration,FI,-0.045983859014648784,0.230752301443762,0.00013796740057247844,0.9971325847176424,7.3215859030837,7.128928046989722,2.0272310466512855,1.3509365582887425,681
imueclt,immigration,FR,0.009846890921670595,0.798443704040056,-0.03177379205542445,0.40983421158360206,5.591111111111111,7.181481481481481,2.6850356458316798,1.3237269336364645,675
imueclt,immigration,GB,-0.03506411505110769,0.37137852191839915,-0.0335803795984519,0.3919716312050357,6.438650306748467,7.011503067484663,2.555842081171338,1.3076425047058786,652
imueclt,immigration,GR,0.03044444017820194,0.4300538781922784,0.0018361271365627775,0.9620508191854856,4.074183976261128,7.054154302670623,2.102955820162572,1.3528756275154392,674
imueclt,immigration,HR,0.017523407198854438,0.6509587553951618,-0.003555017508800762,0.9268736404663933,5.0,6.923766816143497,2.7210644271620006,1.4284911576415367,669
imueclt,immigration,HU,0.056827885127925866,0.1435288670756926,0.0656980395731748,0.09073025318903799,3.822289156626506,6.957831325301205,2.4331267460648616,1.527436005136214,664
imueclt,immigration,IE,0.06693979571256407,0.08223317036669076,0.08031787569838442,0.03695839734146131,6.148148148148148,6.922962962962963,2.618464787145523,1.4407147058357481,675
imueclt,immigration,IL,0.07935751367997512,0.04377206546368338,0.05589769517137376,0.15587465264088413,5.012383900928793,7.227554179566564,2.5831598127647957,1.15473379300986,646
imueclt,immigration,IS,-0.02125766586300536,0.5802865300839095,-0.041547317256487186,0.2796541233574645,7.057437407952872,7.2098674521354935,2.15229860698808,1.23095754276119,679
imueclt,immigration,IT,0.03424015582545325,0.3794537549226393,-0.006985426524965629,0.857735890768724,4.897125567322239,6.923600605143721,2.5775853566026856,1.4301365852124999,661
imueclt,immigration,LT,-0.005514967284306881,0.8883096787978195,0.018117112376823244,0.6445100592921803,5.016897081413211,7.053763440860215,2.566894002217902,1.3683894405017738,651
imueclt,immigration,LV,-0.0017076666835756586,0.9649676831087446,-0.0022540509185419917,0.9537697646104345,4.554216867469879,7.161144578313253,2.547304550255281,1.318025358188253,664
imueclt,immigration,ME,0.002090653995775362,0.9570529486252357,0.03866311019044546,0.31911598863919316,5.154654654654655,6.8993993993994,2.130011320726233,1.4729438375277304,666
imueclt,immigration,NL,0.05501761222607916,0.15364625858373748,0.05772171295285031,0.13439077142602754,6.228486646884273,7.192878338278931,2.1094892998216754,1.1624548856214205,674
imueclt,immigration,NO,0.028201127203355478,0.4615161228053476,0.06262837725055834,0.10172336516149437,6.362573099415204,7.198099415204679,2.2396931235047406,1.2371787730974366,684
imueclt,immigration,PL,0.060063118558597334,0.12637177303844419,0.04804871351973907,0.22155247578720508,5.546995377503852,6.987673343605547,2.3203396944883106,1.3938253311031334,649
imueclt,immigration,PT,0.04100169802044548,0.29771388823995343,0.04048981401220851,0.3037913444983119,5.701700154559505,6.836166924265842,2.228935844688406,1.556288399365708,647
imueclt,immigration,RS,0.05707609362331608,0.1537667127991924,0.03854439691203745,0.3356424503408171,4.824281150159744,7.076357827476039,3.072632988566665,1.3949566851177253,626
imueclt,immigration,SE,0.014114591029600027,0.7141274634669166,0.013446296235043398,0.7271099765405729,6.955621301775148,7.245266272189349,2.1556707778093385,1.1519226131871276,676
imueclt,immigration,SI,0.028069779747546385,0.4699055896928384,0.0008501817031056002,0.9825413669360085,5.362406015037594,6.950375939849624,2.600295439185344,1.4331816519942642,665
imueclt,immigration,SK,0.0926157664110018,0.01740029319821231,0.09864501922531332,0.01128684038402349,3.4127465857359636,6.79742033383915,2.617376156826128,1.6149969720428232,659
imueclt,immigration,UA,0.022276701479831077,0.5752620752694741,0.029236389050618972,0.46207191035314654,5.233070866141732,6.830708661417323,2.8582454501546386,1.6363146159108504,635
imwbcnt,immigration,AT,0.04218680327471301,0.2784221290200646,0.04497986665155875,0.24780346272960427,4.438066465256798,5.067220543806647,2.3865992253505968,2.4117584766667632,662
imwbcnt,immigration,BE,0.021353288930588955,0.5788648959251541,0.014011143332793503,0.7157288983646475,5.441002949852507,5.538348082595871,2.04713299464779,2.2989314035024213,678
imwbcnt,immigration,BG,-0.0731661375320462,0.062281465638781494,-0.07356824230569738,0.06085326717891987,3.9815384615384617,5.399230769230769,2.840326610903718,2.4742587302210146,650
imwbcnt,immigration,CH,0.027980482533438645,0.4719901169921216,0.036776108723859,0.3444173799761768,5.785822021116139,5.3544494720965305,1.8637853852397734,2.2979382503678156,663
imwbcnt,immigration,CY,0.01563911686737412,0.6848239105355753,0.00892483091398431,0.8168325718540538,3.78698224852071,4.980029585798817,2.4631582989345904,2.5238067659224575,676
imwbcnt,immigration,DE,0.01628079932525803,0.6735442453724588,0.021427560375650266,0.5792398552723587,5.363095238095238,5.567708333333333,2.281071192499918,2.286541088691219,672
imwbcnt,immigration,EE,0.1120052428175323,0.003963117132581253,0.13076386719402813,0.0007585683304421307,4.881818181818182,5.961363636363636,2.0987682702415515,2.2818358995387427,660
imwbcnt,immigration,ES,0.07393180938528258,0.05596745351970932,0.10984022126775018,0.004450650135144129,5.9058295964125564,5.195067264573991,2.359547830608891,2.4439200258547933,669
imwbcnt,immigration,FI,0.04679053035031361,0.2240346461546648,0.04138742435244839,0.28222278929283645,6.084194977843427,5.719350073855244,2.0819742303052684,2.3384730876588846,677
imwbcnt,immigration,FR,0.03578140229273809,0.3561818508934644,0.02715400537041215,0.4838633797352376,5.166416791604198,5.565217391304348,2.2037804456093966,2.280420988568228,667
imwbcnt,immigration,GB,0.14713403891777635,0.00015930763129848362,0.13414262342689312,0.0005828321365126426,6.178899082568807,5.212538226299694,2.5727005991075735,2.435997642100471,654
imwbcnt,immigration,GR,0.0403898517718511,0.2943527741858424,0.05704515317861848,0.13843724065468804,4.159763313609467,5.460798816568047,2.1850487110868917,2.303688240429875,676
imwbcnt,immigration,HR,0.1117723876852619,0.0039021410685444345,0.10876672864928225,0.004986729065553272,4.899248120300752,5.2180451127819545,2.521070730185215,2.4804608305104745,665
imwbcnt,immigration,HU,0.01397119583829243,0.7205541177864475,0.029728462378022773,0.44647891448442384,3.837386018237082,5.1679331306990886,2.228089770246948,2.5654873021514613,658
imwbcnt,immigration,IE,0.11076250247735102,0.004070460343231024,0.11837147279083124,0.0021309840947624343,6.083457526080477,5.064828614008942,2.5519458126410055,2.5101079108903552,671
imwbcnt,immigration,IL,0.14624864424094186,0.0001871197792399974,0.14173505790753743,0.00029539367378431455,4.763888888888889,5.834876543209877,2.486711203991256,2.383071346376747,648
imwbcnt,immigration,IS,-0.035840461282685226,0.35250811560340883,-0.03194290316893915,0.4073453629990979,7.028148148148148,5.636296296296297,2.0201012054094503,2.276496064886394,675
imwbcnt,immigration,IT,0.0330761064364426,0.39373363434167696,0.04132828663005992,0.2865086891563957,4.557721139430285,4.98575712143928,2.36164539530622,2.4469183575323754,667
imwbcnt,immigration,LT,0.023776996499038104,0.5447918999662688,0.031973179124687556,0.41540062631762587,5.236559139784946,5.519201228878648,2.3170172777394775,2.3609026906734756,651
imwbcnt,immigration,LV,0.020916835986630473,0.5947970832479104,0.022155260279492633,0.5731646081223154,4.38828967642527,5.236517719568567,2.438170927460507,2.3874170304393467,649
imwbcnt,immigration,ME,0.017016696704440115,0.6623278601439531,0.03565405754819195,0.36007667583221653,4.7155824508320725,5.286686838124054,2.261177455662114,2.4570316052824404,661
imwbcnt,immigration,NL,0.08114399766395132,0.03518832862468594,0.08964246719941565,0.019932203206331992,5.525222551928783,5.606824925816023,1.8813510433507104,2.2696422158625853,674
imwbcnt,immigration,NO,0.003154302121077116,0.9347095109779974,-0.026133556641954908,0.49724289815308453,6.242245199409158,5.6698670605613,1.988231569538075,2.274266019850476,677
imwbcnt,immigration,PL,0.12064343972091962,0.002198167824907055,0.1163232828363025,0.003160823937502415,5.518691588785047,5.48208722741433,2.0818942011534918,2.484285714623076,642
imwbcnt,immigration,PT,0.09843503964901751,0.011213913151127079,0.10701740169129641,0.005810400754526705,4.641025641025641,5.01131221719457,2.1346529828868173,2.524701280039002,663
imwbcnt,immigration,RS,0.03269202123732695,0.4149424268737223,0.025141323376971652,0.5307445108058031,4.809294871794871,5.326923076923077,2.9436402294695436,2.4169371901047043,624
imwbcnt,immigration,SE,0.05822622353722845,0.13015632985108183,0.03477743602143165,0.3662695948519609,6.357459379615952,5.788774002954209,2.1281067891705563,2.23384889622317,677
imwbcnt,immigration,SI,0.09068177325462248,0.01943294913980955,0.08148657974282714,0.03579063406724962,4.975903614457831,5.302710843373494,2.3698758194141587,2.4378102333361724,664
imwbcnt,immigration,SK,0.15172731086590302,8.995235401028972e-05,0.14987258523108868,0.00010982829783180717,3.3645990922844176,5.071104387291982,2.3339171192080723,2.4510845137677806,661
imwbcnt,immigration,UA,-0.021558338271427904,0.5918127631114716,0.005475198563616628,0.8916889691498888,5.349436392914654,4.639291465378422,2.820767541032828,2.472657342997338,621
imbgeco,immigration,AT,0.05877963843442485,0.13054510404860248,0.06583265995655033,0.09031277597705184,5.6184012066365,6.788084464555053,2.481489023212641,1.1846040724921267,663
imbgeco,immigration,BE,0.0778125449961044,0.04282119399375407,0.026923935186028473,0.4839957789832558,5.601769911504425,6.965339233038348,2.203957055004605,1.0218697723169947,678
imbgeco,immigration,BG,-0.12414010871985037,0.001480471293261574,-0.11087679660902769,0.004558913011237494,3.9617151607963246,6.949464012251148,2.9081129586197103,1.075973173717042,653
imbgeco,immigration,CH,0.10645416100604049,0.005560729833793439,0.07493309798025116,0.05131470460311767,6.4785819793205315,6.919497784342688,1.9795326381579978,1.0149493744091016,677
imbgeco,immigration,CY,0.06952334981263404,0.0712683386381591,0.08360439101791758,0.02998654931976792,3.6869436201780417,6.621661721068249,2.624307763776135,1.6301959967817776,674
imbgeco,immigration,DE,0.04104885470391827,0.28761508995631374,0.04683173752675965,0.22500457523794462,6.062407132243685,6.959881129271917,2.260352802623964,0.9973303580015902,673
imbgeco,immigration,EE,0.07779014871074154,0.04461028001249346,0.08713282725150384,0.02442465960984944,5.388305847076462,7.1566716641679164,2.2932296179168987,0.8873297418166437,667
imbgeco,immigration,ES,0.04079723940059666,0.2913031782926022,0.05794982058612537,0.13372467309863834,6.353204172876304,6.858420268256334,2.313261769981982,1.1237264270330503,671
imbgeco,immigration,FI,0.046267443617087706,0.22857282597100892,0.0580159768339442,0.1309807748489209,6.5419734904270985,7.06480117820324,2.0804447545842994,1.0059914525454379,679
imbgeco,immigration,FR,0.07140284430360375,0.06452904752344069,0.03330362722899547,0.389063718287937,5.3666169895678095,7.001192250372578,2.4402753149563985,1.036526235132984,671
imbgeco,immigration,GB,0.11046516612197003,0.004433623882589432,0.0841072473394563,0.030481925038990484,6.231117824773414,6.782477341389728,2.515801491562191,1.2971379743879505,662
imbgeco,immigration,GR,0.04131556986433076,0.28738351518526906,0.07517648011780081,0.052657882585935976,4.237593984962406,6.953383458646616,2.1975000001288225,1.0428001050361095,665
imbgeco,immigration,HR,0.06751882113812725,0.08188394148889212,0.06787209043693276,0.08029408075101618,5.010526315789473,6.731578947368421,2.5480107749618126,1.3032841060190605,665
imbgeco,immigration,HU,0.05746915534717297,0.13965657770160317,0.055879339563398724,0.15096113974438402,3.623867069486405,6.7862537764350455,2.5241175268622467,1.374340666766845,662
imbgeco,immigration,IE,0.09742467821230867,0.011633497494607271,0.1134585609454352,0.003273453686018153,5.998507462686567,6.685820895522388,2.654211901550039,1.3334913761944047,670
imbgeco,immigration,IL,0.025597847845045603,0.5134472685627149,0.06913953690764912,0.0772505075131213,4.948012232415902,7.045871559633028,2.672597149226824,0.9191045755754955,654
imbgeco,immigration,IS,0.013720414457921683,0.7231650113660623,-0.019262131538657915,0.6189562626710856,6.774289985052317,7.04932735426009,2.1223496285303476,0.9741203596137888,669
imbgeco,immigration,IT,-0.005642900191374706,0.885038537007897,0.032273286267023124,0.4081633869273058,5.1380880121396055,6.756449165402125,2.5121086671893647,1.2690254805496446,659
imbgeco,immigration,LT,0.05250980642270313,0.18052125933215124,0.04700338671211036,0.23070000399358387,5.559815950920245,6.927147239263804,2.5642787716852635,1.141851175643987,652
imbgeco,immigration,LV,0.06934804717981825,0.07795752424036659,0.05635081718966435,0.1522249888018188,4.993817619783616,6.908809891808346,2.6351914854196803,1.0811642214344914,647
imbgeco,immigration,ME,0.004109258770504758,0.9159558739309321,0.01947182821852751,0.6170058701905116,4.285498489425982,6.860271903323262,2.694489469829755,1.0805844996592284,662
imbgeco,immigration,NL,0.06597564279890246,0.08817033605240054,0.04377192441339011,0.2582289523875109,5.754857997010463,7.054559043348281,1.942202555279214,0.9223266879679919,669
imbgeco,immigration,NO,0.05421235473431108,0.15914642729467532,0.07141071958998929,0.06350887239329069,6.105029585798817,7.019230769230769,2.006486850344369,0.9211506491983374,676
imbgeco,immigration,PL,0.03389613684843634,0.38318260721058467,0.034876419748870305,0.3695683759233783,5.530120481927711,6.904367469879518,2.4350995440399923,1.1816069881374722,664
imbgeco,immigration,PT,0.12180530388761039,0.0017468032319696116,0.0748436619422279,0.05499767199715068,6.167173252279635,6.604863221884498,2.21438872285434,1.4895702534163897,658
imbgeco,immigration,RS,0.04131015149135983,0.30325943061647587,0.008101063605038374,0.8400734556923839,4.622792937399679,6.804173354735153,2.9995595443784047,1.2323409540928791,623
imbgeco,immigration,SE,0.04004569721653233,0.3010140503755028,0.03440429837362603,0.3742894506226512,6.03288490284006,7.064275037369208,2.054379188588433,0.9295837821700307,669
imbgeco,immigration,SI,0.1597479363646416,3.357898033040353e-05,0.10102482334459342,0.008978959894173175,5.514970059880239,6.830089820359281,2.5387108781112664,1.1864838473220736,668
imbgeco,immigration,SK,0.07537827827051694,0.05328050221566216,0.049566163189368496,0.2041522945899229,3.702127659574468,6.724924012158055,2.6892924333172483,1.3934567937046982,658
imbgeco,immigration,UA,0.023455790352771393,0.5567690407418334,0.02665883976009136,0.5041837510704351,6.117460317460317,6.546031746031746,2.783470382676414,1.5729050616149285,630
imsmetn,immigration,AT,-0.01366886589427782,0.7227773616984072,-0.01959040093761095,0.6111331878640254,2.048816568047337,2.9437869822485205,0.7957191513243553,0.428371429910563,676
imsmetn,immigration,BE,-0.02455928425453578,0.5238279914873075,-0.016457127201882103,0.6692902139551844,1.8831360946745561,2.9585798816568047,0.7115634861234331,0.44694889373335234,676
imsmetn,immigration,BG,-0.03420825434702752,0.377019326237066,-0.029440373708195893,0.4471248537638828,2.2600896860986546,2.9536621823617337,1.0183528400875712,0.47000370691176363,669
imsmetn,immigration,CH,-0.05144315183254726,0.18418692811296178,-0.04914018763618696,0.20463726963883172,1.845808383233533,2.9483532934131738,0.6583772967509909,0.5010755876730084,668
imsmetn,immigration,CY,-0.06704955783104737,0.08150443456550321,-0.06832391141172489,0.07586339778913646,2.3653846153846154,2.8949704142011834,0.8698658900466593,0.5856846571679185,676
imsmetn,immigration,DE,-0.0525477665697805,0.17590670658413457,-0.05939681538127591,0.12597453400934328,1.7593984962406015,2.9233082706766917,0.6958393555503131,0.46421445793792476,665
imsmetn,immigration,EE,-0.04317944336683142,0.2622407271283807,-0.032932212276908714,0.39261493714525175,2.0502958579881656,2.964497041420118,0.7121068800641306,0.4236489269720475,676
imsmetn,immigration,ES,-0.05792573440865595,0.13388657552130215,-0.058746793331455625,0.1284523636686878,1.8926974664679583,2.9135618479880776,0.8179645447062829,0.5110518669580966,671
imsmetn,immigration,FI,-0.012947270902811923,0.7372322225816864,-0.017550552577999628,0.6492328926046645,1.9332344213649852,2.983679525222552,0.6764951510490699,0.4638819256846419,674
imsmetn,immigration,FR,-0.07100471687949328,0.06893826755372626,-0.085528528444597,0.028371452465162133,1.9497716894977168,2.975646879756469,0.6998937917613459,0.42341949676173707,657
imsmetn,immigration,GB,-0.08038820768281696,0.039860081071345435,-0.06908198264379188,0.07749779717773114,1.9755351681957187,2.8730886850152904,0.7939362099686824,0.5286093183235446,654
imsmetn,immigration,GR,0.044479916990271096,0.2467278861248701,0.05466626796637713,0.15445686391151586,2.0676470588235296,2.9411764705882355,0.9391565759078011,0.41269804247349795,680
imsmetn,immigration,HR,0.0032389017994995575,0.932962456619043,0.01228020486629258,0.7497697642387599,2.0,2.9054652880354506,0.9003615315938174,0.507269314513645,677
imsmetn,immigration,HU,0.02695549579031471,0.48575836324724353,0.03359903028223718,0.38486860975163373,2.8733233979135617,2.9344262295081966,0.882865491371537,0.5284654694354334,671
imsmetn,immigration,IE,0.007173767454289407,0.8524158267406255,0.0054687394874478705,0.8872223907322129,2.08,2.9229629629629628,0.8644649809356623,0.516772215163601,675
imsmetn,immigration,IL,0.0002234444088096957,0.9954146535524423,-0.018501023433903068,0.6341595123132233,1.8042168674698795,2.977409638554217,1.1299756352710935,0.3778584262844987,664
imsmetn,immigration,IS,-0.0022050326580387624,0.9545356314620971,-0.0032199889066938264,0.9336493992437417,1.602086438152012,2.9985096870342773,0.6286173871147425,0.4284622097741279,671
imsmetn,immigration,IT,0.026169161813560604,0.4963378655304897,0.023026608170536197,0.5494731355373867,2.1194690265486726,2.9351032448377583,0.8343821149870585,0.4908987669255968,678
imsmetn,immigration,LT,-0.014972342191564781,0.698440411431546,0.006906155727516551,0.8581757425584124,1.9181547619047619,2.955357142857143,0.7916276803894686,0.43446991236184734,672
imsmetn,immigration,LV,-0.030369645344948643,0.4377822063905995,-0.023101483892923488,0.5550666317689258,1.9038167938931299,2.9587786259541984,0.9712538461506797,0.44565009879010004,655
imsmetn,immigration,ME,-0.02730334683006882,0.4794886803027068,-0.02324294362444376,0.5472177195141482,2.2199108469539377,2.913818722139673,0.8429091441983768,0.5331307547058654,673
imsmetn,immigration,NL,-0.03181577503504171,0.4102622846038823,-0.015865962467780454,0.6814004153714283,2.0982142857142856,2.9523809523809526,0.6922154514393706,0.46402019342363093,672
imsmetn,immigration,NO,0.07547254529895091,0.0496568205994129,0.07860378089620902,0.04089488497207171,1.672082717872969,2.960118168389956,0.6192216475293267,0.3844676457531372,677
imsmetn,immigration,PL,-0.12267526279781191,0.0014414098755210273,-0.09210376725267924,0.01692948341049802,2.2723214285714284,2.955357142857143,0.7751401763248688,0.4831909495420991,672
imsmetn,immigration,PT,-0.07508788905620985,0.05169991662400401,-0.07070121561636888,0.06700127726156735,2.3824404761904763,2.9017857142857144,0.7993223635448731,0.49062425204606763,672
imsmetn,immigration,RS,0.0452529942338439,0.24565755373755088,0.04795426047866108,0.21856987083640778,1.8833333333333333,2.9166666666666665,0.9349207903175173,0.48719049420415966,660
imsmetn,immigration,SE,0.026451174379998787,0.4942828653677592,0.020837045776032972,0.5902975500675333,1.7164179104477613,2.988059701492537,0.6163194226778166,0.43381796105766945,670
imsmetn,immigration,SI,0.06446848351708076,0.09421372272739159,0.05428694400208054,0.15888216521110593,1.8681481481481481,2.9229629629629628,0.7441813708617433,0.4992488037666435,675
imsmetn,immigration,SK,-0.06594138718331148,0.0878597914815442,-0.06449836547467526,0.09504454534130256,2.684053651266766,2.916542473919523,0.8919368276845236,0.4997407963052256,671
imsmetn,immigration,UA,-0.014606850982831189,0.7113974448947082,-0.026972664745963805,0.49442737893487804,1.6832298136645962,2.809006211180124,0.8883021374416928,0.5948296722567992,644
impcntr,immigration,AT,-0.07469279935933551,0.053123939154345795,-0.07379294145286332,0.056062532922228014,2.761549925484352,2.6721311475409837,0.882540420686507,0.802857631715924,671
impcntr,immigration,BE,-0.05663937864143077,0.14156526884275797,-0.053409441362625376,0.16573605706912933,2.0903703703703704,2.745185185185185,0.8184513560781624,0.7187318330583475,675
impcntr,immigration,BG,0.10728739360656098,0.005507629687454402,0.13268095965688337,0.000585983327278311,2.803892215568862,2.7005988023952097,0.9744178135284784,0.7568970829125331,668
impcntr,immigration,CH,-0.09870532925903829,0.010931431212985168,-0.10533765618121166,0.006591460296856737,2.180722891566265,2.7454819277108435,0.771194498663796,0.722391751621068,664
impcntr,immigration,CY,-0.029187900693331797,0.449677314539126,-0.02668733025097538,0.4894616522338514,3.026745913818722,2.62704309063893,0.7495222422277682,0.8357593992519934,673
impcntr,immigration,DE,-0.00969666044513461,0.8027595946472454,-0.007194665365703337,0.8529732146363885,2.15015015015015,2.7477477477477477,0.8050451675415065,0.7271549478811257,666
impcntr,immigration,EE,-0.08350275418522612,0.030683392789172387,-0.08580582027571457,0.026352403562997166,2.743283582089552,2.792537313432836,0.8609140830968232,0.7003764592733549,670
impcntr,immigration,ES,-0.06790945683340666,0.08035565560567266,-0.08603074284285846,0.026637347107992815,2.0150602409638556,2.6927710843373496,0.878646804766819,0.8323450863025714,664
impcntr,immigration,FI,0.022894880663416647,0.5541250011720935,0.028227721309377358,0.46573410449207003,2.4134328358208954,2.814179104477612,0.7984281123803074,0.7336817678554524,670
impcntr,immigration,FR,-0.03481300075857893,0.3700785261449862,-0.026845304321126248,0.48950397938918105,2.22406015037594,2.707518796992481,0.8210475214755,0.7861397278533848,665
impcntr,immigration,GB,-0.11605356931338935,0.0029342958627184205,-0.0945131525279892,0.015534587019236306,2.1374045801526718,2.6320610687022903,0.877543126296993,0.7940207724553554,655
impcntr,immigration,GR,-0.0461649361173417,0.22891927113727661,-0.03159689957574837,0.41036996858983993,3.066079295154185,2.7246696035242293,0.7746217594243142,0.7241887455677894,681
impcntr,immigration,HR,-0.10913467453376141,0.0045307704576494565,-0.10457460133220153,0.006541004221225663,2.299259259259259,2.6325925925925926,0.9208672451173482,0.8087824337654724,675
impcntr,immigration,HU,0.009361778628619078,0.8088759008324358,0.017005372481088965,0.6603840420286923,3.273134328358209,2.638805970149254,0.781910979674284,0.8369199749727567,670
impcntr,immigration,IE,-0.06776088191337151,0.08056324711154549,-0.06839809380731654,0.07774911761650322,2.2522522522522523,2.6681681681681684,0.8991404597438064,0.7713528445365873,666
impcntr,immigration,IL,0.0076994276435255055,0.8440797336289191,-0.009513989613005208,0.8079808841509529,3.1587786259541986,2.7954198473282443,0.8963799288875683,0.7258720996911704,655
impcntr,immigration,IS,-0.0019992093093777084,0.9591157043743423,-0.0014930041476757959,0.9694618175742864,1.8954545454545455,2.83030303030303,0.7885623610874215,0.6825307047781856,660
impcntr,immigration,IT,-0.0696203608628457,0.07087354114217852,-0.05160915880448334,0.18081280519230764,2.2700296735905043,2.64540059347181,0.8831042433461301,0.7845563020865858,674
impcntr,immigration,LT,-0.08340977919530784,0.03049616720593034,-0.06903791905794056,0.07348525895207142,2.429420505200594,2.7563150074294205,0.9119718579202073,0.7155122844466646,673
impcntr,immigration,LV,-0.019590532116990373,0.6151288287710126,-0.019864340706522703,0.6101955899917549,2.789712556732224,2.686838124054463,0.9814723366219807,0.7509342581878335,661
impcntr,immigration,ME,-0.039069711532214946,0.31295788289182613,-0.03331126507837678,0.38966529598877786,2.3721973094170403,2.7548579970104634,0.8426530582508891,0.7257008913437958,669
impcntr,immigration,NL,-0.05186050597456313,0.17772800145229387,-0.052730817775052785,0.1705517606578309,2.3220088626292466,2.7828655834564255,0.8138974717959836,0.6891823050956435,677
impcntr,immigration,NO,0.02512771370678661,0.5120846987748224,0.0512670820582378,0.18081376552423423,1.828696925329429,2.822840409956076,0.7008138756923742,0.688791378045786,683
impcntr,immigration,PL,-0.10211203570723304,0.00840974457338034,-0.09250971447582422,0.017021931569351077,2.5278195488721806,2.7233082706766916,0.7700486394685641,0.7829977167299943,665
impcntr,immigration,PT,-0.03433506030226572,0.37489419690363346,-0.04630822976357257,0.23128206853712072,2.470149253731343,2.517910447761194,0.8118175966779573,0.865624077926036,670
impcntr,immigration,RS,-0.06966917528258419,0.07345807217421212,-0.06422420250237333,0.09898848082307499,2.552193645990923,2.7140695915279878,1.0656121581210132,0.7476824321810066,661
impcntr,immigration,SE,0.043186617817641354,0.26322671519123203,0.048148357210959496,0.2122222745007256,1.8291233283803863,2.8172362555720656,0.6828568127592801,0.7055478066673451,673
impcntr,immigration,SI,-0.05696913450985985,0.13925816125594728,-0.0514798899090066,0.18158401483173203,2.202962962962963,2.668148148148148,0.8272026383285275,0.8039822853219781,675
impcntr,immigration,SK,-0.039707560755636286,0.3029504323968519,-0.036930951520307516,0.3380412036529783,2.977777777777778,2.6103703703703705,0.8356545318120886,0.8426038907032183,675
impcntr,immigration,UA,-0.00499419595507894,0.8999679385791474,0.001411264108852855,0.9716645161526233,2.3867924528301887,2.5314465408805034,1.0757521130933652,0.8019376820903975,636
imdfetn,immigration,AT,-0.04147108473244828,0.2823227678503627,-0.0336517622058107,0.38305784558135736,2.5875370919881306,2.801186943620178,0.8648109255542219,0.6326423401319604,674
imdfetn,immigration,BE,-0.045639050421240494,0.23635103601516264,-0.04511798779445363,0.24175023413302654,2.066666666666667,2.868148148148148,0.7875138357787923,0.5806795175095906,675
imdfetn,immigration,BG,0.029486386901905685,0.445393384010732,0.01850570612065062,0.6320306639904,2.7336309523809526,2.8675595238095237,0.9852261426319697,0.5793423446791819,672
imdfetn,immigration,CH,-0.047125230332300226,0.2238405415558349,-0.06274690614577894,0.10516848496591712,2.1152694610778444,2.8473053892215567,0.7140948197121578,0.5454255036765954,668
imdfetn,immigration,CY,-0.08017896333394346,0.03728738237405856,-0.08007342022523792,0.037538999052944104,2.8903703703703703,2.7125925925925927,0.7527273924274933,0.7686773902048318,675
imdfetn,immigration,DE,-0.004975970787579471,0.8980874849295869,0.0013350040498179819,0.9725886525974952,2.081203007518797,2.8962406015037594,0.752120533944728,0.5621610109787923,665
imdfetn,immigration,EE,-0.07100922670991887,0.06461820365186885,-0.06961199371793324,0.07007269489829646,2.4705014749262535,2.915929203539823,0.8143016595586721,0.5410858995273408,678
imdfetn,immigration,ES,-0.05326971913742807,0.16939284324461543,-0.0609300435849766,0.11592515642557691,2.0209895052473765,2.812593703148426,0.8748282945439865,0.6243004648490504,667
imdfetn,immigration,FI,-0.09361690054542242,0.014971169174118764,-0.07078806975353306,0.06605864397194766,2.311111111111111,2.934814814814815,0.7956359704213284,0.5240957336776626,675
imdfetn,immigration,FR,-0.04788060368623121,0.21788224612220458,-0.06808580289539069,0.07957153574025375,2.1716867469879517,2.8478915662650603,0.7944260104240488,0.6209478574067681,664
imdfetn,immigration,GB,-0.07048809592162053,0.07077221670969083,-0.07847818854955542,0.04418190486634014,2.0410334346504557,2.811550151975684,0.8107835784332234,0.610202724560338,658
imdfetn,immigration,GR,-0.026755522451861323,0.4860908776465851,-0.036630615461824556,0.34019891023142085,2.8970588235294117,2.876470588235294,0.7965260708304562,0.5284589112981576,680
imdfetn,immigration,HR,-0.07620079925755509,0.04716225996052244,-0.054609778520270096,0.15518881187850633,2.318114874815906,2.759941089837997,0.9370190503125431,0.6847155575525963,679
imdfetn,immigration,HU,0.012697507816849968,0.7430473710272778,0.008309582212789126,0.8301342400587904,3.2630792227204783,2.8176382660687596,0.7598633433720781,0.6354684589858502,669
imdfetn,immigration,IE,-0.09905166813760038,0.010135519967610761,-0.1175084574805557,0.0022630138603292544,2.2421991084695394,2.803863298662704,0.889356329338763,0.6593082994061946,673
imdfetn,immigration,IL,0.05170385292357428,0.18663528194560688,0.043299392192746713,0.2688503188195868,2.9281345565749235,2.879204892966361,0.9819366464181382,0.5526730069351182,654
imdfetn,immigration,IS,0.023549470866298,0.545582468200196,0.013468028246099691,0.7296266368728634,1.8850226928895613,2.895612708018154,0.7951193208146419,0.571809033672761,661
imdfetn,immigration,IT,-0.028160924332642327,0.4647950569370164,-0.01094073909568363,0.7764553889247721,2.363905325443787,2.769230769230769,0.8541656443925186,0.6301087501670144,676
imdfetn,immigration,LT,-0.06523434770800943,0.0913235350873835,-0.056027950327891346,0.14712480153724367,2.3472429210134127,2.8360655737704916,0.9110371319692073,0.6229051017955435,671
imdfetn,immigration,LV,-0.11328234660175539,0.0038020863119258078,-0.09735004445474849,0.012955561880306622,2.509984639016897,2.8294930875576036,1.0127533679919616,0.5818719562014336,651
imdfetn,immigration,ME,-0.11270755959095127,0.003437912554354923,-0.09801142705011343,0.011017619332106918,2.3511904761904763,2.818452380952381,0.8343581804014111,0.6839126395046398,672
imdfetn,immigration,NL,-0.006420232683744789,0.8679623087197332,0.002090618038110461,0.9568279569074476,2.1679049034175333,2.9346210995542346,0.7237743600574117,0.5162872959841472,673
imdfetn,immigration,NO,-0.05622526063796783,0.14272534193423594,-0.05150918314885986,0.17940010181436214,1.7533039647577093,2.9280469897209986,0.6736152092378931,0.5470163758387657,681
imdfetn,immigration,PL,-0.04259883978341708,0.26978573827627694,-0.0445502355407958,0.24843552492196594,2.649331352154532,2.846953937592868,0.8066337672002105,0.6114437631979484,673
imdfetn,immigration,PT,-0.027753897868439896,0.4729265111158971,-0.020995699886343783,0.5871907738094996,2.5007451564828616,2.675111773472429,0.811990025875951,0.7177643219166041,671
imdfetn,immigration,RS,-0.05064998916887235,0.19306530717720932,-0.07560148352330993,0.051861104516380964,2.401812688821752,2.787009063444109,1.054575668601822,0.6611870747945467,662
imdfetn,immigration,SE,0.016024015072317797,0.6790841659523863,-0.0014073172685610932,0.9710174300643106,1.7757847533632287,2.907324364723468,0.6638299699837521,0.5768151648928639,669
imdfetn,immigration,SI,-0.037668618871441024,0.3302785750505854,-0.02869699357841017,0.45834852815448246,2.2,2.792537313432836,0.8065501651533021,0.6494365576423444,670
imdfetn,immigration,SK,-0.05489553993449545,0.15364452494327807,-0.06190502507764488,0.10755341064248423,2.9955686853766617,2.7459379615952733,0.8257923450386621,0.6775143062687291,677
imdfetn,immigration,UA,-0.023728768237484724,0.5484091457087406,-0.004584063929113796,0.907712789472304,2.2118380062305296,2.6853582554517135,1.0232782283091104,0.7201602868052996,642
gincdif,values,AT,0.05420464153419609,0.16233616213569702,0.05142234559044112,0.1850254752726733,1.8138138138138138,3.439189189189189,0.8730836483475676,0.5865499512885795,666
gincdif,values,BE,0.12228838684569208,0.0013532504917362965,0.16323038455112618,1.7865285220033825e-05,2.232456140350877,3.5021929824561404,1.0109499133041553,0.6353965000983338,684
gincdif,values,BG,0.045396104943601384,0.23642855223824397,0.04173166311623448,0.27646147633576806,1.595307917888563,3.4794721407624634,0.834555625190917,0.5555917985832519,682
gincdif,values,CH,0.03852607229783649,0.3182961662932423,0.06003527579410468,0.11971803387031436,2.2303120356612185,3.541901931649331,1.0259299167855094,0.5799968769511167,673
gincdif,values,CY,-0.07665758618067434,0.04765041792067984,-0.08954888728158945,0.020625486194632465,1.8817365269461077,3.4269461077844308,0.9209026808351298,0.6428886390260182,668
gincdif,values,DE,0.05579186890694751,0.14762917855523874,0.05015094889581188,0.19313392452751443,2.3214814814814817,3.493333333333333,1.012707478480877,0.6025662232588738,675
gincdif,values,EE,0.008758358248237348,0.8207159313655192,0.024692236632361565,0.5228218345257067,2.4613095238095237,3.5159226190476187,0.98800107370282,0.5965869492722856,672
gincdif,values,ES,0.04472201239215517,0.24802851029177128,0.02995889307031239,0.43916006242162087,2.218236173393124,3.4469357249626307,1.014961076127945,0.6182918063815684,669
gincdif,values,FI,0.11659982630008398,0.002376794574439045,0.10081474046568842,0.008665803611927942,2.295420974889217,3.537075332348597,1.0095079100467599,0.5640872204239664,677
gincdif,values,FR,0.08821149393690553,0.021514601224834253,0.10480233750420553,0.006268427209903535,2.09720176730486,3.508836524300442,1.0777890918387267,0.5804674406350965,679
gincdif,values,GB,0.005742624680324257,0.8834644544536115,0.012125681542899771,0.7569310514574169,2.197247706422018,3.405504587155963,0.9973587215265853,0.5587946219630444,654
gincdif,values,GR,0.07789735637032438,0.042137279535893586,0.06227742162283808,0.10442256635009885,1.6784140969162995,3.4948604992657857,0.8049229842814244,0.5716745420092756,681
gincdif,values,HR,0.016112410509423167,0.6758195206584879,0.03478644428263697,0.36650093759429364,1.9082840236686391,3.4471153846153846,0.9143413816370821,0.5753219710478389,676
gincdif,values,HU,0.022641838844668388,0.5558739747294806,0.022580454247247264,0.5569459284594027,1.8350515463917525,3.4742268041237114,0.9293047589984477,0.5687264780991814,679
gincdif,values,IE,0.018877216958977847,0.624431766655164,0.035697172407714854,0.35443769275159104,2.0933333333333333,3.388444444444444,0.9691992473216753,0.642913743131856,675
gincdif,values,IL,0.05719711218513726,0.14064122681464325,0.058440056064606304,0.1322006997349559,2.257142857142857,3.530827067669173,1.031892467946382,0.5671983104370317,665
gincdif,values,IS,-0.014884702843626346,0.6979979886485024,-0.010294229690056722,0.7884306114738158,2.0762463343108504,3.481231671554252,0.9800020907225712,0.6366207655369985,682
gincdif,values,IT,0.07797984762659156,0.042835991630790354,0.05558763110395125,0.1491196935279784,1.8148148148148149,3.4474074074074075,0.8507736502351836,0.6245270768173198,675
gincdif,values,LT,-0.01837476628978272,0.6324266488629066,-0.029544804287145288,0.441783662519704,2.1323529411764706,3.463235294117647,0.9904464378429628,0.5414768469450263,680
gincdif,values,LV,0.091593811539077,0.018773720107151507,0.09461387067753588,0.015189778670801261,1.9407294832826747,3.4164133738601823,0.9433645942897954,0.567917951770001,658
gincdif,values,ME,-0.0019764007279169413,0.9593979041719161,0.0009572486632883475,0.9803283200778977,2.3633633633633635,3.4271771771771773,1.1158907336395691,0.5978886323399559,666
gincdif,values,NL,-0.018395446229194184,0.6325468526297587,-0.009917562967168067,0.7965862456636932,2.327433628318584,3.5256637168141594,1.0163433561533994,0.5923359003131199,678
gincdif,values,NO,0.05764640253317256,0.13174689957421679,0.07093342908328822,0.06353163026982095,2.28029197080292,3.5423357664233577,0.9644135429782612,0.5751585883180123,685
gincdif,values,PL,0.03648031155393234,0.3508817016215346,0.0395676657687458,0.31159053796886044,2.5945121951219514,3.5403963414634148,1.1066352577720366,0.5576388293937783,656
gincdif,values,PT,0.04715589767237633,0.22249827170629813,0.055113190055140295,0.15385219366676958,1.7377049180327868,3.360655737704918,0.74896552097052,0.6117278092827442,671
gincdif,values,RS,0.015695956817640768,0.68958057942357,0.02065425220989595,0.599148997313572,1.98,3.425846153846154,0.9982573413547066,0.6132408850317732,650
gincdif,values,SE,0.018887613681071946,0.6239832862016365,0.0407601331735967,0.2899451384280346,2.2618343195266273,3.550591715976331,0.8816275567412865,0.5823194532640927,676
gincdif,values,SI,0.03609897003138946,0.3497614135270383,0.04832965866940116,0.21050397035229038,2.0653789004457654,3.4383358098068353,0.9505037263995256,0.5947325030290525,673
gincdif,values,SK,0.04139901889736121,0.2813755238622012,0.03465491773740865,0.36725239802258747,1.9896907216494846,3.4491899852724597,0.8298699431205507,0.6072291322183098,679
gincdif,values,UA,-0.008681629897434763,0.8255559351041263,0.022818801663203058,0.5623351234483535,2.1313755795981453,3.3180061823802163,1.105735872630492,0.5693170205876154,647
freehms,values,AT,-0.06291374624343653,0.10295249508024891,-0.036803104779346715,0.3404364487770056,1.7845468053491829,3.7585438335809807,0.867535582136699,0.8591362745971876,673
freehms,values,BE,-0.11254458810594448,0.003295431498584723,-0.09493649562968073,0.013260990854541571,1.4779411764705883,3.746691176470588,0.842247080024681,0.8028667846251231,680
freehms,values,BG,-0.14940607199767977,0.00013488688789366806,-0.1528535740852417,9.364935456868901e-05,2.9691358024691357,3.830246913580247,1.2940135113741393,0.8425756864941804,648
freehms,values,CH,-0.043726956557902645,0.2562329313768226,-0.03062108430757842,0.42669426377244346,1.6908284023668638,3.8187869822485205,0.8077248670686074,0.8336012061246728,676
freehms,values,CY,-0.022413314992558112,0.5621996553652852,-0.035361902033728014,0.3604115668039524,2.630402384500745,3.7421758569299555,1.1732973000322475,0.904711072250176,671
freehms,values,DE,-0.05990657811301131,0.11859448978133252,-0.05594517630766044,0.14502553453351458,1.5544117647058824,3.8294117647058825,0.7199930091972453,0.8088353822385282,680
freehms,values,EE,-0.12197049275620013,0.0015740162351061216,-0.08773553490433694,0.02324300846419368,2.2600896860986546,3.9275037369207775,1.048769163549076,0.8237074171348105,669
freehms,values,ES,-0.09607698761245316,0.01206389786339516,-0.08795893942267047,0.02160169360974892,1.530791788856305,3.7639296187683287,0.7851909168907397,0.8280975034471604,682
freehms,values,FI,-0.04945592256140577,0.19673248709142716,-0.04439107847241421,0.24662965946423135,1.6559297218155198,3.8773792093704245,0.8460218141453248,0.8696520765734557,683
freehms,values,FR,-0.04946491824807677,0.1986360052884369,-0.04019232373791541,0.2963639552169369,1.382570162481536,3.8703101920236334,0.7594710942971448,0.8037018962016322,677
freehms,values,GB,-0.05112868589853782,0.1842593435614363,-0.05733987421722526,0.13640756137264742,1.6035502958579881,3.78698224852071,0.7540031233749444,0.810418678980176,676
freehms,values,GR,-0.12864734663168398,0.0007654280663581249,-0.1224891536343413,0.0013616026015069497,2.183553597650514,3.8105726872246697,1.1669819043746021,0.8749486343343268,681
freehms,values,HR,-0.08486950185814982,0.030760894554147825,-0.11185742755888077,0.004359853404219844,2.549382716049383,3.822530864197531,1.1233228976730185,0.8725515971091906,648
freehms,values,HU,0.030508125042929695,0.4311588244955272,0.03678675360437681,0.34245793530834207,2.75,3.7934131736526946,1.2542282311334385,0.9207674085434334,668
freehms,values,IE,0.007433295849179104,0.8464691819475443,-0.02128473361401983,0.5792446923764415,1.6211453744493391,3.7312775330396475,0.8209172654880434,0.8843606768087723,681
freehms,values,IL,-0.008795608627667203,0.8214263941651702,-0.0021311960211536276,0.9563860463877033,2.7806354009077157,3.9470499243570347,1.4715442996923325,0.8987758908922939,661
freehms,values,IS,-0.055890002523533634,0.14483033733909928,-0.032507242780266454,0.3966621087640057,1.3255131964809383,3.858944281524927,0.6722265263751905,0.8358438892340448,682
freehms,values,IT,-0.13554145432472847,0.00043035353456761713,-0.13506043643393476,0.0004512789957688129,2.0640834575260807,3.698956780923994,1.0090962495151983,0.8954189128405805,671
freehms,values,LT,-0.1207933757207343,0.0016798834010783904,-0.10919858517047744,0.0045370238261936025,3.0044510385756675,3.827893175074184,1.1531896761801799,0.8585169910581388,674
freehms,values,LV,-0.059816632344246584,0.1324476610243707,-0.06466470957433748,0.10379966154965356,2.4779179810725553,3.769716088328076,1.270761767120689,0.8359786282065863,634
freehms,values,ME,-0.0585001238040889,0.13747424983293105,-0.06523029734628974,0.09762437131583296,3.3560371517027865,3.70859133126935,1.172099061287195,0.9321599640739839,646
freehms,values,NL,-0.04027643959893762,0.29428199425890555,-0.07770389392124562,0.042805267438902325,1.4191176470588236,3.8573529411764707,0.6902982969094629,0.8923362424026764,680
freehms,values,NO,-0.10155533591019275,0.007859802633600407,-0.11286760068631733,0.0031173584876345666,1.4239766081871346,3.844298245614035,0.6437522504197893,0.8475852904196233,684
freehms,values,PL,-0.019637740985917532,0.6167076658796634,-0.026859473767356895,0.4935679007975935,2.312883435582822,3.8819018404907975,1.0848572142599953,0.9307071141263474,652
freehms,values,PT,-0.11660828790808264,0.0025215107247148236,-0.12067066712091906,0.0017675208667018226,1.8849028400597907,3.672645739910314,0.9351242501936868,0.8951879147726628,669
freehms,values,RS,-0.07442671359476002,0.057126220272652094,-0.09217765684916168,0.01838308474758783,3.1559633027522938,3.71177370030581,1.343176130706598,0.8670586621418235,654
freehms,values,SE,-0.03240493977224834,0.39849799653761747,-0.06407086282865412,0.09479341179059926,1.3906020558002936,3.8480176211453743,0.6440906188037996,0.8506224570248079,681
freehms,values,SI,-0.07309320472491736,0.061738785940375074,-0.06262281322866568,0.10960152479199795,2.359327217125382,3.8723241590214066,1.0431414622297743,0.8334406878787312,654
freehms,values,SK,0.0016719834660706148,0.9658811164130632,-0.006584098795292445,0.8662338768618043,2.8036529680365296,3.7686453576864536,1.2006548218936415,0.8772480653979364,657
freehms,values,UA,-0.07351644566842164,0.06474482882694828,-0.07167687212029358,0.07175364775810368,3.0063291139240507,3.6392405063291138,1.3859006371814477,0.8952656206989345,632
hmsfmlsh,values,AT,-0.021198365675083607,0.5886984745948517,-0.005874123391051541,0.8809064300178903,4.174578866768759,2.964777947932619,1.0391847391431608,0.48629987214467757,653
hmsfmlsh,values,BE,-0.0029803349689538155,0.9381207508737465,-0.006045055173851069,0.8748797655871461,4.486049926578561,2.9662261380323054,0.9882526724287137,0.4098478935473627,681
hmsfmlsh,values,BG,0.028183237000534274,0.4780161470498454,0.0444866133428048,0.2626041114838498,2.790880503144654,2.9748427672955975,1.3228382198049595,0.40779314710953074,636
hmsfmlsh,values,CH,0.029622594990156296,0.4481002409438166,0.03633828896721712,0.35202580493181884,4.334346504559271,2.952887537993921,0.906969269437028,0.47388339264975443,658
hmsfmlsh,values,CY,-0.045410274443072995,0.2450974478705571,-0.044396421962692015,0.2558046949270515,3.2146118721461185,2.9954337899543377,1.1782710864188022,0.38052094700896044,657
hmsfmlsh,values,DE,-0.026688338248746155,0.48879821928046824,-0.011062463112887245,0.7741986119938318,4.463703703703704,2.9762962962962964,0.8832942964580953,0.4141788571717562,675
hmsfmlsh,values,EE,0.030677969818084263,0.42929160410893047,0.032007134940792596,0.40956067133696994,3.674174174174174,2.9534534534534536,1.2104158210479992,0.44138717945933054,666
hmsfmlsh,values,ES,-0.04183898136581742,0.2773569036888251,-0.0821895498021507,0.032631408991638286,4.550295857988166,2.955621301775148,0.8954948483656872,0.4939165307399163,676
hmsfmlsh,values,FI,-0.03539492510092068,0.35639439218313484,-0.05642791417000677,0.14128880701946975,4.4566813509544785,2.986784140969163,0.8427651440462809,0.38896744395129473,681
hmsfmlsh,values,FR,-0.01761111090571365,0.6466419402722919,-0.03049276437951896,0.4272677948815197,4.6308823529411764,2.9573529411764707,0.8549875078437283,0.4601389866454494,680
hmsfmlsh,values,GB,0.0448534003654005,0.24452476997149594,0.0333820974849139,0.38653062647737696,4.383703703703704,2.965925925925926,0.9046703259890504,0.46894081089102696,675
hmsfmlsh,values,GR,-0.06805859757592156,0.0822383973875486,-0.05617559509293853,0.1516048987302457,3.4073506891271057,2.9448698315467077,1.329032073576625,0.4465534578288448,653
hmsfmlsh,values,HR,-0.0019565587408499727,0.9610034089199726,-0.0053631654370754345,0.8933816361763357,3.2998405103668262,2.9505582137161084,1.2107281256874847,0.47537996342391114,627
hmsfmlsh,values,HU,-0.006423848775178758,0.8698560429285711,-0.014879097409155233,0.7043084533022248,3.223583460949464,2.9693721286370596,1.305578412763201,0.46236827434831235,653
hmsfmlsh,values,IE,-0.036354385361736456,0.3529167927327772,-0.013809329790724093,0.7242657560457756,4.323664122137404,2.980152671755725,1.0400123544511943,0.4769006473262758,655
hmsfmlsh,values,IL,0.005446199055346729,0.8886841412219233,0.007900384243168829,0.839100164670767,3.0799396681749625,2.914027149321267,1.4793458164651498,0.4793303919421806,663
hmsfmlsh,values,IS,0.023210054317348943,0.5451104224860944,0.00781776297050376,0.8385172206432518,4.755131964809384,2.970674486803519,0.6251073777048536,0.4152268628473588,682
hmsfmlsh,values,IT,0.07177994486732374,0.06554241582210554,0.0353011317509619,0.36558365595734005,3.8846737481031868,2.9939301972685888,1.0498481615904733,0.3738726129077708,659
hmsfmlsh,values,LT,-0.05172126959807286,0.18480542793039434,-0.05522773504108829,0.15673442776990262,3.080424886191199,2.974203338391502,1.1634880224857849,0.39480181776175644,659
hmsfmlsh,values,LV,-0.0275195743722799,0.4939886655620494,-0.023748747595644645,0.5550371519446136,3.05,2.9741935483870967,1.3978115829126319,0.42837012511846834,620
hmsfmlsh,values,ME,-0.011605226328817055,0.7723311967236282,-0.005749728746638276,0.8860205762093314,3.0560897435897436,2.9455128205128207,1.1851386187721802,0.4776672782678614,624
hmsfmlsh,values,NL,-0.0051420846378038365,0.8934483657561765,-0.0265161024956672,0.4896825224467764,4.559471365638767,2.9823788546255505,0.8692808130284804,0.42320302848269115,681
hmsfmlsh,values,NO,-0.04306966898086271,0.2609900456369568,-0.035126755438191555,0.3593452471561458,4.575402635431918,2.995607613469985,0.7628342393010004,0.36924831078186926,683
hmsfmlsh,values,PL,-0.06599123624323704,0.09300620314893748,-0.07521902318836189,0.05545929131976119,3.8043143297380584,2.9707241910631743,1.1980874160927895,0.4239070180159189,649
hmsfmlsh,values,PT,-0.02237086979617456,0.5685423643533212,-0.006237417144155732,0.8736972732835934,3.9539877300613497,2.9723926380368098,1.15378202110718,0.40636840467041946,652
hmsfmlsh,values,RS,-0.009622760018742188,0.809214793116583,-0.011085910568539761,0.7808954510379774,2.7199367088607596,2.9556962025316458,1.4116499643956977,0.4482038350648686,632
hmsfmlsh,values,SE,-0.05551943600143962,0.14811500961706597,-0.06130229455313642,0.11023683120744386,4.591176470588235,3.0088235294117647,0.777393267798325,0.3598949667255954,680
hmsfmlsh,values,SI,-0.020653371148883656,0.5971969512952712,-0.010358058187027867,0.7910099262164326,3.7336377473363775,2.9817351598173514,1.1345372201646011,0.4681645887845223,657
hmsfmlsh,values,SK,0.07731049011162106,0.05533888270789979,0.05924244262303339,0.1422496116867051,3.0276422764227644,2.995121951219512,1.2363456721366788,0.39331830992374095,615
hmsfmlsh,values,UA,-0.04360583034687605,0.2806674056043614,-0.06338820884397478,0.11663035642334697,2.511400651465798,2.978827361563518,1.3645596935730617,0.4757148920992158,614
hmsacld,values,AT,0.061194404909235264,0.11823574149200293,0.05655847959262015,0.14883058038847033,2.3797856049004595,3.111791730474732,1.219607933824002,0.6632777916905668,653
hmsacld,values,BE,-0.037967727150144286,0.32356820259190705,-0.013736889747397198,0.7210589269662177,1.8657817109144543,3.1932153392330385,1.156055366910982,0.7207504608565447,678
hmsacld,values,BG,-0.15420631359098286,8.307158998425445e-05,-0.16705496943896028,1.9744568758190717e-05,3.7554179566563466,3.1594427244582044,1.2284458178393465,0.7841228737962886,646
hmsacld,values,CH,-0.014269285517406778,0.7129843685084978,-0.026598988093592926,0.49284716659807354,2.530734632683658,3.113943028485757,1.2828973987738685,0.6837236084305917,667
hmsacld,values,CY,0.0012087503462578698,0.975161395517321,0.010593034140668416,0.7849544562764809,3.7837837837837838,3.1096096096096097,1.27489634835343,0.7648268746049938,666
hmsacld,values,DE,0.023612286283862558,0.540565501273251,0.01673309091968311,0.6645496573856898,1.9821958456973294,3.148367952522255,1.083296349529511,0.6843215583098122,674
hmsacld,values,EE,-0.047185547471501624,0.22534592335496037,-0.046482459026026705,0.23234133294454304,3.096676737160121,3.2779456193353473,1.3606823335154044,0.749036704664995,662
hmsacld,values,ES,-0.006138020525929397,0.8735299102605142,-0.009717554401399719,0.8010352786654883,1.751111111111111,3.082962962962963,1.0493651229321987,0.7053778940423855,675
hmsacld,values,FI,0.0499356718696661,0.19505449758733745,0.04725477951765985,0.2201517451233384,2.185185185185185,3.254814814814815,1.19584583368444,0.7490566291062971,675
hmsacld,values,FR,-0.031331274500400866,0.41673612239118313,-0.018595915195358224,0.6298602306815639,2.1379821958456975,3.2002967359050447,1.3376298347150037,0.7313403809631793,674
hmsacld,values,GB,-0.013472060343554535,0.7301415197112104,-0.006204055661689999,0.873793089741198,1.993920972644377,3.0851063829787235,1.0726825815150587,0.7014163129474426,658
hmsacld,values,GR,0.019529769121578524,0.6135605342646057,0.0026388390930325387,0.9456039141199165,3.855439642324888,3.135618479880775,1.2560169485651287,0.6787375444346279,671
hmsacld,values,HR,-0.052834591299987674,0.17584622628346525,-0.056326638377099565,0.1489466448737343,3.5440729483282674,3.1717325227963524,1.254047865699297,0.723169736064664,658
hmsacld,values,HU,0.024999223129352485,0.5192329544213615,0.023882090528977676,0.5380806624488884,3.36431784107946,3.1469265367316344,1.2450929295959665,0.7861423655543371,667
hmsacld,values,IE,-0.03672528857466726,0.34876313011576304,-0.05748178515330655,0.14229967339171176,2.0673813169984685,3.0520673813169985,1.1531732839340514,0.6986289256972494,653
hmsacld,values,IL,-0.018118633788923283,0.6424482600080809,-0.043230514331840456,0.26778340605411877,3.0197268588770867,3.230652503793627,1.477667363493776,0.8513718764864088,659
hmsacld,values,IS,0.06362337562589862,0.0973735824516427,0.059777090025590826,0.11939435037308022,1.5970588235294119,3.223529411764706,1.0222805929260004,0.7301860168225143,680
hmsacld,values,IT,-0.048118936070609145,0.21980903530482343,-0.026257965432099253,0.5032994287549583,3.1319018404907975,3.1134969325153374,1.2764296173008816,0.6692743473825281,652
hmsacld,values,LT,-0.050734273346844376,0.1886575332138977,-0.05782234986917419,0.13400160019389518,3.9078751857355125,3.2065378900445767,1.0324268260099034,0.7157779996392494,673
hmsacld,values,LV,-0.07806567699515195,0.0494415940246703,-0.08940681207255119,0.02436821774768871,3.7539432176656153,3.187697160883281,1.2999059037253524,0.7117431129659674,634
hmsacld,values,ME,-0.06091514496542456,0.12107173672586419,-0.06245309305733111,0.11194592480668115,3.6656394453004624,3.095531587057011,1.130691201001367,0.7006137538634037,649
hmsacld,values,NL,0.017735021490336487,0.645796577438154,-0.03596800860254925,0.35115452039677936,1.8071216617210681,3.198813056379822,1.044995016961138,0.7893788353405866,674
hmsacld,values,NO,0.03634697035498725,0.3428877102366754,0.03221981893661665,0.4005063163635343,1.910688140556369,3.1932650073206443,1.0773269683508253,0.7410156094715292,683
hmsacld,values,PL,0.07353307907027833,0.0611769639295458,0.08457841565263285,0.031210121648885966,3.6640986132511557,3.194144838212635,1.3116133087697386,0.7572058675836437,649
hmsacld,values,PT,0.016632547928998025,0.6690229402892522,0.012369536896147518,0.7505519075573096,2.570135746606335,3.060331825037707,1.2668732400356546,0.7308344018712082,663
hmsacld,values,RS,0.03159614754881773,0.4223609412589186,0.027462300730341144,0.4856043190001165,4.060278207109738,3.034003091190108,1.1515564577658222,0.7519344835041746,647
hmsacld,values,SE,-0.013386691374104294,0.7274980696972689,-0.028960402320223323,0.45087105338367156,1.8191176470588235,3.2338235294117648,0.981981608840254,0.6990652909679652,680
hmsacld,values,SI,0.038180070162263845,0.32850741486514873,0.044840260716389684,0.2510780796672172,3.1598173515981736,3.162861491628615,1.2997532470334794,0.7341556254028001,657
hmsacld,values,SK,-0.1012362815753109,0.009917078170456327,-0.12996499755702437,0.0009129773316654897,3.935185185185185,3.128086419753086,1.1591166610694303,0.6535704188268651,648
hmsacld,values,UA,-0.049902918307134864,0.21540948748447006,-0.05749682775438998,0.15339668476615922,3.627831715210356,3.01294498381877,1.3072552155331822,0.6465172123636113,618
euftf,values,AT,-0.06181241994730995,0.11681215769824328,-0.06030150221352647,0.12604394940088912,4.6031007751937985,6.562015503875969,3.016619029685945,1.25016730547744,645
euftf,values,BE,0.0178911997371342,0.6451287633264596,0.008652781209725565,0.8237543773782704,5.91578947368421,6.658646616541353,2.369257232790478,1.1505713496584862,665
euftf,values,BG,0.0534012817661814,0.1863419552021777,0.07685314350955323,0.05700390100836721,5.62214983713355,6.689413680781759,2.595748425680126,1.302125999649897,614
euftf,values,CH,-0.05377961069213683,0.16986511684098965,-0.024767356209903633,0.5275267287624683,5.0673813169984685,6.607197549770291,2.411957438291343,1.27955619913408,653
euftf,values,CY,0.0858171301846624,0.029947615423681736,0.07863566643090905,0.04675270873153627,5.8984375,6.4265625,2.9773265353538343,1.5203617668801472,640
euftf,values,DE,0.04839977296976471,0.21154979999968498,0.057277988357782195,0.13918545235176394,6.173652694610778,6.576347305389222,2.653349637531441,1.1632853539567838,668
euftf,values,EE,0.06668941381431284,0.08714792277841904,0.04244051711339367,0.27663388924853854,5.757207890743551,6.749620637329286,2.9123866226334854,1.1614942982216558,659
euftf,values,ES,0.02122382810258468,0.5922935552550558,0.04381053901191646,0.2688022171564604,6.245696400625978,6.568857589984351,2.3636569301046078,1.2556894133841745,639
euftf,values,FI,-0.07398710216061863,0.0554173037977442,-0.07730217197345197,0.04531999662513504,5.57973174366617,6.7168405365126675,2.087448042686622,1.3660050162368327,671
euftf,values,FR,-0.005417743735697599,0.8923889335310614,-0.006603231244960894,0.8690349797476503,5.257188498402556,6.729712460063898,2.707498521294426,1.1980700134752136,626
euftf,values,GB,-0.06433018507973606,0.12907140468479933,-0.040349998514721125,0.3414020125341028,5.247311827956989,6.487455197132617,2.559830197936104,1.3657204820725486,558
euftf,values,GR,0.0832584734071842,0.03638699862837636,0.08222307220604252,0.03878469191245113,5.1424050632911396,6.689873417721519,2.325761311991123,1.2187229227344678,632
euftf,values,HR,-0.04106317623882153,0.30267993626627016,-0.06408604365427857,0.10749316550642425,5.367088607594937,6.531645569620253,2.786324835763588,1.4314041118947785,632
euftf,values,HU,0.02999604210303058,0.4473105478598987,-0.0025937168088529614,0.94762193387569,4.489130434782608,6.498447204968944,2.7954984679588,1.5298982204251312,644
euftf,values,IE,0.03749740809836,0.35362442598133176,0.03198363849135862,0.42887935217988277,5.250814332247557,6.44299674267101,2.5587308847061077,1.4159455973788393,614
euftf,values,IL,0.022760287821946213,0.6167001051583088,0.02207832880936253,0.6272993058408126,4.872427983539095,6.779835390946502,2.4604460809949376,1.1726631834930932,486
euftf,values,IS,-0.0701727494653983,0.07746384738102108,-0.07860809687408021,0.047877105033388365,5.7933753943217665,6.641167192429022,2.383438174206011,1.2468700379084467,634
euftf,values,IT,-0.03328441617186369,0.3961605583640168,-0.054824410057114956,0.16203261965650728,4.763803680981595,6.47239263803681,2.708473863834957,1.4185533118076112,652
euftf,values,LT,0.041241858926399366,0.29414265528783523,0.06405271476058552,0.10303762097734431,6.081664098613251,6.6946070878274275,2.776853124651181,1.3190269075069936,649
euftf,values,LV,0.034971962895523165,0.39607870644351173,0.02878370794343787,0.48492122693624606,4.7732656514382406,6.634517766497462,2.662233545923144,1.3931161495150892,591
euftf,values,ME,-0.031202141039939,0.4224971306748575,0.03495069150603363,0.36891146343870374,6.069381598793363,6.549773755656108,2.51905380933867,1.4085182514785743,663
euftf,values,NL,-0.06139408304056052,0.11480997034880103,-0.06912135062167263,0.07575513043104158,5.609682299546142,6.649773071104387,2.3098268442523224,1.2111680225007104,661
euftf,values,NO,0.030808332543341838,0.4441913235059891,0.04668839524161213,0.2460983023200475,5.197092084006462,6.730694668820679,2.0986799541043037,1.1425832320757745,619
euftf,values,PL,-0.0558344569881077,0.15506274106074322,-0.053080677407904696,0.17648883051570308,5.684615384615385,6.648153846153846,2.727575938263229,1.3621126891104582,650
euftf,values,PT,0.039374323566966296,0.3372546071933232,0.018881626445128388,0.6454928586383556,6.258389261744966,6.279362416107382,2.2537393963606402,1.6567844515367667,596
euftf,values,RS,0.01603607013685724,0.6945680257030314,-0.0157432550643462,0.6998724407871011,4.767441860465116,6.576411960132891,3.54937642116799,1.4235861128462386,602
euftf,values,SE,-0.05405630820998442,0.17064564284965258,-0.03550949875192359,0.3682995407308068,5.1770186335403725,6.702639751552795,2.079979317016588,1.2047763370973876,644
euftf,values,SI,0.04035412088795334,0.3114967865545127,0.06402666670144981,0.10810012472832238,5.662440570522979,6.523771790808241,2.525771873699299,1.4103604307634614,631
euftf,values,SK,0.05944501024764207,0.13364457608011812,0.04444849800841549,0.2622614576845231,4.206896551724138,6.485109717868339,3.032707536224135,1.4103834177688512,638
euftf,values,UA,0.05477724781791539,0.18319872227993275,0.07352529678974658,0.07384270647955116,6.405405405405405,6.140202702702703,3.3226655106922305,1.8068131893786032,592
atchctr,attachment,AT,0.1008894347831401,0.008325474970958174,0.08449919458809532,0.02722823467145858,8.363103953147878,7.2628111273792095,1.8499228087325175,1.0827732685462574,683
atchctr,attachment,BE,-0.051885744061449766,0.1752839733719896,-0.01674169589436926,0.6620519139874459,6.358187134502924,7.372076023391813,2.4179793095689104,1.011324351020716,684
atchctr,attachment,BG,0.05961562712588854,0.11930797148740024,0.045018470431597644,0.23966341927223467,7.997076023391813,7.385964912280702,2.35066239443299,0.9744955996465281,684
atchctr,attachment,CH,0.11641088180889886,0.0023278358800038514,0.12788664728727756,0.0008157218561895148,7.803519061583578,7.375366568914956,1.8352365855368886,0.9471389473289481,682
atchctr,attachment,CY,0.026931155496189702,0.481622039563966,-0.00013091612050280543,0.9972711244513267,8.246715328467154,7.24963503649635,2.1176317421023496,1.2897551836912184,685
atchctr,attachment,DE,0.03216494430795284,0.4009638051029748,0.028101750588714818,0.46309696904576275,7.14766081871345,7.378654970760234,2.257275939408476,0.9630268614279515,684
atchctr,attachment,EE,0.032766338366206973,0.3925592618596143,0.06189489545706788,0.10605870861987757,7.856515373352855,7.428257686676427,2.1721843630367514,0.9985213603660418,683
atchctr,attachment,ES,-0.002839383734706667,0.9409551280191986,0.0258264864000437,0.5004178653030004,7.720351390922401,7.289897510980967,2.3265606232852343,1.138566967821277,683
atchctr,attachment,FI,-0.003588671526216449,0.9253051413969522,0.010233618440132743,0.7891941049126714,8.645255474452554,7.458394160583942,1.5535269626944588,0.9467273837526502,685
atchctr,attachment,FR,-0.030296533689053076,0.4292306160552834,-0.052084495937582465,0.1739502533893825,8.1303074670571,7.417276720351391,1.72501121396836,1.0138889840578802,683
atchctr,attachment,GB,-0.0008009655142019581,0.983477579400917,0.034440104446816014,0.3730762288635991,6.612518628912071,7.224292101341281,2.6875208693440706,1.1676574576604457,671
atchctr,attachment,GR,0.013952440232280768,0.7158679912992967,0.01816635407078557,0.6355470721889326,8.773060029282577,7.369692532942899,1.6036177503860072,1.0355857675079272,683
atchctr,attachment,HR,0.041233169522468624,0.28259860892142724,0.05827187653072348,0.12872247880050483,7.790014684287812,7.329662261380323,2.3031219540176706,1.0939276392351214,681
atchctr,attachment,HU,0.023617366759368492,0.5389745800202329,0.035204231626043775,0.359702293080603,8.185567010309278,7.37481590574374,1.9350129605189088,1.0738644630205316,679
atchctr,attachment,IE,0.059496607258854674,0.12004863582748551,0.050099966821035256,0.19063276114546904,8.049707602339181,7.298976608187134,1.942930248991399,1.1441552304005347,684
atchctr,attachment,IL,0.13704579950739293,0.0004060279537573558,0.10973756288582585,0.004703293780529276,7.5362537764350455,7.409365558912387,2.9882852234939747,0.9241768087763811,662
atchctr,attachment,IS,0.1240297954486708,0.0011718166138600622,0.11744729631089885,0.0021251327570720054,8.127565982404692,7.341642228739003,1.7693348757074512,0.9821440784093222,682
atchctr,attachment,IT,0.08621558570923132,0.024558424799226087,0.07471167576567965,0.05148918857191151,7.841176470588235,7.280882352941177,2.147316391695339,1.0805902157689857,680
atchctr,attachment,LT,0.0020360414068775604,0.9576107576570732,-0.017010439595049744,0.6569708953539645,7.771929824561403,7.382309941520468,2.325119387237383,0.9712378709112597,684
atchctr,attachment,LV,0.0823414559347755,0.03180133992778915,0.07375392255003317,0.054562073595971136,8.185294117647059,7.3522058823529415,2.262797980337191,1.1115253031413728,680
atchctr,attachment,ME,0.03694962833387275,0.33493964825351447,0.015206980305658785,0.6915752132431444,7.448023426061494,7.278184480234261,2.5077313974813484,0.9949616099193622,683
atchctr,attachment,NL,0.0112178104656498,0.769631899512587,0.02260147264629321,0.5551239803000044,7.014619883040936,7.470760233918129,1.9525310379423533,0.9553848347892,684
atchctr,attachment,NO,0.03588728717597283,0.34938471298669393,0.04580402456455623,0.2322391198548632,8.419354838709678,7.448680351906158,1.6982605405607227,0.9198446944160722,682
atchctr,attachment,PL,-0.016947353144893876,0.6586323569483885,0.011297405320469635,0.768374795939708,8.31524926686217,7.374633431085044,2.0511883334979677,1.079124542082232,682
atchctr,attachment,PT,0.0006115492535795761,0.9872624446904085,-0.039595075843847846,0.30110947300452107,8.383040935672515,7.181286549707602,1.9411711287717186,1.2369497196078174,684
atchctr,attachment,RS,0.07446719258204132,0.05156937242625724,0.06806414822782215,0.07525354218167846,8.027777777777779,7.373538011695906,2.717136180298531,1.034054860904969,684
atchctr,attachment,SE,0.05306528237807666,0.16535262894739647,0.03971082870904994,0.299343126622157,7.835036496350365,7.4963503649635035,2.1529115075154355,0.8969089836868296,685
atchctr,attachment,SI,0.0637087285533704,0.09643284661083688,0.06641574385202761,0.08306224349042621,7.818181818181818,7.306451612903226,2.246699176264226,0.990002605273442,682
atchctr,attachment,SK,0.040658661392324005,0.2893646537709283,0.04574005017285394,0.2332367673051251,7.5506607929515415,7.341409691629956,2.394387494637251,1.0494201807328958,681
atchctr,attachment,UA,0.027032566633282396,0.4835329473865648,0.03278140090664037,0.3954900468879855,8.393175074183976,7.121661721068249,2.2266815791420225,1.2036495635055897,674
atcherp,attachment,AT,0.04658924493623741,0.22364261005807043,0.06429079319179118,0.09294069173923769,6.470760233918129,6.486111111111111,2.4549872163263027,1.5869702136731276,684
atcherp,attachment,BE,-0.02230253895385466,0.5606574204677739,-0.025468654670895468,0.5063746591387764,5.7862371888726205,6.721815519765739,2.4437335713423978,1.3079079065503227,683
atcherp,attachment,BG,0.15917161406745312,3.263588395821979e-05,0.12405170356520846,0.0012402142451557506,4.564444444444445,6.655555555555556,2.7583019188925944,1.5451497131359009,675
atcherp,attachment,CH,0.019378186558823347,0.6142146149111942,0.02498853950921283,0.5156638952431754,6.101620029455081,6.823269513991163,2.2849992473574665,1.1723160784221334,679
atcherp,attachment,CY,0.06581628779444593,0.0875174754709464,0.05032895060142732,0.19155639794101137,5.214814814814815,6.36,2.6378470707983928,1.7758351568912694,675
atcherp,attachment,DE,0.02195547661577291,0.5667744588838006,0.004445329124447285,0.9076817073573121,6.550512445095168,6.777452415812592,2.3983765650064557,1.2997703198883372,683
atcherp,attachment,EE,0.0454497948184766,0.2386514912229133,0.03586096580349232,0.35259080612182186,5.749258160237389,6.816765578635015,2.6366444491218135,1.2837541002227293,674
atcherp,attachment,ES,-0.007628877139245076,0.8427109465426288,0.0016023507356233751,0.9667565433662055,6.673048600883653,6.519882179675994,2.2809383223528497,1.4906204240633394,679
atcherp,attachment,FI,0.06430453177855101,0.09287072448368823,0.0775843344850295,0.042515300587947724,6.904970760233918,6.809210526315789,1.9211480444794031,1.2989194595311793,684
atcherp,attachment,FR,0.030921881919595648,0.42216377229524427,0.027441959405738174,0.47627614894843917,6.15680473372781,6.750739644970414,2.4703811966231872,1.3560561717730302,676
atcherp,attachment,GB,0.045107046481921445,0.2461097067352456,-0.014386838198135415,0.7115585415204613,4.6968325791855206,6.622926093514328,2.7526596170605995,1.4441942962165597,663
atcherp,attachment,GR,0.050455778150545076,0.19010889576761383,0.02697151942802407,0.48387168889153037,5.208579881656805,6.69008875739645,2.4213832094368706,1.3544568924819775,676
atcherp,attachment,HR,0.02820763814915274,0.46405443978924166,0.06609652501790367,0.0859412901149557,6.022189349112426,6.558431952662722,2.6955840869874055,1.5221534150887697,676
atcherp,attachment,HU,-0.012313358212667467,0.7485783369190567,-0.00779363548551103,0.8392426438038565,7.251470588235295,6.455882352941177,2.343794026991256,1.630741345272602,680
atcherp,attachment,IE,0.036898873738524615,0.33631558490170316,0.014131058305852245,0.7127951690887351,5.939794419970632,6.5048458149779735,2.396238342270822,1.486890759472189,681
atcherp,attachment,IL,0.06278434975361658,0.10707258544699781,0.021483197567940836,0.5816811675174608,2.456060606060606,6.721969696969697,2.3687795329738366,1.333433415221186,660
atcherp,attachment,IS,0.09798026563906027,0.01057415047240786,0.06685921954869319,0.08147043007674391,6.298529411764706,6.752205882352941,2.1852358147678212,1.247085964877525,680
atcherp,attachment,IT,0.023279509498482086,0.5471861680339075,0.05230583757630361,0.17595556170325488,5.763040238450075,6.628912071535022,2.2814382076649316,1.4331361632469886,671
atcherp,attachment,LT,0.07782364400861536,0.04516421410409675,0.06095105173787303,0.11690165044572219,5.880844645550528,6.789592760180995,2.7243965287044865,1.356364760160819,663
atcherp,attachment,LV,0.11481329523446478,0.0029187644672529016,0.12234239247137435,0.0015099361238230743,5.2432835820895525,6.607462686567164,2.822434355174035,1.577477261030727,670
atcherp,attachment,ME,-0.026276402690708064,0.49553407544265793,0.011482303153645537,0.7658742176993526,4.86962962962963,6.658518518518519,2.4118055979792867,1.4995244144768185,675
atcherp,attachment,NL,0.045736445169245056,0.23258600613983485,0.03401688800427771,0.3747371237296123,5.815519765739385,6.773499267935579,2.150753632658035,1.324565073724298,683
atcherp,attachment,NO,-0.035592964603054056,0.3529997101583584,-0.014713641452608202,0.7010920786653355,6.679355783308931,6.8601756954612005,2.1336498668863886,1.1897637576417706,683
atcherp,attachment,PL,0.11990093766029862,0.001877305389333304,0.08026743333530675,0.037788286478700604,6.867164179104478,6.768656716417911,2.355916005955124,1.4229812443916987,670
atcherp,attachment,PT,0.11940337090559404,0.0018863554001447237,0.12965074850674368,0.0007342958594344985,6.751111111111111,6.296296296296297,2.197984869746833,1.7342939715440508,675
atcherp,attachment,RS,0.0037731819426908416,0.9225740455306761,-0.00985134386831915,0.7996794529378989,3.545045045045045,6.683183183183183,3.057629099850668,1.4343538282931885,666
atcherp,attachment,SE,-0.01440502290983768,0.7068643505584804,0.0005342214980969575,0.9888729416870471,6.612573099415204,6.793859649122807,2.2279772622998375,1.260350534873514,684
atcherp,attachment,SI,-0.018516113588899177,0.6303159408921016,-0.02689458716326513,0.4844725553865414,6.002949852507375,6.684365781710914,2.663832408834302,1.4485026534001044,678
atcherp,attachment,SK,0.1341679899597885,0.00046467602576636714,0.0895814262439601,0.019741742402029354,5.977843426883308,6.479320531757755,2.8086583299685723,1.6200530012901015,677
atcherp,attachment,UA,0.026493646880476177,0.501130200271686,0.0052353514615945135,0.8942639079390875,5.622874806800618,6.317619783616692,3.1475533406584257,1.6428280826311943,647
health,health,AT,0.014676779504520999,0.7013882268491666,0.0014558323766004422,0.9696612028363576,2.102189781021898,3.251167883211679,0.9309860170434934,0.4994866746453708,685
health,health,BE,-0.07034798132700411,0.06575350085663399,-0.08215065867274111,0.03157132408562831,2.0934306569343066,3.363138686131387,0.8446775553136187,0.6222503865836762,685
health,health,BG,-0.09109944054350123,0.017083451174541745,-0.11854498197643037,0.0018841041575821213,2.051094890510949,3.2796350364963507,0.8812634461104484,0.6180146584579486,685
health,health,CH,-0.04251690793620175,0.26646326077445,-0.051360048807691155,0.17938458140858043,1.8773722627737226,3.310958816076417,0.7411261287413943,0.574055055322525,685
health,health,CY,-0.17233197625434804,5.730369532727297e-06,-0.21246015800729395,1.969236383776823e-08,2.0423357664233577,3.2675263584752634,0.9806402780491646,0.5797392137861511,685
health,health,DE,-0.06994256380129762,0.06753020164544732,-0.07693126008646234,0.0442921974340596,2.31140350877193,3.3260964912280704,0.8831189343283397,0.630724649627706,684
health,health,EE,-0.11131259029416686,0.00353326820049424,-0.11043550833027549,0.0038042709927920844,2.370802919708029,3.3851824817518246,0.79270804858022,0.6252392550123926,685
health,health,ES,-0.03180224469797348,0.4059541652876016,-0.04275355296932399,0.2638084193706568,2.2846715328467155,3.264014598540146,0.9578004247480268,0.5655373936763335,685
health,health,FI,-0.056829408098391605,0.13731815578887488,-0.07354932365149257,0.05434695883016646,2.2554744525547443,3.3375912408759123,0.8274281746561418,0.7019964486792318,685
health,health,FR,-0.12973162344243785,0.0006835207455204426,-0.1497890492886547,8.609806467845229e-05,2.196480938416422,3.332258064516129,0.8984172362956573,0.6610912113260752,682
health,health,GB,-0.16797664888429528,1.0029201640005259e-05,-0.1808781160594536,1.923969217230847e-06,2.236842105263158,3.3221491228070175,0.9677308736662305,0.551116185093618,684
health,health,GR,-0.1048347328635062,0.0060633669896639104,-0.12889501324775784,0.0007275498772526139,1.6666666666666667,3.3032993994657422,0.8026311052213302,0.617791370952771,684
health,health,HR,-0.09194788901295578,0.016152633989534527,-0.11587547492992226,0.0024035709170262434,2.1271929824561404,3.2772660818713453,1.0699777713693281,0.5621270360388534,684
health,health,HU,-0.05167875198903546,0.17733245999433056,-0.05810824697140628,0.12923715543568112,2.206442166910688,3.2677891654465596,0.9564502848084963,0.6068902532835193,683
health,health,IE,-0.07232617485384087,0.05849387193137525,-0.09139669514355273,0.01672393907388729,1.9372262773722628,3.315620437956204,0.8379701961292465,0.5530852610714082,685
health,health,IL,-0.04478353411720876,0.2431664726096679,-0.05919114412463483,0.12279044026196492,1.7342143906020557,3.3666666666666663,0.9843576620874414,0.6616304874783085,681
health,health,IS,-0.11807919697073407,0.00196401897008713,-0.1090107438325932,0.004284884903081432,2.0189781021897812,3.3715328467153283,0.9054362173404771,0.6041400665783118,685
health,health,IT,-0.14170627892912138,0.0002029057904248083,-0.1791930594509337,2.4445821897573317e-06,2.1742313323572473,3.288653001464129,0.8581731188006841,0.5570457274455286,683
health,health,LT,-0.15712966775086323,3.61736601489662e-05,-0.1867676727565075,8.538940329652032e-07,2.394160583941606,3.332189781021898,0.810725473195796,0.6029929195326682,685
health,health,LV,-0.03974749833233536,0.3003171106590018,-0.08206202692989942,0.0322605782437027,2.7841409691629955,3.2726872246696033,0.8342562048870771,0.590503252940752,681
health,health,ME,-0.022478294702744168,0.5578615401392086,-0.027843995380904707,0.4678654815647881,2.1055718475073313,3.281891495601173,0.8741673839954883,0.6162375297361581,682
health,health,NL,-0.08429905736753902,0.027368871122570682,-0.09796804100620277,0.010300937868569914,2.1343065693430656,3.362043795620438,0.73512917632062,0.6300853217612853,685
health,health,NO,-0.044071842871149465,0.24935246581885245,-0.047452331326212384,0.21483601255813717,2.013138686131387,3.3802919708029195,0.8941670564777502,0.6092656177653498,685
health,health,PL,-0.08141742797918736,0.03325567899702146,-0.09454813476160437,0.01336936761575073,2.2002923976608186,3.3298976608187134,0.8184905057092986,0.6085061910394336,684
health,health,PT,-0.16486713963991612,1.4666550897636594e-05,-0.18745627273483265,7.913657474265979e-07,2.4722222222222223,3.23296783625731,0.8961216437099161,0.5192757024804131,684
health,health,RS,-0.1635343282283974,1.7471851063083843e-05,-0.17267853009223844,5.660270358554459e-06,2.3865300146412882,3.3019033674963394,1.0260221826350007,0.5623611273632705,683
health,health,SE,-0.05183292833384839,0.17572431081397763,-0.0678582790811821,0.0761420962227653,2.077485380116959,3.4337069525666015,0.8460512661934425,0.637424634871255,684
health,health,SI,-0.13861077045394546,0.0002797012593477046,-0.1605179738649865,2.5011592303189258e-05,2.1800878477306003,3.28909224011713,0.8970865148609475,0.609740386547108,683
health,health,SK,-0.1136398964339416,0.002938539858662847,-0.1410216937447855,0.00021795627320424633,2.3938506588579793,3.292386530014641,0.8790942525902717,0.551165666847058,683
health,health,UA,-0.043020354769834575,0.2608371592259448,-0.05911222934231137,0.12219122547613344,2.756204379562044,3.209197080291971,0.8671103211501515,0.5629548951972534,685
rlgatnd,religion,AT,0.022128477759823836,0.5645820584865371,0.0406585631455157,0.289721486973378,5.411764705882353,3.0955882352941178,1.2938656004306714,0.5779283054356184,680
rlgatnd,religion,BE,-0.03568075528261617,0.35181275832840075,-0.017425684347792923,0.6493913767470982,6.168374816983895,3.159590043923865,1.3306872609967235,0.5976551016647416,683
rlgatnd,religion,BG,0.06143856480694103,0.10918492412802042,0.057623707599866396,0.13303699248435724,5.3039647577092515,3.067547723935389,1.2579624603688822,0.6472712004332134,681
rlgatnd,religion,CH,0.04966872926096779,0.19513897912756067,0.06504272843545239,0.08964355819599638,5.717008797653959,3.162756598240469,1.322116566083751,0.545888406290454,682
rlgatnd,religion,CY,0.01663517652245051,0.6643016045017609,0.047451736750443854,0.215514917251429,4.320644216691069,3.0834553440702783,1.3874061309002539,0.6177281304027691,683
rlgatnd,religion,DE,-0.011758349604478881,0.7586956907647672,-0.024569542037710904,0.5208933524790412,6.0510948905109485,3.141605839416058,1.2218835993892017,0.6060902331551675,685
rlgatnd,religion,EE,0.00527833899395282,0.8904024778423614,-0.02001379740794088,0.6013057525913494,6.007309941520468,3.18859649122807,1.085619733334903,0.5255841798046027,684
rlgatnd,religion,ES,0.013230741115722451,0.7299759735333057,-0.05759320618926614,0.1326721339863569,5.844802342606149,3.1449487554904834,1.5170338053076198,0.6110541744518385,683
rlgatnd,religion,FI,-0.04809250306929471,0.20904035010716318,-0.040368482794009335,0.29175860601948667,5.847953216374269,3.1608187134502925,1.1480374331996788,0.5906915091944017,684
rlgatnd,religion,FR,-0.03211549541179904,0.40307357041008185,-0.05589115990396998,0.14541476561233416,6.1647058823529415,3.177941176470588,1.2620861596922381,0.5787970838570135,680
rlgatnd,religion,GB,0.040352026710994415,0.29266470780979337,0.02917838695919518,0.4467995086490454,5.900293255131965,3.095307917888563,1.5391226696690687,0.6733929968811094,682
rlgatnd,religion,GR,0.07537435616275075,0.04944872942262064,0.06822248836997816,0.07543284599085187,4.538235294117647,3.073529411764706,1.1983087507320118,0.6047474544549621,680
rlgatnd,religion,HR,0.02454055862679452,0.5223022400663131,0.04187125924969859,0.27485665600097764,4.961876832844575,3.063782991202346,1.4261089652252996,0.6360157737341241,682
rlgatnd,religion,HU,0.021001648951325134,0.585689942654935,0.03481328377361458,0.3661310592032141,5.563609467455621,3.062130177514793,1.4423565043971969,0.6029440518782616,676
rlgatnd,religion,IE,0.054520315171875174,0.1549533310394802,0.06985465295775944,0.06828151699638854,4.8841642228739,3.0850439882697946,1.6534789442565965,0.6143982750243848,682
rlgatnd,religion,IL,-0.05930920832528784,0.1217695274396494,-0.0655240532517978,0.08729028296623172,5.134897360703812,3.099706744868035,1.9821484668197247,0.6516892556847919,682
rlgatnd,religion,IS,-0.012800792614752069,0.7384246397870852,-0.01112217782328922,0.7717041351738545,6.108345534407028,3.2005856515373354,1.1639643241438242,0.5750427317277225,683
rlgatnd,religion,IT,0.07337499628115289,0.055819263172999976,0.061055624434278075,0.11167914836719423,4.695588235294117,3.098529411764706,1.619099353590773,0.5999491011937742,680
rlgatnd,religion,LT,-0.02607366097180302,0.496958471167733,-0.009355163350876444,0.8074717202291553,5.12481644640235,3.082966226138032,1.184700633602654,0.6213865049737813,681
rlgatnd,religion,LV,-0.03193188025473411,0.40507723575987054,-0.01634662887067146,0.6700060425031322,5.790322580645161,3.101173020527859,1.2256534287909395,0.6202872973497184,682
rlgatnd,religion,ME,0.0035899424339519157,0.9258816115420778,0.0010602183969249546,0.9780818469126278,4.244807121661721,3.106824925816024,1.6796159368389938,0.5849887990459999,674
rlgatnd,religion,NL,0.0047107306811916775,0.9021253604541687,0.013847256851094888,0.7177199453757644,6.165204678362573,3.172514619883041,1.4552031507234968,0.5352074006575359,684
rlgatnd,religion,NO,0.01675528475812897,0.6624936556012352,-0.006221777174535264,0.8712533723196296,6.07488986784141,3.183553597650514,1.183949408162513,0.5662775772971572,681
rlgatnd,religion,PL,0.05438185272110185,0.15908477522380177,0.027688311328045053,0.4736430528949285,4.380952380952381,3.105654761904762,1.4843827795346862,0.58990326305984,672
rlgatnd,religion,PT,-0.048349875216950874,0.20694437548345523,-0.06688163715923162,0.08069683685678218,5.265007320644217,3.055636896046852,1.6721952816772423,0.6360225077979095,683
rlgatnd,religion,RS,0.02434195980613997,0.5262852923055928,0.020319963438101885,0.5968335002811987,5.08235294117647,3.0823529411764707,1.1812154166457225,0.63453418408459,680
rlgatnd,religion,SE,-0.009468577662486979,0.8049030955977473,-0.0039756267588911005,0.9173993370038086,6.039531478770132,3.165446559297218,1.1801962223607125,0.586135685850879,683
rlgatnd,religion,SI,-0.017212863022145083,0.6533920737649724,-0.006561516301773046,0.8640915337947883,5.427525622254758,3.114202049780381,1.3928822615631018,0.6327942039641106,683
rlgatnd,religion,SK,0.04545539472226283,0.23859358007153172,0.06797138669388138,0.077832355152343,4.713649851632048,3.026706231454006,1.6756868239305578,0.6467650531131238,674
rlgatnd,religion,UA,0.023291792233973617,0.5457779004997998,0.02789828722428324,0.4693013860349905,4.952592592592593,3.0474074074074076,1.4659756187542288,0.7611514810445974,675
aesfdrk,safety,AT,-0.10082799961663126,0.008461333796049906,-0.10128972132508778,0.008164161884762296,1.7738619676945668,2.709985315712188,0.7408011789956982,0.5347788160884795,681
aesfdrk,safety,BE,-0.01788382696631827,0.6408133159534042,-0.019243197762588288,0.6156448634303047,1.9677891654465594,2.7840409956076133,0.753575408856066,0.46251899675993496,683
aesfdrk,safety,BG,-0.05632013907406862,0.14382660613092998,-0.051854724847455465,0.1784206855238911,2.471111111111111,2.7511111111111113,0.8580104882935643,0.48674822833203196,675
aesfdrk,safety,CH,-0.028655409008063612,0.4543280073678821,-0.027178079176331915,0.4779335977706424,1.641812865497076,2.801900584795322,0.6836772418903135,0.4509750770461576,684
aesfdrk,safety,CY,-0.041684886923816715,0.2777087503808525,-0.04220717561098093,0.27172734409209354,2.213235294117647,2.6911764705882355,0.8068930597950521,0.5569841191797597,680
aesfdrk,safety,DE,-0.06406317268143517,0.09386505610404472,-0.07846798434302965,0.04006100269393275,1.9138686131386862,2.7992700729927007,0.7627265727752759,0.4590697991185153,685
aesfdrk,safety,EE,-0.08622178953910459,0.024337609867257772,-0.08668364149536151,0.023582449445713933,1.752199413489736,2.78841642228739,0.6356072874862875,0.45705192341688644,682
aesfdrk,safety,ES,-0.02654968501627215,0.4881736607825021,-0.01454066527472608,0.7042332611608295,1.878654970760234,2.7478070175438596,0.7623347456218187,0.5014571892295869,684
aesfdrk,safety,FI,-0.06034217401487597,0.1145978948310298,-0.06087793791836029,0.1114083320902212,1.6379562043795621,2.8131386861313867,0.6261984284261259,0.45816464491397463,685
aesfdrk,safety,FR,-0.1013513026187989,0.008314919169214757,-0.10395688566892344,0.006784982610081833,1.9571639586410634,2.7644017725258494,0.8615365339956037,0.5054028838723017,677
aesfdrk,safety,GB,-0.04449600980184983,0.24760555746451635,-0.056699180427726543,0.14055480712710947,1.9881831610044314,2.7282127031019203,0.7843754019193533,0.5160029834708502,677
aesfdrk,safety,GR,-0.07365652452041754,0.05417174616092317,-0.0562435871824821,0.14171523291394397,2.1973684210526314,2.7887426900584797,0.8368833479954749,0.4626983666461326,684
aesfdrk,safety,HR,-0.026481142557864865,0.49121612907005824,-0.03792267234059313,0.32414312780792226,1.6017699115044248,2.753687315634218,0.6250292472993628,0.49123150599578497,678
aesfdrk,safety,HU,-0.026153741379439318,0.4962732605079843,-0.04617807454648496,0.22947390677317436,1.865979381443299,2.7533136966126657,0.6057786180507879,0.5072193328302725,679
aesfdrk,safety,IE,-0.08761656096201881,0.022714826785743034,-0.06718868701420656,0.08087251328709238,1.9215976331360947,2.6937869822485205,0.8081480195884662,0.5592506962202906,676
aesfdrk,safety,IL,-0.09925255219216822,0.009496439632639582,-0.07099130398669486,0.06389891529543501,2.001466275659824,2.7844574780058653,0.8696198417692281,0.48971094783860414,682
aesfdrk,safety,IS,0.0004914726440693903,0.9897557801344399,0.014258685858288263,0.7095035712141915,1.4394160583941606,2.811970802919708,0.6497140243864535,0.44314439882572326,685
aesfdrk,safety,IT,-0.02890144769662674,0.4534676186034093,-0.034930614766243526,0.3648731389863885,2.2311111111111113,2.7154074074074077,0.7836862853638935,0.5177269467003893,675
aesfdrk,safety,LT,-0.03323409787098988,0.38934702812588456,-0.03340223404165794,0.3869512583812679,2.1069836552748886,2.801634472511144,0.6729213771251261,0.4469942641054927,673
aesfdrk,safety,LV,-0.010617629389669935,0.784309093743183,-0.025035478566770276,0.5186270177782811,2.110944527736132,2.727136431784108,0.7728405009192716,0.5138309723490855,667
aesfdrk,safety,ME,0.0007388518626035488,0.9847815193664715,0.023598042786015953,0.5423205614392714,1.9282511210762332,2.7533632286995515,0.6595181213679148,0.4959490580360097,669
aesfdrk,safety,NL,-0.06832696232251935,0.07477109135413983,-0.04905419783974425,0.2010607498072313,1.8223201174743024,2.774596182085169,0.6614386439625711,0.480732458843172,681
aesfdrk,safety,NO,-0.0586575994409205,0.12509529723990254,-0.05017695578163758,0.18962662075645786,1.418978102189781,2.7875912408759125,0.6102838049786345,0.49166224432659555,685
aesfdrk,safety,PL,0.005539333284952018,0.8858608635256734,-0.010258770273275415,0.7903579694173677,1.7626112759643917,2.763353115727003,0.6021479681636399,0.5062826999817667,674
aesfdrk,safety,PT,-0.0761594407896813,0.04695676784374288,-0.09291222075351645,0.015290295575688147,2.0176211453744495,2.644640234948605,0.6793038675684042,0.5609903753729838,681
aesfdrk,safety,RS,0.0274473067625991,0.47586295299046794,0.03646344715521911,0.3434796214380004,1.7031019202363369,2.7341211225997046,0.7431377244271222,0.5119024183370593,677
aesfdrk,safety,SE,-0.008271211111647803,0.8290436536182019,-0.0008576004360118493,0.982138338937073,1.6491228070175439,2.823830409356725,0.7338195804809474,0.4295483758722334,684
aesfdrk,safety,SI,-0.11601863377390963,0.0024999155750285284,-0.09570419993351577,0.012728810441437127,1.58493353028065,2.7496307237813884,0.6012392552261909,0.4952621798067772,677
aesfdrk,safety,SK,-0.06495621206924436,0.09271577041667627,-0.05897357077273005,0.12698198670410565,2.187779433681073,2.7295081967213113,0.6957652196180308,0.5256917797728753,671
aesfdrk,safety,UA,0.0168514064220854,0.6702236828094199,0.013810013138168714,0.7271074723540842,2.0717628705148208,2.5546021840873636,0.8165274298403865,0.6232336584762751,641
hincfel,income,AT,-0.17718759800432893,3.2292021199386223e-06,-0.17465589310329008,4.472880095706111e-06,1.8533724340175952,2.834310850439883,0.7364410622593854,0.47904261794612135,682
hincfel,income,BE,-0.2004257053575236,1.3046615123994894e-07,-0.1902441944440409,5.588616588537419e-07,1.7653958944281525,2.8870967741935485,0.8346949314850602,0.43066463611510014,682
hincfel,income,BG,-0.15136283664936653,7.321933539709061e-05,-0.14550516327833918,0.00013873060429615527,2.534508076358297,2.841409691629956,0.8570117888247959,0.46789932095803793,681
hincfel,income,CH,-0.2838692117638826,5.3853093657785535e-14,-0.2534733919492787,2.2681628686636137e-11,1.5754437869822486,2.878698224852071,0.7150782053722363,0.41464532713556856,676
hincfel,income,CY,-0.11216054648444951,0.003912857979317139,-0.10571400066251653,0.006561549861298487,2.0954545454545452,2.7772727272727273,0.880566071586041,0.5833541896960626,660
hincfel,income,DE,-0.11667280373799342,0.0022750048876899846,-0.11965180908024714,0.0017466196667476899,1.5733137829912023,2.8577712609970676,0.6602121214440657,0.4649282898564395,682
hincfel,income,EE,-0.06694823884771535,0.08017276559932605,-0.0760993437826432,0.04664588107215691,1.9269005847953216,2.8910818713450293,0.6869895594669845,0.42803579340075953,684
hincfel,income,ES,-0.14175675578969923,0.0002018355388183484,-0.13901104670639938,0.00026842900563631,1.8506588579795022,2.808199121522694,0.8147892550095673,0.5276435815479871,683
hincfel,income,FI,-0.1235930635630415,0.0012099904524608821,-0.09920062190190461,0.009481453011397769,1.7979502196193264,2.875549048316252,0.6677720763144989,0.44724911725345007,683
hincfel,income,FR,-0.17626553674373524,3.5785847496220576e-06,-0.18770560436377093,7.790553625316339e-07,1.7159590043923865,2.8711566617862374,0.7274428425835165,0.45736364607018254,683
hincfel,income,GB,-0.13983136598747767,0.0002858272195470883,-0.12903526247119726,0.0008220700495922565,1.8071748878923768,2.8161434977578477,0.8406989896655791,0.49304390347596155,669
hincfel,income,GR,-0.045123079304060516,0.24030204858271498,-0.051063076603046306,0.18384857693493323,2.4815905743740796,2.8276877761413846,0.7695532571591404,0.45252400938364146,679
hincfel,income,HR,-0.09748948252998585,0.011090266138274062,-0.10510413474689109,0.006157247126734367,1.8348082595870205,2.827433628318584,0.775833782272995,0.47509578372405054,678
hincfel,income,HU,-0.1445579822292038,0.0001587454507375102,-0.13797401269006412,0.0003142692726917018,2.218289085545723,2.808259587020649,0.6999611883513801,0.5200183872341171,678
hincfel,income,IE,-0.09359263554376268,0.014627680981698494,-0.08224913413583881,0.03199416776495141,1.8455882352941178,2.773529411764706,0.8484472213066517,0.5523060897787773,680
hincfel,income,IL,-0.13823820784034718,0.00043451432491875135,-0.13837691472649383,0.0004287140582613033,1.9627329192546583,2.809006211180124,0.8967763158080527,0.5342219585996145,644
hincfel,income,IS,-0.1684330809239452,9.769437339507164e-06,-0.1774480779399977,3.1219329286166922e-06,1.4897360703812317,2.904692082111437,0.7254834354511831,0.4105885345390495,682
hincfel,income,IT,-0.10644687910505977,0.006195203790491649,-0.10476443070150523,0.00706507602889118,1.9015151515151516,2.8515151515151516,0.7639432135031297,0.46000673751166155,660
hincfel,income,LT,-0.15887337706415794,3.4237347400797044e-05,-0.15934315850354308,3.2430702926475144e-05,1.9881305637982196,2.858308605341246,0.6958858556449861,0.4856307793004842,674
hincfel,income,LV,-0.2138158913483293,2.1774334605721116e-08,-0.18329655703273412,1.7241742993998258e-06,2.5238095238095237,2.824404761904762,0.7945596007813457,0.48414467714977705,672
hincfel,income,ME,-0.21110321964887233,7.699783747451624e-08,-0.22841105752822286,5.671516417215378e-09,2.5676100628930816,2.841194968553459,1.0133695001195735,0.4907983081167204,636
hincfel,income,NL,-0.13207448240208486,0.0005814631273265778,-0.049067667868067495,0.2029401205450538,1.394074074074074,2.9096296296296296,0.6296062264936781,0.39184454505420263,675
hincfel,income,NO,-0.022778103507706975,0.552035815491081,-0.028111156553734366,0.46294721352597823,1.5116959064327486,2.9005847953216373,0.6637512993080653,0.4071825238555066,684
hincfel,income,PL,-0.13947741953206036,0.00026124837219714946,-0.1331859445497046,0.0004925628923842014,1.935389133627019,2.8516886930983847,0.5546025628899502,0.4472473950256838,681
hincfel,income,PT,-0.16016108019862638,2.6807613095232127e-05,-0.16018025709867392,2.674738253185414e-05,2.2980910425844345,2.7694566813509547,0.8318013040060211,0.5541351223144946,681
hincfel,income,RS,-0.1625623541141481,2.1056580646532164e-05,-0.149116554960168,9.722805357197346e-05,1.9646017699115044,2.821533923303835,0.7639886417503852,0.5147823746346714,678
hincfel,income,SE,-0.06455348886045706,0.09184847949402489,-0.05196731992613059,0.17492203523377645,1.363103953147877,2.9194729136163984,0.6053890676213879,0.3762973847538452,683
hincfel,income,SI,-0.26305513033152933,3.166224314168223e-12,-0.2535338839329313,1.9581060618387847e-11,1.5294117647058822,2.8308823529411766,0.7295688043048776,0.49970752946575137,680
hincfel,income,SK,-0.22481499565962393,3.239837164863706e-09,-0.22923489286176532,1.55559880315812e-09,2.28023598820059,2.7684365781710913,0.7958117491539157,0.5862084852192727,678
hincfel,income,UA,-0.1816542864033553,2.3352819654620417e-06,-0.18124165603559195,2.463834099662431e-06,2.9280359820089954,2.421289355322339,0.9042323965284474,0.8115325759656772,667
