variable,domain,cntry,r_pearson,p_pearson,r_spearman,p_spearman,human_mean,silicon_mean,human_sd,silicon_sd,n_valid
ppltrst,social_trust,AT,0.09353495944592587,0.015363443697776907,0.06676924027929726,0.0839393958059888,5.862891207153503,6.286885245901639,2.161186100220951,1.531278165827555,671
ppltrst,social_trust,BE,0.030257155632394863,0.4318716873368367,0.03220481392720089,0.4028102529657063,5.6292466765140325,6.604874446085672,2.117111503453412,1.2314024298628237,677
ppltrst,social_trust,BG,0.09831754382948082,0.010768648691292999,0.09324257170165827,0.015610659236611603,3.7083333333333335,5.767113095238095,2.388756990624689,1.6203821003469618,672
ppltrst,social_trust,CH,0.051637264631799636,0.17960440314927875,0.05185743628346372,0.1777537038745737,5.861152141802068,6.744608567208273,2.1153665388491274,1.2620852598230394,677
ppltrst,social_trust,CY,0.05277117190113044,0.17213689302980412,0.04108954111192406,0.2878571480106321,4.089418777943368,6.144560357675112,2.4895707456301794,1.6850872005894293,671
ppltrst,social_trust,DE,0.015924898038803575,0.6782600419109233,0.00782818413903845,0.8384223085755838,5.383259911894273,6.443906020558003,2.2304606366094224,1.3265375152592445,681
ppltrst,social_trust,EE,0.07479174969209759,0.052279930552746164,0.04312882003426096,0.26351094298691136,5.728486646884273,6.654005934718101,1.9818316892578292,1.251895551743783,674
ppltrst,social_trust,ES,0.07158352739671762,0.06485546562716796,0.08119323650520843,0.036182070064336144,5.346846846846847,6.288288288288288,2.154512096392434,1.466492233751036,666
ppltrst,social_trust,FI,-0.03749236772199921,0.3307437527234267,-0.05148477382360931,0.18154253293999034,7.014814814814815,6.998518518518519,1.8033318371596858,1.3492488945351522,675
ppltrst,social_trust,FR,0.06954835220429902,0.07244132085138501,0.06139475598501784,0.11289499506966026,4.526946107784431,6.320359281437126,2.1539388869523335,1.3634460671657123,668
ppltrst,social_trust,GB,-0.057800967663157364,0.13443635710480048,-0.06130847432236332,0.11232425055896274,5.461309523809524,6.608035714285715,2.2907167178417054,1.3336952728002758,672
ppltrst,social_trust,GR,0.04746498334325795,0.2187898655091841,0.04933830391543294,0.20112761167556129,4.5200594353640415,6.167904903417534,1.930326273009748,1.4330426473201767,673
ppltrst,social_trust,HR,0.09076552728162551,0.01842806992626324,0.0802951980899859,0.03715278604855037,4.688427299703264,5.999258160237389,2.3726305089191437,1.63416787676493,674
ppltrst,social_trust,HU,0.14009751192571146,0.0002752790337304561,0.14052769947202895,0.0002634697157320967,4.485074626865671,5.794029850746269,2.4850376610394136,1.6699113943192936,670
ppltrst,social_trust,IE,0.04890574079586417,0.20342989783867696,0.048745336192109065,0.20491805015568682,5.404129793510324,6.4834808259587025,2.4834068051349347,1.4488089058153166,678
ppltrst,social_trust,IL,0.04473012475976346,0.2454742814625919,0.026838902513362184,0.48602465534599737,5.207100591715976,6.37914201183432,2.3786102126957225,1.3244794378487885,676
ppltrst,social_trust,IS,0.01974211359082209,0.607577228199756,0.020020615148439197,0.6025195261574146,6.559646539027982,7.379234167893962,2.050014143115961,0.9472029945746203,679
ppltrst,social_trust,IT,0.04746964792180216,0.21874454813844152,0.04423550980289701,0.2517967623154051,4.578008915304606,6.102526002971768,2.31009512402915,1.5350206033376406,673
ppltrst,social_trust,LT,0.10203980910594675,0.008406947116999271,0.08952225409273479,0.020854980182894094,5.15015015015015,6.202702702702703,2.402062079351849,1.440099795589126,666
ppltrst,social_trust,LV,0.020122882549461794,0.6028285214731158,0.031043104124430274,0.4220762055961374,3.8688524590163933,6.0514157973174365,2.5685988445975414,1.5888962446013526,671
ppltrst,social_trust,ME,0.036225735404940625,0.3513266968396005,0.011244106639070267,0.7724255889516033,4.256024096385542,6.599096385542169,2.5768653726455626,1.2159197015884304,664
ppltrst,social_trust,NL,0.03057156418292254,0.4284739625353067,0.02392432548132478,0.5355306447241803,6.2481426448737,6.939227340267459,1.967579556957099,1.0427216549624294,673
ppltrst,social_trust,NO,0.11128668954203025,0.0037149801956988687,0.07624189179782019,0.047206220598203605,6.676991150442478,7.325811209439528,1.8891985053286604,0.9467337177897553,678
ppltrst,social_trust,PL,0.07625877831091293,0.04814897096700865,0.09290315199767031,0.015993963315675253,4.535714285714286,6.002976190476191,2.3326691877988606,1.5325548483067826,672
ppltrst,social_trust,PT,0.1510577333666068,7.761383396754624e-05,0.1614183540147267,2.376978323797715e-05,4.126656848306333,5.997496318114875,2.3683967390698415,1.6726084691472538,679
ppltrst,social_trust,RS,0.013846648899287058,0.7209247585518138,0.015578952259181862,0.6877435317974151,4.345808383233533,5.888473053892215,2.7703501539014828,1.5931549806519976,668
ppltrst,social_trust,SE,0.18304248990335845,1.690635095157889e-06,0.17396868524526207,5.463030314322476e-06,6.305185185185185,7.271407407407407,2.026212444978008,1.114071157716344,675
ppltrst,social_trust,SI,0.03420328107880664,0.37673105036584187,0.01560888274426644,0.6867304443268968,4.695522388059701,6.233283582089553,2.38639848071641,1.578408015267217,670
ppltrst,social_trust,SK,0.03322780806473539,0.3926377810494617,0.018610789576921354,0.6321489495582734,4.0602409638554215,5.820030120481928,2.738362283582559,1.6775258299358453,664
ppltrst,social_trust,UA,0.031707707779342835,0.41536884150388936,0.048849231127324984,0.2093939576783241,3.9290030211480365,5.745468277945619,2.841677910396539,1.7300238316696646,662
pplfair,social_trust,AT,0.029272129544242798,0.44534012289251784,0.024603818585169565,0.5212301209705709,6.3372434017595305,7.206011730205279,1.9876394907949377,0.6086809019435673,682
pplfair,social_trust,BE,0.010483367160730622,0.7843292614373067,0.01577272408711081,0.6804996654375077,6.017543859649122,7.247514619883042,1.9778382218342525,0.6023207616647123,684
pplfair,social_trust,BG,-0.09899194851270476,0.009794762955047933,-0.09987982738644327,0.00915328666579185,4.310294117647059,7.075,2.2163962381536,0.7036356250102074,680
pplfair,social_trust,CH,0.024991951152009806,0.514367728092242,0.03866502923587305,0.3129704703058976,6.4099560761347,7.277452415812592,1.8802930367967179,0.602624717508152,683
pplfair,social_trust,CY,0.010935148551261355,0.7752789562214989,-0.0054360582136399205,0.8871492122068625,4.428362573099415,7.320614035087719,2.258379472540865,0.6497880520594497,684
pplfair,social_trust,DE,0.07499408741554743,0.0499345803464129,0.06834001301989888,0.0740761412431814,6.245614035087719,7.116812865497075,1.9461027775150836,0.6257489241121407,684
pplfair,social_trust,EE,-0.019434924662357946,0.6126534760871603,-0.0054272260938210415,0.887577951113973,6.212922173274596,7.1800293685756245,2.0551679067211146,0.6150184112650953,681
pplfair,social_trust,ES,0.0708830577101657,0.06450254705108824,0.06644136139672951,0.0831700293816697,5.596182085168869,7.150954478707783,2.174027867069839,0.6404523672291879,681
pplfair,social_trust,FI,-0.09515760132143515,0.012913782560632026,-0.05090045362404153,0.18427912881367806,7.161290322580645,7.336656891495601,1.706968556029035,0.6520988115901255,682
pplfair,social_trust,FR,-0.030108949247391808,0.4331113723427676,0.0011278454945185404,0.9765802561046933,6.15,7.145588235294118,1.9973104153922752,0.657556915231377,680
pplfair,social_trust,GB,-0.017497497168496263,0.6490099279068176,-0.03370146555924905,0.38058914135269584,5.945508100147276,7.263622974963181,2.183669545497061,0.6464236620497451,679
pplfair,social_trust,GR,-0.03463324036828708,0.36719851606804604,-0.024805609410838165,0.5184345053087807,4.930882352941176,7.143382352941177,2.002851968993927,0.6743460483412459,680
pplfair,social_trust,HR,-0.027213240531083472,0.47996078820110527,0.00014013416025531174,0.9970983035289795,5.193786982248521,7.0983727810650885,2.4323784748526665,0.6800960826009389,676
pplfair,social_trust,HU,-0.029418887214864187,0.44339661382411844,-0.027635831121099817,0.471527060383527,5.096916299559472,7.058737151248164,2.1100611659064024,0.719630740635609,681
pplfair,social_trust,IE,0.034348955048964035,0.3704417407981159,0.0462693174331154,0.2275249575082063,6.145161290322581,7.380938416422287,2.1658913214281967,0.6076750902344673,682
pplfair,social_trust,IL,-0.008436639874355533,0.8265619724247438,0.008745266923631485,0.8203235067405268,5.34711964549483,7.150664697193501,2.285608073412758,0.6448845143233,677
pplfair,social_trust,IS,0.04482084582502645,0.2420805114333665,0.06662216769964391,0.08188259256263097,6.980966325036603,7.5469985358711575,1.8391125944944127,0.6458999348229607,683
pplfair,social_trust,IT,0.004194835198274577,0.913310085059204,0.013008738369688683,0.7356529369865397,4.634615384615385,7.230769230769231,2.223360819420306,0.6353768202442577,676
pplfair,social_trust,LT,0.014055275581469481,0.715883740275598,0.00019926694177044472,0.9958830760387573,5.5200594353640415,7.09554234769688,2.2420425416050747,0.6403433638104074,673
pplfair,social_trust,LV,0.037513622916259606,0.3308292911174179,0.0557533964229425,0.14821074847261786,5.640949554896142,7.119436201780416,2.222106209515381,0.6934584877480637,674
pplfair,social_trust,ME,-0.08599661494022763,0.02546617936772103,-0.0783815252630393,0.04177343685054243,4.354074074074074,7.166666666666667,2.3304131319199115,0.5873291152448031,675
pplfair,social_trust,NL,-0.001984914789972744,0.9586742227206516,-0.006894053323778567,0.857171997807045,6.6154970760233915,7.263304093567252,1.6242469731723888,0.6135475566873685,684
pplfair,social_trust,NO,0.025013232133174208,0.5140095112177796,0.026921626671904716,0.4824200220878321,6.890190336749634,7.440995607613471,1.8470727714295228,0.6053671518539212,683
pplfair,social_trust,PL,0.04466558372259294,0.2475642896485158,0.038904998104005925,0.31391723539843724,5.21875,7.0617559523809526,2.249968951598991,0.6587563679195074,672
pplfair,social_trust,PT,0.0078591568895196,0.8379097784028855,0.009892944712618937,0.7967865520648576,5.133823529411765,7.153382352941176,2.210838897026665,0.7833805942870306,680
pplfair,social_trust,RS,0.0018131298743330102,0.9623866218367619,-0.02612118805728828,0.496809674770438,4.678939617083947,7.081737849779087,2.8466221862024113,0.662650382929007,679
pplfair,social_trust,SE,0.04942180180868553,0.1970419092225713,0.04919094637895489,0.19914475259852524,6.755490483162518,7.425329428989751,1.7797191245528958,0.6189715726426398,683
pplfair,social_trust,SI,0.05105480096716649,0.1855485868873861,0.02622298722853987,0.4967314527850901,5.4347181008902075,7.181008902077151,2.245559460446317,0.6670073702859152,674
pplfair,social_trust,SK,0.050692491899344744,0.1864048740663272,0.03248376927159204,0.3973509642634977,4.851688693098385,7.11424375917768,2.5047074967193206,0.6675810542724342,681
pplfair,social_trust,UA,0.023590361652050824,0.5439702417066405,0.026959465149454277,0.48798707095645677,4.786144578313253,7.098795180722892,2.4283495720805837,0.8696309407264358,664
pplhlp,social_trust,AT,0.0996040346744856,0.009141840160411838,0.0795717443851549,0.03747376864289829,6.251461988304094,6.586695906432749,2.0579981950981816,1.494866243030225,684
pplhlp,social_trust,BE,-0.004826343557498997,0.8996626356032511,0.004482011449685008,0.9067872976770549,5.2437956204379566,6.8141605839416055,2.1392619551036502,1.255253662731493,685
pplhlp,social_trust,BG,0.0049958070910674675,0.8968422305067031,-0.02539284039722562,0.5098326601899048,3.578402366863905,6.488905325443787,2.2929342916902797,1.55687568900778,676
pplhlp,social_trust,CH,0.076706811473564,0.045391239249838566,0.09703497135482483,0.011291315465950353,5.916299559471366,6.817033773861967,1.8951288466556242,1.2783965187498618,681
pplhlp,social_trust,CY,0.07804774131450525,0.041891540702616435,0.07229478468263059,0.059535902760238284,4.142647058823529,6.651617647058824,2.2453234775511945,1.5210831640741416,680
pplhlp,social_trust,DE,-0.04631170188375452,0.22778403636831193,-0.02737613800709338,0.47602985443887236,5.4338235294117645,6.679558823529411,2.0047888392228868,1.3446593579328465,680
pplhlp,social_trust,EE,0.00210806121546409,0.9563062561160621,0.017167320899806486,0.6554396464813282,5.092920353982301,6.957964601769912,2.007793536651238,1.168488267734111,678
pplhlp,social_trust,ES,-0.059550148196574906,0.12080635834995745,-0.09301315404009865,0.015254260966638813,4.820588235294117,6.665882352941176,2.296860816263583,1.3993626103165828,680
pplhlp,social_trust,FI,-0.03656659768219785,0.3403324378955273,-0.04310815354908647,0.2609143840615439,6.410557184750733,6.873607038123166,1.9194666982478543,1.253391830901751,682
pplhlp,social_trust,FR,-0.053545997691990775,0.1637164601032715,-0.07013147806777106,0.06800227593641532,4.635693215339233,6.72551622418879,2.202796739915814,1.3461957829925861,678
pplhlp,social_trust,GB,-0.0642512446957864,0.09508454717117983,-0.034265814765632695,0.3737217375049709,6.048816568047338,6.62085798816568,1.996066150931743,1.43456582791365,676
pplhlp,social_trust,GR,0.03626643300425525,0.3446689664782656,0.008786844537788219,0.8189587173508569,4.355359765051395,6.632452276064611,1.9830172112426687,1.4609690602971535,681
pplhlp,social_trust,HR,0.024896817391161265,0.5162792100773048,0.016548999270545733,0.6661659034435498,4.413489736070381,6.501319648093841,2.4057554259521106,1.4961864456189655,682
pplhlp,social_trust,HU,0.052378495160866304,0.17374944507120227,0.013810695855064321,0.7200210614398636,4.534023668639053,6.566272189349113,2.297895157851203,1.4890568757225269,676
pplhlp,social_trust,IE,0.039231800063887004,0.3066365981646355,0.04065167976422744,0.2894475411627731,6.0646108663729805,6.823641703377386,2.23513294836834,1.2202274188804654,681
pplhlp,social_trust,IL,0.0945907363540075,0.013881080993953817,0.10363478798763687,0.00700129855848885,5.1198224852071,6.967603550295857,2.3315213214005825,1.13810792806663,676
pplhlp,social_trust,IS,-0.0540254789555582,0.15997090825139337,-0.06798056307015861,0.0769126037068765,6.591445427728614,7.179646017699115,1.792743613963643,0.9918866696861615,678
pplhlp,social_trust,IT,0.016924095520332513,0.6611947533533238,0.048694776554963334,0.20707405397810086,4.205052005943537,6.542347696879643,2.255846512259797,1.510618709297406,673
pplhlp,social_trust,LT,0.05109157004452505,0.1839279728763507,0.020261498513972413,0.5984309397890233,5.047197640117994,6.635693215339233,2.3885774693743334,1.3369624427767426,678
pplhlp,social_trust,LV,-0.04405395345462608,0.25304320931310825,-0.04925374594067066,0.2012304305368774,4.942222222222222,6.580592592592592,2.322878939539187,1.4477936569963337,675
pplhlp,social_trust,ME,0.02025022887383061,0.5994475616227106,0.027079423907513223,0.48244913242174164,4.266666666666667,6.868444444444446,2.1843793977044665,1.203467952937993,675
pplhlp,social_trust,NL,0.027389919351631303,0.47548229653013346,0.03692056362849607,0.3360314255811503,5.7195301027900145,6.998972099853157,1.7604437315100638,1.1773532632873527,681
pplhlp,social_trust,NO,-0.05028288215902775,0.1896669782884705,-0.015813000858085593,0.6801731844889068,6.164222873900293,7.132551319648093,1.8958208301044186,1.0928531416828466,682
pplhlp,social_trust,PL,-0.05540760664478936,0.1501399646359012,-0.03624993642481193,0.346672376950503,4.523668639053255,6.435798816568048,2.380980595305733,1.5078528608042745,676
pplhlp,social_trust,PT,0.031743293878017644,0.4088954023062768,0.04285813926184738,0.2647491939912138,4.076583210603829,6.643446244477172,2.158886988263925,1.4966769167717953,679
pplhlp,social_trust,RS,-0.0359998011356713,0.3492978305004504,-0.01699656065425199,0.6586490703342501,3.7050147492625367,6.646607669616519,2.7298348757428568,1.3479166032568475,678
pplhlp,social_trust,SE,0.05331799786906349,0.16365396952991,0.009192315441249483,0.8103491735571053,6.130116959064328,6.991228070175438,1.906073974190226,1.1926000290597851,684
pplhlp,social_trust,SI,0.03338500686323441,0.3861363558803553,0.042254398368612466,0.27261028253567104,5.350591715976331,6.787426035502958,2.250896039955384,1.3047168679956045,676
pplhlp,social_trust,SK,-0.0027290834389052296,0.943369906786697,-0.020477012269996462,0.5939999113748876,4.197058823529412,6.550882352941177,2.552423584095443,1.4627024591247717,680
pplhlp,social_trust,UA,0.022616078986746946,0.5589617679278102,0.028047975872241275,0.4685803792491019,4.2477611940298505,6.515223880597015,2.6642940608605854,1.5968975509930434,670
sclmeet,social_trust,AT,0.05309684881034249,0.16634465830839057,0.03737086605878818,0.33016685912408156,4.906020558002937,3.7474302496328926,1.1931084683396584,0.8782988260542763,681
sclmeet,social_trust,BE,0.015377392275716453,0.6882990142869456,0.015318302913305016,0.6894343602520902,5.175695461200585,3.6939970717423134,1.369395560229134,0.8857336108090998,683
sclmeet,social_trust,BG,0.012484220612833769,0.745754755144368,0.006279716582355687,0.8704451990868508,4.96602658788774,3.601181683899557,1.676596038823469,1.0479051056432804,677
sclmeet,social_trust,CH,0.014639188788584733,0.7029490823451033,0.02688115259760577,0.48372262122386134,5.098384728340675,3.7914831130690163,1.2927445855740953,0.9302044383579787,681
sclmeet,social_trust,CY,0.06662547452423691,0.08164322231535645,0.056144074403183156,0.14242243095567386,4.007309941520468,3.6315789473684212,1.7082023508038924,0.9628212378585711,684
sclmeet,social_trust,DE,-0.010353563077480853,0.788312862449825,-0.021488767848453393,0.5773059717200365,4.8281481481481485,3.6725925925925926,1.3984228002174202,0.9201365552788777,675
sclmeet,social_trust,EE,0.02383223093289451,0.5346845054897696,0.045806305685238136,0.2325597437896179,4.246696035242291,3.7459618208516887,1.483514837689877,0.8601054954167491,681
sclmeet,social_trust,ES,0.04571905049003349,0.23379643581535445,0.06006410990615268,0.11762705997036298,5.245588235294117,3.7044117647058825,1.4703684753064739,0.9061943312491227,680
sclmeet,social_trust,FI,0.007659594060320018,0.841625931485581,0.00948089289009136,0.8046544619017408,4.891654465592972,3.7423133235724744,1.3581417519025107,0.8360000639730745,683
sclmeet,social_trust,FR,0.02678829341485097,0.48555676162400135,0.026311697904646877,0.49335565685101024,5.220588235294118,3.610294117647059,1.4188463051239524,0.9476176944373231,680
sclmeet,social_trust,GB,0.016909248182568965,0.6598216058764051,-0.007333455649228362,0.8486165820660266,4.801470588235294,3.651470588235294,1.5777346828981365,0.9356296497808259,680
sclmeet,social_trust,GR,0.0794751612282277,0.038415437770349614,0.06771765840800946,0.07784403037434957,4.15758468335788,3.7142857142857144,1.6121489528380235,0.9505249508870054,679
sclmeet,social_trust,HR,0.06170773015808648,0.10763849733358015,0.08314788226867123,0.030037388498834548,5.343612334801762,3.7400881057268722,1.531816834416103,0.9617658351374985,681
sclmeet,social_trust,HU,0.018432348995205596,0.6311084470632393,0.038523712566899466,0.31545588235821503,3.368575624082232,3.6505139500734214,1.524547916768308,0.9273795467348673,681
sclmeet,social_trust,IE,0.0461844125387035,0.22975444653141902,0.051745197249290886,0.17837369036406103,4.200589970501475,3.7227138643067845,1.617262747576859,0.8644208164100096,678
sclmeet,social_trust,IL,0.039162925521263645,0.30963576615930477,0.027249741169922754,0.4796981574572806,5.4222222222222225,3.8903703703703703,1.5439489749311341,0.8402763846982809,675
sclmeet,social_trust,IS,0.0018749040683720916,0.9612788392010045,0.012553926403803336,0.7451171867600761,5.279346210995542,3.8172362555720656,1.401255236775418,0.7700881785426891,673
sclmeet,social_trust,IT,0.006098929548071044,0.874514115309151,0.012282540864832516,0.7504422037999343,4.74591381872214,3.7288261515601784,1.5648440812151594,0.9556853473422109,673
sclmeet,social_trust,LT,-0.003498263049706929,0.9277691998183433,0.013884541513487966,0.718987788263519,4.364985163204747,3.735905044510386,1.5563767357594123,0.827634788493445,674
sclmeet,social_trust,LV,0.07556036088985615,0.04922298644145777,0.08680460204676493,0.02379934902853098,4.187315634218289,3.6519174041297937,1.6055714087753692,0.891327414801159,678
sclmeet,social_trust,ME,0.027445853318583242,0.4758863251278703,0.054252575595478886,0.15852790475805403,4.8124076809453475,3.738552437223043,1.6223183496568185,0.9566984195446796,677
sclmeet,social_trust,NL,0.03703743477932266,0.33450295074950503,0.01438756563925888,0.7078187136513326,5.403817914831131,3.850220264317181,1.2625546426273055,0.7921698300538699,681
sclmeet,social_trust,NO,0.04727121130574282,0.218284426873841,0.06791362998779875,0.07676775831700328,5.645588235294118,3.806323529411765,1.3445941318990582,0.8115357618849328,680
sclmeet,social_trust,PL,0.040548195315543524,0.29103378358431237,0.04626675908322769,0.22823608825618236,3.9308823529411763,3.6852941176470586,1.435788858922284,0.8906757550880814,680
sclmeet,social_trust,PT,0.04353793520756083,0.2558365693681408,0.051094788305216694,0.18228571238919974,5.635431918008785,3.651537335285505,1.6028852959951865,0.929372352923319,683
sclmeet,social_trust,RS,-0.005126526269233714,0.8938466966013026,0.016660345420356368,0.6645212238312949,5.136764705882353,3.763235294117647,1.609197095029799,0.8892094769470252,680
sclmeet,social_trust,SE,0.019620359347743834,0.6100585983203642,-0.005231293679065079,0.8918495235320216,5.430678466076696,3.7109144542772863,1.3847885834435008,0.8379295305313017,678
sclmeet,social_trust,SI,0.07912003740861515,0.04032321509429269,0.09283582062798044,0.016070973924225535,4.645833333333333,3.706845238095238,1.4920096836732875,0.9497419148253373,672
sclmeet,social_trust,SK,-0.027000151906071163,0.48211145605533395,-0.02104932617625568,0.5837261517498655,4.557352941176471,3.7014705882352943,1.56346507058608,0.8323348721157006,680
sclmeet,social_trust,UA,0.0077772660696955416,0.8419296359276917,0.02051459252058034,0.5988286249240696,4.321212121212121,3.5787878787878786,1.770566565831688,0.9143129549115084,660
inprdsc,social_trust,AT,-0.01618641964954549,0.6730522607818203,-0.0077130045477653624,0.8406519632246653,3.0498533724340176,2.941348973607038,1.1738117591916133,0.5414587884549729,682
inprdsc,social_trust,BE,0.04994455673364693,0.19234022219382174,0.0376015802291583,0.32647596736261414,3.363103953147877,2.9780380673499267,1.3795480472571786,0.584088345226722,683
inprdsc,social_trust,BG,0.02158383598539642,0.5739238714985998,0.014265018873230617,0.7101946849741011,2.0205580029368577,2.907488986784141,1.2612506561293018,0.6101733193592969,681
inprdsc,social_trust,CH,0.09745650895280761,0.010765200562497506,0.075120566841,0.049548672989938015,3.5453216374269005,2.9678362573099415,1.2642134976160326,0.5347272503808657,684
inprdsc,social_trust,CY,-0.012817881835886124,0.7384592716631446,-0.015715232642779308,0.6822635824740599,2.434654919236417,2.9647577092511015,1.321397513277927,0.5702865443612103,681
inprdsc,social_trust,DE,-0.0035111512975436613,0.9271279801336261,-0.01568549972482253,0.6828320559976568,3.575624082232012,2.9280469897209986,1.22615813187385,0.6129416804811628,681
inprdsc,social_trust,EE,-0.05107589693513761,0.18244764374126776,-0.05558169301679051,0.14676648679441723,2.5944363103953147,2.9282576866764276,1.364967455800747,0.607244421030483,683
inprdsc,social_trust,ES,0.024603700253627302,0.5206196136397584,0.03667976261015121,0.33812930737479846,2.8859649122807016,2.925438596491228,1.3918320942419997,0.6064530587571629,684
inprdsc,social_trust,FI,0.014062801417077043,0.7133171671164873,0.014562466552349069,0.7036037539351705,3.2510948905109487,3.0058394160583943,1.2766525117350722,0.5696729367600777,685
inprdsc,social_trust,FR,0.006837908967981683,0.8586317339038448,0.023369904943886445,0.5426415821009541,2.857562408223201,2.8854625550660793,1.4477079011511156,0.5778587239505993,681
inprdsc,social_trust,GB,0.03726632567581413,0.33152242531689186,0.044303735860329485,0.24825743385317717,3.0954478707782673,2.9530102790014685,1.4270474910681292,0.5822071706876076,681
inprdsc,social_trust,GR,0.0256332730339606,0.5033163192655906,0.041810281956682134,0.27485144125377436,2.2280701754385963,2.9634502923976607,1.1882914963427518,0.5624749967567343,684
inprdsc,social_trust,HR,0.017390848234180325,0.651007126171619,0.015989733327906236,0.6774733503688203,2.3402061855670104,2.9072164948453607,1.3944751770367632,0.5737043105570218,679
inprdsc,social_trust,HU,0.04774208781096138,0.21372786076582725,0.05136523694416475,0.1809419323584716,2.4544117647058825,2.927941176470588,1.2187699711476547,0.5888871680398307,680
inprdsc,social_trust,IE,0.04355563584977637,0.25564315963294726,0.049758580184559205,0.19400338369352782,2.6193265007320643,2.937042459736457,1.3226123234154243,0.5760274840816202,683
inprdsc,social_trust,IL,-0.003189445703571409,0.9338861500198683,-0.008291138579332315,0.8292582030608987,2.508100147275405,2.9734904270986746,1.4077877838058608,0.6090793232070614,679
inprdsc,social_trust,IS,-0.04579597135853842,0.23266525210748906,-0.03977705345163048,0.29995757875576773,3.534508076358297,3.077826725403818,1.3236752868465158,0.5902083176024,681
inprdsc,social_trust,IT,0.1118704051735904,0.003537383953742605,0.11079233013628907,0.003871673064081907,2.2330383480825957,2.938053097345133,1.2822961892601348,0.5744411324116206,678
inprdsc,social_trust,LT,0.030455304257231756,0.4281772609859962,0.053599475755755265,0.16298423615320543,2.1045655375552283,2.9469808541973492,1.3780709053269078,0.5540030120775605,679
inprdsc,social_trust,LV,0.044184184207517095,0.25164166030537194,0.030977585031907114,0.42167283696191665,1.7362962962962962,2.957037037037037,1.2977158321146354,0.5525152549340407,675
inprdsc,social_trust,ME,-0.010850856256790248,0.7788860981837232,0.008988254373684475,0.8160929188105372,2.1800595238095237,2.9717261904761907,1.1742472603094858,0.5355649379029123,672
inprdsc,social_trust,NL,0.08176157871465023,0.03290002384792143,0.05941553202692632,0.12137532666578033,3.7268722466960353,2.9397944199706316,1.263281346967598,0.6094013108573855,681
inprdsc,social_trust,NO,0.1090593029605043,0.004381780558456474,0.10043583193038837,0.008721280233775322,3.23935389133627,2.9647577092511015,1.435877122647148,0.626796459389314,681
inprdsc,social_trust,PL,0.031012256971419377,0.42219095963051884,0.036902996400843,0.33948698611746814,3.150297619047619,2.9211309523809526,1.3778208785208308,0.5219759838195025,672
inprdsc,social_trust,PT,-0.019733274433817956,0.6085351979349525,-0.006145960416450133,0.8732743701094867,2.2381656804733727,2.88905325443787,1.3945158859665305,0.5996035654315957,676
inprdsc,social_trust,RS,0.04562301435781907,0.23547322461506806,0.04536380167587608,0.2381473833830836,2.476401179941003,2.887905604719764,1.4283076199240212,0.6167059129763578,678
inprdsc,social_trust,SE,0.04904522620832358,0.20015009019080404,0.052871420592636435,0.1672162088498474,3.814327485380117,3.0058479532163744,1.2710422687563399,0.6515850795868239,684
inprdsc,social_trust,SI,0.058650719613880166,0.12793975034279953,0.03680350513892259,0.3397120511557718,2.8162962962962963,2.9185185185185185,1.3405459386242347,0.5641602021651304,675
inprdsc,social_trust,SK,0.013776698823607839,0.7218764915103417,0.03160423442780492,0.41408170340280354,1.7477611940298508,2.8761194029850747,1.1613942202433745,0.5665276059668346,670
inprdsc,social_trust,UA,0.008811087659075309,0.8197874536779265,0.03361957274851749,0.38457790978934775,2.1549925484351715,2.932935916542474,1.3907373621184385,0.6059187131389467,671
stfdem,political,AT,-0.006153008684115814,0.8735043935935892,-0.046556059065094184,0.2280961023134395,5.736607142857143,6.696428571428571,2.485240924035398,1.0459427172492095,672
stfdem,political,BE,0.07430294644076116,0.05456164600850448,0.030066702796623993,0.4371707166048637,5.21044776119403,6.628358208955224,2.3893532111891895,1.123176944419317,670
stfdem,political,BG,0.040423168452305216,0.29647699629176905,0.06989868453858739,0.07079951662938819,3.3258594917787745,5.974588938714499,2.3860129569068325,1.529435736013785,669
stfdem,political,CH,0.012104678936089045,0.7548282263590028,-0.04022727609495123,0.29918860167566147,7.57185628742515,6.995209580838323,1.6652146640498653,0.8203965387223731,668
stfdem,political,CY,-0.026573610099158238,0.4935855303047528,-0.04355781067511884,0.26164287570826755,4.495495495495495,6.521021021021021,2.3158448941291145,1.244661203837979,666
stfdem,political,DE,0.0874209232029815,0.02261772468267477,0.10091227879725001,0.008454622035359885,5.727941176470588,6.815441176470588,2.605270832075622,0.9948970444636775,680
stfdem,political,EE,0.011070518756697477,0.7785003102457705,-0.023797847218118225,0.5453714973555861,5.24537037037037,6.8765432098765435,2.5875657108071954,0.8433057210100556,648
stfdem,political,ES,-0.00692494929016671,0.8577938975185788,-0.0022941453216839855,0.9526650505205486,4.794642857142857,6.491071428571429,2.518385661533428,1.130755803166878,672
stfdem,political,FI,0.028843283588735346,0.4543773817583393,0.04738384785363748,0.2188928548516333,6.783703703703703,7.001481481481481,1.9634723453490894,0.7785119703701873,675
stfdem,political,FR,-0.044328851047471446,0.2518594547418714,-0.049629753271107156,0.19948287186925323,4.344776119402985,6.586567164179105,2.480825335331246,1.0261739818727933,670
stfdem,political,GB,-0.02798833892252941,0.47899658626659075,-0.06665576387881375,0.09150902729626764,4.3286604361370715,6.576323987538941,2.629976197959441,1.1148970868259958,642
stfdem,political,GR,-0.04324481115815255,0.2611645947991593,-0.036834544157418755,0.33858748526153964,4.149187592319055,6.262924667651403,2.212100949596733,1.3539332408387068,677
stfdem,political,HR,0.0559059719226125,0.1507662028946172,0.04321427618382516,0.2668727381399113,4.462235649546828,6.330815709969788,2.5076451609046644,1.4219754426964606,662
stfdem,political,HU,-0.07432343147086504,0.055407520083086775,-0.07998305961940275,0.03920824285861503,4.449624060150376,6.064661654135338,2.6634977925627235,1.4480042085783151,665
stfdem,political,IE,0.0363465221360406,0.3530210045632959,0.044281579651616845,0.2577658312712362,5.815267175572519,6.693129770992367,2.2782871296265155,1.013154371144805,655
stfdem,political,IL,0.0820721533376978,0.03673411309860723,0.08807839110872502,0.024952334801470844,4.2592592592592595,6.540123456790123,2.7621991452739527,1.2085199796234578,648
stfdem,political,IS,0.049527389801101725,0.20142711021731974,0.017363305904678623,0.654425064047006,5.937031484257871,7.215892053973014,2.276447934547802,0.6401383392949249,667
stfdem,political,IT,-0.038823356290805536,0.31857602138971125,-0.023444448132011683,0.5470720025696966,5.113293051359516,6.359516616314199,2.062746073395897,1.2461347472672362,662
stfdem,political,LT,0.021431099924178087,0.5866398740026434,-0.012352578296864177,0.7540044472146954,4.613003095975232,6.492260061919505,2.386412043277623,1.2145508630475748,646
stfdem,political,LV,-0.08518266617011956,0.03309868488617995,-0.06675435301360647,0.0951734901286053,4.263578274760383,6.4297124600638975,2.4342586829388653,1.2415521564511491,626
stfdem,political,ME,0.05810932009542745,0.1326563608618151,0.048682145242791956,0.20787082885218763,4.2011922503725785,6.85096870342772,2.5788575065528594,1.0170904290229592,671
stfdem,political,NL,0.078817996067372,0.04185801349428618,0.03455090251173225,0.3729743637535513,5.920539730134933,6.891304347826087,2.0862730990907488,0.8057316869637587,667
stfdem,political,NO,-0.07129873458532059,0.0627542140566608,-0.07036103537473655,0.06629950840697704,7.236070381231672,7.2001466275659824,2.027343432421702,0.6981515192376702,682
stfdem,political,PL,-0.029349666301361797,0.45541602372583945,-0.009295635767147833,0.8131538264026439,5.12788906009245,6.27426810477658,2.329489296548725,1.3489709597434352,649
stfdem,political,PT,-0.0007657192890139296,0.9843588635320975,-0.0014069478534451234,0.9712650281482724,4.732522796352583,6.496960486322188,2.368272017161993,1.2883353984475137,658
stfdem,political,RS,-0.12416210494099342,0.0022358317527368266,-0.11292599624336529,0.005461740886731761,3.9321192052980134,6.099337748344371,2.9792585606443818,1.4432548753849006,604
stfdem,political,SE,-0.005653369751288153,0.8843053049086084,-0.003115287700516264,0.9360902545314737,6.6421052631578945,7.154135338345864,2.093025226158709,0.676577950143073,665
stfdem,political,SI,0.055900578637265705,0.15521196915152552,0.06762957894707942,0.08539355122745802,4.949074074074074,6.595679012345679,2.3315984939539685,1.1106258600360361,648
stfdem,political,SK,0.11814151012634573,0.0021910061175680505,0.1265476843836878,0.0010281976048290217,4.565671641791044,6.191044776119403,2.6670245783058104,1.4022969991860967,670
stfdem,political,UA,-0.06808778511062483,0.08671038266783222,-0.0679452705036893,0.08737356760439711,3.0141955835962144,4.960567823343848,2.655249722652977,1.7969669881141919,634
polintr,political,AT,-0.030009380765386586,0.43328182301740265,-0.03817227480314232,0.3188266966286704,2.4195906432748537,2.8801169590643276,0.8679906327129788,0.5954556932637614,684
polintr,political,BE,-0.02408001281268539,0.5295367374967506,-0.05605512242765191,0.14305686312401295,2.5657894736842106,2.8801169590643276,0.9215489806276004,0.5677646062293651,684
polintr,political,BG,-0.02365839343250295,0.5367717716899773,-0.035251861693020047,0.3572824567011117,2.81140350877193,2.7149122807017543,0.8995452345691054,0.7413808243413681,684
polintr,political,CH,-0.0036468272308812044,0.9240983053268811,-0.01496459584486143,0.6958212322038598,2.4029197080291973,2.891970802919708,0.9151056569745459,0.5186659667948115,685
polintr,political,CY,-0.06076318855138567,0.11234870298130137,-0.045473335415772816,0.23494324401485228,2.925438596491228,2.837719298245614,0.9506084731043086,0.6660418715653521,684
polintr,political,DE,-0.09260419254418141,0.015405989832251934,-0.09811248197426457,0.010244128847890195,2.2149122807017543,2.902046783625731,0.878745191104051,0.496602121335551,684
polintr,political,EE,-0.07256842231517045,0.057835758303581175,-0.059629617489864145,0.11922114420259916,2.5921052631578947,2.8815789473684212,0.8480425902495052,0.5719247699773792,684
polintr,political,ES,0.009828876320355838,0.7974918184125226,0.006850645894755252,0.8580617376906534,2.7514619883040936,2.8903508771929824,1.0092896027470595,0.6434446053548692,684
polintr,political,FI,-0.029188911715578764,0.4459673571309458,-0.0044420460548264895,0.9076821310102441,2.1871345029239766,2.973684210526316,0.7729379440406713,0.4952576208051265,684
polintr,political,FR,-0.00748959217574692,0.8449837460247557,-0.01086650191031198,0.7766521919342503,2.6023391812865495,2.8684210526315788,0.9784173563197822,0.5573387596660788,684
polintr,political,GB,-0.08923883733686076,0.01967045306295052,-0.07712825322209968,0.04390458402690765,2.505124450951684,2.8799414348462666,1.002000977825154,0.5834410986780733,683
polintr,political,GR,0.00240040738017884,0.9499974153187201,-0.002407299709436718,0.9498540305730848,2.9182481751824816,2.821897810218978,0.9562214700175594,0.6536800154826493,685
polintr,political,HR,-0.03592944379712696,0.34775678582190706,-0.030684320726564258,0.42266425219063763,3.0452554744525546,2.8291970802919706,0.9173419205821063,0.6522745385768736,685
polintr,political,HU,-0.07738639140800499,0.043047401629619696,-0.07109222967073218,0.0631329429268888,2.8391812865497075,2.853801169590643,0.8894286760176449,0.6186227997050238,684
polintr,political,IE,-0.007708020448678921,0.8405225128627692,-0.004722961180712954,0.9018725284947903,2.5760233918128654,2.818713450292398,0.9985690960415069,0.67967831922361,684
polintr,political,IL,-0.08338413562424205,0.029213905829250087,-0.09997120299400776,0.008887249362731603,2.469298245614035,2.953216374269006,1.0226965068777412,0.5834502867893921,684
polintr,political,IS,-0.04395854547403294,0.2505727062304381,-0.05135962874745849,0.17938814355757782,2.2613138686131387,2.9927007299270074,0.8854120010347647,0.5143603073756372,685
polintr,political,IT,-0.041118744660377196,0.28393759689395376,-0.05032301272748228,0.18963934353190834,2.9941262848751835,2.86784140969163,0.8401474880494118,0.6184726524842882,681
polintr,political,LT,-0.04287572366388726,0.2624449764759211,-0.04954041151204439,0.19531200038187851,2.7503649635036496,2.8291970802919706,0.7782800883015527,0.6224551210884529,685
polintr,political,LV,0.07915513359092949,0.03862891367329098,0.06894296609822123,0.07176333691653668,2.890190336749634,2.869692532942899,0.8057384686409317,0.5799719826278773,683
polintr,political,ME,-0.020027501305216196,0.6018587475110779,-0.03048429770659615,0.427055330353128,2.910425844346549,2.8560939794419973,0.8344917231686422,0.5964320507441531,681
polintr,political,NL,-0.022950755693363755,0.5490253709345418,-0.03860230112859923,0.3134014680519173,2.2792397660818713,2.9078947368421053,0.8362795009018469,0.4888169128233557,684
polintr,political,NO,0.0018766003483167075,0.9608988367125056,0.003681691422633717,0.9233748936694148,2.456934306569343,2.9664233576642336,0.7910127142461848,0.5017917271790338,685
polintr,political,PL,-0.0519447988068531,0.1760632871855919,-0.06199321729449216,0.10627498678448341,2.5823529411764707,2.8573529411764707,0.8296673529109013,0.5984309814911163,680
polintr,political,PT,-0.057819859040457104,0.13058687445134712,-0.05975905329081493,0.11815040676211468,2.8656934306569344,2.7445255474452557,1.0084756283680514,0.7397367664446587,685
polintr,political,RS,0.09872086115045225,0.00978101335314665,0.09460956348854845,0.013309075778322231,3.0160818713450293,2.8026315789473686,0.9029179145917877,0.6762605638050853,684
polintr,political,SE,-0.024321985746149622,0.526015260572673,-0.013713838411673318,0.7207186385777598,2.0777126099706744,2.941348973607038,0.810069912023927,0.513623445698349,682
polintr,political,SI,-0.02090414063179024,0.585772449265629,-0.037098042261764365,0.33335610053902553,2.7082111436950145,2.878299120234604,0.8746167758196953,0.5797599723338246,682
polintr,political,SK,0.0055933480031821895,0.8838221533098999,0.00520672328902691,0.8918014944511894,2.6773722627737224,2.81021897810219,0.8215831868138809,0.6548608922785024,685
polintr,political,UA,0.09202833062294465,0.016856043423212893,0.07457718166211112,0.0529611011586546,2.7270029673590503,2.9050445103857565,0.9168786655611346,0.6608595068267396,674
psppipla,political,AT,-0.07352515206080054,0.05549843361309419,-0.05594057785794633,0.145355750764758,2.3475699558173786,3.5950662739322534,0.8343417118155887,0.5863063371395701,679
psppipla,political,BE,-0.026557791303095556,0.48996214746213634,-0.011794443581537604,0.7591837781970638,2.191740412979351,3.6634218289085547,0.8923387576276055,0.5325905327398844,678
psppipla,political,BG,0.10264953807670663,0.007789177287726041,0.09942961651853194,0.009961049731771459,1.7123695976154993,3.3949329359165423,0.8923282746617875,0.5413399240829588,671
psppipla,political,CH,0.025862986058036674,0.5023435489174211,0.021535851537713348,0.5764718844890016,2.9274074074074075,3.704074074074074,0.9831238914798386,0.5309784600797748,675
psppipla,political,CY,0.10297986979670826,0.007592277560701256,0.10920187787094805,0.004626821511765001,1.8315946348733234,3.5394932935916543,1.020659863922315,0.5390752553448416,671
psppipla,political,DE,0.03323536941560138,0.3865146534084846,0.03548540216699726,0.35516555648981607,2.5462555066079293,3.647797356828194,0.9336778569199983,0.5482816687498507,681
psppipla,political,EE,0.08601293529884553,0.025990107031764142,0.09016478165102344,0.01958234021942734,2.129850746268657,3.562238805970149,0.8813827506684169,0.5833382128231257,670
psppipla,political,ES,0.04390936600533475,0.25390044132297906,0.056836725314374344,0.13959283119404725,1.8552437223042837,3.5553914327917284,0.8459911423867126,0.5745757648661007,677
psppipla,political,FI,0.0496165173280479,0.19495301319710007,0.06751310781730507,0.07765104079311316,2.7339181286549707,3.6565789473684216,0.8414352754171046,0.4908837978403843,684
psppipla,political,FR,-0.0301761394647494,0.433789047745111,-0.02563886716954055,0.5060555947797016,2.0562962962962965,3.5437037037037036,0.9402480422319317,0.5574698309101456,675
psppipla,political,GB,0.06593849850410768,0.08979518798224213,0.083078407161762,0.03244943730761413,2.0482654600301657,3.594268476621418,0.830367284221561,0.578906955528135,663
psppipla,political,GR,-0.003928682242760802,0.9187306754019852,-0.015643989043236814,0.6845096106469636,1.9985228951255538,3.514032496307238,0.9783140634017249,0.5719228070004553,677
psppipla,political,HR,0.014498074045369423,0.7069223673979559,0.03790464674388429,0.3254500892996895,1.665185185185185,3.4725185185185183,0.7726134421154383,0.5681229420883993,675
psppipla,political,HU,-0.0842758902879319,0.02786833657323704,-0.05944640459364404,0.12118162734328705,1.8516886930983847,3.3759177679882524,0.8575105538734312,0.550086960231005,681
psppipla,political,IE,-0.01165380096758101,0.7629959952002435,-0.0017656652896474196,0.9635604442395597,2.168154761904762,3.5855654761904763,0.907000848594619,0.5877918276620056,672
psppipla,political,IL,-0.00854370813242399,0.8261990476218677,0.018611018946386653,0.6324023193312037,2.076923076923077,3.6093514328808447,1.0172803941973485,0.5347755848552823,663
psppipla,political,IS,-0.011122626630695022,0.7728400262179457,0.0024982028450019683,0.9483068336126164,2.6420118343195265,3.693713017751479,0.8583937315581119,0.5076245044510519,676
psppipla,political,IT,0.050467722805737115,0.19433626964530878,0.049635199034501074,0.201806636267318,1.7888386123680242,3.520739064856712,0.7777469646254971,0.5735580077947379,663
psppipla,political,LT,0.061018992094217114,0.11457507589439637,0.0700609297355066,0.0699362464463319,2.017910447761194,3.437686567164179,0.943695210153398,0.5645360201576712,670
psppipla,political,LV,0.11713795810232311,0.0023549169808468272,0.11639857552902615,0.002510635806848597,1.7306547619047619,3.4308035714285716,0.8686015894353065,0.5342688167129128,672
psppipla,political,ME,0.022096528737182757,0.5697740525451597,0.033854427053720694,0.3837685931836065,2.0828313253012047,3.503012048192771,0.916123610242357,0.5464736478719014,664
psppipla,political,NL,0.011383570122588177,0.7666591438541898,0.030884619331144742,0.42066480961411573,2.4545454545454546,3.677639296187683,0.9205524972973222,0.5509589814288584,682
psppipla,political,NO,-0.006644637014940434,0.8631901496155505,-0.00905939148953931,0.8142564869638379,2.994074074074074,3.714074074074074,0.9065998501397606,0.5033512266925576,675
psppipla,political,PL,0.02466520836523265,0.5242093218148463,0.025646033959953442,0.5078405001341347,2.1225710014947685,3.436472346786248,0.8279810755646273,0.5284567900497862,669
psppipla,political,PT,0.06960116731245349,0.07137306056105823,0.06365494584727836,0.09920397399733374,1.7931547619047619,3.537202380952381,0.91212115170471,0.5791585711065026,672
psppipla,political,RS,-0.029199650004933457,0.46157568064906074,-0.020384291945425292,0.6073053720185807,1.9184952978056427,3.3887147335423196,1.0207899759583756,0.5681205707061707,638
psppipla,political,SE,0.01856964149394979,0.6300895785484909,0.03875457005735351,0.3147115922993701,2.831111111111111,3.7492592592592593,0.8973639822926496,0.48218196823301546,675
psppipla,political,SI,0.0693311390499694,0.07269476174332572,0.07409604978041547,0.05505796470132167,2.1207153502235467,3.5621460506706404,0.818828847525622,0.5643626833330293,671
psppipla,political,SK,0.10041166179586036,0.009091473558280399,0.11479771306252184,0.0028389128005749525,1.927299703264095,3.4258160237388724,0.8648988684750155,0.562301047777139,674
psppipla,political,UA,0.026993198136385066,0.486457130472093,0.020123792753009392,0.6038990478702014,1.6806596701649175,3.227136431784108,0.9515125541780568,0.4898961564670442,667
psppsgva,political,AT,0.018954512643302952,0.6217242001855584,0.03956305705467632,0.3029238329070053,2.3088235294117645,3.677573529411765,0.8223203089196762,0.6575946891095682,680
psppsgva,political,BE,0.010906640885711937,0.7772948434894603,0.004917365831349474,0.8985281370401615,2.2088888888888887,3.6666666666666665,0.8863845367464309,0.6138848421377809,675
psppsgva,political,BG,0.07424288898493293,0.0577445436915616,0.08623189107732922,0.027444635179648215,2.0749235474006116,3.4097859327217126,1.1498243731511566,0.6802591277626578,654
psppsgva,political,CH,-0.055256689604213184,0.15064955226578905,-0.04940242158115603,0.19887176506189388,3.21976401179941,3.7039085545722714,0.963326924020817,0.6072216096334879,678
psppsgva,political,CY,0.046317621304490464,0.2294480872343421,0.057280729461023513,0.13710475980105408,1.8962962962962964,3.5774074074074074,0.9931073590595881,0.6344089552465173,675
psppsgva,political,DE,-0.03126597307468278,0.4173619243880988,-0.02253974482274953,0.5588243425870677,2.542222222222222,3.7155555555555555,0.9509847049248421,0.5934692383722716,675
psppsgva,political,EE,-0.013230196275751496,0.7324783477253011,0.0038648704095084973,0.9204608228124165,2.2119402985074625,3.680597014925373,0.9374331885406496,0.5597989191544068,670
psppsgva,political,ES,0.014361907330167789,0.7109970123650232,0.027602794963669457,0.4763328733123797,2.094311377245509,3.5988023952095807,0.9695965738864041,0.675640672040541,668
psppsgva,political,FI,0.01389224430223202,0.716842224740916,0.020680209211239933,0.5892479611013384,2.4634502923976607,3.679093567251462,0.7972190475799101,0.5588513606991917,684
psppsgva,political,FR,0.030667208157482848,0.42737502128954513,0.03297058295031565,0.3934729977613643,2.1324404761904763,3.6324404761904763,0.912908584081554,0.5702677981249795,672
psppsgva,political,GB,-0.01626122361076853,0.6766827445247091,-0.0028503418807052303,0.9417361309429648,2.1333333333333333,3.653030303030303,0.8357224225947983,0.6104103689352776,660
psppsgva,political,GR,-0.004223188314107305,0.9125330943410687,0.0016000276574495568,0.9668047117480258,1.9970544918998527,3.618556701030928,1.047538278025633,0.5877387615843852,679
psppsgva,political,HR,0.09518495430070922,0.01356847929597029,0.08823256067476652,0.022169346798307805,1.6428571428571428,3.5866071428571424,0.78575783261367,0.5895253898048933,672
psppsgva,political,HU,0.03865661954664194,0.31343162402568103,0.04466571324471274,0.2440624797140923,1.9824046920821115,3.5175953079178885,0.9768155702608059,0.591532091131539,682
psppsgva,political,IE,-0.024223691020018152,0.5292120838436937,-0.016880396509498515,0.6610714115499633,2.2629246676514034,3.6115214180206796,0.9647633682632638,0.6235398718637835,677
psppsgva,political,IL,0.003880122040364904,0.9208666354579301,-0.0010584574397530528,0.9783804405109697,1.965045592705167,3.6717325227963524,1.013002265547011,0.5614373607823141,658
psppsgva,political,IS,-0.01699500263196509,0.660339974748642,-0.0009742611882809229,0.9799035009887076,2.5767511177347244,3.737704918032787,0.8497561699763808,0.5675767626087143,671
psppsgva,political,IT,-0.00034865073824952444,0.9928399206069665,0.017971048256885554,0.6436542708898937,1.7759398496240602,3.643609022556391,0.7699309912688556,0.5736893632103001,665
psppsgva,political,LT,0.01657944391292806,0.6676773139008708,0.004700825933486015,0.9031176484559255,2.236255572065379,3.5482912332838037,0.9830674812447819,0.622830203728116,673
psppsgva,political,LV,0.0025487494792186126,0.9475761182078927,0.023956278342310136,0.5365122071049899,1.8158682634730539,3.535928143712575,0.9214679283834347,0.5867575688510931,668
psppsgva,political,ME,-0.008623169381655036,0.8240870924214929,-0.014744795463129307,0.7038633593494977,2.1934032983508245,3.5907046476761617,0.9038215283584695,0.6166634633659097,667
psppsgva,political,NL,-0.03341513257102348,0.38570764073160474,-0.010036950070837042,0.7944902192718873,2.544378698224852,3.7026627218934913,0.9250975036124607,0.5789328715651362,676
psppsgva,political,NO,0.032012619766773005,0.4056249225533772,0.005714968681945279,0.8820069991224812,2.895125553914328,3.7706794682422453,0.8280885474977414,0.5283535992170716,677
psppsgva,political,PL,0.023766956600601706,0.5412645991509709,0.014118631469507406,0.7167022115720999,2.268476621417798,3.555052790346908,0.8847577726674779,0.5891011294451075,663
psppsgva,political,PT,0.050281364241948706,0.19330424633224344,0.05179440339550355,0.1802248499756333,1.9910581222056631,3.5692995529061102,0.9650197962034397,0.6895029258538312,671
psppsgva,political,RS,-0.03456389961156309,0.38455918033030934,-0.01035160328369177,0.7945975033652661,1.853543307086614,3.5228346456692914,1.0305885791593936,0.5922992913492301,635
psppsgva,political,SE,0.013337738996021316,0.7286477269148668,0.012313904878485969,0.7487469148254178,2.6671575846833577,3.752871870397643,0.8980293191323413,0.5355391789329331,679
psppsgva,political,SI,-0.04308773735358312,0.266110906748697,-0.04701231540298008,0.22495348234765764,2.1497005988023954,3.5871257485029937,0.8527492711928171,0.6411305623324396,668
psppsgva,political,SK,-0.051842950203319374,0.17949108527488303,-0.018886094706446924,0.6250430184923643,2.0297619047619047,3.5386904761904763,0.911431590313995,0.6236688329098553,672
psppsgva,political,UA,0.0011232407295163824,0.9769528291639208,0.004220766049303149,0.9135537951185517,1.7575301204819278,3.319277108433735,0.9763124742401114,0.5551259189050655,664
vote,political,AT,-0.0818025959304373,0.03333092465067561,-0.07069845314952244,0.06600048192306383,1.2998522895125555,2.0915805022156575,0.5654369222650558,0.6905126395788065,677
vote,political,BE,-0.0479065996151487,0.21215217138799056,-0.06587325312643359,0.08607630932329094,1.3514705882352942,2.0661764705882355,0.6811133238738003,0.7138665061110315,680
vote,political,BG,-0.01780102278233965,0.6433396548343819,-0.018439009824475838,0.6314888293495488,1.3843888070692194,1.9823269513991164,0.567916184448814,0.6400911663229731,679
vote,political,CH,-0.10042639806839966,0.009557601052768943,-0.08963093702645163,0.02079575977206709,1.669172932330827,2.130827067669173,0.7964700407248612,0.6442727817768861,665
vote,political,CY,0.008721744917155739,0.8207985775257243,0.00039335522575240415,0.9918490451959003,1.3471196454948302,2.1004431314623337,0.5951317333519341,0.6828086217930418,677
vote,political,DE,-0.08014800648124422,0.03624727883120873,-0.10119424911912239,0.008130783332459215,1.3411420204978037,2.046852122986823,0.667109479405902,0.710727119376788,683
vote,political,EE,0.001130376058822087,0.9765277239753968,0.0016653984806149322,0.9654238017215236,1.3720588235294118,2.101470588235294,0.6385609715250536,0.6691151361369778,680
vote,political,ES,-0.013542358972430592,0.724067525799829,-0.006556540601262987,0.8642924484225349,1.3914956011730206,1.9868035190615836,0.6686505077011836,0.7259418224764922,682
vote,political,FI,-0.028447780313493768,0.46059072170344795,-0.02405466242198707,0.5326995518305496,1.1896296296296296,2.185185185185185,0.4649868499582924,0.6397466253035786,675
vote,political,FR,-0.06004278767449378,0.1216201702759089,-0.06650449604576093,0.08635350968824079,1.4894894894894894,2.0585585585585586,0.6281928088990838,0.68134786387229,666
vote,political,GB,-0.06667368494620472,0.08277525360079765,-0.06351146776964062,0.09846199181106706,1.3716814159292035,2.005899705014749,0.6056556235977908,0.7128037730521024,678
vote,political,GR,-0.05631470156942275,0.14121150243184136,-0.048398060102119334,0.20615850508220707,1.1871345029239766,2.0321637426900585,0.42959135409880356,0.7333235257061196,684
vote,political,HR,0.005886508930288169,0.8788504067573034,-0.001803778191832625,0.9627466686732723,1.347696879643388,2.0490341753343237,0.5858435744254655,0.6584861247656475,673
vote,political,HU,-0.10082833560339559,0.008364997356783217,-0.10570682200540595,0.005687722131504817,1.2781844802342606,2.007320644216691,0.534917085628966,0.6902795948242056,683
vote,political,IE,-0.060970593244021494,0.11112569710894797,-0.06399664932813139,0.09444884744713453,1.317251461988304,2.02046783625731,0.6051952152270625,0.7317455916982593,684
vote,political,IL,-0.030399646311552144,0.433838670406623,-0.03804635899259451,0.3272673361902518,1.3142857142857143,2.1473684210526316,0.5587667758650932,0.6915561014633214,665
vote,political,IS,-0.05881923135970733,0.12600201685075596,-0.06545876767030137,0.08854456889421629,1.261061946902655,2.178466076696165,0.6182741923730519,0.633162334384754,678
vote,political,IT,-0.00529207903022943,0.8914084322125437,0.010670163024972234,0.7831094796832253,1.4116766467065869,2.0089820359281436,0.6070412948611483,0.6860640055904137,668
vote,political,LT,-0.04275378809528902,0.2680459079780389,-0.03815738201837472,0.3229529078770746,1.4323922734026746,1.9970282317979198,0.5839798905435515,0.6636771398262638,673
vote,political,LV,0.032369306438986646,0.4000615548469303,0.03671568778814993,0.33979176371011877,1.4144542772861357,2.094395280235988,0.6274592362692654,0.6890778009435299,678
vote,political,ME,0.008745602890731407,0.8213673861454651,0.0011289673065620377,0.9767480051550721,1.195814648729447,2.079222720478326,0.4297128288683915,0.6460395186076217,669
vote,political,NL,-0.0779588947525665,0.0422780855199345,-0.07155362665771486,0.0623959574616792,1.2974963181148749,2.117820324005891,0.6215236579847957,0.6940267416399741,679
vote,political,NO,-0.06560630634911375,0.0871256416185414,-0.06371478415110282,0.09664652934372081,1.3069016152716593,2.140969162995595,0.6584937830876113,0.6625118870769559,681
vote,political,PL,-0.052592402751036896,0.1719963571251329,-0.06157372435339729,0.10971578024263143,1.1967455621301775,2.0340236686390534,0.4758350791743593,0.6822809843907331,676
vote,political,PT,0.03759096810103869,0.3294726939866833,0.026830678302634983,0.48648221076637993,1.3466666666666667,1.9985185185185186,0.5827388520880838,0.7007822235223463,675
vote,political,RS,-0.04231617049353648,0.27622238588000053,-0.03838699744795967,0.32331721501809885,1.2484939759036144,1.9984939759036144,0.4724674392060898,0.6602235715027741,664
vote,political,SE,-0.11291483474730513,0.0031710490985594323,-0.1158453904280865,0.0024638637929895145,1.1262848751835537,2.0983847283406756,0.43578782737875066,0.6712677023639836,681
vote,political,SI,-0.009463790649581822,0.8054214093377753,0.013866077771783886,0.7181479003672355,1.3088235294117647,2.088235294117647,0.5934684485678674,0.6632648777193872,680
vote,political,SK,-0.02529273358815989,0.5099397870011249,-0.028157728979288293,0.4631931692974868,1.2466960352422907,2.004405286343612,0.4798208398474421,0.6955602736822701,681
vote,political,UA,0.009385143835815358,0.8102470655237781,0.008686823838385954,0.824126312507637,1.3789954337899544,2.127853881278539,0.5446946685908657,0.6454109510148888,657
actrolga,efficacy,AT,0.16307198256834102,2.3491210373381702e-05,0.1720963289829251,7.958133795855709e-06,2.3363363363363363,3.1786786786786787,1.0539297465997963,0.6297597551677371,666
actrolga,efficacy,BE,0.004891119099538461,0.8986200102992971,0.021270937061932234,0.5794906798006175,2.1674008810572687,3.2804698972099855,1.0267856036304521,0.5933829356188682,681
actrolga,efficacy,BG,0.11118531094569677,0.0038770793274480898,0.09984653707327552,0.009544538911671967,1.9227340267459139,3.0638930163447253,1.1636752695756687,0.5672781193805573,673
actrolga,efficacy,CH,0.06342059304489697,0.09969809785980172,0.04955464577642197,0.19848797755494083,2.3496296296296295,3.237037037037037,1.1279346211135373,0.5197495317723316,675
actrolga,efficacy,CY,0.1329281061853041,0.000572154885175701,0.13040096839466067,0.0007290168559389593,2.031437125748503,3.154191616766467,1.111706699020294,0.5352888268453846,668
actrolga,efficacy,DE,0.07516824956828336,0.05024551246841588,0.07240141126439346,0.059347777656055464,2.2901325478645065,3.1723122238586154,1.060029976805696,0.51930216081862,679
actrolga,efficacy,EE,0.0750673379596888,0.051242533203595654,0.08697591661413571,0.02383390677655046,2.065185185185185,3.2888888888888888,1.0386677239279896,0.5002472188037336,675
actrolga,efficacy,ES,0.11438761722184003,0.0028564871946214496,0.14395080988106276,0.0001692746304982515,1.8761061946902655,3.1238938053097347,1.0324090371653345,0.5179109844555984,678
actrolga,efficacy,FI,0.07201961772579478,0.059573342416037095,0.0815320842566495,0.03287925533169746,2.4437956204379563,3.3985401459854017,1.0603749001783096,0.6096189733030705,685
actrolga,efficacy,FR,0.07491664672411284,0.05136598209922613,0.0739235366131098,0.054541663709748424,2.119645494830133,3.1329394387001477,1.1248331335278972,0.4955951692366365,677
actrolga,efficacy,GB,0.019911969747268235,0.607984003545443,0.024660136216891025,0.5252297286265061,2.2162162162162162,3.2132132132132134,1.1244814108760588,0.49008779898337246,666
actrolga,efficacy,GR,0.06705178746758937,0.0828641944872344,0.06104743680152532,0.1144058589179271,2.1507462686567163,3.062686567164179,1.0430026125204441,0.5486321680990834,670
actrolga,efficacy,HR,0.10210772178080599,0.008217704530186143,0.08761775658957846,0.023429459322770536,1.7877428998505231,3.0837070254110612,1.0337562255196147,0.4664049129028457,669
actrolga,efficacy,HU,0.05290657312369482,0.16849856989118686,0.06607880645395585,0.08532974195172725,1.8865979381443299,3.082474226804124,0.9853409643285633,0.49089263600809396,679
actrolga,efficacy,IE,0.10138051201238055,0.008638511274304303,0.08820480419012373,0.02241192043810186,2.228358208955224,3.201492537313433,1.1179077684759642,0.5298256862325181,670
actrolga,efficacy,IL,0.1428838727194104,0.00021604860177620622,0.16536730575650263,1.7933582386454765e-05,2.1426426426426426,3.264264264264264,1.1758528812821236,0.5718844847466743,666
actrolga,efficacy,IS,0.010550268745734325,0.7829871864503001,0.002016768088185424,0.9580116457967174,2.652046783625731,3.5994152046783627,1.095169170364703,0.5906045319421592,684
actrolga,efficacy,IT,0.07265879690690469,0.05976633830722977,0.07275106140115259,0.05944195517725937,1.8616071428571428,3.0580357142857144,0.8804292614852455,0.49848743964680714,672
actrolga,efficacy,LT,0.014097081101399428,0.7160935700488196,0.0014434106556921054,0.9702967524258017,1.9491017964071857,3.1092814371257487,0.9904108918774025,0.5063649670887425,668
actrolga,efficacy,LV,0.11102589801070618,0.00420656697539045,0.1053261681467993,0.006638449096511657,1.5037707390648567,3.1493212669683257,0.7100280547969198,0.5581275268329491,663
actrolga,efficacy,ME,-0.024581738402585342,0.5299955068684469,-0.042217986851231966,0.2806319381835053,2.0931297709923666,3.0931297709923666,0.9280862918343994,0.5147949978987444,655
actrolga,efficacy,NL,0.0012716859105211743,0.9735555004645253,0.03336406017716684,0.3843273750916901,2.1099706744868034,3.2463343108504397,1.095144938686441,0.5534776395393787,682
actrolga,efficacy,NO,0.04769544330493978,0.21383830265046164,0.05721369518507011,0.1358233695370382,2.6930983847283407,3.4713656387665197,1.078436751539429,0.5579527045578788,681
actrolga,efficacy,PL,0.08737820956010206,0.023918117160134998,0.09064913854213767,0.019112558342459462,2.1077844311377247,3.1002994011976046,1.0157969087161305,0.5198891879965796,668
actrolga,efficacy,PT,0.09219673603672864,0.016177005959778033,0.09334943512772274,0.014887837096597654,1.7029411764705882,3.05,0.9799117191813218,0.5721828600468295,680
actrolga,efficacy,RS,0.048704653915437976,0.2107469549547331,0.0542010648523548,0.1636357376393002,1.904833836858006,3.012084592145015,1.170104493647702,0.5245894919288011,662
actrolga,efficacy,SE,0.038394176691385416,0.3170870740948793,0.06102574946563691,0.11159065598804722,2.679882525697504,3.4933920704845813,1.0807230631020466,0.5868914424084956,681
actrolga,efficacy,SI,0.024862844191423216,0.5218290502907271,0.039157039479007096,0.31296816228381424,1.9744744744744744,3.129129129129129,0.9875663610069859,0.5631475652909058,666
actrolga,efficacy,SK,0.028794669252068462,0.4541346300640083,0.037774281297474864,0.32604137324098753,1.8554572271386431,3.075221238938053,0.8913127492227471,0.48181665827600745,678
actrolga,efficacy,UA,0.06517630877416351,0.09457518707241162,0.05045742236209061,0.19578382350682794,1.7450682852807284,3.1494688922610017,1.009959125182678,0.5451183108418138,659
cptppola,efficacy,AT,0.039883218740475374,0.30261866785547975,0.035135521901085584,0.36385571309041154,2.68955223880597,3.319402985074627,1.1975478593540263,0.6395623517568854,670
cptppola,efficacy,BE,0.009741396272229343,0.7992555926915537,0.015221978448173822,0.691071576748721,2.0716374269005846,3.4005847953216373,1.0148889877783287,0.6473730745334186,684
cptppola,efficacy,BG,0.00851497666351016,0.8324213049340162,0.012411502247485117,0.7577535269639336,2.085483870967742,3.229032258064516,1.098147474315381,0.6671103496925712,620
cptppola,efficacy,CH,0.03521421606874766,0.36027713861578103,0.04513868927081035,0.24083544530437093,2.7178729689807977,3.4726735598227476,1.0638726685300108,0.6823476495722733,677
cptppola,efficacy,CY,0.09150334166774678,0.017578825607409854,0.09521510097292256,0.013469140878880717,2.0787518573551265,3.3521545319465083,1.0984473292151014,0.6564009190734975,673
cptppola,efficacy,DE,0.07608133753998746,0.04833827759951548,0.09476691883971346,0.013844736768872415,2.664688427299703,3.3961424332344214,1.0430692398792933,0.6277746379293722,674
cptppola,efficacy,EE,-0.02219782807079077,0.5642272832542069,-0.011424405230294551,0.7666844655172854,1.8847858197932053,3.462333825701625,0.9334460031224998,0.7094976059808735,677
cptppola,efficacy,ES,0.1046575673407546,0.006187790788198954,0.10454665152181304,0.0062428963778978115,2.171303074670571,3.3455344070278183,1.1519189270355241,0.663738059069858,683
cptppola,efficacy,FI,0.06170779676495762,0.10660640938249451,0.05861927131324964,0.1253425618164342,2.3401459854014597,3.564963503649635,0.9776343818141108,0.7115988957496708,685
cptppola,efficacy,FR,0.019203710137642202,0.6179285534060148,0.015080629306512092,0.695292134747693,2.2319054652880355,3.310192023633678,1.006334112548886,0.6353255642108491,677
cptppola,efficacy,GB,-0.046358307042841225,0.2321797461175916,-0.03276346239479559,0.39857765591262706,2.2867867867867866,3.3213213213213213,1.0776078518140602,0.6433432849666149,666
cptppola,efficacy,GR,0.10435480953037406,0.006987990897341772,0.08939007423996484,0.02094845031632428,2.28335832083958,3.269865067466267,1.0536973921559336,0.614421635141405,667
cptppola,efficacy,HR,0.11688425273203572,0.0023360617050942048,0.13555294211396132,0.00040904450506856445,1.8150887573964498,3.309171597633136,0.9411467352627001,0.6282051282051282,676
cptppola,efficacy,HU,-0.04521998608572337,0.24033718481710345,-0.042764782503140475,0.2668548769789436,1.856508875739645,3.2633136094674557,0.9530313126461624,0.6001606914631038,676
cptppola,efficacy,IE,-0.00010815393337089681,0.9977538615791773,0.004028096910681197,0.916497143501757,2.2044117647058825,3.3529411764705883,1.107337134642515,0.7233677147426787,680
cptppola,efficacy,IL,0.05950463420149312,0.12500270781609435,0.07713351620433427,0.046612020155515535,2.1366366366366365,3.484984984984985,1.184210701929987,0.6160141706331331,666
cptppola,efficacy,IS,-0.013195528049386424,0.7310474249744601,-0.023299059069549252,0.5438660906762084,2.7547723935389135,3.7679882525697503,1.014633365919317,0.7409673168012725,681
cptppola,efficacy,IT,0.02601286926840899,0.503719377576446,0.03536032298349572,0.363322884557984,2.055806938159879,3.2518853695324283,0.8629107833795074,0.6514394279054153,663
cptppola,efficacy,LT,0.06832795928146211,0.07783091537571261,0.05735598201045598,0.13894394601979207,1.944527736131934,3.2983508245877062,0.957777963822151,0.643316512298235,667
cptppola,efficacy,LV,0.07062552319403896,0.06791120294728803,0.11194003440449818,0.0037431364024787302,1.5500747384155455,3.321375186846039,0.8240150137641918,0.6876850157451386,669
cptppola,efficacy,ME,-0.06884731702601914,0.0787422861420592,-0.05399912792227498,0.16812662803342548,2.1562021439509955,3.2618683001531394,1.0242963927396431,0.6244267563450422,653
cptppola,efficacy,NL,0.007219338171712997,0.8505103384977566,0.009307235806718273,0.8080241048103358,2.128654970760234,3.391812865497076,1.082726320396843,0.659422250393836,684
cptppola,efficacy,NO,-0.03588764604118043,0.34867166236885505,-0.03304160504666978,0.388244608278056,2.690058479532164,3.6140350877192984,1.0647365085281462,0.7596189064925061,684
cptppola,efficacy,PL,0.14893444888050703,0.00010156310137067729,0.15780539068307692,3.769105276265773e-05,1.9511834319526626,3.2662721893491122,0.9280717191750327,0.5657783965046278,676
cptppola,efficacy,PT,0.0063765060465815395,0.8679842114864889,0.02261381893099355,0.5554891063772537,1.7096774193548387,3.271260997067449,0.94838616228976,0.657964550931663,682
cptppola,efficacy,RS,0.05452575521745336,0.1630414324166605,0.08112581686677717,0.037774167557540164,1.891768292682927,3.211890243902439,1.1413903058109518,0.5407758860448328,656
cptppola,efficacy,SE,-0.03650101787259783,0.34298229059661156,-0.025560957774828426,0.5067186433681348,2.691285081240768,3.658788774002954,1.07174481831764,0.6925001941711244,677
cptppola,efficacy,SI,0.09086002319078365,0.018568089757196374,0.10985647384927287,0.00438558962020557,1.9821162444113263,3.30849478390462,0.966440920149137,0.6408268675909922,671
cptppola,efficacy,SK,0.013750590613756374,0.72079233151336,0.026728947135462262,0.4871682341012147,1.612094395280236,3.2227138643067845,0.867074425307997,0.5666379722232281,678
cptppola,efficacy,UA,-0.03531804415926956,0.3606490351363339,-0.01117079921449781,0.7725430265399891,1.7172619047619047,3.294642857142857,1.0432379391929856,0.6478908970148798,672
trstprl,inst_trust,AT,-0.035760636776021926,0.3535822400782521,0.020105448875104497,0.6020606804277341,5.093333333333334,6.908148148148148,2.473935343351975,1.0265793977665207,675
trstprl,inst_trust,BE,0.020471895149645716,0.6007020396824626,0.02820393490359881,0.4708240126643168,4.701219512195122,7.028963414634147,2.291517389337022,0.8030948677450247,656
trstprl,inst_trust,BG,-0.013652793299971076,0.7248706905530574,-0.02256424373454939,0.5607465993928598,2.502248875562219,5.43928035982009,2.154939373563377,1.7943399727467666,667
trstprl,inst_trust,CH,0.07397360565562915,0.05904929752822357,1.5786850007992677e-05,0.9996789851119819,6.46319018404908,7.266104294478527,1.8837638257431477,0.6629090394887576,652
trstprl,inst_trust,CY,-0.020761043409843426,0.5919318205293274,0.02897615272310854,0.4543246112223576,3.9327354260089686,6.5926756352765326,2.4451997133117054,1.3957024022076576,669
trstprl,inst_trust,DE,0.04448091481132708,0.250234844625082,0.0926838712845005,0.016406269116015067,5.156716417910448,6.967164179104477,2.642796220418781,0.8194912672692071,670
trstprl,inst_trust,EE,0.08551683226238907,0.02697963090298126,0.07686718395055073,0.04687859290720935,4.713004484304933,6.988789237668161,2.5870754478241165,0.9327426553993143,669
trstprl,inst_trust,ES,-0.029183502728120897,0.45348752419155847,-0.03345426783522879,0.390135990412694,4.306646525679758,6.649546827794562,2.6284693967348898,1.160816958945726,662
trstprl,inst_trust,FI,-0.03591987581339146,0.3514415545912257,-0.03446654075330544,0.3712828552158676,6.598518518518518,7.103703703703704,2.0119076227969375,0.7574954248089161,675
trstprl,inst_trust,FR,-0.0190769967565443,0.6236398785148791,-0.019193846577926686,0.6215149431557327,4.280120481927711,6.5647590361445785,2.5072737594684837,1.2627720718118884,664
trstprl,inst_trust,GB,-0.07721961728692993,0.04821657105015299,-0.08171539317578941,0.036542191243089,3.5893129770992367,6.4526717557251905,2.573246616850206,1.3791993557999374,655
trstprl,inst_trust,GR,-0.0032427848062366433,0.9333305130155591,0.001992032490160959,0.9590154770418291,3.1691616766467066,6.1062874251497,2.13484152143609,1.5182318252769946,668
trstprl,inst_trust,HR,-0.02535797484079308,0.513253230355012,-0.014334266636422097,0.711735478218716,2.9400299850074965,6.16191904047976,2.4846680612256686,1.6091483691431923,667
trstprl,inst_trust,HU,-0.049555879195583984,0.20355738200697032,-0.04332516044107891,0.26637230419332036,4.581818181818182,5.715151515151515,2.9037628819047008,1.7570359252337993,660
trstprl,inst_trust,IE,0.030249908940486896,0.4409971639246677,0.010706988000288877,0.7851081228619147,5.0476190476190474,6.860215053763441,2.3447236378151133,1.0700679848225843,651
trstprl,inst_trust,IL,0.024273803091107334,0.535789693592592,0.0281128816081381,0.47327653021231125,3.8238897396630933,5.865237366003063,2.718023043297763,1.6854396707550865,653
trstprl,inst_trust,IS,0.01668978662055474,0.6667728686220339,0.0009157745420392601,0.9811521240991825,5.547904191616767,7.291916167664671,2.306196290027873,0.8825956228315225,668
trstprl,inst_trust,IT,0.08654366750432509,0.025300061318591225,0.05092934256252209,0.18861333541791894,4.4431137724550895,6.348802395209581,2.373908120620376,1.4066286861655708,668
trstprl,inst_trust,LT,-0.028223644333779024,0.46613284993084614,-0.026048893449365798,0.5011956356972489,3.708520179372197,5.8991031390134525,2.52121579684838,1.6867036652347913,669
trstprl,inst_trust,LV,-0.06097083656717581,0.11761666919248462,-0.032445634798170586,0.40530593981303237,3.077272727272727,6.206060606060606,2.391518616112486,1.5246959236015816,660
trstprl,inst_trust,ME,0.033862786482751685,0.3825747898085126,0.020342708289338696,0.5999679559260781,4.200899550224888,6.524737631184408,2.412766178276675,1.335775819764999,667
trstprl,inst_trust,NL,0.02855976696982099,0.4591608128145809,-0.024360188549216153,0.527813617857786,5.246290801186944,7.011127596439169,2.115223152564657,0.8892343928283841,674
trstprl,inst_trust,NO,0.005054864998163706,0.8957067438148392,-0.0017229527067051,0.9643618244796046,6.488888888888889,7.357037037037037,2.3476317591053415,0.6473571861958417,675
trstprl,inst_trust,PL,0.014515070305698307,0.709735270951585,0.009033558255616372,0.8168167683464623,3.918181818181818,5.504545454545455,2.5867591579223843,1.7073377138840842,660
trstprl,inst_trust,PT,0.04288994898870946,0.269757064893995,0.04773728604850064,0.21926438116874383,4.378012048192771,6.688253012048193,2.635217735344678,1.1910097959623989,664
trstprl,inst_trust,RS,-0.15606638780000323,9.411908074308661e-05,-0.15379244060514627,0.00011924172810565592,4.177133655394525,5.367149758454106,3.10735737167987,1.8804125555710203,621
trstprl,inst_trust,SE,-0.010370976397684865,0.7890455033751037,-0.014991961363205356,0.6989237368933899,6.275449101796407,7.190718562874251,2.219349745141257,0.7355427730929085,668
trstprl,inst_trust,SI,0.0846291773343503,0.02921705143228779,0.06499624779436945,0.09423868944757771,4.195783132530121,6.593373493975903,2.483292039936603,1.2693217648196171,664
trstprl,inst_trust,SK,0.018642474710720683,0.6282379570398215,-0.001423627937258378,0.9705063256396596,4.118168389955687,5.4903988183161,2.7842930457303314,1.7888492517376606,677
trstprl,inst_trust,UA,-0.042085133384043995,0.28214973240137825,-0.0324713688458119,0.40672530568217824,2.230534351145038,4.348091603053435,2.5731468237194672,1.8435087848757579,655
trstplt,inst_trust,AT,-0.027600916671424502,0.4780240528570584,-0.024507326126728544,0.528735309996597,3.630467571644042,5.153846153846154,2.4814917776768737,1.969674813403326,663
trstplt,inst_trust,BE,-0.03593279845964936,0.3548744028529334,-0.04098371932888328,0.2912759740391791,4.126315789473685,4.735338345864662,2.2452726354177432,1.8810322839124145,665
trstplt,inst_trust,BG,0.07592748079559986,0.04964284366627524,0.06298752494309959,0.10357909651308794,2.2062780269058297,3.4588938714499253,2.0740532910997853,1.7840442104129297,669
trstplt,inst_trust,CH,0.0031625032933025295,0.9356141703761712,-0.027600365100757723,0.48071044282051806,5.603053435114504,5.630534351145038,1.9191589539203089,1.748126700710988,655
trstplt,inst_trust,CY,0.047602240274413926,0.21952884359305086,0.06314727246367813,0.10322189204217436,2.6776611694152925,3.626686656671664,2.2586826635255655,1.8257603531498874,667
trstplt,inst_trust,DE,0.06197658958004844,0.10925101455715838,0.05363592357784056,0.16583906973607512,4.074738415545591,5.361733931240658,2.3523026937255045,1.9090316339445084,669
trstplt,inst_trust,EE,-0.013316268202275213,0.7311931049052456,-0.018956612440559708,0.6247898868840306,3.6152694610778444,4.49251497005988,2.3290500510241126,1.95410710939241,668
trstplt,inst_trust,ES,0.055533590611373106,0.14981895716323512,0.06729068773781165,0.08086236808734147,2.7477744807121662,3.9896142433234423,2.3627626505480332,1.882478567412023,674
trstplt,inst_trust,FI,-0.04260439952731466,0.26794481369086637,-0.031537118839236114,0.4122925887091927,5.3952802359882,5.873156342182891,2.027165908361325,1.693279550395296,678
trstplt,inst_trust,FR,-0.06840313275384224,0.07840171213279169,-0.06412391066843408,0.09900527120691006,3.9049773755656108,4.009803921568627,2.1817055797351492,1.734746328874487,663
trstplt,inst_trust,GB,-0.025659071744706604,0.5101831708705552,-0.03499309344161269,0.3690565842937171,2.924357034795764,3.951588502269289,2.332321593989036,1.9094862199954339,661
trstplt,inst_trust,GR,0.05942384740030455,0.125516746345899,0.045676311088513076,0.23912862568869742,2.6726726726726726,3.614114114114114,2.0747833087843146,1.7548332085887552,666
trstplt,inst_trust,HR,-0.015104871470645393,0.6956877432125993,-0.015837515759668,0.6817159810071505,2.074294205052006,3.7459138187221397,2.181594167058382,1.9100109320155414,673
trstplt,inst_trust,HU,0.005390298913228507,0.8897365400464055,-0.011023159491575125,0.7767779661860965,4.069277108433735,3.444277108433735,2.691479559970246,1.7219802751168423,664
trstplt,inst_trust,IE,0.041229431208138295,0.2935426930208171,0.044282090599291335,0.25922429860375723,4.307219662058372,3.705069124423963,2.40657946458592,1.8294064913515198,651
trstplt,inst_trust,IL,0.07236892222182999,0.06498765650598684,0.06042908029701596,0.12349341806396662,3.2549923195084487,3.695852534562212,2.4991294715011336,1.8245247228728734,651
trstplt,inst_trust,IS,-0.048788541688121564,0.2103070915315112,-0.031360195020527955,0.4208542691576717,4.806354009077156,6.3018154311649015,2.193383063298903,1.4847904767414575,661
trstplt,inst_trust,IT,0.014769560945687654,0.7029646239246603,0.016581709916517764,0.6685682100357773,3.38863976083707,3.726457399103139,2.328215908081605,1.7248803239037285,669
trstplt,inst_trust,LT,0.08518960616778926,0.028762491412556646,0.08895115198742766,0.022391649507844245,3.4613050075872533,3.6176024279210925,2.3141441916958607,1.8366563927196913,659
trstplt,inst_trust,LV,0.006437679280551134,0.8704756882538615,0.007240040392288231,0.8545021502927317,2.6149068322981366,4.125776397515528,2.217033204013461,1.9823529823174049,644
trstplt,inst_trust,ME,-0.019725121774157566,0.6121626304771488,-0.021380128671927873,0.5826374183674179,3.7028657616892913,4.012820512820513,2.2456619997898812,2.0452365354311897,663
trstplt,inst_trust,NL,0.013927394934063577,0.7205804835857572,0.010827572266609528,0.780960026404945,4.83987915407855,4.998489425981873,2.0489572235608873,1.8470234014286573,662
trstplt,inst_trust,NO,0.00603013552419806,0.8757346313399488,-0.030945952414410723,0.4221472714867165,5.275555555555556,6.544444444444444,2.057319085601506,1.4032426767637864,675
trstplt,inst_trust,PL,-0.020500363219257585,0.6010335614975904,0.00023694395605617348,0.9951782268533667,2.8637059724349156,3.57427258805513,2.3356630380955266,1.7902461442131727,653
trstplt,inst_trust,PT,0.019482313894661915,0.6144228293181185,0.033852384018791676,0.38129272945840953,2.8837555886736213,3.8181818181818183,2.3642022212913636,1.8735464741429304,671
trstplt,inst_trust,RS,-0.06982579739209696,0.07684071585900816,-0.0698998311154514,0.07652758642212258,2.8693623639191292,3.3670295489891133,2.841894644266552,1.6889696330141277,643
trstplt,inst_trust,SE,0.03384277421675573,0.3810721083420903,0.018446408097010796,0.6331229357624774,4.857142857142857,6.338541666666667,2.000106448093324,1.5081654407826048,672
trstplt,inst_trust,SI,0.01018916154872089,0.7931160318507723,0.004908028515258936,0.8994715848529268,3.2090225563909773,4.11578947368421,2.278747365377157,1.8748832134417484,665
trstplt,inst_trust,SK,0.044206409303132105,0.2510508596483871,0.048629914207270086,0.20666646071793165,3.8550295857988166,3.5857988165680474,2.6279954054326726,1.7905197543105678,676
trstplt,inst_trust,UA,-0.06993714242255325,0.07500593800786987,-0.05142251029193674,0.1907534825802273,2.0231124807395995,3.1733436055469952,2.3355324665805903,1.5834545978786865,649
trstlgl,inst_trust,AT,0.05380927099507114,0.1619625269851314,0.043636314850323966,0.25686795930194395,6.626292466765141,7.569423929098966,2.3301636666022465,0.6850442426566078,677
trstlgl,inst_trust,BE,0.015963228341840482,0.6802341889980975,-0.013526462839562717,0.726921047995215,5.348281016442451,7.444693572496263,2.4646757457503377,0.7186081671382443,669
trstlgl,inst_trust,BG,0.07315914167075521,0.06271216601142052,0.06779763538909576,0.08461789072468523,3.8487654320987654,6.681327160493828,2.9243895285868318,1.374555743120615,648
trstlgl,inst_trust,CH,0.011967748129807103,0.758044402994983,-0.01813243497588399,0.6406783586284813,6.9413533834586465,7.760150375939849,1.9783134405875038,0.6771818652015427,665
trstlgl,inst_trust,CY,-0.058126235767127124,0.13400037024772785,-0.07198425167103074,0.0633659158491187,4.375375375375375,7.266516516516517,2.654024085015779,0.9565314204841423,666
trstlgl,inst_trust,DE,0.09746207067756527,0.01147724187824784,0.09332509512659143,0.01551869385720277,6.324404761904762,7.5443452380952385,2.347995867330823,0.8318532914623731,672
trstlgl,inst_trust,EE,0.018215807567126537,0.6391432494482059,0.01806408830670219,0.6419379463695752,6.3353383458646615,7.5285714285714285,2.4563108874921187,0.812141619624941,665
trstlgl,inst_trust,ES,-0.02223195624350528,0.5656590108115919,-0.03373006655497167,0.3833726646378797,5.3014925373134325,7.311194029850746,2.61452151102899,0.7936275014297259,670
trstlgl,inst_trust,FI,0.05740339107648961,0.13510440322402067,0.03730236803283683,0.3317683719420453,7.472754050073638,7.670839469808542,1.8827136122135262,0.6709112166469773,679
trstlgl,inst_trust,FR,0.04770486114059296,0.21749885890105608,0.03841872209218821,0.3207325343487776,5.298507462686567,7.255223880597015,2.445916797392105,0.9346003969451173,670
trstlgl,inst_trust,GB,0.06702335233186602,0.08629195918123096,0.05594299132968823,0.15236487970509585,5.5182926829268295,7.1935975609756095,2.542998316829321,0.946599466113282,656
trstlgl,inst_trust,GR,-0.015047698343653325,0.6950691615138624,0.01830061312486939,0.6335508677601304,5.240822320117474,7.071953010279001,2.5392521882901615,1.108439750343545,681
trstlgl,inst_trust,HR,0.02562430710657819,0.5097953781538341,0.014788202843471487,0.7036721600385741,3.1656626506024095,7.071536144578313,2.4543423851697272,1.202280408094166,664
trstlgl,inst_trust,HU,0.02591189545156029,0.5044122104259589,0.02609763940118612,0.5013605899990975,5.391891891891892,7.0394894894894895,2.7911558002155696,1.0810405919962018,666
trstlgl,inst_trust,IE,0.024479004641583795,0.5310885696011476,0.012936675018119462,0.7406630582496362,5.703196347031963,7.430441400304415,2.4304732324477825,0.7747060536118937,657
trstlgl,inst_trust,IL,0.060998033116706096,0.12027881241875416,0.03064065165849671,0.4354698066835027,4.530769230769231,7.216923076923077,2.834381857966806,0.9238442545735432,650
trstlgl,inst_trust,IS,-0.004478277158512825,0.908233250328004,-0.03718541312963609,0.3383404535671339,6.169924812030075,7.743609022556391,2.2095761247272656,0.6130303682922987,665
trstlgl,inst_trust,IT,0.020755774410283704,0.5917481341288967,0.011210465263351762,0.7720893959482419,5.525373134328358,7.249253731343283,2.3039151238558824,0.9772254329909819,670
trstlgl,inst_trust,LT,-0.05585347033399038,0.15333779219427476,-0.017445968785743733,0.6558318821136823,5.30381679389313,7.03969465648855,2.5052057293165992,1.129915654703971,655
trstlgl,inst_trust,LV,-4.598282658304414e-05,0.9990957076696595,0.024888912672540505,0.5395160369270093,4.027868852459016,7.092622950819672,2.5992692637100863,1.0247486000950974,610
trstlgl,inst_trust,ME,0.06192580955620237,0.1122402879617267,0.05725378517433383,0.14205646935844204,4.327769347496206,7.2007587253414265,2.2084398146210997,0.9660888628579621,659
trstlgl,inst_trust,NL,0.07976772141396947,0.03885525571992608,0.029263285208040717,0.44918457833067543,6.414307004470939,7.595380029806259,2.065647472761745,0.9283235395958459,671
trstlgl,inst_trust,NO,0.03407000283650439,0.3768146442555004,0.056220740274737675,0.14453631171483328,7.496296296296296,7.741481481481482,1.9793971224739295,0.7613030747929477,675
trstlgl,inst_trust,PL,0.032624495742857036,0.4048753341422102,0.020721840772485595,0.5968252477887831,4.058103975535168,6.964831804281346,2.4811053361393975,1.0563677919846517,654
trstlgl,inst_trust,PT,0.09306815374174068,0.016857314610534774,0.08341658808765011,0.032269677172850994,4.415781487101669,7.367981790591806,2.448272100982043,0.8682288296179572,659
trstlgl,inst_trust,RS,-0.10951902536090506,0.005771568706002284,-0.08289998620975034,0.036902401142481576,4.1892744479495265,6.510725552050474,3.0236788182552288,1.4707077028791773,634
trstlgl,inst_trust,SE,0.01914627061166021,0.6234340805992833,-0.012025115351221052,0.7578111928331783,6.58939393939394,7.70530303030303,2.1582764992011993,0.6476658679213516,660
trstlgl,inst_trust,SI,-0.010162035670497336,0.7938066432879483,0.015364127865618192,0.692707649417848,4.7906626506024095,7.359186746987952,2.5437060730109726,1.0253822160808437,664
trstlgl,inst_trust,SK,0.1183775927462282,0.002146296483706242,0.11019571948296551,0.004293927130460745,5.034328358208955,6.950746268656716,2.7458925563254835,1.1732409004810316,670
trstlgl,inst_trust,UA,-0.04429307023239791,0.26887685589789173,-0.029877447648247634,0.4559046104158274,2.5648,5.1664,2.6371439485034194,1.7662679762999058,625
trstprt,inst_trust,AT,-0.07893417180214175,0.04079666014962463,-0.06739283121507551,0.08085362106443447,3.5699404761904763,6.035714285714286,2.4153979463791573,1.7718795568963848,672
trstprt,inst_trust,BE,-0.02406621531285957,0.5377293609281399,-0.019272197892254022,0.6216827477171858,3.940729483282675,6.063069908814589,2.142094044328085,1.6545829525919535,658
trstprt,inst_trust,BG,0.004979657441836253,0.8980123903057269,-0.006726223348680274,0.8625502248047152,2.3233082706766917,4.085714285714285,2.1402231902122866,1.9177807383569898,665
trstprt,inst_trust,CH,-0.06531396184511944,0.09745453376627672,-0.036237737723141844,0.35817872611570883,5.344186046511628,6.463565891472868,1.8912969594792437,1.4130567931608962,645
trstprt,inst_trust,CY,0.04094214633478009,0.29031398170663236,0.04241349654278822,0.2733116532788012,2.490284005979073,4.956651718983558,2.213589914243696,2.0683467391395394,669
trstprt,inst_trust,DE,0.07787712764493299,0.04501624369914889,0.04820411708989239,0.21513225273002842,4.018099547511312,6.394419306184012,2.2156347782154575,1.4774791503187814,663
trstprt,inst_trust,EE,0.0318725859620682,0.4125924858194299,0.025660317428895667,0.5095209175668183,3.699849170437406,6.0,2.206578322340708,1.6968070245463533,663
trstprt,inst_trust,ES,0.04152186737095913,0.2831711317220849,0.04642833587019837,0.23007297334018065,2.7328358208955223,5.1985074626865675,2.384296410914047,1.9708634406619723,670
trstprt,inst_trust,FI,-0.05189999030534437,0.1783643849546242,-0.016748999896324168,0.6642502071708428,5.467359050445104,6.7292284866468846,1.9000984955739286,1.2537220655124615,674
trstprt,inst_trust,FR,-0.07155440886786013,0.06537040108595035,-0.06550974282032633,0.09166114434354436,3.463855421686747,5.178463855421687,2.12403204114147,1.8058485649177731,664
trstprt,inst_trust,GB,-0.08363002380042192,0.03209066975003857,-0.08912396522963145,0.022334871511305945,3.085235920852359,5.1057838660578385,2.343656067526562,1.932117038896815,657
trstprt,inst_trust,GR,0.007764175928067272,0.840426183240873,0.0011904872728832907,0.9753712600741122,2.797037037037037,4.616296296296296,2.131853261715439,1.9211538094478526,675
trstprt,inst_trust,HR,0.04842930312116372,0.21058612934667112,0.07387517751740419,0.05597206202852387,2.171641791044776,4.7970149253731345,2.243496228523436,2.0408364700619077,670
trstprt,inst_trust,HU,0.07250464029626258,0.06127842718610969,0.0606780969450244,0.11744304364553418,4.0344827586206895,4.482758620689655,2.6253004680178917,2.010689050217253,667
trstprt,inst_trust,IE,-0.01484680437342718,0.7053528797264631,-0.01495576018139009,0.70329250877585,4.172043010752688,4.8125960061443935,2.345775641050787,2.032481133510551,651
trstprt,inst_trust,IL,0.10962602247343316,0.0053172257728888025,0.11028308533047561,0.00504780044857242,3.4093023255813955,5.038759689922481,2.3832829366176487,1.8826318830478321,645
trstprt,inst_trust,IS,0.024351406572297136,0.5304307042617171,0.011065688881158312,0.7756102442871512,4.672672672672673,6.984984984984985,2.2177149530533575,1.1201167030027002,666
trstprt,inst_trust,IT,0.08322372258337586,0.031374223364387936,0.0801857752591351,0.03812865725144462,3.408071748878924,4.885650224215246,2.334201710132804,1.9397752208474754,669
trstprt,inst_trust,LT,0.09012779744129905,0.021157609574713906,0.10017308484208205,0.010367694287341264,3.324159021406728,4.4755351681957185,2.251179132061135,2.0770416302224364,654
trstprt,inst_trust,LV,-0.0033885900126612153,0.9313923904089781,-0.007853686176175184,0.8418409096949356,2.4737654320987654,5.0640432098765435,2.188756576548511,2.013322016897713,648
trstprt,inst_trust,ME,-0.02389142186686489,0.5357882610894722,-0.01729074764672044,0.6540852234964586,3.85459940652819,5.0207715133531154,2.3351283224011237,1.969948520915343,674
trstprt,inst_trust,NL,0.04432511850607701,0.252254946239215,0.028821888678808565,0.4567314988371763,5.004484304932736,6.400747384155457,1.9442016306614058,1.4452532392666213,669
trstprt,inst_trust,NO,0.024540031946385273,0.5238456811660985,0.05836996760992473,0.12920901624892733,5.454948301329394,7.004135893648449,1.9558272524448914,1.0672147703817554,677
trstprt,inst_trust,PL,0.0037816395437033357,0.9231626244983787,0.008447450505061382,0.8294123831781314,2.891271056661562,4.695252679938744,2.3338270805824006,1.9746690657382968,653
trstprt,inst_trust,PT,0.02534666981487099,0.5134411166055638,0.028754499107491737,0.4584606793003172,2.841079460269865,4.862068965517241,2.3169159963012955,2.080695751918918,667
trstprt,inst_trust,RS,-0.09104829115675585,0.02144668888806529,-0.0930414747942715,0.01874341008314586,2.7946708463949843,4.195924764890282,2.741077112676998,1.9709465107346131,638
trstprt,inst_trust,SE,0.015709354345998693,0.6845984139761451,-0.009493489805724417,0.806097776847429,4.979135618479881,6.95230998509687,1.9652609483254413,1.0796447173520183,671
trstprt,inst_trust,SI,0.04915608660283282,0.20517212942529994,0.058304447182839725,0.1328096994433505,3.1966966966966965,5.123123123123123,2.2488870205452836,2.0386874385339078,666
trstprt,inst_trust,SK,0.12087225037573948,0.0017641621543333524,0.11448350092822329,0.003067568251350115,3.9205397301349327,4.475262368815592,2.6260386492839856,1.9971232422845266,667
trstprt,inst_trust,UA,-0.032786873832897676,0.40435124550828505,-0.051422262440078886,0.1907556233541924,1.9768875192604005,3.9075500770416025,2.372246068312656,1.813211548122445,649
trstplc,inst_trust,AT,0.005494169057963159,0.8866178626313728,0.01802223638722338,0.6399641357720891,7.353550295857988,7.738905325443787,2.1815731596258496,0.729451127945174,676
trstplc,inst_trust,BE,0.011952463967893786,0.7569348405889352,0.01781342219350855,0.6445850465910015,6.548291233283804,7.700594353640416,2.103243150087572,0.6499997278599977,673
trstplc,inst_trust,BG,-0.04955743010964752,0.20285705363367307,-0.02805017014180031,0.4712228739850245,5.151057401812689,7.243957703927492,2.8388098814190172,1.1602668264873666,662
trstplc,inst_trust,CH,0.016715734765841473,0.6637074303172343,0.0009405080752708019,0.9804838865514106,7.344624447717231,7.863033873343151,1.9291881151228412,0.6654806746626302,679
trstplc,inst_trust,CY,0.08014753848019063,0.038366114307396545,0.07835221636407065,0.042930265172900973,5.076347305389222,7.495508982035928,2.584437999111625,0.9860241724140789,668
trstplc,inst_trust,DE,0.054853015500539545,0.15611726983900476,0.066458094997817,0.0856300938620764,7.095522388059702,7.714925373134329,2.1203993782809687,0.8256453256029914,670
trstplc,inst_trust,EE,0.0055815320862583,0.8849973584869507,0.0021717213945578896,0.9551214763642347,7.501483679525222,7.7277448071216615,2.117814664793353,0.6941607139137134,674
trstplc,inst_trust,ES,-0.07262723952748101,0.058931092662604316,-0.08240134333949059,0.032056647661584343,6.914327917282127,7.613737075332349,2.4071611048325954,0.7395647260536393,677
trstplc,inst_trust,FI,0.018321721407163833,0.6344141940395651,0.01373660602687024,0.7214604607078188,8.366863905325443,7.885355029585799,1.403180383050136,0.48589743589743584,676
trstplc,inst_trust,FR,0.022909285940133067,0.5520994277741169,0.0198518043235306,0.6063836008487009,6.550295857988166,7.470414201183432,2.1872661579404795,0.9462661782157622,676
trstplc,inst_trust,GB,0.016548899919561412,0.6691851109791511,0.007192727786900175,0.8526842277919644,5.844544095665172,7.225710014947683,2.5623461209673635,0.9699201983832927,669
trstplc,inst_trust,GR,0.004291530986008692,0.9117800779402498,-0.0029778414641021098,0.9387205151007104,5.944693572496263,7.409566517189836,2.3847549938122614,0.9001652994324835,669
trstplc,inst_trust,HR,-0.00907490388010855,0.8146245674650249,0.006358907193870883,0.8695024236177801,5.45223880597015,7.464179104477612,2.537601129897284,0.9506824694445627,670
trstplc,inst_trust,HU,0.023628913598728766,0.5420956279360921,0.033085787519986365,0.3932394140894737,6.332335329341317,7.500748502994012,2.5402963965722822,1.0573861195986047,668
trstplc,inst_trust,IE,-0.02942410223427577,0.44840021485142106,-0.006144140188494353,0.8742477398883975,6.524024024024024,7.671921921921922,2.313775554524512,0.7510042799352828,666
trstplc,inst_trust,IL,0.022836213152215106,0.5590187361750416,0.039138273323608204,0.3165048672022361,4.6955859969558595,7.526636225266362,2.8114306095371875,0.8150488782083296,657
trstplc,inst_trust,IS,0.025392832995573645,0.5110922245662938,0.022302594987946286,0.5638416561957369,7.25,7.78125,2.0630884203311117,0.8178738657083033,672
trstplc,inst_trust,IT,0.036498490805974865,0.34553247152341987,0.027651894122958508,0.4748861198030672,6.713432835820895,7.701492537313433,2.033714011931931,0.7991947624047201,670
trstplc,inst_trust,LT,0.014449320149180874,0.709317572654855,0.033075093754729036,0.3933924430662056,6.860778443113772,7.502994011976048,2.342506120664724,1.008950953689324,668
trstplc,inst_trust,LV,0.05273988352148463,0.1786163231372584,0.006168208741098241,0.875087144359269,5.2315950920245395,7.585122699386503,2.5544843678756153,0.7769981329404914,652
trstplc,inst_trust,ME,0.07588930262917715,0.04907752829622723,0.06118463918666996,0.112784205843159,5.393759286775632,7.421991084695394,2.2027626691259155,1.0163503596161254,673
trstplc,inst_trust,NL,-0.0034414364149006277,0.929522313091641,0.01764826545300827,0.6501172949003483,7.06184012066365,7.723227752639517,1.6186528634098043,0.7192458838282316,663
trstplc,inst_trust,NO,0.017723771535949846,0.645270230303541,0.03957194860057025,0.3038880201873455,7.65288035450517,7.91506646971935,1.8902689468128817,0.44333713314201173,677
trstplc,inst_trust,PL,0.0005782818084764157,0.9881154130182361,0.025078768817797213,0.518219114189796,5.178678678678678,7.48048048048048,2.5498746061568727,0.8391243612262594,666
trstplc,inst_trust,PT,0.005498471004926779,0.886864868150978,0.06059031952818383,0.116601723502734,6.363095238095238,7.604910714285714,2.349938884294159,0.911389920204878,672
trstplc,inst_trust,RS,-0.0004129787970539385,0.9915831400355792,0.01409038483017825,0.7188891369774741,5.27175572519084,7.157251908396947,3.055457713054305,1.2006643506527166,655
trstplc,inst_trust,SE,-0.020599244433332106,0.5950993036055053,-0.032319911772045046,0.4042899827046739,7.098802395209581,7.782934131736527,2.0125092462250156,0.6029978196208183,668
trstplc,inst_trust,SI,0.007206225322243553,0.8518647651244154,-0.020483380177334153,0.595524049564775,6.317507418397626,7.726261127596439,2.3905626152288355,0.869446014156574,674
trstplc,inst_trust,SK,0.08572137804523962,0.02672861485417424,0.046630714624302794,0.22874388504507706,5.6437125748503,7.431137724550898,2.7426345668058,0.8392832089596403,668
trstplc,inst_trust,UA,-0.01132971831965999,0.7760305494492029,-0.002134960922511749,0.9572471448725597,3.3949447077409163,6.524486571879937,2.8427299632729497,1.5780688697930474,633
trstep,inst_trust,AT,0.055327244046175686,0.15982212904343676,0.04889469408352241,0.21422440458108047,4.205564142194745,6.497681607418857,2.6450666647793755,1.394230994366393,647
trstep,inst_trust,BE,-0.02399666299330313,0.5398359794124207,0.009157265288430506,0.8150479774783825,4.674809160305344,6.812977099236641,2.443156312914694,0.9476670974605532,655
trstep,inst_trust,BG,0.03308988006599645,0.41576523970980483,0.0308666231877574,0.4478012554519502,4.604612850082372,6.158154859967051,2.8467766161648256,1.663437697263858,607
trstep,inst_trust,CH,-0.04135506780372296,0.30508285644713473,0.01085912833106333,0.7877787704246371,4.941653160453809,6.703403565640195,2.143360146398495,1.1112784059976224,617
trstep,inst_trust,CY,0.09610429533383921,0.016504467170873897,0.0833598258403469,0.037670264910660944,4.614147909967846,6.427652733118971,2.599825182526263,1.4800032494362823,622
trstep,inst_trust,DE,0.09626822676129708,0.013927115058248988,0.0579047017292238,0.13968696511800036,4.674846625766871,6.726993865030675,2.598317866776287,1.1122864371383274,652
trstep,inst_trust,EE,0.009874511723733326,0.8055454911406349,-0.023720287303255726,0.5542338557060605,4.842948717948718,6.788461538461538,2.5448178465590203,1.103094234856748,624
trstep,inst_trust,ES,0.05044642056994994,0.20497485885780395,0.04705551494945932,0.23712327603912345,4.642969984202212,6.628751974723539,2.564148887967945,1.2488961670895367,633
trstep,inst_trust,FI,-0.02178820010561455,0.5783667585681569,-0.0019004412601338091,0.9613411803028675,5.8437978560490045,6.857580398162328,2.0153047012374463,0.9265634913047566,653
trstep,inst_trust,FR,0.0671386955606497,0.09223552728368278,0.07537440668317472,0.058648934578691185,4.355555555555555,6.717460317460318,2.5193545100178234,1.0272193287205982,630
trstep,inst_trust,GB,0.002843108356529125,0.9459061125430218,-0.012059012667890003,0.7735081052683329,3.7552447552447554,6.479020979020979,2.653924914748872,1.407229427476418,572
trstep,inst_trust,GR,0.04069484236941888,0.29799630442324127,0.04263571365336234,0.2755280340821156,4.137195121951219,6.407012195121951,2.3734062355222427,1.4600678348261085,656
trstep,inst_trust,HR,0.008470814619278993,0.8309013540372711,0.025185066754326548,0.5254321151634743,4.27115987460815,6.382445141065831,2.647260763014935,1.528732345222015,638
trstep,inst_trust,HU,0.004014541773639117,0.9183215542553412,0.010325530734235762,0.791962355257135,4.719083969465649,6.117557251908397,2.596254491744734,1.706234337385093,655
trstep,inst_trust,IE,-0.0101706771190229,0.800941662649676,-0.005476097598458037,0.8920200032381417,5.2025931928687195,6.6158833063209075,2.3671438249102503,1.2127330031832355,617
trstep,inst_trust,IL,0.05890176398639811,0.1650718569054107,0.06854911017064746,0.10607613817547772,2.8402154398563733,6.533213644524237,2.559640815540596,1.341530552115581,557
trstep,inst_trust,IS,0.01584325587640268,0.7026508238706392,0.01666963322848478,0.6879350621011747,5.732418524871355,6.981989708404803,2.1911479557653943,1.0983124292903925,583
trstep,inst_trust,IT,-0.007903747078739578,0.8424357493552378,-0.016758302125191124,0.6733947804006271,4.696062992125984,6.513385826771653,2.3355502994097668,1.3599940970323514,635
trstep,inst_trust,LT,0.043353872470449854,0.28228085837674183,0.020423224187557203,0.6126274929118651,4.93679092382496,6.432739059967585,2.5800605443254665,1.3624478251589247,617
trstep,inst_trust,LV,-0.04169984459923547,0.3102898656614684,-0.033125921353314075,0.42031819402424475,4.12962962962963,6.3872053872053876,2.6149842307388163,1.4662836671270594,594
trstep,inst_trust,ME,0.039682511936447035,0.3150485798421529,0.031278972458264484,0.4284742229526876,5.625194401244168,6.592534992223951,2.3384473943288464,1.3227250310363161,643
trstep,inst_trust,NL,0.08920280031551057,0.024696585294608137,0.03016827589903775,0.4482765835730281,5.11198738170347,6.826498422712934,2.2332574894217947,1.0730909618842948,634
trstep,inst_trust,NO,-0.0024814621251739327,0.952161201367141,0.0016612426831731641,0.967963207036498,5.6269165247018735,6.913117546848381,2.106099835456707,0.9884736698854302,587
trstep,inst_trust,PL,0.10419815537355444,0.008544268877399274,0.10775469225280482,0.006527248378484109,4.036163522012578,6.279874213836478,2.6478837899999363,1.4986515671049074,636
trstep,inst_trust,PT,0.0870223210271764,0.03000056769093885,0.08386023611308091,0.03653295323279647,4.853697749196141,6.485530546623794,2.6085720500652076,1.4058594742662731,622
trstep,inst_trust,RS,0.10699327113062734,0.00906337842263055,0.13559961563930667,0.0009223404560865906,2.6952861952861955,6.281144781144781,2.7717701229381952,1.5915294443577563,594
trstep,inst_trust,SE,-0.0437603745933323,0.2797520598371257,-0.03536222577971242,0.3825007641277568,5.258169934640523,6.889705882352941,2.1319827606088237,0.9924470468741082,612
trstep,inst_trust,SI,0.05780340384848738,0.14253850412975758,0.052076027221185914,0.18653536845448232,4.565891472868217,6.514728682170543,2.558765719411825,1.387113539442026,645
trstep,inst_trust,SK,0.09725067262535025,0.013332124596239158,0.08241241190442246,0.0361025417238963,4.406491499227203,6.125193199381762,2.9337611864688355,1.6714963128635756,647
trstep,inst_trust,UA,-0.03993238437198407,0.3329028070679167,-0.0315567945396133,0.44422576679974124,4.188135593220339,5.9491525423728815,3.126673935141562,1.7317932726915979,590
trstun,inst_trust,AT,-0.0387380093602291,0.33438454398419315,-0.03279598121489494,0.4138355575430923,4.810593900481541,7.088282504012841,2.668637090959068,0.9421741142391213,623
trstun,inst_trust,BE,0.1159028130582889,0.003200473209229382,0.10212488407967173,0.009447863240548882,5.313178294573643,7.117054263565891,2.3652301453604747,0.8998036389489654,645
trstun,inst_trust,BG,0.032786384622335546,0.43627563913407763,-0.0008233321421023898,0.9844068232104671,4.833922261484099,7.053003533568905,2.8397895636168964,1.1022181127749102,566
trstun,inst_trust,CH,-0.016830511177909447,0.6737836076479707,-0.023024457334531945,0.5646705589948282,5.285031847133758,7.089171974522293,2.287884775375636,1.158152828243055,628
trstun,inst_trust,CY,0.04809709143337276,0.22144458866332178,0.012764495001501645,0.7456981604003143,4.158950617283951,7.174382716049383,2.5978912166305763,1.0890027435245742,648
trstun,inst_trust,DE,0.008988338819923308,0.8190849047075279,-0.03725029745991934,0.3430270838219878,5.052307692307692,7.098461538461539,2.457096115894747,0.8827210186822989,650
trstun,inst_trust,EE,-0.023004361995829777,0.5741718652857346,0.03461179174364023,0.3977818367498344,4.736227045075125,7.237061769616027,2.67038880623365,1.049237044607555,599
trstun,inst_trust,ES,0.047879928989900705,0.23197467576751007,0.06319745255899197,0.11448487335435985,4.8896,7.2,2.6654792228001867,0.8262519638054167,625
trstun,inst_trust,FI,-0.11682265484102643,0.0028986984192568596,-0.11392629240509648,0.003684863673882384,6.45679012345679,7.212962962962963,2.113762266018551,0.8139159744493594,648
trstun,inst_trust,FR,0.04788077213051449,0.2301006910197957,0.07557437997286853,0.057980324306173496,5.174603174603175,7.1,2.426271699002936,1.0674397701777252,630
trstun,inst_trust,GB,0.06365410925559196,0.12505692378345895,0.0423827570369988,0.30738200817385003,4.912371134020619,6.804123711340206,2.6901141539916322,1.1761178467689535,582
trstun,inst_trust,GR,0.04904498716298166,0.22079869743159436,0.027955630343662576,0.48540984092081185,4.1888,7.1392,2.4290316736911586,1.151148813031395,625
trstun,inst_trust,HR,0.006888500807648387,0.8618147164389156,0.011235254094037955,0.7764811391981638,4.711388455538222,7.104524180967239,2.8803230244937836,1.0502952560137517,641
trstun,inst_trust,HU,-0.009883184583280514,0.804307290078543,0.011471064404540906,0.7736621535795,5.302694136291601,6.93026941362916,2.4608636437164826,1.153966145001239,631
trstun,inst_trust,IE,-0.049979725757624695,0.2211477283842072,-0.011968804145011475,0.7696609082257005,5.46089850249584,7.14559068219634,2.4115455330585034,0.9517622386112864,601
trstun,inst_trust,IL,-0.03759591391764203,0.34767865008975396,-0.014699616523179778,0.713567511679507,2.1757188498402558,7.037539936102236,2.468577218242953,0.9418006680835154,626
trstun,inst_trust,IS,0.12179974243507895,0.0021772357117294723,0.1149941002682619,0.0038219885577650513,6.304278922345484,7.394611727416799,2.226670390255536,0.8383105458166017,631
trstun,inst_trust,IT,0.04107969605972572,0.3021016016685832,0.009830154675143919,0.8050329671667319,4.95260663507109,7.138230647709321,2.3722346322400205,1.1146001854027021,633
trstun,inst_trust,LT,0.06722391288434384,0.10372101132256485,0.05511849987853764,0.18234056430931722,5.044293015332197,6.993185689948893,2.5932599634875757,1.235131877802039,587
trstun,inst_trust,LV,-0.03951060173064522,0.3572457221299357,-0.022003387514963484,0.6082612994164945,3.7944954128440367,7.053211009174312,2.833940656368942,1.084191960508616,545
trstun,inst_trust,ME,-0.010943756926339683,0.7836348144781528,-0.02463755427772025,0.5364130556086903,5.397151898734177,7.219936708860759,2.329210524929362,1.0074436097036563,632
trstun,inst_trust,NL,0.040853133689013006,0.31257521618753537,0.0032754028778121925,0.9354977316519679,5.838499184339315,7.153344208809135,2.0480388432227077,0.9214098713029639,613
trstun,inst_trust,NO,-0.035161166585913804,0.36530860163954965,-0.02235236078629696,0.565020079539427,6.989473684210527,7.306015037593985,2.074270925693391,0.8746565073202318,665
trstun,inst_trust,PL,0.04114527056969285,0.30402880634827933,0.052467226384477185,0.18985472511285836,4.936102236421725,6.827476038338658,2.5785093645614303,1.2683011706313765,626
trstun,inst_trust,PT,0.041778794157898605,0.2966373437328912,0.054045641295910336,0.17685371005791864,5.426517571884984,7.019169329073482,2.6080244809607778,1.2170587286083565,626
trstun,inst_trust,RS,0.027896270212555686,0.4966708045822566,0.048412837154799104,0.2379529640115854,2.8557046979865772,7.0134228187919465,2.829493705350225,1.0892080365909105,596
trstun,inst_trust,SE,0.021674910103214876,0.5829756223767253,0.020321500271914324,0.6067255264613136,6.299689440993789,7.204192546583851,2.2200696113279497,1.0533208096451203,644
trstun,inst_trust,SI,0.03740425562005532,0.35442918095026826,0.01319958761947557,0.7439043207993351,4.811382113821138,7.185365853658537,2.603593209019201,1.0452843484863028,615
trstun,inst_trust,SK,0.011060560812926654,0.7820618383685651,-0.015991784310438437,0.6891711480002372,4.8710191082802545,6.8949044585987265,2.9966894407162052,1.2264129918518314,628
trstun,inst_trust,UA,-0.07348254170067293,0.07778781974770772,-0.06375593808804142,0.12608959241452866,3.5788561525129983,6.5944540727902945,3.1564148870738493,1.3813629623446997,577
happy,wellbeing,AT,-0.021196596344196295,0.5836181360553351,-0.006336670677832671,0.8698581932825954,7.651266766020864,7.371833084947839,1.6510496088304636,1.001847282807081,671
happy,wellbeing,BE,-0.008263897381403885,0.8305555070161805,-0.03552815807588011,0.3574383072696121,7.787518573551263,7.468053491827638,1.4732814625466775,0.8639292420271492,673
happy,wellbeing,BG,0.0906964194164997,0.019321717191306285,0.12624621017590315,0.001104250624976536,6.293233082706767,7.119548872180451,2.081841873354188,1.2537569232842602,665
happy,wellbeing,CH,-0.044118028069631804,0.2530595284753498,-0.04133737327362983,0.2842375787777946,8.14115898959881,7.557206537890044,1.4888423794796721,0.9047226853230468,673
happy,wellbeing,CY,0.067916733948892,0.07741019423000156,0.1053863202432135,0.006057555434663015,6.9689807976366325,7.378138847858198,2.115156839747662,0.9570637842911146,677
happy,wellbeing,DE,-0.09677332932395571,0.011949902735934262,-0.044668666361111053,0.24682667228895272,7.774480712166172,7.376854599406528,1.6650060877627924,1.1040106082400658,674
happy,wellbeing,EE,-0.008886628774478985,0.8182692409557686,0.025099246055883054,0.5163044035852208,7.436661698956781,7.509687034277198,1.8050749859173643,1.0549719061670735,671
happy,wellbeing,ES,0.0009766849684734718,0.979808370217199,-0.0007241577270538159,0.9850283085473526,7.878338278931751,7.382789317507418,1.5370722149160299,0.8796361838134148,674
happy,wellbeing,FI,-0.05921489164625311,0.12486777912244537,-0.07388138843800292,0.05540269044489318,8.098068350668647,7.580237741456166,1.4554533580517417,0.8252589438153775,673
happy,wellbeing,FR,0.05625675810939419,0.14427883632452188,0.06302213854646001,0.10184901555115815,7.463703703703704,7.423703703703704,1.5983396154514764,0.9138083001415709,675
happy,wellbeing,GB,0.025917855087859158,0.5039930688964643,0.002229857872081989,0.9541619394938353,7.48575712143928,7.3343328335832085,1.9851606740720993,1.1286893313809563,667
happy,wellbeing,GR,0.02160652908205107,0.5809597142236946,-0.005540103407385856,0.8874607815157238,6.76030534351145,7.397404580152672,1.580349484695946,0.8863090387733875,655
happy,wellbeing,HR,0.06569953909946762,0.08999419876600524,0.08605509579917199,0.026253330877155034,7.583208395802099,7.220389805097451,1.8632416833626535,1.1808041100548112,667
happy,wellbeing,HU,0.14492655894258724,0.0001787761917311273,0.15350200849684917,7.139794439769458e-05,7.099397590361446,7.147590361445783,1.9823656050818121,1.0460989405074403,664
happy,wellbeing,IE,-0.052549879932557976,0.17170803220143774,0.0006852714508548679,0.9857900507291296,7.65929203539823,7.384955752212389,1.646040170380612,1.0941812993796824,678
happy,wellbeing,IL,0.014659641344714492,0.7048607361426884,-0.009209741114136095,0.8119213110796255,7.388059701492537,7.405671641791045,1.9281195396191588,1.1118860797543786,670
happy,wellbeing,IS,-0.08794415618591038,0.02364454074651891,-0.09381657716277085,0.015752231215872617,8.034743202416918,7.660876132930514,1.516525662572568,0.7225738704447255,662
happy,wellbeing,IT,0.08143578781759399,0.03453376629741894,0.07922438528840775,0.03976327493445232,6.862017804154303,7.467359050445104,1.7572467894489812,0.8354887520748999,674
happy,wellbeing,LT,0.08129919474951434,0.03566051264455062,0.06783826982924625,0.07976310147102647,7.413173652694611,7.2395209580838324,1.9274565010662836,1.2044872665463278,668
happy,wellbeing,LV,0.0824744350541213,0.03414118944040418,0.06731626716468485,0.08397593975307664,6.8090909090909095,7.275757575757575,2.058309873776976,0.9899434551164795,660
happy,wellbeing,ME,0.08071991032169501,0.03742906219229196,0.06866475065754275,0.076817763946779,6.5203007518797,7.379699248120301,1.9734594189105545,0.9087724573795151,665
happy,wellbeing,NL,0.014963591331113106,0.6988222001550143,0.0031682857319637477,0.9347123919773483,7.998509687034277,7.5424739195231,1.2283944804226723,0.9372391125905597,671
happy,wellbeing,NO,0.05678390840214805,0.14263356999993554,0.026974875529251915,0.48642547985202794,7.949101796407185,7.560329341317366,1.5421462589763428,0.9767604930518904,668
happy,wellbeing,PL,0.04237357398984628,0.2744848479649571,-0.029319619204809463,0.44967271647446916,7.557721139430285,7.235382308845577,1.9299005467428159,1.0178917279537658,667
happy,wellbeing,PT,0.09564524804035252,0.01318888277657302,0.11265500944941599,0.0034774268770661775,7.013412816691505,7.274217585692996,2.038026293039192,1.0377530004289253,671
happy,wellbeing,RS,0.03548506832288947,0.36199524466205296,0.03777100513897256,0.3318802982377909,7.167673716012085,7.098187311178248,2.2250085306479988,1.1516073255823653,662
happy,wellbeing,SE,-0.017962375681497864,0.6413237020598734,0.030512989096251317,0.4286722860807451,7.728888888888889,7.586666666666667,1.6193317790016561,0.8997856652133563,675
happy,wellbeing,SI,0.046101120906409436,0.23584420664518382,0.04874087829133971,0.21006189601172967,7.7526395173454,7.304675716440422,1.7765818366807467,1.198220927734186,663
happy,wellbeing,SK,0.0979381470612344,0.01095844938060258,0.06529579894218739,0.09029590252392124,6.63946587537092,7.15727002967359,2.089878746816889,1.0179148462697962,674
happy,wellbeing,UA,0.09492835258705194,0.015162049589840909,0.11860742209462648,0.0023805456954978216,6.0244648318042815,7.118501529051988,2.630836270741182,1.1840996938560542,654
stflife,wellbeing,AT,0.032907752689180586,0.3915651093121752,0.021203247101782834,0.5809772348392216,7.7102941176470585,7.628382352941177,1.690277116989596,0.9211811433978366,680
stflife,wellbeing,BE,0.04603171089933585,0.22923922336153799,0.06254840923162665,0.10216191966523154,7.508771929824562,7.784210526315789,1.6726844173981295,0.5817747795499275,684
stflife,wellbeing,BG,0.12930591871340638,0.0008160357567335635,0.09919785122946352,0.010364133335463115,6.134932533733133,7.467916041979011,2.233332012895945,0.8853948435452416,667
stflife,wellbeing,CH,-0.05265983784188417,0.17017991130601956,-0.033227065954721274,0.3869835442431301,8.135294117647058,7.860294117647059,1.5491709698826193,0.49730931570620585,680
stflife,wellbeing,CY,0.05708718897108997,0.1372717272485454,0.05553330070139372,0.14831314082773547,6.378497790868925,7.708836524300442,2.386579385201395,0.8458008204113724,679
stflife,wellbeing,DE,-0.048018133212580964,0.21278119674871168,-0.013577684518056722,0.7247475131407477,7.699259259259259,7.728148148148148,1.7951259552733858,0.7261184815415317,675
stflife,wellbeing,EE,-0.04220983576038867,0.2709907287239827,-0.05982700689719324,0.11854206546208071,7.029325513196481,7.770234604105572,1.9872624821313951,0.6372962372966413,682
stflife,wellbeing,ES,0.0061279101382442965,0.8731792233542323,-0.025845788606726143,0.5007281359891098,7.527165932452276,7.69618208516887,1.8116239993643795,0.6319555008317659,681
stflife,wellbeing,FI,0.03831347523432525,0.31703858147347597,0.005574667052368872,0.8842916990261492,7.95906432748538,7.823684210526316,1.5678195923129665,0.5548354138313418,684
stflife,wellbeing,FR,0.00035164480441640834,0.9927458077136712,0.029958071760617287,0.43848684048570846,6.779433681073026,7.712369597615499,2.258435657507802,0.8094473260450489,671
stflife,wellbeing,GB,-0.023284956139970097,0.5447040741643234,-0.011258383384971087,0.7696478748302064,6.973490427098675,7.707658321060383,2.19865969754671,0.7998157759219908,679
stflife,wellbeing,GR,0.049792056626096017,0.19534849162444373,0.022719446243032432,0.5548129835349411,6.40117994100295,7.640117994100295,1.9350147828423967,0.7878216236715508,678
stflife,wellbeing,HR,0.13708128658912108,0.0003303094363560751,0.13433487334268127,0.0004353147958483642,7.284457478005865,7.549560117302053,2.0872366661542507,0.8611068143498866,682
stflife,wellbeing,HU,0.0701333022382768,0.06779158142597197,0.04738548960519881,0.217511890955043,6.577319587628866,7.461855670103093,2.1512467132599933,0.8686120059590866,679
stflife,wellbeing,IE,-0.034500232706873524,0.37152754625105766,-0.040545810176123485,0.293568306817025,7.353640416047548,7.7518573551263,1.81258562235391,0.6292240335397764,673
stflife,wellbeing,IL,-0.09340535282719097,0.015125602073022762,-0.11477783331318286,0.002802743884845859,7.1420118343195265,7.757988165680473,2.0657226746948947,0.6761841343624124,676
stflife,wellbeing,IS,-0.01904494215908548,0.6205787295548421,0.011571958714741383,0.7635900776627738,7.792035398230088,7.94660766961652,1.7677886741298425,0.3259056184572097,678
stflife,wellbeing,IT,0.09129919644339438,0.018264942164279225,0.10685428589167822,0.005701543123285559,6.763473053892215,7.7040419161676645,1.8676720842442667,0.643942000175269,668
stflife,wellbeing,LT,0.051425867866221234,0.1846646128754219,0.11937537486544499,0.0020130750710067886,7.077961019490255,7.499100449775112,2.119530950925627,0.9690553434471434,667
stflife,wellbeing,LV,-0.007354312589994125,0.8490793680517621,0.01219878143124306,0.7522669860376348,6.293154761904762,7.543154761904762,2.2770966532546284,0.8455621961617529,672
stflife,wellbeing,ME,0.04102268368920909,0.2857760559647417,0.04311108720235505,0.26193708120020487,6.1737849779086895,7.674226804123712,2.1845169074395026,0.6261025308705318,679
stflife,wellbeing,NL,-0.007460312753576644,0.8465924159048275,0.003172424192585816,0.9344324539811203,7.942222222222222,7.8176296296296295,1.2209512919723464,0.6861497611088587,675
stflife,wellbeing,NO,0.011477236906540787,0.7647954119355198,0.037393449843706114,0.32951835439658494,7.750733137829912,7.9127565982404695,1.6859202001689948,0.38465236435358313,682
stflife,wellbeing,PL,-0.03131744433592502,0.41521279663075594,0.028649134784927685,0.45608674574928204,7.294550810014727,7.430780559646539,2.010697731081767,1.0342559538279654,679
stflife,wellbeing,PT,0.0381275272338216,0.3201058746212406,0.019917657177787255,0.6035867307758159,6.524926686217009,7.575513196480938,2.040729277931452,0.829752427013002,682
stflife,wellbeing,RS,-0.005705916336383996,0.8828009961023893,0.014183055062116742,0.7140276765705885,6.6850746268656716,7.430298507462687,2.339800160831857,0.8740871303010977,670
stflife,wellbeing,SE,-0.017783362802105424,0.643669004317447,-0.031155884263981002,0.417624485183572,7.820324005891016,7.875257731958763,1.8046480175194086,0.4926065910391998,679
stflife,wellbeing,SI,0.0959989571284946,0.012325746868445822,0.08935394874982822,0.019873816617644008,7.543446244477172,7.648011782032401,1.919650109384537,0.7794132275064437,679
stflife,wellbeing,SK,0.04086534517315197,0.2897773251679249,0.09725088235145458,0.011596136324473198,6.341753343239227,7.409361069836553,2.235867231826528,0.9421282780764171,673
stflife,wellbeing,UA,0.09870602845682198,0.010176130917588622,0.07028134660567814,0.0676175502584127,5.0635155096011815,7.296159527326441,2.810132983725787,1.0200432282659089,677
stfeco,wellbeing,AT,0.030083571334750692,0.43725712047306403,0.019329139520600044,0.617736733006572,5.394618834080718,6.318385650224215,2.1541703836096144,1.1768626823920239,669
stfeco,wellbeing,BE,-0.01152958906790542,0.7645993557034526,-0.024696299918500888,0.5212050651887868,5.197932053175776,6.355982274741507,2.0717446499954293,0.9724064821612697,677
stfeco,wellbeing,BG,0.04872828323401142,0.21052539434349643,0.030278626872651586,0.43671302082506025,3.095166163141994,5.4410876132930515,2.067325419448329,1.414856560794215,662
stfeco,wellbeing,CH,0.04006852972274791,0.299653005063205,0.0065071813403629825,0.8662897230152256,6.842261904761905,6.668154761904762,1.7771860080364688,0.896256922314669,672
stfeco,wellbeing,CY,0.016529956063788744,0.668145804030266,0.02329831903866926,0.5456653372123199,3.582222222222222,6.042962962962963,2.3053886901905623,1.2503732819936422,675
stfeco,wellbeing,DE,0.04151257152739087,0.2800567986928916,0.048285329388737766,0.2088927318300525,4.833578792341679,6.350515463917525,2.2876461874511103,1.2208714183077392,679
stfeco,wellbeing,EE,0.0008177978768706437,0.9830800232017101,-0.017088788492502217,0.6576288719020729,3.974814814814815,6.423703703703704,2.2382471985988026,0.9750756957154589,675
stfeco,wellbeing,ES,0.08362703367226745,0.029698505613127906,0.07948364724517222,0.038826612036302194,4.215976331360947,6.034023668639053,2.231912468621275,1.3019742590738181,676
stfeco,wellbeing,FI,-0.02262238568573468,0.5565055778241383,-0.06263705819707654,0.10319415794514697,5.653392330383481,6.471976401179941,1.9337426678657494,0.9820903997884314,678
stfeco,wellbeing,FR,-0.014741145576921157,0.7035090646413948,0.0022877488513646047,0.9529026275736769,3.672645739910314,6.053811659192825,2.1912009042429283,1.2149657964857805,669
stfeco,wellbeing,GB,-0.07101665227886826,0.06639739379014328,-0.07600000434380924,0.04942475639130811,3.1494768310911807,6.245142002989537,2.143452751040814,1.234361280874093,669
stfeco,wellbeing,GR,0.03286385018591953,0.3914996959975978,0.05821471030035973,0.12881684528262435,3.4824046920821115,5.563049853372434,2.0565745925639836,1.276575848768037,682
stfeco,wellbeing,HR,0.002595216276856705,0.9467821966080454,-0.011504255625492484,0.7673101369109162,3.7966867469879517,5.793674698795181,2.2077447358714926,1.3546932184227665,664
stfeco,wellbeing,HU,-0.10982474838956292,0.0043096079407529955,-0.11106400621885433,0.003889670955301957,4.253709198813056,5.578635014836795,2.5399090104921958,1.4006644274615143,674
stfeco,wellbeing,IE,0.03838016144303952,0.3176207814031336,0.030184622794347245,0.43195560661108034,5.232352941176471,6.322058823529412,2.327807262192834,1.0569004044234651,680
stfeco,wellbeing,IL,-0.027197757824011258,0.4831589692692219,-0.015549392270031423,0.6885269328130222,4.6566716641679164,6.281859070464767,2.4782470468189297,1.146224049521138,667
stfeco,wellbeing,IS,-0.009766354907323286,0.8002027447655544,-0.011880740174150445,0.7581734197149717,4.471810089020772,6.661721068249258,2.291519474771305,0.891492232459797,674
stfeco,wellbeing,IT,-0.004645565194325238,0.9042510494325415,-0.00656848312291404,0.8649423010680991,4.1515601783060925,5.912778603268945,2.131307467390552,1.36820295331002,673
stfeco,wellbeing,LT,-0.025695830691169257,0.5044781831321093,-0.029458037078129558,0.4441376231869835,4.531757754800591,5.870014771048744,2.461708890816285,1.244253833963066,677
stfeco,wellbeing,LV,-0.040628452739395075,0.2969446304729012,-0.05528040228622078,0.15570948871953738,3.5552193645990924,5.850226928895613,2.1402472574490976,1.307421975168126,661
stfeco,wellbeing,ME,0.009202944173089391,0.8105444617933898,0.01208336194224905,0.7529443862176931,4.34654919236417,6.2452276064610865,2.4138736231485765,1.133738603108291,681
stfeco,wellbeing,NL,-0.010801818888327638,0.7785823522121619,-0.01927422729658569,0.6158558646113929,5.810294117647059,6.520588235294118,1.8755570370110568,1.006394697300158,680
stfeco,wellbeing,NO,0.0033984741500777418,0.9296160555664191,0.009641041764541492,0.8021386726176025,5.727138643067847,6.754424778761062,2.202630577470673,0.8028399790740255,678
stfeco,wellbeing,PL,-0.046064298239728685,0.24271036336907978,-0.05520946715877872,0.16136511021454913,5.2263565891472865,5.852713178294573,2.0570104105639504,1.351906723381306,645
stfeco,wellbeing,PT,-0.052607509823770555,0.17315151256098682,-0.06100346547868775,0.11412561488901883,3.7723214285714284,5.909226190476191,2.162602195089243,1.2167869526975192,672
stfeco,wellbeing,RS,-0.17201281505101815,8.835224394414006e-06,-0.1607081737222303,3.356398641567041e-05,4.1454545454545455,5.356060606060606,2.669457545401615,1.4117036047419846,660
stfeco,wellbeing,SE,0.023819745285841958,0.5367099611080549,-0.014128239178768648,0.7140663336893754,4.823703703703703,6.689629629629629,1.9753753881092289,0.8692124470188708,675
stfeco,wellbeing,SI,0.016765611124286532,0.6662968584419392,0.017353272314158535,0.6553418218031916,5.25,6.082831325301205,2.1957383651805586,1.2394010845682724,664
stfeco,wellbeing,SK,0.05445500217281807,0.16071751048571475,0.04449945951657555,0.25181881886199153,3.669172932330827,5.613533834586466,2.4001813577037563,1.4054959868706567,665
stfeco,wellbeing,UA,-0.026052960919342297,0.5082795170976436,-0.025039137818254932,0.5249273329034594,2.6584234930448223,4.168469860896445,2.440471326845739,1.5281855452211084,647
stfgov,wellbeing,AT,0.008322118769426274,0.8297562538082819,0.03230977994751249,0.40373218559384505,3.9955223880597015,6.7567164179104475,2.5695080366327225,1.1373169959850056,670
stfgov,wellbeing,BE,-0.05429985939945042,0.16159851175592954,-0.04094135948887805,0.2914114750005876,4.382882882882883,6.882882882882883,2.1796615812596563,0.9228632014110183,666
stfgov,wellbeing,BG,0.09810616679680806,0.011241876227833692,0.09656754401692397,0.012590665566917751,2.7241379310344827,5.914542728635682,2.159287983007148,1.5471221639833872,667
stfgov,wellbeing,CH,-0.024189296174464435,0.5340992412842593,-0.02056269292333751,0.5971376602303161,6.619909502262443,7.165158371040724,1.7572539319989826,0.8130963146360237,663
stfgov,wellbeing,CY,0.00031233910310779007,0.9936586487458555,0.00775914473864786,0.8434813804673287,4.003076923076923,6.4973846153846155,2.302940388214603,1.296484255011129,650
stfgov,wellbeing,DE,0.002532845818195923,0.9479418670244187,-0.04924443095208162,0.20401739615886152,3.9610194902548725,6.9032983508245875,2.4607997267992685,0.9601776171619383,667
stfgov,wellbeing,EE,-0.043807392365836605,0.26180805311348015,-0.025303527412568534,0.5170216050781572,3.559270516717325,6.928571428571429,2.2762717688523737,0.8198849616217766,658
stfgov,wellbeing,ES,-0.04564590144870587,0.24050697996179715,-0.04191559024283542,0.28116201420536335,3.742081447963801,6.571644042232277,2.6253746467223076,1.1880236374470334,663
stfgov,wellbeing,FI,-0.005892022500657259,0.8790072982771457,0.013266758897154425,0.7317674341373199,4.898507462686567,7.048208955223881,2.3533516179614686,0.8216364606456342,670
stfgov,wellbeing,FR,-0.03796464734900097,0.3272153399917843,0.006802984668495043,0.860686298278883,3.7964071856287425,6.684131736526946,2.403867254442261,1.0507024825122475,668
stfgov,wellbeing,GB,0.024944360602112282,0.5214091325974718,0.01170798442036269,0.7634847762689954,2.966817496229261,6.697586726998492,2.4399959093488333,1.0261800655014814,663
stfgov,wellbeing,GR,-0.007274032561681691,0.8498286282991128,-0.007788021954586812,0.8393568581904085,3.651470588235294,6.125,2.3135633023050937,1.433028760552777,680
stfgov,wellbeing,HR,-0.06462408517768538,0.09664700028937673,-0.04761357294523116,0.22116146324656438,3.3987915407854983,6.206948640483383,2.5299175188915335,1.4956558558415523,662
stfgov,wellbeing,HU,-0.0860143717075917,0.02587624986814065,-0.09366103492361559,0.015225191180211043,4.472429210134128,5.868852459016393,2.787295254614987,1.5590175898184557,671
stfgov,wellbeing,IE,-0.02918507282337591,0.4524378632658883,-0.04292014129598639,0.269058101886646,4.992481203007519,6.700751879699248,2.3365103748860943,1.0931396311096933,665
stfgov,wellbeing,IL,0.021484998950352073,0.5854077439440833,0.04691117004618536,0.23342191327807388,3.891808346213292,6.387171561051004,2.8816776224741574,1.3026904310181047,647
stfgov,wellbeing,IS,0.031124235213171498,0.42365699755104436,0.02860290820029964,0.46218673688520706,4.184012066365008,7.163650075414782,2.4013938952903096,0.8798636659854148,663
stfgov,wellbeing,IT,0.0499632287535145,0.20192597390691253,0.056767983402723515,0.14701835240592787,4.327217125382263,6.458715596330276,2.2493747762148626,1.2377332694900909,654
stfgov,wellbeing,LT,0.04844105715263567,0.21638037846996638,0.04633964341323028,0.2369980383181236,3.9050535987748853,6.391271056661562,2.550746709847454,1.318974460456246,653
stfgov,wellbeing,LV,-0.10555661353684297,0.0074321568895453945,-0.10636741114372049,0.006985984384760962,3.1697819314641746,6.3244548286604365,2.280793362211552,1.3612110667193296,642
stfgov,wellbeing,ME,0.0623735826280726,0.10885499398095735,0.061882939356615874,0.11167165144829345,4.682779456193353,6.779456193353474,2.440016767197853,1.0903236928839786,662
stfgov,wellbeing,NL,0.06893772947413752,0.07520910303219591,0.06446834096349932,0.09619451623372886,4.5952023988006,7.007496251874063,2.005512166645919,0.9016688887257008,667
stfgov,wellbeing,NO,0.00791138186739838,0.8374424482259872,0.02777897324196132,0.4712047125838495,4.797037037037037,7.234148148148148,2.1650015159135854,0.8556804302957243,675
stfgov,wellbeing,PL,-0.06467906715057789,0.11170247602749636,-0.04609059397560986,0.25726685115435355,4.496699669966997,6.229372937293729,2.766832302588019,1.4597164684026496,606
stfgov,wellbeing,PT,-0.04722460525176803,0.22391009486479216,-0.02099123657712265,0.5889524857786328,3.5909774436090225,6.475187969924812,2.3163724056114976,1.3182229512691128,665
stfgov,wellbeing,RS,-0.09078035746786303,0.02246696436032788,-0.08874201423153133,0.025686024935946034,4.375,5.85126582278481,3.1971969200848918,1.5438744495308099,632
stfgov,wellbeing,SE,0.004205716459553107,0.9141857277405913,-0.02899169650275425,0.4574883655860938,4.1896813353566005,7.084977238239757,2.177283182398015,0.8095565924509607,659
stfgov,wellbeing,SI,0.07161114076736794,0.0670120893878096,0.11112236132769697,0.004408601107607138,4.2870229007633585,6.598473282442748,2.4934285787759,1.2287325169829262,655
stfgov,wellbeing,SK,0.06102001751010358,0.11732037383658382,0.06595690098919572,0.09043730888188035,4.165151515151515,5.928787878787879,2.785448445449799,1.5334673289699574,660
stfgov,wellbeing,UA,-0.009920256045841519,0.7996515004776917,-0.002996493550769929,0.9388939705950448,2.5509893455098935,5.165601217656013,2.5562399313790074,1.6980631844943523,657
stfhlth,wellbeing,AT,-0.006283485699316874,0.8703681257560426,0.032053654582539955,0.40502298832058314,6.5243722304283605,7.394830132939439,2.339159769935966,0.7009628895895895,677
stfhlth,wellbeing,BE,0.014044131912418203,0.7144843973532861,0.0322785001078109,0.40034194466238987,7.2569750367107195,7.366079295154186,1.7665309010532246,0.5415479335121381,681
stfhlth,wellbeing,BG,-0.0060684950606848835,0.8748584373068414,0.023211119159474748,0.5468723768617264,3.871301775147929,6.903846153846154,2.371373489941398,0.9126680464237603,676
stfhlth,wellbeing,CH,0.030919866806210963,0.42116240070001265,0.03197838772215083,0.4054324229508711,6.8100147275405005,7.7139911634757,1.971213146318621,0.5542768601339161,679
stfhlth,wellbeing,CY,0.04664160938646106,0.22551410771159208,0.07583147464586164,0.04857874526756069,5.729689807976366,7.285081240768094,2.295330104419396,0.6655950317939234,677
stfhlth,wellbeing,DE,-0.006790043738411344,0.8602267124487388,0.0006844784858513088,0.9858380416246038,5.25037037037037,7.405185185185185,2.359615534558728,0.5534245313919214,675
stfhlth,wellbeing,EE,0.02158251319837992,0.5750785702791537,-0.0004698734207285464,0.9902635368991319,5.760709010339734,7.4265878877400295,2.15427017106339,0.5570173873884694,677
stfhlth,wellbeing,ES,-0.06720344099058574,0.07924558779988145,-0.0648379815502355,0.0904228593831186,5.619326500732065,7.28696925329429,2.517104213571613,0.5624543335706234,683
stfhlth,wellbeing,FI,-0.0012664347009985978,0.9738006102131866,0.006045319591401695,0.8754242735133412,6.411851851851852,7.672592592592593,2.033657879219353,0.5649807157274148,675
stfhlth,wellbeing,FR,-0.029004616499476867,0.4508493252987235,-0.007225720783614944,0.8510320820397019,5.367256637168142,7.211061946902656,2.414124212312686,0.6804150217109493,678
stfhlth,wellbeing,GB,0.014333038552622607,0.7103130368324445,0.0007162972193834941,0.9851908028940939,4.814540059347181,7.235905044510385,2.5099556620754364,0.5984019058256443,674
stfhlth,wellbeing,GR,-0.012854351838816143,0.7375563531796965,-0.03778440883841812,0.32448335477151485,3.3929618768328447,6.9582111436950145,1.9928971587068383,0.7050885090349575,682
stfhlth,wellbeing,HR,0.018907617090504564,0.6233583394675821,0.01854815131855365,0.6299777939401842,5.451994091580502,7.146971935007386,2.6215114344874544,0.6573731709596776,677
stfhlth,wellbeing,HU,-0.017675441062751655,0.6483798321896692,-0.04165572763669299,0.28234269128216644,3.5763473053892216,7.017964071856287,2.4874817885390774,0.7814226359906445,668
stfhlth,wellbeing,IE,-0.02169906931374835,0.5727312607975895,-0.0182534375281751,0.6351766041708009,4.492625368731564,7.291297935103245,2.422037890567293,0.5844092799781103,678
stfhlth,wellbeing,IL,-0.023504817359632283,0.5439173828439693,-0.04550828557910633,0.2398022500098528,6.521674140508221,7.280418535127056,1.889513974894418,0.5550172393208701,669
stfhlth,wellbeing,IS,0.11570620272851544,0.002606623344164097,0.09290179312226027,0.015760751075104867,5.37037037037037,7.948888888888889,2.089754364694273,0.48338363938892503,675
stfhlth,wellbeing,IT,-0.015691572125390314,0.6840458482943714,-0.027959058311808133,0.4683335833702149,5.068148148148148,7.268592592592593,2.0994789466569475,0.5654416657738622,675
stfhlth,wellbeing,LT,-0.03715619551926692,0.3343834759301248,-0.04888759566987252,0.20393279783665377,4.378138847858198,7.167799113737076,2.349995736792149,0.6786233243779246,677
stfhlth,wellbeing,LV,-0.12349681092327953,0.0013603451168415007,-0.11370755096196127,0.003205462224838912,4.092537313432836,7.181343283582089,2.5050808419618065,0.5954696819065766,670
stfhlth,wellbeing,ME,0.021071364335406198,0.5852839411903784,0.009617528583832517,0.8033281220764126,4.811292719167905,7.21812778603269,2.314239749476495,0.5615651504235639,673
stfhlth,wellbeing,NL,-0.027539595331016548,0.4760227540211024,-0.04457835344612113,0.2484897847587556,6.604166666666667,7.615625,1.7869823756626593,0.6463539117887737,672
stfhlth,wellbeing,NO,0.05311447847510787,0.1671433901657452,0.08518462683072164,0.02655386942139284,7.078171091445427,7.915191740412979,1.86978499074099,0.46099488629503454,678
stfhlth,wellbeing,PL,-0.07914811405432091,0.04085329440073127,-0.06857905421919275,0.07652088833561002,4.1706586826347305,7.0772455089820365,2.296775952369271,0.6722092419569254,668
stfhlth,wellbeing,PT,0.04779959323922238,0.21487290206682227,0.06504801735289008,0.09128585584466127,3.834074074074074,7.277777777777778,2.5156531607845753,0.6182998929853356,675
stfhlth,wellbeing,RS,-0.031216661787390403,0.4205302813515506,-0.06221430296448592,0.10816037529206307,4.244011976047904,6.869760479041916,2.8064035920187314,0.8260826449253408,668
stfhlth,wellbeing,SE,0.09179847669540361,0.01746696881581418,0.07068203953452312,0.06748500509323592,5.667164179104478,7.8552238805970145,2.0801494757505576,0.5222360747923441,670
stfhlth,wellbeing,SI,-0.009762671276790634,0.8001310015884946,-0.007510420107136972,0.845574941544172,4.739259259259259,7.345185185185185,2.4998841604110837,0.6229677366984098,675
stfhlth,wellbeing,SK,0.022732806492686154,0.5563439581924846,0.045097188012589266,0.24302049554056895,3.8482142857142856,7.073809523809524,2.4846826906545303,0.7052274977447573,672
stfhlth,wellbeing,UA,0.026601139257045034,0.49773502229080036,0.024736695551403346,0.5283554459997704,4.25,6.008128834355828,2.598076211353316,1.4108134710311206,652
stfedu,wellbeing,AT,-0.010287789600817877,0.794891139507425,0.015246652861133383,0.7000274742104224,6.215288611544461,7.553822152886116,2.3252319009371356,0.6810987627143239,641
stfedu,wellbeing,BE,-0.0011583887045414304,0.9761601247786259,0.02072120850708165,0.5929206517344344,5.763473053892215,7.575598802395209,2.0218553766751866,0.6755887659132949,668
stfedu,wellbeing,BG,0.04238141068855532,0.2885613115397558,0.07604648068939011,0.056623833867740885,4.030206677265501,7.182034976152623,2.3125337226434097,1.0161177172627345,629
stfedu,wellbeing,CH,0.002889584117631183,0.9423421547306331,-0.03386893457987088,0.3964478540949897,6.68362480127186,7.736883942766296,1.9434854989115455,0.606761651291035,629
stfedu,wellbeing,CY,0.010499508278225624,0.7904471678579785,0.008851693618174802,0.82273864150702,4.671850699844479,7.426905132192846,2.2574765009030706,0.8265121525652878,643
stfedu,wellbeing,DE,-0.050079131604945065,0.1961089213967447,-0.042273213175741516,0.2752631629841675,4.291916167664671,7.539670658682635,2.2723408095135715,0.5893847674612126,668
stfedu,wellbeing,EE,0.010555366264260008,0.7861737165766245,0.021525414107719888,0.5800775031429043,6.411764705882353,7.6968325791855206,2.2220361077602924,0.5322859390126026,663
stfedu,wellbeing,ES,0.004828003154594489,0.9010280009875756,-0.007737091536714436,0.8420289901886729,5.016516516516517,7.572072072072072,2.3178997228721316,0.5653404597225544,666
stfedu,wellbeing,FI,-0.0012842557703671193,0.9733729001803241,0.027723920532198302,0.47109784208088434,7.228613569321534,7.709439528023599,1.7484176837871324,0.633575102624508,678
stfedu,wellbeing,FR,0.05835554056755216,0.13246984493034694,0.05875284699786305,0.12984999536364403,4.57957957957958,7.484984984984985,2.1353742016039274,0.6310867221721828,666
stfedu,wellbeing,GB,-0.017021764584806167,0.6685631378456643,-0.036626633715543734,0.3568140760947991,5.292913385826772,7.294488188976378,2.2708959967671,0.8273048376618133,635
stfedu,wellbeing,GR,-0.0352052547584651,0.3716754465439273,-0.026012905429294762,0.5092608836209851,3.818885448916409,7.286377708978328,2.039079286650056,0.7665690438409368,646
stfedu,wellbeing,HR,-0.08935500668392479,0.022604887756769228,-0.06982774848871576,0.07501316955201434,5.846390168970814,7.3986175115207375,2.3093918669698046,0.7763908172884311,651
stfedu,wellbeing,HU,-0.007099983444729214,0.8600655616444763,0.018523544587014093,0.6455389217292741,4.050080775444265,7.223424878836834,2.48211971473062,0.8838631914455651,619
stfedu,wellbeing,IE,-0.08801899947322704,0.024494485286277345,-0.08247933025606036,0.03509861210040517,6.85145482388974,7.526799387442573,1.9716515133403305,0.6133497119931486,653
stfedu,wellbeing,IL,-0.010549617302464585,0.7869198063757744,-0.017595895911418986,0.6520749420543895,5.28072837632777,7.475720789074355,2.090310999962537,0.6208283668877471,659
stfedu,wellbeing,IS,0.03354426151493488,0.3892213612247288,0.020162067103781853,0.6048514052565143,6.3706505295007565,7.868381240544629,1.769347859776999,0.5806855508628426,661
stfedu,wellbeing,IT,0.01407091019867687,0.7196736407778063,-0.04172046337175445,0.28708414665594123,5.068912710566615,7.516845329249617,1.9760447760849942,0.6752807884266968,653
stfedu,wellbeing,LT,0.08727593869182168,0.02713606498028961,0.07812982254460414,0.04801321771593499,4.553822152886116,7.401716068642746,2.232009022063079,0.6929422237871065,641
stfedu,wellbeing,LV,0.044895501883149974,0.26982303758605225,0.05980399546018007,0.1414329543558742,3.985148514851485,7.303630363036303,2.2345396614443964,0.9182556344777396,606
stfedu,wellbeing,ME,-0.013738072868753509,0.7234222096066735,-0.0314747176778172,0.4173987734782488,4.2657657657657655,7.453453453453453,2.2424340492760475,0.6717243628413906,666
stfedu,wellbeing,NL,0.02149857595708303,0.5857534996383658,0.006524303791023214,0.8686471599814273,6.124031007751938,7.783720930232558,1.659752619157747,0.535362925847321,645
stfedu,wellbeing,NO,0.0280744697398487,0.46882754435859286,0.0022250365386697582,0.9542265752612271,7.341317365269461,7.8854790419161676,1.6564714040156816,0.4710337394158153,668
stfedu,wellbeing,PL,-0.10767433478012836,0.006441150567182936,-0.08764786583149604,0.026723759259947615,4.945226917057903,7.285602503912363,2.3724790091916304,0.7884625957816254,639
stfedu,wellbeing,PT,-0.041870855086269435,0.2913522617981692,-0.013200470875669782,0.7394929088320584,4.400313971742543,7.578492935635793,2.248311713629608,0.6516492782084846,637
stfedu,wellbeing,RS,-0.09522222781186762,0.015396524042301617,-0.0529565251917051,0.17851163124509734,4.961360123647604,7.213292117465224,2.876195135382422,0.8374604909952571,647
stfedu,wellbeing,SE,0.014237896647457508,0.7175341908676818,0.024701441865499166,0.5302150338578444,5.208333333333333,7.796296296296297,2.1094015647477184,0.5918183948953372,648
stfedu,wellbeing,SI,0.010659337857647588,0.7853984681230907,-0.0021437071225241205,0.9563303879636795,5.537404580152672,7.5564885496183205,2.3182673021195916,0.6878254566484453,655
stfedu,wellbeing,SK,0.028269877209957595,0.47840834865100884,0.017675722501579387,0.6576476019565146,5.166402535657686,7.309825673534073,2.39229176624648,0.7033695328351774,631
stfedu,wellbeing,UA,-0.047996223095757684,0.24521932079155298,-0.051639995427995376,0.21116328876166082,4.4812925170068025,6.496598639455782,2.651473897497231,1.2989926625823485,588
imueclt,immigration,AT,0.0024484114873189466,0.9495616052010802,0.007924830482291317,0.8377679742267634,4.901492537313433,7.4350746268656716,2.522099188392027,1.1413060898965983,670
imueclt,immigration,BE,-0.014613134988827927,0.7042868613598059,-0.015786453556824592,0.6817929137850188,6.2008862629246675,7.568685376661743,2.209005060063905,0.8863328895524581,677
imueclt,immigration,BG,0.0226597636181285,0.5668795591221345,0.04597846521976398,0.24506308498314994,4.421216848673947,7.218408736349454,2.951236883404258,1.3792110385737046,641
imueclt,immigration,CH,0.01264144649206983,0.7432179434977737,0.011247175718254409,0.7706988517136506,6.373887240356083,7.507418397626113,2.230339367240178,1.0608968338827536,674
imueclt,immigration,CY,-0.017573727322354418,0.6492890547356494,-0.07011247917419453,0.06931283904673885,3.5967261904761907,7.369791666666667,2.593616144659924,1.3335947916462523,672
imueclt,immigration,DE,0.07670597547948509,0.04587297958611926,0.06840154932948682,0.07509761466379454,5.908554572271386,7.537610619469026,2.37550597377359,0.8741241061961931,678
imueclt,immigration,EE,-0.035964018862083426,0.35336893541960007,-0.039384117598541685,0.3094399550552157,5.538922155688622,7.457335329341317,2.3469614231953537,1.0593582799726766,668
imueclt,immigration,ES,0.0361401482090111,0.3502920749150046,0.02245928018017017,0.5616909362631468,6.601492537313433,7.626865671641791,2.387873733639764,0.8898333075707234,670
imueclt,immigration,FI,-0.08540286193699491,0.025946818242383554,-0.07594273430225608,0.04775297460367928,7.325,7.593382352941177,2.0267631281464884,0.9200917388693072,680
imueclt,immigration,FR,0.04170236678970804,0.27857348638768453,-0.012695259396910767,0.7416087711452332,5.595273264401772,7.523633677991137,2.6843577335162117,1.076663334852448,677
imueclt,immigration,GB,0.0681521741417212,0.08228816357218657,0.07762999244588874,0.047716105730622585,6.439324116743472,7.540706605222734,2.5577494021145792,1.0710679608988385,651
imueclt,immigration,GR,0.007743723563810047,0.8409577135935209,0.012082160109845247,0.7542044480875733,4.074183976261128,7.492581602373887,2.102955820162572,1.0375297185180419,674
imueclt,immigration,HR,0.056802518069957876,0.14280281312703608,0.018434100047249713,0.6346210572718908,4.995502248875562,7.377811094452774,2.717142363355789,1.2368173363194226,667
imueclt,immigration,HU,0.01518310144162029,0.6965840995091164,0.03816913012650781,0.3268054828735508,3.8157099697885197,7.230362537764351,2.4313623483258477,1.3361718032244685,662
imueclt,immigration,IE,0.04173208782140198,0.27894444961323883,-0.0022994044357776515,0.9524506158808201,6.148148148148148,7.482962962962963,2.618464787145523,1.1364960428011972,675
imueclt,immigration,IL,0.048668456005473475,0.21706898031323224,0.060029710775363246,0.12776320530674173,5.0124031007751935,7.568992248062015,2.585164547544038,0.9064810167845467,645
imueclt,immigration,IS,-0.011928482610933266,0.7568822011485516,0.021879227526331417,0.5701197724470888,7.060650887573964,7.666420118343195,2.1508011646341934,0.9137044961047637,676
imueclt,immigration,IT,0.098159313050137,0.011697053953353392,0.10970532723966478,0.0048111642686654,4.898330804248862,7.573596358118361,2.5800815719193575,1.013720896337156,659
imueclt,immigration,LT,-0.019369322305106955,0.6223392593226097,-0.0027490060176257685,0.9442753457241497,5.00924499229584,7.3289676425269645,2.566986671383198,1.1941313596913414,649
imueclt,immigration,LV,0.019200784092896796,0.6229752981672745,-0.016002654403450202,0.6819981481745635,4.562310030395137,7.21048632218845,2.5517312262005216,1.2774222786122154,658
imueclt,immigration,ME,-0.021243954051241108,0.5841904361264018,0.004190174148640532,0.9140487892431609,5.154654654654655,7.301801801801802,2.130011320726233,1.1992089108183872,666
imueclt,immigration,NL,0.012040466659316785,0.755025488261179,0.020818926347067394,0.5895101711858597,6.228486646884273,7.675074183976261,2.1094892998216754,0.8505231728730607,674
imueclt,immigration,NO,-0.028890764994130822,0.45029681476068045,-0.0020918210232626303,0.9564186856300487,6.356204379562044,7.58978102189781,2.2442539140397075,0.9787422313802844,685
imueclt,immigration,PL,0.08105897402114783,0.03912819825803364,0.03866245904799073,0.32577836858874987,5.540123456790123,7.234567901234568,2.3155134328452838,1.2837985073359206,648
imueclt,immigration,PT,0.01682201947071439,0.669554503200337,0.009814022522039351,0.8033907138356664,5.705882352941177,7.527863777089784,2.22812106578887,1.0876319857623296,646
imueclt,immigration,RS,0.04248425863871015,0.28932342561811114,0.04482415809652074,0.26355673184696493,4.8173076923076925,7.248397435897436,3.0802985713727633,1.2672554724606149,624
imueclt,immigration,SE,0.11165669574833137,0.0036767944744779835,0.06655605561489532,0.08400824115305768,6.954074074074074,7.674074074074074,2.156893680872559,0.8064063744761024,675
imueclt,immigration,SI,0.03950033057788567,0.3098376764969062,0.06104877668192625,0.11631495153506367,5.357466063348416,7.493212669683258,2.600337110084424,1.1045904334640346,663
imueclt,immigration,SK,-0.004986931025372706,0.8983252652417122,-0.05432966915149265,0.16359623553524139,3.4127465857359636,7.226100151745069,2.617376156826128,1.2224539805797334,659
imueclt,immigration,UA,0.055858321600256916,0.16008135437792725,0.0913907758281938,0.021366898478250566,5.233438485804417,6.965299684542587,2.8604872330199376,1.5338397712970344,634
imwbcnt,immigration,AT,0.07487921947153074,0.05544015469887331,0.07345297518699746,0.06026805511619118,4.438167938931298,5.796946564885496,2.389850417416318,2.1897711514943934,655
imwbcnt,immigration,BE,0.04088822618142883,0.2924025885058288,0.007460173253135358,0.8477260215001323,5.4451127819548875,6.195488721804511,2.037393879467689,1.9187511885971802,665
imwbcnt,immigration,BG,0.034808828412061,0.37894834267966576,0.02379343140700295,0.5476329226587802,3.9703588143525743,5.114664586583463,2.826337298926137,2.432791013195452,641
imwbcnt,immigration,CH,-0.0001634256930146095,0.9966513744460797,-0.016028697473134887,0.6805921730634196,5.787009063444109,6.089123867069486,1.864132460550346,2.152907365358945,662
imwbcnt,immigration,CY,0.08709195781862716,0.023960016714472687,0.10097053777534364,0.008811578080255596,3.7976190476190474,5.852678571428571,2.4593494440083035,2.35152713121488,672
imwbcnt,immigration,DE,0.01835503261950448,0.6365831867527585,0.02660422029782029,0.49341374237618896,5.3578947368421055,5.772932330827068,2.2796972732311804,2.0530291981572684,665
imwbcnt,immigration,EE,0.0964293057172003,0.013550861492732264,0.09054843020957484,0.020463485080665086,4.883969465648855,6.070992366412214,2.10183467234983,2.1191383826100454,655
imwbcnt,immigration,ES,0.0435236481524991,0.2627378134066355,0.05507679176357736,0.15629830447311643,5.920180722891566,6.090361445783133,2.356202167699703,2.055995284829551,664
imwbcnt,immigration,FI,0.0826813762269181,0.03172787428740777,0.0724935322574383,0.05977851277965494,6.0814814814814815,6.202962962962963,2.0830382250597603,2.0747149795576028,675
imwbcnt,immigration,FR,0.12887168611723804,0.0009055273528623246,0.12174169393518723,0.001728326641551103,5.162121212121212,5.707575757575758,2.204854979008098,2.1217001947868614,660
imwbcnt,immigration,GB,0.08077412603483765,0.04028826761981468,0.09131601410267047,0.020368567579412383,6.173643410852713,6.017054263565892,2.5829565424094776,1.9729586522084503,645
imwbcnt,immigration,GR,0.0687550787704766,0.07732329998662026,0.0847421451503223,0.029368095167118396,4.1694402420574885,5.91981845688351,2.1634087485884472,2.128717916256675,661
imwbcnt,immigration,HR,0.013283602461735267,0.7329923656560402,0.034802216549054084,0.3713126005440692,4.913897280966768,5.365558912386707,2.524941288397898,2.293031851702779,662
imwbcnt,immigration,HU,0.08495413113794896,0.029331762095599432,0.09157608691446047,0.018796765906418798,3.8267477203647418,4.98936170212766,2.2358124453764963,2.4103169713666253,658
imwbcnt,immigration,IE,0.10730055747162594,0.0057546451299595874,0.1090873761964029,0.004989628951802306,6.092284417549168,6.142965204236006,2.5564448119526952,2.0093492796363948,661
imwbcnt,immigration,IL,-0.0008753025252004144,0.9822851702698943,-0.020076618636496277,0.6105131830609426,4.753869969040248,6.091331269349845,2.484015667689981,2.1237349924125315,646
imwbcnt,immigration,IS,0.006498212510793786,0.8672650155164989,0.008787720446169827,0.8211847582817591,7.019578313253012,6.908132530120482,2.0220300575004964,1.744154678343338,664
imwbcnt,immigration,IT,0.07271827001970677,0.061690096385998705,0.054236972057426364,0.16367596357774056,4.57034795763994,5.859304084720121,2.359371648492821,2.24348054805777,661
imwbcnt,immigration,LT,0.02883060771645906,0.4662100004851027,0.02646934742500816,0.5035212859883615,5.227769110764431,5.737909516380655,2.312583008587338,2.2325604690690737,641
imwbcnt,immigration,LV,0.012645714059422079,0.7506402166968557,0.027115642004414922,0.4955346780318553,4.394321766561514,5.39589905362776,2.4672962215992396,2.3303849587878056,634
imwbcnt,immigration,ME,-0.059521653536503474,0.12924045932987357,-0.05297646306404732,0.17700665564853438,4.714285714285714,5.82642089093702,2.269821118962442,2.269322352487931,651
imwbcnt,immigration,NL,0.01481342683791368,0.7014869359323272,-0.004650026182220261,0.9042306986064685,5.507440476190476,6.3132440476190474,1.8841098803310343,1.8787033483766076,672
imwbcnt,immigration,NO,0.048003620858509025,0.21360126894184603,0.011617043968859776,0.7635501545544812,6.237741456166419,6.471768202080238,1.9910369722137964,1.8919722308692177,673
imwbcnt,immigration,PL,0.04921485347922223,0.2148131250365202,0.038911810329109314,0.3268235090994503,5.5117739403453685,5.2032967032967035,2.0798379591300056,2.2691959194719686,637
imwbcnt,immigration,PT,0.08577603276797059,0.027441018083229452,0.08500771196740373,0.028862332742405773,4.636913767019667,5.786686838124054,2.1365716322001242,2.3628830759411112,661
imwbcnt,immigration,RS,0.04433557966684972,0.27190529715671646,0.04169395753613001,0.3015270280593566,4.7938311688311686,5.095779220779221,2.936957265811981,2.3996439525781232,616
imwbcnt,immigration,SE,0.0735672150830368,0.0571923644873869,0.08206398141539234,0.033821048414413295,6.354260089686099,6.255605381165919,2.1322447333528043,1.893611810365111,669
imwbcnt,immigration,SI,0.044162003583911424,0.25796244747939523,0.055434836989115784,0.15549826504140601,4.958966565349544,5.642857142857143,2.3602144013181094,2.2832429834377463,658
imwbcnt,immigration,SK,0.11605586476266473,0.0028904635493640857,0.09602403496574524,0.013805135456016122,3.3607305936073057,4.878234398782344,2.335929219620716,2.3046409804201593,657
imwbcnt,immigration,UA,0.0036150793531520603,0.9287092236328529,0.023777542664111737,0.5561648822949468,5.351219512195122,5.315447154471545,2.8336440165708834,2.3631271902537976,615
imbgeco,immigration,AT,0.02731965616166097,0.4838511142438404,-0.011145793560846056,0.775192708961903,5.611532625189682,7.033383915022762,2.484771965480643,0.9301318286386373,659
imbgeco,immigration,BE,0.028902861509745355,0.453445517481374,0.009802183213815287,0.79933928370167,5.608888888888889,7.133333333333334,2.1981738666834634,0.9387788014128758,675
imbgeco,immigration,BG,-0.1094542841618972,0.005247800006323249,-0.06343458973849088,0.10641087869313923,3.9553158705701077,6.736517719568567,2.9047917416071067,1.3087694071846445,649
imbgeco,immigration,CH,-0.013391733325638104,0.7285613873295065,-0.0036123848098637717,0.9254196081199746,6.4792284866468846,7.072700296735905,1.9776647337523794,0.9808248382046302,674
imbgeco,immigration,CY,0.022406723705428958,0.5614389388647035,-0.02025591794259284,0.599616589454596,3.6943620178041545,6.923590504451038,2.620934855748942,1.2716563305975903,674
imbgeco,immigration,DE,0.0006435269343671592,0.9867846101292822,-0.004162527016240196,0.9146778541273994,6.06015037593985,7.105263157894737,2.268031491144446,0.8146175639667642,665
imbgeco,immigration,EE,-0.01837565115662322,0.636714271922728,-0.005505667613792472,0.8874766809106857,5.389140271493213,7.114630467571644,2.2919805713637036,0.8455392855930474,663
imbgeco,immigration,ES,0.02500320270583774,0.5185382831300585,0.00038572634359214635,0.9920546627093677,6.361733931240658,7.044843049327354,2.309982369168195,1.1442741525124358,669
imbgeco,immigration,FI,-0.010843068751879792,0.7787194675967373,-0.009733715894669296,0.8008564302751378,6.544510385756676,7.1246290801186944,2.085528103780953,0.8370428004185838,674
imbgeco,immigration,FR,-0.010988200111637893,0.7766500704546344,-0.011970816561945584,0.7572776858198239,5.367713004484305,6.985052316890882,2.4432304744013007,1.1332287368458924,669
imbgeco,immigration,GB,0.08263846470517552,0.034469034116322454,0.058313488749084354,0.13600523610177725,6.227480916030534,7.027480916030535,2.5272536929660983,0.9364397927744819,655
imbgeco,immigration,GR,-0.11627046020762077,0.0028812081603761777,-0.07389194673542777,0.058746396267655036,4.23206106870229,6.922137404580153,2.208797643493866,1.1619798876824738,655
imbgeco,immigration,HR,0.08104393457081521,0.0369534543239832,0.08540875958861746,0.027874975976543204,4.995475113122172,6.886877828054299,2.537032791610903,1.2464546926228157,663
imbgeco,immigration,HU,0.052031962939494206,0.18217756054628428,0.046681245065215246,0.23141124801219803,3.625189681335357,6.795144157814871,2.528987522606275,1.2519555896020742,659
imbgeco,immigration,IE,-0.08407786503244073,0.029670503667044296,-0.08315559781843161,0.0315136443650473,6.0,7.236173393124066,2.655916454930174,0.7307249741550433,669
imbgeco,immigration,IL,0.015800571646470404,0.6867077567359797,0.00520183214940163,0.8943712691698955,4.938837920489297,7.1681957186544345,2.678126907323441,0.8586988188430258,654
imbgeco,immigration,IS,-0.008148401282019206,0.8344928357530332,-0.028141334572883533,0.4704565128979771,6.766666666666667,7.263636363636364,2.1279506575603753,0.7351228286364857,660
imbgeco,immigration,IT,0.06931825410072782,0.07648671094737595,0.034053525967205574,0.3846002437436942,5.13302752293578,7.058103975535168,2.5147121791180957,1.0800941829287027,654
imbgeco,immigration,LT,0.11556472216765279,0.0032670460676451412,0.07328810780269196,0.06265584745554448,5.560371517027864,6.970588235294118,2.5642580596821425,1.002664030131101,646
imbgeco,immigration,LV,0.08552876483473226,0.030505716898772014,0.11273230919335518,0.004297467491776326,5.0078125,6.94921875,2.6309107943792434,1.1632072179477562,640
imbgeco,immigration,ME,0.0294422183590982,0.4494922569207103,0.03092052927051257,0.4270488226149858,4.285498489425982,7.0347432024169185,2.694489469829755,0.8664191582937283,662
imbgeco,immigration,NL,0.009019937620371598,0.8162702451222642,-0.030897304256702115,0.4259982105288019,5.761261261261262,7.142642642642643,1.9447405612155322,0.9155703665824015,666
imbgeco,immigration,NO,-0.025881650533945057,0.5036288055089067,-0.018132147709117127,0.6394262576124301,6.11044776119403,7.1805970149253735,2.006650700517868,0.9027012784954689,670
imbgeco,immigration,PL,-0.009759627102657292,0.8020921637951224,0.009272712312946421,0.8117762385620141,5.542296072507553,6.891238670694864,2.42849813508008,1.0822241234554193,662
imbgeco,immigration,PT,0.016926954282032163,0.6656810667045857,0.012662627993124953,0.7465284614163897,6.160550458715596,7.038226299694189,2.2144389745897324,1.2250851409657522,654
imbgeco,immigration,RS,0.02943357722259874,0.46443125006903385,-0.01748450127141099,0.6639143388712868,4.619354838709677,6.877419354838709,2.9997759049138844,1.1723000264986876,620
imbgeco,immigration,SE,-0.0071914225850427775,0.8538072331064548,0.014195175020702472,0.716059051114059,6.03793626707132,7.141122913505311,2.0635980887565735,0.8733434767228504,659
imbgeco,immigration,SI,0.05880431027268446,0.12980282893190725,0.01609907135662351,0.678579631936886,5.506766917293233,6.960902255639097,2.537733177864926,1.1320784400152288,665
imbgeco,immigration,SK,0.053429312780517324,0.17266712977311469,0.07714523822695094,0.04877888474322681,3.699846860643185,6.686064318529862,2.694908282550446,1.4003960796524182,653
imbgeco,immigration,UA,-0.015625277621230716,0.697093474221108,-0.01101723663859851,0.7837419370360184,6.126805778491172,6.741573033707865,2.7961222411796105,1.272636361797082,623
imsmetn,immigration,AT,0.0028276043880535407,0.9415022980838997,-0.00540192050869446,0.8885090612139528,2.048816568047337,2.789940828402367,0.7957191513243553,0.6136371199756852,676
imsmetn,immigration,BE,-0.03768090270406129,0.32795673999620095,-0.039303949551956444,0.30753605710519677,1.8831360946745561,2.826923076923077,0.7115634861234331,0.5897268670984711,676
imsmetn,immigration,BG,-0.00210727456093753,0.9566141989779049,-0.0009181868850105131,0.9810882940883228,2.2600896860986546,2.7354260089686098,1.0183528400875712,0.6725703707226612,669
imsmetn,immigration,CH,-0.004595523867347669,0.9055592060001096,-0.0122834883296751,0.7511444562350964,1.8460388639760836,2.8236173393124067,0.6579113237090359,0.5780242598441342,669
imsmetn,immigration,CY,-0.05403816804190938,0.16080316463756,-0.06715387330177157,0.08125617180694253,2.3674074074074074,2.785185185185185,0.8689184270590274,0.6233010759129183,675
imsmetn,immigration,DE,-0.04009910128824276,0.30182425508679367,-0.05352852333215097,0.1679676880305495,1.7593984962406015,2.77593984962406,0.6958393555503131,0.6395770411429778,665
imsmetn,immigration,EE,0.029125165982241595,0.44964124517178505,0.017468386858007286,0.6502808159579367,2.0502958579881656,2.8195266272189348,0.7121068800641306,0.5811639005392032,676
imsmetn,immigration,ES,-0.01635565251098416,0.672361112498867,-0.03184255909059015,0.4102180317250134,1.8926974664679583,2.8002980625931446,0.8179645447062829,0.6000496750425158,671
imsmetn,immigration,FI,-0.0461850077265274,0.23182872962195047,-0.038511260325508126,0.31884354584614943,1.931547619047619,2.855654761904762,0.676242787550554,0.5554210710595993,672
imsmetn,immigration,FR,-0.02545815069891104,0.5151053935143949,-0.01912359417892141,0.6249028842635348,1.951219512195122,2.8125,0.6994425527269968,0.6001749108919183,656
imsmetn,immigration,GB,-0.03835360468018854,0.3274233753291811,-0.05944622555079607,0.1288434296385686,1.9755351681957187,2.8425076452599387,0.7939362099686824,0.5290609547262831,654
imsmetn,immigration,GR,-0.012632933664951235,0.7422814259491111,0.010480056037148336,0.7850137803525843,2.0676470588235296,2.7852941176470587,0.9391565759078011,0.6360001819829013,680
imsmetn,immigration,HR,-0.04463357218429158,0.24614538202697123,-0.026786184368489247,0.48655870480473923,2.0,2.7193500738552436,0.9003615315938174,0.6994043471958649,677
imsmetn,immigration,HU,0.00690728936763044,0.8582575609092893,-0.015743223756655843,0.6839550252562827,2.8733233979135617,2.7600596125186287,0.882865491371537,0.6375906111964164,671
imsmetn,immigration,IE,-0.007886633425866924,0.8379439155232513,-0.005394952851625059,0.8887340879186534,2.08,2.8414814814814813,0.8644649809356623,0.5309955356964432,675
imsmetn,immigration,IL,0.01721583613470609,0.6578973619181452,0.01516835180321197,0.6964277881017301,1.8042168674698795,2.8855421686746987,1.1299756352710935,0.47454225752496326,664
imsmetn,immigration,IS,0.005215107232409046,0.8927388164612683,0.0015042076665335575,0.9689765995628108,1.602086438152012,2.865871833084948,0.6286173871147425,0.5407684760992953,671
imsmetn,immigration,IT,0.0058706734554929444,0.8787276159761032,0.008029267820187232,0.8346924821887001,2.1194690265486726,2.6607669616519174,0.8343821149870585,0.7472019704259888,678
imsmetn,immigration,LT,0.0628248319902837,0.10369856783805668,0.07987496841663988,0.03844772893612762,1.9181547619047619,2.837797619047619,0.7916276803894686,0.5717126471692049,672
imsmetn,immigration,LV,-0.01438865035371532,0.7134085708849314,-0.019001276212182103,0.6276466240496333,1.9051987767584098,2.7782874617737003,0.9713525438320089,0.6296060679927346,654
imsmetn,immigration,ME,-0.02074148300886757,0.5914489994795444,-0.019237186032536716,0.6186232426239122,2.2202380952380953,2.7738095238095237,0.8434942243812187,0.6409045484834984,672
imsmetn,immigration,NL,-0.08278352084430111,0.03202649004296139,-0.06835846490606125,0.07680985498862809,2.098360655737705,2.774962742175857,0.6927214304329424,0.6545128917564988,671
imsmetn,immigration,NO,-0.03784663426794634,0.3254733003008559,-0.03544658680938615,0.3571142712604944,1.672082717872969,2.8183161004431314,0.6192216475293267,0.5891686053200986,677
imsmetn,immigration,PL,-0.007307709469583991,0.8500243737201655,-0.02738982127638478,0.4784259799216326,2.2723214285714284,2.7514880952380953,0.7751401763248688,0.663615297927542,672
imsmetn,immigration,PT,0.0022772093049434703,0.9530140854340879,0.007170969757374012,0.852798381294943,2.3824404761904763,2.700892857142857,0.7993223635448731,0.7127531728260792,672
imsmetn,immigration,RS,-0.03699289711286813,0.3426775612844146,-0.042618716453236026,0.27425509553723854,1.8833333333333333,2.693939393939394,0.9349207903175173,0.7268696864542686,660
imsmetn,immigration,SE,0.059990106767471726,0.1208290277897163,0.05478485200597824,0.1566330484725968,1.7164179104477613,2.834328358208955,0.6163194226778166,0.5871193996783073,670
imsmetn,immigration,SI,-0.05111801749374185,0.18467716285003005,-0.04284981759603701,0.26625933586873435,1.8681481481481481,2.8222222222222224,0.7441813708617433,0.617098920871245,675
imsmetn,immigration,SK,0.0022408384018493665,0.9537981895682999,0.006286153149913815,0.870886596293314,2.684053651266766,2.721311475409836,0.8919368276845236,0.6855493993562176,671
imsmetn,immigration,UA,0.010752548697583075,0.7853553297001393,-0.0016075620717306293,0.9675222071877432,1.6832298136645962,2.75,0.8883021374416928,0.6512937238869223,644
impcntr,immigration,AT,0.024884788066270168,0.5198964258154342,0.035035418874069926,0.3648660230352918,2.761549925484352,2.7138599105812222,0.882540420686507,0.6943923606254013,671
impcntr,immigration,BE,0.008320981648604326,0.8294029404108852,0.002924534873647055,0.9396354023988361,2.084695393759287,2.8112927191679047,0.8130010932419953,0.6063088156721718,673
impcntr,immigration,BG,-0.009931220302024335,0.7979413174334115,-0.010510000423083917,0.78644238277152,2.8035982008995504,2.6101949025487254,0.9751194308294461,0.7852341081477558,667
impcntr,immigration,CH,-0.05848307156574949,0.13220775235102525,-0.047366231074014206,0.22287193409399864,2.180722891566265,2.8283132530120483,0.771194498663796,0.5818103940334771,664
impcntr,immigration,CY,-0.0005327175688646039,0.9890270459739657,0.008519027913958782,0.8259203133048137,3.0254110612855007,2.6591928251121075,0.7488194420710326,0.7741094594938014,669
impcntr,immigration,DE,0.020380294676555062,0.5995690801309126,0.026306333549893104,0.49794359018577244,2.15015015015015,2.7477477477477477,0.8050451675415065,0.6622150363123961,666
impcntr,immigration,EE,-0.043616502943515774,0.2602826381264399,-0.037564011581277125,0.33234971099140426,2.7410179640718564,2.7709580838323356,0.8607692488853986,0.6638633315510294,668
impcntr,immigration,ES,-0.07360606369633255,0.05800052705505132,-0.09255579523416124,0.01705013091914397,2.0150602409638556,2.733433734939759,0.878646804766819,0.7074456111508198,664
impcntr,immigration,FI,-0.06514346134645853,0.09201982915408398,-0.06128628695331346,0.11299267640829846,2.4134328358208954,2.8059701492537314,0.7984281123803074,0.6682821824205586,670
impcntr,immigration,FR,0.01584077714444585,0.6836813689148148,0.019761540046888005,0.6112363425253213,2.2243975903614457,2.6882530120481927,0.821620331041235,0.7475130950632669,664
impcntr,immigration,GB,-0.10093842271880003,0.009794454873012576,-0.10505731698608602,0.0071670659391139275,2.1376146788990824,2.6574923547400613,0.8781983147845813,0.7458699838888961,654
impcntr,immigration,GR,-0.03158640828968701,0.4108705743766811,-0.027154040758179853,0.4796172100373824,3.0647058823529414,2.711764705882353,0.7743617650149319,0.741675333930974,680
impcntr,immigration,HR,-0.027374586829848963,0.47801461732325573,-0.03614908174451338,0.3487333410116974,2.298219584569733,2.6943620178041545,0.9211546016553317,0.7405056058228463,674
impcntr,immigration,HU,0.04501234489467951,0.24567759329161876,0.07176951339227826,0.06396026215947201,3.272863568215892,2.6431784107946026,0.7830206684655941,0.7643290466449764,667
impcntr,immigration,IE,0.01920991161987978,0.6209594163345232,0.00030982979371766474,0.9936371505196098,2.251127819548872,2.712781954887218,0.8993485377608047,0.694363444058634,665
impcntr,immigration,IL,0.017725662043226183,0.6506773781485026,0.030884570133344207,0.4300498905525828,3.1587786259541986,2.7954198473282443,0.8963799288875683,0.6039956907186544,655
impcntr,immigration,IS,-0.01026413250766945,0.7925527401009166,-0.010844255215682507,0.7811179164863763,1.8937784522003034,2.8861911987860394,0.7879839340527574,0.5574370627155915,659
impcntr,immigration,IT,-0.046153993654965766,0.2314465203997457,-0.04320920059296611,0.2626212628575187,2.2700296735905043,2.621661721068249,0.8831042433461301,0.8072146254368618,674
impcntr,immigration,LT,-0.05089242119791145,0.1879406343434785,-0.05740445222077231,0.13742771776245313,2.4321907600596124,2.6795827123695974,0.9115057900788847,0.7103817379908082,671
impcntr,immigration,LV,0.0006766729484288297,0.9861775950389811,-0.006835048803568676,0.861081199143829,2.7933130699088147,2.664133738601824,0.9807046960858339,0.73897122555165,658
impcntr,immigration,ME,-0.03655537866506841,0.3451423056040125,-0.03201685748040384,0.40836151279760435,2.3721973094170403,2.7518684603886396,0.8426530582508891,0.6908405931807992,669
impcntr,immigration,NL,-0.06747205612633488,0.07959773277189748,-0.06471206137884854,0.09273141516954081,2.3224852071005917,2.8579881656804735,0.8144056909246618,0.5942525512562451,676
impcntr,immigration,NO,-0.04984187767011296,0.19424169141206388,-0.03630891176182751,0.3444596164785562,1.8279411764705882,2.8,0.700167366533991,0.6499121952703452,680
impcntr,immigration,PL,-0.11008597703143377,0.004480979205673861,-0.11788086534947409,0.0023286072914826977,2.5278195488721806,2.706766917293233,0.7700486394685641,0.676431490658506,665
impcntr,immigration,PT,0.015624411319966716,0.6864353076488536,0.0015530105909174342,0.967994551287099,2.470149253731343,2.638805970149254,0.8118175966779573,0.7985328893978655,670
impcntr,immigration,RS,-0.0008013459763880429,0.983593817533841,-0.0005978342575514432,0.9877599888011583,2.552193645990923,2.65052950075643,1.0656121581210132,0.7865077343382209,661
impcntr,immigration,SE,-0.026018837997456905,0.5010486991275064,-0.027597436349898453,0.475426388657351,1.827123695976155,2.8390461997019374,0.682342703685973,0.6448614216141965,671
impcntr,immigration,SI,-0.07800414753789184,0.04308099564904495,-0.07324808349421123,0.057533056312162476,2.2020802377414563,2.7934621099554233,0.8278244289817684,0.6662475244345636,673
impcntr,immigration,SK,-0.059519183271040284,0.12265898449879781,-0.06741050144343343,0.08032221458874857,2.9762611275964392,2.6305637982195846,0.8353449323959288,0.7444798195509985,674
impcntr,immigration,UA,0.025648120929483466,0.5188332231785794,0.017281089724157258,0.6638207058428602,2.384251968503937,2.5669291338582676,1.074689097206553,0.7822009631195072,635
imdfetn,immigration,AT,-0.0633798025651854,0.10016911540945622,-0.0541121922884014,0.16054086468854933,2.5875370919881306,2.771513353115727,0.8648109255542219,0.6104745144623618,674
imdfetn,immigration,BE,-0.08940741950827524,0.02016723833773975,-0.09906130836435863,0.01001662285403844,2.066666666666667,2.859259259259259,0.7875138357787923,0.49870697739466324,675
imdfetn,immigration,BG,0.01291350951336592,0.7382685304264817,0.014051621542487909,0.7161571250611503,2.7336309523809526,2.7083333333333335,0.9852261426319697,0.6784234082887017,672
imdfetn,immigration,CH,-0.009651911997998924,0.8033615735206923,-0.012874648072112964,0.7397799227677718,2.1152694610778444,2.8607784431137726,0.7140948197121578,0.4959391242953795,668
imdfetn,immigration,CY,0.0028123164446147747,0.9418611479900065,0.0016088938496862134,0.9667196450128783,2.8903703703703703,2.7822222222222224,0.7527273924274933,0.6198816134061175,675
imdfetn,immigration,DE,-0.004041448889973768,0.9171506223442047,0.0015834419848283275,0.9674901269811843,2.081203007518797,2.8345864661654137,0.752120533944728,0.5289858894168177,665
imdfetn,immigration,EE,-0.03737134494523003,0.3312321012291488,-0.04326631190725734,0.26057419210776517,2.4705014749262535,2.9085545722713864,0.8143016595586721,0.4285428980642184,678
imdfetn,immigration,ES,-0.021497365173792856,0.5794276062583359,-0.02126751419657083,0.5834901192770691,2.0209895052473765,2.8020989505247376,0.8748282945439865,0.5771903853537782,667
imdfetn,immigration,FI,-0.06176323555016368,0.10888771425699822,-0.08492300588422194,0.02736567400408117,2.311111111111111,2.888888888888889,0.7956359704213284,0.5032043709779512,675
imdfetn,immigration,FR,-0.012416006496115895,0.7494629404076636,-0.014792002947128836,0.7035996084647267,2.1716867469879517,2.7801204819277108,0.7944260104240488,0.6015284583595016,664
imdfetn,immigration,GB,-0.07843056265462117,0.04431110348316964,-0.10477574690024548,0.007146202748732892,2.0410334346504557,2.8297872340425534,0.8107835784332234,0.5362593397522186,658
imdfetn,immigration,GR,-0.08369349450756113,0.029089327872971835,-0.0979370006837178,0.010608675438411291,2.8970588235294117,2.7588235294117647,0.7965260708304562,0.638074075255607,680
imdfetn,immigration,HR,-0.08996470485209802,0.019042207312974704,-0.09761020404115785,0.010931421060493711,2.318114874815906,2.7628865979381443,0.9370190503125431,0.6435804417911627,679
imdfetn,immigration,HU,-0.03705418644133408,0.33895806412528506,-0.0400562854773703,0.301249058502122,3.2634730538922154,2.7230538922155687,0.7603644104993855,0.6522535839080992,668
imdfetn,immigration,IE,0.00654347610179385,0.8654515820245081,-0.013464082368502895,0.7273483315596535,2.2421991084695394,2.87221396731055,0.889356329338763,0.4677237196886489,673
imdfetn,immigration,IL,0.039632565078245474,0.3115384797031546,0.03386510857645037,0.3872374863498442,2.9281345565749235,2.9174311926605503,0.9819366464181382,0.3981990167911776,654
imdfetn,immigration,IS,0.0012259217229326517,0.9749037235887539,0.002594403648820856,0.9469194318310842,1.8850226928895613,2.8986384266263236,0.7951193208146419,0.46090946751876316,661
imdfetn,immigration,IT,-0.011559981430868149,0.7641670107475647,-0.021150318415611654,0.5830384064531914,2.363905325443787,2.776627218934911,0.8541656443925186,0.6076923076923078,676
imdfetn,immigration,LT,-0.06999473835682293,0.06999196397981601,-0.07292276122261429,0.05903143536836018,2.3472429210134127,2.8062593144560357,0.9110371319692073,0.5818315277513754,671
imdfetn,immigration,LV,-0.035504166139181954,0.36577145012681506,-0.06036827003854385,0.12387221968593866,2.509984639016897,2.7250384024577574,1.0127533679919616,0.6722887132085424,651
imdfetn,immigration,ME,0.02186447003377315,0.5718142617792976,0.04164848029594496,0.2813443158992865,2.351713859910581,2.7913561847988078,0.8348702008875416,0.5919735092295951,671
imdfetn,immigration,NL,-0.03767424799611655,0.32948281663490536,-0.02333121466900363,0.5459962965098932,2.169642857142857,2.8675595238095237,0.7229067775789758,0.4871107642011898,672
imdfetn,immigration,NO,-0.04174557872376949,0.2766548884409436,-0.051463193463189894,0.17978929337746205,1.7533039647577093,2.9001468428781205,0.6736152092378931,0.45891493719634974,681
imdfetn,immigration,PL,-0.10028837677586046,0.00922946665037062,-0.11186184305037741,0.00366459655305478,2.649331352154532,2.7964338781575035,0.8066337672002105,0.5710154922784416,673
imdfetn,immigration,PT,0.03243231611065844,0.4015982691476603,0.008987942019213574,0.8162341323490957,2.5007451564828616,2.7049180327868854,0.811990025875951,0.6884698266638648,671
imdfetn,immigration,RS,0.04288113909796605,0.27058081010826346,0.037931849924829626,0.3298239577468991,2.401812688821752,2.7099697885196377,1.054575668601822,0.6740423804959484,662
imdfetn,immigration,SE,-0.04608655151776036,0.23387599759384742,-0.03860030049835715,0.3188118023015481,1.7757847533632287,2.8654708520179373,0.6638299699837521,0.5470284132042103,669
imdfetn,immigration,SI,-0.04025656695742766,0.2981116227609637,-0.027858342059114607,0.47159362158711204,2.2,2.8119402985074626,0.8065501651533021,0.5892718995652602,670
imdfetn,immigration,SK,-0.0251825807184514,0.5130318547892995,-0.03741389875040981,0.33103960660356974,2.9955686853766617,2.6794682422451994,0.8257923450386621,0.708616253639377,677
imdfetn,immigration,UA,0.00749968736435396,0.8496939208385105,-0.001594062691371001,0.9678701404060861,2.213728549141966,2.736349453978159,1.0229546580612936,0.6354661892588053,641
gincdif,values,AT,-0.03763445525449562,0.3321708318459272,-0.03502516712764899,0.36680587548988636,1.8138138138138138,3.3573573573573574,0.8730836483475676,0.6264219300995917,666
gincdif,values,BE,-0.0018264006163518276,0.9619718730988033,0.03359937894136407,0.38028120341041044,2.232456140350877,3.4005847953216373,1.0109499133041553,0.5495103185234961,684
gincdif,values,BG,0.013441603018470055,0.7260376925291435,0.04943787401140605,0.19722545351256476,1.595307917888563,3.3284457478005867,0.834555625190917,0.6088290107299545,682
gincdif,values,CH,0.012510907756981514,0.7459604785827415,0.01569441021182663,0.6844366881147046,2.2303120356612185,3.389301634472511,1.0259299167855094,0.5400658190820605,673
gincdif,values,CY,0.007137964066804742,0.8539016842224564,-0.013941402504504851,0.71909550913799,1.8817365269461077,3.374251497005988,0.9209026808351298,0.58522170704747,668
gincdif,values,DE,-0.022458892056955265,0.5602359155352642,-0.024721469390517968,0.5213991264115565,2.3214814814814817,3.3807407407407406,1.012707478480877,0.5623573074925334,675
gincdif,values,EE,0.038299479774028616,0.3215140444628799,0.0028793136542667147,0.9406113188059924,2.4613095238095237,3.3363095238095237,0.98800107370282,0.6200740877072454,672
gincdif,values,ES,0.034286574498107854,0.3759272669235812,0.054391373205345116,0.1599486715811742,2.218236173393124,3.3946188340807173,1.014961076127945,0.6188416693150798,669
gincdif,values,FI,-0.016663203641653534,0.6651655467781876,-0.007035898710910565,0.8550078493879452,2.295420974889217,3.366322008862629,1.0095079100467599,0.5508897346177374,677
gincdif,values,FR,0.027266402024096213,0.4781255724616793,0.02062300470864426,0.5916451574061456,2.09720176730486,3.3711340206185567,1.0777890918387267,0.5272433833219907,679
gincdif,values,GB,-0.014220241474013837,0.7166176338779573,-0.018665403773995042,0.6337419672828042,2.197247706422018,3.301223241590214,0.9973587215265853,0.5245270916185832,654
gincdif,values,GR,0.08145818223965784,0.033556700138667565,0.0875176762908886,0.022368738577837523,1.6784140969162995,3.4155653450807635,0.8049229842814244,0.5833410456183868,681
gincdif,values,HR,-0.012574828779948685,0.7441570073614422,-0.03859527257937648,0.31634682206931347,1.9082840236686391,3.3979289940828403,0.9143413816370821,0.5577163763349359,676
gincdif,values,HU,-0.014833921690044131,0.6996108333349436,-0.021643739909350382,0.5734271607399122,1.8350515463917525,3.3092783505154637,0.9293047589984477,0.5735717755423031,679
gincdif,values,IE,0.010085257803819237,0.7936732585844065,0.0070143109589971,0.8556599346811237,2.0933333333333333,3.357037037037037,0.9691992473216753,0.5322730971611606,675
gincdif,values,IL,0.05886615017805216,0.12939910562391707,0.03179152714982334,0.4130765770664586,2.257142857142857,3.4646616541353383,1.031892467946382,0.5589086138743278,665
gincdif,values,IS,0.030583135195092145,0.42521644969180944,0.0195882496994039,0.6095889473726399,2.0762463343108504,3.4545454545454546,0.9800020907225712,0.5567512607616004,682
gincdif,values,IT,-0.08873136057456191,0.02113384442283046,-0.055522788037534916,0.14959530333537494,1.8148148148148149,3.3807407407407406,0.8507736502351836,0.5779704971647968,675
gincdif,values,LT,-0.013610340883112663,0.7233267775925217,-0.004167076699188457,0.9136906640292874,2.1325478645066274,3.325478645066274,0.9911635337971272,0.5787143968805887,679
gincdif,values,LV,0.12831622410470697,0.0009706679872035951,0.12278826181647269,0.0016013299659726164,1.9407294832826747,3.297872340425532,0.9433645942897954,0.54844046402717,658
gincdif,values,ME,0.025734862290363394,0.5073297906106078,0.03467144699973246,0.3716681731280552,2.3633633633633635,3.421921921921922,1.1158907336395691,0.5705029306626273,666
gincdif,values,NL,0.052992117547778675,0.16812484457039178,0.056086533323609584,0.1446038779548054,2.327433628318584,3.3893805309734515,1.0163433561533994,0.5638068797652426,678
gincdif,values,NO,0.03884214510294731,0.3100473617913928,0.04156159087797382,0.2773667819386071,2.28029197080292,3.418978102189781,0.9644135429782612,0.568100977186291,685
gincdif,values,PL,0.059439408157291956,0.12830173449437923,0.07699753860167559,0.04869354105777559,2.5945121951219514,3.3521341463414633,1.1066352577720366,0.5493327141471254,656
gincdif,values,PT,0.018672692657443646,0.6292153934298831,0.010959069694245432,0.7769014109767278,1.7377049180327868,3.3129657228017884,0.74896552097052,0.6490833929951728,671
gincdif,values,RS,0.04672671824151754,0.2341804014503912,0.05356131282281624,0.17259852115943022,1.98,3.250769230769231,0.9982573413547066,0.6031818755688998,650
gincdif,values,SE,-0.056592016176739514,0.1416030790700794,-0.06747717790164946,0.07957484249762761,2.2618343195266273,3.4275147928994083,0.8816275567412865,0.5543741547768526,676
gincdif,values,SI,0.015444089694022311,0.6892055749828618,0.02912043919130064,0.4507260530254777,2.0653789004457654,3.389301634472511,0.9505037263995256,0.5951227511537236,673
gincdif,values,SK,0.04249014102708278,0.26887731842488094,0.051984979350219264,0.17604784782920732,1.9896907216494846,3.3402061855670104,0.8298699431205507,0.5597254530513516,679
gincdif,values,UA,0.03311538338076286,0.4003864975117552,0.05321666977573071,0.17638486251617266,2.1313755795981453,3.3245749613601236,1.105735872630492,0.5246836849162525,647
freehms,values,AT,-0.005506413378837565,0.8866185370223948,-0.011627939225690762,0.7633349992549014,1.7845468053491829,3.5913818722139674,0.867535582136699,1.0122979037422208,673
freehms,values,BE,-0.08661779983442197,0.023895399459026603,-0.0894763471810496,0.01961419788095051,1.4779411764705883,3.9102941176470587,0.842247080024681,1.0062601849951318,680
freehms,values,BG,0.003791917008226257,0.9232502031432173,-0.01749238342973088,0.6567117251095494,2.9691358024691357,3.4521604938271606,1.2940135113741393,0.9585835887459413,648
freehms,values,CH,0.03652479948340121,0.3430257673096328,0.020749709878253423,0.5901960102092408,1.6908284023668638,3.7677514792899407,0.8077248670686074,1.0274289970951191,676
freehms,values,CY,0.00370147126877374,0.9237562682559319,-0.02415873652739362,0.5321520437123259,2.630402384500745,3.660208643815201,1.1732973000322475,0.9388207677798384,671
freehms,values,DE,-0.07578582934269726,0.04821615410464072,-0.09436338946391772,0.01382941985142956,1.5558823529411765,3.777941176470588,0.7198801964107923,0.9734843342920397,680
freehms,values,EE,0.02555514902668604,0.509345930741159,0.013189314441274268,0.7334657747959685,2.2600896860986546,3.6696562032884903,1.048769163549076,0.9204870659129918,669
freehms,values,ES,-0.014280483583351024,0.7096906771420372,-0.015174266371626315,0.692419482509886,1.530791788856305,3.8475073313782993,0.7851909168907397,1.0211714519645587,682
freehms,values,FI,-0.023411398512442047,0.5413301477399577,-0.04901876541458054,0.2007237554335401,1.6559297218155198,3.8257686676427527,0.8460218141453248,0.9582688994485185,683
freehms,values,FR,-0.0736325213754777,0.05550262825138094,-0.07549150716960643,0.049599370238049965,1.382570162481536,3.943870014771049,0.7594710942971448,0.9909852999594145,677
freehms,values,GB,-0.01436827542480732,0.7092206094745964,-0.05326976031798923,0.16653216662779347,1.6035502958579881,3.838757396449704,0.7540031233749444,1.1231071689327667,676
freehms,values,GR,-0.07217775480193729,0.059762104956273245,-0.08959210773829009,0.019366377806933368,2.183553597650514,3.6226138032305433,1.1669819043746021,0.9746882966532019,681
freehms,values,HR,-0.07872032594688731,0.04499687043939825,-0.08130011312047068,0.038396643977645945,2.5500770416024654,3.6117103235747305,1.1225951636555536,0.9845652997837783,649
freehms,values,HU,-0.061960850980035745,0.10960754681331908,-0.08419754700507086,0.029560235370017358,2.75,3.586826347305389,1.2542282311334385,0.9260223264640417,668
freehms,values,IE,-0.0887055015877108,0.020603658383619446,-0.11913675430670183,0.001843338152288568,1.6211453744493391,3.970631424375918,0.8209172654880434,1.0213979956034873,681
freehms,values,IL,0.005760085686109221,0.8823139058819546,0.01368942144709299,0.7249602598832982,2.779788838612368,3.7782805429864252,1.4717116914584654,0.8248475459421788,663
freehms,values,IS,-0.0501910258064641,0.19047815047632913,-0.0461405096460473,0.2288231214048682,1.3255131964809383,4.004398826979473,0.6722265263751905,0.9999903109068504,682
freehms,values,IT,-0.02693545629353379,0.48608283666936086,-0.041637470052723974,0.2814716374999398,2.0640834575260807,3.782414307004471,1.0090962495151983,1.023771552775626,671
freehms,values,LT,-0.12630474505501224,0.0010156893818711282,-0.14850448634147287,0.00010895987612515224,3.0044510385756675,3.642433234421365,1.1531896761801799,0.9479989165387356,674
freehms,values,LV,0.03525591828495815,0.37586380247591844,0.04198989929053258,0.29150689032876465,2.4802527646129544,3.4881516587677726,1.2704050731687941,0.9397693103682736,633
freehms,values,ME,-0.02285314036197053,0.5620506310287062,-0.03337544706490884,0.39706139107539695,3.3560371517027865,3.4643962848297214,1.172099061287195,0.9730325922910263,646
freehms,values,NL,-0.001854719841050595,0.9614960935097535,-0.024224697332778756,0.528280408293319,1.4191176470588236,4.038235294117647,0.6902982969094629,1.0318962358020103,680
freehms,values,NO,-0.046655879508087576,0.22298030212820516,-0.061668439650402536,0.10708755603118066,1.4239766081871346,3.9576023391812867,0.6437522504197893,1.0093055089030214,684
freehms,values,PL,-0.017959512153303357,0.6471389883436339,0.0014424268230704852,0.9706758174616587,2.312883435582822,3.48159509202454,1.0848572142599953,0.9654389744414983,652
freehms,values,PT,0.008668618174174912,0.8227831026413652,-0.029152506674499055,0.4512426170112936,1.8850746268656717,3.9044776119402984,0.9344356715782379,1.0416488073787495,670
freehms,values,RS,-0.06599011029406796,0.09175670906641704,-0.10235449165974535,0.008807686139998803,3.1559633027522938,3.408256880733945,1.343176130706598,0.9440678110816106,654
freehms,values,SE,-0.0376342522029034,0.32641121786504035,-0.0623401944785261,0.1038182105139055,1.3900293255131966,3.9281524926686218,0.6437913118215642,1.023569143580351,682
freehms,values,SI,-0.06356836225960792,0.10433446632832542,-0.08826641177636858,0.023985368047296386,2.359327217125382,3.6896024464831805,1.0431414622297743,1.0174505693176084,654
freehms,values,SK,-0.01323073133356043,0.7347922130363181,-0.01783099959504993,0.6479882641962315,2.8009118541033433,3.4209726443768997,1.2017994200779734,0.9431242628635024,658
freehms,values,UA,-0.036253970023329765,0.3628723293425323,-0.03469426767297407,0.38389839139701865,3.0063291139240507,3.2848101265822787,1.3859006371814477,0.7929305083986055,632
hmsfmlsh,values,AT,0.05460153165704918,0.16342433130640255,0.049387386615741435,0.2075287718022966,4.174578866768759,2.9127105666156203,1.0391847391431608,0.7285001213699475,653
hmsfmlsh,values,BE,-0.07496239796562826,0.05053881393605682,-0.04990928621288928,0.19330991953867002,4.486049926578561,2.9148311306901613,0.9882526724287137,0.7306928677833491,681
hmsfmlsh,values,BG,0.017914142982816492,0.6523002783531594,0.03584660209272314,0.3671546194405171,2.7874015748031495,2.9338582677165355,1.320966100787485,0.7379121018800922,635
hmsfmlsh,values,CH,0.006859382880418593,0.8605916650599328,-0.04456786344938625,0.25360924931359385,4.334346504559271,2.9468085106382977,0.906969269437028,0.6610934831118812,658
hmsfmlsh,values,CY,0.015135668100388813,0.6985777797951596,0.024719228266508925,0.5270643610136864,3.2146118721461185,2.8645357686453576,1.1782710864188022,0.7778798611405516,657
hmsfmlsh,values,DE,-0.013042919404603389,0.7351738113618069,0.0010963146980362683,0.9773189513201813,4.463703703703704,2.928888888888889,0.8832942964580953,0.739502867204288,675
hmsfmlsh,values,EE,0.06695786017404178,0.08422659272715848,0.05490483302585476,0.15697067350033034,3.674174174174174,2.8783783783783785,1.2104158210479992,0.7348966974089824,666
hmsfmlsh,values,ES,-0.012095546000584826,0.7535866095789223,-0.0057584635568037,0.8812031316312937,4.550295857988166,2.899408284023669,0.8954948483656872,0.7631899557860774,676
hmsfmlsh,values,FI,-0.016100727412337548,0.6749095636293568,-0.002526500944023761,0.9475287022948333,4.4566813509544785,2.922173274596182,0.8427651440462809,0.7365212184491896,681
hmsfmlsh,values,FR,-0.0512635971165423,0.18180774120954937,-0.04719715425578234,0.2190073521827277,4.6308823529411764,2.925,0.8549875078437283,0.7333573209804622,680
hmsfmlsh,values,GB,-0.06348492501933424,0.09935423861839192,-0.052818804366847515,0.17047277700145907,4.383703703703704,2.9674074074074075,0.9046703259890504,0.6344264951039293,675
hmsfmlsh,values,GR,-0.060724774250681054,0.12109101560336864,-0.044173771098402516,0.25965872852621746,3.4073506891271057,2.9418070444104134,1.329032073576625,0.7510612815214263,653
hmsfmlsh,values,HR,0.03206860444030888,0.4227839904043081,0.02609381135975448,0.5142750929402745,3.2998405103668262,2.9186602870813396,1.2107281256874847,0.7114441895820173,627
hmsfmlsh,values,HU,-0.05609670922147365,0.1521813442419279,-0.03833804530484923,0.32799131818856536,3.223583460949464,2.9540581929555896,1.305578412763201,0.7600267853173315,653
hmsfmlsh,values,IE,-0.020229816875465108,0.6052922785325736,-0.026106311276895333,0.5047878024904873,4.323664122137404,2.978625954198473,1.0400123544511943,0.6881486524195761,655
hmsfmlsh,values,IL,-0.03890059490387304,0.3172468354358467,-0.04397386874527065,0.2581880663427111,3.0799396681749625,3.0060331825037707,1.4793458164651498,0.6908725898840894,663
hmsfmlsh,values,IS,-0.03465862197578708,0.36614092344900473,-0.029149113916907825,0.4472557874314831,4.755131964809384,2.904692082111437,0.6251073777048536,0.7398902420261975,682
hmsfmlsh,values,IT,0.03665440582651258,0.3474820836854438,0.01881295773072347,0.6297539809389968,3.8846737481031868,2.9028831562974204,1.0498481615904733,0.7353271112171333,659
hmsfmlsh,values,LT,-0.037762966725804537,0.3330854241200799,-0.03622633904042398,0.35314544129367226,3.080424886191199,2.934749620637329,1.1634880224857849,0.7105311101503559,659
hmsfmlsh,values,LV,0.03956631697920011,0.32531694493891966,0.02200830681278348,0.5844042886588003,3.05,2.879032258064516,1.3978115829126319,0.781373856720209,620
hmsfmlsh,values,ME,0.004789099410011134,0.9049644174758773,-0.007046002077080542,0.8605623596717603,3.0560897435897436,2.891025641025641,1.1851386187721802,0.7958456979486719,624
hmsfmlsh,values,NL,-0.02672570220090755,0.4862557323830372,-0.03164014383195913,0.40972934808887973,4.559471365638767,2.922173274596182,0.8692808130284804,0.7183264696435632,681
hmsfmlsh,values,NO,0.02552548569281444,0.5054261190469721,0.03643394438478769,0.3417332984837831,4.575402635431918,2.903367496339678,0.7628342393010004,0.6759616314642108,683
hmsfmlsh,values,PL,-0.01748188600860921,0.6566559457062726,-0.03967020241151078,0.3129427908164332,3.8043143297380584,2.978428351309707,1.1980874160927895,0.717611346501058,649
hmsfmlsh,values,PT,0.05065427769672771,0.1964373299070994,0.045095224055722444,0.2502056462659767,3.9539877300613497,2.9079754601226995,1.15378202110718,0.768502971107575,652
hmsfmlsh,values,RS,-0.03677151463509019,0.3560574176901145,-0.06185227332216621,0.12033922553092838,2.7199367088607596,2.9382911392405062,1.4116499643956977,0.7303618650579118,632
hmsfmlsh,values,SE,0.06869959660723556,0.07340795772112012,0.0872552604382534,0.02287631444214769,4.591176470588235,2.8941176470588235,0.777393267798325,0.7325550646950447,680
hmsfmlsh,values,SI,0.0542362708090366,0.16496671525601578,0.0009924402611137502,0.9797440427008448,3.7336377473363775,2.9375951293759512,1.1345372201646011,0.7203926354735546,657
hmsfmlsh,values,SK,-0.018844481824702664,0.6409158812950412,-0.0018642018992001054,0.963201301998891,3.0276422764227644,2.9121951219512194,1.2363456721366788,0.7345127754096654,615
hmsfmlsh,values,UA,0.00955054411974611,0.8132958654468773,0.002321615134430582,0.9542184321914601,2.511400651465798,3.009771986970684,1.3645596935730617,0.7424897141763712,614
hmsacld,values,AT,0.001874615361648653,0.9618661293018294,-0.015526957334035916,0.6920774008399042,2.3797856049004595,3.0490045941807042,1.219607933824002,0.5681093563535168,653
hmsacld,values,BE,-0.0065245785564469,0.8653419288564639,0.0008881431027767303,0.9815839169686865,1.8657817109144543,3.0398230088495577,1.156055366910982,0.6611444117417496,678
hmsacld,values,BG,-0.0605152762908171,0.12499809024663129,-0.06383665902866145,0.1055556064255361,3.7593167701863353,2.9161490683229814,1.2280382384326205,0.7114614333976188,644
hmsacld,values,CH,-0.0781361122345713,0.04366736011519771,-0.09004037009618326,0.020030424961523716,2.530734632683658,3.0794602698650673,1.2828973987738685,0.5861112820793573,667
hmsacld,values,CY,-0.02587905987613035,0.5049526866851596,-0.012568921303551207,0.7461126882022427,3.7837837837837838,2.9474474474474475,1.27489634835343,0.6639601635172366,666
hmsacld,values,DE,-0.010718009735496609,0.7812064246537808,-0.01058184619954836,0.7839167494850479,1.9821958456973294,2.979228486646884,1.083296349529511,0.6717712928191805,674
hmsacld,values,EE,0.020943101380509203,0.5906507490962477,0.005399225505427619,0.889721124358,3.096676737160121,2.974320241691843,1.3606823335154044,0.6181366809141977,662
hmsacld,values,ES,-0.07248444560562724,0.05981061521824051,-0.03743989433411012,0.3314214767086276,1.751111111111111,3.0192592592592593,1.0493651229321987,0.6195978757552354,675
hmsacld,values,FI,0.023228269202563188,0.546576113498207,0.012216672670331675,0.7511999868882502,2.18491124260355,3.088757396449704,1.194980920148042,0.5820456342208761,676
hmsacld,values,FR,-0.03497596097134417,0.36460741364827937,-0.03682794749211621,0.3397505342604936,2.1379821958456975,2.964391691394659,1.3376298347150037,0.6253027802622285,674
hmsacld,values,GB,-0.02402481235879369,0.538429401579113,-0.02808850630314061,0.4719655890221518,1.993920972644377,3.001519756838906,1.0726825815150587,0.6493158561438486,658
hmsacld,values,GR,-0.013799001727622539,0.7212450620202885,-0.017533694294775644,0.6502787236277955,3.855439642324888,2.970193740685544,1.2560169485651287,0.6795563465086362,671
hmsacld,values,HR,-0.009236135375143797,0.8130637957815711,-0.010644440874968226,0.7852110281207517,3.5440729483282674,2.9635258358662613,1.254047865699297,0.6494636823364013,658
hmsacld,values,HU,-0.005223490614647012,0.8928873869450846,-0.013013846847670348,0.7372601143766427,3.36431784107946,2.970014992503748,1.2450929295959665,0.6264925719574257,667
hmsacld,values,IE,0.032432657524778294,0.40800497777565564,0.017585034645654477,0.6537640111518194,2.0673813169984685,3.0321592649310873,1.1531732839340514,0.6391192360652754,653
hmsacld,values,IL,0.007046394627836022,0.8567233213927875,0.012013753638352121,0.7582112173932469,3.0197268588770867,3.069802731411229,1.477667363493776,0.5973460483266753,659
hmsacld,values,IS,-0.012372196307422678,0.7472377417249568,-0.05198606436779959,0.1754012323279683,1.5976505139500734,3.118942731277533,1.0216453287124072,0.6293853663396768,681
hmsacld,values,IT,0.04053023254034307,0.3014403670253582,0.04056974460036548,0.3009689590238365,3.1319018404907975,2.96319018404908,1.2764296173008816,0.6284555037146821,652
hmsacld,values,LT,-0.07753948745739711,0.04450140480261205,-0.0797134973396744,0.03884253148147548,3.90625,2.9642857142857144,1.0323339998916725,0.6190503485525277,672
hmsacld,values,LV,0.04097250492164168,0.3029827780448083,0.04614980299883137,0.24590734958985824,3.7539432176656153,2.9353312302839116,1.2999059037253524,0.67959259754943,634
hmsacld,values,ME,-0.02690940012402331,0.4937653941896246,-0.03733397226011363,0.3423163562590295,3.6656394453004624,2.884437596302003,1.130691201001367,0.7139838022969159,649
hmsacld,values,NL,-0.032809976932480826,0.3954302011478138,-0.05111286221338285,0.1853758259069967,1.8083209509658247,3.0475482912332836,1.045307970877505,0.6884230326231351,673
hmsacld,values,NO,-0.02856465806798785,0.45608969408849254,-0.0371267623844547,0.3326262470555357,1.910688140556369,3.0819912152269398,1.0773269683508253,0.6669936182050272,683
hmsacld,values,PL,0.017748407463480182,0.6517639116151839,-0.016405313708068695,0.6765645855299427,3.6640986132511557,2.9553158705701077,1.3116133087697386,0.6800782455964451,649
hmsacld,values,PT,0.01331861289912354,0.73212048941304,0.03712925843072015,0.3398010325225774,2.570135746606335,2.9517345399698343,1.2668732400356546,0.6485581326904354,663
hmsacld,values,RS,0.06633830805199697,0.09179797183172635,0.07354944077599686,0.06152087852843432,4.060278207109738,2.873261205564142,1.1515564577658222,0.6878055682949156,647
hmsacld,values,SE,-0.06145961644287605,0.10932464196028678,-0.07682434205714646,0.0452193451150816,1.8191176470588235,3.1720588235294116,0.981981608840254,0.5572776211639584,680
hmsacld,values,SI,0.026325029664028003,0.5005686584032336,0.034821179019757245,0.37287151028234694,3.1598173515981736,2.9954337899543377,1.2997532470334794,0.6450873231797616,657
hmsacld,values,SK,-0.08529356262596118,0.029932306331748343,-0.0845004317984199,0.031497950678401936,3.935185185185185,2.9367283950617282,1.1591166610694303,0.6512452276359457,648
hmsacld,values,UA,-0.015880969742438102,0.6935661117083967,-0.02174914959534495,0.5894422208992615,3.627831715210356,2.8883495145631066,1.3072552155331822,0.6776067577586706,618
euftf,values,AT,-0.04464348295998841,0.2575633445621324,-0.05514457715286029,0.16185901072215067,4.607751937984496,6.748837209302326,3.011819686928227,1.3112696113478624,645
euftf,values,BE,-0.07741104295571699,0.04648519260920917,-0.02950124993285634,0.4485834486358849,5.910876132930514,6.888217522658611,2.3709479939636027,1.1176808281891433,662
euftf,values,BG,-0.009551228766108168,0.8134326458665094,0.01382579746997224,0.7326306271556808,5.6150081566068515,6.68678629690049,2.5918240999277016,1.3147373361549797,613
euftf,values,CH,0.007887290816861741,0.840688370494413,0.04669089874289208,0.2338182555595803,5.0628834355828225,6.877300613496932,2.4110669630622787,1.1333405952688784,652
euftf,values,CY,-0.03820304449493628,0.3345788678832088,-0.04342383288628078,0.27267826605308965,5.8953125,6.884375,2.9772181240574165,1.1798011489966047,640
euftf,values,DE,0.01735603947558561,0.6552904093664195,-0.01841795143052964,0.6356829182132867,6.173192771084337,6.938253012048193,2.65771957708394,1.0496486329388663,664
euftf,values,EE,0.020999324289174396,0.5910678720743746,0.017022715417731316,0.6631798628238116,5.7534246575342465,6.872146118721461,2.9154902723611587,1.0529142730638856,657
euftf,values,ES,0.061911969563551175,0.11881056864757579,0.010494743208544375,0.7916612726184078,6.254716981132075,6.819182389937107,2.3593459153164966,1.3399999852172801,636
euftf,values,FI,-0.08497669890396278,0.02784668174260274,-0.0534090792868987,0.16732078394949326,5.574626865671642,6.882089552238806,2.084811848470336,1.0850837242030873,670
euftf,values,FR,-0.027714391450199955,0.4902337377294279,0.028933844594962923,0.4713358185998852,5.252411575562701,6.839228295819936,2.7096093635054754,1.2171101895463592,622
euftf,values,GB,-0.0010254456238714149,0.9808049315849211,-0.04821844091376319,0.2576363992307416,5.260397830018083,6.893309222423146,2.562445726706055,1.1282804379229374,553
euftf,values,GR,0.005226603281656319,0.8959981937416442,0.04496548291024332,0.26052294913033774,5.146496815286624,6.86624203821656,2.3281517859510026,1.2196976716480155,628
euftf,values,HR,-0.03315755705276434,0.4064474978827995,-0.03801775583549955,0.3411334703664606,5.356120826709062,6.8060413354531,2.7870917583484927,1.301846461177255,629
euftf,values,HU,0.059474835733320804,0.1325362484090479,0.012051892897083537,0.7607126718089124,4.491419656786271,6.703588143525741,2.795700607660897,1.3472667627864958,641
euftf,values,IE,0.006033251462837299,0.8817855988939368,-0.006885246336763658,0.8652411559817907,5.242622950819672,6.9311475409836065,2.5558111136649906,1.0851348139299606,610
euftf,values,IL,-0.0255983739804959,0.57385496816229,-0.043976998288593,0.33381332023595983,4.870103092783505,6.925773195876289,2.4624521201224145,1.0054888978304135,485
euftf,values,IS,0.040523570514036815,0.3094676893148514,0.032142001989457956,0.4202398281412346,5.795562599049128,6.960380348652932,2.388672865001772,1.0312648334412342,631
euftf,values,IT,0.07883803165347439,0.04418375315825964,0.09092192128134682,0.020233854144953642,4.762269938650307,6.7975460122699385,2.7080558663466827,1.2923478399826738,652
euftf,values,LT,0.0474689441758719,0.22826566774956486,0.047980885339527116,0.22328201897326128,6.088235294117647,6.738390092879257,2.7674661929365945,1.179139040592323,646
euftf,values,LV,0.01501595086344383,0.7170299567790877,0.03641769540479171,0.379274274769338,4.776068376068376,6.538461538461538,2.661130977142705,1.3943284185127571,585
euftf,values,ME,0.04427229041892611,0.2553281681131358,0.05499134513135637,0.1575711357373423,6.070996978851964,6.858006042296073,2.5206148968827486,1.093684640909212,662
euftf,values,NL,0.0654192638692187,0.0935994610996246,0.08695329138966768,0.025716371081385338,5.6109422492401215,6.922492401215806,2.3147995878961107,1.1775727121209207,658
euftf,values,NO,-0.008164886685998926,0.8396011472352986,-0.056044537192089836,0.16441126918862667,5.192868719611021,6.988654781199352,2.100575300899844,0.8187341586336978,617
euftf,values,PL,0.013232862172203166,0.7370995512846956,0.012624585785184609,0.7487678401589317,5.673374613003096,6.814241486068111,2.7251575712478893,1.195410460030636,646
euftf,values,PT,0.037314422708315115,0.36356182303663037,0.05126989134262896,0.21173874763171607,6.253781512605042,6.630252100840337,2.252824262469245,1.4786103803493644,595
euftf,values,RS,-0.024999466531593004,0.5404054714421997,-0.019659276614947336,0.6302337398204475,4.767441860465116,6.789036544850498,3.54937642116799,1.153889206765914,602
euftf,values,SE,-0.0046533422195172884,0.9062515546001328,0.01563194423416305,0.6923713137157446,5.177293934681182,7.0124416796267495,2.081586866012934,1.0321170109253173,643
euftf,values,SI,-0.0812166949373622,0.04172852297310662,-0.11064761616044567,0.005468741372695609,5.664546899841017,6.882352941176471,2.51372645569379,1.1295778181288318,629
euftf,values,SK,0.11042466851844776,0.005269900969070393,0.059583018922876,0.1330484116147259,4.205651491365777,6.679748822605966,3.0349276137148844,1.2852995391597157,637
euftf,values,UA,-0.019883814604277194,0.6303896718644397,-0.0389663522820453,0.3455625390269021,6.39625850340136,6.48469387755102,3.3267978497441275,1.4147328019872407,588
atchctr,attachment,AT,0.04032393635097742,0.2955008461159361,0.07954178764561802,0.038828447428167205,8.36888888888889,7.059259259259259,1.8405048118419718,1.2043625138355927,675
atchctr,attachment,BE,0.022328044902061674,0.5610750524945245,0.030657063625243782,0.42478041803651356,6.360294117647059,7.161764705882353,2.414587461349727,1.007121828551458,680
atchctr,attachment,BG,-0.015363412545584595,0.6894363761138553,-0.0009764642301121251,0.9797379316186287,7.995581737849779,7.227245949926362,2.3514844195191307,1.1765443312146036,679
atchctr,attachment,CH,-0.007574228689171258,0.8438231442456837,0.020893551514758534,0.5867906810907868,7.801178203240059,7.173048600883653,1.8378834889443425,1.1271762231556561,679
atchctr,attachment,CY,-0.04678150132905581,0.2213967659800564,-0.06003664477230483,0.11644864829998211,8.246715328467154,7.2226277372262775,2.1176317421023496,1.248858701239764,685
atchctr,attachment,DE,0.02137561179046731,0.5779061206224948,0.05125727883451812,0.18186166394593486,7.144117647058824,7.054411764705883,2.259940069385446,1.0569126996340985,680
atchctr,attachment,EE,0.08141869263573528,0.033905679643648094,0.05835556199052891,0.1287371887548803,7.855670103092783,7.240058910162003,2.175166785760294,1.0745585617913826,679
atchctr,attachment,ES,-0.045192453814125504,0.23957916093146073,-0.05803401767356606,0.13086082581153055,7.727540500736377,7.38659793814433,2.312781910628439,0.9522276639273535,679
atchctr,attachment,FI,0.007747732424774693,0.8399441563124875,0.018820119509892926,0.6236869388912163,8.643695014662757,7.2727272727272725,1.5558226990944997,1.0686925928268094,682
atchctr,attachment,FR,-0.04602349194316039,0.2313835184779925,-0.06368373922027053,0.09755039712780669,8.135693215339233,7.276401179941002,1.7280021610290621,1.0684977643846116,678
atchctr,attachment,GB,-0.0054004809612532975,0.8892809829219305,0.016208611008314305,0.676055751287893,6.614692653673163,6.989505247376312,2.687971206541879,1.2098982018154285,667
atchctr,attachment,GR,0.09102770993590423,0.018005809978931708,0.09411334252229071,0.014443676482859023,8.779259259259259,7.375555555555556,1.6067871760516634,1.008897116994847,675
atchctr,attachment,HR,0.0031722189967930145,0.9343880675420099,-0.011463621567542357,0.7660753947789338,7.798816568047338,7.303254437869822,2.3076809116527732,1.2633481911976994,676
atchctr,attachment,HU,0.05693308830271232,0.14069140283106765,0.0649492880048227,0.0927506451950997,8.178837555886735,7.05886736214605,1.9395873900708311,1.154759611344665,671
atchctr,attachment,IE,0.05445837678562007,0.15572785672754214,0.028435521290119975,0.45879088608634305,8.04258443465492,7.208516886930984,1.9439820606300564,1.12451989890052,681
atchctr,attachment,IL,0.006497190181968799,0.8682834230184078,0.0029571288445578736,0.939833282793279,7.525993883792049,7.517278287461774,2.987226021185385,0.9986167733202933,654
atchctr,attachment,IS,0.0011791990497077385,0.9756047172898369,0.050290965117315345,0.19189224509089925,8.127407407407407,7.530814814814815,1.7706153111457448,1.0303258191216706,675
atchctr,attachment,IT,-0.04482625539919286,0.24376097046886813,-0.043648948272019227,0.25637783016197424,7.839233038348082,7.339675516224189,2.148640599809354,1.1068890818896238,678
atchctr,attachment,LT,0.001300808136280506,0.9731097821605397,0.01002908214900372,0.7949460351759009,7.775964391691395,7.160979228486647,2.3330338592332893,1.129954011417532,674
atchctr,attachment,LV,0.05744810069109782,0.13654218385445444,0.10045782812463921,0.00911111110820608,8.181277860326894,7.1783060921248145,2.2677488119645974,1.1736208147789786,673
atchctr,attachment,ME,-0.011541633657030169,0.7641912593079521,0.004614647847790581,0.9045329597915914,7.443952802359882,7.293510324483776,2.514175529187501,0.9848118726746236,678
atchctr,attachment,NL,-0.06393382180943297,0.09574780873582796,-0.058399854998344665,0.12816481860682818,7.017647058823529,7.212941176470588,1.9469352961927864,1.0347469276074306,680
atchctr,attachment,NO,-0.03657417211542743,0.34094400904998984,-0.015855874672085046,0.6798001401008577,8.422058823529412,7.258088235294117,1.6998090153688148,0.9966479272429095,680
atchctr,attachment,PL,-0.02967037795981001,0.4401824741246379,-0.04423401871240089,0.24970206290326874,8.309278350515465,7.128865979381444,2.0535068021359253,1.139252864680005,679
atchctr,attachment,PT,-0.004000860872394159,0.9170597088527765,-0.018023299135488127,0.6389527263889576,8.380882352941176,7.347794117647059,1.939569919755505,1.2485612876105407,680
atchctr,attachment,RS,-0.0052085196237666356,0.8923174797797455,0.023044274290157204,0.5491667899845736,8.069321533923304,7.101769911504425,2.673172670056571,1.1439765030138733,678
atchctr,attachment,SE,0.008912350901795943,0.8170841752924674,0.010992114689119764,0.775433707195643,7.84319526627219,7.249260355029586,2.1538522588436066,1.0358389909043777,676
atchctr,attachment,SI,-0.01091714541364312,0.7764416210839689,-0.006938019783194541,0.8567934870807723,7.817378497790869,7.230486008836524,2.2516316383889703,1.105216205451295,679
atchctr,attachment,SK,0.027842494208353774,0.46920234441943653,0.07361797334671713,0.05537019418198491,7.550147492625369,7.148230088495575,2.393305219736181,1.0243367102048313,678
atchctr,attachment,UA,-0.05174873604200023,0.18290894748334066,-0.04925119212544867,0.20497924389201944,8.38855421686747,7.670933734939759,2.234297650498455,1.3123436607796155,664
atcherp,attachment,AT,-0.027345680647875112,0.4761957525168845,0.018709074130225357,0.6259909793562991,6.4801762114537445,7.416299559471366,2.4476826912692657,1.0245006494484978,681
atcherp,attachment,BE,-0.01322121193944738,0.7311174702339731,0.02268306383553193,0.5554471452466438,5.78023598820059,7.248230088495576,2.443529169848878,0.9744997399387095,678
atcherp,attachment,BG,-0.006021407386522013,0.8764633635705922,-0.018272780372624833,0.6370826585273773,4.560538116591928,7.2825112107623315,2.7616921303019812,1.2100535577088443,669
atcherp,attachment,CH,0.030692936507670517,0.42560949177576507,0.002585077567364575,0.9465118536543276,6.099112426035503,7.484467455621302,2.2888973465180165,0.865458053230922,676
atcherp,attachment,CY,-0.0490587218419313,0.2057305237742944,0.0004296667437835717,0.9911628852014858,5.200899550224888,7.4767616191904045,2.6324036049101474,1.0218262261669837,667
atcherp,attachment,DE,-0.05159353557160248,0.1802967874155902,-0.02204184109551521,0.5672564189217972,6.535502958579881,7.344674556213017,2.400045656662662,0.9723517336485971,676
atcherp,attachment,EE,0.029862059467084114,0.4406412848914605,0.00854993030694879,0.8252989952221997,5.744394618834081,7.531390134529148,2.6381844486995636,0.9380837960148551,669
atcherp,attachment,ES,0.06771704506677195,0.07917692424047222,0.08739150216633626,0.023374573519338266,6.679049034175335,7.381129271916791,2.2823972462208144,0.9274182849330659,673
atcherp,attachment,FI,-0.01279201032960033,0.7389679347908423,0.00912069705228443,0.812205942867482,6.907488986784141,7.38546255506608,1.921691888662712,0.9401705722079451,681
atcherp,attachment,FR,0.018213163370452423,0.6374270424944032,-0.0059128746815097916,0.8784020559541849,6.15625,7.238839285714286,2.476895847676775,0.971974111326637,672
atcherp,attachment,GB,0.028821087311344643,0.4621983116046105,0.006462312272692104,0.8690837856638435,4.712098009188361,6.816232771822358,2.74864005016095,1.3349639437116831,653
atcherp,attachment,GR,-0.017898231893586903,0.6435059459596456,-0.003349815779350745,0.9309807448405307,5.213114754098361,7.470938897168406,2.420843750210089,1.0969314788970184,671
atcherp,attachment,HR,0.026016428812066866,0.5007683477424207,-0.01092678994732109,0.7773793167718359,6.013392857142857,7.379166666666667,2.698699654935595,1.1247310215511719,672
atcherp,attachment,HU,-0.017468154778347494,0.6507702268390132,-0.020481185551266063,0.5955634748540843,7.253709198813056,7.173590504451038,2.3389002276482356,1.2432222853481885,674
atcherp,attachment,IE,0.0693625193240257,0.07150466875510215,0.030913204520777608,0.42229407241987216,5.92603550295858,7.27810650887574,2.3932936471943087,0.9942173369457493,676
atcherp,attachment,IL,0.05057319036699435,0.1964672492283616,0.03292733825544583,0.4005261774350003,2.4541284403669725,6.920489296636085,2.3700930943686536,1.3110237302091954,654
atcherp,attachment,IS,0.04581623647835037,0.2355810905928525,0.029303913825979803,0.4482158065336048,6.2976190476190474,7.337797619047619,2.188057338997875,1.0917792943334774,672
atcherp,attachment,IT,-0.029305755829725385,0.4485264414978992,-0.005503877981775501,0.8868384001689059,5.769001490312966,7.296572280178838,2.2820504105118227,1.0831009353636847,671
atcherp,attachment,LT,0.019213731120225386,0.6240704731301284,0.012893736648674973,0.7422560652951796,5.879019908116386,7.506125574272588,2.727794501355921,0.8774400663843013,653
atcherp,attachment,LV,0.04828625141550155,0.2136581982117767,0.015805307631494844,0.684125891705372,5.254135338345865,7.373684210526315,2.8161675893480664,1.1667387573221637,665
atcherp,attachment,ME,-0.03104629175553688,0.4216816164516404,-0.0370019654352115,0.3381924632998923,4.855654761904762,7.4367559523809526,2.4074519529926963,0.9099238663687568,672
atcherp,attachment,NL,-0.020654677195820936,0.591350288691911,0.021444863091987964,0.5772375107572283,5.808259587020649,7.429203539823009,2.155366270769513,1.018732790839055,678
atcherp,attachment,NO,-0.01189044191674437,0.7571109959983531,0.020783267230058272,0.5887673110030869,6.674521354933726,7.495581737849779,2.138655747485838,0.8396399224846409,679
atcherp,attachment,PL,-0.017255039353378677,0.6574106638978003,-0.017286522798256,0.6568255120994378,6.858220211161387,7.3815987933635,2.3573093563605205,0.9889537219545341,663
atcherp,attachment,PT,-0.03873403036851246,0.3160501543964815,-0.082836055274036,0.031789361913962505,6.748511904761905,7.332589285714286,2.1996133354504486,1.0808703057941902,672
atcherp,attachment,RS,0.036037781216092725,0.3556584492148423,0.06333695876790071,0.104276116497847,3.5417298937784523,7.175265553869499,3.0531269605049425,1.2352514901685554,659
atcherp,attachment,SE,0.014620079359416545,0.7037353594341459,0.01867935774811554,0.6270484651688146,6.618556701030927,7.4300441826215025,2.2248947426520083,0.9921722382013146,679
atcherp,attachment,SI,0.02138433474627045,0.5800055849281736,0.034681982701347765,0.3693689641080212,6.002976190476191,7.423809523809524,2.652781361747055,0.9629028451246275,672
atcherp,attachment,SK,0.07143935392056695,0.06340254149506391,0.06269244030091677,0.10340003643120903,5.976331360946745,7.284023668639053,2.8104622795639993,1.177233074642213,676
atcherp,attachment,UA,-0.017996411401538605,0.6508091252364165,-0.00048462586777019167,0.9902755228743713,5.634645669291339,7.05511811023622,3.148590840799908,1.6760847356959658,635
health,health,AT,-0.053420347653213164,0.16377420618971397,-0.12109033443892156,0.0015464546642697792,2.104258443465492,3.4447136563876657,0.932736053164804,0.6736434835183654,681
health,health,BE,-0.02984398475604893,0.4358221717881631,-0.033335439106234155,0.38403694576359154,2.090643274853801,3.510672514619883,0.8421371030772267,0.6618854680611771,684
health,health,BG,-0.09335484068530932,0.014661936239599162,-0.11808456431550807,0.0019933423919554147,2.052708638360176,3.3443631039531474,0.8816327902595009,0.5985390301404705,683
health,health,CH,-0.08121725309621404,0.03356253398644974,-0.11607464866835876,0.002344608428050679,1.8773722627737226,3.5086131386861314,0.7411261287413943,0.6673671566363955,685
health,health,CY,-0.13675397418557958,0.000331269315688614,-0.1692374956079312,8.450448201292182e-06,2.0423357664233577,3.3808759124087593,0.9806402780491646,0.6262525162519685,685
health,health,DE,-0.005923157914320129,0.877293060248339,-0.02454894929387274,0.5221599714344247,2.310850439882698,3.482551319648094,0.8839403395334051,0.6593363823246774,682
health,health,EE,-0.04504578800815722,0.23972309345112758,-0.0758062368359773,0.047662876708664495,2.3689604685212298,3.3900439238653,0.7931358397600021,0.5865142553040832,683
health,health,ES,-0.14696747844641264,0.0001144898593494615,-0.1611715190402511,2.283576926210923e-05,2.2865497076023393,3.4344298245614038,0.9572381707466128,0.6192160509565257,684
health,health,FI,-0.027396194755235786,0.47473126200421056,-0.04366404485059273,0.25446081835215784,2.2547584187408494,3.5366764275256224,0.8280918559585206,0.6451360486339627,683
health,health,FR,-0.05657261122927036,0.14056252634499566,-0.07629002318611262,0.04674104525448446,2.198529411764706,3.4277941176470588,0.8985330291289177,0.6302215651443588,680
health,health,GB,-0.09710164371007864,0.011056776285821916,-0.09174259010453244,0.016392619350097573,2.236842105263158,3.411184210526316,0.9677308736662305,0.605510252489903,684
health,health,GR,-0.14804001448292622,0.00010551947706538418,-0.13414783016282947,0.00044782856799821454,1.6666666666666667,3.397063142437592,0.8037900418470914,0.6620091147907201,681
health,health,HR,-0.13576866827732617,0.0003697022890352663,-0.18524790132051658,1.0701297867256518e-06,2.1271929824561404,3.3916666666666666,1.0699777713693281,0.669982299104042,684
health,health,HU,-0.12574856666123005,0.0009898044765058965,-0.12571828116447295,0.0009926232329832971,2.206442166910688,3.345827232796486,0.9564502848084963,0.5420453926050697,683
health,health,IE,-0.03648145296996566,0.3418142489814647,-0.05196883140456261,0.17554457344508906,1.9368575624082232,3.449339207048458,0.8386656726992285,0.6718742470782887,681
health,health,IL,-0.12883570515143974,0.0007723650874226291,-0.09686624965000439,0.011618384687495304,1.7374631268436578,3.6018436578171094,0.9853194464178481,0.563429039683642,678
health,health,IS,-0.015956905102054837,0.676978001051998,-0.031736853795637295,0.40726453203342555,2.0190058479532165,3.6206247985216162,0.9060985211225061,0.696239284552002,684
health,health,IT,-0.1839434712070809,1.2767924409814737e-06,-0.21603729111187686,1.147788193464072e-08,2.172514619883041,3.424277128005198,0.8587191889475662,0.6392498121005618,684
health,health,LT,-0.07997698835832823,0.03678666563799981,-0.0976588058012187,0.01071692378371656,2.3944281524926687,3.3315249266862175,0.8118965188898285,0.5784837821079246,682
health,health,LV,-0.0619556468713224,0.10752628283157482,-0.06716525146872156,0.08097867809838946,2.7884615384615383,3.350887573964497,0.8333333333333334,0.5888966047154329,676
health,health,ME,-0.04473510212208826,0.2429833843669202,-0.04871248029983579,0.20355507047909066,2.105417276720351,3.3457540263543195,0.8735356041539106,0.6695543739255653,683
health,health,NL,0.009455303897486422,0.8050308864833184,0.007236509031136782,0.8501589798171264,2.134502923976608,3.522953216374269,0.7356491650158448,0.7026822012777668,684
health,health,NO,-0.07938344321023408,0.037928595696361526,-0.07006209442593393,0.06706161361888816,2.013157894736842,3.650657894736842,0.894821263508633,0.615380233309556,684
health,health,PL,-0.08544493016242266,0.025438654269593408,-0.11699158197768854,0.0021791716215144277,2.2002923976608186,3.3990497076023387,0.8184905057092986,0.5635745078777394,684
health,health,PT,-0.17003502072017251,7.768753457241098e-06,-0.21924332266916727,6.8685507414599666e-09,2.4722222222222223,3.3671052631578955,0.8961216437099161,0.6060817542680133,684
health,health,RS,-0.05774153939343329,0.1319597309864634,-0.06507495124252423,0.08948443997443851,2.3885630498533725,3.3795454545454544,1.0253975925908572,0.5798401712676741,682
health,health,SE,-0.008160199372475913,0.8315474805281448,-0.010919892028097082,0.7759048206593315,2.0791788856304985,3.618475073313783,0.8462791846714383,0.5948842285180947,682
health,health,SI,-0.07739266897129325,0.04333744023620075,-0.08794018144092343,0.021629746879872253,2.1818181818181817,3.4054985337243404,0.8966035974422973,0.6736185412071527,682
health,health,SK,-0.05215900258197256,0.17333443980568847,-0.06819964990805921,0.07488673454892728,2.3938506588579793,3.33221083455344,0.8790942525902717,0.6032552963307177,683
health,health,UA,-0.05621625387115663,0.1430842212129231,-0.07662005638369905,0.04579614177711479,2.7588235294117647,3.341029411764706,0.8687395935092844,0.5419450045352787,680
rlgatnd,religion,AT,0.06309140698757176,0.10021056304411163,0.070213771507043,0.06727366118266455,5.411764705882353,2.9926470588235294,1.2938656004306714,0.9392153803173269,680
rlgatnd,religion,BE,-0.023459627984125243,0.5404971087858095,-0.01579376566280378,0.6803187806959049,6.168374816983895,3.007320644216691,1.3306872609967235,0.8380288602688888,683
rlgatnd,religion,BG,-0.007818961699413604,0.8386100510079861,-0.014496572395656132,0.7057076416500809,5.3039647577092515,2.866372980910426,1.2579624603688822,0.9477837471010437,681
rlgatnd,religion,CH,0.059077657811275504,0.1232347937948095,0.06942426689706181,0.07000404768563892,5.717008797653959,3.0131964809384164,1.322116566083751,0.9314864501751192,682
rlgatnd,religion,CY,0.06538771859070311,0.08771842908660436,0.05351856168682087,0.16238112782886202,4.320644216691069,3.0029282576866763,1.3874061309002539,0.894750201451772,683
rlgatnd,religion,DE,-0.015470468014962258,0.6860762469279196,-0.02096338562680442,0.5838824979872057,6.0510948905109485,2.964963503649635,1.2218835993892017,0.9105932165220707,685
rlgatnd,religion,EE,-0.029291720329640246,0.4443663263898773,-0.017888934008595783,0.6404727013152086,6.007309941520468,2.9780701754385963,1.085619733334903,0.8697545577206314,684
rlgatnd,religion,ES,0.02465100792678308,0.52043110069246,0.0074567003663353615,0.8458797711637116,5.847507331378299,2.961876832844575,1.516497995718466,0.9441129111071281,682
rlgatnd,religion,FI,-0.012661502270720916,0.7409852969174606,-0.004858757878050205,0.8990659780613846,5.847953216374269,3.002923976608187,1.1480374331996788,0.8758966558631477,684
rlgatnd,religion,FR,0.023979190776278334,0.5324698957340324,0.004714409881941073,0.9023357369331245,6.1647058823529415,2.95,1.2620861596922381,0.9051480973056092,680
rlgatnd,religion,GB,-0.08211162165144355,0.032029393953176964,-0.062289721143245415,0.10409893704558269,5.900293255131965,2.906158357771261,1.5391226696690687,1.0152971938894375,682
rlgatnd,religion,GR,0.015924840245610573,0.6784850454130905,0.005727690571423149,0.8814855137141138,4.538235294117647,3.098529411764706,1.1983087507320118,0.9213540408809554,680
rlgatnd,religion,HR,-0.04105197051520879,0.2843663064307993,-0.03302673315467444,0.38915532746731735,4.961876832844575,2.9589442815249267,1.4261089652252996,0.9548165555471829,682
rlgatnd,religion,HU,-0.025930271353143963,0.5009138798251609,-0.0038283598123497885,0.9208575963647051,5.563609467455621,2.8653846153846154,1.4423565043971969,0.9788504217438678,676
rlgatnd,religion,IE,0.07502842131047019,0.05016623011427725,0.07113967416196208,0.06334433673055162,4.8841642228739,2.994134897360704,1.6534789442565965,0.9769566304808988,682
rlgatnd,religion,IL,-0.029920934959561853,0.4353141267064976,-0.03131355005286587,0.4142384886935923,5.134897360703812,2.9926686217008798,1.9821484668197247,0.8746413933566377,682
rlgatnd,religion,IS,-0.024531275062867293,0.5221537888619219,-0.04124643265521299,0.28173544576636333,6.108345534407028,2.979502196193265,1.1639643241438242,0.8977922013873826,683
rlgatnd,religion,IT,0.010809939999449453,0.7784202201859537,0.03494788958458031,0.36285901749236715,4.695588235294117,2.947058823529412,1.619099353590773,0.9290707645217564,680
rlgatnd,religion,LT,-0.04150185530340993,0.27947128646672165,-0.005480468118239618,0.8864824903791917,5.12481644640235,2.9662261380323054,1.184700633602654,0.901161995927499,681
rlgatnd,religion,LV,-0.06692710795991791,0.08071324721857036,-0.04076708344094977,0.28772450002516536,5.790322580645161,2.900293255131965,1.2256534287909395,0.8996817363103884,682
rlgatnd,religion,ME,-0.005136571584819781,0.8941091510591984,-0.005503957048975057,0.8865848641315666,4.244807121661721,3.026706231454006,1.6796159368389938,0.9311509181880979,674
rlgatnd,religion,NL,0.030934210097407003,0.41923558077285494,0.0420943117429156,0.27160111424260086,6.165204678362573,3.026315789473684,1.4552031507234968,0.9115545229446455,684
rlgatnd,religion,NO,-0.006266021602379839,0.8703458816404562,0.01345884242806311,0.7258942394958569,6.07488986784141,3.0102790014684286,1.183949408162513,0.896831060710696,681
rlgatnd,religion,PL,0.040325162279985755,0.29656583318642643,0.05634310302345969,0.14455956684016782,4.380952380952381,2.9776785714285716,1.4843827795346862,0.9140933131000849,672
rlgatnd,religion,PT,0.0589408556160836,0.1238304930261809,0.07126721802027242,0.06267748650869592,5.265007320644217,2.884333821376281,1.6721952816772423,0.9362857703848284,683
rlgatnd,religion,RS,-0.06745768957352444,0.07877342998078588,-0.07230308825103013,0.05950657034751266,5.08235294117647,3.0558823529411763,1.1812154166457225,0.9080530488907337,680
rlgatnd,religion,SE,0.06129657669831013,0.10948501434876276,0.0447799536158168,0.24251080827632382,6.039531478770132,3.0439238653001466,1.1801962223607125,0.908321164183414,683
rlgatnd,religion,SI,0.0744412786063487,0.05182271064505578,0.06875977655774167,0.07252303096020406,5.427525622254758,2.9721815519765737,1.3928822615631018,0.9492020491130447,683
rlgatnd,religion,SK,0.09902013730376484,0.01010355999357442,0.08930174610798608,0.020409191168017482,4.713649851632048,2.9391691394658754,1.6756868239305578,0.8978312442310831,674
rlgatnd,religion,UA,0.00034623634582797393,0.9928360408781262,-0.009621778966336135,0.8029557852840746,4.952592592592593,3.008888888888889,1.4659756187542288,0.8314538647327527,675
aesfdrk,safety,AT,-0.07197545750097413,0.06048321273274264,-0.07373956405226552,0.054431098603517275,1.7738619676945668,2.8362701908957417,0.7408011789956982,0.4472039380234033,681
aesfdrk,safety,BE,0.03507442247778007,0.3600619847213124,0.06666765371956676,0.08167371151368046,1.9677891654465594,2.8667642752562226,0.753575408856066,0.3921434238645716,683
aesfdrk,safety,BG,-0.045374456251160225,0.2394315639937237,-0.039185869079262796,0.3097121708901028,2.4718100890207717,2.7002967359050447,0.8584553595244643,0.5605398860232078,674
aesfdrk,safety,CH,0.019564092513960556,0.6095048011827101,0.03528298739332267,0.35685781807029604,1.641812865497076,2.9853801169590644,0.6836772418903135,0.26469629871943734,684
aesfdrk,safety,CY,0.037349118320647384,0.33080518826622385,0.042734841373227875,0.26577435974911295,2.213235294117647,2.8544117647058824,0.8068930597950521,0.44521141360806993,680
aesfdrk,safety,DE,-0.007615455954936453,0.8422983984158887,-0.02029902819770567,0.5958618272891854,1.9138686131386862,2.889051094890511,0.7627265727752759,0.3891208474692701,685
aesfdrk,safety,EE,-0.042295841061264265,0.27001465513140166,-0.0495564736115714,0.1961515216708259,1.752199413489736,2.8826979472140764,0.6356072874862875,0.3727420239425837,682
aesfdrk,safety,ES,0.04068290521955679,0.2880133594107434,0.040484343894265216,0.29037474294713805,1.878654970760234,2.8216374269005846,0.7623347456218187,0.48133502436822506,684
aesfdrk,safety,FI,0.01351135264860706,0.7242852370959505,0.008044383970865657,0.8336625732503586,1.6388888888888888,2.9108187134502925,0.6261803560437706,0.34130046169675554,684
aesfdrk,safety,FR,0.0516372912162479,0.1796041788286921,0.041740861006989156,0.27812965308372795,1.9571639586410634,2.843426883308715,0.8615365339956037,0.447549623096933,677
aesfdrk,safety,GB,-0.046274964942806564,0.22918618068832147,-0.0647347168828058,0.09237508148199751,1.9881831610044314,2.8404726735598227,0.7843754019193533,0.4595647682853881,677
aesfdrk,safety,GR,0.005124141471261325,0.8935848830077086,0.021499955133810783,0.574570398207966,2.1973684210526314,2.758771929824561,0.8368833479954749,0.5345971354664921,684
aesfdrk,safety,HR,-0.0012633494748926946,0.9738062038837233,-0.006713399603219926,0.8614836769755745,1.6017699115044248,2.8510324483775813,0.6250292472993628,0.4138558060390407,678
aesfdrk,safety,HU,0.013777282793910705,0.7200747754239089,0.014229377789921173,0.7112935225019597,1.865979381443299,2.7142857142857144,0.6057786180507879,0.5301686554321153,679
aesfdrk,safety,IE,-0.007166849129257699,0.8524482020402009,-0.015313157619694881,0.691051454928535,1.9215976331360947,2.8742603550295858,0.8081480195884662,0.42567963989195023,676
aesfdrk,safety,IL,-0.005582527156255955,0.8842986511331867,-0.019330398770015945,0.6143056997196072,2.001466275659824,2.866568914956012,0.8696198417692281,0.41335590020757257,682
aesfdrk,safety,IS,0.07301226356982457,0.056498193997794266,0.06223745879540985,0.10413553169227023,1.439238653001464,2.966325036603221,0.6500940650406798,0.34297618361154764,683
aesfdrk,safety,IT,-0.03552946362502652,0.3563472537591401,-0.0360254886542601,0.3496683218668292,2.230769230769231,2.841715976331361,0.7831560082980487,0.44232317574782126,676
aesfdrk,safety,LT,-0.1363291930293094,0.00039011478499878434,-0.12770034374487102,0.0008992786838408548,2.1069836552748886,2.800891530460624,0.6729213771251261,0.4487407398595628,673
aesfdrk,safety,LV,-0.012381943425772255,0.7495803543804624,0.004365252120274199,0.910405107834661,2.110944527736132,2.7616191904047978,0.7728405009192716,0.5271850728278986,667
aesfdrk,safety,ME,0.02896034447612594,0.45457092912116337,0.034611447051280886,0.3714182352320768,1.9282511210762332,2.8460388639760836,0.6595181213679148,0.43968892615205063,669
aesfdrk,safety,NL,-0.0003628095451360723,0.9924597229976768,0.0009648563101167225,0.9799491831204721,1.8223201174743024,2.892070484581498,0.6614386439625711,0.3644439370601628,681
aesfdrk,safety,NO,0.01972723791973996,0.6062606649617212,0.01206500355304921,0.7526051555751434,1.418978102189781,2.9605839416058393,0.6102838049786345,0.2808085819259651,685
aesfdrk,safety,PL,0.042808552021099844,0.2670763724660813,0.03660663697505869,0.3426625309416726,1.7626112759643917,2.7670623145400595,0.6021479681636399,0.5032270060202424,674
aesfdrk,safety,PT,-0.05397900159008739,0.15940576160378292,-0.0665140122468597,0.08283286387208258,2.0176211453744495,2.813509544787078,0.6793038675684042,0.47172354844629394,681
aesfdrk,safety,RS,0.02805126680996484,0.46620550022157287,0.024727114857384887,0.5206851625842545,1.7031019202363369,2.7666174298375186,0.7431377244271222,0.5031344855246495,677
aesfdrk,safety,SE,-0.02948188576642985,0.4414135374230118,-0.030523946696793338,0.42543337650982016,1.6491228070175439,2.9502923976608186,0.7338195804809474,0.2659548435357012,684
aesfdrk,safety,SI,-0.07506137784492506,0.05108838545383456,-0.06079339922741324,0.1142984517621252,1.5857988165680474,2.8846153846153846,0.601262460271661,0.3711842908553348,676
aesfdrk,safety,SK,0.02970393413125036,0.4423827880252116,0.0005732749735731144,0.9881739980956641,2.187779433681073,2.721311475409836,0.6957652196180308,0.5138169223604253,671
aesfdrk,safety,UA,0.06101212751508643,0.12309361049737208,0.07156171571630003,0.07042536981080955,2.071875,2.653125,0.817161151436998,0.5636258512138124,640
hincfel,income,AT,0.022089446310735887,0.564695740507284,0.028473929592693306,0.4578529909871187,1.8533724340175952,2.7580645161290325,0.7364410622593854,0.5241322388110394,682
hincfel,income,BE,-0.014188501474387546,0.7114767702285181,0.0009562179197192617,0.9801140263900662,1.7653958944281525,2.812316715542522,0.8346949314850602,0.49959828148485247,682
hincfel,income,BG,-0.048739249635805476,0.20463974389130352,-0.06788368114510503,0.0771164239373377,2.536082474226804,2.743740795287187,0.8560611412473709,0.5557568099707507,679
hincfel,income,CH,-0.05762510633867937,0.1350450096847197,-0.0679454486901018,0.07794609858240946,1.57566765578635,2.8130563798219583,0.7156091862958369,0.48521238721781296,674
hincfel,income,CY,-0.10035367299727828,0.009886884034828574,-0.10126317095379377,0.009234159507158942,2.0954545454545452,2.768181818181818,0.880566071586041,0.5219489247941852,660
hincfel,income,DE,-0.0005685671349037907,0.9881837149814277,0.00557868028414005,0.8844623330883202,1.5741556534508077,2.765051395007342,0.660330954790112,0.5291616888465226,681
hincfel,income,EE,0.027136885327399683,0.4789241449379926,0.026326744225551018,0.4921526802209246,1.9282576866764276,2.831625183016105,0.6865748925356431,0.45248887487636635,683
hincfel,income,ES,0.005882332782761423,0.8780432563207806,-0.021463814440990117,0.5754943571835722,1.8506588579795022,2.724743777452416,0.8147892550095673,0.5885663158506765,683
hincfel,income,FI,0.00623247106750699,0.871034015974642,0.015747085762398243,0.6816547716565964,1.7988252569750367,2.834067547723935,0.6680074191706478,0.4476238456509003,681
hincfel,income,FR,-0.035228678024358195,0.35901367915396554,-0.04789548132599107,0.2122583974628399,1.714705882352941,2.7573529411764706,0.72677890151577,0.5219246630445193,680
hincfel,income,GB,0.02571978811508531,0.5066205408310188,0.010176578232930125,0.7927570629744837,1.8071748878923768,2.787742899850523,0.8406989896655791,0.5274777456195793,669
hincfel,income,GR,-0.11918472859538871,0.0018935305497606086,-0.11166681099648175,0.0036233413653622027,2.481536189069424,2.7267355982274744,0.7702101480343916,0.5787740635815314,677
hincfel,income,HR,-0.08164368078564874,0.0338082524964473,-0.10769972421644378,0.005060332169110081,1.834319526627219,2.698224852071006,0.7769301288783225,0.579192119117764,676
hincfel,income,HU,-0.10620057648320373,0.005711068615899433,-0.10941221910624911,0.004399389869105194,2.2189349112426036,2.6997041420118344,0.7008963923392775,0.5683503625059071,676
hincfel,income,IE,0.04155153032229179,0.2792502197114952,0.03747213400643559,0.32921382791134773,1.8455882352941178,2.776470588235294,0.8484472213066517,0.5234184810934449,680
hincfel,income,IL,-0.03810791338505966,0.33427320522201504,-0.028874482265077394,0.46448528524953864,1.9627329192546583,2.7717391304347827,0.8967763158080527,0.522355075146922,644
hincfel,income,IS,-0.019024710632295903,0.6201758032790299,-7.203899358426742e-05,0.9985027910000964,1.4904552129221733,2.891336270190896,0.7257733794779296,0.3947428127612412,681
hincfel,income,IT,0.010821472473407067,0.7815661161316885,0.0019865255238971547,0.9594057449568265,1.9028831562974204,2.7359635811836114,0.763714051186893,0.5703644426643798,659
hincfel,income,LT,-0.044009558493139915,0.2542293283409539,-0.04367550856267856,0.2578554833918693,1.988112927191679,2.7578008915304606,0.6964032846329201,0.5310613044709122,673
hincfel,income,LV,-0.05827808697707239,0.13269344851719062,-0.07415933169747126,0.05558075242965241,2.527736131934033,2.7586206896551726,0.7943464663781655,0.5200743926840176,667
hincfel,income,ME,0.023751567561603765,0.55022321587467,0.014436601949919069,0.716535368560759,2.5653543307086615,2.8031496062992125,1.0125691122384146,0.5029780410309266,635
hincfel,income,NL,-0.049134022355244715,0.2030016319925871,-0.050628108547059535,0.18958542681135349,1.3952451708766715,2.7949479940564634,0.6301747496523585,0.5025275744326541,673
hincfel,income,NO,-0.021285105608664825,0.5784005532777687,-0.014872513050532207,0.697811252854802,1.5116959064327486,2.8991228070175437,0.6637512993080653,0.3827148793729176,684
hincfel,income,PL,-0.024109015350768082,0.5302523935668398,-0.04745067838950169,0.21653961799850321,1.9352941176470588,2.7544117647058823,0.5550052623196111,0.5289648165813823,680
hincfel,income,PT,0.00553385811428617,0.8853842024014018,-0.0003799240139989172,0.9921040440224955,2.2980910425844345,2.68575624082232,0.8318013040060211,0.5723427545879979,681
hincfel,income,RS,-0.05059240230518666,0.18825502198811836,-0.03798259628812862,0.32337860946537594,1.9646017699115044,2.734513274336283,0.7639886417503852,0.5492204619060221,678
hincfel,income,SE,0.010501230102294777,0.7844351026918678,-0.0029509923209045,0.9387287757804569,1.3641703377386196,2.8928046989720997,0.6059578662318594,0.3661700485409415,681
hincfel,income,SI,-0.020228486478599116,0.5987568751286297,-0.027354884110020728,0.4766981158507166,1.5301914580265095,2.7908689248895433,0.7298230632850254,0.4708358652412909,679
hincfel,income,SK,-0.08703586394687642,0.023427031161703655,-0.12173874239200623,0.0014939483949641377,2.28023598820059,2.6976401179941,0.7958117491539157,0.5449055373108349,678
hincfel,income,UA,-0.08418240827026979,0.03008322033443258,-0.10192780348369052,0.008578871749721315,2.9292168674698793,2.691265060240964,0.9022121236689018,0.5860486306701891,664
